7;3417;0,142857142857142857142
7;3496;0,142857142857142857142
7;3667;0,142857142857142857142
7;119973;0,571428571428571428571
9;28;0,250000000000000000000
9;4146;0,250000000000000000000
9;8623;0,250000000000000000000
9;25849;0,250000000000000000000
17;163;0,250000000000000000000
17;1271;0,500000000000000000000
17;1696;0,250000000000000000000
22;190;0,333333333333333333333
22;2043;0,333333333333333333333
22;533247;0,333333333333333333333
32;19;0,500000000000000000000
32;1173;0,500000000000000000000
33;4501;1,000000000000000000000
39;527;0,028571428571428571428
39;612;0,057142857142857142857
39;689;0,085714285714285714285
39;955;0,028571428571428571428
39;956;0,028571428571428571428
39;964;0,142857142857142857142
39;1046;0,028571428571428571428
39;1278;0,028571428571428571428
39;1589;0,057142857142857142857
39;1600;0,057142857142857142857
39;1754;0,028571428571428571428
39;1949;0,085714285714285714285
39;2639;0,028571428571428571428
39;3877;0,114285714285714285714
39;5918;0,028571428571428571428
39;8156;0,028571428571428571428
39;8985;0,028571428571428571428
39;9668;0,028571428571428571428
39;9721;0,028571428571428571428
39;9762;0,028571428571428571428
39;389498;0,028571428571428571428
43;228;1,000000000000000000000
46;1445;0,333333333333333333333
46;1632;0,333333333333333333333
46;1697;0,333333333333333333333
48;46;0,052631578947368421052
48;1910;0,052631578947368421052
48;2367;0,052631578947368421052
48;2578;0,052631578947368421052
48;3182;0,052631578947368421052
48;3323;0,052631578947368421052
48;3728;0,157894736842105263157
48;4831;0,157894736842105263157
48;5464;0,052631578947368421052
48;7126;0,052631578947368421052
48;9261;0,052631578947368421052
48;11902;0,052631578947368421052
48;15207;0,052631578947368421052
48;19199;0,105263157894736842105
54;119;0,026666666666666666666
54;208;0,013333333333333333333
54;256;0,026666666666666666666
54;435;0,040000000000000000000
54;658;0,013333333333333333333
54;995;0,026666666666666666666
54;1116;0,040000000000000000000
54;1225;0,053333333333333333333
54;1234;0,013333333333333333333
54;1254;0,026666666666666666666
54;1663;0,040000000000000000000
54;1841;0,013333333333333333333
54;1867;0,013333333333333333333
54;1891;0,053333333333333333333
54;2021;0,053333333333333333333
54;2206;0,013333333333333333333
54;2792;0,066666666666666666666
54;4020;0,053333333333333333333
54;4150;0,026666666666666666666
54;5149;0,146666666666666666666
54;5789;0,026666666666666666666
54;5790;0,026666666666666666666
54;7111;0,066666666666666666666
54;9226;0,013333333333333333333
54;12247;0,013333333333333333333
54;13720;0,026666666666666666666
54;28602;0,013333333333333333333
54;54440;0,026666666666666666666
54;349041;0,013333333333333333333
54;415767;0,013333333333333333333
57;835;0,058823529411764705882
57;1231;0,058823529411764705882
57;1948;0,529411764705882352941
57;2487;0,117647058823529411764
57;7686;0,117647058823529411764
57;140271;0,117647058823529411764
65;127;0,012820512820512820512
65;475;0,012820512820512820512
65;498;0,012820512820512820512
65;524;0,012820512820512820512
65;878;0,012820512820512820512
65;1122;0,025641025641025641025
65;1150;0,025641025641025641025
65;1277;0,012820512820512820512
65;1286;0,038461538461538461538
65;1696;0,025641025641025641025
65;1754;0,051282051282051282051
65;2052;0,025641025641025641025
65;2064;0,076923076923076923076
65;2071;0,025641025641025641025
65;2147;0,012820512820512820512
65;4274;0,128205128205128205128
65;5367;0,012820512820512820512
65;5440;0,064102564102564102564
65;5643;0,064102564102564102564
65;6189;0,012820512820512820512
65;6213;0,025641025641025641025
65;6962;0,012820512820512820512
65;8460;0,012820512820512820512
65;9395;0,141025641025641025641
65;12798;0,012820512820512820512
65;333184;0,076923076923076923076
65;499117;0,012820512820512820512
65;533247;0,025641025641025641025
65;747808;0,012820512820512820512
71;100;0,019417475728155339805
71;131;0,029126213592233009708
71;194;0,165048543689320388349
71;360;0,019417475728155339805
71;529;0,009708737864077669902
71;628;0,048543689320388349514
71;644;0,009708737864077669902
71;645;0,009708737864077669902
71;695;0,145631067961165048543
71;845;0,029126213592233009708
71;854;0,009708737864077669902
71;982;0,009708737864077669902
71;995;0,009708737864077669902
71;1169;0,009708737864077669902
71;1234;0,009708737864077669902
71;1276;0,029126213592233009708
71;1489;0,009708737864077669902
71;1657;0,009708737864077669902
71;1724;0,009708737864077669902
71;1754;0,009708737864077669902
71;1840;0,009708737864077669902
71;1940;0,009708737864077669902
71;2731;0,038834951456310679611
71;3098;0,019417475728155339805
71;3158;0,009708737864077669902
71;3523;0,029126213592233009708
71;3607;0,009708737864077669902
71;3940;0,009708737864077669902
71;4020;0,009708737864077669902
71;4024;0,038834951456310679611
71;4159;0,019417475728155339805
71;4501;0,009708737864077669902
71;4512;0,009708737864077669902
71;5440;0,029126213592233009708
71;6962;0,009708737864077669902
71;12001;0,009708737864077669902
71;59745;0,009708737864077669902
71;59841;0,009708737864077669902
71;192866;0,029126213592233009708
71;366089;0,067961165048543689320
71;940328;0,009708737864077669902
72;12;0,011363636363636363636
72;135;0,011363636363636363636
72;194;0,011363636363636363636
72;296;0,022727272727272727272
72;360;0,045454545454545454545
72;428;0,022727272727272727272
72;517;0,068181818181818181818
72;829;0,022727272727272727272
72;839;0,045454545454545454545
72;849;0,011363636363636363636
72;855;0,022727272727272727272
72;859;0,022727272727272727272
72;860;0,022727272727272727272
72;870;0,011363636363636363636
72;1117;0,011363636363636363636
72;1316;0,011363636363636363636
72;1569;0,011363636363636363636
72;1946;0,034090909090909090909
72;2450;0,011363636363636363636
72;2500;0,011363636363636363636
72;2972;0,056818181818181818181
72;3235;0,045454545454545454545
72;3294;0,022727272727272727272
72;3318;0,022727272727272727272
72;3395;0,079545454545454545454
72;4020;0,011363636363636363636
72;4583;0,022727272727272727272
72;5395;0,022727272727272727272
72;5691;0,022727272727272727272
72;6511;0,022727272727272727272
72;8999;0,022727272727272727272
72;10306;0,011363636363636363636
72;12817;0,011363636363636363636
72;20648;0,022727272727272727272
72;20843;0,011363636363636363636
72;26479;0,045454545454545454545
72;59745;0,011363636363636363636
72;219164;0,011363636363636363636
72;431565;0,011363636363636363636
72;474028;0,068181818181818181818
73;550;0,200000000000000000000
73;1348;0,400000000000000000000
73;3105;0,200000000000000000000
73;15895;0,200000000000000000000
74;689;0,204545454545454545454
74;885;0,022727272727272727272
74;1162;0,045454545454545454545
74;1949;0,022727272727272727272
74;2591;0,068181818181818181818
74;3096;0,045454545454545454545
74;3763;0,022727272727272727272
74;3891;0,045454545454545454545
74;4179;0,045454545454545454545
74;5016;0,022727272727272727272
74;5616;0,022727272727272727272
74;6440;0,045454545454545454545
74;6602;0,022727272727272727272
74;16527;0,068181818181818181818
74;17634;0,204545454545454545454
74;385198;0,022727272727272727272
74;386794;0,068181818181818181818
77;521;0,038461538461538461538
77;528;0,115384615384615384615
77;529;0,038461538461538461538
77;642;0,038461538461538461538
77;1122;0,038461538461538461538
77;1150;0,038461538461538461538
77;1263;0,115384615384615384615
77;2054;0,115384615384615384615
77;2147;0,038461538461538461538
77;2492;0,038461538461538461538
77;2578;0,038461538461538461538
77;2786;0,038461538461538461538
77;3085;0,038461538461538461538
77;6320;0,115384615384615384615
77;8623;0,038461538461538461538
77;9110;0,038461538461538461538
77;41776;0,038461538461538461538
77;286660;0,038461538461538461538
80;502;0,055555555555555555555
80;531;0,370370370370370370370
80;668;0,092592592592592592592
80;876;0,166666666666666666666
80;1131;0,037037037037037037037
80;1248;0,037037037037037037037
80;3443;0,037037037037037037037
80;3515;0,037037037037037037037
80;3625;0,037037037037037037037
80;4145;0,037037037037037037037
80;65998;0,018518518518518518518
80;66075;0,018518518518518518518
80;321395;0,055555555555555555555
83;418;0,111111111111111111111
83;689;0,111111111111111111111
83;1504;0,277777777777777777777
83;1862;0,111111111111111111111
83;5239;0,111111111111111111111
83;6635;0,222222222222222222222
83;119973;0,055555555555555555555
90;1475;0,111111111111111111111
90;9382;0,111111111111111111111
90;57838;0,444444444444444444444
90;151009;0,333333333333333333333
96;37;0,008130081300813008130
96;54;0,008130081300813008130
96;85;0,002710027100271002710
96;122;0,021680216802168021680
96;168;0,002710027100271002710
96;237;0,062330623306233062330
96;247;0,010840108401084010840
96;248;0,005420054200542005420
96;249;0,070460704607046070460
96;250;0,008130081300813008130
96;251;0,018970189701897018970
96;261;0,024390243902439024390
96;472;0,002710027100271002710
96;615;0,046070460704607046070
96;688;0,008130081300813008130
96;749;0,005420054200542005420
96;845;0,005420054200542005420
96;860;0,010840108401084010840
96;980;0,010840108401084010840
96;1104;0,008130081300813008130
96;1122;0,005420054200542005420
96;1141;0,008130081300813008130
96;1142;0,002710027100271002710
96;1154;0,016260162601626016260
96;1156;0,018970189701897018970
96;1160;0,008130081300813008130
96;1234;0,002710027100271002710
96;1364;0,002710027100271002710
96;1657;0,010840108401084010840
96;1695;0,008130081300813008130
96;1873;0,002710027100271002710
96;1988;0,040650406504065040650
96;2133;0,002710027100271002710
96;2139;0,013550135501355013550
96;2145;0,032520325203252032520
96;2293;0,018970189701897018970
96;2375;0,005420054200542005420
96;2464;0,008130081300813008130
96;2510;0,027100271002710027100
96;2515;0,005420054200542005420
96;3045;0,037940379403794037940
96;3096;0,013550135501355013550
96;3158;0,008130081300813008130
96;3174;0,008130081300813008130
96;3219;0,073170731707317073170
96;3753;0,027100271002710027100
96;3857;0,027100271002710027100
96;3867;0,005420054200542005420
96;3876;0,010840108401084010840
96;3905;0,010840108401084010840
96;4080;0,010840108401084010840
96;4713;0,002710027100271002710
96;4794;0,005420054200542005420
96;4825;0,013550135501355013550
96;5042;0,021680216802168021680
96;5628;0,010840108401084010840
96;6889;0,005420054200542005420
96;7130;0,008130081300813008130
96;8687;0,008130081300813008130
96;9805;0,002710027100271002710
96;14013;0,002710027100271002710
96;16880;0,008130081300813008130
96;17720;0,002710027100271002710
96;18641;0,008130081300813008130
96;24460;0,002710027100271002710
96;31343;0,005420054200542005420
96;41776;0,013550135501355013550
96;67275;0,002710027100271002710
96;83103;0,008130081300813008130
96;98841;0,002710027100271002710
96;137801;0,002710027100271002710
96;245879;0,021680216802168021680
96;276695;0,002710027100271002710
96;283638;0,010840108401084010840
96;352364;0,008130081300813008130
96;398787;0,002710027100271002710
100;71;0,272727272727272727272
100;194;0,545454545454545454545
100;4512;0,181818181818181818181
101;279;0,166666666666666666666
101;1940;0,166666666666666666666
101;4080;0,166666666666666666666
101;4592;0,333333333333333333333
101;6008;0,166666666666666666666
102;668;1,000000000000000000000
104;163;0,218181818181818181818
104;172;0,072727272727272727272
104;1476;0,036363636363636363636
104;1498;0,600000000000000000000
104;4472;0,018181818181818181818
104;9090;0,018181818181818181818
104;9441;0,018181818181818181818
104;122436;0,018181818181818181818
108;349;0,142857142857142857142
108;538;0,071428571428571428571
108;1340;0,500000000000000000000
108;7975;0,071428571428571428571
108;440509;0,214285714285714285714
115;23;0,006802721088435374149
115;392;0,006802721088435374149
115;475;0,006802721088435374149
115;490;0,074829931972789115646
115;689;0,013605442176870748299
115;1162;0,013605442176870748299
115;1727;0,006802721088435374149
115;1855;0,013605442176870748299
115;1864;0,027210884353741496598
115;1949;0,068027210884353741496
115;2199;0,013605442176870748299
115;2822;0,006802721088435374149
115;3481;0,054421768707482993197
115;4269;0,013605442176870748299
115;4933;0,006802721088435374149
115;6406;0,006802721088435374149
115;6468;0,129251700680272108843
115;8818;0,047619047619047619047
115;59745;0,020408163265306122448
115;335189;0,129251700680272108843
115;343358;0,163265306122448979591
115;383630;0,163265306122448979591
115;484680;0,006802721088435374149
119;54;0,017857142857142857142
119;73;0,008928571428571428571
119;109;0,008928571428571428571
119;256;0,017857142857142857142
119;322;0,008928571428571428571
119;485;0,026785714285714285714
119;596;0,089285714285714285714
119;658;0,017857142857142857142
119;914;0,008928571428571428571
119;1065;0,008928571428571428571
119;1068;0,008928571428571428571
119;1222;0,008928571428571428571
119;1254;0,017857142857142857142
119;1348;0,071428571428571428571
119;1374;0,008928571428571428571
119;1508;0,008928571428571428571
119;1754;0,008928571428571428571
119;1824;0,008928571428571428571
119;1867;0,008928571428571428571
119;2021;0,044642857142857142857
119;2181;0,008928571428571428571
119;2182;0,017857142857142857142
119;2184;0,008928571428571428571
119;2310;0,008928571428571428571
119;2726;0,008928571428571428571
119;2792;0,008928571428571428571
119;3104;0,017857142857142857142
119;3105;0,008928571428571428571
119;3135;0,008928571428571428571
119;3230;0,008928571428571428571
119;3301;0,017857142857142857142
119;3372;0,035714285714285714285
119;3433;0,026785714285714285714
119;3471;0,017857142857142857142
119;3694;0,026785714285714285714
119;4150;0,008928571428571428571
119;4744;0,017857142857142857142
119;5149;0,008928571428571428571
119;5212;0,008928571428571428571
119;5789;0,008928571428571428571
119;5790;0,017857142857142857142
119;6472;0,017857142857142857142
119;6581;0,017857142857142857142
119;7111;0,035714285714285714285
119;7716;0,008928571428571428571
119;7983;0,008928571428571428571
119;8081;0,008928571428571428571
119;8671;0,008928571428571428571
119;9226;0,008928571428571428571
119;9506;0,026785714285714285714
119;9618;0,008928571428571428571
119;12247;0,008928571428571428571
119;12466;0,017857142857142857142
119;12572;0,008928571428571428571
119;13476;0,008928571428571428571
119;13721;0,008928571428571428571
119;15895;0,008928571428571428571
119;18641;0,017857142857142857142
119;20853;0,008928571428571428571
119;24947;0,017857142857142857142
119;28344;0,008928571428571428571
119;28346;0,008928571428571428571
119;372528;0,008928571428571428571
120;2140;1,000000000000000000000
127;1286;0,058823529411764705882
127;2223;0,058823529411764705882
127;2825;0,058823529411764705882
127;2826;0,029411764705882352941
127;3158;0,029411764705882352941
127;3748;0,470588235294117647058
127;4580;0,029411764705882352941
127;6316;0,088235294117647058823
127;7874;0,176470588235294117647
132;119;0,043478260869565217391
132;550;0,260869565217391304347
132;596;0,173913043478260869565
132;658;0,173913043478260869565
132;689;0,086956521739130434782
132;1487;0,086956521739130434782
132;3230;0,173913043478260869565
135;13;0,039215686274509803921
135;72;0,013071895424836601307
135;111;0,006535947712418300653
135;122;0,006535947712418300653
135;183;0,104575163398692810457
135;190;0,006535947712418300653
135;194;0,013071895424836601307
135;237;0,006535947712418300653
135;254;0,006535947712418300653
135;285;0,006535947712418300653
135;520;0,006535947712418300653
135;525;0,006535947712418300653
135;527;0,039215686274509803921
135;528;0,006535947712418300653
135;706;0,006535947712418300653
135;749;0,006535947712418300653
135;772;0,006535947712418300653
135;956;0,006535947712418300653
135;980;0,078431372549019607843
135;1117;0,006535947712418300653
135;1234;0,019607843137254901960
135;1278;0,078431372549019607843
135;1391;0,006535947712418300653
135;1815;0,006535947712418300653
135;1897;0,006535947712418300653
135;1931;0,052287581699346405228
135;1939;0,019607843137254901960
135;2052;0,026143790849673202614
135;2111;0,065359477124183006535
135;2188;0,013071895424836601307
135;2445;0,032679738562091503267
135;2484;0,026143790849673202614
135;2661;0,006535947712418300653
135;2684;0,039215686274509803921
135;2713;0,006535947712418300653
135;2740;0,013071895424836601307
135;2850;0,026143790849673202614
135;3235;0,013071895424836601307
135;3557;0,006535947712418300653
135;4020;0,045751633986928104575
135;4512;0,006535947712418300653
135;5493;0,013071895424836601307
135;5679;0,065359477124183006535
135;6567;0,006535947712418300653
135;8539;0,006535947712418300653
135;76428;0,006535947712418300653
135;398786;0,006535947712418300653
138;475;0,181818181818181818181
138;891;0,045454545454545454545
138;1727;0,045454545454545454545
138;1892;0,045454545454545454545
138;2130;0,045454545454545454545
138;2543;0,045454545454545454545
138;3325;0,045454545454545454545
138;3523;0,045454545454545454545
138;4205;0,045454545454545454545
138;4206;0,181818181818181818181
138;4837;0,090909090909090909090
138;7968;0,045454545454545454545
138;434991;0,045454545454545454545
138;604246;0,090909090909090909090
148;37;0,011834319526627218934
148;38;0,017751479289940828402
148;189;0,011834319526627218934
148;246;0,011834319526627218934
148;290;0,011834319526627218934
148;296;0,035502958579881656804
148;454;0,011834319526627218934
148;494;0,005917159763313609467
148;523;0,011834319526627218934
148;545;0,011834319526627218934
148;608;0,011834319526627218934
148;609;0,011834319526627218934
148;688;0,011834319526627218934
148;891;0,017751479289940828402
148;1010;0,011834319526627218934
148;1082;0,011834319526627218934
148;1171;0,011834319526627218934
148;1293;0,011834319526627218934
148;1432;0,011834319526627218934
148;1497;0,011834319526627218934
148;1581;0,011834319526627218934
148;1696;0,011834319526627218934
148;1724;0,011834319526627218934
148;1824;0,011834319526627218934
148;1854;0,011834319526627218934
148;1892;0,011834319526627218934
148;2337;0,011834319526627218934
148;2343;0,011834319526627218934
148;2371;0,005917159763313609467
148;2433;0,005917159763313609467
148;2484;0,011834319526627218934
148;2576;0,011834319526627218934
148;2598;0,005917159763313609467
148;2678;0,011834319526627218934
148;3087;0,011834319526627218934
148;3189;0,011834319526627218934
148;3212;0,011834319526627218934
148;3551;0,011834319526627218934
148;3685;0,011834319526627218934
148;3705;0,011834319526627218934
148;3844;0,011834319526627218934
148;3978;0,011834319526627218934
148;4091;0,011834319526627218934
148;4372;0,011834319526627218934
148;4374;0,011834319526627218934
148;4421;0,011834319526627218934
148;4657;0,011834319526627218934
148;4794;0,011834319526627218934
148;4877;0,011834319526627218934
148;5338;0,011834319526627218934
148;5481;0,011834319526627218934
148;5635;0,011834319526627218934
148;5638;0,011834319526627218934
148;5800;0,011834319526627218934
148;5915;0,011834319526627218934
148;6461;0,005917159763313609467
148;6701;0,011834319526627218934
148;7215;0,011834319526627218934
148;7648;0,011834319526627218934
148;7748;0,011834319526627218934
148;7968;0,011834319526627218934
148;8268;0,011834319526627218934
148;8306;0,005917159763313609467
148;9376;0,011834319526627218934
148;11695;0,005917159763313609467
148;11734;0,011834319526627218934
148;12385;0,011834319526627218934
148;13452;0,011834319526627218934
148;13642;0,005917159763313609467
148;13899;0,011834319526627218934
148;14050;0,011834319526627218934
148;17762;0,011834319526627218934
148;18622;0,011834319526627218934
148;21511;0,011834319526627218934
148;21513;0,011834319526627218934
148;21515;0,011834319526627218934
148;21541;0,011834319526627218934
148;21542;0,011834319526627218934
148;22575;0,011834319526627218934
148;23251;0,011834319526627218934
148;23562;0,011834319526627218934
148;28631;0,011834319526627218934
148;28635;0,011834319526627218934
148;113392;0,005917159763313609467
148;393418;0,023668639053254437869
149;1692;0,285714285714285714285
149;1694;0,285714285714285714285
149;2196;0,285714285714285714285
149;752863;0,142857142857142857142
151;5264;0,111111111111111111111
151;7586;0,111111111111111111111
151;9416;0,111111111111111111111
151;327859;0,666666666666666666666
155;498;1,000000000000000000000
162;3877;0,333333333333333333333
162;4578;0,166666666666666666666
162;5603;0,166666666666666666666
162;9721;0,333333333333333333333
163;17;0,014563106796116504854
163;69;0,014563106796116504854
163;104;0,053398058252427184466
163;172;0,038834951456310679611
163;453;0,004854368932038834951
163;768;0,024271844660194174757
163;772;0,019417475728155339805
163;777;0,014563106796116504854
163;822;0,024271844660194174757
163;839;0,009708737864077669902
163;937;0,029126213592233009708
163;1054;0,009708737864077669902
163;1076;0,004854368932038834951
163;1100;0,004854368932038834951
163;1476;0,004854368932038834951
163;1482;0,004854368932038834951
163;1483;0,014563106796116504854
163;1498;0,004854368932038834951
163;1598;0,019417475728155339805
163;1613;0,024271844660194174757
163;1717;0,004854368932038834951
163;1915;0,014563106796116504854
163;1991;0,019417475728155339805
163;2105;0,014563106796116504854
163;2239;0,004854368932038834951
163;2427;0,014563106796116504854
163;2609;0,014563106796116504854
163;3152;0,014563106796116504854
163;3293;0,014563106796116504854
163;3306;0,009708737864077669902
163;3985;0,019417475728155339805
163;4009;0,004854368932038834951
163;4283;0,033980582524271844660
163;4299;0,009708737864077669902
163;4361;0,014563106796116504854
163;4424;0,019417475728155339805
163;4429;0,019417475728155339805
163;4430;0,019417475728155339805
163;4431;0,014563106796116504854
163;4432;0,024271844660194174757
163;4437;0,004854368932038834951
163;4438;0,019417475728155339805
163;4439;0,004854368932038834951
163;4442;0,004854368932038834951
163;4448;0,014563106796116504854
163;4452;0,014563106796116504854
163;4454;0,019417475728155339805
163;4462;0,004854368932038834951
163;4463;0,004854368932038834951
163;4464;0,014563106796116504854
163;4466;0,014563106796116504854
163;4470;0,009708737864077669902
163;4471;0,033980582524271844660
163;4772;0,019417475728155339805
163;6520;0,009708737864077669902
163;8611;0,014563106796116504854
163;8754;0,004854368932038834951
163;8928;0,004854368932038834951
163;10507;0,014563106796116504854
163;17584;0,004854368932038834951
163;26267;0,004854368932038834951
163;28381;0,009708737864077669902
163;28567;0,014563106796116504854
163;28970;0,014563106796116504854
163;122436;0,004854368932038834951
163;308968;0,014563106796116504854
163;356607;0,004854368932038834951
163;475686;0,014563106796116504854
163;497739;0,004854368932038834951
163;606675;0,004854368932038834951
163;606676;0,004854368932038834951
163;606743;0,009708737864077669902
163;608948;0,004854368932038834951
163;728154;0,004854368932038834951
166;845;0,055555555555555555555
166;1055;0,111111111111111111111
166;1453;0,111111111111111111111
166;3773;0,111111111111111111111
166;3774;0,055555555555555555555
166;5679;0,555555555555555555555
172;104;0,045454545454545454545
172;163;0,106060606060606060606
172;768;0,015151515151515151515
172;822;0,015151515151515151515
172;839;0,015151515151515151515
172;1476;0,015151515151515151515
172;1498;0,363636363636363636363
172;1717;0,075757575757575757575
172;1939;0,030303030303030303030
172;1991;0,106060606060606060606
172;2239;0,015151515151515151515
172;2543;0,015151515151515151515
172;2578;0,015151515151515151515
172;3675;0,015151515151515151515
172;4424;0,015151515151515151515
172;4442;0,015151515151515151515
172;4471;0,015151515151515151515
172;4472;0,015151515151515151515
172;7713;0,015151515151515151515
172;59745;0,060606060606060606060
172;356607;0,015151515151515151515
174;46;0,002610966057441253263
174;149;0,005221932114882506527
174;220;0,010443864229765013054
174;232;0,010443864229765013054
174;289;0,007832898172323759791
174;313;0,007832898172323759791
174;380;0,005221932114882506527
174;433;0,005221932114882506527
174;437;0,018276762402088772845
174;492;0,007832898172323759791
174;577;0,007832898172323759791
174;712;0,005221932114882506527
174;752;0,005221932114882506527
174;812;0,007832898172323759791
174;870;0,002610966057441253263
174;934;0,002610966057441253263
174;1014;0,007832898172323759791
174;1036;0,005221932114882506527
174;1064;0,015665796344647519582
174;1167;0,005221932114882506527
174;1173;0,015665796344647519582
174;1186;0,005221932114882506527
174;1187;0,005221932114882506527
174;1282;0,005221932114882506527
174;1321;0,007832898172323759791
174;1402;0,002610966057441253263
174;1424;0,005221932114882506527
174;1445;0,005221932114882506527
174;1453;0,005221932114882506527
174;1454;0,002610966057441253263
174;1455;0,007832898172323759791
174;1560;0,005221932114882506527
174;1561;0,005221932114882506527
174;1562;0,005221932114882506527
174;1563;0,007832898172323759791
174;1564;0,007832898172323759791
174;1565;0,005221932114882506527
174;1566;0,007832898172323759791
174;1567;0,007832898172323759791
174;1608;0,010443864229765013054
174;1609;0,005221932114882506527
174;1610;0,005221932114882506527
174;1629;0,005221932114882506527
174;1632;0,007832898172323759791
174;1681;0,002610966057441253263
174;1685;0,002610966057441253263
174;1686;0,005221932114882506527
174;1687;0,002610966057441253263
174;1688;0,002610966057441253263
174;1689;0,010443864229765013054
174;1690;0,002610966057441253263
174;1691;0,007832898172323759791
174;1692;0,007832898172323759791
174;1693;0,005221932114882506527
174;1694;0,010443864229765013054
174;1696;0,002610966057441253263
174;1697;0,007832898172323759791
174;1698;0,007832898172323759791
174;1699;0,007832898172323759791
174;1700;0,007832898172323759791
174;1702;0,007832898172323759791
174;1703;0,007832898172323759791
174;1705;0,007832898172323759791
174;1706;0,007832898172323759791
174;1707;0,002610966057441253263
174;1708;0,007832898172323759791
174;1709;0,007832898172323759791
174;1763;0,007832898172323759791
174;1766;0,005221932114882506527
174;1769;0,007832898172323759791
174;1883;0,005221932114882506527
174;1887;0,005221932114882506527
174;1906;0,010443864229765013054
174;1910;0,005221932114882506527
174;2008;0,007832898172323759791
174;2196;0,005221932114882506527
174;2254;0,005221932114882506527
174;2470;0,007832898172323759791
174;2506;0,005221932114882506527
174;2607;0,005221932114882506527
174;2799;0,005221932114882506527
174;2825;0,007832898172323759791
174;2826;0,010443864229765013054
174;2828;0,005221932114882506527
174;2890;0,005221932114882506527
174;2968;0,005221932114882506527
174;2976;0,005221932114882506527
174;3049;0,005221932114882506527
174;3323;0,005221932114882506527
174;3359;0,002610966057441253263
174;3364;0,005221932114882506527
174;3418;0,005221932114882506527
174;3427;0,013054830287206266318
174;3647;0,005221932114882506527
174;3648;0,005221932114882506527
174;3768;0,005221932114882506527
174;3823;0,002610966057441253263
174;3971;0,005221932114882506527
174;4245;0,005221932114882506527
174;4386;0,005221932114882506527
174;4518;0,005221932114882506527
174;4526;0,005221932114882506527
174;4697;0,007832898172323759791
174;5478;0,005221932114882506527
174;5601;0,002610966057441253263
174;6072;0,005221932114882506527
174;6144;0,007832898172323759791
174;6634;0,005221932114882506527
174;6940;0,005221932114882506527
174;7146;0,002610966057441253263
174;7168;0,005221932114882506527
174;7874;0,007832898172323759791
174;7994;0,010443864229765013054
174;8044;0,005221932114882506527
174;8213;0,002610966057441253263
174;8580;0,005221932114882506527
174;8590;0,005221932114882506527
174;8899;0,005221932114882506527
174;8902;0,005221932114882506527
174;8957;0,005221932114882506527
174;9261;0,005221932114882506527
174;9694;0,005221932114882506527
174;9951;0,005221932114882506527
174;9955;0,005221932114882506527
174;10093;0,005221932114882506527
174;10176;0,005221932114882506527
174;10177;0,005221932114882506527
174;10178;0,005221932114882506527
174;10179;0,005221932114882506527
174;11476;0,005221932114882506527
174;12372;0,005221932114882506527
174;13195;0,005221932114882506527
174;13291;0,005221932114882506527
174;13360;0,005221932114882506527
174;14653;0,005221932114882506527
174;18517;0,005221932114882506527
174;18525;0,005221932114882506527
174;18641;0,002610966057441253263
174;19176;0,005221932114882506527
174;19177;0,005221932114882506527
174;20915;0,005221932114882506527
174;21396;0,005221932114882506527
174;21502;0,010443864229765013054
174;21750;0,005221932114882506527
174;23562;0,002610966057441253263
174;24536;0,005221932114882506527
174;24810;0,005221932114882506527
174;25861;0,005221932114882506527
174;27708;0,005221932114882506527
174;27715;0,005221932114882506527
174;28457;0,005221932114882506527
174;28463;0,005221932114882506527
174;28467;0,005221932114882506527
174;28777;0,007832898172323759791
174;114536;0,007832898172323759791
174;156500;0,005221932114882506527
174;257158;0,005221932114882506527
174;284855;0,005221932114882506527
174;284856;0,005221932114882506527
174;324897;0,005221932114882506527
174;383629;0,005221932114882506527
174;409930;0,005221932114882506527
174;529797;0,007832898172323759791
174;747847;0,007832898172323759791
174;752863;0,005221932114882506527
174;931417;0,002610966057441253263
179;37;0,375000000000000000000
179;38;0,125000000000000000000
179;211;0,125000000000000000000
179;1877;0,125000000000000000000
179;7215;0,125000000000000000000
179;12755;0,125000000000000000000
180;863;0,666666666666666666666
180;1243;0,333333333333333333333
181;2435;0,333333333333333333333
181;2847;0,333333333333333333333
181;3122;0,333333333333333333333
183;135;0,024096385542168674698
183;178;0,006024096385542168674
183;194;0,006024096385542168674
183;261;0,006024096385542168674
183;362;0,006024096385542168674
183;387;0,006024096385542168674
183;526;0,006024096385542168674
183;530;0,066265060240963855421
183;571;0,006024096385542168674
183;628;0,006024096385542168674
183;706;0,012048192771084337349
183;761;0,006024096385542168674
183;763;0,006024096385542168674
183;778;0,006024096385542168674
183;912;0,006024096385542168674
183;1014;0,006024096385542168674
183;1044;0,006024096385542168674
183;1058;0,006024096385542168674
183;1079;0,006024096385542168674
183;1094;0,006024096385542168674
183;1116;0,012048192771084337349
183;1246;0,006024096385542168674
183;1278;0,006024096385542168674
183;1364;0,006024096385542168674
183;1424;0,006024096385542168674
183;1466;0,006024096385542168674
183;1516;0,006024096385542168674
183;1527;0,006024096385542168674
183;1554;0,006024096385542168674
183;1754;0,006024096385542168674
183;1940;0,006024096385542168674
183;2374;0,006024096385542168674
183;2489;0,006024096385542168674
183;2830;0,006024096385542168674
183;2863;0,006024096385542168674
183;3033;0,006024096385542168674
183;3103;0,006024096385542168674
183;3158;0,006024096385542168674
183;3219;0,138554216867469879518
183;3301;0,006024096385542168674
183;3345;0,006024096385542168674
183;3403;0,006024096385542168674
183;3414;0,006024096385542168674
183;3418;0,012048192771084337349
183;3457;0,006024096385542168674
183;3548;0,012048192771084337349
183;3800;0,006024096385542168674
183;3811;0,006024096385542168674
183;3944;0,006024096385542168674
183;3957;0,006024096385542168674
183;4108;0,012048192771084337349
183;4225;0,006024096385542168674
183;4307;0,006024096385542168674
183;4379;0,006024096385542168674
183;4512;0,006024096385542168674
183;4533;0,006024096385542168674
183;4707;0,006024096385542168674
183;4720;0,006024096385542168674
183;4722;0,006024096385542168674
183;5093;0,006024096385542168674
183;5214;0,006024096385542168674
183;5487;0,006024096385542168674
183;5500;0,006024096385542168674
183;5530;0,006024096385542168674
183;5543;0,006024096385542168674
183;5854;0,006024096385542168674
183;5861;0,006024096385542168674
183;5886;0,006024096385542168674
183;5922;0,006024096385542168674
183;6960;0,006024096385542168674
183;6986;0,006024096385542168674
183;7169;0,006024096385542168674
183;7209;0,006024096385542168674
183;7418;0,006024096385542168674
183;7739;0,006024096385542168674
183;7874;0,006024096385542168674
183;8225;0,006024096385542168674
183;8464;0,006024096385542168674
183;8498;0,006024096385542168674
183;8630;0,006024096385542168674
183;8827;0,006024096385542168674
183;8865;0,006024096385542168674
183;9226;0,006024096385542168674
183;9451;0,006024096385542168674
183;9762;0,006024096385542168674
183;10338;0,006024096385542168674
183;10860;0,006024096385542168674
183;10892;0,006024096385542168674
183;10926;0,006024096385542168674
183;11527;0,006024096385542168674
183;12387;0,006024096385542168674
183;12775;0,006024096385542168674
183;12798;0,006024096385542168674
183;13369;0,006024096385542168674
183;13372;0,006024096385542168674
183;13796;0,006024096385542168674
183;13886;0,006024096385542168674
183;14269;0,006024096385542168674
183;16644;0,006024096385542168674
183;18258;0,006024096385542168674
183;19176;0,006024096385542168674
183;20801;0,006024096385542168674
183;23720;0,012048192771084337349
183;26347;0,006024096385542168674
183;27938;0,006024096385542168674
183;28112;0,006024096385542168674
183;40961;0,006024096385542168674
183;52443;0,006024096385542168674
183;144425;0,006024096385542168674
183;248834;0,006024096385542168674
183;255463;0,006024096385542168674
183;255726;0,006024096385542168674
183;256951;0,006024096385542168674
183;276505;0,006024096385542168674
183;283638;0,006024096385542168674
183;284855;0,006024096385542168674
183;352262;0,006024096385542168674
183;352420;0,006024096385542168674
183;368117;0,006024096385542168674
183;372528;0,006024096385542168674
183;418454;0,006024096385542168674
183;693032;0,024096385542168674698
184;4621;0,400000000000000000000
184;7574;0,200000000000000000000
184;381254;0,400000000000000000000
187;772;0,666666666666666666666
187;1639;0,333333333333333333333
189;375;0,032258064516129032258
189;609;0,032258064516129032258
189;1082;0,032258064516129032258
189;1083;0,032258064516129032258
189;4576;0,096774193548387096774
189;5053;0,032258064516129032258
189;5329;0,322580645161290322580
189;6701;0,032258064516129032258
189;6723;0,064516129032258064516
189;7756;0,290322580645161290322
189;11734;0,032258064516129032258
190;22;0,032258064516129032258
190;527;0,129032258064516129032
190;622;0,032258064516129032258
190;1286;0,032258064516129032258
190;1401;0,032258064516129032258
190;1667;0,064516129032258064516
190;2043;0,032258064516129032258
190;2052;0,032258064516129032258
190;2054;0,161290322580645161290
190;2146;0,032258064516129032258
190;3802;0,032258064516129032258
190;4281;0,032258064516129032258
190;5367;0,064516129032258064516
190;5679;0,193548387096774193548
190;27173;0,032258064516129032258
190;533247;0,064516129032258064516
192;466;0,010638297872340425531
192;496;0,031914893617021276595
192;841;0,010638297872340425531
192;995;0,010638297872340425531
192;1122;0,042553191489361702127
192;1667;0,031914893617021276595
192;2037;0,031914893617021276595
192;2271;0,031914893617021276595
192;2272;0,031914893617021276595
192;2359;0,031914893617021276595
192;3085;0,021276595744680851063
192;3296;0,031914893617021276595
192;3591;0,106382978723404255319
192;4364;0,031914893617021276595
192;4561;0,031914893617021276595
192;5214;0,095744680851063829787
192;5564;0,159574468085106382978
192;7762;0,031914893617021276595
192;9413;0,031914893617021276595
192;9432;0,031914893617021276595
192;10946;0,063829787234042553191
192;13372;0,031914893617021276595
192;355594;0,031914893617021276595
192;379234;0,031914893617021276595
194;71;0,113402061855670103092
194;72;0,015463917525773195876
194;100;0,036082474226804123711
194;135;0,025773195876288659793
194;352;0,005154639175257731958
194;359;0,005154639175257731958
194;524;0,005154639175257731958
194;628;0,134020618556701030927
194;695;0,015463917525773195876
194;700;0,030927835051546391752
194;749;0,005154639175257731958
194;995;0,005154639175257731958
194;1109;0,005154639175257731958
194;1196;0,005154639175257731958
194;1754;0,211340206185567010309
194;1827;0,020618556701030927835
194;1892;0,010309278350515463917
194;1925;0,005154639175257731958
194;1939;0,010309278350515463917
194;1940;0,092783505154639175257
194;2500;0,015463917525773195876
194;2561;0,015463917525773195876
194;3122;0,005154639175257731958
194;4313;0,005154639175257731958
194;4530;0,005154639175257731958
194;59745;0,010309278350515463917
194;59841;0,005154639175257731958
194;349041;0,144329896907216494845
194;366089;0,010309278350515463917
194;453859;0,025773195876288659793
199;208;0,045454545454545454545
199;550;0,090909090909090909090
199;658;0,045454545454545454545
199;1089;0,045454545454545454545
199;1344;0,090909090909090909090
199;1462;0,045454545454545454545
199;1663;0,045454545454545454545
199;1839;0,045454545454545454545
199;2179;0,045454545454545454545
199;2182;0,045454545454545454545
199;2184;0,181818181818181818181
199;2792;0,045454545454545454545
199;3105;0,090909090909090909090
199;3694;0,045454545454545454545
199;7418;0,045454545454545454545
199;13329;0,045454545454545454545
201;1719;0,333333333333333333333
201;3891;0,666666666666666666666
206;4070;0,500000000000000000000
206;9391;0,500000000000000000000
211;179;0,384615384615384615384
211;212;0,076923076923076923076
211;2199;0,230769230769230769230
211;5089;0,076923076923076923076
211;5613;0,153846153846153846153
211;26566;0,076923076923076923076
213;747;0,571428571428571428571
213;71411;0,214285714285714285714
213;75827;0,035714285714285714285
213;75828;0,035714285714285714285
213;76428;0,071428571428571428571
213;81648;0,035714285714285714285
213;325599;0,035714285714285714285
214;5016;1,000000000000000000000
218;411;0,600000000000000000000
218;781;0,200000000000000000000
218;1762;0,200000000000000000000
219;324;0,207547169811320754716
219;502;0,056603773584905660377
219;538;0,018867924528301886792
219;668;0,037735849056603773584
219;754;0,018867924528301886792
219;904;0,018867924528301886792
219;1893;0,094339622641509433962
219;2436;0,094339622641509433962
219;2516;0,056603773584905660377
219;2517;0,075471698113207547169
219;2518;0,113207547169811320754
219;2877;0,037735849056603773584
219;7072;0,075471698113207547169
219;8223;0,056603773584905660377
219;119973;0,037735849056603773584
220;1173;0,050000000000000000000
220;1187;0,050000000000000000000
220;1563;0,050000000000000000000
220;1694;0,050000000000000000000
220;1706;0,100000000000000000000
220;2050;0,100000000000000000000
220;2196;0,050000000000000000000
220;2367;0,150000000000000000000
220;2825;0,150000000000000000000
220;2826;0,150000000000000000000
220;7874;0,050000000000000000000
220;27708;0,050000000000000000000
228;14323;1,000000000000000000000
232;1064;0,333333333333333333333
232;1567;0,111111111111111111111
232;1708;0,111111111111111111111
232;19176;0,111111111111111111111
232;752863;0,111111111111111111111
232;931417;0,222222222222222222222
241;251;0,040000000000000000000
241;1141;0,040000000000000000000
241;1142;0,020000000000000000000
241;1448;0,020000000000000000000
241;1827;0,160000000000000000000
241;2087;0,060000000000000000000
241;2252;0,060000000000000000000
241;2398;0,020000000000000000000
241;2761;0,120000000000000000000
241;2796;0,020000000000000000000
241;3619;0,060000000000000000000
241;3701;0,020000000000000000000
241;3753;0,040000000000000000000
241;3838;0,020000000000000000000
241;3992;0,040000000000000000000
241;4187;0,040000000000000000000
241;5223;0,040000000000000000000
241;5430;0,060000000000000000000
241;6008;0,020000000000000000000
241;6105;0,020000000000000000000
241;9330;0,020000000000000000000
241;10595;0,020000000000000000000
241;13673;0,040000000000000000000
242;373;0,041666666666666666666
242;841;0,041666666666666666666
242;2586;0,083333333333333333333
242;2736;0,541666666666666666666
242;2739;0,083333333333333333333
242;2740;0,083333333333333333333
242;2830;0,083333333333333333333
242;3142;0,041666666666666666666
244;770;0,100000000000000000000
244;854;0,050000000000000000000
244;990;0,100000000000000000000
244;1096;0,100000000000000000000
244;1225;0,050000000000000000000
244;2498;0,100000000000000000000
244;6132;0,050000000000000000000
244;6353;0,400000000000000000000
244;8539;0,050000000000000000000
246;288;0,166666666666666666666
246;1696;0,166666666666666666666
246;2678;0,333333333333333333333
246;8348;0,333333333333333333333
247;85;0,080000000000000000000
247;96;0,040000000000000000000
247;237;0,280000000000000000000
247;283;0,080000000000000000000
247;1779;0,440000000000000000000
247;8489;0,040000000000000000000
247;12876;0,040000000000000000000
248;267;0,052631578947368421052
248;2474;0,210526315789473684210
248;2523;0,263157894736842105263
248;2716;0,473684210526315789473
249;96;0,120481927710843373493
249;122;0,024096385542168674698
249;261;0,012048192771084337349
249;283;0,084337349397590361445
249;285;0,012048192771084337349
249;615;0,012048192771084337349
249;689;0,060240963855421686746
249;937;0,012048192771084337349
249;1314;0,012048192771084337349
249;1526;0,012048192771084337349
249;1925;0,012048192771084337349
249;2139;0,012048192771084337349
249;2293;0,012048192771084337349
249;3045;0,024096385542168674698
249;3095;0,012048192771084337349
249;3219;0,024096385542168674698
249;3753;0,036144578313253012048
249;3857;0,012048192771084337349
249;4313;0,084337349397590361445
249;4825;0,012048192771084337349
249;5628;0,084337349397590361445
249;245879;0,313253012048192771084
250;96;0,066666666666666666666
250;267;0,066666666666666666666
250;285;0,133333333333333333333
250;1149;0,133333333333333333333
250;1591;0,066666666666666666666
250;4613;0,133333333333333333333
250;6347;0,400000000000000000000
253;85;0,375000000000000000000
253;283638;0,625000000000000000000
256;54;0,315789473684210526315
256;119;0,052631578947368421052
256;208;0,315789473684210526315
256;596;0,052631578947368421052
256;1560;0,052631578947368421052
256;1906;0,052631578947368421052
256;2310;0,052631578947368421052
256;5212;0,052631578947368421052
256;7418;0,052631578947368421052
261;96;0,155172413793103448275
261;183;0,017241379310344827586
261;237;0,413793103448275862068
261;249;0,017241379310344827586
261;283;0,034482758620689655172
261;1141;0,068965517241379310344
261;1364;0,155172413793103448275
261;2133;0,017241379310344827586
261;3219;0,017241379310344827586
261;4881;0,051724137931034482758
261;5628;0,017241379310344827586
261;533535;0,034482758620689655172
263;131;0,234042553191489361702
263;420;0,170212765957446808510
263;425;0,212765957446808510638
263;845;0,106382978723404255319
263;846;0,085106382978723404255
263;982;0,063829787234042553191
263;1263;0,042553191489361702127
263;2396;0,063829787234042553191
263;3395;0,021276595744680851063
265;975;1,000000000000000000000
266;521;0,025641025641025641025
266;527;0,076923076923076923076
266;1080;0,051282051282051282051
266;2383;0,076923076923076923076
266;2596;0,025641025641025641025
266;3877;0,025641025641025641025
266;3944;0,076923076923076923076
266;4345;0,025641025641025641025
266;5603;0,076923076923076923076
266;8350;0,076923076923076923076
266;8648;0,076923076923076923076
266;9401;0,025641025641025641025
266;9721;0,025641025641025641025
266;13814;0,179487179487179487179
266;22123;0,076923076923076923076
266;442813;0,076923076923076923076
267;85;0,021739130434782608695
267;248;0,043478260869565217391
267;250;0,021739130434782608695
267;251;0,065217391304347826086
267;861;0,130434782608695652173
267;1513;0,021739130434782608695
267;1526;0,086956521739130434782
267;2139;0,173913043478260869565
267;2252;0,021739130434782608695
267;2398;0,021739130434782608695
267;2515;0,043478260869565217391
267;2990;0,021739130434782608695
267;3045;0,021739130434782608695
267;3219;0,021739130434782608695
267;3867;0,043478260869565217391
267;4080;0,043478260869565217391
267;4187;0,021739130434782608695
267;4376;0,021739130434782608695
267;4613;0,065217391304347826086
267;5289;0,021739130434782608695
267;8095;0,021739130434782608695
267;8630;0,021739130434782608695
267;216172;0,021739130434782608695
268;615;0,461538461538461538461
268;678;0,076923076923076923076
268;2515;0,076923076923076923076
268;3045;0,230769230769230769230
268;3872;0,153846153846153846153
269;251;0,250000000000000000000
269;1278;0,125000000000000000000
269;2009;0,125000000000000000000
269;2510;0,250000000000000000000
269;4592;0,187500000000000000000
269;10020;0,062500000000000000000
271;7859;1,000000000000000000000
273;738;0,166666666666666666666
273;1600;0,166666666666666666666
273;1997;0,333333333333333333333
273;4500;0,333333333333333333333
276;71;0,015873015873015873015
276;135;0,111111111111111111111
276;194;0,047619047619047619047
276;277;0,031746031746031746031
276;352;0,015873015873015873015
276;354;0,031746031746031746031
276;662;0,015873015873015873015
276;695;0,301587301587301587301
276;835;0,031746031746031746031
276;1118;0,015873015873015873015
276;1278;0,031746031746031746031
276;1892;0,015873015873015873015
276;1942;0,031746031746031746031
276;3395;0,079365079365079365079
276;3604;0,015873015873015873015
276;4530;0,015873015873015873015
276;5536;0,015873015873015873015
276;9718;0,015873015873015873015
276;15643;0,015873015873015873015
276;41776;0,047619047619047619047
276;59745;0,063492063492063492063
276;98841;0,015873015873015873015
276;140271;0,015873015873015873015
279;101;0,105263157894736842105
279;2510;0,157894736842105263157
279;2706;0,105263157894736842105
279;3045;0,052631578947368421052
279;3429;0,052631578947368421052
279;4613;0,052631578947368421052
279;7116;0,473684210526315789473
282;275;0,428571428571428571428
282;1162;0,142857142857142857142
282;7560;0,142857142857142857142
282;282773;0,285714285714285714285
283;11;0,056818181818181818181
283;42;0,022727272727272727272
283;85;0,011363636363636363636
283;96;0,011363636363636363636
283;122;0,011363636363636363636
283;237;0,011363636363636363636
283;247;0,011363636363636363636
283;249;0,034090909090909090909
283;254;0,011363636363636363636
283;261;0,022727272727272727272
283;277;0,011363636363636363636
283;472;0,022727272727272727272
283;1141;0,045454545454545454545
283;1142;0,056818181818181818181
283;1156;0,011363636363636363636
283;1157;0,011363636363636363636
283;1169;0,011363636363636363636
283;1171;0,011363636363636363636
283;1314;0,011363636363636363636
283;1342;0,034090909090909090909
283;1364;0,011363636363636363636
283;1591;0,011363636363636363636
283;1639;0,022727272727272727272
283;1898;0,011363636363636363636
283;1917;0,011363636363636363636
283;1981;0,011363636363636363636
283;1988;0,011363636363636363636
283;2146;0,011363636363636363636
283;2379;0,011363636363636363636
283;2464;0,011363636363636363636
283;2510;0,034090909090909090909
283;2714;0,022727272727272727272
283;2716;0,022727272727272727272
283;2741;0,045454545454545454545
283;2834;0,011363636363636363636
283;2863;0,011363636363636363636
283;3246;0,011363636363636363636
283;3381;0,011363636363636363636
283;4313;0,011363636363636363636
283;4359;0,022727272727272727272
283;4553;0,011363636363636363636
283;4747;0,011363636363636363636
283;4777;0,045454545454545454545
283;5223;0,011363636363636363636
283;5628;0,045454545454545454545
283;5638;0,011363636363636363636
283;6543;0,011363636363636363636
283;7030;0,011363636363636363636
283;10020;0,011363636363636363636
283;17549;0,022727272727272727272
283;163510;0,011363636363636363636
283;329272;0,022727272727272727272
283;499117;0,011363636363636363636
284;285;0,730769230769230769230
284;1281;0,115384615384615384615
284;1448;0,038461538461538461538
284;3383;0,076923076923076923076
284;8095;0,038461538461538461538
287;14;0,216666666666666666666
287;28;0,016666666666666666666
287;275;0,033333333333333333333
287;440;0,016666666666666666666
287;567;0,016666666666666666666
287;826;0,050000000000000000000
287;1216;0,066666666666666666666
287;1262;0,083333333333333333333
287;1829;0,016666666666666666666
287;2073;0,383333333333333333333
287;2756;0,016666666666666666666
287;9941;0,083333333333333333333
288;148;0,013333333333333333333
288;246;0,026666666666666666666
288;271;0,026666666666666666666
288;290;0,013333333333333333333
288;293;0,013333333333333333333
288;294;0,026666666666666666666
288;545;0,026666666666666666666
288;1293;0,053333333333333333333
288;1497;0,026666666666666666666
288;1824;0,026666666666666666666
288;2323;0,013333333333333333333
288;2337;0,013333333333333333333
288;2343;0,013333333333333333333
288;2372;0,013333333333333333333
288;2678;0,040000000000000000000
288;3360;0,013333333333333333333
288;3685;0,026666666666666666666
288;3731;0,026666666666666666666
288;3978;0,040000000000000000000
288;4657;0,013333333333333333333
288;4728;0,013333333333333333333
288;4750;0,053333333333333333333
288;4794;0,026666666666666666666
288;5627;0,013333333333333333333
288;5915;0,013333333333333333333
288;7968;0,013333333333333333333
288;8267;0,026666666666666666666
288;8306;0,013333333333333333333
288;8635;0,026666666666666666666
288;9376;0,013333333333333333333
288;9992;0,013333333333333333333
288;10860;0,026666666666666666666
288;11014;0,026666666666666666666
288;12385;0,026666666666666666666
288;14652;0,013333333333333333333
288;15867;0,013333333333333333333
288;17677;0,026666666666666666666
288;17773;0,013333333333333333333
288;23561;0,013333333333333333333
288;23562;0,026666666666666666666
288;23563;0,040000000000000000000
288;282773;0,026666666666666666666
288;393418;0,053333333333333333333
289;266;0,166666666666666666666
289;934;0,166666666666666666666
289;1453;0,166666666666666666666
289;1685;0,166666666666666666666
289;1690;0,166666666666666666666
289;1694;0,166666666666666666666
290;246;0,050000000000000000000
290;288;0,033333333333333333333
290;545;0,050000000000000000000
290;1030;0,033333333333333333333
290;1497;0,033333333333333333333
290;1824;0,033333333333333333333
290;2337;0,033333333333333333333
290;2343;0,033333333333333333333
290;2371;0,066666666666666666666
290;2678;0,033333333333333333333
290;3245;0,050000000000000000000
290;3978;0,033333333333333333333
290;4657;0,033333333333333333333
290;4728;0,050000000000000000000
290;4794;0,033333333333333333333
290;5679;0,166666666666666666666
290;5915;0,033333333333333333333
290;8348;0,033333333333333333333
290;9376;0,033333333333333333333
290;12385;0,033333333333333333333
290;17677;0,016666666666666666666
290;17773;0,033333333333333333333
290;27527;0,033333333333333333333
290;393418;0,016666666666666666666
291;13;0,250000000000000000000
291;288;0,050000000000000000000
291;28156;0,050000000000000000000
291;48826;0,050000000000000000000
291;59745;0,250000000000000000000
291;113392;0,300000000000000000000
291;659899;0,050000000000000000000
292;274;0,058823529411764705882
292;288;0,058823529411764705882
292;395;0,058823529411764705882
292;419;0,058823529411764705882
292;660;0,058823529411764705882
292;846;0,235294117647058823529
292;904;0,058823529411764705882
292;1171;0,058823529411764705882
292;2512;0,058823529411764705882
292;3381;0,058823529411764705882
292;3450;0,058823529411764705882
292;8455;0,058823529411764705882
292;12563;0,058823529411764705882
292;52385;0,058823529411764705882
293;277;0,133333333333333333333
293;288;0,066666666666666666666
293;330;0,066666666666666666666
293;671;0,066666666666666666666
293;846;0,200000000000000000000
293;5679;0,066666666666666666666
293;9998;0,266666666666666666666
293;408877;0,066666666666666666666
293;427467;0,066666666666666666666
294;288;0,500000000000000000000
294;3809;0,250000000000000000000
294;6372;0,250000000000000000000
295;59;0,023255813953488372093
295;297;0,023255813953488372093
295;315;0,046511627906976744186
295;681;0,023255813953488372093
295;682;0,093023255813953488372
295;853;0,023255813953488372093
295;854;0,023255813953488372093
295;1225;0,023255813953488372093
295;1243;0,023255813953488372093
295;2326;0,023255813953488372093
295;2865;0,023255813953488372093
295;3233;0,023255813953488372093
295;3250;0,023255813953488372093
295;3251;0,023255813953488372093
295;3292;0,023255813953488372093
295;3331;0,023255813953488372093
295;3370;0,023255813953488372093
295;5679;0,232558139534883720930
295;5682;0,023255813953488372093
295;5783;0,023255813953488372093
295;12430;0,023255813953488372093
295;12435;0,023255813953488372093
295;12440;0,023255813953488372093
295;12826;0,023255813953488372093
295;12964;0,023255813953488372093
295;13622;0,023255813953488372093
295;13623;0,023255813953488372093
295;14323;0,023255813953488372093
295;27870;0,023255813953488372093
295;28535;0,023255813953488372093
296;37;0,035714285714285714285
296;148;0,035714285714285714285
296;288;0,035714285714285714285
296;568;0,035714285714285714285
296;891;0,035714285714285714285
296;1293;0,035714285714285714285
296;2371;0,071428571428571428571
296;3095;0,071428571428571428571
296;4091;0,035714285714285714285
296;5627;0,071428571428571428571
296;7968;0,071428571428571428571
296;8267;0,071428571428571428571
296;8268;0,035714285714285714285
296;8306;0,071428571428571428571
296;8636;0,035714285714285714285
296;189452;0,107142857142857142857
296;393418;0,142857142857142857142
297;295;0,083333333333333333333
297;3446;0,083333333333333333333
297;5679;0,583333333333333333333
297;19402;0,083333333333333333333
297;157749;0,083333333333333333333
297;831245;0,083333333333333333333
299;5083;0,500000000000000000000
299;7183;0,500000000000000000000
302;28;0,090909090909090909090
302;885;0,090909090909090909090
302;1162;0,090909090909090909090
302;1678;0,090909090909090909090
302;2083;0,090909090909090909090
302;2834;0,181818181818181818181
302;28780;0,090909090909090909090
302;37815;0,090909090909090909090
302;105111;0,181818181818181818181
306;1307;0,043478260869565217391
306;1719;0,347826086956521739130
306;1840;0,043478260869565217391
306;2800;0,086956521739130434782
306;3911;0,043478260869565217391
306;4576;0,217391304347826086956
306;5329;0,043478260869565217391
306;5613;0,043478260869565217391
306;7389;0,130434782608695652173
307;378;0,157894736842105263157
307;979;0,052631578947368421052
307;1240;0,052631578947368421052
307;1325;0,052631578947368421052
307;1327;0,052631578947368421052
307;1329;0,052631578947368421052
307;1331;0,052631578947368421052
307;1336;0,105263157894736842105
307;1337;0,052631578947368421052
307;2152;0,052631578947368421052
307;5831;0,105263157894736842105
307;7278;0,052631578947368421052
307;15437;0,052631578947368421052
307;27808;0,052631578947368421052
307;408414;0,052631578947368421052
309;1948;0,857142857142857142857
309;6496;0,142857142857142857142
310;1799;0,200000000000000000000
310;2851;0,400000000000000000000
310;8539;0,400000000000000000000
311;291;0,083333333333333333333
311;304;0,083333333333333333333
311;602;0,166666666666666666666
311;8175;0,083333333333333333333
311;9356;0,083333333333333333333
311;21986;0,083333333333333333333
311;28118;0,083333333333333333333
311;28130;0,083333333333333333333
311;28156;0,083333333333333333333
311;48826;0,083333333333333333333
311;968148;0,083333333333333333333
313;8491;0,100000000000000000000
313;8568;0,100000000000000000000
313;8957;0,100000000000000000000
313;13195;0,200000000000000000000
313;13360;0,200000000000000000000
313;18525;0,100000000000000000000
313;752863;0,200000000000000000000
315;295;0,500000000000000000000
315;853;0,250000000000000000000
315;8975;0,250000000000000000000
317;318;0,867346938775510204081
317;2099;0,040816326530612244897
317;2445;0,071428571428571428571
317;4728;0,020408163265306122448
318;317;0,411764705882352941176
318;352;0,029411764705882352941
318;2099;0,235294117647058823529
318;2445;0,147058823529411764705
318;3836;0,117647058823529411764
318;4530;0,029411764705882352941
318;7577;0,029411764705882352941
320;1596;0,087719298245614035087
320;2310;0,035087719298245614035
320;2792;0,333333333333333333333
320;4244;0,035087719298245614035
320;5415;0,017543859649122807017
320;7209;0,403508771929824561403
320;8912;0,052631578947368421052
320;12709;0,017543859649122807017
320;15863;0,017543859649122807017
324;219;0,307692307692307692307
324;502;0,076923076923076923076
324;538;0,307692307692307692307
324;1893;0,076923076923076923076
324;2196;0,076923076923076923076
324;2516;0,076923076923076923076
324;2518;0,076923076923076923076
330;293;1,000000000000000000000
334;36;0,055555555555555555555
334;196;0,055555555555555555555
334;641;0,027777777777777777777
334;729;0,222222222222222222222
334;1556;0,111111111111111111111
334;1986;0,083333333333333333333
334;2396;0,083333333333333333333
334;2512;0,027777777777777777777
334;3029;0,083333333333333333333
334;3557;0,083333333333333333333
334;4215;0,111111111111111111111
334;13041;0,055555555555555555555
337;410;1,000000000000000000000
341;742;0,970873786407766990291
341;749;0,019417475728155339805
341;4831;0,009708737864077669902
346;930;0,500000000000000000000
346;3449;0,500000000000000000000
349;108;0,125000000000000000000
349;538;0,062500000000000000000
349;817;0,062500000000000000000
349;918;0,125000000000000000000
349;1510;0,062500000000000000000
349;2664;0,062500000000000000000
349;3223;0,125000000000000000000
349;4278;0,062500000000000000000
349;7975;0,062500000000000000000
349;10602;0,062500000000000000000
349;54879;0,062500000000000000000
349;276780;0,062500000000000000000
349;434991;0,062500000000000000000
352;318;0,045454545454545454545
352;600;0,363636363636363636363
352;1942;0,045454545454545454545
352;1946;0,045454545454545454545
352;4273;0,045454545454545454545
352;12816;0,045454545454545454545
352;24668;0,045454545454545454545
352;41776;0,136363636363636363636
352;131383;0,045454545454545454545
352;159132;0,045454545454545454545
352;245879;0,136363636363636363636
354;283;0,023255813953488372093
354;352;0,162790697674418604651
354;945;0,023255813953488372093
354;1118;0,046511627906976744186
354;1278;0,046511627906976744186
354;1598;0,046511627906976744186
354;1943;0,023255813953488372093
354;1945;0,069767441860465116279
354;1946;0,023255813953488372093
354;2489;0,023255813953488372093
354;2744;0,023255813953488372093
354;3123;0,023255813953488372093
354;3256;0,023255813953488372093
354;3427;0,023255813953488372093
354;3683;0,023255813953488372093
354;4396;0,023255813953488372093
354;4583;0,023255813953488372093
354;5149;0,023255813953488372093
354;5367;0,023255813953488372093
354;5666;0,023255813953488372093
354;7755;0,093023255813953488372
354;8715;0,023255813953488372093
354;15643;0,069767441860465116279
354;21490;0,046511627906976744186
354;98841;0,023255813953488372093
354;393418;0,023255813953488372093
356;7532;1,000000000000000000000
359;194;0,055555555555555555555
359;945;0,055555555555555555555
359;1374;0,166666666666666666666
359;1945;0,111111111111111111111
359;4313;0,166666666666666666666
359;4765;0,222222222222222222222
359;7322;0,222222222222222222222
363;5012;0,500000000000000000000
363;5626;0,500000000000000000000
365;2498;0,250000000000000000000
365;3143;0,500000000000000000000
365;6250;0,250000000000000000000
371;1162;0,400000000000000000000
371;3340;0,600000000000000000000
373;2503;0,333333333333333333333
373;2740;0,333333333333333333333
373;3142;0,333333333333333333333
375;189;0,500000000000000000000
375;1840;0,250000000000000000000
375;11734;0,250000000000000000000
379;380;0,142857142857142857142
379;1754;0,142857142857142857142
379;2498;0,142857142857142857142
379;2547;0,428571428571428571428
379;12964;0,142857142857142857142
380;379;0,043478260869565217391
380;1282;0,021739130434782608695
380;1445;0,065217391304347826086
380;1769;0,239130434782608695652
380;2318;0,043478260869565217391
380;3418;0,021739130434782608695
380;4719;0,130434782608695652173
380;5464;0,173913043478260869565
380;8580;0,021739130434782608695
380;28617;0,043478260869565217391
380;136664;0,021739130434782608695
380;156500;0,021739130434782608695
380;409930;0,152173913043478260869
382;502;0,500000000000000000000
382;7341;0,500000000000000000000
388;375;0,029535864978902953586
388;389;0,025316455696202531645
388;390;0,025316455696202531645
388;391;0,063291139240506329113
388;392;0,025316455696202531645
388;393;0,025316455696202531645
388;394;0,029535864978902953586
388;395;0,025316455696202531645
388;396;0,025316455696202531645
388;397;0,025316455696202531645
388;398;0,025316455696202531645
388;399;0,029535864978902953586
388;400;0,025316455696202531645
388;401;0,025316455696202531645
388;403;0,025316455696202531645
388;404;0,025316455696202531645
388;405;0,029535864978902953586
388;406;0,025316455696202531645
388;407;0,025316455696202531645
388;408;0,029535864978902953586
388;409;0,029535864978902953586
388;410;0,025316455696202531645
388;411;0,025316455696202531645
388;412;0,025316455696202531645
388;414;0,025316455696202531645
388;415;0,025316455696202531645
388;416;0,025316455696202531645
388;417;0,025316455696202531645
388;418;0,025316455696202531645
388;419;0,033755274261603375527
388;945;0,008438818565400843881
388;1218;0,016877637130801687763
388;1447;0,004219409282700421940
388;1466;0,004219409282700421940
388;2694;0,029535864978902953586
388;3560;0,004219409282700421940
388;6262;0,016877637130801687763
388;7906;0,008438818565400843881
388;8641;0,004219409282700421940
388;9098;0,012658227848101265822
388;11138;0,004219409282700421940
388;11235;0,025316455696202531645
388;41565;0,004219409282700421940
388;606725;0,025316455696202531645
389;498;0,142857142857142857142
389;12850;0,142857142857142857142
389;24769;0,285714285714285714285
389;28337;0,428571428571428571428
391;38;0,055555555555555555555
391;388;0,222222222222222222222
391;396;0,055555555555555555555
391;405;0,055555555555555555555
391;411;0,055555555555555555555
391;1109;0,055555555555555555555
391;2694;0,111111111111111111111
391;3465;0,055555555555555555555
391;6151;0,055555555555555555555
391;6262;0,111111111111111111111
391;8268;0,055555555555555555555
391;12563;0,055555555555555555555
391;14907;0,055555555555555555555
392;120;0,062500000000000000000
392;414;0,062500000000000000000
392;415;0,062500000000000000000
392;2140;0,187500000000000000000
392;2822;0,125000000000000000000
392;3513;0,062500000000000000000
392;4078;0,125000000000000000000
392;5360;0,062500000000000000000
392;8566;0,062500000000000000000
392;9288;0,125000000000000000000
392;12563;0,062500000000000000000
393;930;0,066666666666666666666
393;1178;0,066666666666666666666
393;1596;0,133333333333333333333
393;3049;0,533333333333333333333
393;28344;0,200000000000000000000
395;393;0,200000000000000000000
395;418;0,400000000000000000000
395;2140;0,400000000000000000000
396;410;0,166666666666666666666
396;1727;0,166666666666666666666
396;2140;0,166666666666666666666
396;6903;0,166666666666666666666
396;259341;0,166666666666666666666
396;353698;0,166666666666666666666
397;411;0,400000000000000000000
397;417;0,400000000000000000000
397;3318;0,200000000000000000000
398;404;0,250000000000000000000
398;5536;0,250000000000000000000
398;12563;0,250000000000000000000
398;21112;0,250000000000000000000
399;388;0,090909090909090909090
399;689;0,181818181818181818181
399;4498;0,363636363636363636363
399;7341;0,090909090909090909090
399;12563;0,090909090909090909090
399;367121;0,090909090909090909090
399;606725;0,090909090909090909090
400;3697;0,100000000000000000000
400;9340;0,600000000000000000000
400;12563;0,200000000000000000000
400;28422;0,100000000000000000000
403;1762;0,500000000000000000000
403;10341;0,500000000000000000000
404;689;1,000000000000000000000
405;2569;0,400000000000000000000
405;2694;0,200000000000000000000
405;8889;0,200000000000000000000
405;17267;0,200000000000000000000
407;184;0,038461538461538461538
407;391;0,038461538461538461538
407;411;0,038461538461538461538
407;458;0,115384615384615384615
407;689;0,076923076923076923076
407;904;0,038461538461538461538
407;1140;0,038461538461538461538
407;1897;0,076923076923076923076
407;2140;0,038461538461538461538
407;2425;0,038461538461538461538
407;2585;0,038461538461538461538
407;2630;0,038461538461538461538
407;3158;0,038461538461538461538
407;3475;0,038461538461538461538
407;5591;0,038461538461538461538
407;5626;0,115384615384615384615
407;7574;0,038461538461538461538
407;306994;0,115384615384615384615
409;930;1,000000000000000000000
410;337;0,214285714285714285714
410;396;0,071428571428571428571
410;418;0,071428571428571428571
410;704;0,071428571428571428571
410;805;0,357142857142857142857
410;2140;0,142857142857142857142
410;4078;0,071428571428571428571
411;399;0,012195121951219512195
411;412;0,012195121951219512195
411;689;0,036585365853658536585
411;704;0,012195121951219512195
411;1069;0,060975609756097560975
411;1137;0,048780487804878048780
411;1397;0,073170731707317073170
411;1447;0,048780487804878048780
411;1728;0,060975609756097560975
411;1729;0,134146341463414634146
411;1762;0,060975609756097560975
411;2961;0,060975609756097560975
411;3214;0,085365853658536585365
411;5168;0,048780487804878048780
411;7341;0,012195121951219512195
411;7975;0,024390243902439024390
411;9380;0,012195121951219512195
411;12563;0,073170731707317073170
411;15682;0,060975609756097560975
411;28338;0,048780487804878048780
411;606725;0,012195121951219512195
412;1698;0,500000000000000000000
412;7906;0,500000000000000000000
413;412;1,000000000000000000000
414;120;0,043478260869565217391
414;401;0,043478260869565217391
414;410;0,043478260869565217391
414;415;0,043478260869565217391
414;419;0,086956521739130434782
414;805;0,043478260869565217391
414;1138;0,043478260869565217391
414;2140;0,043478260869565217391
414;2822;0,043478260869565217391
414;2877;0,086956521739130434782
414;3024;0,043478260869565217391
414;3513;0,043478260869565217391
414;4078;0,217391304347826086956
414;6000;0,043478260869565217391
414;8566;0,043478260869565217391
414;12563;0,043478260869565217391
414;13187;0,043478260869565217391
415;401;0,800000000000000000000
415;21112;0,200000000000000000000
417;689;0,333333333333333333333
417;752;0,333333333333333333333
417;4627;0,333333333333333333333
418;83;0,062500000000000000000
418;395;0,125000000000000000000
418;865;0,062500000000000000000
418;1135;0,125000000000000000000
418;1466;0,125000000000000000000
418;2137;0,062500000000000000000
418;3024;0,062500000000000000000
418;3135;0,062500000000000000000
418;3477;0,062500000000000000000
418;7975;0,062500000000000000000
418;13704;0,187500000000000000000
419;388;0,100000000000000000000
419;417;0,066666666666666666666
419;689;0,033333333333333333333
419;945;0,033333333333333333333
419;1127;0,033333333333333333333
419;1221;0,100000000000000000000
419;1671;0,033333333333333333333
419;1727;0,033333333333333333333
419;1762;0,066666666666666666666
419;2434;0,066666666666666666666
419;2569;0,033333333333333333333
419;4206;0,033333333333333333333
419;5168;0,066666666666666666666
419;8396;0,066666666666666666666
419;9380;0,033333333333333333333
419;14010;0,100000000000000000000
419;408414;0,033333333333333333333
419;608895;0,033333333333333333333
419;743909;0,033333333333333333333
420;11;0,003389830508474576271
420;24;0,003389830508474576271
420;39;0,037288135593220338983
420;42;0,033898305084745762711
420;89;0,020338983050847457627
420;113;0,013559322033898305084
420;131;0,016949152542372881355
420;240;0,013559322033898305084
420;263;0,006779661016949152542
420;360;0,013559322033898305084
420;369;0,003389830508474576271
420;425;0,010169491525423728813
420;427;0,003389830508474576271
420;475;0,003389830508474576271
420;531;0,003389830508474576271
420;567;0,003389830508474576271
420;600;0,003389830508474576271
420;642;0,003389830508474576271
420;703;0,010169491525423728813
420;845;0,027118644067796610169
420;846;0,006779661016949152542
420;934;0,003389830508474576271
420;982;0,006779661016949152542
420;999;0,006779661016949152542
420;1263;0,020338983050847457627
420;1355;0,003389830508474576271
420;1498;0,006779661016949152542
420;1681;0,006779661016949152542
420;1942;0,003389830508474576271
420;1974;0,003389830508474576271
420;1988;0,030508474576271186440
420;1991;0,003389830508474576271
420;2090;0,010169491525423728813
420;2515;0,003389830508474576271
420;2731;0,003389830508474576271
420;2851;0,003389830508474576271
420;3111;0,003389830508474576271
420;3235;0,003389830508474576271
420;3417;0,003389830508474576271
420;3575;0,003389830508474576271
420;4052;0,003389830508474576271
420;4440;0,003389830508474576271
420;4881;0,084745762711864406779
420;5016;0,010169491525423728813
420;5380;0,003389830508474576271
420;5470;0,006779661016949152542
420;6960;0,433898305084745762711
420;7130;0,010169491525423728813
420;17389;0,003389830508474576271
420;59745;0,010169491525423728813
420;192866;0,006779661016949152542
420;311584;0,010169491525423728813
420;385198;0,003389830508474576271
420;398787;0,003389830508474576271
420;494193;0,030508474576271186440
420;906176;0,003389830508474576271
420;940328;0,003389830508474576271
426;1574;0,500000000000000000000
426;7135;0,500000000000000000000
427;131;0,285714285714285714285
427;628;0,142857142857142857142
427;695;0,142857142857142857142
427;2445;0,142857142857142857142
427;4461;0,142857142857142857142
427;940328;0,142857142857142857142
428;567;0,111111111111111111111
428;738;0,444444444444444444444
428;1092;0,111111111111111111111
428;1997;0,111111111111111111111
428;3222;0,111111111111111111111
428;4345;0,111111111111111111111
433;1705;0,250000000000000000000
433;4172;0,125000000000000000000
433;283638;0,625000000000000000000
441;423;0,027027027027027027027
441;425;0,013513513513513513513
441;849;0,027027027027027027027
441;2364;0,027027027027027027027
441;3394;0,067567567567567567567
441;3395;0,013513513513513513513
441;4344;0,175675675675675675675
441;4510;0,027027027027027027027
441;5077;0,189189189189189189189
441;6627;0,013513513513513513513
441;7135;0,216216216216216216216
441;12591;0,054054054054054054054
441;116140;0,081081081081081081081
441;125861;0,040540540540540540540
441;559679;0,027027027027027027027
442;444;0,200000000000000000000
442;1574;0,800000000000000000000
443;423;0,052631578947368421052
443;424;0,052631578947368421052
443;2364;0,052631578947368421052
443;3203;0,052631578947368421052
443;7605;0,473684210526315789473
443;9356;0,052631578947368421052
443;15643;0,105263157894736842105
443;29085;0,157894736842105263157
444;442;1,000000000000000000000
453;326;0,040000000000000000000
453;839;0,200000000000000000000
453;979;0,013333333333333333333
453;1498;0,013333333333333333333
453;1717;0,213333333333333333333
453;2578;0,026666666666666666666
453;4299;0,066666666666666666666
453;4432;0,173333333333333333333
453;4458;0,013333333333333333333
453;4677;0,066666666666666666666
453;8774;0,013333333333333333333
453;13498;0,146666666666666666666
453;308968;0,013333333333333333333
454;1196;0,200000000000000000000
454;4205;0,400000000000000000000
454;434991;0,200000000000000000000
454;604246;0,200000000000000000000
460;3980;1,000000000000000000000
464;978;0,166666666666666666666
464;1085;0,333333333333333333333
464;2375;0,333333333333333333333
464;385198;0,166666666666666666666
466;192;0,095238095238095238095
466;1122;0,190476190476190476190
466;1744;0,142857142857142857142
466;2054;0,380952380952380952380
466;2271;0,047619047619047619047
466;5564;0,095238095238095238095
466;9442;0,047619047619047619047
467;1121;1,000000000000000000000
468;41776;1,000000000000000000000
469;104;0,333333333333333333333
469;4772;0,333333333333333333333
469;8489;0,333333333333333333333
470;1996;0,750000000000000000000
470;17248;0,250000000000000000000
472;96;0,026315789473684210526
472;249;0,026315789473684210526
472;283;0,052631578947368421052
472;689;0,026315789473684210526
472;984;0,105263157894736842105
472;1547;0,078947368421052631578
472;1754;0,026315789473684210526
472;1917;0,078947368421052631578
472;1988;0,026315789473684210526
472;2741;0,026315789473684210526
472;2847;0,026315789473684210526
472;3503;0,184210526315789473684
472;4313;0,052631578947368421052
472;5155;0,052631578947368421052
472;8363;0,026315789473684210526
472;8489;0,026315789473684210526
472;12864;0,026315789473684210526
472;349041;0,105263157894736842105
472;747808;0,026315789473684210526
474;2832;0,500000000000000000000
474;3704;0,500000000000000000000
477;275;0,083333333333333333333
477;282;0,083333333333333333333
477;731;0,083333333333333333333
477;1196;0,083333333333333333333
477;5000;0,083333333333333333333
477;5138;0,083333333333333333333
477;8225;0,083333333333333333333
477;15207;0,083333333333333333333
477;17487;0,083333333333333333333
477;173893;0,083333333333333333333
477;238453;0,083333333333333333333
477;282773;0,083333333333333333333
478;612735;1,000000000000000000000
479;240;0,146341463414634146341
479;793;0,048780487804878048780
479;848;0,024390243902439024390
479;1171;0,073170731707317073170
479;1314;0,024390243902439024390
479;2306;0,048780487804878048780
479;4222;0,024390243902439024390
479;4379;0,073170731707317073170
479;5013;0,146341463414634146341
479;8442;0,073170731707317073170
479;8460;0,073170731707317073170
479;8473;0,219512195121951219512
479;317905;0,024390243902439024390
484;1374;0,400000000000000000000
484;2598;0,400000000000000000000
484;5029;0,200000000000000000000
485;119;0,090909090909090909090
485;322;0,090909090909090909090
485;551;0,090909090909090909090
485;576;0,090909090909090909090
485;1344;0,181818181818181818181
485;2380;0,090909090909090909090
485;12572;0,090909090909090909090
485;12706;0,090909090909090909090
485;512469;0,181818181818181818181
490;115;0,285714285714285714285
490;899;0,428571428571428571428
490;3815;0,142857142857142857142
490;8199;0,142857142857142857142
492;174;0,125000000000000000000
492;1282;0,250000000000000000000
492;1321;0,250000000000000000000
492;4280;0,250000000000000000000
492;14013;0,125000000000000000000
494;8928;1,000000000000000000000
496;466;0,048780487804878048780
496;497;0,024390243902439024390
496;622;0,024390243902439024390
496;1101;0,073170731707317073170
496;2037;0,073170731707317073170
496;2271;0,024390243902439024390
496;2272;0,024390243902439024390
496;2359;0,073170731707317073170
496;3296;0,048780487804878048780
496;3591;0,048780487804878048780
496;5564;0,073170731707317073170
496;7762;0,048780487804878048780
496;9402;0,121951219512195121951
496;9403;0,024390243902439024390
496;9413;0,073170731707317073170
496;9432;0,073170731707317073170
496;10946;0,024390243902439024390
496;13372;0,024390243902439024390
496;355594;0,048780487804878048780
496;533247;0,024390243902439024390
497;496;0,078947368421052631578
497;529;0,026315789473684210526
497;622;0,026315789473684210526
497;1101;0,052631578947368421052
497;1121;0,052631578947368421052
497;1667;0,131578947368421052631
497;1780;0,157894736842105263157
497;2037;0,026315789473684210526
497;2216;0,026315789473684210526
497;2271;0,026315789473684210526
497;2503;0,052631578947368421052
497;2823;0,026315789473684210526
497;3296;0,026315789473684210526
497;5219;0,026315789473684210526
497;5632;0,026315789473684210526
497;6548;0,105263157894736842105
497;7759;0,052631578947368421052
497;8623;0,026315789473684210526
497;9389;0,026315789473684210526
497;9399;0,026315789473684210526
498;11;0,000615195324515533681
498;12;0,003691171947093202091
498;13;0,003075976622577668409
498;14;0,001537988311288834204
498;17;0,001537988311288834204
498;24;0,001845585973546601045
498;45;0,000615195324515533681
498;50;0,000615195324515533681
498;54;0,001537988311288834204
498;63;0,000615195324515533681
498;65;0,001537988311288834204
498;74;0,000922792986773300522
498;82;0,001537988311288834204
498;101;0,000615195324515533681
498;104;0,001537988311288834204
498;115;0,001537988311288834204
498;132;0,001537988311288834204
498;146;0,001537988311288834204
498;155;0,002768378960319901568
498;160;0,001537988311288834204
498;181;0,001537988311288834204
498;186;0,001537988311288834204
498;234;0,001537988311288834204
498;246;0,001845585973546601045
498;250;0,001537988311288834204
498;260;0,000922792986773300522
498;303;0,000615195324515533681
498;304;0,001537988311288834204
498;311;0,001537988311288834204
498;356;0,000307597662257766840
498;375;0,001537988311288834204
498;389;0,001845585973546601045
498;396;0,001537988311288834204
498;399;0,000615195324515533681
498;400;0,001537988311288834204
498;403;0,001537988311288834204
498;404;0,001230390649031067363
498;405;0,001537988311288834204
498;409;0,000615195324515533681
498;410;0,001537988311288834204
498;411;0,001537988311288834204
498;418;0,002768378960319901568
498;422;0,000615195324515533681
498;427;0,002768378960319901568
498;428;0,001537988311288834204
498;440;0,001537988311288834204
498;454;0,001537988311288834204
498;478;0,001537988311288834204
498;494;0,001537988311288834204
498;497;0,001537988311288834204
498;499;0,000615195324515533681
498;507;0,001845585973546601045
498;522;0,001537988311288834204
498;523;0,001537988311288834204
498;533;0,001537988311288834204
498;543;0,001537988311288834204
498;558;0,001537988311288834204
498;602;0,000922792986773300522
498;609;0,001537988311288834204
498;617;0,001537988311288834204
498;652;0,001537988311288834204
498;658;0,000615195324515533681
498;681;0,001537988311288834204
498;685;0,001537988311288834204
498;703;0,000615195324515533681
498;706;0,001537988311288834204
498;737;0,001537988311288834204
498;768;0,001537988311288834204
498;781;0,002768378960319901568
498;784;0,001537988311288834204
498;798;0,001537988311288834204
498;808;0,001537988311288834204
498;812;0,001537988311288834204
498;828;0,001537988311288834204
498;829;0,000615195324515533681
498;839;0,001537988311288834204
498;848;0,000615195324515533681
498;851;0,001537988311288834204
498;855;0,001537988311288834204
498;864;0,001537988311288834204
498;869;0,001537988311288834204
498;883;0,001537988311288834204
498;886;0,001537988311288834204
498;891;0,001537988311288834204
498;911;0,000922792986773300522
498;914;0,000922792986773300522
498;937;0,001537988311288834204
498;952;0,001537988311288834204
498;956;0,001537988311288834204
498;964;0,001537988311288834204
498;967;0,001537988311288834204
498;983;0,000615195324515533681
498;993;0,001230390649031067363
498;997;0,000615195324515533681
498;1004;0,001537988311288834204
498;1016;0,001537988311288834204
498;1020;0,001845585973546601045
498;1022;0,001537988311288834204
498;1033;0,000922792986773300522
498;1034;0,001537988311288834204
498;1035;0,001537988311288834204
498;1036;0,001537988311288834204
498;1042;0,001537988311288834204
498;1046;0,001537988311288834204
498;1064;0,000615195324515533681
498;1068;0,000615195324515533681
498;1069;0,001537988311288834204
498;1082;0,001537988311288834204
498;1083;0,001537988311288834204
498;1085;0,000307597662257766840
498;1092;0,001537988311288834204
498;1118;0,001230390649031067363
498;1124;0,001537988311288834204
498;1140;0,001537988311288834204
498;1145;0,001537988311288834204
498;1173;0,000615195324515533681
498;1220;0,000615195324515533681
498;1221;0,001537988311288834204
498;1222;0,000615195324515533681
498;1225;0,001537988311288834204
498;1239;0,001537988311288834204
498;1254;0,001537988311288834204
498;1261;0,001537988311288834204
498;1313;0,002153183635804367886
498;1335;0,001537988311288834204
498;1347;0,001537988311288834204
498;1352;0,001537988311288834204
498;1366;0,000615195324515533681
498;1393;0,001537988311288834204
498;1401;0,001230390649031067363
498;1402;0,000615195324515533681
498;1405;0,001537988311288834204
498;1434;0,001230390649031067363
498;1439;0,001537988311288834204
498;1454;0,001537988311288834204
498;1476;0,001537988311288834204
498;1482;0,000922792986773300522
498;1495;0,001230390649031067363
498;1497;0,001537988311288834204
498;1498;0,001537988311288834204
498;1500;0,000615195324515533681
498;1501;0,001537988311288834204
498;1517;0,001537988311288834204
498;1561;0,001537988311288834204
498;1563;0,001537988311288834204
498;1565;0,001537988311288834204
498;1596;0,000615195324515533681
498;1600;0,001537988311288834204
498;1608;0,001537988311288834204
498;1609;0,001537988311288834204
498;1612;0,001537988311288834204
498;1634;0,003075976622577668409
498;1657;0,001537988311288834204
498;1664;0,000307597662257766840
498;1667;0,001537988311288834204
498;1685;0,001537988311288834204
498;1690;0,001537988311288834204
498;1696;0,001537988311288834204
498;1699;0,001537988311288834204
498;1701;0,000615195324515533681
498;1702;0,001537988311288834204
498;1705;0,001537988311288834204
498;1706;0,001537988311288834204
498;1713;0,001537988311288834204
498;1724;0,001537988311288834204
498;1727;0,001537988311288834204
498;1749;0,000615195324515533681
498;1762;0,001537988311288834204
498;1810;0,001537988311288834204
498;1824;0,000615195324515533681
498;1841;0,001537988311288834204
498;1843;0,000615195324515533681
498;1844;0,001537988311288834204
498;1854;0,001537988311288834204
498;1855;0,001537988311288834204
498;1862;0,001537988311288834204
498;1892;0,002768378960319901568
498;1894;0,000615195324515533681
498;1897;0,001537988311288834204
498;1906;0,001537988311288834204
498;1915;0,002768378960319901568
498;1956;0,001537988311288834204
498;1974;0,001845585973546601045
498;1979;0,001537988311288834204
498;1985;0,001537988311288834204
498;1997;0,001537988311288834204
498;2004;0,001537988311288834204
498;2059;0,002460781298062134727
498;2066;0,001537988311288834204
498;2080;0,001537988311288834204
498;2091;0,001537988311288834204
498;2112;0,000615195324515533681
498;2150;0,001537988311288834204
498;2162;0,000615195324515533681
498;2179;0,001537988311288834204
498;2184;0,000615195324515533681
498;2188;0,001537988311288834204
498;2191;0,001537988311288834204
498;2216;0,001845585973546601045
498;2264;0,002768378960319901568
498;2280;0,001537988311288834204
498;2337;0,001537988311288834204
498;2371;0,001537988311288834204
498;2414;0,002460781298062134727
498;2423;0,000922792986773300522
498;2427;0,001537988311288834204
498;2433;0,001537988311288834204
498;2440;0,001845585973546601045
498;2445;0,001845585973546601045
498;2455;0,002768378960319901568
498;2464;0,001537988311288834204
498;2482;0,002768378960319901568
498;2494;0,001537988311288834204
498;2498;0,002768378960319901568
498;2515;0,002768378960319901568
498;2554;0,000922792986773300522
498;2555;0,001537988311288834204
498;2621;0,000615195324515533681
498;2647;0,000615195324515533681
498;2657;0,001537988311288834204
498;2678;0,001537988311288834204
498;2731;0,001537988311288834204
498;2734;0,000615195324515533681
498;2746;0,001537988311288834204
498;2823;0,001537988311288834204
498;2825;0,000615195324515533681
498;2826;0,000615195324515533681
498;2832;0,001845585973546601045
498;2847;0,001537988311288834204
498;2916;0,001537988311288834204
498;2932;0,001537988311288834204
498;2940;0,000615195324515533681
498;2950;0,001537988311288834204
498;2961;0,001845585973546601045
498;2990;0,001537988311288834204
498;3038;0,000615195324515533681
498;3080;0,000615195324515533681
498;3088;0,001537988311288834204
498;3100;0,001537988311288834204
498;3108;0,001230390649031067363
498;3116;0,001537988311288834204
498;3123;0,001537988311288834204
498;3128;0,001537988311288834204
498;3142;0,001230390649031067363
498;3178;0,000922792986773300522
498;3180;0,001230390649031067363
498;3189;0,001537988311288834204
498;3197;0,001230390649031067363
498;3207;0,000615195324515533681
498;3241;0,001537988311288834204
498;3249;0,000922792986773300522
498;3250;0,001537988311288834204
498;3251;0,000615195324515533681
498;3273;0,002768378960319901568
498;3284;0,001537988311288834204
498;3315;0,002768378960319901568
498;3328;0,001537988311288834204
498;3346;0,000615195324515533681
498;3347;0,001537988311288834204
498;3372;0,001537988311288834204
498;3408;0,001537988311288834204
498;3420;0,001537988311288834204
498;3427;0,000615195324515533681
498;3436;0,000615195324515533681
498;3441;0,001537988311288834204
498;3446;0,001537988311288834204
498;3449;0,001845585973546601045
498;3463;0,001537988311288834204
498;3465;0,000615195324515533681
498;3473;0,002153183635804367886
498;3480;0,001537988311288834204
498;3481;0,001230390649031067363
498;3508;0,000307597662257766840
498;3535;0,001537988311288834204
498;3567;0,001537988311288834204
498;3590;0,002768378960319901568
498;3610;0,001537988311288834204
498;3650;0,001537988311288834204
498;3678;0,001845585973546601045
498;3763;0,003383574284835435250
498;3829;0,002768378960319901568
498;3836;0,001537988311288834204
498;3842;0,000615195324515533681
498;3869;0,001537988311288834204
498;3870;0,001537988311288834204
498;3876;0,001537988311288834204
498;3877;0,001537988311288834204
498;3960;0,001537988311288834204
498;3971;0,001537988311288834204
498;3999;0,001537988311288834204
498;4080;0,001537988311288834204
498;4081;0,001845585973546601045
498;4089;0,001537988311288834204
498;4091;0,001537988311288834204
498;4145;0,001537988311288834204
498;4146;0,001537988311288834204
498;4160;0,001537988311288834204
498;4205;0,001537988311288834204
498;4245;0,001537988311288834204
498;4268;0,001537988311288834204
498;4281;0,001537988311288834204
498;4299;0,001537988311288834204
498;4350;0,001537988311288834204
498;4372;0,002768378960319901568
498;4374;0,002768378960319901568
498;4380;0,001537988311288834204
498;4401;0,001537988311288834204
498;4424;0,001537988311288834204
498;4429;0,001845585973546601045
498;4430;0,001537988311288834204
498;4433;0,001537988311288834204
498;4434;0,001537988311288834204
498;4445;0,000615195324515533681
498;4453;0,001537988311288834204
498;4463;0,001537988311288834204
498;4464;0,001537988311288834204
498;4467;0,001537988311288834204
498;4471;0,000615195324515533681
498;4472;0,002768378960319901568
498;4474;0,001537988311288834204
498;4475;0,001537988311288834204
498;4476;0,001537988311288834204
498;4486;0,001845585973546601045
498;4493;0,001537988311288834204
498;4533;0,000615195324515533681
498;4570;0,000922792986773300522
498;4609;0,001537988311288834204
498;4627;0,000615195324515533681
498;4728;0,001537988311288834204
498;4786;0,001537988311288834204
498;4787;0,000615195324515533681
498;4814;0,001537988311288834204
498;4874;0,001537988311288834204
498;4877;0,001230390649031067363
498;4919;0,001537988311288834204
498;4991;0,001537988311288834204
498;4995;0,000615195324515533681
498;4998;0,000615195324515533681
498;5003;0,001537988311288834204
498;5008;0,001537988311288834204
498;5013;0,001537988311288834204
498;5016;0,001537988311288834204
498;5019;0,000615195324515533681
498;5037;0,001537988311288834204
498;5042;0,001537988311288834204
498;5061;0,001537988311288834204
498;5083;0,000615195324515533681
498;5088;0,001537988311288834204
498;5119;0,001537988311288834204
498;5125;0,001537988311288834204
498;5136;0,000615195324515533681
498;5155;0,001537988311288834204
498;5175;0,001537988311288834204
498;5227;0,001537988311288834204
498;5245;0,001537988311288834204
498;5306;0,002460781298062134727
498;5332;0,000615195324515533681
498;5354;0,001537988311288834204
498;5438;0,001845585973546601045
498;5459;0,001845585973546601045
498;5470;0,001537988311288834204
498;5481;0,002768378960319901568
498;5487;0,001537988311288834204
498;5521;0,001537988311288834204
498;5557;0,001845585973546601045
498;5571;0,001537988311288834204
498;5613;0,001537988311288834204
498;5626;0,000615195324515533681
498;5638;0,001537988311288834204
498;5667;0,000615195324515533681
498;5679;0,003075976622577668409
498;5790;0,001537988311288834204
498;5800;0,001537988311288834204
498;5896;0,001537988311288834204
498;5918;0,001537988311288834204
498;5921;0,000922792986773300522
498;6132;0,001537988311288834204
498;6297;0,001537988311288834204
498;6349;0,001537988311288834204
498;6372;0,001537988311288834204
498;6472;0,001537988311288834204
498;6496;0,000615195324515533681
498;6513;0,001537988311288834204
498;6532;0,001537988311288834204
498;6554;0,001845585973546601045
498;6557;0,001537988311288834204
498;6581;0,000615195324515533681
498;6734;0,001537988311288834204
498;6856;0,001537988311288834204
498;6892;0,000922792986773300522
498;6915;0,001537988311288834204
498;6918;0,001537988311288834204
498;6991;0,001537988311288834204
498;7030;0,000307597662257766840
498;7072;0,001230390649031067363
498;7183;0,000615195324515533681
498;7215;0,001537988311288834204
498;7281;0,002768378960319901568
498;7301;0,000615195324515533681
498;7478;0,000615195324515533681
498;7521;0,001537988311288834204
498;7532;0,001537988311288834204
498;7571;0,001537988311288834204
498;7630;0,001537988311288834204
498;7650;0,001537988311288834204
498;7717;0,001537988311288834204
498;7802;0,001537988311288834204
498;7873;0,000615195324515533681
498;7895;0,001537988311288834204
498;7920;0,002768378960319901568
498;8003;0,001537988311288834204
498;8050;0,001537988311288834204
498;8062;0,001537988311288834204
498;8071;0,000615195324515533681
498;8095;0,001537988311288834204
498;8113;0,001537988311288834204
498;8163;0,001537988311288834204
498;8200;0,001537988311288834204
498;8201;0,000307597662257766840
498;8203;0,002768378960319901568
498;8213;0,000615195324515533681
498;8348;0,001537988311288834204
498;8353;0,001537988311288834204
498;8372;0,000615195324515533681
498;8383;0,001537988311288834204
498;8396;0,002768378960319901568
498;8437;0,001537988311288834204
498;8443;0,001537988311288834204
498;8450;0,001537988311288834204
498;8467;0,001537988311288834204
498;8475;0,001537988311288834204
498;8476;0,000615195324515533681
498;8510;0,001537988311288834204
498;8525;0,001537988311288834204
498;8539;0,000307597662257766840
498;8698;0,001537988311288834204
498;8723;0,001537988311288834204
498;8738;0,001845585973546601045
498;8744;0,000615195324515533681
498;8750;0,000615195324515533681
498;8754;0,001537988311288834204
498;8909;0,001537988311288834204
498;8912;0,001537988311288834204
498;8985;0,001537988311288834204
498;9066;0,000615195324515533681
498;9112;0,001230390649031067363
498;9226;0,001537988311288834204
498;9296;0,001537988311288834204
498;9330;0,001537988311288834204
498;9338;0,001537988311288834204
498;9376;0,001537988311288834204
498;9382;0,001537988311288834204
498;9393;0,001537988311288834204
498;9409;0,001537988311288834204
498;9422;0,001537988311288834204
498;9436;0,001537988311288834204
498;9437;0,002768378960319901568
498;9462;0,000615195324515533681
498;9476;0,001537988311288834204
498;9489;0,001845585973546601045
498;9660;0,002768378960319901568
498;9718;0,001537988311288834204
498;9719;0,001537988311288834204
498;9720;0,001537988311288834204
498;9729;0,001537988311288834204
498;9908;0,001537988311288834204
498;9909;0,000615195324515533681
498;9910;0,001537988311288834204
498;9960;0,001537988311288834204
498;10019;0,001537988311288834204
498;10175;0,001537988311288834204
498;10177;0,001537988311288834204
498;10341;0,001537988311288834204
498;10606;0,001537988311288834204
498;10640;0,001537988311288834204
498;10724;0,001537988311288834204
498;10744;0,001537988311288834204
498;10941;0,001537988311288834204
498;11004;0,001537988311288834204
498;11229;0,000615195324515533681
498;11231;0,001537988311288834204
498;11833;0,000615195324515533681
498;11869;0,001537988311288834204
498;11921;0,001537988311288834204
498;12001;0,000615195324515533681
498;12165;0,001537988311288834204
498;12247;0,002768378960319901568
498;12385;0,000615195324515533681
498;12390;0,000615195324515533681
498;12393;0,001537988311288834204
498;12418;0,001537988311288834204
498;12441;0,001537988311288834204
498;12577;0,000615195324515533681
498;12664;0,001537988311288834204
498;12670;0,001845585973546601045
498;12685;0,001537988311288834204
498;12755;0,001537988311288834204
498;12765;0,000615195324515533681
498;12769;0,001537988311288834204
498;12772;0,001537988311288834204
498;12964;0,001537988311288834204
498;13095;0,001537988311288834204
498;13158;0,001537988311288834204
498;13178;0,001537988311288834204
498;13239;0,001537988311288834204
498;13367;0,001537988311288834204
498;13428;0,001537988311288834204
498;13429;0,001537988311288834204
498;13452;0,001537988311288834204
498;13537;0,001230390649031067363
498;13545;0,001537988311288834204
498;13580;0,001537988311288834204
498;13583;0,001537988311288834204
498;13623;0,001537988311288834204
498;13676;0,000615195324515533681
498;13907;0,001537988311288834204
498;14050;0,001537988311288834204
498;14072;0,002768378960319901568
498;14179;0,001537988311288834204
498;14184;0,000615195324515533681
498;14323;0,000922792986773300522
498;14653;0,002768378960319901568
498;14683;0,001537988311288834204
498;14899;0,000615195324515533681
498;14907;0,000615195324515533681
498;15643;0,000615195324515533681
498;15682;0,000615195324515533681
498;15721;0,000615195324515533681
498;15737;0,000615195324515533681
498;15762;0,001537988311288834204
498;15888;0,001537988311288834204
498;15906;0,001537988311288834204
498;16076;0,001537988311288834204
498;16647;0,000615195324515533681
498;16649;0,001537988311288834204
498;16654;0,001537988311288834204
498;16657;0,000615195324515533681
498;16658;0,001537988311288834204
498;16662;0,000615195324515533681
498;16815;0,001537988311288834204
498;16873;0,001537988311288834204
498;16880;0,000922792986773300522
498;16937;0,001537988311288834204
498;17248;0,001537988311288834204
498;17263;0,002768378960319901568
498;17270;0,001537988311288834204
498;17278;0,001537988311288834204
498;17279;0,001537988311288834204
498;17280;0,000615195324515533681
498;17281;0,002768378960319901568
498;17388;0,001537988311288834204
498;17449;0,001537988311288834204
498;17516;0,000615195324515533681
498;17584;0,001537988311288834204
498;17596;0,001537988311288834204
498;17665;0,001537988311288834204
498;17678;0,001537988311288834204
498;17773;0,000615195324515533681
498;17789;0,001537988311288834204
498;18525;0,002768378960319901568
498;18622;0,001845585973546601045
498;19188;0,001537988311288834204
498;19419;0,002768378960319901568
498;20414;0,001537988311288834204
498;20436;0,002768378960319901568
498;20662;0,000615195324515533681
498;20984;0,001845585973546601045
498;21005;0,001537988311288834204
498;21374;0,001537988311288834204
498;21490;0,001537988311288834204
498;21986;0,001537988311288834204
498;22298;0,001537988311288834204
498;22702;0,000615195324515533681
498;22864;0,000615195324515533681
498;23562;0,001537988311288834204
498;23726;0,000615195324515533681
498;23930;0,001537988311288834204
498;23953;0,001537988311288834204
498;23954;0,001537988311288834204
498;24049;0,001537988311288834204
498;24113;0,001537988311288834204
498;24258;0,001537988311288834204
498;25272;0,000615195324515533681
498;26070;0,000615195324515533681
498;26095;0,001537988311288834204
498;26251;0,000615195324515533681
498;26786;0,000615195324515533681
498;27170;0,001537988311288834204
498;27239;0,001537988311288834204
498;27356;0,001537988311288834204
498;27425;0,001537988311288834204
498;27433;0,001537988311288834204
498;27442;0,002460781298062134727
498;27468;0,001537988311288834204
498;27489;0,001537988311288834204
498;27522;0,001537988311288834204
498;27527;0,001537988311288834204
498;27535;0,000615195324515533681
498;27539;0,000615195324515533681
498;27565;0,000615195324515533681
498;27587;0,001537988311288834204
498;27601;0,001537988311288834204
498;27610;0,002768378960319901568
498;27611;0,001537988311288834204
498;27657;0,001537988311288834204
498;27761;0,001537988311288834204
498;27762;0,001537988311288834204
498;27779;0,001537988311288834204
498;27781;0,001537988311288834204
498;27822;0,000615195324515533681
498;27842;0,001537988311288834204
498;27848;0,001537988311288834204
498;27861;0,001537988311288834204
498;27864;0,001537988311288834204
498;27866;0,001537988311288834204
498;27887;0,002768378960319901568
498;27929;0,000922792986773300522
498;27946;0,001537988311288834204
498;27951;0,000615195324515533681
498;27953;0,000615195324515533681
498;28011;0,001230390649031067363
498;28019;0,000615195324515533681
498;28030;0,002768378960319901568
498;28038;0,001537988311288834204
498;28048;0,000615195324515533681
498;28105;0,000615195324515533681
498;28111;0,001537988311288834204
498;28116;0,000615195324515533681
498;28128;0,001537988311288834204
498;28143;0,001537988311288834204
498;28194;0,001537988311288834204
498;28226;0,001537988311288834204
498;28245;0,001537988311288834204
498;28272;0,000615195324515533681
498;28339;0,001537988311288834204
498;28342;0,001537988311288834204
498;28344;0,001537988311288834204
498;28400;0,001537988311288834204
498;28411;0,001537988311288834204
498;28445;0,001537988311288834204
498;28462;0,000615195324515533681
498;28464;0,000615195324515533681
498;28465;0,000615195324515533681
498;28471;0,001537988311288834204
498;28479;0,001537988311288834204
498;28482;0,001537988311288834204
498;28486;0,000615195324515533681
498;28495;0,001537988311288834204
498;28506;0,001537988311288834204
498;28533;0,001537988311288834204
498;28549;0,000615195324515533681
498;28570;0,001537988311288834204
498;28586;0,001537988311288834204
498;28602;0,000922792986773300522
498;28610;0,001537988311288834204
498;28615;0,001537988311288834204
498;28625;0,001537988311288834204
498;28627;0,001537988311288834204
498;28640;0,000615195324515533681
498;28647;0,001537988311288834204
498;28661;0,001537988311288834204
498;28697;0,001537988311288834204
498;28705;0,001845585973546601045
498;28716;0,001537988311288834204
498;28726;0,001537988311288834204
498;28727;0,001537988311288834204
498;28731;0,002768378960319901568
498;28751;0,001537988311288834204
498;28780;0,001537988311288834204
498;28784;0,001537988311288834204
498;28797;0,001537988311288834204
498;28798;0,001537988311288834204
498;28806;0,001537988311288834204
498;28821;0,001537988311288834204
498;28826;0,001537988311288834204
498;28835;0,000615195324515533681
498;28851;0,001537988311288834204
498;28875;0,000615195324515533681
498;28879;0,001537988311288834204
498;28892;0,000615195324515533681
498;28925;0,001537988311288834204
498;28933;0,001537988311288834204
498;29667;0,001537988311288834204
498;30811;0,001537988311288834204
498;37811;0,001537988311288834204
498;40028;0,001537988311288834204
498;45711;0,000922792986773300522
498;45724;0,001537988311288834204
498;50905;0,000615195324515533681
498;52385;0,001537988311288834204
498;62135;0,001537988311288834204
498;72209;0,000615195324515533681
498;73134;0,001537988311288834204
498;145389;0,001537988311288834204
498;317905;0,001537988311288834204
498;374246;0,001537988311288834204
498;440497;0,001537988311288834204
498;455460;0,000615195324515533681
498;606725;0,001537988311288834204
498;968025;0,000615195324515533681
498;968148;0,000615195324515533681
502;80;0,052941176470588235294
502;219;0,041176470588235294117
502;324;0,017647058823529411764
502;382;0,005882352941176470588
502;396;0,005882352941176470588
502;398;0,005882352941176470588
502;530;0,011764705882352941176
502;668;0,023529411764705882352
502;689;0,023529411764705882352
502;719;0,005882352941176470588
502;876;0,052941176470588235294
502;945;0,005882352941176470588
502;1130;0,005882352941176470588
502;1131;0,123529411764705882352
502;1248;0,076470588235294117647
502;1606;0,005882352941176470588
502;1893;0,017647058823529411764
502;1894;0,005882352941176470588
502;2436;0,017647058823529411764
502;2516;0,017647058823529411764
502;2517;0,029411764705882352941
502;2518;0,017647058823529411764
502;3443;0,094117647058823529411
502;3465;0,005882352941176470588
502;3515;0,105882352941176470588
502;3625;0,123529411764705882352
502;3671;0,005882352941176470588
502;12333;0,005882352941176470588
502;14010;0,005882352941176470588
502;321395;0,064705882352941176470
502;440509;0,005882352941176470588
502;642255;0,011764705882352941176
504;1606;0,076923076923076923076
504;8223;0,230769230769230769230
504;12356;0,692307692307692307692
510;1913;0,750000000000000000000
510;3463;0,250000000000000000000
512;621;0,333333333333333333333
512;622;0,111111111111111111111
512;2385;0,111111111111111111111
512;3268;0,111111111111111111111
512;219255;0,111111111111111111111
512;533247;0,222222222222222222222
513;131;0,111111111111111111111
513;423;0,037037037037037037037
513;441;0,037037037037037037037
513;1891;0,037037037037037037037
513;2380;0,111111111111111111111
513;7135;0,111111111111111111111
513;13482;0,037037037037037037037
513;41776;0,518518518518518518518
517;72;0,125000000000000000000
517;829;0,093750000000000000000
517;852;0,031250000000000000000
517;982;0,031250000000000000000
517;1117;0,062500000000000000000
517;2364;0,031250000000000000000
517;3395;0,250000000000000000000
517;5395;0,031250000000000000000
517;27615;0,031250000000000000000
517;28092;0,031250000000000000000
517;116140;0,125000000000000000000
517;474028;0,156250000000000000000
518;1439;0,500000000000000000000
518;3096;0,500000000000000000000
519;409;0,062500000000000000000
519;1764;0,062500000000000000000
519;2005;0,125000000000000000000
519;2494;0,500000000000000000000
519;3178;0,062500000000000000000
519;17266;0,062500000000000000000
519;17269;0,062500000000000000000
519;119973;0,062500000000000000000
520;71;0,013888888888888888888
520;240;0,013888888888888888888
520;362;0,041666666666666666666
520;521;0,027777777777777777777
520;527;0,041666666666666666666
520;528;0,041666666666666666666
520;793;0,041666666666666666666
520;859;0,027777777777777777777
520;995;0,013888888888888888888
520;1182;0,166666666666666666666
520;1314;0,013888888888888888888
520;1315;0,027777777777777777777
520;1778;0,041666666666666666666
520;1944;0,013888888888888888888
520;4225;0,111111111111111111111
520;4379;0,083333333333333333333
520;4991;0,041666666666666666666
520;5012;0,027777777777777777777
520;5484;0,041666666666666666666
520;5935;0,069444444444444444444
520;8442;0,027777777777777777777
520;9722;0,027777777777777777777
520;113459;0,027777777777777777777
520;408414;0,013888888888888888888
521;520;0,111111111111111111111
521;527;0,074074074074074074074
521;528;0,111111111111111111111
521;652;0,037037037037037037037
521;1150;0,037037037037037037037
521;1600;0,111111111111111111111
521;1866;0,037037037037037037037
521;1938;0,037037037037037037037
521;3680;0,037037037037037037037
521;3800;0,111111111111111111111
521;4237;0,037037037037037037037
521;6320;0,074074074074074074074
521;8156;0,037037037037037037037
521;8623;0,037037037037037037037
521;9390;0,037037037037037037037
521;9399;0,037037037037037037037
521;533247;0,037037037037037037037
523;527;0,500000000000000000000
523;1293;0,500000000000000000000
524;65;0,030303030303030303030
524;526;0,030303030303030303030
524;527;0,030303030303030303030
524;621;0,030303030303030303030
524;815;0,030303030303030303030
524;866;0,030303030303030303030
524;877;0,060606060606060606060
524;1066;0,060606060606060606060
524;1121;0,090909090909090909090
524;1122;0,060606060606060606060
524;1234;0,030303030303030303030
524;2504;0,030303030303030303030
524;2644;0,030303030303030303030
524;2779;0,121212121212121212121
524;3356;0,151515151515151515151
524;5437;0,030303030303030303030
524;5632;0,030303030303030303030
524;7939;0,030303030303030303030
524;8500;0,030303030303030303030
524;9807;0,030303030303030303030
524;533247;0,030303030303030303030
526;528;0,074074074074074074074
526;883;0,037037037037037037037
526;1286;0,037037037037037037037
526;2147;0,074074074074074074074
526;2385;0,037037037037037037037
526;2503;0,111111111111111111111
526;2779;0,074074074074074074074
526;3085;0,037037037037037037037
526;3116;0,148148148148148148148
526;5437;0,074074074074074074074
526;7759;0,037037037037037037037
526;9396;0,111111111111111111111
526;9436;0,074074074074074074074
526;326597;0,037037037037037037037
526;533247;0,037037037037037037037
527;39;0,016129032258064516129
527;135;0,048387096774193548387
527;190;0,032258064516129032258
527;266;0,032258064516129032258
527;520;0,129032258064516129032
527;521;0,048387096774193548387
527;523;0,032258064516129032258
527;524;0,032258064516129032258
527;526;0,032258064516129032258
527;528;0,032258064516129032258
527;613;0,048387096774193548387
527;1092;0,016129032258064516129
527;2080;0,016129032258064516129
527;2445;0,032258064516129032258
527;2596;0,032258064516129032258
527;3089;0,016129032258064516129
527;3320;0,016129032258064516129
527;3811;0,032258064516129032258
527;4108;0,032258064516129032258
527;4307;0,032258064516129032258
527;4345;0,129032258064516129032
527;4837;0,016129032258064516129
527;5016;0,016129032258064516129
527;6349;0,016129032258064516129
527;17248;0,048387096774193548387
527;18695;0,016129032258064516129
527;22123;0,048387096774193548387
529;71;0,083333333333333333333
529;360;0,083333333333333333333
529;990;0,083333333333333333333
529;1234;0,083333333333333333333
529;1724;0,083333333333333333333
529;3235;0,083333333333333333333
529;3523;0,333333333333333333333
529;98841;0,166666666666666666666
538;108;0,068181818181818181818
538;219;0,022727272727272727272
538;324;0,136363636363636363636
538;349;0,113636363636363636363
538;351;0,159090909090909090909
538;817;0,022727272727272727272
538;1340;0,022727272727272727272
538;1894;0,022727272727272727272
538;2592;0,022727272727272727272
538;3223;0,068181818181818181818
538;4278;0,068181818181818181818
538;10602;0,068181818181818181818
538;119973;0,136363636363636363636
538;434991;0,068181818181818181818
540;3103;1,000000000000000000000
543;131;0,100000000000000000000
543;886;0,100000000000000000000
543;1307;0,100000000000000000000
543;1923;0,100000000000000000000
543;2851;0,100000000000000000000
543;3015;0,100000000000000000000
543;4435;0,100000000000000000000
543;5061;0,100000000000000000000
543;5528;0,200000000000000000000
545;246;0,023809523809523809523
545;271;0,023809523809523809523
545;409;0,023809523809523809523
545;1497;0,023809523809523809523
545;1824;0,023809523809523809523
545;2323;0,023809523809523809523
545;2337;0,023809523809523809523
545;2343;0,023809523809523809523
545;2371;0,047619047619047619047
545;2372;0,071428571428571428571
545;2678;0,071428571428571428571
545;3304;0,071428571428571428571
545;3360;0,023809523809523809523
545;3731;0,023809523809523809523
545;3978;0,023809523809523809523
545;4374;0,023809523809523809523
545;4657;0,023809523809523809523
545;4794;0,023809523809523809523
545;5506;0,047619047619047619047
545;5915;0,047619047619047619047
545;6694;0,071428571428571428571
545;7748;0,023809523809523809523
545;7968;0,071428571428571428571
545;9992;0,023809523809523809523
545;10860;0,023809523809523809523
545;11734;0,023809523809523809523
545;12385;0,023809523809523809523
545;14652;0,023809523809523809523
545;15867;0,023809523809523809523
546;727998;1,000000000000000000000
547;761;0,457142857142857142857
547;923;0,028571428571428571428
547;988;0,257142857142857142857
547;1162;0,028571428571428571428
547;3158;0,085714285714285714285
547;3164;0,028571428571428571428
547;4933;0,028571428571428571428
547;4935;0,028571428571428571428
547;5350;0,028571428571428571428
547;5856;0,028571428571428571428
550;73;0,011494252873563218390
550;132;0,195402298850574712643
550;485;0,011494252873563218390
550;596;0,091954022988505747126
550;658;0,091954022988505747126
550;1319;0,057471264367816091954
550;1462;0,022988505747126436781
550;1487;0,068965517241379310344
550;1596;0,022988505747126436781
550;2509;0,022988505747126436781
550;2882;0,045977011494252873563
550;3230;0,057471264367816091954
550;3433;0,045977011494252873563
550;3694;0,022988505747126436781
550;4150;0,011494252873563218390
550;5443;0,011494252873563218390
550;6130;0,022988505747126436781
550;12528;0,011494252873563218390
550;12706;0,057471264367816091954
550;15895;0,011494252873563218390
550;256804;0,103448275862068965517
551;54;0,100000000000000000000
551;1068;0,100000000000000000000
551;1344;0,100000000000000000000
551;2380;0,100000000000000000000
551;2817;0,100000000000000000000
551;3230;0,100000000000000000000
551;3694;0,200000000000000000000
551;5790;0,100000000000000000000
551;13476;0,100000000000000000000
558;794;0,098039215686274509803
558;851;0,107843137254901960784
558;1035;0,098039215686274509803
558;1596;0,098039215686274509803
558;2657;0,098039215686274509803
558;2825;0,098039215686274509803
558;5440;0,098039215686274509803
558;7132;0,098039215686274509803
558;7577;0,009803921568627450980
558;7866;0,098039215686274509803
558;374246;0,098039215686274509803
567;1996;0,333333333333333333333
567;3877;0,666666666666666666666
571;183;0,043478260869565217391
571;567;0,043478260869565217391
571;1124;0,043478260869565217391
571;1597;0,043478260869565217391
571;1600;0,086956521739130434782
571;1844;0,130434782608695652173
571;1897;0,086956521739130434782
571;3548;0,130434782608695652173
571;3791;0,173913043478260869565
571;6788;0,043478260869565217391
571;9720;0,043478260869565217391
571;81163;0,043478260869565217391
571;701610;0,043478260869565217391
571;725179;0,043478260869565217391
573;41;0,037037037037037037037
573;113;0,074074074074074074074
573;864;0,037037037037037037037
573;1082;0,037037037037037037037
573;1293;0,037037037037037037037
573;2188;0,037037037037037037037
573;2484;0,074074074074074074074
573;3189;0,037037037037037037037
573;3551;0,037037037037037037037
573;4000;0,037037037037037037037
573;4090;0,037037037037037037037
573;4421;0,037037037037037037037
573;4877;0,074074074074074074074
573;5800;0,037037037037037037037
573;6372;0,037037037037037037037
573;7748;0,111111111111111111111
573;8268;0,074074074074074074074
573;14050;0,037037037037037037037
573;20436;0,037037037037037037037
573;393418;0,074074074074074074074
576;485;0,166666666666666666666
576;3694;0,166666666666666666666
576;4639;0,083333333333333333333
576;7653;0,083333333333333333333
576;9622;0,166666666666666666666
576;12572;0,250000000000000000000
576;13476;0,083333333333333333333
585;39;0,200000000000000000000
585;3877;0,200000000000000000000
585;4885;0,600000000000000000000
588;748;0,125000000000000000000
588;983;0,125000000000000000000
588;3340;0,500000000000000000000
588;9924;0,125000000000000000000
588;26786;0,125000000000000000000
594;1335;0,083333333333333333333
594;3697;0,083333333333333333333
594;5679;0,833333333333333333333
600;1079;0,045454545454545454545
600;1316;0,045454545454545454545
600;2070;0,045454545454545454545
600;2743;0,045454545454545454545
600;2851;0,045454545454545454545
600;3007;0,318181818181818181818
600;3123;0,045454545454545454545
600;5896;0,045454545454545454545
600;6721;0,090909090909090909090
600;7130;0,136363636363636363636
600;8568;0,045454545454545454545
600;20648;0,045454545454545454545
600;23562;0,045454545454545454545
602;352;1,000000000000000000000
605;5329;1,000000000000000000000
607;886;0,750000000000000000000
607;5061;0,250000000000000000000
608;148;0,111111111111111111111
608;609;0,777777777777777777777
608;1434;0,111111111111111111111
611;533247;1,000000000000000000000
612;39;0,320000000000000000000
612;1046;0,040000000000000000000
612;8156;0,080000000000000000000
612;9762;0,200000000000000000000
612;389498;0,360000000000000000000
613;520;0,014285714285714285714
613;527;0,071428571428571428571
613;750;0,014285714285714285714
613;1182;0,028571428571428571428
613;2596;0,014285714285714285714
613;3256;0,014285714285714285714
613;3260;0,014285714285714285714
613;3320;0,028571428571428571428
613;3811;0,028571428571428571428
613;3877;0,014285714285714285714
613;4108;0,014285714285714285714
613;4225;0,042857142857142857142
613;4307;0,371428571428571428571
613;5093;0,042857142857142857142
613;5603;0,028571428571428571428
613;6913;0,071428571428571428571
613;7572;0,014285714285714285714
613;8440;0,014285714285714285714
613;8464;0,014285714285714285714
613;17248;0,028571428571428571428
613;17302;0,014285714285714285714
613;22123;0,014285714285714285714
613;276963;0,014285714285714285714
613;343424;0,028571428571428571428
613;353446;0,014285714285714285714
613;366867;0,014285714285714285714
613;382779;0,014285714285714285714
615;85;0,003558718861209964412
615;96;0,053380782918149466192
615;122;0,003558718861209964412
615;237;0,003558718861209964412
615;247;0,003558718861209964412
615;248;0,010676156583629893238
615;249;0,007117437722419928825
615;250;0,010676156583629893238
615;251;0,017793594306049822064
615;253;0,007117437722419928825
615;268;0,017793594306049822064
615;285;0,010676156583629893238
615;540;0,007117437722419928825
615;626;0,007117437722419928825
615;678;0,003558718861209964412
615;724;0,007117437722419928825
615;781;0,010676156583629893238
615;941;0,007117437722419928825
615;980;0,007117437722419928825
615;984;0,007117437722419928825
615;1048;0,010676156583629893238
615;1142;0,003558718861209964412
615;1153;0,007117437722419928825
615;1154;0,003558718861209964412
615;1160;0,007117437722419928825
615;1310;0,007117437722419928825
615;1342;0,007117437722419928825
615;1523;0,007117437722419928825
615;1526;0,007117437722419928825
615;1868;0,007117437722419928825
615;1873;0,007117437722419928825
615;1889;0,007117437722419928825
615;1898;0,010676156583629893238
615;1988;0,003558718861209964412
615;2136;0,007117437722419928825
615;2139;0,010676156583629893238
615;2252;0,010676156583629893238
615;2293;0,003558718861209964412
615;2398;0,010676156583629893238
615;2461;0,007117437722419928825
615;2464;0,003558718861209964412
615;2515;0,010676156583629893238
615;3045;0,010676156583629893238
615;3245;0,007117437722419928825
615;3485;0,017793594306049822064
615;3503;0,007117437722419928825
615;3633;0,007117437722419928825
615;3753;0,007117437722419928825
615;3857;0,003558718861209964412
615;3867;0,014234875444839857651
615;3870;0,010676156583629893238
615;3871;0,010676156583629893238
615;3872;0,010676156583629893238
615;3873;0,010676156583629893238
615;4018;0,007117437722419928825
615;4080;0,007117437722419928825
615;4323;0,007117437722419928825
615;4359;0,003558718861209964412
615;4507;0,003558718861209964412
615;4513;0,007117437722419928825
615;4598;0,007117437722419928825
615;4713;0,007117437722419928825
615;4722;0,007117437722419928825
615;4747;0,007117437722419928825
615;5042;0,003558718861209964412
615;5174;0,007117437722419928825
615;5289;0,007117437722419928825
615;5304;0,007117437722419928825
615;5383;0,007117437722419928825
615;5500;0,007117437722419928825
615;5578;0,007117437722419928825
615;5824;0,007117437722419928825
615;5861;0,007117437722419928825
615;6444;0,007117437722419928825
615;6535;0,007117437722419928825
615;6666;0,007117437722419928825
615;6746;0,007117437722419928825
615;6781;0,007117437722419928825
615;6979;0,007117437722419928825
615;6980;0,007117437722419928825
615;6981;0,010676156583629893238
615;7142;0,007117437722419928825
615;8051;0,007117437722419928825
615;9657;0,007117437722419928825
615;9691;0,007117437722419928825
615;9805;0,003558718861209964412
615;10306;0,003558718861209964412
615;10823;0,007117437722419928825
615;12391;0,003558718861209964412
615;12396;0,003558718861209964412
615;12712;0,007117437722419928825
615;12745;0,003558718861209964412
615;12775;0,007117437722419928825
615;12876;0,007117437722419928825
615;12880;0,007117437722419928825
615;14013;0,003558718861209964412
615;17720;0,007117437722419928825
615;23419;0,007117437722419928825
615;24370;0,007117437722419928825
615;24371;0,007117437722419928825
615;27588;0,007117437722419928825
615;28405;0,021352313167259786476
615;28914;0,007117437722419928825
615;28993;0,007117437722419928825
615;34696;0,007117437722419928825
615;67275;0,007117437722419928825
615;137801;0,007117437722419928825
615;144425;0,014234875444839857651
615;146155;0,007117437722419928825
615;152076;0,007117437722419928825
615;216172;0,010676156583629893238
615;219132;0,007117437722419928825
615;251573;0,007117437722419928825
615;253384;0,007117437722419928825
615;255463;0,007117437722419928825
615;276695;0,007117437722419928825
615;278351;0,007117437722419928825
615;281067;0,007117437722419928825
615;281170;0,007117437722419928825
615;283633;0,007117437722419928825
615;283636;0,007117437722419928825
615;283638;0,010676156583629893238
615;283639;0,007117437722419928825
615;321112;0,007117437722419928825
615;355336;0,010676156583629893238
615;377026;0,007117437722419928825
617;1222;0,500000000000000000000
617;2326;0,500000000000000000000
620;2434;1,000000000000000000000
621;512;0,026315789473684210526
621;524;0,026315789473684210526
621;622;0,026315789473684210526
621;970;0,078947368421052631578
621;1286;0,026315789473684210526
621;2029;0,052631578947368421052
621;2385;0,131578947368421052631
621;2434;0,157894736842105263157
621;2683;0,026315789473684210526
621;2779;0,026315789473684210526
621;2780;0,026315789473684210526
621;3268;0,026315789473684210526
621;5438;0,026315789473684210526
621;5439;0,026315789473684210526
621;5441;0,026315789473684210526
621;5444;0,105263157894736842105
621;7328;0,105263157894736842105
621;7939;0,026315789473684210526
621;533247;0,052631578947368421052
622;151;0,016949152542372881355
622;190;0,033898305084745762711
622;497;0,050847457627118644067
622;621;0,050847457627118644067
622;841;0,016949152542372881355
622;877;0,033898305084745762711
622;878;0,050847457627118644067
622;1066;0,016949152542372881355
622;2147;0,254237288135593220338
622;2271;0,016949152542372881355
622;2385;0,016949152542372881355
622;2697;0,016949152542372881355
622;2786;0,033898305084745762711
622;3085;0,016949152542372881355
622;3680;0,050847457627118644067
622;5437;0,084745762711864406779
622;5441;0,016949152542372881355
622;5487;0,016949152542372881355
622;5626;0,033898305084745762711
622;5638;0,016949152542372881355
622;6316;0,016949152542372881355
622;6581;0,016949152542372881355
622;8156;0,016949152542372881355
622;9402;0,016949152542372881355
622;18641;0,084745762711864406779
625;122;0,311926605504587155963
625;626;0,027522935779816513761
625;635;0,027522935779816513761
625;798;0,036697247706422018348
625;972;0,009174311926605504587
625;1033;0,018348623853211009174
625;1065;0,018348623853211009174
625;1154;0,018348623853211009174
625;1637;0,027522935779816513761
625;2230;0,018348623853211009174
625;2302;0,100917431192660550458
625;2741;0,027522935779816513761
625;2852;0,018348623853211009174
625;3246;0,018348623853211009174
625;3393;0,036697247706422018348
625;6203;0,275229357798165137614
625;8363;0,009174311926605504587
626;122;0,437500000000000000000
626;625;0,500000000000000000000
626;1154;0,062500000000000000000
628;37;0,089743589743589743589
628;54;0,012820512820512820512
628;71;0,153846153846153846153
628;96;0,012820512820512820512
628;194;0,243589743589743589743
628;276;0,012820512820512820512
628;427;0,012820512820512820512
628;472;0,012820512820512820512
628;567;0,038461538461538461538
628;695;0,025641025641025641025
628;700;0,051282051282051282051
628;1754;0,012820512820512820512
628;1925;0,012820512820512820512
628;1940;0,115384615384615384615
628;1945;0,038461538461538461538
628;3098;0,012820512820512820512
628;3325;0,012820512820512820512
628;59745;0,038461538461538461538
628;59841;0,025641025641025641025
628;349041;0,064102564102564102564
635;2712;0,500000000000000000000
635;5029;0,500000000000000000000
638;687941;1,000000000000000000000
641;995;0,500000000000000000000
641;13041;0,500000000000000000000
644;71;0,041666666666666666666
644;89;0,041666666666666666666
644;645;0,041666666666666666666
644;1143;0,166666666666666666666
644;1276;0,041666666666666666666
644;1657;0,041666666666666666666
644;3098;0,041666666666666666666
644;3996;0,041666666666666666666
644;4159;0,041666666666666666666
644;4160;0,041666666666666666666
644;4306;0,041666666666666666666
644;4435;0,083333333333333333333
644;4695;0,083333333333333333333
644;6504;0,041666666666666666666
644;6511;0,041666666666666666666
644;6517;0,083333333333333333333
644;140271;0,083333333333333333333
645;71;0,062500000000000000000
645;89;0,062500000000000000000
645;644;0,062500000000000000000
645;1316;0,062500000000000000000
645;1657;0,062500000000000000000
645;3128;0,125000000000000000000
645;5338;0,062500000000000000000
645;6504;0,062500000000000000000
645;6517;0,062500000000000000000
645;6518;0,062500000000000000000
645;7577;0,062500000000000000000
645;7597;0,187500000000000000000
645;140271;0,062500000000000000000
648;435;0,166666666666666666666
648;1663;0,083333333333333333333
648;2310;0,083333333333333333333
648;2380;0,166666666666666666666
648;2494;0,083333333333333333333
648;3135;0,083333333333333333333
648;12572;0,250000000000000000000
648;28610;0,083333333333333333333
652;39;0,023255813953488372093
652;521;0,011627906976744186046
652;547;0,023255813953488372093
652;579;0,151162790697674418604
652;1949;0,011627906976744186046
652;2800;0,023255813953488372093
652;3164;0,197674418604651162790
652;3877;0,011627906976744186046
652;3891;0,023255813953488372093
652;4102;0,034883720930232558139
652;4377;0,116279069767441860465
652;5172;0,034883720930232558139
652;5613;0,011627906976744186046
652;7920;0,220930232558139534883
652;17727;0,104651162790697674418
657;485;0,071428571428571428571
657;1344;0,142857142857142857142
657;2179;0,071428571428571428571
657;3122;0,428571428571428571428
657;7671;0,071428571428571428571
657;112314;0,071428571428571428571
657;179346;0,071428571428571428571
657;512469;0,071428571428571428571
660;148;0,142857142857142857142
660;288;0,285714285714285714285
660;2419;0,142857142857142857142
660;2544;0,142857142857142857142
660;3189;0,142857142857142857142
660;113392;0,142857142857142857142
662;276;0,017543859649122807017
662;529;0,087719298245614035087
662;1122;0,008771929824561403508
662;1944;0,166666666666666666666
662;2547;0,017543859649122807017
662;3523;0,166666666666666666666
662;3664;0,017543859649122807017
662;59745;0,008771929824561403508
662;78108;0,482456140350877192982
662;366089;0,026315789473684210526
667;668;0,600000000000000000000
667;1288;0,200000000000000000000
667;157749;0,200000000000000000000
668;80;0,063694267515923566878
668;102;0,012738853503184713375
668;219;0,057324840764331210191
668;324;0,012738853503184713375
668;452;0,006369426751592356687
668;502;0,057324840764331210191
668;530;0,012738853503184713375
668;531;0,019108280254777070063
668;667;0,038216560509554140127
668;819;0,012738853503184713375
668;876;0,031847133757961783439
668;933;0,006369426751592356687
668;1116;0,031847133757961783439
668;1129;0,038216560509554140127
668;1131;0,108280254777070063694
668;1248;0,063694267515923566878
668;1893;0,012738853503184713375
668;2436;0,006369426751592356687
668;2516;0,031847133757961783439
668;3443;0,050955414012738853503
668;3515;0,038216560509554140127
668;3625;0,076433121019108280254
668;4173;0,031847133757961783439
668;12617;0,012738853503184713375
668;13482;0,044585987261146496815
668;321395;0,019108280254777070063
668;507180;0,089171974522292993630
668;642255;0,012738853503184713375
669;24;0,065934065934065934065
669;408;0,010989010989010989010
669;427;0,010989010989010989010
669;657;0,021978021978021978021
669;878;0,043956043956043956043
669;990;0,010989010989010989010
669;1046;0,010989010989010989010
669;1225;0,021978021978021978021
669;1344;0,010989010989010989010
669;1489;0,010989010989010989010
669;1513;0,021978021978021978021
669;1991;0,010989010989010989010
669;2008;0,010989010989010989010
669;2223;0,021978021978021978021
669;2515;0,065934065934065934065
669;2817;0,065934065934065934065
669;3105;0,010989010989010989010
669;3260;0,076923076923076923076
669;4657;0,010989010989010989010
669;4877;0,010989010989010989010
669;6320;0,043956043956043956043
669;6447;0,032967032967032967032
669;7968;0,010989010989010989010
669;8051;0,010989010989010989010
669;8095;0,032967032967032967032
669;8623;0,120879120879120879120
669;9398;0,043956043956043956043
669;9436;0,054945054945054945054
669;14072;0,010989010989010989010
669;48862;0,087912087912087912087
669;59745;0,010989010989010989010
669;695327;0,010989010989010989010
671;1894;1,000000000000000000000
678;268;0,025641025641025641025
678;285;0,205128205128205128205
678;615;0,051282051282051282051
678;1448;0,128205128205128205128
678;1526;0,102564102564102564102
678;1547;0,025641025641025641025
678;1868;0,051282051282051282051
678;1889;0,025641025641025641025
678;2515;0,025641025641025641025
678;2661;0,051282051282051282051
678;3189;0,025641025641025641025
678;4020;0,102564102564102564102
678;5289;0,025641025641025641025
678;7160;0,025641025641025641025
678;7478;0,025641025641025641025
678;23646;0,051282051282051282051
678;216172;0,051282051282051282051
682;681;0,333333333333333333333
682;3155;0,166666666666666666666
682;6773;0,166666666666666666666
682;13176;0,333333333333333333333
683;681;0,375000000000000000000
683;979;0,125000000000000000000
683;995;0,125000000000000000000
683;3615;0,375000000000000000000
689;39;0,007936507936507936507
689;74;0,035714285714285714285
689;83;0,011904761904761904761
689;85;0,007936507936507936507
689;115;0,015873015873015873015
689;132;0,011904761904761904761
689;222;0,003968253968253968253
689;249;0,011904761904761904761
689;260;0,003968253968253968253
689;261;0,007936507936507936507
689;266;0,003968253968253968253
689;399;0,011904761904761904761
689;404;0,003968253968253968253
689;406;0,003968253968253968253
689;407;0,011904761904761904761
689;411;0,003968253968253968253
689;417;0,003968253968253968253
689;419;0,003968253968253968253
689;458;0,011904761904761904761
689;472;0,003968253968253968253
689;475;0,003968253968253968253
689;502;0,015873015873015873015
689;609;0,011904761904761904761
689;612;0,003968253968253968253
689;748;0,003968253968253968253
689;793;0,003968253968253968253
689;845;0,003968253968253968253
689;846;0,011904761904761904761
689;956;0,007936507936507936507
689;972;0,003968253968253968253
689;988;0,015873015873015873015
689;1065;0,003968253968253968253
689;1196;0,003968253968253968253
689;1243;0,003968253968253968253
689;1250;0,023809523809523809523
689;1255;0,011904761904761904761
689;1276;0,003968253968253968253
689;1286;0,003968253968253968253
689;1406;0,011904761904761904761
689;1503;0,003968253968253968253
689;1563;0,003968253968253968253
689;1569;0,007936507936507936507
689;1623;0,003968253968253968253
689;1697;0,003968253968253968253
689;1702;0,011904761904761904761
689;1708;0,003968253968253968253
689;1731;0,007936507936507936507
689;1754;0,003968253968253968253
689;1762;0,015873015873015873015
689;1763;0,015873015873015873015
689;1873;0,003968253968253968253
689;1913;0,003968253968253968253
689;1963;0,003968253968253968253
689;2021;0,003968253968253968253
689;2137;0,003968253968253968253
689;2269;0,019841269841269841269
689;2280;0,003968253968253968253
689;2337;0,003968253968253968253
689;2374;0,051587301587301587301
689;2440;0,003968253968253968253
689;2515;0,007936507936507936507
689;2585;0,011904761904761904761
689;2655;0,003968253968253968253
689;2704;0,003968253968253968253
689;2834;0,003968253968253968253
689;2844;0,003968253968253968253
689;3188;0,003968253968253968253
689;3189;0,003968253968253968253
689;3219;0,019841269841269841269
689;3374;0,003968253968253968253
689;3436;0,015873015873015873015
689;3683;0,003968253968253968253
689;3829;0,015873015873015873015
689;3859;0,011904761904761904761
689;3891;0,011904761904761904761
689;3996;0,003968253968253968253
689;4004;0,003968253968253968253
689;4098;0,011904761904761904761
689;4179;0,003968253968253968253
689;4225;0,003968253968253968253
689;4244;0,003968253968253968253
689;4247;0,003968253968253968253
689;4334;0,003968253968253968253
689;4486;0,003968253968253968253
689;4613;0,003968253968253968253
689;4667;0,011904761904761904761
689;4991;0,003968253968253968253
689;5005;0,003968253968253968253
689;5083;0,011904761904761904761
689;5177;0,031746031746031746031
689;5306;0,003968253968253968253
689;5484;0,003968253968253968253
689;5521;0,011904761904761904761
689;5564;0,007936507936507936507
689;5626;0,003968253968253968253
689;5682;0,003968253968253968253
689;6372;0,011904761904761904761
689;7215;0,003968253968253968253
689;7941;0,011904761904761904761
689;7968;0,003968253968253968253
689;8223;0,007936507936507936507
689;9015;0,003968253968253968253
689;9376;0,003968253968253968253
689;9395;0,007936507936507936507
689;9468;0,003968253968253968253
689;12441;0,003968253968253968253
689;12936;0,015873015873015873015
689;13239;0,007936507936507936507
689;14050;0,011904761904761904761
689;15682;0,003968253968253968253
689;15863;0,011904761904761904761
689;16665;0,011904761904761904761
689;24446;0,007936507936507936507
689;25488;0,007936507936507936507
689;27951;0,003968253968253968253
689;28027;0,003968253968253968253
689;28834;0,011904761904761904761
689;47352;0,015873015873015873015
689;50332;0,007936507936507936507
689;50959;0,003968253968253968253
689;54879;0,003968253968253968253
689;59745;0,007936507936507936507
694;277;0,029411764705882352941
694;695;0,176470588235294117647
694;749;0,147058823529411764705
694;2993;0,117647058823529411764
694;5618;0,058823529411764705882
694;12563;0,117647058823529411764
694;95084;0,176470588235294117647
694;119973;0,176470588235294117647
695;71;0,145454545454545454545
695;100;0,036363636363636363636
695;194;0,109090909090909090909
695;240;0,018181818181818181818
695;276;0,036363636363636363636
695;628;0,018181818181818181818
695;700;0,018181818181818181818
695;995;0,036363636363636363636
695;1169;0,036363636363636363636
695;1754;0,018181818181818181818
695;3523;0,018181818181818181818
695;3607;0,018181818181818181818
695;4512;0,036363636363636363636
695;4640;0,018181818181818181818
695;9693;0,036363636363636363636
695;41776;0,090909090909090909090
695;59841;0,090909090909090909090
695;131383;0,018181818181818181818
695;136664;0,036363636363636363636
695;189452;0,018181818181818181818
695;398787;0,018181818181818181818
695;906176;0,109090909090909090909
695;940328;0,018181818181818181818
698;1814;0,142857142857142857142
698;2087;0,571428571428571428571
698;3392;0,285714285714285714285
700;194;0,034482758620689655172
700;379;0,034482758620689655172
700;628;0,034482758620689655172
700;695;0,068965517241379310344
700;1754;0,068965517241379310344
700;1940;0,068965517241379310344
700;3427;0,034482758620689655172
700;349041;0,068965517241379310344
700;453859;0,517241379310344827586
700;747808;0,068965517241379310344
708;2991;1,000000000000000000000
712;433;1,000000000000000000000
713;184;0,033333333333333333333
713;407;0,066666666666666666666
713;458;0,333333333333333333333
713;826;0,033333333333333333333
713;1139;0,033333333333333333333
713;2585;0,100000000000000000000
713;2630;0,033333333333333333333
713;3779;0,100000000000000000000
713;5626;0,100000000000000000000
713;7574;0,033333333333333333333
713;17449;0,100000000000000000000
713;306994;0,033333333333333333333
724;547;0,111111111111111111111
724;761;0,111111111111111111111
724;3158;0,222222222222222222222
724;3656;0,111111111111111111111
724;5350;0,111111111111111111111
724;10390;0,111111111111111111111
724;44336;0,111111111111111111111
724;366869;0,111111111111111111111
731;275;0,106382978723404255319
731;282;0,085106382978723404255
731;477;0,042553191489361702127
731;1439;0,042553191489361702127
731;1637;0,106382978723404255319
731;3161;0,042553191489361702127
731;4039;0,021276595744680851063
731;5138;0,042553191489361702127
731;15471;0,297872340425531914893
731;26566;0,021276595744680851063
731;30063;0,021276595744680851063
731;173893;0,085106382978723404255
731;282773;0,085106382978723404255
733;826;0,006079027355623100303
733;899;0,009118541033434650455
733;1301;0,009118541033434650455
733;1681;0,012158054711246200607
733;2910;0,015197568389057750759
733;2911;0,009118541033434650455
733;2912;0,027355623100303951367
733;2913;0,027355623100303951367
733;2914;0,027355623100303951367
733;2915;0,009118541033434650455
733;2916;0,033434650455927051671
733;2917;0,009118541033434650455
733;2918;0,009118541033434650455
733;2919;0,033434650455927051671
733;2920;0,027355623100303951367
733;2921;0,006079027355623100303
733;2922;0,009118541033434650455
733;2923;0,009118541033434650455
733;2924;0,027355623100303951367
733;2925;0,033434650455927051671
733;2927;0,027355623100303951367
733;2928;0,009118541033434650455
733;2929;0,033434650455927051671
733;2930;0,009118541033434650455
733;2931;0,027355623100303951367
733;2932;0,039513677811550151975
733;2933;0,027355623100303951367
733;2934;0,009118541033434650455
733;2935;0,042553191489361702127
733;2936;0,009118541033434650455
733;2938;0,030395136778115501519
733;2939;0,030395136778115501519
733;2940;0,027355623100303951367
733;2941;0,033434650455927051671
733;2942;0,027355623100303951367
733;2943;0,027355623100303951367
733;2944;0,009118541033434650455
733;2945;0,009118541033434650455
733;2946;0,006079027355623100303
733;2947;0,009118541033434650455
733;2948;0,045592705167173252279
733;2949;0,009118541033434650455
733;2950;0,039513677811550151975
733;2951;0,009118541033434650455
733;2952;0,009118541033434650455
733;2953;0,009118541033434650455
733;2954;0,009118541033434650455
733;2955;0,009118541033434650455
733;2956;0,009118541033434650455
733;49722;0,033434650455927051671
733;282900;0,015197568389057750759
733;475686;0,009118541033434650455
737;2252;1,000000000000000000000
739;740;0,500000000000000000000
739;14266;0,250000000000000000000
739;23228;0,250000000000000000000
740;739;0,083333333333333333333
740;1175;0,041666666666666666666
740;1902;0,041666666666666666666
740;5909;0,041666666666666666666
740;5960;0,041666666666666666666
740;9898;0,083333333333333333333
740;13502;0,166666666666666666666
740;13809;0,083333333333333333333
740;14048;0,041666666666666666666
740;19582;0,041666666666666666666
740;23228;0,125000000000000000000
740;714174;0,208333333333333333333
747;213;0,212765957446808510638
747;748;0,063829787234042553191
747;1988;0,021276595744680851063
747;2734;0,021276595744680851063
747;5177;0,021276595744680851063
747;9941;0,021276595744680851063
747;28517;0,085106382978723404255
747;75827;0,063829787234042553191
747;75828;0,021276595744680851063
747;76428;0,021276595744680851063
747;81648;0,106382978723404255319
747;99942;0,085106382978723404255
747;325599;0,085106382978723404255
747;403195;0,170212765957446808510
748;40;0,033333333333333333333
748;213;0,033333333333333333333
748;588;0,033333333333333333333
748;747;0,266666666666666666666
748;1439;0,033333333333333333333
748;1440;0,033333333333333333333
748;1754;0,066666666666666666666
748;50905;0,033333333333333333333
748;71411;0,100000000000000000000
748;75827;0,233333333333333333333
748;75828;0,033333333333333333333
748;76428;0,100000000000000000000
749;38;0,007575757575757575757
749;96;0,015151515151515151515
749;277;0,007575757575757575757
749;341;0,007575757575757575757
749;359;0,007575757575757575757
749;407;0,015151515151515151515
749;540;0,007575757575757575757
749;615;0,007575757575757575757
749;853;0,015151515151515151515
749;904;0,007575757575757575757
749;1116;0,007575757575757575757
749;1121;0,007575757575757575757
749;1160;0,037878787878787878787
749;1162;0,007575757575757575757
749;1254;0,007575757575757575757
749;1316;0,007575757575757575757
749;1442;0,015151515151515151515
749;1454;0,007575757575757575757
749;1552;0,007575757575757575757
749;1616;0,007575757575757575757
749;1678;0,007575757575757575757
749;1689;0,022727272727272727272
749;1724;0,007575757575757575757
749;1939;0,143939393939393939393
749;2054;0,121212121212121212121
749;2112;0,030303030303030303030
749;2479;0,015151515151515151515
749;2484;0,007575757575757575757
749;3091;0,007575757575757575757
749;3141;0,007575757575757575757
749;3145;0,007575757575757575757
749;3766;0,007575757575757575757
749;3864;0,022727272727272727272
749;4219;0,098484848484848484848
749;5005;0,007575757575757575757
749;5638;0,015151515151515151515
749;5657;0,007575757575757575757
749;5660;0,007575757575757575757
749;5679;0,060606060606060606060
749;7478;0,030303030303030303030
749;7713;0,007575757575757575757
749;9693;0,007575757575757575757
749;9729;0,007575757575757575757
749;12430;0,007575757575757575757
749;12436;0,007575757575757575757
749;12820;0,007575757575757575757
749;15643;0,007575757575757575757
749;18641;0,022727272727272727272
749;59841;0,007575757575757575757
749;366089;0,007575757575757575757
749;398786;0,045454545454545454545
749;398787;0,007575757575757575757
749;413321;0,007575757575757575757
750;2504;0,214285714285714285714
750;3401;0,285714285714285714285
750;6812;0,357142857142857142857
750;53224;0,071428571428571428571
750;343424;0,071428571428571428571
752;417;0,083333333333333333333
752;1566;0,083333333333333333333
752;1597;0,166666666666666666666
752;1632;0,083333333333333333333
752;1671;0,083333333333333333333
752;1685;0,083333333333333333333
752;2607;0,166666666666666666666
752;7793;0,083333333333333333333
752;308238;0,166666666666666666666
758;3289;0,250000000000000000000
758;3374;0,250000000000000000000
758;3563;0,250000000000000000000
758;3738;0,083333333333333333333
758;5011;0,083333333333333333333
758;5232;0,083333333333333333333
761;547;0,128205128205128205128
761;2374;0,025641025641025641025
761;3158;0,051282051282051282051
761;3738;0,076923076923076923076
761;4225;0,384615384615384615384
761;4998;0,025641025641025641025
761;6048;0,051282051282051282051
761;8000;0,025641025641025641025
761;8460;0,025641025641025641025
761;21268;0,025641025641025641025
761;248838;0,179487179487179487179
765;518;0,666666666666666666666
765;1162;0,333333333333333333333
766;3296;0,333333333333333333333
766;5564;0,666666666666666666666
768;104;0,133333333333333333333
768;163;0,133333333333333333333
768;172;0,066666666666666666666
768;822;0,133333333333333333333
768;1498;0,133333333333333333333
768;1613;0,133333333333333333333
768;2578;0,066666666666666666666
768;3328;0,066666666666666666666
768;9668;0,066666666666666666666
768;26347;0,066666666666666666666
771;937;0,058823529411764705882
771;1481;0,058823529411764705882
771;2291;0,058823529411764705882
771;2464;0,176470588235294117647
771;2706;0,117647058823529411764
771;3234;0,058823529411764705882
771;8928;0,352941176470588235294
771;9627;0,058823529411764705882
771;28112;0,058823529411764705882
772;163;0,125000000000000000000
772;187;0,125000000000000000000
772;768;0,125000000000000000000
772;1717;0,500000000000000000000
772;254306;0,125000000000000000000
774;3829;1,000000000000000000000
777;163;0,166666666666666666666
777;839;0,111111111111111111111
777;937;0,055555555555555555555
777;1220;0,055555555555555555555
777;1498;0,055555555555555555555
777;1991;0,055555555555555555555
777;4424;0,055555555555555555555
777;4432;0,055555555555555555555
777;9090;0,055555555555555555555
777;40028;0,055555555555555555555
777;59745;0,277777777777777777777
778;3158;0,100000000000000000000
778;7095;0,100000000000000000000
778;8373;0,300000000000000000000
778;20801;0,100000000000000000000
778;27938;0,100000000000000000000
778;119973;0,300000000000000000000
781;615;0,142857142857142857142
781;1448;0,142857142857142857142
781;2515;0,428571428571428571428
781;3234;0,285714285714285714285
784;3294;0,333333333333333333333
784;5643;0,666666666666666666666
785;140;1,000000000000000000000
787;36;0,100000000000000000000
787;285;0,200000000000000000000
787;1310;0,100000000000000000000
787;1547;0,100000000000000000000
787;1710;0,100000000000000000000
787;4592;0,200000000000000000000
787;5174;0,100000000000000000000
787;281170;0,100000000000000000000
791;2254;1,000000000000000000000
794;1596;0,222222222222222222222
794;2445;0,111111111111111111111
794;5440;0,111111111111111111111
794;7132;0,111111111111111111111
794;7866;0,111111111111111111111
794;374246;0,333333333333333333333
802;1448;0,222222222222222222222
802;2087;0,111111111111111111111
802;3234;0,222222222222222222222
802;3992;0,222222222222222222222
802;41776;0,222222222222222222222
805;410;0,307692307692307692307
805;2140;0,153846153846153846153
805;3158;0,076923076923076923076
805;3513;0,076923076923076923076
805;3667;0,230769230769230769230
805;6000;0,076923076923076923076
805;19176;0,076923076923076923076
815;685;0,052631578947368421052
815;1780;0,315789473684210526315
815;6234;0,052631578947368421052
815;7759;0,421052631578947368421
815;19031;0,157894736842105263157
817;349;0,033898305084745762711
817;351;0,169491525423728813559
817;918;0,237288135593220338983
817;3223;0,135593220338983050847
817;3318;0,016949152542372881355
817;10602;0,084745762711864406779
817;17276;0,067796610169491525423
817;54879;0,135593220338983050847
817;276780;0,118644067796610169491
819;111;0,096153846153846153846
819;281;0,096153846153846153846
819;452;0,153846153846153846153
819;530;0,038461538461538461538
819;531;0,019230769230769230769
819;668;0,019230769230769230769
819;754;0,038461538461538461538
819;933;0,038461538461538461538
819;1025;0,038461538461538461538
819;1116;0,057692307692307692307
819;1370;0,076923076923076923076
819;1391;0,134615384615384615384
819;1647;0,038461538461538461538
819;1745;0,038461538461538461538
819;6213;0,019230769230769230769
819;6962;0,019230769230769230769
819;642255;0,076923076923076923076
822;172;0,071428571428571428571
822;839;0,071428571428571428571
822;1597;0,035714285714285714285
822;3675;0,107142857142857142857
822;4299;0,071428571428571428571
822;4424;0,142857142857142857142
822;4430;0,071428571428571428571
822;4435;0,142857142857142857142
822;4475;0,142857142857142857142
822;7015;0,035714285714285714285
822;9686;0,071428571428571428571
822;28970;0,035714285714285714285
827;1276;0,071428571428571428571
827;2355;0,428571428571428571428
827;3098;0,214285714285714285714
827;3399;0,071428571428571428571
827;4159;0,142857142857142857142
827;6504;0,071428571428571428571
829;296;0,062500000000000000000
829;859;0,062500000000000000000
829;2371;0,062500000000000000000
829;2972;0,062500000000000000000
829;3203;0,125000000000000000000
829;3395;0,187500000000000000000
829;5691;0,062500000000000000000
829;6511;0,125000000000000000000
829;8363;0,062500000000000000000
829;20843;0,187500000000000000000
833;1058;1,000000000000000000000
835;1152;0,147058823529411764705
835;1948;0,088235294117647058823
835;3098;0,029411764705882352941
835;3123;0,029411764705882352941
835;3141;0,029411764705882352941
835;3996;0,176470588235294117647
835;5136;0,088235294117647058823
835;5679;0,294117647058823529411
835;6511;0,058823529411764705882
835;6514;0,029411764705882352941
835;140271;0,029411764705882352941
839;163;0,033333333333333333333
839;172;0,033333333333333333333
839;453;0,016666666666666666666
839;822;0,050000000000000000000
839;937;0,016666666666666666666
839;1122;0,033333333333333333333
839;1366;0,016666666666666666666
839;1483;0,016666666666666666666
839;1498;0,150000000000000000000
839;1598;0,033333333333333333333
839;1717;0,150000000000000000000
839;1942;0,033333333333333333333
839;1991;0,016666666666666666666
839;2054;0,016666666666666666666
839;2184;0,016666666666666666666
839;2239;0,016666666666666666666
839;3235;0,016666666666666666666
839;3306;0,016666666666666666666
839;4099;0,016666666666666666666
839;4361;0,016666666666666666666
839;4424;0,016666666666666666666
839;4429;0,016666666666666666666
839;4431;0,016666666666666666666
839;4432;0,183333333333333333333
839;4440;0,016666666666666666666
839;26479;0,016666666666666666666
839;83103;0,016666666666666666666
841;622;0,076923076923076923076
841;1101;0,076923076923076923076
841;1667;0,153846153846153846153
841;2271;0,307692307692307692307
841;2503;0,076923076923076923076
841;3085;0,076923076923076923076
841;4179;0,076923076923076923076
841;5632;0,153846153846153846153
844;201;0,032258064516129032258
844;360;0,096774193548387096774
844;1719;0,274193548387096774193
844;2015;0,145161290322580645161
844;2210;0,016129032258064516129
844;2445;0,048387096774193548387
844;2800;0,016129032258064516129
844;2851;0,032258064516129032258
844;2884;0,016129032258064516129
844;3508;0,016129032258064516129
844;3567;0,080645161290322580645
844;3802;0,032258064516129032258
844;3891;0,096774193548387096774
844;9338;0,016129032258064516129
844;13158;0,032258064516129032258
844;13178;0,016129032258064516129
844;14013;0,016129032258064516129
844;542220;0,016129032258064516129
845;71;0,011152416356877323420
845;96;0,007434944237918215613
845;131;0,018587360594795539033
845;166;0,003717472118959107806
845;263;0,007434944237918215613
845;277;0,018587360594795539033
845;360;0,011152416356877323420
845;420;0,040892193308550185873
845;846;0,152416356877323420074
845;982;0,033457249070631970260
845;1041;0,037174721189591078066
845;1065;0,003717472118959107806
845;1235;0,011152416356877323420
845;1263;0,081784386617100371747
845;1437;0,037174721189591078066
845;1724;0,055762081784386617100
845;2731;0,014869888475836431226
845;3393;0,033457249070631970260
845;59841;0,011152416356877323420
845;131383;0,048327137546468401486
845;192866;0,148698884758364312267
845;193005;0,003717472118959107806
845;366089;0,003717472118959107806
845;398787;0,029739776951672862453
845;623129;0,174721189591078066914
846;131;0,005291005291005291005
846;194;0,005291005291005291005
846;263;0,005291005291005291005
846;277;0,021164021164021164021
846;283;0,005291005291005291005
846;293;0,010582010582010582010
846;296;0,005291005291005291005
846;420;0,005291005291005291005
846;689;0,015873015873015873015
846;845;0,206349206349206349206
846;904;0,021164021164021164021
846;965;0,010582010582010582010
846;982;0,026455026455026455026
846;1041;0,010582010582010582010
846;1065;0,031746031746031746031
846;1263;0,010582010582010582010
846;1437;0,079365079365079365079
846;1724;0,005291005291005291005
846;1939;0,005291005291005291005
846;2147;0,005291005291005291005
846;2435;0,010582010582010582010
846;2697;0,005291005291005291005
846;2731;0,026455026455026455026
846;2744;0,005291005291005291005
846;2786;0,010582010582010582010
846;2834;0,037037037037037037037
846;2863;0,005291005291005291005
846;3105;0,010582010582010582010
846;3123;0,005291005291005291005
846;3256;0,005291005291005291005
846;3427;0,005291005291005291005
846;3636;0,005291005291005291005
846;3683;0,031746031746031746031
846;4147;0,005291005291005291005
846;4777;0,010582010582010582010
846;5149;0,005291005291005291005
846;5408;0,005291005291005291005
846;5638;0,005291005291005291005
846;7030;0,005291005291005291005
846;7080;0,005291005291005291005
846;7975;0,005291005291005291005
846;8715;0,010582010582010582010
846;12396;0,005291005291005291005
846;12579;0,010582010582010582010
846;17549;0,005291005291005291005
846;27836;0,005291005291005291005
846;59841;0,084656084656084656084
846;131383;0,005291005291005291005
846;163510;0,010582010582010582010
846;192866;0,095238095238095238095
846;193005;0,026455026455026455026
846;533247;0,031746031746031746031
846;623129;0,005291005291005291005
849;441;0,500000000000000000000
849;5647;0,500000000000000000000
851;1035;0,066666666666666666666
851;2657;0,066666666666666666666
851;4020;0,133333333333333333333
851;374246;0,733333333333333333333
853;59;0,012195121951219512195
853;244;0,012195121951219512195
853;260;0,012195121951219512195
853;295;0,012195121951219512195
853;315;0,012195121951219512195
853;499;0,012195121951219512195
853;557;0,012195121951219512195
853;565;0,012195121951219512195
853;681;0,012195121951219512195
853;721;0,012195121951219512195
853;749;0,012195121951219512195
853;770;0,012195121951219512195
853;777;0,012195121951219512195
853;854;0,012195121951219512195
853;868;0,012195121951219512195
853;990;0,012195121951219512195
853;1096;0,012195121951219512195
853;1224;0,036585365853658536585
853;1225;0,024390243902439024390
853;1239;0,012195121951219512195
853;1459;0,012195121951219512195
853;1925;0,012195121951219512195
853;2190;0,012195121951219512195
853;2191;0,024390243902439024390
853;2865;0,012195121951219512195
853;2895;0,012195121951219512195
853;3143;0,012195121951219512195
853;3250;0,012195121951219512195
853;3251;0,012195121951219512195
853;3292;0,012195121951219512195
853;3370;0,012195121951219512195
853;3378;0,012195121951219512195
853;3565;0,012195121951219512195
853;3842;0,012195121951219512195
853;3940;0,012195121951219512195
853;4089;0,012195121951219512195
853;4349;0,012195121951219512195
853;4538;0,012195121951219512195
853;5054;0,012195121951219512195
853;5163;0,012195121951219512195
853;5245;0,024390243902439024390
853;5682;0,012195121951219512195
853;5783;0,012195121951219512195
853;6250;0,012195121951219512195
853;6366;0,012195121951219512195
853;6433;0,012195121951219512195
853;7015;0,012195121951219512195
853;7624;0,012195121951219512195
853;7882;0,012195121951219512195
853;8049;0,012195121951219512195
853;8687;0,012195121951219512195
853;8698;0,012195121951219512195
853;8738;0,012195121951219512195
853;9106;0,012195121951219512195
853;9195;0,012195121951219512195
853;9483;0,012195121951219512195
853;11534;0,012195121951219512195
853;12339;0,012195121951219512195
853;12428;0,012195121951219512195
853;12429;0,012195121951219512195
853;12430;0,012195121951219512195
853;12431;0,012195121951219512195
853;12432;0,012195121951219512195
853;12433;0,012195121951219512195
853;12434;0,012195121951219512195
853;12435;0,012195121951219512195
853;12436;0,012195121951219512195
853;12437;0,012195121951219512195
853;12438;0,012195121951219512195
853;12439;0,012195121951219512195
853;12440;0,012195121951219512195
853;12441;0,012195121951219512195
853;12442;0,012195121951219512195
853;14323;0,012195121951219512195
853;18641;0,012195121951219512195
853;81950;0,012195121951219512195
853;307900;0,012195121951219512195
854;71;0,025641025641025641025
854;295;0,051282051282051282051
854;853;0,051282051282051282051
854;1100;0,025641025641025641025
854;1725;0,025641025641025641025
854;1946;0,025641025641025641025
854;2659;0,051282051282051282051
854;2844;0,025641025641025641025
854;3508;0,025641025641025641025
854;4538;0,025641025641025641025
854;4636;0,025641025641025641025
854;4751;0,153846153846153846153
854;6792;0,025641025641025641025
854;6923;0,025641025641025641025
854;12440;0,025641025641025641025
854;12964;0,051282051282051282051
854;16651;0,025641025641025641025
854;16653;0,025641025641025641025
854;16659;0,102564102564102564102
854;28528;0,205128205128205128205
855;23;0,007751937984496124031
855;115;0,007751937984496124031
855;176;0,007751937984496124031
855;198;0,007751937984496124031
855;360;0,007751937984496124031
855;490;0,007751937984496124031
855;543;0,007751937984496124031
855;579;0,007751937984496124031
855;607;0,007751937984496124031
855;652;0,007751937984496124031
855;727;0,007751937984496124031
855;844;0,007751937984496124031
855;885;0,007751937984496124031
855;886;0,007751937984496124031
855;988;0,007751937984496124031
855;1053;0,007751937984496124031
855;1120;0,007751937984496124031
855;1210;0,007751937984496124031
855;1284;0,015503875968992248062
855;1307;0,007751937984496124031
855;1501;0,007751937984496124031
855;1585;0,007751937984496124031
855;1719;0,007751937984496124031
855;1841;0,007751937984496124031
855;1843;0,015503875968992248062
855;1855;0,015503875968992248062
855;1864;0,007751937984496124031
855;1949;0,007751937984496124031
855;1956;0,007751937984496124031
855;2048;0,007751937984496124031
855;2117;0,007751937984496124031
855;2125;0,007751937984496124031
855;2162;0,007751937984496124031
855;2198;0,007751937984496124031
855;2199;0,007751937984496124031
855;2210;0,007751937984496124031
855;2278;0,007751937984496124031
855;2288;0,007751937984496124031
855;2352;0,007751937984496124031
855;2440;0,007751937984496124031
855;2621;0,007751937984496124031
855;2704;0,007751937984496124031
855;2794;0,007751937984496124031
855;2850;0,007751937984496124031
855;2851;0,015503875968992248062
855;2884;0,007751937984496124031
855;3015;0,007751937984496124031
855;3164;0,007751937984496124031
855;3235;0,007751937984496124031
855;3340;0,007751937984496124031
855;3480;0,007751937984496124031
855;3481;0,007751937984496124031
855;3508;0,007751937984496124031
855;3532;0,007751937984496124031
855;3567;0,007751937984496124031
855;3678;0,007751937984496124031
855;3763;0,007751937984496124031
855;3815;0,007751937984496124031
855;3891;0,007751937984496124031
855;3911;0,007751937984496124031
855;4004;0,007751937984496124031
855;4257;0,007751937984496124031
855;4268;0,007751937984496124031
855;4355;0,015503875968992248062
855;4486;0,007751937984496124031
855;4814;0,007751937984496124031
855;4860;0,007751937984496124031
855;4933;0,007751937984496124031
855;4935;0,007751937984496124031
855;5061;0,007751937984496124031
855;5088;0,007751937984496124031
855;5089;0,007751937984496124031
855;5172;0,007751937984496124031
855;5329;0,007751937984496124031
855;5493;0,007751937984496124031
855;5521;0,007751937984496124031
855;5528;0,007751937984496124031
855;5613;0,007751937984496124031
855;6406;0,007751937984496124031
855;6557;0,007751937984496124031
855;6856;0,007751937984496124031
855;6994;0,007751937984496124031
855;6997;0,007751937984496124031
855;7920;0,007751937984496124031
855;8062;0,007751937984496124031
855;8513;0,007751937984496124031
855;8909;0,007751937984496124031
855;9300;0,007751937984496124031
855;9338;0,007751937984496124031
855;9360;0,007751937984496124031
855;9468;0,007751937984496124031
855;9476;0,007751937984496124031
855;9542;0,007751937984496124031
855;10480;0,007751937984496124031
855;10640;0,007751937984496124031
855;12577;0,007751937984496124031
855;13122;0,007751937984496124031
855;13158;0,007751937984496124031
855;13178;0,007751937984496124031
855;13907;0,007751937984496124031
855;14602;0,007751937984496124031
855;14683;0,007751937984496124031
855;14803;0,007751937984496124031
855;14881;0,007751937984496124031
855;15331;0,007751937984496124031
855;15762;0,007751937984496124031
855;15888;0,007751937984496124031
855;16280;0,007751937984496124031
855;17584;0,007751937984496124031
855;17622;0,007751937984496124031
855;17665;0,007751937984496124031
855;17727;0,007751937984496124031
855;18070;0,007751937984496124031
855;18396;0,007751937984496124031
855;21005;0,007751937984496124031
855;22702;0,007751937984496124031
855;22705;0,007751937984496124031
855;22708;0,007751937984496124031
855;22880;0,007751937984496124031
855;23930;0,007751937984496124031
855;23953;0,007751937984496124031
855;23954;0,007751937984496124031
855;72209;0,007751937984496124031
855;508789;0,007751937984496124031
860;11;0,018181818181818181818
860;42;0,036363636363636363636
860;63;0,036363636363636363636
860;72;0,018181818181818181818
860;96;0,054545454545454545454
860;168;0,054545454545454545454
860;237;0,036363636363636363636
860;249;0,036363636363636363636
860;261;0,036363636363636363636
860;1141;0,036363636363636363636
860;1156;0,036363636363636363636
860;1364;0,036363636363636363636
860;1583;0,018181818181818181818
860;1988;0,072727272727272727272
860;2145;0,036363636363636363636
860;2293;0,036363636363636363636
860;2464;0,036363636363636363636
860;3000;0,036363636363636363636
860;3174;0,036363636363636363636
860;3219;0,036363636363636363636
860;4825;0,036363636363636363636
860;4881;0,036363636363636363636
860;5628;0,036363636363636363636
860;6113;0,036363636363636363636
860;6889;0,036363636363636363636
860;8363;0,018181818181818181818
860;10018;0,018181818181818181818
860;140175;0,036363636363636363636
861;267;0,263157894736842105263
861;360;0,035087719298245614035
861;1448;0,035087719298245614035
861;1513;0,017543859649122807017
861;1583;0,017543859649122807017
861;1591;0,035087719298245614035
861;1827;0,070175438596491228070
861;2087;0,035087719298245614035
861;2139;0,105263157894736842105
861;2398;0,035087719298245614035
861;2515;0,017543859649122807017
861;2713;0,017543859649122807017
861;2714;0,035087719298245614035
861;2990;0,017543859649122807017
861;3045;0,070175438596491228070
861;3219;0,052631578947368421052
861;3867;0,017543859649122807017
861;3871;0,017543859649122807017
861;4398;0,017543859649122807017
861;4613;0,035087719298245614035
861;5545;0,017543859649122807017
861;12907;0,035087719298245614035
863;180;0,125000000000000000000
863;681;0,250000000000000000000
863;1243;0,125000000000000000000
863;1322;0,125000000000000000000
863;4132;0,250000000000000000000
863;12388;0,125000000000000000000
864;216;0,500000000000000000000
864;2371;0,500000000000000000000
865;59745;0,142857142857142857142
865;95084;0,142857142857142857142
865;851827;0,714285714285714285714
866;970;0,142857142857142857142
866;977;0,214285714285714285714
866;2434;0,071428571428571428571
866;2779;0,071428571428571428571
866;2832;0,071428571428571428571
866;3116;0,071428571428571428571
866;3798;0,357142857142857142857
869;360;0,047619047619047619047
869;391;0,023809523809523809523
869;394;0,023809523809523809523
869;404;0,023809523809523809523
869;407;0,023809523809523809523
869;502;0,023809523809523809523
869;1135;0,047619047619047619047
869;1140;0,095238095238095238095
869;1663;0,023809523809523809523
869;1765;0,142857142857142857142
869;1862;0,023809523809523809523
869;1894;0,119047619047619047619
869;2517;0,047619047619047619047
869;2569;0,023809523809523809523
869;2664;0,023809523809523809523
869;2961;0,023809523809523809523
869;3197;0,023809523809523809523
869;3408;0,023809523809523809523
869;3465;0,023809523809523809523
869;3671;0,023809523809523809523
869;8223;0,047619047619047619047
869;8396;0,071428571428571428571
869;17208;0,023809523809523809523
869;17265;0,023809523809523809523
870;1169;0,200000000000000000000
870;1454;0,300000000000000000000
870;3315;0,400000000000000000000
870;343087;0,100000000000000000000
873;2379;0,166666666666666666666
873;3234;0,333333333333333333333
873;3838;0,166666666666666666666
873;11680;0,166666666666666666666
873;17549;0,166666666666666666666
877;524;0,062500000000000000000
877;622;0,031250000000000000000
877;878;0,062500000000000000000
877;887;0,031250000000000000000
877;1044;0,062500000000000000000
877;1066;0,031250000000000000000
877;2146;0,031250000000000000000
877;5367;0,031250000000000000000
877;5437;0,093750000000000000000
877;5440;0,125000000000000000000
877;5679;0,343750000000000000000
877;8500;0,031250000000000000000
877;533247;0,062500000000000000000
882;1810;0,428571428571428571428
882;2080;0,142857142857142857142
882;2198;0,142857142857142857142
882;5029;0,142857142857142857142
882;10658;0,142857142857142857142
883;3085;0,250000000000000000000
883;3704;0,250000000000000000000
883;4765;0,250000000000000000000
883;5591;0,250000000000000000000
885;74;0,050000000000000000000
885;748;0,100000000000000000000
885;1169;0,050000000000000000000
885;2198;0,050000000000000000000
885;2863;0,100000000000000000000
885;3096;0,050000000000000000000
885;3235;0,150000000000000000000
885;5329;0,050000000000000000000
885;5493;0,100000000000000000000
885;9360;0,050000000000000000000
885;9468;0,100000000000000000000
885;13158;0,050000000000000000000
885;38738;0,100000000000000000000
886;277;0,066666666666666666666
886;543;0,133333333333333333333
886;607;0,200000000000000000000
886;2863;0,133333333333333333333
886;3015;0,066666666666666666666
886;5061;0,333333333333333333333
886;6406;0,066666666666666666666
887;1044;0,333333333333333333333
887;3394;0,333333333333333333333
887;533247;0,333333333333333333333
890;57;0,173913043478260869565
890;1231;0,043478260869565217391
890;4159;0,130434782608695652173
890;4501;0,130434782608695652173
890;5306;0,086956521739130434782
890;6523;0,086956521739130434782
890;93146;0,217391304347826086956
890;140271;0,043478260869565217391
890;333343;0,086956521739130434782
898;2467;0,750000000000000000000
898;184987;0,250000000000000000000
899;490;0,200000000000000000000
899;733;0,150000000000000000000
899;1160;0,150000000000000000000
899;1681;0,100000000000000000000
899;2388;0,250000000000000000000
899;2916;0,050000000000000000000
899;2932;0,050000000000000000000
899;3763;0,050000000000000000000
904;292;0,025000000000000000000
904;391;0,025000000000000000000
904;407;0,100000000000000000000
904;846;0,250000000000000000000
904;945;0,075000000000000000000
904;1140;0,025000000000000000000
904;1762;0,025000000000000000000
904;1814;0,025000000000000000000
904;2472;0,025000000000000000000
904;2516;0,025000000000000000000
904;3420;0,025000000000000000000
904;5591;0,025000000000000000000
904;7975;0,025000000000000000000
904;8223;0,025000000000000000000
904;12333;0,025000000000000000000
904;12563;0,025000000000000000000
904;14010;0,100000000000000000000
904;119973;0,025000000000000000000
904;327099;0,025000000000000000000
904;413321;0,050000000000000000000
904;743909;0,025000000000000000000
904;792462;0,025000000000000000000
911;524;0,038461538461538461538
911;1234;0,153846153846153846153
911;3414;0,115384615384615384615
911;4262;0,269230769230769230769
911;9807;0,038461538461538461538
911;10188;0,076923076923076923076
911;16644;0,038461538461538461538
911;28598;0,115384615384615384615
911;57838;0,115384615384615384615
911;98841;0,038461538461538461538
918;349;0,058823529411764705882
918;351;0,058823529411764705882
918;817;0,235294117647058823529
918;1340;0,058823529411764705882
918;2592;0,029411764705882352941
918;3223;0,088235294117647058823
918;4803;0,029411764705882352941
918;8109;0,088235294117647058823
918;10602;0,058823529411764705882
918;10926;0,029411764705882352941
918;17269;0,029411764705882352941
918;17276;0,029411764705882352941
918;28184;0,029411764705882352941
918;44336;0,029411764705882352941
918;54879;0,058823529411764705882
918;119973;0,029411764705882352941
918;276780;0,029411764705882352941
918;434991;0,029411764705882352941
920;38;0,555555555555555555555
920;1824;0,333333333333333333333
920;3087;0,111111111111111111111
923;547;1,000000000000000000000
925;1766;0,090909090909090909090
925;2517;0,090909090909090909090
925;5617;0,090909090909090909090
925;6192;0,090909090909090909090
925;6759;0,090909090909090909090
925;7015;0,090909090909090909090
925;7759;0,090909090909090909090
925;93146;0,090909090909090909090
925;137801;0,090909090909090909090
925;287409;0,090909090909090909090
925;377026;0,090909090909090909090
930;346;0,333333333333333333333
930;9340;0,666666666666666666666
933;111;0,028571428571428571428
933;281;0,028571428571428571428
933;452;0,057142857142857142857
933;530;0,028571428571428571428
933;531;0,028571428571428571428
933;668;0,085714285714285714285
933;719;0,028571428571428571428
933;754;0,028571428571428571428
933;819;0,057142857142857142857
933;876;0,028571428571428571428
933;1025;0,028571428571428571428
933;1129;0,028571428571428571428
933;1130;0,028571428571428571428
933;1370;0,028571428571428571428
933;1391;0,028571428571428571428
933;1647;0,028571428571428571428
933;1676;0,085714285714285714285
933;4173;0,028571428571428571428
933;9382;0,057142857142857142857
933;151929;0,057142857142857142857
933;276505;0,028571428571428571428
933;507180;0,028571428571428571428
933;642255;0,114285714285714285714
933;693032;0,028571428571428571428
937;163;0,162162162162162162162
937;249;0,027027027027027027027
937;285;0,081081081081081081081
937;777;0,081081081081081081081
937;839;0,027027027027027027027
937;1160;0,027027027027027027027
937;1448;0,054054054054054054054
937;1483;0,027027027027027027027
937;2291;0,027027027027027027027
937;4432;0,027027027027027027027
937;4463;0,027027027027027027027
937;4471;0,135135135135135135135
937;6413;0,027027027027027027027
937;8928;0,216216216216216216216
937;245879;0,054054054054054054054
938;512;0,294117647058823529411
938;620;0,058823529411764705882
938;621;0,058823529411764705882
938;5445;0,058823529411764705882
938;5679;0,529411764705882352941
941;285;0,444444444444444444444
941;3601;0,222222222222222222222
941;4787;0,222222222222222222222
941;283638;0,111111111111111111111
943;859;0,181818181818181818181
943;1065;0,181818181818181818181
943;3683;0,272727272727272727272
943;59745;0,181818181818181818181
943;59841;0,181818181818181818181
945;6;0,009900990099009900990
945;375;0,009900990099009900990
945;391;0,009900990099009900990
945;393;0,009900990099009900990
945;394;0,009900990099009900990
945;396;0,009900990099009900990
945;399;0,009900990099009900990
945;400;0,009900990099009900990
945;404;0,009900990099009900990
945;405;0,009900990099009900990
945;406;0,009900990099009900990
945;407;0,019801980198019801980
945;408;0,009900990099009900990
945;409;0,009900990099009900990
945;410;0,019801980198019801980
945;411;0,009900990099009900990
945;412;0,009900990099009900990
945;413;0,009900990099009900990
945;416;0,009900990099009900990
945;417;0,009900990099009900990
945;418;0,009900990099009900990
945;419;0,009900990099009900990
945;502;0,029702970297029702970
945;519;0,009900990099009900990
945;1135;0,009900990099009900990
945;1140;0,019801980198019801980
945;1178;0,009900990099009900990
945;1221;0,009900990099009900990
945;1222;0,009900990099009900990
945;1340;0,009900990099009900990
945;1510;0,009900990099009900990
945;1696;0,009900990099009900990
945;1727;0,009900990099009900990
945;1762;0,009900990099009900990
945;1862;0,009900990099009900990
945;1894;0,009900990099009900990
945;2004;0,009900990099009900990
945;2137;0,009900990099009900990
945;2140;0,009900990099009900990
945;2467;0,009900990099009900990
945;2494;0,009900990099009900990
945;2569;0,009900990099009900990
945;2694;0,009900990099009900990
945;2961;0,009900990099009900990
945;3095;0,009900990099009900990
945;3176;0,009900990099009900990
945;3449;0,009900990099009900990
945;3465;0,009900990099009900990
945;3513;0,009900990099009900990
945;5175;0,009900990099009900990
945;5338;0,009900990099009900990
945;5591;0,009900990099009900990
945;5679;0,099009900990099009900
945;6447;0,009900990099009900990
945;7072;0,009900990099009900990
945;7095;0,009900990099009900990
945;7585;0,009900990099009900990
945;7975;0,029702970297029702970
945;8223;0,009900990099009900990
945;9309;0,009900990099009900990
945;10341;0,009900990099009900990
945;11138;0,009900990099009900990
945;11235;0,009900990099009900990
945;12660;0,009900990099009900990
945;12670;0,009900990099009900990
945;12959;0,029702970297029702970
945;13552;0,009900990099009900990
945;14010;0,029702970297029702970
945;17265;0,009900990099009900990
945;17267;0,009900990099009900990
945;17279;0,009900990099009900990
945;23562;0,009900990099009900990
945;26070;0,019801980198019801980
945;27866;0,009900990099009900990
945;28360;0,009900990099009900990
945;28402;0,009900990099009900990
945;28416;0,009900990099009900990
945;28476;0,009900990099009900990
945;41776;0,009900990099009900990
945;184987;0,009900990099009900990
955;956;0,285714285714285714285
955;1253;0,142857142857142857142
955;1751;0,428571428571428571428
955;3877;0,142857142857142857142
956;689;0,250000000000000000000
956;955;0,125000000000000000000
956;1253;0,250000000000000000000
956;3088;0,125000000000000000000
956;3877;0,125000000000000000000
956;9729;0,125000000000000000000
960;911;0,055555555555555555555
960;1401;0,027777777777777777777
960;1744;0,027777777777777777777
960;2150;0,027777777777777777777
960;2280;0,055555555555555555555
960;2644;0,027777777777777777777
960;3142;0,055555555555555555555
960;3414;0,027777777777777777777
960;4240;0,055555555555555555555
960;4262;0,055555555555555555555
960;4281;0,027777777777777777777
960;4491;0,055555555555555555555
960;4715;0,055555555555555555555
960;5530;0,055555555555555555555
960;6581;0,027777777777777777777
960;7221;0,027777777777777777777
960;7301;0,027777777777777777777
960;8500;0,027777777777777777777
960;8723;0,027777777777777777777
960;9184;0,055555555555555555555
960;9389;0,027777777777777777777
960;9409;0,055555555555555555555
960;9806;0,083333333333333333333
960;431565;0,027777777777777777777
965;127;0,076923076923076923076
965;846;0,307692307692307692307
965;2147;0,230769230769230769230
965;4147;0,076923076923076923076
965;5441;0,153846153846153846153
965;6316;0,076923076923076923076
965;15686;0,076923076923076923076
966;2090;0,333333333333333333333
966;2146;0,333333333333333333333
966;2697;0,333333333333333333333
967;3876;0,500000000000000000000
967;28337;0,500000000000000000000
970;621;0,117647058823529411764
970;866;0,098039215686274509803
970;1234;0,019607843137254901960
970;1286;0,039215686274509803921
970;2156;0,039215686274509803921
970;2385;0,117647058823529411764
970;5438;0,039215686274509803921
970;5440;0,078431372549019607843
970;5441;0,019607843137254901960
970;5443;0,039215686274509803921
970;5445;0,019607843137254901960
970;7650;0,058823529411764705882
970;9386;0,098039215686274509803
970;13545;0,039215686274509803921
970;533247;0,058823529411764705882
970;587053;0,117647058823529411764
972;11;0,055555555555555555555
972;625;0,055555555555555555555
972;689;0,055555555555555555555
972;771;0,055555555555555555555
972;1154;0,111111111111111111111
972;1981;0,055555555555555555555
972;2302;0,111111111111111111111
972;2464;0,055555555555555555555
972;2741;0,055555555555555555555
972;3610;0,055555555555555555555
972;4098;0,111111111111111111111
972;6543;0,111111111111111111111
972;8910;0,055555555555555555555
972;38589;0,055555555555555555555
977;151;0,025974025974025974025
977;466;0,012987012987012987012
977;866;0,116883116883116883116
977;993;0,116883116883116883116
977;1044;0,025974025974025974025
977;1744;0,025974025974025974025
977;1866;0,025974025974025974025
977;2071;0,012987012987012987012
977;2213;0,025974025974025974025
977;2223;0,012987012987012987012
977;2504;0,012987012987012987012
977;2644;0,012987012987012987012
977;3414;0,012987012987012987012
977;3781;0,012987012987012987012
977;3798;0,025974025974025974025
977;4147;0,116883116883116883116
977;4364;0,012987012987012987012
977;5691;0,116883116883116883116
977;7759;0,012987012987012987012
977;8090;0,012987012987012987012
977;9158;0,129870129870129870129
977;9184;0,064935064935064935064
977;9387;0,025974025974025974025
977;9415;0,012987012987012987012
977;9424;0,012987012987012987012
978;40;0,012820512820512820512
978;74;0,038461538461538461538
978;464;0,076923076923076923076
978;1085;0,012820512820512820512
978;1406;0,051282051282051282051
978;1503;0,038461538461538461538
978;2176;0,038461538461538461538
978;2559;0,051282051282051282051
978;2591;0,025641025641025641025
978;2834;0,012820512820512820512
978;3096;0,038461538461538461538
978;3610;0,064102564102564102564
978;3859;0,038461538461538461538
978;4179;0,064102564102564102564
978;5449;0,064102564102564102564
978;5526;0,038461538461538461538
978;6440;0,025641025641025641025
978;8756;0,038461538461538461538
978;9296;0,051282051282051282051
978;9554;0,038461538461538461538
978;12936;0,064102564102564102564
978;16076;0,038461538461538461538
978;16527;0,012820512820512820512
978;29376;0,038461538461538461538
978;385198;0,012820512820512820512
978;386794;0,012820512820512820512
979;683;0,090909090909090909090
979;2291;0,090909090909090909090
979;6320;0,454545454545454545454
979;6535;0,090909090909090909090
979;11263;0,272727272727272727272
980;96;0,050000000000000000000
980;113;0,008333333333333333333
980;135;0,016666666666666666666
980;281;0,058333333333333333333
980;307;0,008333333333333333333
980;1234;0,108333333333333333333
980;1235;0,150000000000000000000
980;1277;0,100000000000000000000
980;1591;0,033333333333333333333
980;1931;0,033333333333333333333
980;2111;0,025000000000000000000
980;2515;0,008333333333333333333
980;2684;0,250000000000000000000
980;3219;0,066666666666666666666
980;3601;0,016666666666666666666
980;4512;0,008333333333333333333
980;6007;0,008333333333333333333
980;7886;0,008333333333333333333
980;651431;0,016666666666666666666
980;693032;0,025000000000000000000
982;71;0,021739130434782608695
982;131;0,043478260869565217391
982;263;0,021739130434782608695
982;277;0,010869565217391304347
982;420;0,021739130434782608695
982;425;0,010869565217391304347
982;845;0,173913043478260869565
982;846;0,021739130434782608695
982;1041;0,315217391304347826086
982;1042;0,021739130434782608695
982;1263;0,010869565217391304347
982;1724;0,097826086956521739130
982;131383;0,086956521739130434782
982;192866;0,010869565217391304347
982;193005;0,032608695652173913043
982;623129;0,021739130434782608695
982;767166;0,076086956521739130434
983;427;0,034482758620689655172
983;1169;0,068965517241379310344
983;1364;0,137931034482758620689
983;3548;0,034482758620689655172
983;3664;0,068965517241379310344
983;4081;0,034482758620689655172
983;4906;0,034482758620689655172
983;9350;0,137931034482758620689
983;10175;0,034482758620689655172
983;21697;0,310344827586206896551
983;374246;0,034482758620689655172
983;499117;0,034482758620689655172
983;604246;0,034482758620689655172
984;85;0,095238095238095238095
984;472;0,238095238095238095238
984;1118;0,047619047619047619047
984;1616;0,142857142857142857142
984;1917;0,142857142857142857142
984;3528;0,047619047619047619047
984;4553;0,285714285714285714285
988;547;0,277777777777777777777
988;689;0,111111111111111111111
988;1949;0,166666666666666666666
988;2198;0,111111111111111111111
988;3877;0,111111111111111111111
988;5061;0,055555555555555555555
988;5350;0,055555555555555555555
988;5613;0,055555555555555555555
988;17727;0,055555555555555555555
990;244;0,166666666666666666666
990;853;0,083333333333333333333
990;1225;0,166666666666666666666
990;1459;0,083333333333333333333
990;1498;0,083333333333333333333
990;1925;0,083333333333333333333
990;2326;0,083333333333333333333
990;2844;0,083333333333333333333
990;5783;0,166666666666666666666
993;444;1,000000000000000000000
995;35;0,005882352941176470588
995;36;0,011764705882352941176
995;39;0,017647058823529411764
995;54;0,023529411764705882352
995;71;0,052941176470588235294
995;149;0,017647058823529411764
995;162;0,011764705882352941176
995;192;0,011764705882352941176
995;194;0,011764705882352941176
995;196;0,005882352941176470588
995;222;0,005882352941176470588
995;281;0,011764705882352941176
995;285;0,017647058823529411764
995;362;0,047058823529411764705
995;398;0,011764705882352941176
995;407;0,011764705882352941176
995;419;0,005882352941176470588
995;520;0,005882352941176470588
995;641;0,011764705882352941176
995;681;0,005882352941176470588
995;682;0,005882352941176470588
995;683;0,005882352941176470588
995;695;0,017647058823529411764
995;706;0,005882352941176470588
995;793;0,011764705882352941176
995;887;0,005882352941176470588
995;1058;0,011764705882352941176
995;1554;0,005882352941176470588
995;1637;0,005882352941176470588
995;1673;0,011764705882352941176
995;1713;0,005882352941176470588
995;1891;0,005882352941176470588
995;1945;0,017647058823529411764
995;1948;0,011764705882352941176
995;1949;0,035294117647058823529
995;1963;0,011764705882352941176
995;2021;0,005882352941176470588
995;2059;0,047058823529411764705
995;2196;0,005882352941176470588
995;2434;0,005882352941176470588
995;3029;0,005882352941176470588
995;3182;0,023529411764705882352
995;3523;0,005882352941176470588
995;3557;0,023529411764705882352
995;3694;0,023529411764705882352
995;3728;0,023529411764705882352
995;3983;0,011764705882352941176
995;4001;0,005882352941176470588
995;4059;0,011764705882352941176
995;4237;0,011764705882352941176
995;4374;0,041176470588235294117
995;4639;0,005882352941176470588
995;4881;0,011764705882352941176
995;5214;0,005882352941176470588
995;5536;0,005882352941176470588
995;5657;0,011764705882352941176
995;5854;0,005882352941176470588
995;7111;0,005882352941176470588
995;7215;0,005882352941176470588
995;7259;0,005882352941176470588
995;8156;0,011764705882352941176
995;8225;0,005882352941176470588
995;8361;0,011764705882352941176
995;8513;0,005882352941176470588
995;9407;0,017647058823529411764
995;9433;0,017647058823529411764
995;10188;0,088235294117647058823
995;10338;0,011764705882352941176
995;13239;0,011764705882352941176
995;71411;0,005882352941176470588
995;75828;0,011764705882352941176
997;1243;0,200000000000000000000
997;3940;0,300000000000000000000
997;5693;0,100000000000000000000
997;6267;0,300000000000000000000
997;28535;0,100000000000000000000
1004;1600;0,125000000000000000000
1004;3877;0,125000000000000000000
1004;6892;0,625000000000000000000
1004;9720;0,125000000000000000000
1010;216;0,021739130434782608695
1010;1018;0,239130434782608695652
1010;1293;0,043478260869565217391
1010;2001;0,304347826086956521739
1010;3809;0,130434782608695652173
1010;4421;0,021739130434782608695
1010;5470;0,021739130434782608695
1010;5635;0,021739130434782608695
1010;18149;0,021739130434782608695
1010;20770;0,108695652173913043478
1010;24076;0,065217391304347826086
1014;232;0,066666666666666666666
1014;437;0,011111111111111111111
1014;812;0,022222222222222222222
1014;1036;0,011111111111111111111
1014;1064;0,055555555555555555555
1014;1167;0,011111111111111111111
1014;1321;0,033333333333333333333
1014;1560;0,011111111111111111111
1014;1561;0,011111111111111111111
1014;1562;0,011111111111111111111
1014;1563;0,022222222222222222222
1014;1564;0,022222222222222222222
1014;1565;0,011111111111111111111
1014;1567;0,022222222222222222222
1014;1608;0,033333333333333333333
1014;1609;0,022222222222222222222
1014;1610;0,022222222222222222222
1014;1687;0,011111111111111111111
1014;1688;0,011111111111111111111
1014;1691;0,011111111111111111111
1014;1700;0,033333333333333333333
1014;1766;0,011111111111111111111
1014;1883;0,011111111111111111111
1014;1887;0,011111111111111111111
1014;1906;0,022222222222222222222
1014;2470;0,022222222222222222222
1014;2890;0,011111111111111111111
1014;3315;0,011111111111111111111
1014;3427;0,022222222222222222222
1014;3647;0,011111111111111111111
1014;3648;0,022222222222222222222
1014;3768;0,044444444444444444444
1014;4245;0,011111111111111111111
1014;4518;0,044444444444444444444
1014;4526;0,011111111111111111111
1014;6072;0,033333333333333333333
1014;6634;0,011111111111111111111
1014;6940;0,011111111111111111111
1014;9694;0,011111111111111111111
1014;9951;0,011111111111111111111
1014;10176;0,011111111111111111111
1014;10177;0,011111111111111111111
1014;10178;0,011111111111111111111
1014;11476;0,011111111111111111111
1014;13291;0,011111111111111111111
1014;19176;0,011111111111111111111
1014;20915;0,011111111111111111111
1014;21396;0,011111111111111111111
1014;21750;0,011111111111111111111
1014;27269;0,011111111111111111111
1014;27693;0,011111111111111111111
1014;114536;0,011111111111111111111
1014;284856;0,011111111111111111111
1014;747847;0,011111111111111111111
1014;931417;0,033333333333333333333
1018;37;0,080000000000000000000
1018;216;0,080000000000000000000
1018;290;0,040000000000000000000
1018;1010;0,200000000000000000000
1018;1293;0,080000000000000000000
1018;2001;0,120000000000000000000
1018;3809;0,080000000000000000000
1018;4421;0,040000000000000000000
1018;5470;0,080000000000000000000
1018;6461;0,160000000000000000000
1018;24076;0,040000000000000000000
1022;1943;0,333333333333333333333
1022;3842;0,166666666666666666666
1022;5445;0,166666666666666666666
1022;140271;0,333333333333333333333
1024;131;0,034482758620689655172
1024;849;0,068965517241379310344
1024;850;0,034482758620689655172
1024;1574;0,137931034482758620689
1024;5638;0,034482758620689655172
1024;5647;0,068965517241379310344
1024;11249;0,034482758620689655172
1024;12817;0,034482758620689655172
1024;13482;0,103448275862068965517
1024;29667;0,034482758620689655172
1024;55134;0,206896551724137931034
1024;511019;0,206896551724137931034
1030;288;0,500000000000000000000
1030;17449;0,500000000000000000000
1033;625;0,031250000000000000000
1033;722;0,781250000000000000000
1033;2375;0,062500000000000000000
1033;3528;0,031250000000000000000
1033;5142;0,031250000000000000000
1033;8363;0,031250000000000000000
1033;21986;0,031250000000000000000
1034;972;0,066666666666666666666
1034;1033;0,133333333333333333333
1034;1981;0,066666666666666666666
1034;2464;0,066666666666666666666
1034;2853;0,066666666666666666666
1034;3246;0,066666666666666666666
1034;4553;0,066666666666666666666
1034;5373;0,066666666666666666666
1034;5679;0,333333333333333333333
1034;14013;0,066666666666666666666
1035;71;0,031250000000000000000
1035;138;0,031250000000000000000
1035;520;0,031250000000000000000
1035;558;0,062500000000000000000
1035;681;0,031250000000000000000
1035;851;0,093750000000000000000
1035;885;0,062500000000000000000
1035;990;0,031250000000000000000
1035;1064;0,062500000000000000000
1035;1340;0,031250000000000000000
1035;1459;0,031250000000000000000
1035;1632;0,031250000000000000000
1035;1663;0,031250000000000000000
1035;2355;0,031250000000000000000
1035;2503;0,031250000000000000000
1035;2586;0,031250000000000000000
1035;2736;0,031250000000000000000
1035;2826;0,031250000000000000000
1035;3096;0,062500000000000000000
1035;3098;0,062500000000000000000
1035;3141;0,031250000000000000000
1035;26746;0,031250000000000000000
1035;374246;0,093750000000000000000
1037;1316;1,000000000000000000000
1040;4513;0,500000000000000000000
1040;6554;0,500000000000000000000
1041;41;0,016528925619834710743
1041;131;0,024793388429752066115
1041;642;0,008264462809917355371
1041;826;0,008264462809917355371
1041;845;0,099173553719008264462
1041;982;0,314049586776859504132
1041;1042;0,041322314049586776859
1041;1220;0,008264462809917355371
1041;1261;0,016528925619834710743
1041;1263;0,033057851239669421487
1041;1724;0,008264462809917355371
1041;1939;0,008264462809917355371
1041;2287;0,024793388429752066115
1041;2422;0,049586776859504132231
1041;9065;0,008264462809917355371
1041;11369;0,008264462809917355371
1041;15222;0,024793388429752066115
1041;16497;0,008264462809917355371
1041;20843;0,008264462809917355371
1041;25230;0,008264462809917355371
1041;27478;0,008264462809917355371
1041;131383;0,008264462809917355371
1041;193005;0,008264462809917355371
1041;349155;0,016528925619834710743
1041;373677;0,049586776859504132231
1041;623129;0,024793388429752066115
1041;767166;0,157024793388429752066
1042;240;0,017857142857142857142
1042;277;0,053571428571428571428
1042;982;0,178571428571428571428
1042;1041;0,035714285714285714285
1042;1444;0,017857142857142857142
1042;1771;0,125000000000000000000
1042;1943;0,017857142857142857142
1042;2275;0,178571428571428571428
1042;2287;0,053571428571428571428
1042;2425;0,125000000000000000000
1042;2657;0,017857142857142857142
1042;6918;0,035714285714285714285
1042;8820;0,017857142857142857142
1042;11369;0,017857142857142857142
1042;18641;0,017857142857142857142
1042;26251;0,017857142857142857142
1042;27478;0,017857142857142857142
1042;131383;0,053571428571428571428
1044;877;0,083333333333333333333
1044;977;0,250000000000000000000
1044;1931;0,083333333333333333333
1044;9434;0,083333333333333333333
1044;12798;0,166666666666666666666
1044;398786;0,083333333333333333333
1044;525330;0,250000000000000000000
1046;39;0,076923076923076923076
1046;475;0,153846153846153846153
1046;612;0,076923076923076923076
1046;738;0,076923076923076923076
1046;955;0,076923076923076923076
1046;1253;0,076923076923076923076
1046;1751;0,153846153846153846153
1046;1897;0,076923076923076923076
1046;3877;0,076923076923076923076
1046;408414;0,076923076923076923076
1046;666007;0,076923076923076923076
1048;85;0,071428571428571428571
1048;615;0,071428571428571428571
1048;3045;0,428571428571428571428
1048;5484;0,071428571428571428571
1048;283639;0,357142857142857142857
1053;1949;0,363636363636363636363
1053;3362;0,090909090909090909090
1053;3877;0,090909090909090909090
1053;4933;0,090909090909090909090
1053;5856;0,363636363636363636363
1054;163;1,000000000000000000000
1058;833;0,200000000000000000000
1058;1236;0,400000000000000000000
1058;2204;0,200000000000000000000
1058;98068;0,200000000000000000000
1060;3271;1,000000000000000000000
1064;174;0,175000000000000000000
1064;220;0,050000000000000000000
1064;232;0,075000000000000000000
1064;1035;0,050000000000000000000
1064;1563;0,100000000000000000000
1064;1632;0,100000000000000000000
1064;1697;0,025000000000000000000
1064;1705;0,100000000000000000000
1064;2008;0,025000000000000000000
1064;3427;0,075000000000000000000
1064;4518;0,025000000000000000000
1064;6634;0,100000000000000000000
1064;18517;0,025000000000000000000
1064;114536;0,025000000000000000000
1064;529797;0,025000000000000000000
1064;931417;0,025000000000000000000
1066;622;0,034482758620689655172
1066;878;0,068965517241379310344
1066;1263;0,034482758620689655172
1066;2146;0,068965517241379310344
1066;2147;0,275862068965517241379
1066;2385;0,034482758620689655172
1066;2697;0,137931034482758620689
1066;2786;0,034482758620689655172
1066;5459;0,034482758620689655172
1066;5487;0,034482758620689655172
1066;533247;0,241379310344827586206
1069;411;0,285714285714285714285
1069;2961;0,142857142857142857142
1069;4592;0,142857142857142857142
1069;41565;0,428571428571428571428
1073;770;0,157024793388429752066
1073;1157;0,041322314049586776859
1073;1315;0,115702479338842975206
1073;1984;0,033057851239669421487
1073;1985;0,049586776859504132231
1073;4918;0,049586776859504132231
1073;4919;0,033057851239669421487
1073;8109;0,165289256198347107438
1073;8164;0,066115702479338842975
1073;8165;0,157024793388429752066
1073;9513;0,132231404958677685950
1077;1180;0,500000000000000000000
1077;4976;0,500000000000000000000
1079;600;0,333333333333333333333
1079;2509;0,333333333333333333333
1079;4697;0,166666666666666666666
1079;12528;0,166666666666666666666
1080;642;0,250000000000000000000
1080;2664;0,250000000000000000000
1080;3256;0,250000000000000000000
1080;3877;0,250000000000000000000
1082;38;0,078947368421052631578
1082;189;0,052631578947368421052
1082;573;0,026315789473684210526
1082;609;0,105263157894736842105
1082;891;0,131578947368421052631
1082;1083;0,157894736842105263157
1082;1581;0,052631578947368421052
1082;2433;0,078947368421052631578
1082;2778;0,026315789473684210526
1082;3685;0,026315789473684210526
1082;4372;0,052631578947368421052
1082;10255;0,026315789473684210526
1082;13899;0,131578947368421052631
1082;19402;0,026315789473684210526
1082;660594;0,026315789473684210526
1083;38;0,040000000000000000000
1083;189;0,040000000000000000000
1083;609;0,120000000000000000000
1083;1082;0,280000000000000000000
1083;2433;0,040000000000000000000
1083;3685;0,080000000000000000000
1083;4372;0,080000000000000000000
1083;4522;0,040000000000000000000
1083;5148;0,040000000000000000000
1083;6461;0,080000000000000000000
1083;8348;0,040000000000000000000
1083;13899;0,080000000000000000000
1083;28629;0,040000000000000000000
1085;464;0,111111111111111111111
1085;978;0,037037037037037037037
1085;2591;0,259259259259259259259
1085;3610;0,333333333333333333333
1085;3829;0,037037037037037037037
1085;5626;0,037037037037037037037
1085;8756;0,185185185185185185185
1094;299;0,047619047619047619047
1094;1164;0,238095238095238095238
1094;4472;0,095238095238095238095
1094;5083;0,047619047619047619047
1094;7183;0,047619047619047619047
1094;10338;0,047619047619047619047
1094;25264;0,190476190476190476190
1094;28819;0,095238095238095238095
1094;38738;0,142857142857142857142
1094;45604;0,047619047619047619047
1100;2275;0,105263157894736842105
1100;4434;0,105263157894736842105
1100;4470;0,052631578947368421052
1100;4474;0,157894736842105263157
1100;5245;0,052631578947368421052
1100;9367;0,210526315789473684210
1100;12430;0,052631578947368421052
1100;14124;0,052631578947368421052
1100;122436;0,210526315789473684210
1101;373;0,072463768115942028985
1101;496;0,072463768115942028985
1101;497;0,072463768115942028985
1101;841;0,014492753623188405797
1101;1632;0,014492753623188405797
1101;2037;0,130434782608695652173
1101;2271;0,028985507246376811594
1101;3296;0,115942028985507246376
1101;3591;0,101449275362318840579
1101;4500;0,072463768115942028985
1101;5219;0,086956521739130434782
1101;9418;0,072463768115942028985
1101;9432;0,072463768115942028985
1101;9442;0,014492753623188405797
1101;10946;0,057971014492753623188
1109;192;0,058823529411764705882
1109;841;0,058823529411764705882
1109;1121;0,029411764705882352941
1109;1122;0,058823529411764705882
1109;2017;0,088235294117647058823
1109;2050;0,088235294117647058823
1109;2059;0,058823529411764705882
1109;2212;0,058823529411764705882
1109;2223;0,058823529411764705882
1109;2492;0,058823529411764705882
1109;2504;0,058823529411764705882
1109;5469;0,029411764705882352941
1109;6320;0,029411764705882352941
1109;7759;0,029411764705882352941
1109;7762;0,058823529411764705882
1109;8500;0,029411764705882352941
1109;9391;0,058823529411764705882
1109;9402;0,058823529411764705882
1109;533247;0,029411764705882352941
1114;1240;0,500000000000000000000
1114;1325;0,500000000000000000000
1117;131;0,024390243902439024390
1117;517;0,048780487804878048780
1117;2277;0,097560975609756097560
1117;2364;0,024390243902439024390
1117;2547;0,024390243902439024390
1117;2972;0,341463414634146341463
1117;8253;0,121951219512195121951
1117;125861;0,073170731707317073170
1117;474028;0,073170731707317073170
1117;622466;0,024390243902439024390
1117;704910;0,146341463414634146341
1118;54;0,021276595744680851063
1118;71;0,021276595744680851063
1118;135;0,021276595744680851063
1118;138;0,021276595744680851063
1118;249;0,021276595744680851063
1118;276;0,063829787234042553191
1118;354;0,021276595744680851063
1118;360;0,021276595744680851063
1118;396;0,021276595744680851063
1118;520;0,021276595744680851063
1118;522;0,021276595744680851063
1118;529;0,042553191489361702127
1118;891;0,021276595744680851063
1118;984;0,021276595744680851063
1118;990;0,021276595744680851063
1118;1064;0,021276595744680851063
1118;1122;0,021276595744680851063
1118;1149;0,021276595744680851063
1118;1316;0,021276595744680851063
1118;1724;0,021276595744680851063
1118;1943;0,021276595744680851063
1118;2561;0,021276595744680851063
1118;3096;0,021276595744680851063
1118;3098;0,021276595744680851063
1118;3100;0,021276595744680851063
1118;3235;0,021276595744680851063
1118;5679;0,212765957446808510638
1118;6406;0,021276595744680851063
1118;12432;0,021276595744680851063
1118;15643;0,021276595744680851063
1118;41776;0,021276595744680851063
1118;63981;0,021276595744680851063
1118;98841;0,042553191489361702127
1118;366089;0,021276595744680851063
1120;475;0,500000000000000000000
1120;2704;0,500000000000000000000
1121;285;0,162162162162162162162
1121;467;0,027027027027027027027
1121;497;0,054054054054054054054
1121;521;0,027027027027027027027
1121;524;0,054054054054054054054
1121;621;0,027027027027027027027
1121;749;0,027027027027027027027
1121;975;0,027027027027027027027
1121;1122;0,054054054054054054054
1121;2147;0,108108108108108108108
1121;2271;0,027027027027027027027
1121;2683;0,027027027027027027027
1121;2779;0,027027027027027027027
1121;3269;0,027027027027027027027
1121;3998;0,027027027027027027027
1121;4720;0,027027027027027027027
1121;5367;0,108108108108108108108
1121;6316;0,027027027027027027027
1121;6581;0,027027027027027027027
1121;7939;0,027027027027027027027
1121;9416;0,027027027027027027027
1121;19031;0,054054054054054054054
1123;405;0,153846153846153846153
1123;2119;0,076923076923076923076
1123;2664;0,076923076923076923076
1123;3146;0,076923076923076923076
1123;8525;0,076923076923076923076
1123;8889;0,076923076923076923076
1123;9615;0,230769230769230769230
1123;11527;0,076923076923076923076
1123;44336;0,153846153846153846153
1124;1996;0,333333333333333333333
1124;725179;0,666666666666666666666
1127;399;0,200000000000000000000
1127;414;0,200000000000000000000
1127;367121;0,400000000000000000000
1127;792462;0,200000000000000000000
1131;80;0,083333333333333333333
1131;502;0,375000000000000000000
1131;668;0,250000000000000000000
1131;876;0,083333333333333333333
1131;3443;0,041666666666666666666
1131;321395;0,166666666666666666666
1133;1246;0,333333333333333333333
1133;1280;0,333333333333333333333
1133;398786;0,333333333333333333333
1135;351;0,042553191489361702127
1135;418;0,085106382978723404255
1135;519;0,042553191489361702127
1135;869;0,021276595744680851063
1135;1140;0,042553191489361702127
1135;1340;0,042553191489361702127
1135;1606;0,085106382978723404255
1135;1942;0,021276595744680851063
1135;2004;0,042553191489361702127
1135;2467;0,042553191489361702127
1135;2494;0,042553191489361702127
1135;2877;0,042553191489361702127
1135;3465;0,042553191489361702127
1135;3496;0,021276595744680851063
1135;3523;0,021276595744680851063
1135;5591;0,042553191489361702127
1135;6930;0,042553191489361702127
1135;7095;0,042553191489361702127
1135;8223;0,042553191489361702127
1135;17269;0,021276595744680851063
1135;28932;0,021276595744680851063
1135;98841;0,042553191489361702127
1135;283281;0,021276595744680851063
1135;687941;0,085106382978723404255
1139;458;0,166666666666666666666
1139;2630;0,333333333333333333333
1139;7574;0,166666666666666666666
1139;589508;0,166666666666666666666
1139;606725;0,166666666666666666666
1140;869;0,125000000000000000000
1140;904;0,125000000000000000000
1140;945;0,125000000000000000000
1140;1894;0,125000000000000000000
1140;8223;0,125000000000000000000
1140;12563;0,125000000000000000000
1140;17269;0,125000000000000000000
1140;17274;0,125000000000000000000
1141;42;0,050847457627118644067
1141;96;0,050847457627118644067
1141;237;0,084745762711864406779
1141;241;0,016949152542372881355
1141;249;0,033898305084745762711
1141;261;0,050847457627118644067
1141;283;0,067796610169491525423
1141;1156;0,067796610169491525423
1141;1364;0,016949152542372881355
1141;1988;0,033898305084745762711
1141;2145;0,033898305084745762711
1141;2293;0,101694915254237288135
1141;3219;0,016949152542372881355
1141;3245;0,016949152542372881355
1141;3633;0,067796610169491525423
1141;3753;0,016949152542372881355
1141;3857;0,016949152542372881355
1141;4881;0,033898305084745762711
1141;5223;0,033898305084745762711
1141;5578;0,016949152542372881355
1141;5628;0,118644067796610169491
1141;8489;0,033898305084745762711
1141;9714;0,016949152542372881355
1142;250;0,055555555555555555555
1142;283;0,166666666666666666666
1142;472;0,055555555555555555555
1142;771;0,055555555555555555555
1142;1591;0,055555555555555555555
1142;2133;0,055555555555555555555
1142;2464;0,055555555555555555555
1142;2714;0,055555555555555555555
1142;3219;0,055555555555555555555
1142;8350;0,111111111111111111111
1142;8363;0,055555555555555555555
1142;8489;0,055555555555555555555
1142;278351;0,166666666666666666666
1143;644;0,222222222222222222222
1143;645;0,222222222222222222222
1143;2803;0,111111111111111111111
1143;5338;0,111111111111111111111
1143;6505;0,222222222222222222222
1143;140271;0,111111111111111111111
1149;250;0,166666666666666666666
1149;2112;0,083333333333333333333
1149;3234;0,166666666666666666666
1149;3992;0,250000000000000000000
1149;5430;0,250000000000000000000
1149;15643;0,083333333333333333333
1150;528;0,200000000000000000000
1150;1866;0,400000000000000000000
1150;2054;0,200000000000000000000
1150;8090;0,200000000000000000000
1152;835;0,500000000000000000000
1152;2834;0,250000000000000000000
1152;6501;0,250000000000000000000
1153;771;0,200000000000000000000
1153;2269;0,200000000000000000000
1153;5158;0,600000000000000000000
1154;85;0,104477611940298507462
1154;96;0,029850746268656716417
1154;122;0,059701492537313432835
1154;222;0,044776119402985074626
1154;525;0,029850746268656716417
1154;615;0,014925373134328358208
1154;625;0,044776119402985074626
1154;972;0,014925373134328358208
1154;1495;0,014925373134328358208
1154;1637;0,044776119402985074626
1154;1639;0,014925373134328358208
1154;1853;0,014925373134328358208
1154;1981;0,044776119402985074626
1154;2302;0,223880597014925373134
1154;4098;0,029850746268656716417
1154;4553;0,059701492537313432835
1154;5223;0,014925373134328358208
1154;5383;0,059701492537313432835
1154;12775;0,059701492537313432835
1154;245879;0,014925373134328358208
1154;283633;0,059701492537313432835
1157;283;0,031250000000000000000
1157;1073;0,187500000000000000000
1157;1984;0,187500000000000000000
1157;1985;0,187500000000000000000
1157;4918;0,031250000000000000000
1157;8164;0,187500000000000000000
1157;9513;0,187500000000000000000
1160;96;0,029411764705882352941
1160;749;0,098039215686274509803
1160;899;0,039215686274509803921
1160;937;0,019607843137254901960
1160;1391;0,009803921568627450980
1160;1513;0,019607843137254901960
1160;1696;0,009803921568627450980
1160;2054;0,049019607843137254901
1160;2713;0,009803921568627450980
1160;3158;0,176470588235294117647
1160;3656;0,107843137254901960784
1160;3825;0,009803921568627450980
1160;4219;0,009803921568627450980
1160;6151;0,127450980392156862745
1160;6535;0,009803921568627450980
1160;41565;0,088235294117647058823
1160;283638;0,098039215686274509803
1160;353698;0,088235294117647058823
1164;1094;0,222222222222222222222
1164;10763;0,555555555555555555555
1164;25264;0,111111111111111111111
1164;38738;0,111111111111111111111
1169;71;0,055488540410132689987
1169;100;0,055488540410132689987
1169;138;0,055488540410132689987
1169;276;0,055488540410132689987
1169;283;0,001206272617611580217
1169;296;0,001206272617611580217
1169;437;0,001206272617611580217
1169;695;0,055488540410132689987
1169;749;0,002412545235223160434
1169;870;0,002412545235223160434
1169;885;0,003618817852834740651
1169;983;0,002412545235223160434
1169;1939;0,004825090470446320868
1169;1942;0,055488540410132689987
1169;1943;0,055488540410132689987
1169;1944;0,055488540410132689987
1169;1945;0,055488540410132689987
1169;1946;0,055488540410132689987
1169;2697;0,001206272617611580217
1169;2744;0,001206272617611580217
1169;2863;0,002412545235223160434
1169;3123;0,001206272617611580217
1169;3256;0,002412545235223160434
1169;3427;0,001206272617611580217
1169;3523;0,056694813027744270205
1169;3683;0,001206272617611580217
1169;4512;0,055488540410132689987
1169;5149;0,003618817852834740651
1169;7975;0,001206272617611580217
1169;8715;0,001206272617611580217
1169;13537;0,044632086851628468033
1169;20843;0,002412545235223160434
1169;41776;0,055488540410132689987
1169;59745;0,068757539203860072376
1169;59841;0,008443908323281061519
1169;98841;0,055488540410132689987
1169;131383;0,055488540410132689987
1169;366089;0,001206272617611580217
1169;499117;0,004825090470446320868
1173;32;0,023255813953488372093
1173;174;0,046511627906976744186
1173;220;0,139534883720930232558
1173;1706;0,093023255813953488372
1173;2825;0,093023255813953488372
1173;2826;0,116279069767441860465
1173;3604;0,023255813953488372093
1173;7411;0,046511627906976744186
1173;7874;0,139534883720930232558
1173;8044;0,023255813953488372093
1173;8899;0,023255813953488372093
1173;27700;0,116279069767441860465
1173;27708;0,069767441860465116279
1173;27719;0,023255813953488372093
1173;156500;0,023255813953488372093
1174;281;1,000000000000000000000
1175;740;1,000000000000000000000
1178;389;0,052631578947368421052
1178;393;0,052631578947368421052
1178;945;0,105263157894736842105
1178;1451;0,105263157894736842105
1178;2467;0,421052631578947368421
1178;3049;0,105263157894736842105
1178;3867;0,052631578947368421052
1178;24769;0,052631578947368421052
1178;28337;0,052631578947368421052
1181;848;0,083333333333333333333
1181;859;0,250000000000000000000
1181;1514;0,083333333333333333333
1181;5484;0,083333333333333333333
1181;54774;0,166666666666666666666
1181;584314;0,333333333333333333333
1184;119;0,090909090909090909090
1184;596;0,090909090909090909090
1184;1255;0,363636363636363636363
1184;12466;0,090909090909090909090
1184;13329;0,363636363636363636363
1186;1187;1,000000000000000000000
1187;1186;0,428571428571428571428
1187;1705;0,142857142857142857142
1187;1709;0,142857142857142857142
1187;5753;0,285714285714285714285
1190;1042;0,142857142857142857142
1190;1220;0,071428571428571428571
1190;1771;0,071428571428571428571
1190;2275;0,071428571428571428571
1190;2420;0,071428571428571428571
1190;2425;0,071428571428571428571
1190;4039;0,071428571428571428571
1190;6641;0,214285714285714285714
1190;11369;0,071428571428571428571
1190;13850;0,071428571428571428571
1190;15686;0,071428571428571428571
1192;1831;0,200000000000000000000
1192;1902;0,200000000000000000000
1192;3911;0,200000000000000000000
1192;25488;0,200000000000000000000
1192;40961;0,200000000000000000000
1196;137;0,029411764705882352941
1196;138;0,014705882352941176470
1196;194;0,014705882352941176470
1196;454;0,014705882352941176470
1196;689;0,014705882352941176470
1196;783;0,014705882352941176470
1196;796;0,029411764705882352941
1196;891;0,029411764705882352941
1196;1111;0,014705882352941176470
1196;1264;0,014705882352941176470
1196;1963;0,029411764705882352941
1196;2398;0,029411764705882352941
1196;2429;0,014705882352941176470
1196;2563;0,014705882352941176470
1196;3523;0,014705882352941176470
1196;3683;0,029411764705882352941
1196;3722;0,073529411764705882352
1196;4059;0,176470588235294117647
1196;4396;0,014705882352941176470
1196;4709;0,014705882352941176470
1196;5005;0,044117647058823529411
1196;5464;0,029411764705882352941
1196;7765;0,029411764705882352941
1196;8225;0,029411764705882352941
1196;17487;0,014705882352941176470
1196;59745;0,029411764705882352941
1196;98841;0,014705882352941176470
1196;398787;0,014705882352941176470
1196;727898;0,191176470588235294117
1197;2343;1,000000000000000000000
1198;8348;0,125000000000000000000
1198;14652;0,875000000000000000000
1205;40;0,025000000000000000000
1205;747;0,025000000000000000000
1205;1154;0,025000000000000000000
1205;1464;0,050000000000000000000
1205;1637;0,025000000000000000000
1205;1831;0,025000000000000000000
1205;1981;0,050000000000000000000
1205;2712;0,050000000000000000000
1205;3235;0,025000000000000000000
1205;4621;0,025000000000000000000
1205;5523;0,425000000000000000000
1205;5824;0,050000000000000000000
1205;75828;0,150000000000000000000
1205;81648;0,025000000000000000000
1205;99942;0,025000000000000000000
1206;1458;0,111111111111111111111
1206;1574;0,111111111111111111111
1206;2520;0,111111111111111111111
1206;3656;0,111111111111111111111
1206;5329;0,222222222222222222222
1206;6151;0,111111111111111111111
1206;6250;0,111111111111111111111
1206;11415;0,111111111111111111111
1210;198;0,357142857142857142857
1210;1864;0,071428571428571428571
1210;2704;0,285714285714285714285
1210;9468;0,214285714285714285714
1210;27652;0,071428571428571428571
1216;111;0,058823529411764705882
1216;287;0,176470588235294117647
1216;826;0,058823529411764705882
1216;1262;0,058823529411764705882
1216;2073;0,176470588235294117647
1216;2742;0,470588235294117647058
1218;12660;1,000000000000000000000
1220;530;0,036363636363636363636
1220;1041;0,018181818181818181818
1220;1042;0,018181818181818181818
1220;1771;0,036363636363636363636
1220;2275;0,072727272727272727272
1220;2419;0,036363636363636363636
1220;2422;0,054545454545454545454
1220;2424;0,018181818181818181818
1220;2657;0,018181818181818181818
1220;5037;0,036363636363636363636
1220;5782;0,018181818181818181818
1220;6068;0,036363636363636363636
1220;6641;0,054545454545454545454
1220;6881;0,018181818181818181818
1220;9069;0,018181818181818181818
1220;10592;0,054545454545454545454
1220;12375;0,054545454545454545454
1220;13179;0,054545454545454545454
1220;13850;0,054545454545454545454
1220;16497;0,054545454545454545454
1220;20307;0,018181818181818181818
1220;27062;0,018181818181818181818
1220;27066;0,036363636363636363636
1220;27067;0,018181818181818181818
1220;28213;0,018181818181818181818
1220;108876;0,018181818181818181818
1220;373677;0,054545454545454545454
1220;377520;0,018181818181818181818
1220;387437;0,018181818181818181818
1220;387438;0,018181818181818181818
1222;2326;1,000000000000000000000
1225;47;0,004878048780487804878
1225;54;0,024390243902439024390
1225;59;0,004878048780487804878
1225;146;0,004878048780487804878
1225;228;0,004878048780487804878
1225;260;0,004878048780487804878
1225;315;0,004878048780487804878
1225;365;0,004878048780487804878
1225;499;0,004878048780487804878
1225;557;0,004878048780487804878
1225;564;0,004878048780487804878
1225;565;0,004878048780487804878
1225;681;0,004878048780487804878
1225;703;0,004878048780487804878
1225;721;0,004878048780487804878
1225;854;0,004878048780487804878
1225;928;0,004878048780487804878
1225;990;0,009756097560975609756
1225;997;0,004878048780487804878
1225;1096;0,004878048780487804878
1225;1133;0,004878048780487804878
1225;1239;0,004878048780487804878
1225;1243;0,004878048780487804878
1225;1246;0,004878048780487804878
1225;1280;0,004878048780487804878
1225;1459;0,009756097560975609756
1225;1500;0,004878048780487804878
1225;1506;0,004878048780487804878
1225;1725;0,004878048780487804878
1225;1925;0,004878048780487804878
1225;1943;0,004878048780487804878
1225;2057;0,004878048780487804878
1225;2091;0,004878048780487804878
1225;2191;0,004878048780487804878
1225;2235;0,004878048780487804878
1225;2249;0,004878048780487804878
1225;2326;0,004878048780487804878
1225;2362;0,004878048780487804878
1225;2482;0,004878048780487804878
1225;2744;0,004878048780487804878
1225;2844;0,004878048780487804878
1225;2865;0,004878048780487804878
1225;2991;0,004878048780487804878
1225;2995;0,004878048780487804878
1225;3019;0,004878048780487804878
1225;3143;0,004878048780487804878
1225;3155;0,004878048780487804878
1225;3225;0,004878048780487804878
1225;3233;0,004878048780487804878
1225;3249;0,004878048780487804878
1225;3250;0,004878048780487804878
1225;3251;0,004878048780487804878
1225;3273;0,004878048780487804878
1225;3292;0,004878048780487804878
1225;3299;0,004878048780487804878
1225;3331;0,004878048780487804878
1225;3378;0,004878048780487804878
1225;3615;0,004878048780487804878
1225;3619;0,004878048780487804878
1225;3650;0,004878048780487804878
1225;3842;0,004878048780487804878
1225;3879;0,004878048780487804878
1225;3940;0,004878048780487804878
1225;3966;0,004878048780487804878
1225;4020;0,024390243902439024390
1225;4089;0,004878048780487804878
1225;4132;0,004878048780487804878
1225;4247;0,004878048780487804878
1225;4334;0,004878048780487804878
1225;4401;0,004878048780487804878
1225;4534;0,004878048780487804878
1225;4538;0,004878048780487804878
1225;4636;0,004878048780487804878
1225;4647;0,004878048780487804878
1225;4751;0,004878048780487804878
1225;4841;0,004878048780487804878
1225;4874;0,004878048780487804878
1225;4938;0,004878048780487804878
1225;5037;0,004878048780487804878
1225;5054;0,004878048780487804878
1225;5163;0,004878048780487804878
1225;5245;0,004878048780487804878
1225;5309;0,004878048780487804878
1225;5363;0,004878048780487804878
1225;5408;0,004878048780487804878
1225;5423;0,004878048780487804878
1225;5571;0,004878048780487804878
1225;5659;0,004878048780487804878
1225;5682;0,004878048780487804878
1225;5700;0,004878048780487804878
1225;5783;0,004878048780487804878
1225;5784;0,004878048780487804878
1225;5967;0,004878048780487804878
1225;6250;0,004878048780487804878
1225;6300;0,004878048780487804878
1225;6664;0,004878048780487804878
1225;6681;0,004878048780487804878
1225;6739;0,004878048780487804878
1225;6923;0,004878048780487804878
1225;6960;0,004878048780487804878
1225;7015;0,004878048780487804878
1225;7131;0,004878048780487804878
1225;7240;0,004878048780487804878
1225;7281;0,004878048780487804878
1225;7416;0,004878048780487804878
1225;7624;0,009756097560975609756
1225;7873;0,004878048780487804878
1225;7882;0,004878048780487804878
1225;8281;0,004878048780487804878
1225;8372;0,004878048780487804878
1225;8666;0,004878048780487804878
1225;8687;0,004878048780487804878
1225;8698;0,004878048780487804878
1225;8708;0,004878048780487804878
1225;8738;0,004878048780487804878
1225;9088;0,004878048780487804878
1225;9106;0,004878048780487804878
1225;9112;0,004878048780487804878
1225;9194;0,004878048780487804878
1225;9196;0,004878048780487804878
1225;9345;0,004878048780487804878
1225;9483;0,004878048780487804878
1225;9710;0,004878048780487804878
1225;9905;0,004878048780487804878
1225;11534;0,004878048780487804878
1225;11890;0,004878048780487804878
1225;11921;0,004878048780487804878
1225;12119;0,004878048780487804878
1225;12339;0,004878048780487804878
1225;12428;0,004878048780487804878
1225;12429;0,004878048780487804878
1225;12430;0,009756097560975609756
1225;12431;0,004878048780487804878
1225;12432;0,004878048780487804878
1225;12433;0,004878048780487804878
1225;12435;0,004878048780487804878
1225;12436;0,004878048780487804878
1225;12439;0,004878048780487804878
1225;12441;0,004878048780487804878
1225;12442;0,004878048780487804878
1225;12763;0,004878048780487804878
1225;12764;0,004878048780487804878
1225;12765;0,004878048780487804878
1225;12766;0,004878048780487804878
1225;12767;0,004878048780487804878
1225;12768;0,004878048780487804878
1225;12769;0,004878048780487804878
1225;12770;0,004878048780487804878
1225;12771;0,004878048780487804878
1225;12772;0,004878048780487804878
1225;12826;0,004878048780487804878
1225;13622;0,004878048780487804878
1225;14125;0,004878048780487804878
1225;14323;0,009756097560975609756
1225;14480;0,004878048780487804878
1225;15726;0,004878048780487804878
1225;15860;0,004878048780487804878
1225;15866;0,004878048780487804878
1225;16112;0,004878048780487804878
1225;16487;0,004878048780487804878
1225;16647;0,004878048780487804878
1225;16649;0,004878048780487804878
1225;16650;0,004878048780487804878
1225;16651;0,004878048780487804878
1225;16652;0,004878048780487804878
1225;16653;0,004878048780487804878
1225;16654;0,004878048780487804878
1225;16655;0,004878048780487804878
1225;16656;0,004878048780487804878
1225;16657;0,004878048780487804878
1225;16658;0,004878048780487804878
1225;16659;0,004878048780487804878
1225;16660;0,004878048780487804878
1225;16661;0,004878048780487804878
1225;16662;0,004878048780487804878
1225;16663;0,004878048780487804878
1225;16664;0,004878048780487804878
1225;16665;0,004878048780487804878
1225;16866;0,004878048780487804878
1225;19734;0,004878048780487804878
1225;20474;0,004878048780487804878
1225;21470;0,004878048780487804878
1225;21592;0,004878048780487804878
1225;21597;0,004878048780487804878
1225;22645;0,004878048780487804878
1225;25272;0,004878048780487804878
1225;27522;0,004878048780487804878
1225;27557;0,004878048780487804878
1225;27991;0,004878048780487804878
1225;28034;0,004878048780487804878
1225;28538;0,004878048780487804878
1225;28964;0,004878048780487804878
1227;4225;0,166666666666666666666
1227;9722;0,833333333333333333333
1228;1457;0,090909090909090909090
1228;1487;0,181818181818181818181
1228;2131;0,090909090909090909090
1228;2318;0,090909090909090909090
1228;2509;0,272727272727272727272
1228;2882;0,090909090909090909090
1228;5180;0,090909090909090909090
1228;33843;0,090909090909090909090
1231;890;0,027777777777777777777
1231;2736;0,027777777777777777777
1231;3141;0,305555555555555555555
1231;3145;0,194444444444444444444
1231;3268;0,055555555555555555555
1231;4024;0,055555555555555555555
1231;4695;0,027777777777777777777
1231;5519;0,027777777777777777777
1231;6503;0,055555555555555555555
1231;6511;0,027777777777777777777
1231;13369;0,055555555555555555555
1231;140271;0,027777777777777777777
1231;333343;0,111111111111111111111
1234;39;0,017857142857142857142
1234;71;0,017857142857142857142
1234;135;0,053571428571428571428
1234;524;0,035714285714285714285
1234;528;0,035714285714285714285
1234;529;0,035714285714285714285
1234;621;0,017857142857142857142
1234;878;0,017857142857142857142
1234;911;0,160714285714285714285
1234;964;0,017857142857142857142
1234;980;0,035714285714285714285
1234;1235;0,017857142857142857142
1234;1237;0,035714285714285714285
1234;1277;0,107142857142857142857
1234;1340;0,035714285714285714285
1234;2111;0,017857142857142857142
1234;2181;0,017857142857142857142
1234;2823;0,017857142857142857142
1234;3325;0,142857142857142857142
1234;3523;0,035714285714285714285
1234;8623;0,053571428571428571428
1234;9442;0,035714285714285714285
1234;151929;0,017857142857142857142
1234;533247;0,017857142857142857142
1235;845;0,071428571428571428571
1235;980;0,446428571428571428571
1235;1234;0,071428571428571428571
1235;1236;0,053571428571428571428
1235;1237;0,017857142857142857142
1235;1277;0,071428571428571428571
1235;1931;0,017857142857142857142
1235;2111;0,017857142857142857142
1235;2684;0,017857142857142857142
1235;3325;0,017857142857142857142
1235;3393;0,142857142857142857142
1235;10188;0,017857142857142857142
1235;21154;0,017857142857142857142
1235;602536;0,017857142857142857142
1236;980;0,033333333333333333333
1236;1058;0,066666666666666666666
1236;1234;0,066666666666666666666
1236;1235;0,200000000000000000000
1236;1237;0,033333333333333333333
1236;1277;0,033333333333333333333
1236;1931;0,033333333333333333333
1236;2052;0,100000000000000000000
1236;2204;0,100000000000000000000
1236;2684;0,100000000000000000000
1236;3188;0,133333333333333333333
1236;10188;0,033333333333333333333
1236;21154;0,033333333333333333333
1236;602536;0,033333333333333333333
1237;1234;1,000000000000000000000
1240;1114;1,000000000000000000000
1243;180;0,200000000000000000000
1243;863;0,200000000000000000000
1243;997;0,200000000000000000000
1243;4538;0,200000000000000000000
1243;27557;0,200000000000000000000
1246;1092;0,400000000000000000000
1246;1133;0,200000000000000000000
1246;6250;0,400000000000000000000
1248;876;0,500000000000000000000
1248;1129;0,250000000000000000000
1248;3625;0,250000000000000000000
1250;657;0,031250000000000000000
1250;689;0,187500000000000000000
1250;835;0,031250000000000000000
1250;859;0,062500000000000000000
1250;904;0,031250000000000000000
1250;1121;0,062500000000000000000
1250;2834;0,062500000000000000000
1250;4147;0,031250000000000000000
1250;8213;0,031250000000000000000
1250;8229;0,062500000000000000000
1250;23759;0,031250000000000000000
1250;24239;0,031250000000000000000
1250;24254;0,031250000000000000000
1250;24258;0,062500000000000000000
1250;28784;0,062500000000000000000
1250;283638;0,062500000000000000000
1250;307900;0,062500000000000000000
1250;329272;0,031250000000000000000
1250;653116;0,031250000000000000000
1253;1751;0,166666666666666666666
1253;3877;0,166666666666666666666
1253;22123;0,333333333333333333333
1253;276963;0,333333333333333333333
1254;54;0,062500000000000000000
1254;119;0,062500000000000000000
1254;533;0,031250000000000000000
1254;551;0,031250000000000000000
1254;657;0,031250000000000000000
1254;914;0,062500000000000000000
1254;1068;0,031250000000000000000
1254;1079;0,031250000000000000000
1254;1171;0,062500000000000000000
1254;1184;0,031250000000000000000
1254;1663;0,031250000000000000000
1254;1839;0,031250000000000000000
1254;2086;0,062500000000000000000
1254;2179;0,031250000000000000000
1254;3105;0,062500000000000000000
1254;3957;0,031250000000000000000
1254;5149;0,062500000000000000000
1254;5617;0,062500000000000000000
1254;7713;0,062500000000000000000
1254;12706;0,031250000000000000000
1254;13476;0,031250000000000000000
1254;14907;0,031250000000000000000
1254;33843;0,031250000000000000000
1255;119;0,100000000000000000000
1255;596;0,100000000000000000000
1255;689;0,500000000000000000000
1255;1184;0,100000000000000000000
1255;13329;0,200000000000000000000
1261;41;0,135135135135135135135
1261;131;0,027027027027027027027
1261;158;0,027027027027027027027
1261;159;0,027027027027027027027
1261;160;0,027027027027027027027
1261;161;0,054054054054054054054
1261;275;0,081081081081081081081
1261;440;0,027027027027027027027
1261;642;0,081081081081081081081
1261;649;0,027027027027027027027
1261;845;0,054054054054054054054
1261;982;0,054054054054054054054
1261;1041;0,054054054054054054054
1261;1262;0,135135135135135135135
1261;1263;0,054054054054054054054
1261;4472;0,027027027027027027027
1261;4890;0,027027027027027027027
1261;8199;0,027027027027027027027
1261;767166;0,054054054054054054054
1265;1867;0,444444444444444444444
1265;3471;0,111111111111111111111
1265;5212;0,111111111111111111111
1265;5790;0,222222222222222222222
1265;8805;0,111111111111111111111
1267;10941;1,000000000000000000000
1271;17;1,000000000000000000000
1276;71;0,100000000000000000000
1276;995;0,100000000000000000000
1276;1754;0,100000000000000000000
1276;2487;0,100000000000000000000
1276;3123;0,100000000000000000000
1276;3940;0,200000000000000000000
1276;3996;0,100000000000000000000
1276;4159;0,100000000000000000000
1276;5306;0,100000000000000000000
1277;113;0,016949152542372881355
1277;980;0,067796610169491525423
1277;1234;0,101694915254237288135
1277;1235;0,067796610169491525423
1277;1236;0,033898305084745762711
1277;1237;0,084745762711864406779
1277;1278;0,050847457627118644067
1277;1931;0,016949152542372881355
1277;2684;0,033898305084745762711
1277;3393;0,016949152542372881355
1277;3802;0,050847457627118644067
1277;10188;0,288135593220338983050
1277;21154;0,033898305084745762711
1277;602536;0,135593220338983050847
1278;2;0,043010752688172043010
1278;39;0,010752688172043010752
1278;113;0,043010752688172043010
1278;135;0,043010752688172043010
1278;183;0,021505376344086021505
1278;281;0,010752688172043010752
1278;520;0,021505376344086021505
1278;526;0,010752688172043010752
1278;527;0,010752688172043010752
1278;528;0,021505376344086021505
1278;748;0,010752688172043010752
1278;749;0,010752688172043010752
1278;912;0,043010752688172043010
1278;980;0,021505376344086021505
1278;1234;0,010752688172043010752
1278;1277;0,010752688172043010752
1278;1591;0,096774193548387096774
1278;1814;0,043010752688172043010
1278;1902;0,064516129032258064516
1278;1931;0,021505376344086021505
1278;1996;0,010752688172043010752
1278;2009;0,032258064516129032258
1278;2046;0,010752688172043010752
1278;2111;0,032258064516129032258
1278;2445;0,010752688172043010752
1278;2684;0,075268817204301075268
1278;3392;0,053763440860215053763
1278;4020;0,010752688172043010752
1278;5218;0,043010752688172043010
1278;5909;0,053763440860215053763
1278;7160;0,010752688172043010752
1278;10188;0,021505376344086021505
1278;13472;0,032258064516129032258
1278;693032;0,032258064516129032258
1282;4697;0,200000000000000000000
1282;7874;0,300000000000000000000
1282;8212;0,100000000000000000000
1282;8580;0,400000000000000000000
1284;855;0,500000000000000000000
1284;2129;0,500000000000000000000
1286;65;0,072727272727272727272
1286;127;0,109090909090909090909
1286;190;0,036363636363636363636
1286;242;0,018181818181818181818
1286;452;0,036363636363636363636
1286;524;0,018181818181818181818
1286;526;0,018181818181818181818
1286;621;0,018181818181818181818
1286;642;0,018181818181818181818
1286;826;0,018181818181818181818
1286;841;0,018181818181818181818
1286;938;0,054545454545454545454
1286;970;0,145454545454545454545
1286;1754;0,036363636363636363636
1286;1985;0,018181818181818181818
1286;2147;0,018181818181818181818
1286;2434;0,109090909090909090909
1286;2586;0,054545454545454545454
1286;3142;0,018181818181818181818
1286;3414;0,036363636363636363636
1286;5459;0,018181818181818181818
1286;7941;0,018181818181818181818
1286;8539;0,018181818181818181818
1286;57838;0,018181818181818181818
1286;151929;0,018181818181818181818
1286;453859;0,018181818181818181818
1286;747808;0,018181818181818181818
1288;271;0,111111111111111111111
1288;667;0,111111111111111111111
1288;1301;0,111111111111111111111
1288;2371;0,222222222222222222222
1288;3978;0,111111111111111111111
1288;4629;0,111111111111111111111
1288;4794;0,111111111111111111111
1288;11014;0,111111111111111111111
1290;1314;1,000000000000000000000
1293;216;0,033898305084745762711
1293;523;0,016949152542372881355
1293;573;0,016949152542372881355
1293;1010;0,050847457627118644067
1293;1018;0,016949152542372881355
1293;2001;0,016949152542372881355
1293;2188;0,033898305084745762711
1293;2484;0,067796610169491525423
1293;3189;0,050847457627118644067
1293;3551;0,084745762711864406779
1293;3685;0,016949152542372881355
1293;3809;0,016949152542372881355
1293;4000;0,050847457627118644067
1293;4001;0,016949152542372881355
1293;4090;0,016949152542372881355
1293;4091;0,016949152542372881355
1293;4421;0,016949152542372881355
1293;4877;0,050847457627118644067
1293;5470;0,016949152542372881355
1293;5800;0,016949152542372881355
1293;6372;0,016949152542372881355
1293;6991;0,033898305084745762711
1293;7748;0,016949152542372881355
1293;8268;0,033898305084745762711
1293;10523;0,033898305084745762711
1293;13504;0,050847457627118644067
1293;14050;0,050847457627118644067
1293;17148;0,016949152542372881355
1293;18149;0,016949152542372881355
1293;18300;0,016949152542372881355
1293;20436;0,016949152542372881355
1293;21512;0,033898305084745762711
1293;393418;0,033898305084745762711
1305;1967;1,000000000000000000000
1307;131;0,027027027027027027027
1307;306;0,054054054054054054054
1307;727;0,135135135135135135135
1307;885;0,054054054054054054054
1307;1416;0,027027027027027027027
1307;1864;0,027027027027027027027
1307;1923;0,027027027027027027027
1307;2117;0,027027027027027027027
1307;2198;0,027027027027027027027
1307;2794;0,027027027027027027027
1307;3235;0,135135135135135135135
1307;3763;0,027027027027027027027
1307;4004;0,081081081081081081081
1307;4355;0,081081081081081081081
1307;5329;0,054054054054054054054
1307;5493;0,054054054054054054054
1307;9360;0,108108108108108108108
1307;110738;0,027027027027027027027
1310;285;0,666666666666666666666
1310;5289;0,333333333333333333333
1316;352;0,200000000000000000000
1316;645;0,100000000000000000000
1316;1442;0,100000000000000000000
1316;1840;0,300000000000000000000
1316;2547;0,100000000000000000000
1316;2991;0,100000000000000000000
1316;12816;0,100000000000000000000
1319;132;0,100000000000000000000
1319;3458;0,100000000000000000000
1319;4244;0,100000000000000000000
1319;12706;0,700000000000000000000
1321;220;0,034482758620689655172
1321;360;0,034482758620689655172
1321;437;0,068965517241379310344
1321;492;0,103448275862068965517
1321;1014;0,172413793103448275862
1321;1455;0,034482758620689655172
1321;1565;0,068965517241379310344
1321;1769;0,034482758620689655172
1321;2196;0,034482758620689655172
1321;2826;0,034482758620689655172
1321;3359;0,034482758620689655172
1321;3427;0,068965517241379310344
1321;4518;0,034482758620689655172
1321;4697;0,068965517241379310344
1321;5753;0,034482758620689655172
1321;6072;0,034482758620689655172
1321;6413;0,034482758620689655172
1321;7874;0,034482758620689655172
1321;18641;0,034482758620689655172
1322;180;0,250000000000000000000
1322;863;0,375000000000000000000
1322;1243;0,125000000000000000000
1322;255740;0,250000000000000000000
1325;1114;0,500000000000000000000
1325;1331;0,500000000000000000000
1326;9;0,006666666666666666666
1326;65;0,008888888888888888888
1326;190;0,008888888888888888888
1326;192;0,002222222222222222222
1326;206;0,006666666666666666666
1326;307;0,006666666666666666666
1326;373;0,002222222222222222222
1326;378;0,006666666666666666666
1326;467;0,006666666666666666666
1326;512;0,002222222222222222222
1326;524;0,002222222222222222222
1326;526;0,008888888888888888888
1326;528;0,002222222222222222222
1326;621;0,002222222222222222222
1326;841;0,002222222222222222222
1326;877;0,002222222222222222222
1326;878;0,002222222222222222222
1326;883;0,002222222222222222222
1326;911;0,002222222222222222222
1326;970;0,002222222222222222222
1326;1044;0,006666666666666666666
1326;1066;0,002222222222222222222
1326;1109;0,008888888888888888888
1326;1122;0,002222222222222222222
1326;1150;0,002222222222222222222
1326;1234;0,002222222222222222222
1326;1274;0,006666666666666666666
1326;1327;0,006666666666666666666
1326;1329;0,006666666666666666666
1326;1332;0,006666666666666666666
1326;1335;0,013333333333333333333
1326;1337;0,011111111111111111111
1326;1419;0,006666666666666666666
1326;1549;0,006666666666666666666
1326;1625;0,002222222222222222222
1326;1667;0,008888888888888888888
1326;1676;0,006666666666666666666
1326;1838;0,006666666666666666666
1326;2017;0,006666666666666666666
1326;2039;0,006666666666666666666
1326;2041;0,006666666666666666666
1326;2050;0,006666666666666666666
1326;2054;0,002222222222222222222
1326;2059;0,002222222222222222222
1326;2064;0,006666666666666666666
1326;2066;0,006666666666666666666
1326;2071;0,008888888888888888888
1326;2149;0,002222222222222222222
1326;2150;0,002222222222222222222
1326;2152;0,006666666666666666666
1326;2156;0,006666666666666666666
1326;2212;0,002222222222222222222
1326;2214;0,002222222222222222222
1326;2223;0,008888888888888888888
1326;2271;0,002222222222222222222
1326;2349;0,006666666666666666666
1326;2385;0,002222222222222222222
1326;2492;0,002222222222222222222
1326;2503;0,002222222222222222222
1326;2504;0,002222222222222222222
1326;2586;0,002222222222222222222
1326;2644;0,002222222222222222222
1326;2779;0,002222222222222222222
1326;2780;0,002222222222222222222
1326;3116;0,008888888888888888888
1326;3142;0,002222222222222222222
1326;3158;0,006666666666666666666
1326;3204;0,006666666666666666666
1326;3355;0,006666666666666666666
1326;3403;0,006666666666666666666
1326;3714;0,006666666666666666666
1326;3736;0,006666666666666666666
1326;3864;0,006666666666666666666
1326;3983;0,006666666666666666666
1326;3998;0,002222222222222222222
1326;4070;0,006666666666666666666
1326;4232;0,002222222222222222222
1326;4237;0,002222222222222222222
1326;4281;0,008888888888888888888
1326;4493;0,002222222222222222222
1326;4525;0,002222222222222222222
1326;4561;0,002222222222222222222
1326;4625;0,006666666666666666666
1326;4715;0,002222222222222222222
1326;4720;0,006666666666666666666
1326;4748;0,006666666666666666666
1326;4755;0,006666666666666666666
1326;4979;0,006666666666666666666
1326;5144;0,006666666666666666666
1326;5214;0,006666666666666666666
1326;5250;0,006666666666666666666
1326;5351;0,006666666666666666666
1326;5367;0,002222222222222222222
1326;5437;0,002222222222222222222
1326;5441;0,002222222222222222222
1326;5442;0,002222222222222222222
1326;5629;0,002222222222222222222
1326;5632;0,002222222222222222222
1326;5831;0,006666666666666666666
1326;5892;0,006666666666666666666
1326;5922;0,006666666666666666666
1326;6213;0,008888888888888888888
1326;6234;0,006666666666666666666
1326;6465;0,006666666666666666666
1326;6581;0,002222222222222222222
1326;6604;0,006666666666666666666
1326;6624;0,006666666666666666666
1326;6828;0,006666666666666666666
1326;7278;0,008888888888888888888
1326;7328;0,006666666666666666666
1326;7546;0,006666666666666666666
1326;7564;0,006666666666666666666
1326;7586;0,006666666666666666666
1326;7759;0,002222222222222222222
1326;7762;0,002222222222222222222
1326;7788;0,006666666666666666666
1326;7979;0,006666666666666666666
1326;8500;0,002222222222222222222
1326;8618;0,006666666666666666666
1326;8623;0,002222222222222222222
1326;8730;0,006666666666666666666
1326;8933;0,006666666666666666666
1326;9110;0,002222222222222222222
1326;9208;0,006666666666666666666
1326;9383;0,002222222222222222222
1326;9385;0,006666666666666666666
1326;9387;0,002222222222222222222
1326;9389;0,002222222222222222222
1326;9391;0,002222222222222222222
1326;9396;0,006666666666666666666
1326;9397;0,002222222222222222222
1326;9402;0,002222222222222222222
1326;9405;0,006666666666666666666
1326;9409;0,002222222222222222222
1326;9416;0,006666666666666666666
1326;9421;0,006666666666666666666
1326;9424;0,008888888888888888888
1326;9440;0,002222222222222222222
1326;9681;0,006666666666666666666
1326;10000;0,006666666666666666666
1326;10080;0,006666666666666666666
1326;10169;0,006666666666666666666
1326;10649;0,006666666666666666666
1326;10740;0,006666666666666666666
1326;11213;0,006666666666666666666
1326;11536;0,006666666666666666666
1326;11999;0,006666666666666666666
1326;12798;0,006666666666666666666
1326;13006;0,006666666666666666666
1326;13369;0,006666666666666666666
1326;13372;0,006666666666666666666
1326;14073;0,006666666666666666666
1326;14465;0,006666666666666666666
1326;15437;0,008888888888888888888
1326;16644;0,006666666666666666666
1326;17603;0,006666666666666666666
1326;18247;0,006666666666666666666
1326;18258;0,006666666666666666666
1326;19031;0,006666666666666666666
1326;20801;0,006666666666666666666
1326;26502;0,006666666666666666666
1326;27173;0,006666666666666666666
1326;27286;0,006666666666666666666
1326;27512;0,006666666666666666666
1326;27837;0,006666666666666666666
1326;27865;0,006666666666666666666
1326;27892;0,004444444444444444444
1326;27893;0,006666666666666666666
1326;28598;0,006666666666666666666
1326;28738;0,002222222222222222222
1326;56195;0,006666666666666666666
1326;219255;0,006666666666666666666
1326;257324;0,006666666666666666666
1326;284854;0,006666666666666666666
1326;286660;0,006666666666666666666
1326;308238;0,006666666666666666666
1326;309580;0,006666666666666666666
1326;325535;0,006666666666666666666
1326;327858;0,006666666666666666666
1326;327859;0,006666666666666666666
1326;334818;0,006666666666666666666
1326;352262;0,006666666666666666666
1326;365524;0,006666666666666666666
1326;382779;0,006666666666666666666
1326;423622;0,006666666666666666666
1327;307;0,076923076923076923076
1327;378;0,076923076923076923076
1327;1240;0,076923076923076923076
1327;1325;0,076923076923076923076
1327;1329;0,076923076923076923076
1327;1331;0,153846153846153846153
1327;1337;0,076923076923076923076
1327;2152;0,076923076923076923076
1327;5831;0,076923076923076923076
1327;7278;0,076923076923076923076
1327;15437;0,076923076923076923076
1327;27808;0,076923076923076923076
1328;307;0,090909090909090909090
1328;378;0,090909090909090909090
1328;1240;0,090909090909090909090
1328;1327;0,090909090909090909090
1328;1329;0,090909090909090909090
1328;1332;0,090909090909090909090
1328;1335;0,090909090909090909090
1328;2152;0,090909090909090909090
1328;5831;0,090909090909090909090
1328;7278;0,090909090909090909090
1328;27808;0,090909090909090909090
1329;408414;1,000000000000000000000
1331;1325;0,333333333333333333333
1331;1327;0,333333333333333333333
1331;1337;0,333333333333333333333
1332;307;0,088235294117647058823
1332;378;0,088235294117647058823
1332;1240;0,088235294117647058823
1332;1325;0,029411764705882352941
1332;1327;0,088235294117647058823
1332;1328;0,088235294117647058823
1332;1329;0,088235294117647058823
1332;1331;0,029411764705882352941
1332;1335;0,088235294117647058823
1332;1337;0,029411764705882352941
1332;5831;0,088235294117647058823
1332;7278;0,088235294117647058823
1332;15437;0,029411764705882352941
1332;27808;0,088235294117647058823
1335;378;0,250000000000000000000
1335;1327;0,750000000000000000000
1336;307;1,000000000000000000000
1337;1331;1,000000000000000000000
1340;54;0,017543859649122807017
1340;108;0,017543859649122807017
1340;349;0,017543859649122807017
1340;351;0,087719298245614035087
1340;520;0,017543859649122807017
1340;817;0,017543859649122807017
1340;918;0,017543859649122807017
1340;1064;0,017543859649122807017
1340;1122;0,017543859649122807017
1340;1234;0,035087719298245614035
1340;1510;0,035087719298245614035
1340;2445;0,017543859649122807017
1340;2592;0,017543859649122807017
1340;2594;0,035087719298245614035
1340;2761;0,017543859649122807017
1340;3098;0,017543859649122807017
1340;3235;0,017543859649122807017
1340;3362;0,035087719298245614035
1340;3802;0,052631578947368421052
1340;4278;0,105263157894736842105
1340;5360;0,017543859649122807017
1340;10926;0,017543859649122807017
1340;41776;0,017543859649122807017
1340;54879;0,035087719298245614035
1340;98841;0,052631578947368421052
1340;434991;0,210526315789473684210
1340;440509;0,035087719298245614035
1342;11;0,166666666666666666666
1342;283;0,333333333333333333333
1342;4313;0,166666666666666666666
1342;8489;0,166666666666666666666
1342;245879;0,166666666666666666666
1344;485;0,035714285714285714285
1344;551;0,035714285714285714285
1344;657;0,035714285714285714285
1344;669;0,035714285714285714285
1344;1348;0,071428571428571428571
1344;2817;0,035714285714285714285
1344;5657;0,035714285714285714285
1344;5679;0,214285714285714285714
1344;7671;0,035714285714285714285
1344;179346;0,428571428571428571428
1344;372528;0,035714285714285714285
1348;73;0,125000000000000000000
1348;119;0,041666666666666666666
1348;596;0,083333333333333333333
1348;826;0,041666666666666666666
1348;914;0,083333333333333333333
1348;1068;0,083333333333333333333
1348;1344;0,083333333333333333333
1348;2318;0,125000000000000000000
1348;5789;0,083333333333333333333
1348;8081;0,041666666666666666666
1348;17549;0,041666666666666666666
1348;20853;0,083333333333333333333
1348;28970;0,041666666666666666666
1348;453859;0,041666666666666666666
1364;42;0,008000000000000000000
1364;237;0,416000000000000000000
1364;261;0,120000000000000000000
1364;983;0,048000000000000000000
1364;1141;0,008000000000000000000
1364;1873;0,048000000000000000000
1364;2133;0,024000000000000000000
1364;2145;0,008000000000000000000
1364;3000;0,008000000000000000000
1364;3174;0,008000000000000000000
1364;3219;0,032000000000000000000
1364;3753;0,160000000000000000000
1364;3857;0,056000000000000000000
1364;4825;0,008000000000000000000
1364;4881;0,008000000000000000000
1364;5578;0,016000000000000000000
1364;144425;0,024000000000000000000
1366;839;1,000000000000000000000
1370;281;0,093750000000000000000
1370;452;0,125000000000000000000
1370;754;0,093750000000000000000
1370;819;0,062500000000000000000
1370;1129;0,125000000000000000000
1370;23720;0,093750000000000000000
1370;693032;0,312500000000000000000
1370;791903;0,093750000000000000000
1374;119;0,111111111111111111111
1374;596;0,111111111111111111111
1374;1663;0,111111111111111111111
1374;4434;0,333333333333333333333
1374;6130;0,111111111111111111111
1374;13476;0,111111111111111111111
1374;18585;0,111111111111111111111
1379;158;0,500000000000000000000
1379;4424;0,500000000000000000000
1393;2214;1,000000000000000000000
1397;411;0,222222222222222222222
1397;475;0,444444444444444444444
1397;5168;0,111111111111111111111
1397;7975;0,111111111111111111111
1397;499117;0,111111111111111111111
1401;190;0,071428571428571428571
1401;360;0,071428571428571428571
1401;841;0,142857142857142857142
1401;878;0,071428571428571428571
1401;1109;0,071428571428571428571
1401;2054;0,071428571428571428571
1401;2385;0,071428571428571428571
1401;4525;0,071428571428571428571
1401;4765;0,071428571428571428571
1401;5632;0,071428571428571428571
1401;7759;0,071428571428571428571
1401;9409;0,142857142857142857142
1402;313;0,111111111111111111111
1402;577;0,111111111111111111111
1402;1453;0,111111111111111111111
1402;1692;0,111111111111111111111
1402;1709;0,111111111111111111111
1402;2826;0,111111111111111111111
1402;9261;0,111111111111111111111
1402;529797;0,222222222222222222222
1406;176;0,032258064516129032258
1406;240;0,032258064516129032258
1406;360;0,032258064516129032258
1406;689;0,096774193548387096774
1406;885;0,032258064516129032258
1406;886;0,032258064516129032258
1406;978;0,032258064516129032258
1406;1085;0,032258064516129032258
1406;1831;0,032258064516129032258
1406;1949;0,032258064516129032258
1406;2080;0,064516129032258064516
1406;2129;0,032258064516129032258
1406;2489;0,032258064516129032258
1406;2834;0,032258064516129032258
1406;3091;0,032258064516129032258
1406;3096;0,032258064516129032258
1406;3235;0,032258064516129032258
1406;3567;0,032258064516129032258
1406;3891;0,032258064516129032258
1406;4831;0,032258064516129032258
1406;7711;0,032258064516129032258
1406;13158;0,032258064516129032258
1406;22298;0,032258064516129032258
1406;37815;0,032258064516129032258
1406;38738;0,032258064516129032258
1406;42210;0,032258064516129032258
1406;76428;0,032258064516129032258
1406;440497;0,032258064516129032258
1419;2054;0,200000000000000000000
1419;6828;0,200000000000000000000
1419;7586;0,200000000000000000000
1419;8623;0,400000000000000000000
1429;826;0,500000000000000000000
1429;1785;0,500000000000000000000
1432;1169;0,045454545454545454545
1432;1482;0,090909090909090909090
1432;3427;0,045454545454545454545
1432;3449;0,045454545454545454545
1432;17549;0,181818181818181818181
1432;17710;0,272727272727272727272
1432;20648;0,136363636363636363636
1432;27674;0,090909090909090909090
1432;59867;0,045454545454545454545
1432;131383;0,045454545454545454545
1434;288;0,043478260869565217391
1434;568;0,043478260869565217391
1434;608;0,043478260869565217391
1434;1082;0,108695652173913043478
1434;1083;0,043478260869565217391
1434;3212;0,108695652173913043478
1434;3968;0,043478260869565217391
1434;5037;0,065217391304347826086
1434;6461;0,021739130434782608695
1434;6991;0,086956521739130434782
1434;7701;0,043478260869565217391
1434;9376;0,043478260869565217391
1434;11656;0,130434782608695652173
1434;11890;0,021739130434782608695
1434;16666;0,021739130434782608695
1434;17677;0,086956521739130434782
1434;17678;0,043478260869565217391
1437;425;0,027027027027027027027
1437;845;0,189189189189189189189
1437;846;0,324324324324324324324
1437;1065;0,027027027027027027027
1437;1263;0,027027027027027027027
1437;192866;0,270270270270270270270
1437;623129;0,135135135135135135135
1439;40;0,010695187165775401069
1439;214;0,010695187165775401069
1439;282;0,010695187165775401069
1439;484;0,005347593582887700534
1439;518;0,005347593582887700534
1439;635;0,010695187165775401069
1439;731;0,010695187165775401069
1439;747;0,010695187165775401069
1439;748;0,016042780748663101604
1439;882;0,010695187165775401069
1439;1094;0,010695187165775401069
1439;1164;0,005347593582887700534
1439;1192;0,005347593582887700534
1439;1429;0,010695187165775401069
1439;1471;0,010695187165775401069
1439;1637;0,016042780748663101604
1439;1684;0,005347593582887700534
1439;1810;0,010695187165775401069
1439;1831;0,010695187165775401069
1439;2075;0,010695187165775401069
1439;2080;0,010695187165775401069
1439;2083;0,010695187165775401069
1439;2489;0,010695187165775401069
1439;2734;0,016042780748663101604
1439;3091;0,021390374331550802139
1439;3161;0,010695187165775401069
1439;3420;0,010695187165775401069
1439;3436;0,026737967914438502673
1439;3797;0,010695187165775401069
1439;3829;0,005347593582887700534
1439;4476;0,016042780748663101604
1439;4667;0,010695187165775401069
1439;5083;0,010695187165775401069
1439;5177;0,010695187165775401069
1439;5654;0,005347593582887700534
1439;5679;0,053475935828877005347
1439;6955;0,005347593582887700534
1439;7322;0,010695187165775401069
1439;7480;0,010695187165775401069
1439;7560;0,005347593582887700534
1439;7711;0,016042780748663101604
1439;8003;0,010695187165775401069
1439;8512;0,010695187165775401069
1439;8516;0,010695187165775401069
1439;9356;0,048128342245989304812
1439;9668;0,005347593582887700534
1439;10338;0,016042780748663101604
1439;10724;0,010695187165775401069
1439;11552;0,010695187165775401069
1439;12938;0,010695187165775401069
1439;15048;0,005347593582887700534
1439;15471;0,016042780748663101604
1439;22211;0,010695187165775401069
1439;22298;0,016042780748663101604
1439;25264;0,010695187165775401069
1439;25488;0,010695187165775401069
1439;28517;0,005347593582887700534
1439;28822;0,010695187165775401069
1439;28826;0,037433155080213903743
1439;30811;0,010695187165775401069
1439;37811;0,010695187165775401069
1439;37815;0,010695187165775401069
1439;38738;0,010695187165775401069
1439;42210;0,021390374331550802139
1439;45724;0,010695187165775401069
1439;47352;0,016042780748663101604
1439;50332;0,010695187165775401069
1439;50905;0,010695187165775401069
1439;50959;0,010695187165775401069
1439;55041;0,010695187165775401069
1439;76428;0,021390374331550802139
1439;81648;0,010695187165775401069
1439;95154;0,010695187165775401069
1439;99942;0,010695187165775401069
1439;105800;0,010695187165775401069
1439;173893;0,016042780748663101604
1439;282773;0,010695187165775401069
1439;440497;0,021390374331550802139
1439;653504;0,010695187165775401069
1440;748;0,100000000000000000000
1440;2080;0,100000000000000000000
1440;9356;0,300000000000000000000
1440;28826;0,100000000000000000000
1440;38738;0,100000000000000000000
1440;75827;0,100000000000000000000
1440;76428;0,100000000000000000000
1440;440497;0,100000000000000000000
1444;1042;0,400000000000000000000
1444;1771;0,400000000000000000000
1444;27478;0,200000000000000000000
1445;380;0,285714285714285714285
1445;1632;0,285714285714285714285
1445;8899;0,142857142857142857142
1445;12938;0,142857142857142857142
1445;409930;0,142857142857142857142
1447;2961;1,000000000000000000000
1451;28;0,200000000000000000000
1451;1178;0,600000000000000000000
1451;1613;0,200000000000000000000
1453;166;0,500000000000000000000
1453;4039;0,500000000000000000000
1454;870;0,100000000000000000000
1454;1064;0,100000000000000000000
1454;1610;0,500000000000000000000
1454;1689;0,100000000000000000000
1454;156500;0,100000000000000000000
1454;931417;0,100000000000000000000
1455;289;0,035714285714285714285
1455;1036;0,035714285714285714285
1455;1321;0,035714285714285714285
1455;1487;0,035714285714285714285
1455;1689;0,035714285714285714285
1455;1692;0,142857142857142857142
1455;1694;0,035714285714285714285
1455;1695;0,035714285714285714285
1455;1698;0,035714285714285714285
1455;1735;0,035714285714285714285
1455;2195;0,035714285714285714285
1455;4160;0,035714285714285714285
1455;11230;0,035714285714285714285
1455;267368;0,428571428571428571428
1457;109;0,285714285714285714285
1457;1228;0,047619047619047619047
1457;2023;0,095238095238095238095
1457;2509;0,047619047619047619047
1457;3457;0,047619047619047619047
1457;7209;0,285714285714285714285
1457;12706;0,142857142857142857142
1457;15895;0,047619047619047619047
1458;2588;0,500000000000000000000
1458;4954;0,500000000000000000000
1462;54;0,022988505747126436781
1462;109;0,022988505747126436781
1462;322;0,022988505747126436781
1462;550;0,022988505747126436781
1462;596;0,022988505747126436781
1462;658;0,045977011494252873563
1462;914;0,022988505747126436781
1462;1463;0,022988505747126436781
1462;1487;0,022988505747126436781
1462;1663;0,022988505747126436781
1462;1664;0,011494252873563218390
1462;1721;0,011494252873563218390
1462;1867;0,022988505747126436781
1462;1891;0,022988505747126436781
1462;2007;0,022988505747126436781
1462;2184;0,057471264367816091954
1462;2206;0,022988505747126436781
1462;2310;0,022988505747126436781
1462;3120;0,011494252873563218390
1462;3135;0,022988505747126436781
1462;3372;0,022988505747126436781
1462;3433;0,022988505747126436781
1462;3694;0,022988505747126436781
1462;4172;0,022988505747126436781
1462;4744;0,022988505747126436781
1462;4940;0,022988505747126436781
1462;5657;0,022988505747126436781
1462;5789;0,022988505747126436781
1462;5790;0,022988505747126436781
1462;6567;0,022988505747126436781
1462;7209;0,011494252873563218390
1462;7694;0,022988505747126436781
1462;7983;0,022988505747126436781
1462;9138;0,022988505747126436781
1462;12528;0,011494252873563218390
1462;12706;0,022988505747126436781
1462;14733;0,022988505747126436781
1462;15895;0,022988505747126436781
1462;20853;0,022988505747126436781
1462;28411;0,022988505747126436781
1462;28445;0,022988505747126436781
1462;28597;0,022988505747126436781
1462;28600;0,022988505747126436781
1462;28607;0,011494252873563218390
1464;1637;0,428571428571428571428
1464;2712;0,428571428571428571428
1464;10658;0,142857142857142857142
1466;388;0,500000000000000000000
1466;13552;0,500000000000000000000
1468;2275;0,500000000000000000000
1468;6201;0,500000000000000000000
1471;1637;0,285714285714285714285
1471;9668;0,142857142857142857142
1471;47352;0,285714285714285714285
1471;50959;0,285714285714285714285
1473;1838;0,111111111111111111111
1473;3523;0,555555555555555555555
1473;98841;0,222222222222222222222
1473;533247;0,111111111111111111111
1475;57838;1,000000000000000000000
1476;104;0,125000000000000000000
1476;172;0,125000000000000000000
1476;768;0,125000000000000000000
1476;1717;0,375000000000000000000
1476;1991;0,125000000000000000000
1476;20843;0,125000000000000000000
1477;8928;1,000000000000000000000
1479;180;0,031250000000000000000
1479;228;0,031250000000000000000
1479;1749;0,062500000000000000000
1479;2105;0,093750000000000000000
1479;2775;0,062500000000000000000
1479;2863;0,093750000000000000000
1479;6413;0,031250000000000000000
1479;7882;0,031250000000000000000
1479;8165;0,093750000000000000000
1479;8698;0,031250000000000000000
1479;8928;0,406250000000000000000
1479;9905;0,031250000000000000000
1480;10507;1,000000000000000000000
1481;891;1,000000000000000000000
1483;3648;0,111111111111111111111
1483;4471;0,111111111111111111111
1483;8928;0,111111111111111111111
1483;10507;0,222222222222222222222
1483;17516;0,111111111111111111111
1483;28700;0,111111111111111111111
1483;28786;0,111111111111111111111
1483;37812;0,111111111111111111111
1487;119;0,205882352941176470588
1487;132;0,102941176470588235294
1487;550;0,161764705882352941176
1487;909;0,308823529411764705882
1487;1089;0,058823529411764705882
1487;1228;0,014705882352941176470
1487;1462;0,044117647058823529411
1487;3433;0,058823529411764705882
1487;12706;0,044117647058823529411
1489;285;0,041666666666666666666
1489;945;0,041666666666666666666
1489;1066;0,083333333333333333333
1489;1544;0,041666666666666666666
1489;2803;0,041666666666666666666
1489;3427;0,041666666666666666666
1489;3575;0,041666666666666666666
1489;4313;0,041666666666666666666
1489;6354;0,166666666666666666666
1489;7111;0,041666666666666666666
1489;14010;0,083333333333333333333
1489;19419;0,041666666666666666666
1489;59745;0,083333333333333333333
1489;67709;0,041666666666666666666
1489;113392;0,083333333333333333333
1489;157662;0,041666666666666666666
1489;666007;0,041666666666666666666
1497;288;0,222222222222222222222
1497;689;0,555555555555555555555
1497;2678;0,111111111111111111111
1497;3916;0,111111111111111111111
1498;26;0,011235955056179775280
1498;104;0,348314606741573033707
1498;172;0,292134831460674157303
1498;420;0,022471910112359550561
1498;768;0,011235955056179775280
1498;839;0,067415730337078651685
1498;980;0,011235955056179775280
1498;990;0,011235955056179775280
1498;4099;0,011235955056179775280
1498;4431;0,044943820224719101123
1498;4432;0,011235955056179775280
1498;4453;0,011235955056179775280
1498;4472;0,123595505617977528089
1498;98841;0,011235955056179775280
1498;788294;0,011235955056179775280
1499;1591;0,333333333333333333333
1499;3234;0,333333333333333333333
1499;3459;0,333333333333333333333
1500;557;0,200000000000000000000
1500;928;0,200000000000000000000
1500;1096;0,400000000000000000000
1500;2191;0,200000000000000000000
1503;689;0,333333333333333333333
1503;2559;0,333333333333333333333
1503;3859;0,333333333333333333333
1504;83;0,428571428571428571428
1504;2887;0,142857142857142857142
1504;5591;0,142857142857142857142
1504;6635;0,285714285714285714285
1508;2644;0,636363636363636363636
1508;6316;0,272727272727272727272
1508;533247;0,090909090909090909090
1510;35;0,321428571428571428571
1510;349;0,107142857142857142857
1510;1340;0,142857142857142857142
1510;1629;0,035714285714285714285
1510;1894;0,035714285714285714285
1510;2594;0,035714285714285714285
1510;3169;0,035714285714285714285
1510;4954;0,035714285714285714285
1510;6634;0,035714285714285714285
1510;8441;0,035714285714285714285
1510;10633;0,035714285714285714285
1510;10926;0,071428571428571428571
1510;28397;0,035714285714285714285
1510;440509;0,035714285714285714285
1513;267;0,038461538461538461538
1513;861;0,038461538461538461538
1513;1160;0,076923076923076923076
1513;1827;0,076923076923076923076
1513;2398;0,038461538461538461538
1513;2990;0,076923076923076923076
1513;3381;0,076923076923076923076
1513;6007;0,230769230769230769230
1513;6008;0,269230769230769230769
1513;8095;0,038461538461538461538
1513;17549;0,038461538461538461538
1515;36;0,200000000000000000000
1515;251;0,050000000000000000000
1515;1520;0,050000000000000000000
1515;4398;0,150000000000000000000
1515;4592;0,500000000000000000000
1515;10020;0,050000000000000000000
1516;3656;0,500000000000000000000
1516;15975;0,500000000000000000000
1517;1451;0,500000000000000000000
1517;3697;0,500000000000000000000
1521;17207;0,500000000000000000000
1521;44336;0,500000000000000000000
1526;249;0,062500000000000000000
1526;267;0,187500000000000000000
1526;285;0,375000000000000000000
1526;678;0,187500000000000000000
1526;4020;0,187500000000000000000
1527;362;0,500000000000000000000
1527;4379;0,500000000000000000000
1533;4293;0,142857142857142857142
1533;5006;0,857142857142857142857
1544;520;0,022727272727272727272
1544;859;0,022727272727272727272
1544;943;0,159090909090909090909
1544;1065;0,227272727272727272727
1544;1171;0,022727272727272727272
1544;2435;0,136363636363636363636
1544;5679;0,181818181818181818181
1544;113459;0,227272727272727272727
1545;75230;1,000000000000000000000
1547;241;0,037037037037037037037
1547;285;0,111111111111111111111
1547;472;0,222222222222222222222
1547;678;0,074074074074074074074
1547;787;0,037037037037037037037
1547;861;0,037037037037037037037
1547;912;0,037037037037037037037
1547;2515;0,111111111111111111111
1547;3601;0,037037037037037037037
1547;4313;0,037037037037037037037
1547;29061;0,037037037037037037037
1547;216172;0,148148148148148148148
1547;281170;0,074074074074074074074
1552;749;0,166666666666666666666
1552;1754;0,333333333333333333333
1552;408414;0,166666666666666666666
1552;747808;0,333333333333333333333
1554;793;0,224137931034482758620
1554;1364;0,017241379310344827586
1554;1422;0,017241379310344827586
1554;1845;0,120689655172413793103
1554;2005;0,034482758620689655172
1554;2374;0,103448275862068965517
1554;2551;0,034482758620689655172
1554;3029;0,034482758620689655172
1554;3800;0,017241379310344827586
1554;4228;0,017241379310344827586
1554;4621;0,034482758620689655172
1554;5093;0,017241379310344827586
1554;5469;0,017241379310344827586
1554;5530;0,017241379310344827586
1554;5854;0,017241379310344827586
1554;6267;0,017241379310344827586
1554;6930;0,017241379310344827586
1554;7564;0,034482758620689655172
1554;7941;0,034482758620689655172
1554;9026;0,034482758620689655172
1554;9940;0,034482758620689655172
1554;12395;0,017241379310344827586
1554;25849;0,034482758620689655172
1554;317905;0,051724137931034482758
1556;61;0,071428571428571428571
1556;66;0,011904761904761904761
1556;240;0,035714285714285714285
1556;334;0,095238095238095238095
1556;852;0,011904761904761904761
1556;975;0,047619047619047619047
1556;999;0,011904761904761904761
1556;1016;0,059523809523809523809
1556;1104;0,011904761904761904761
1556;1314;0,011904761904761904761
1556;1963;0,011904761904761904761
1556;2166;0,011904761904761904761
1556;2499;0,035714285714285714285
1556;2512;0,047619047619047619047
1556;3188;0,047619047619047619047
1556;3393;0,023809523809523809523
1556;3519;0,083333333333333333333
1556;3683;0,047619047619047619047
1556;3827;0,035714285714285714285
1556;5003;0,011904761904761904761
1556;5012;0,119047619047619047619
1556;5016;0,047619047619047619047
1556;5380;0,011904761904761904761
1556;5464;0,023809523809523809523
1556;5626;0,011904761904761904761
1556;5681;0,011904761904761904761
1556;9482;0,011904761904761904761
1556;347540;0,035714285714285714285
1560;1609;1,000000000000000000000
1561;1906;1,000000000000000000000
1562;812;0,062500000000000000000
1562;1565;0,250000000000000000000
1562;1609;0,062500000000000000000
1562;1700;0,062500000000000000000
1562;1906;0,187500000000000000000
1562;2470;0,062500000000000000000
1562;4526;0,312500000000000000000
1564;1014;0,500000000000000000000
1564;1567;0,500000000000000000000
1565;812;0,126582278481012658227
1565;934;0,012658227848101265822
1565;1036;0,025316455696202531645
1565;1321;0,025316455696202531645
1565;1562;0,113924050632911392405
1565;1688;0,037974683544303797468
1565;2470;0,164556962025316455696
1565;2890;0,253164556962025316455
1565;3395;0,227848101265822784810
1565;6940;0,012658227848101265822
1566;752;0,250000000000000000000
1566;1694;0,250000000000000000000
1566;27269;0,500000000000000000000
1567;437;0,076923076923076923076
1567;1014;0,076923076923076923076
1567;1887;0,230769230769230769230
1567;4240;0,153846153846153846153
1567;6940;0,076923076923076923076
1567;10176;0,076923076923076923076
1567;11476;0,153846153846153846153
1567;931417;0,153846153846153846153
1569;689;0,400000000000000000000
1569;1913;0,400000000000000000000
1569;18641;0,200000000000000000000
1570;11;0,142857142857142857142
1570;2515;0,071428571428571428571
1570;3045;0,357142857142857142857
1570;3871;0,071428571428571428571
1570;5679;0,285714285714285714285
1570;8630;0,071428571428571428571
1574;442;0,428571428571428571428
1574;1024;0,142857142857142857142
1574;5647;0,428571428571428571428
1581;1082;1,000000000000000000000
1588;3877;0,500000000000000000000
1588;6349;0,500000000000000000000
1589;39;0,058823529411764705882
1589;40;0,058823529411764705882
1589;642;0,176470588235294117647
1589;738;0,117647058823529411764
1589;1897;0,176470588235294117647
1589;3256;0,058823529411764705882
1589;3877;0,058823529411764705882
1589;8985;0,058823529411764705882
1589;666007;0,235294117647058823529
1591;113;0,058252427184466019417
1591;281;0,038834951456310679611
1591;283;0,038834951456310679611
1591;737;0,048543689320388349514
1591;802;0,009708737864077669902
1591;861;0,029126213592233009708
1591;873;0,009708737864077669902
1591;912;0,009708737864077669902
1591;980;0,087378640776699029126
1591;1142;0,009708737864077669902
1591;1278;0,087378640776699029126
1591;1499;0,019417475728155339805
1591;1513;0,009708737864077669902
1591;2111;0,048543689320388349514
1591;2379;0,038834951456310679611
1591;2661;0,038834951456310679611
1591;2684;0,097087378640776699029
1591;2714;0,029126213592233009708
1591;2990;0,009708737864077669902
1591;3045;0,029126213592233009708
1591;3234;0,058252427184466019417
1591;3381;0,038834951456310679611
1591;3619;0,009708737864077669902
1591;3872;0,009708737864077669902
1591;3992;0,009708737864077669902
1591;4187;0,009708737864077669902
1591;4313;0,009708737864077669902
1591;4592;0,019417475728155339805
1591;4613;0,009708737864077669902
1591;4787;0,009708737864077669902
1591;6105;0,009708737864077669902
1591;7030;0,009708737864077669902
1591;10188;0,038834951456310679611
1591;10606;0,009708737864077669902
1596;320;0,096774193548387096774
1596;393;0,032258064516129032258
1596;452;0,032258064516129032258
1596;550;0,032258064516129032258
1596;794;0,064516129032258064516
1596;914;0,032258064516129032258
1596;1180;0,032258064516129032258
1596;1988;0,064516129032258064516
1596;1997;0,032258064516129032258
1596;4681;0,032258064516129032258
1596;5089;0,032258064516129032258
1596;5440;0,129032258064516129032
1596;7132;0,032258064516129032258
1596;11527;0,225806451612903225806
1596;13158;0,096774193548387096774
1596;432293;0,032258064516129032258
1597;752;0,214285714285714285714
1597;822;0,071428571428571428571
1597;970;0,071428571428571428571
1597;4299;0,142857142857142857142
1597;4440;0,214285714285714285714
1597;19031;0,214285714285714285714
1597;591752;0,071428571428571428571
1598;839;0,428571428571428571428
1598;4424;0,285714285714285714285
1598;4472;0,285714285714285714285
1606;1135;0,400000000000000000000
1606;3465;0,200000000000000000000
1606;5175;0,200000000000000000000
1606;44336;0,200000000000000000000
1608;437;0,147058823529411764705
1608;1014;0,147058823529411764705
1608;1563;0,117647058823529411764
1608;1700;0,147058823529411764705
1608;1883;0,029411764705882352941
1608;4245;0,088235294117647058823
1608;6723;0,029411764705882352941
1608;6940;0,088235294117647058823
1608;10177;0,058823529411764705882
1608;21396;0,029411764705882352941
1608;27269;0,029411764705882352941
1608;245879;0,058823529411764705882
1608;752863;0,029411764705882352941
1609;1014;0,100000000000000000000
1609;1610;0,600000000000000000000
1609;6940;0,300000000000000000000
1610;812;0,133333333333333333333
1610;1014;0,133333333333333333333
1610;1454;0,266666666666666666666
1610;1560;0,066666666666666666666
1610;1609;0,133333333333333333333
1610;1906;0,066666666666666666666
1610;2470;0,066666666666666666666
1610;6940;0,066666666666666666666
1610;13291;0,066666666666666666666
1613;104;0,100000000000000000000
1613;163;0,100000000000000000000
1613;303;0,100000000000000000000
1613;768;0,100000000000000000000
1613;937;0,100000000000000000000
1613;1451;0,200000000000000000000
1613;3637;0,100000000000000000000
1613;4437;0,100000000000000000000
1613;8928;0,100000000000000000000
1616;113;0,266666666666666666666
1616;407;0,066666666666666666666
1616;749;0,066666666666666666666
1616;826;0,133333333333333333333
1616;984;0,466666666666666666666
1625;533247;1,000000000000000000000
1629;1694;0,428571428571428571428
1629;1763;0,285714285714285714285
1629;752863;0,285714285714285714285
1632;46;0,045454545454545454545
1632;1064;0,136363636363636363636
1632;1101;0,045454545454545454545
1632;1563;0,045454545454545454545
1632;1698;0,045454545454545454545
1632;2825;0,090909090909090909090
1632;2826;0,045454545454545454545
1632;4386;0,045454545454545454545
1632;7994;0,090909090909090909090
1632;529797;0,181818181818181818181
1632;752863;0,045454545454545454545
1632;771844;0,181818181818181818181
1637;625;0,025000000000000000000
1637;635;0,050000000000000000000
1637;731;0,025000000000000000000
1637;1154;0,075000000000000000000
1637;1464;0,025000000000000000000
1637;1471;0,037500000000000000000
1637;1981;0,037500000000000000000
1637;2655;0,050000000000000000000
1637;2712;0,250000000000000000000
1637;2990;0,037500000000000000000
1637;3091;0,012500000000000000000
1637;3096;0,012500000000000000000
1637;3214;0,025000000000000000000
1637;3393;0,037500000000000000000
1637;4553;0,037500000000000000000
1637;10165;0,062500000000000000000
1637;157662;0,012500000000000000000
1637;336640;0,175000000000000000000
1637;767229;0,012500000000000000000
1639;85;0,080000000000000000000
1639;283;0,080000000000000000000
1639;771;0,040000000000000000000
1639;1154;0,080000000000000000000
1639;1662;0,160000000000000000000
1639;1917;0,120000000000000000000
1639;2291;0,080000000000000000000
1639;2302;0,040000000000000000000
1639;2375;0,040000000000000000000
1639;2847;0,080000000000000000000
1639;4553;0,040000000000000000000
1639;4598;0,080000000000000000000
1639;8363;0,040000000000000000000
1639;9350;0,040000000000000000000
1644;183;0,071428571428571428571
1644;407;0,714285714285714285714
1644;517;0,142857142857142857142
1644;5640;0,071428571428571428571
1650;1182;1,000000000000000000000
1657;96;0,026315789473684210526
1657;645;0,026315789473684210526
1657;1022;0,131578947368421052631
1657;1122;0,026315789473684210526
1657;3085;0,026315789473684210526
1657;3852;0,289473684210526315789
1657;4159;0,026315789473684210526
1657;4501;0,026315789473684210526
1657;6501;0,210526315789473684210
1657;6502;0,131578947368421052631
1657;6504;0,026315789473684210526
1657;960642;0,052631578947368421052
1662;1639;1,000000000000000000000
1663;648;0,100000000000000000000
1663;1254;0,200000000000000000000
1663;1462;0,100000000000000000000
1663;5262;0,100000000000000000000
1663;7111;0,100000000000000000000
1663;8348;0,100000000000000000000
1663;12706;0,200000000000000000000
1663;21161;0,100000000000000000000
1667;190;0,058139534883720930232
1667;192;0,023255813953488372093
1667;496;0,023255813953488372093
1667;497;0,058139534883720930232
1667;841;0,023255813953488372093
1667;964;0,011627906976744186046
1667;1101;0,011627906976744186046
1667;1122;0,034883720930232558139
1667;2027;0,034883720930232558139
1667;2150;0,058139534883720930232
1667;2271;0,011627906976744186046
1667;2272;0,034883720930232558139
1667;2492;0,011627906976744186046
1667;2740;0,011627906976744186046
1667;2823;0,011627906976744186046
1667;3085;0,023255813953488372093
1667;3328;0,081395348837209302325
1667;3591;0,023255813953488372093
1667;4364;0,011627906976744186046
1667;5158;0,116279069767441860465
1667;5219;0,046511627906976744186
1667;5437;0,069767441860465116279
1667;5545;0,046511627906976744186
1667;5564;0,046511627906976744186
1667;5632;0,058139534883720930232
1667;7747;0,011627906976744186046
1667;17502;0,023255813953488372093
1667;533247;0,023255813953488372093
1676;933;0,500000000000000000000
1676;5264;0,500000000000000000000
1678;861;0,142857142857142857142
1678;3269;0,142857142857142857142
1678;5612;0,142857142857142857142
1678;7713;0,571428571428571428571
1681;131;0,037037037037037037037
1681;277;0,037037037037037037037
1681;420;0,074074074074074074074
1681;733;0,111111111111111111111
1681;899;0,111111111111111111111
1681;1263;0,037037037037037037037
1681;1301;0,037037037037037037037
1681;2435;0,074074074074074074074
1681;2512;0,037037037037037037037
1681;2786;0,074074074074074074074
1681;3105;0,074074074074074074074
1681;3427;0,037037037037037037037
1681;3683;0,037037037037037037037
1681;9898;0,037037037037037037037
1681;23759;0,037037037037037037037
1681;27836;0,037037037037037037037
1681;114536;0,074074074074074074074
1681;282900;0,037037037037037037037
1684;518;0,111111111111111111111
1684;1162;0,222222222222222222222
1684;1810;0,111111111111111111111
1684;3797;0,111111111111111111111
1684;5061;0,111111111111111111111
1684;10724;0,111111111111111111111
1684;22211;0,111111111111111111111
1684;55041;0,111111111111111111111
1685;752;0,333333333333333333333
1685;3359;0,666666666666666666666
1689;313;0,100000000000000000000
1689;749;0,100000000000000000000
1689;1608;0,200000000000000000000
1689;1694;0,100000000000000000000
1689;1703;0,100000000000000000000
1689;1706;0,200000000000000000000
1689;4526;0,100000000000000000000
1689;752863;0,100000000000000000000
1690;752;0,500000000000000000000
1690;2683;0,500000000000000000000
1692;149;0,500000000000000000000
1692;136664;0,500000000000000000000
1694;149;0,073684210526315789473
1694;220;0,010526315789473684210
1694;289;0,052631578947368421052
1694;1455;0,073684210526315789473
1694;1566;0,073684210526315789473
1694;1629;0,105263157894736842105
1694;1689;0,063157894736842105263
1694;1692;0,063157894736842105263
1694;1699;0,042105263157894736842
1694;1763;0,084210526315789473684
1694;2196;0,115789473684210526315
1694;2254;0,052631578947368421052
1694;3971;0,073684210526315789473
1694;5478;0,021052631578947368421
1694;6413;0,010526315789473684210
1694;9955;0,052631578947368421052
1694;114536;0,010526315789473684210
1694;156500;0,010526315789473684210
1694;752863;0,010526315789473684210
1695;433;0,142857142857142857142
1695;2196;0,571428571428571428571
1695;283638;0,142857142857142857142
1695;499117;0,142857142857142857142
1696;1940;1,000000000000000000000
1697;46;0,045454545454545454545
1697;174;0,045454545454545454545
1697;689;0,090909090909090909090
1697;1321;0,090909090909090909090
1697;1690;0,136363636363636363636
1697;1699;0,090909090909090909090
1697;2506;0,045454545454545454545
1697;3427;0,045454545454545454545
1697;5753;0,136363636363636363636
1697;10093;0,090909090909090909090
1697;67709;0,045454545454545454545
1697;257158;0,090909090909090909090
1697;752863;0,045454545454545454545
1698;412;0,666666666666666666666
1698;3049;0,333333333333333333333
1699;4526;1,000000000000000000000
1700;433;0,010416666666666666666
1700;437;0,052083333333333333333
1700;1014;0,041666666666666666666
1700;1560;0,031250000000000000000
1700;1561;0,052083333333333333333
1700;1563;0,010416666666666666666
1700;1608;0,041666666666666666666
1700;1609;0,031250000000000000000
1700;1610;0,031250000000000000000
1700;1883;0,010416666666666666666
1700;1887;0,010416666666666666666
1700;2470;0,031250000000000000000
1700;3647;0,031250000000000000000
1700;3648;0,031250000000000000000
1700;3768;0,031250000000000000000
1700;4172;0,010416666666666666666
1700;4245;0,104166666666666666666
1700;4518;0,010416666666666666666
1700;4526;0,041666666666666666666
1700;6072;0,031250000000000000000
1700;6634;0,010416666666666666666
1700;6940;0,062500000000000000000
1700;9951;0,031250000000000000000
1700;11476;0,031250000000000000000
1700;13291;0,031250000000000000000
1700;19176;0,031250000000000000000
1700;20915;0,031250000000000000000
1700;21396;0,031250000000000000000
1700;21750;0,031250000000000000000
1700;283638;0,020833333333333333333
1700;284856;0,010416666666666666666
1700;931417;0,031250000000000000000
1702;689;1,000000000000000000000
1703;4206;1,000000000000000000000
1705;433;0,153846153846153846153
1705;1064;0,076923076923076923076
1705;1563;0,076923076923076923076
1705;1632;0,076923076923076923076
1705;1769;0,076923076923076923076
1705;2826;0,076923076923076923076
1705;3098;0,076923076923076923076
1705;3359;0,230769230769230769230
1705;529797;0,076923076923076923076
1705;752863;0,076923076923076923076
1706;1173;0,200000000000000000000
1706;2367;0,200000000000000000000
1706;2825;0,200000000000000000000
1706;284855;0,400000000000000000000
1707;149;0,012345679012345679012
1707;220;0,012345679012345679012
1707;289;0,012345679012345679012
1707;313;0,012345679012345679012
1707;492;0,012345679012345679012
1707;577;0,012345679012345679012
1707;870;0,037037037037037037037
1707;1173;0,012345679012345679012
1707;1186;0,012345679012345679012
1707;1321;0,012345679012345679012
1707;1402;0,061728395061728395061
1707;1453;0,012345679012345679012
1707;1455;0,012345679012345679012
1707;1566;0,012345679012345679012
1707;1629;0,012345679012345679012
1707;1632;0,012345679012345679012
1707;1686;0,012345679012345679012
1707;1689;0,012345679012345679012
1707;1692;0,012345679012345679012
1707;1693;0,012345679012345679012
1707;1694;0,012345679012345679012
1707;1697;0,012345679012345679012
1707;1698;0,012345679012345679012
1707;1699;0,012345679012345679012
1707;1703;0,012345679012345679012
1707;1705;0,061728395061728395061
1707;1706;0,012345679012345679012
1707;1708;0,012345679012345679012
1707;1709;0,012345679012345679012
1707;1763;0,024691358024691358024
1707;1769;0,061728395061728395061
1707;2008;0,012345679012345679012
1707;2195;0,012345679012345679012
1707;2254;0,012345679012345679012
1707;2506;0,012345679012345679012
1707;2825;0,012345679012345679012
1707;2826;0,012345679012345679012
1707;3049;0,012345679012345679012
1707;3564;0,049382716049382716049
1707;3971;0,012345679012345679012
1707;5478;0,012345679012345679012
1707;6144;0,012345679012345679012
1707;7994;0,012345679012345679012
1707;8071;0,061728395061728395061
1707;8491;0,012345679012345679012
1707;9955;0,012345679012345679012
1707;10093;0,012345679012345679012
1707;13195;0,012345679012345679012
1707;14653;0,012345679012345679012
1707;18517;0,012345679012345679012
1707;18525;0,012345679012345679012
1707;21502;0,012345679012345679012
1707;25861;0,012345679012345679012
1707;27708;0,012345679012345679012
1707;156500;0,049382716049382716049
1707;529797;0,012345679012345679012
1708;1563;0,500000000000000000000
1708;8902;0,500000000000000000000
1709;1187;1,000000000000000000000
1710;848;0,057142857142857142857
1710;1967;0,257142857142857142857
1710;2510;0,028571428571428571428
1710;3103;0,057142857142857142857
1710;3234;0,057142857142857142857
1710;6723;0,314285714285714285714
1710;9258;0,142857142857142857142
1710;10020;0,057142857142857142857
1710;75230;0,028571428571428571428
1717;163;0,038461538461538461538
1717;172;0,153846153846153846153
1717;469;0,038461538461538461538
1717;768;0,038461538461538461538
1717;772;0,076923076923076923076
1717;839;0,153846153846153846153
1717;1476;0,153846153846153846153
1717;1829;0,038461538461538461538
1717;4432;0,115384615384615384615
1717;4772;0,115384615384615384615
1717;308968;0,076923076923076923076
1723;12400;1,000000000000000000000
1727;138;0,071428571428571428571
1727;396;0,071428571428571428571
1727;414;0,142857142857142857142
1727;3446;0,142857142857142857142
1727;4078;0,142857142857142857142
1727;5053;0,071428571428571428571
1727;6000;0,071428571428571428571
1727;12563;0,071428571428571428571
1727;366089;0,142857142857142857142
1727;408414;0,071428571428571428571
1728;411;1,000000000000000000000
1729;411;0,187500000000000000000
1729;1137;0,187500000000000000000
1729;1447;0,062500000000000000000
1729;2961;0,125000000000000000000
1729;3214;0,062500000000000000000
1729;4334;0,125000000000000000000
1729;5168;0,062500000000000000000
1729;41565;0,187500000000000000000
1731;689;1,000000000000000000000
1741;2510;0,666666666666666666666
1741;4117;0,333333333333333333333
1744;466;0,307692307692307692307
1744;3116;0,153846153846153846153
1744;4240;0,153846153846153846153
1744;7221;0,076923076923076923076
1744;7301;0,076923076923076923076
1744;8723;0,076923076923076923076
1744;8730;0,076923076923076923076
1744;533247;0,076923076923076923076
1745;502;0,333333333333333333333
1745;719;0,333333333333333333333
1745;1116;0,333333333333333333333
1749;303;0,142857142857142857142
1749;937;0,285714285714285714285
1749;1613;0,285714285714285714285
1749;3637;0,285714285714285714285
1751;955;0,500000000000000000000
1751;956;0,250000000000000000000
1751;1046;0,250000000000000000000
1754;39;0,017241379310344827586
1754;65;0,030172413793103448275
1754;71;0,004310344827586206896
1754;119;0,004310344827586206896
1754;194;0,064655172413793103448
1754;322;0,008620689655172413793
1754;472;0,034482758620689655172
1754;526;0,004310344827586206896
1754;652;0,004310344827586206896
1754;689;0,004310344827586206896
1754;695;0,004310344827586206896
1754;700;0,017241379310344827586
1754;748;0,038793103448275862068
1754;1276;0,004310344827586206896
1754;1286;0,030172413793103448275
1754;1663;0,012931034482758620689
1754;1696;0,004310344827586206896
1754;1708;0,021551724137931034482
1754;1713;0,004310344827586206896
1754;1762;0,021551724137931034482
1754;1939;0,017241379310344827586
1754;1940;0,021551724137931034482
1754;1948;0,004310344827586206896
1754;2021;0,034482758620689655172
1754;2188;0,004310344827586206896
1754;2433;0,004310344827586206896
1754;2844;0,030172413793103448275
1754;3436;0,008620689655172413793
1754;4613;0,030172413793103448275
1754;4991;0,068965517241379310344
1754;6721;0,034482758620689655172
1754;7215;0,030172413793103448275
1754;7630;0,038793103448275862068
1754;7660;0,017241379310344827586
1754;8910;0,012931034482758620689
1754;14978;0,004310344827586206896
1754;21507;0,008620689655172413793
1754;136664;0,004310344827586206896
1754;349041;0,025862068965517241379
1754;393418;0,021551724137931034482
1754;453859;0,008620689655172413793
1754;747808;0,232758620689655172413
1762;218;0,047619047619047619047
1762;419;0,095238095238095238095
1762;689;0,380952380952380952380
1762;904;0,095238095238095238095
1762;1754;0,142857142857142857142
1762;2961;0,047619047619047619047
1762;2993;0,047619047619047619047
1762;12563;0,047619047619047619047
1762;14010;0,047619047619047619047
1762;17281;0,047619047619047619047
1763;689;0,181818181818181818181
1763;1694;0,090909090909090909090
1763;2195;0,090909090909090909090
1763;2254;0,181818181818181818181
1763;2825;0,090909090909090909090
1763;3359;0,090909090909090909090
1763;5493;0,090909090909090909090
1763;5918;0,090909090909090909090
1763;17549;0,090909090909090909090
1764;519;0,200000000000000000000
1764;2005;0,200000000000000000000
1764;2494;0,200000000000000000000
1764;17266;0,200000000000000000000
1764;119973;0,200000000000000000000
1765;869;0,500000000000000000000
1765;2467;0,500000000000000000000
1769;289;0,047619047619047619047
1769;380;0,333333333333333333333
1769;492;0,047619047619047619047
1769;1321;0,047619047619047619047
1769;1697;0,047619047619047619047
1769;2318;0,047619047619047619047
1769;2826;0,142857142857142857142
1769;3359;0,095238095238095238095
1769;6413;0,095238095238095238095
1769;10093;0,047619047619047619047
1769;18517;0,047619047619047619047
1771;1042;0,083333333333333333333
1771;1220;0,145833333333333333333
1771;1444;0,083333333333333333333
1771;2275;0,083333333333333333333
1771;2419;0,041666666666666666666
1771;2420;0,020833333333333333333
1771;2421;0,041666666666666666666
1771;2422;0,020833333333333333333
1771;2423;0,020833333333333333333
1771;2424;0,020833333333333333333
1771;3145;0,020833333333333333333
1771;6068;0,041666666666666666666
1771;7954;0,062500000000000000000
1771;11369;0,041666666666666666666
1771;13850;0,020833333333333333333
1771;16497;0,041666666666666666666
1771;25226;0,020833333333333333333
1771;27063;0,041666666666666666666
1771;27066;0,020833333333333333333
1771;27810;0,020833333333333333333
1771;366089;0,020833333333333333333
1771;387437;0,041666666666666666666
1771;387438;0,041666666666666666666
1778;520;0,090909090909090909090
1778;4225;0,363636363636363636363
1778;5935;0,545454545454545454545
1779;85;0,136363636363636363636
1779;237;0,272727272727272727272
1779;247;0,227272727272727272727
1779;5223;0,136363636363636363636
1779;7142;0,090909090909090909090
1779;251238;0,136363636363636363636
1780;497;0,166666666666666666666
1780;815;0,277777777777777777777
1780;2037;0,055555555555555555555
1780;4500;0,055555555555555555555
1780;5691;0,055555555555555555555
1780;6548;0,055555555555555555555
1780;7759;0,333333333333333333333
1785;826;0,238095238095238095238
1785;1429;0,047619047619047619047
1785;2080;0,190476190476190476190
1785;2083;0,047619047619047619047
1785;4621;0,238095238095238095238
1785;10338;0,238095238095238095238
1799;310;0,250000000000000000000
1799;5776;0,750000000000000000000
1814;698;0,058823529411764705882
1814;802;0,058823529411764705882
1814;826;0,058823529411764705882
1814;1278;0,058823529411764705882
1814;2087;0,176470588235294117647
1814;2472;0,058823529411764705882
1814;2607;0,058823529411764705882
1814;3234;0,117647058823529411764
1814;3392;0,235294117647058823529
1814;4376;0,058823529411764705882
1814;921779;0,058823529411764705882
1815;135;1,000000000000000000000
1822;638;0,200000000000000000000
1822;1894;0,200000000000000000000
1822;5852;0,400000000000000000000
1822;119973;0,200000000000000000000
1824;38;0,050000000000000000000
1824;288;0,050000000000000000000
1824;920;0,200000000000000000000
1824;2322;0,050000000000000000000
1824;2678;0,050000000000000000000
1824;3087;0,050000000000000000000
1824;8348;0,050000000000000000000
1824;9114;0,350000000000000000000
1824;10085;0,150000000000000000000
1831;74;0,038461538461538461538
1831;113;0,038461538461538461538
1831;275;0,115384615384615384615
1831;652;0,038461538461538461538
1831;885;0,076923076923076923076
1831;1162;0,038461538461538461538
1831;1192;0,038461538461538461538
1831;1623;0,038461538461538461538
1831;2838;0,115384615384615384615
1831;3096;0,038461538461538461538
1831;5622;0,038461538461538461538
1831;7711;0,038461538461538461538
1831;9832;0,076923076923076923076
1831;12938;0,076923076923076923076
1831;13158;0,038461538461538461538
1831;38738;0,115384615384615384615
1831;75827;0,038461538461538461538
1833;2493;1,000000000000000000000
1838;1473;0,111111111111111111111
1838;5564;0,222222222222222222222
1838;6151;0,111111111111111111111
1838;20801;0,111111111111111111111
1838;286660;0,111111111111111111111
1838;382779;0,333333333333333333333
1839;5679;1,000000000000000000000
1840;71;0,052631578947368421052
1840;306;0,263157894736842105263
1840;375;0,052631578947368421052
1840;1316;0,157894736842105263157
1840;1892;0,105263157894736842105
1840;4159;0,052631578947368421052
1840;4695;0,105263157894736842105
1840;8636;0,210526315789473684210
1843;855;0,500000000000000000000
1843;5089;0,500000000000000000000
1844;571;0,500000000000000000000
1844;1897;0,500000000000000000000
1850;4278;0,600000000000000000000
1850;12333;0,400000000000000000000
1853;1154;0,076923076923076923076
1853;1981;0,076923076923076923076
1853;2731;0,076923076923076923076
1853;5373;0,153846153846153846153
1853;37814;0,538461538461538461538
1853;99942;0,076923076923076923076
1854;9686;0,125000000000000000000
1854;19402;0,875000000000000000000
1855;23;0,066666666666666666666
1855;379;0,033333333333333333333
1855;855;0,033333333333333333333
1855;2474;0,133333333333333333333
1855;3872;0,066666666666666666666
1855;5613;0,466666666666666666666
1855;8062;0,033333333333333333333
1855;13122;0,066666666666666666666
1855;21005;0,066666666666666666666
1855;48826;0,033333333333333333333
1862;869;0,333333333333333333333
1862;2961;0,333333333333333333333
1862;5591;0,333333333333333333333
1864;115;0,063063063063063063063
1864;475;0,081081081081081081081
1864;477;0,036036036036036036036
1864;490;0,027027027027027027027
1864;652;0,036036036036036036036
1864;885;0,036036036036036036036
1864;1120;0,036036036036036036036
1864;1210;0,099099099099099099099
1864;1843;0,036036036036036036036
1864;2198;0,027027027027027027027
1864;2704;0,027027027027027027027
1864;2884;0,027027027027027027027
1864;3235;0,009009009009009009009
1864;3481;0,009009009009009009009
1864;3532;0,054054054054054054054
1864;3567;0,036036036036036036036
1864;3815;0,036036036036036036036
1864;3891;0,027027027027027027027
1864;4355;0,018018018018018018018
1864;5083;0,027027027027027027027
1864;5521;0,045045045045045045045
1864;6406;0,009009009009009009009
1864;8513;0,009009009009009009009
1864;9360;0,027027027027027027027
1864;9468;0,018018018018018018018
1864;13178;0,027027027027027027027
1864;13907;0,027027027027027027027
1864;50332;0,036036036036036036036
1864;50959;0,036036036036036036036
1864;499117;0,018018018018018018018
1866;521;0,067796610169491525423
1866;528;0,050847457627118644067
1866;975;0,016949152542372881355
1866;977;0,016949152542372881355
1866;1150;0,084745762711864406779
1866;2027;0,067796610169491525423
1866;2492;0,050847457627118644067
1866;3033;0,135593220338983050847
1866;3680;0,084745762711864406779
1866;3800;0,067796610169491525423
1866;4237;0,067796610169491525423
1866;5691;0,033898305084745762711
1866;6320;0,067796610169491525423
1866;8156;0,067796610169491525423
1866;9399;0,067796610169491525423
1866;18251;0,050847457627118644067
1868;285;0,333333333333333333333
1868;678;0,333333333333333333333
1868;13294;0,333333333333333333333
1873;689;0,333333333333333333333
1873;1364;0,666666666666666666666
1877;609;0,333333333333333333333
1877;2778;0,333333333333333333333
1877;6461;0,333333333333333333333
1879;394;1,000000000000000000000
1883;1608;0,125000000000000000000
1883;1610;0,375000000000000000000
1883;1700;0,125000000000000000000
1883;9951;0,125000000000000000000
1883;21396;0,125000000000000000000
1883;931417;0,125000000000000000000
1887;934;0,125000000000000000000
1887;1014;0,125000000000000000000
1887;1567;0,625000000000000000000
1887;931417;0,125000000000000000000
1889;678;0,052631578947368421052
1889;2661;0,157894736842105263157
1889;2684;0,052631578947368421052
1889;2713;0,052631578947368421052
1889;3045;0,157894736842105263157
1889;3429;0,105263157894736842105
1889;6440;0,105263157894736842105
1889;6609;0,052631578947368421052
1889;7116;0,052631578947368421052
1889;7160;0,210526315789473684210
1891;54;0,444444444444444444444
1891;1462;0,055555555555555555555
1891;4041;0,111111111111111111111
1891;4150;0,055555555555555555555
1891;7128;0,055555555555555555555
1891;12528;0,055555555555555555555
1891;54440;0,222222222222222222222
1893;219;0,200000000000000000000
1893;324;0,400000000000000000000
1893;2436;0,200000000000000000000
1893;2518;0,200000000000000000000
1894;277;0,052631578947368421052
1894;405;0,052631578947368421052
1894;671;0,315789473684210526315
1894;1510;0,052631578947368421052
1894;1771;0,052631578947368421052
1894;2594;0,052631578947368421052
1894;3362;0,263157894736842105263
1894;119973;0,157894736842105263157
1897;135;0,029411764705882352941
1897;407;0,088235294117647058823
1897;526;0,029411764705882352941
1897;528;0,029411764705882352941
1897;571;0,117647058823529411764
1897;877;0,088235294117647058823
1897;964;0,058823529411764705882
1897;975;0,029411764705882352941
1897;1046;0,029411764705882352941
1897;1589;0,029411764705882352941
1897;1600;0,029411764705882352941
1897;1844;0,029411764705882352941
1897;1956;0,029411764705882352941
1897;3401;0,029411764705882352941
1897;3548;0,088235294117647058823
1897;5012;0,029411764705882352941
1897;5493;0,058823529411764705882
1897;8985;0,029411764705882352941
1897;17248;0,029411764705882352941
1897;22123;0,029411764705882352941
1897;78108;0,088235294117647058823
1898;11;0,250000000000000000000
1898;615;0,250000000000000000000
1898;1342;0,250000000000000000000
1898;4747;0,250000000000000000000
1902;1192;0,125000000000000000000
1902;1278;0,250000000000000000000
1902;5610;0,125000000000000000000
1902;5909;0,500000000000000000000
1903;9898;1,000000000000000000000
1906;174;0,222222222222222222222
1906;812;0,111111111111111111111
1906;1561;0,111111111111111111111
1906;1563;0,222222222222222222222
1906;1610;0,111111111111111111111
1906;13291;0,111111111111111111111
1906;752863;0,111111111111111111111
1910;1424;0,142857142857142857142
1910;5440;0,285714285714285714285
1910;6130;0,142857142857142857142
1910;6234;0,142857142857142857142
1910;8899;0,285714285714285714285
1912;311;0,093023255813953488372
1912;739;0,046511627906976744186
1912;1913;0,046511627906976744186
1912;4583;0,023255813953488372093
1912;4942;0,023255813953488372093
1912;5660;0,046511627906976744186
1912;5960;0,046511627906976744186
1912;7630;0,046511627906976744186
1912;12165;0,069767441860465116279
1912;13074;0,325581395348837209302
1912;14266;0,046511627906976744186
1912;19582;0,069767441860465116279
1912;23228;0,023255813953488372093
1912;27826;0,069767441860465116279
1912;28936;0,023255813953488372093
1913;510;0,103448275862068965517
1913;689;0,068965517241379310344
1913;739;0,034482758620689655172
1913;1352;0,034482758620689655172
1913;1569;0,034482758620689655172
1913;1903;0,034482758620689655172
1913;5660;0,034482758620689655172
1913;5960;0,034482758620689655172
1913;7630;0,034482758620689655172
1913;8873;0,068965517241379310344
1913;13809;0,034482758620689655172
1913;14266;0,068965517241379310344
1913;16873;0,034482758620689655172
1913;19582;0,034482758620689655172
1913;23228;0,034482758620689655172
1913;284852;0,103448275862068965517
1913;334473;0,068965517241379310344
1913;366869;0,137931034482758620689
1917;283;0,032258064516129032258
1917;472;0,193548387096774193548
1917;771;0,032258064516129032258
1917;984;0,032258064516129032258
1917;1639;0,193548387096774193548
1917;1981;0,032258064516129032258
1917;2853;0,032258064516129032258
1917;3503;0,419354838709677419354
1917;8708;0,032258064516129032258
1931;980;0,142857142857142857142
1931;1044;0,285714285714285714285
1931;2214;0,428571428571428571428
1931;8633;0,142857142857142857142
1940;71;0,020000000000000000000
1940;100;0,020000000000000000000
1940;101;0,020000000000000000000
1940;127;0,040000000000000000000
1940;194;0,060000000000000000000
1940;472;0,060000000000000000000
1940;628;0,120000000000000000000
1940;1563;0,040000000000000000000
1940;1708;0,040000000000000000000
1940;1754;0,020000000000000000000
1940;3189;0,020000000000000000000
1940;3680;0,020000000000000000000
1940;349041;0,480000000000000000000
1940;453859;0,020000000000000000000
1940;747808;0,020000000000000000000
1942;135;0,050000000000000000000
1942;420;0,050000000000000000000
1942;839;0,100000000000000000000
1942;2657;0,050000000000000000000
1942;5679;0,500000000000000000000
1942;7866;0,050000000000000000000
1942;41776;0,100000000000000000000
1942;440509;0,100000000000000000000
1945;276;0,074074074074074074074
1945;354;0,074074074074074074074
1945;359;0,185185185185185185185
1945;360;0,148148148148148148148
1945;689;0,111111111111111111111
1945;1250;0,111111111111111111111
1945;5638;0,037037037037037037037
1945;15471;0,037037037037037037037
1945;27626;0,037037037037037037037
1945;41776;0,111111111111111111111
1945;59745;0,074074074074074074074
1946;72;0,040000000000000000000
1946;127;0,040000000000000000000
1946;276;0,026666666666666666666
1946;352;0,026666666666666666666
1946;354;0,040000000000000000000
1946;829;0,026666666666666666666
1946;904;0,040000000000000000000
1946;1169;0,013333333333333333333
1946;1692;0,040000000000000000000
1946;2277;0,080000000000000000000
1946;2364;0,040000000000000000000
1946;2825;0,040000000000000000000
1946;2991;0,066666666666666666666
1946;3095;0,026666666666666666666
1946;3395;0,026666666666666666666
1946;3523;0,013333333333333333333
1946;3842;0,026666666666666666666
1946;4020;0,026666666666666666666
1946;4281;0,040000000000000000000
1946;4538;0,013333333333333333333
1946;4821;0,013333333333333333333
1946;5967;0,026666666666666666666
1946;6433;0,053333333333333333333
1946;7941;0,026666666666666666666
1946;12436;0,013333333333333333333
1946;15643;0,053333333333333333333
1946;41776;0,053333333333333333333
1946;98841;0,013333333333333333333
1946;743909;0,053333333333333333333
1948;57;0,307692307692307692307
1948;89;0,025641025641025641025
1948;309;0,205128205128205128205
1948;827;0,025641025641025641025
1948;835;0,025641025641025641025
1948;995;0,051282051282051282051
1948;2355;0,076923076923076923076
1948;3141;0,025641025641025641025
1948;3399;0,025641025641025641025
1948;3574;0,051282051282051282051
1948;3852;0,025641025641025641025
1948;4159;0,051282051282051282051
1948;4853;0,025641025641025641025
1948;6496;0,025641025641025641025
1948;9968;0,025641025641025641025
1948;140271;0,025641025641025641025
1949;71;0,012048192771084337349
1949;74;0,024096385542168674698
1949;115;0,012048192771084337349
1949;528;0,024096385542168674698
1949;579;0,012048192771084337349
1949;652;0,024096385542168674698
1949;793;0,036144578313253012048
1949;988;0,048192771084337349397
1949;1053;0,072289156626506024096
1949;1340;0,012048192771084337349
1949;1623;0,012048192771084337349
1949;2440;0,012048192771084337349
1949;3096;0,012048192771084337349
1949;3164;0,012048192771084337349
1949;3340;0,012048192771084337349
1949;3480;0,012048192771084337349
1949;3481;0,012048192771084337349
1949;3802;0,060240963855421686746
1949;3815;0,012048192771084337349
1949;3877;0,012048192771084337349
1949;3891;0,012048192771084337349
1949;4102;0,024096385542168674698
1949;4377;0,012048192771084337349
1949;4476;0,012048192771084337349
1949;4933;0,132530120481927710843
1949;5172;0,012048192771084337349
1949;5350;0,012048192771084337349
1949;5613;0,012048192771084337349
1949;5856;0,072289156626506024096
1949;6557;0,012048192771084337349
1949;7920;0,024096385542168674698
1949;9762;0,012048192771084337349
1949;12577;0,012048192771084337349
1949;13907;0,012048192771084337349
1949;17727;0,012048192771084337349
1949;22880;0,012048192771084337349
1949;24837;0,012048192771084337349
1949;24838;0,012048192771084337349
1949;98841;0,036144578313253012048
1949;329223;0,012048192771084337349
1949;367451;0,084337349397590361445
1951;131;0,012195121951219512195
1951;246;0,012195121951219512195
1951;271;0,012195121951219512195
1951;288;0,012195121951219512195
1951;290;0,012195121951219512195
1951;294;0,012195121951219512195
1951;317;0,012195121951219512195
1951;545;0,012195121951219512195
1951;1030;0,012195121951219512195
1951;1197;0,012195121951219512195
1951;1288;0,012195121951219512195
1951;1497;0,012195121951219512195
1951;1696;0,012195121951219512195
1951;1824;0,012195121951219512195
1951;1901;0,012195121951219512195
1951;2322;0,012195121951219512195
1951;2323;0,012195121951219512195
1951;2337;0,012195121951219512195
1951;2343;0,012195121951219512195
1951;2371;0,012195121951219512195
1951;2372;0,012195121951219512195
1951;2438;0,012195121951219512195
1951;2678;0,012195121951219512195
1951;2679;0,012195121951219512195
1951;3071;0,012195121951219512195
1951;3304;0,012195121951219512195
1951;3360;0,012195121951219512195
1951;3618;0,012195121951219512195
1951;3731;0,012195121951219512195
1951;3844;0,012195121951219512195
1951;3916;0,012195121951219512195
1951;3978;0,012195121951219512195
1951;4204;0,012195121951219512195
1951;4657;0,012195121951219512195
1951;4728;0,012195121951219512195
1951;4750;0,012195121951219512195
1951;4794;0,012195121951219512195
1951;5506;0,012195121951219512195
1951;5915;0,012195121951219512195
1951;6694;0,012195121951219512195
1951;7859;0,012195121951219512195
1951;7968;0,012195121951219512195
1951;8348;0,012195121951219512195
1951;8635;0,012195121951219512195
1951;9114;0,012195121951219512195
1951;9159;0,012195121951219512195
1951;9376;0,012195121951219512195
1951;9462;0,012195121951219512195
1951;9468;0,036585365853658536585
1951;9992;0,012195121951219512195
1951;10085;0,012195121951219512195
1951;10860;0,012195121951219512195
1951;11014;0,012195121951219512195
1951;11458;0,012195121951219512195
1951;12385;0,012195121951219512195
1951;13206;0,012195121951219512195
1951;14652;0,012195121951219512195
1951;15867;0,012195121951219512195
1951;17677;0,012195121951219512195
1951;17773;0,012195121951219512195
1951;17789;0,012195121951219512195
1951;23561;0,012195121951219512195
1951;23562;0,012195121951219512195
1951;23563;0,012195121951219512195
1951;23564;0,012195121951219512195
1951;26101;0,012195121951219512195
1951;27527;0,012195121951219512195
1951;27528;0,012195121951219512195
1951;27531;0,012195121951219512195
1951;27535;0,012195121951219512195
1951;27537;0,012195121951219512195
1951;27539;0,012195121951219512195
1951;76695;0,012195121951219512195
1951;113392;0,012195121951219512195
1951;119483;0,012195121951219512195
1951;135123;0,012195121951219512195
1951;331627;0,012195121951219512195
1951;365535;0,012195121951219512195
1951;365536;0,012195121951219512195
1951;455165;0,012195121951219512195
1956;2288;0,400000000000000000000
1956;7920;0,600000000000000000000
1959;6461;1,000000000000000000000
1967;602;0,086956521739130434782
1967;861;0,043478260869565217391
1967;1608;0,043478260869565217391
1967;1710;0,130434782608695652173
1967;2543;0,021739130434782608695
1967;3103;0,108695652173913043478
1967;3189;0,086956521739130434782
1967;3393;0,021739130434782608695
1967;3894;0,021739130434782608695
1967;4020;0,065217391304347826086
1967;6723;0,304347826086956521739
1967;29081;0,021739130434782608695
1967;75230;0,043478260869565217391
1974;784;0,500000000000000000000
1974;3111;0,500000000000000000000
1983;771;0,333333333333333333333
1983;4881;0,666666666666666666666
1984;9513;1,000000000000000000000
1985;1984;0,076923076923076923076
1985;3774;0,923076923076923076923
1988;96;0,038043478260869565217
1988;168;0,005434782608695652173
1988;237;0,010869565217391304347
1988;283;0,010869565217391304347
1988;420;0,027173913043478260869
1988;472;0,005434782608695652173
1988;747;0,010869565217391304347
1988;860;0,010869565217391304347
1988;1141;0,010869565217391304347
1988;1262;0,005434782608695652173
1988;1596;0,010869565217391304347
1988;2375;0,005434782608695652173
1988;2515;0,016304347826086956521
1988;3174;0,021739130434782608695
1988;3219;0,010869565217391304347
1988;3633;0,005434782608695652173
1988;4825;0,005434782608695652173
1988;4881;0,733695652173913043478
1988;5578;0,005434782608695652173
1988;5628;0,010869565217391304347
1988;6666;0,005434782608695652173
1988;13253;0,010869565217391304347
1988;349041;0,005434782608695652173
1988;370126;0,005434782608695652173
1988;778335;0,010869565217391304347
1991;163;0,116279069767441860465
1991;172;0,162790697674418604651
1991;420;0,023255813953488372093
1991;669;0,023255813953488372093
1991;777;0,023255813953488372093
1991;999;0,023255813953488372093
1991;2239;0,139534883720930232558
1991;3044;0,046511627906976744186
1991;3260;0,046511627906976744186
1991;3985;0,046511627906976744186
1991;4424;0,023255813953488372093
1991;4427;0,046511627906976744186
1991;4431;0,116279069767441860465
1991;4432;0,046511627906976744186
1991;5016;0,023255813953488372093
1991;9720;0,023255813953488372093
1991;12550;0,023255813953488372093
1991;37812;0,046511627906976744186
1996;470;0,142857142857142857142
1996;964;0,285714285714285714285
1996;1124;0,142857142857142857142
1996;9718;0,142857142857142857142
1996;9730;0,285714285714285714285
1997;273;0,083333333333333333333
1997;428;0,083333333333333333333
1997;1596;0,166666666666666666666
1997;1600;0,083333333333333333333
1997;3877;0,166666666666666666666
1997;4345;0,083333333333333333333
1997;16076;0,166666666666666666666
1997;22123;0,166666666666666666666
2004;488062;1,000000000000000000000
2005;519;0,500000000000000000000
2005;2264;0,333333333333333333333
2005;17266;0,166666666666666666666
2007;1462;0,125000000000000000000
2007;4172;0,375000000000000000000
2007;7111;0,125000000000000000000
2007;12528;0,125000000000000000000
2007;12706;0,250000000000000000000
2008;492;0,250000000000000000000
2008;1064;0,250000000000000000000
2008;8590;0,500000000000000000000
2015;844;0,333333333333333333333
2015;1719;0,047619047619047619047
2015;2210;0,142857142857142857142
2015;2800;0,095238095238095238095
2015;2884;0,047619047619047619047
2015;3891;0,190476190476190476190
2015;18979;0,047619047619047619047
2015;22704;0,095238095238095238095
2017;1109;0,407407407407407407407
2017;1625;0,037037037037037037037
2017;2050;0,074074074074074074074
2017;4070;0,037037037037037037037
2017;5564;0,407407407407407407407
2017;8623;0,037037037037037037037
2021;54;0,333333333333333333333
2021;119;0,083333333333333333333
2021;596;0,027777777777777777777
2021;1663;0,055555555555555555555
2021;1754;0,111111111111111111111
2021;2421;0,027777777777777777777
2021;2792;0,055555555555555555555
2021;5149;0,027777777777777777777
2021;5657;0,055555555555555555555
2021;7111;0,111111111111111111111
2021;12709;0,027777777777777777777
2021;33843;0,027777777777777777777
2021;747808;0,055555555555555555555
2023;1457;0,428571428571428571428
2023;15895;0,428571428571428571428
2023;18247;0,142857142857142857142
2027;2492;0,500000000000000000000
2027;4755;0,500000000000000000000
2037;14;0,062500000000000000000
2037;28;0,125000000000000000000
2037;496;0,312500000000000000000
2037;497;0,062500000000000000000
2037;1101;0,375000000000000000000
2037;1780;0,062500000000000000000
2043;14;0,033333333333333333333
2043;22;0,100000000000000000000
2043;1422;0,233333333333333333333
2043;3209;0,133333333333333333333
2043;4086;0,033333333333333333333
2043;4225;0,133333333333333333333
2043;5632;0,033333333333333333333
2043;8513;0,233333333333333333333
2043;11213;0,066666666666666666666
2046;1101;0,032258064516129032258
2046;1122;0,064516129032258064516
2046;3680;0,096774193548387096774
2046;5219;0,096774193548387096774
2046;5564;0,193548387096774193548
2046;6320;0,129032258064516129032
2046;6548;0,064516129032258064516
2046;9391;0,193548387096774193548
2046;9418;0,096774193548387096774
2046;728154;0,032258064516129032258
2050;220;0,285714285714285714285
2050;1109;0,714285714285714285714
2052;22;0,052631578947368421052
2052;65;0,157894736842105263157
2052;135;0,105263157894736842105
2052;190;0,052631578947368421052
2052;1236;0,105263157894736842105
2052;4086;0,052631578947368421052
2052;5167;0,157894736842105263157
2052;6828;0,052631578947368421052
2052;287409;0,105263157894736842105
2052;533247;0,157894736842105263157
2059;528;0,250000000000000000000
2059;995;0,250000000000000000000
2059;2492;0,250000000000000000000
2059;25849;0,250000000000000000000
2064;65;0,409090909090909090909
2064;2017;0,045454545454545454545
2064;2434;0,045454545454545454545
2064;4876;0,045454545454545454545
2064;9395;0,272727272727272727272
2064;333184;0,181818181818181818181
2070;600;0,111111111111111111111
2070;5632;0,888888888888888888888
2071;6189;0,500000000000000000000
2071;533247;0,500000000000000000000
2073;14;0,285714285714285714285
2073;28;0,428571428571428571428
2073;287;0,285714285714285714285
2075;28;0,157894736842105263157
2075;1162;0,105263157894736842105
2075;1439;0,105263157894736842105
2075;9356;0,052631578947368421052
2075;11552;0,210526315789473684210
2075;12442;0,052631578947368421052
2075;38738;0,263157894736842105263
2075;116409;0,052631578947368421052
2078;687941;1,000000000000000000000
2080;74;0,034482758620689655172
2080;527;0,068965517241379310344
2080;882;0,034482758620689655172
2080;1406;0,034482758620689655172
2080;1637;0,034482758620689655172
2080;1785;0,206896551724137931034
2080;3095;0,034482758620689655172
2080;3096;0,103448275862068965517
2080;4621;0,034482758620689655172
2080;5016;0,034482758620689655172
2080;5449;0,034482758620689655172
2080;8516;0,034482758620689655172
2080;12375;0,034482758620689655172
2080;22211;0,034482758620689655172
2080;42210;0,034482758620689655172
2080;47352;0,034482758620689655172
2080;50959;0,034482758620689655172
2080;76428;0,034482758620689655172
2080;90666;0,034482758620689655172
2080;357817;0,068965517241379310344
2083;302;0,166666666666666666666
2083;1724;0,166666666666666666666
2083;1785;0,166666666666666666666
2083;3508;0,333333333333333333333
2083;38738;0,166666666666666666666
2087;241;0,105263157894736842105
2087;698;0,157894736842105263157
2087;802;0,052631578947368421052
2087;861;0,157894736842105263157
2087;1814;0,210526315789473684210
2087;3392;0,210526315789473684210
2087;3867;0,052631578947368421052
2087;10020;0,052631578947368421052
2098;7755;0,166666666666666666666
2098;8353;0,166666666666666666666
2098;24668;0,166666666666666666666
2098;27349;0,500000000000000000000
2099;317;0,235294117647058823529
2099;318;0,117647058823529411764
2099;2445;0,411764705882352941176
2099;3802;0,235294117647058823529
2105;163;0,150000000000000000000
2105;770;0,050000000000000000000
2105;1054;0,150000000000000000000
2105;1749;0,100000000000000000000
2105;5037;0,250000000000000000000
2105;8049;0,100000000000000000000
2105;16076;0,100000000000000000000
2105;28381;0,100000000000000000000
2111;135;0,153846153846153846153
2111;1278;0,076923076923076923076
2111;1591;0,076923076923076923076
2111;2684;0,076923076923076923076
2111;10188;0,307692307692307692307
2111;602536;0,307692307692307692307
2112;237;0,125000000000000000000
2112;749;0,250000000000000000000
2112;1556;0,125000000000000000000
2112;1940;0,125000000000000000000
2112;15643;0,125000000000000000000
2112;286660;0,250000000000000000000
2117;8468;1,000000000000000000000
2119;349;0,200000000000000000000
2119;1123;0,200000000000000000000
2119;3098;0,200000000000000000000
2119;3146;0,200000000000000000000
2119;9615;0,200000000000000000000
2129;3118;1,000000000000000000000
2130;138;0,025000000000000000000
2130;4821;0,100000000000000000000
2130;13367;0,050000000000000000000
2130;24460;0,075000000000000000000
2130;27416;0,600000000000000000000
2130;373782;0,150000000000000000000
2131;1867;1,000000000000000000000
2137;689;0,166666666666666666666
2137;3197;0,083333333333333333333
2137;5626;0,083333333333333333333
2137;9982;0,500000000000000000000
2137;13704;0,083333333333333333333
2137;28366;0,083333333333333333333
2139;85;0,131578947368421052631
2139;96;0,131578947368421052631
2139;249;0,052631578947368421052
2139;267;0,105263157894736842105
2139;615;0,026315789473684210526
2139;861;0,105263157894736842105
2139;1154;0,052631578947368421052
2139;2293;0,131578947368421052631
2139;3045;0,052631578947368421052
2139;3219;0,078947368421052631578
2139;4080;0,026315789473684210526
2139;5500;0,052631578947368421052
2139;28405;0,026315789473684210526
2139;245879;0,026315789473684210526
2140;392;0,054054054054054054054
2140;395;0,081081081081081081081
2140;401;0,027027027027027027027
2140;407;0,108108108108108108108
2140;410;0,054054054054054054054
2140;419;0,027027027027027027027
2140;904;0,027027027027027027027
2140;1727;0,054054054054054054054
2140;3022;0,027027027027027027027
2140;3024;0,054054054054054054054
2140;4078;0,054054054054054054054
2140;4512;0,027027027027027027027
2140;5852;0,135135135135135135135
2140;6000;0,027027027027027027027
2140;7072;0,027027027027027027027
2140;8017;0,027027027027027027027
2140;13187;0,054054054054054054054
2140;14010;0,027027027027027027027
2140;353698;0,081081081081081081081
2140;743909;0,027027027027027027027
2145;42;0,066666666666666666666
2145;96;0,400000000000000000000
2145;1141;0,133333333333333333333
2145;2293;0,133333333333333333333
2145;2461;0,066666666666666666666
2145;3245;0,133333333333333333333
2145;3633;0,066666666666666666666
2146;190;0,037037037037037037037
2146;283;0,037037037037037037037
2146;877;0,037037037037037037037
2146;2147;0,148148148148148148148
2146;2223;0,037037037037037037037
2146;2385;0,037037037037037037037
2146;2492;0,037037037037037037037
2146;2504;0,037037037037037037037
2146;3085;0,037037037037037037037
2146;3142;0,037037037037037037037
2146;4765;0,111111111111111111111
2146;5367;0,037037037037037037037
2146;7759;0,037037037037037037037
2146;9389;0,037037037037037037037
2146;333343;0,074074074074074074074
2146;533247;0,222222222222222222222
2147;77;0,034482758620689655172
2147;621;0,017241379310344827586
2147;622;0,241379310344827586206
2147;846;0,017241379310344827586
2147;980;0,017241379310344827586
2147;1066;0,051724137931034482758
2147;1171;0,017241379310344827586
2147;1263;0,051724137931034482758
2147;1681;0,017241379310344827586
2147;2064;0,017241379310344827586
2147;2152;0,017241379310344827586
2147;2434;0,017241379310344827586
2147;2503;0,017241379310344827586
2147;2786;0,034482758620689655172
2147;4755;0,017241379310344827586
2147;5264;0,017241379310344827586
2147;5367;0,034482758620689655172
2147;5437;0,017241379310344827586
2147;6624;0,017241379310344827586
2147;7546;0,017241379310344827586
2147;8933;0,017241379310344827586
2147;10740;0,017241379310344827586
2147;13006;0,017241379310344827586
2147;13369;0,017241379310344827586
2147;17323;0,017241379310344827586
2147;27286;0,017241379310344827586
2147;27512;0,017241379310344827586
2147;92556;0,017241379310344827586
2147;190971;0,017241379310344827586
2147;327860;0,017241379310344827586
2147;329223;0,017241379310344827586
2147;330934;0,017241379310344827586
2147;333184;0,017241379310344827586
2147;334818;0,017241379310344827586
2147;352262;0,034482758620689655172
2147;352420;0,017241379310344827586
2147;355594;0,017241379310344827586
2148;681;0,500000000000000000000
2148;6773;0,500000000000000000000
2149;1122;0,428571428571428571428
2149;6320;0,142857142857142857142
2149;8623;0,142857142857142857142
2149;9399;0,071428571428571428571
2149;21697;0,214285714285714285714
2150;975;0,166666666666666666666
2150;1667;0,333333333333333333333
2150;6581;0,166666666666666666666
2150;9399;0,166666666666666666666
2150;286660;0,166666666666666666666
2152;307;0,055555555555555555555
2152;378;0,055555555555555555555
2152;1240;0,055555555555555555555
2152;1325;0,055555555555555555555
2152;1327;0,055555555555555555555
2152;1328;0,055555555555555555555
2152;1329;0,055555555555555555555
2152;1331;0,055555555555555555555
2152;1335;0,055555555555555555555
2152;1337;0,055555555555555555555
2152;2204;0,222222222222222222222
2152;5831;0,055555555555555555555
2152;7278;0,055555555555555555555
2152;15437;0,055555555555555555555
2152;27808;0,055555555555555555555
2153;1971;1,000000000000000000000
2156;695;0,333333333333333333333
2156;970;0,333333333333333333333
2156;1549;0,333333333333333333333
2164;1111;0,529411764705882352941
2164;2244;0,058823529411764705882
2164;4699;0,058823529411764705882
2164;5869;0,058823529411764705882
2164;7478;0,058823529411764705882
2164;14978;0,058823529411764705882
2164;19198;0,117647058823529411764
2164;20307;0,058823529411764705882
2175;80;0,016666666666666666666
2175;4145;0,266666666666666666666
2175;6723;0,050000000000000000000
2175;7095;0,033333333333333333333
2175;10630;0,016666666666666666666
2175;12664;0,016666666666666666666
2175;65998;0,416666666666666666666
2175;66075;0,150000000000000000000
2175;715172;0,033333333333333333333
2179;1255;0,333333333333333333333
2179;4744;0,333333333333333333333
2179;7111;0,333333333333333333333
2181;1234;0,250000000000000000000
2181;4512;0,250000000000000000000
2181;6472;0,500000000000000000000
2184;658;0,333333333333333333333
2184;1462;0,666666666666666666666
2188;1293;0,333333333333333333333
2188;3551;0,333333333333333333333
2188;17148;0,333333333333333333333
2191;853;0,111111111111111111111
2191;1096;0,222222222222222222222
2191;1500;0,222222222222222222222
2191;5408;0,111111111111111111111
2191;6250;0,111111111111111111111
2191;9905;0,111111111111111111111
2191;440509;0,111111111111111111111
2195;313;0,057142857142857142857
2195;934;0,028571428571428571428
2195;1454;0,028571428571428571428
2195;1455;0,028571428571428571428
2195;1692;0,028571428571428571428
2195;1763;0,028571428571428571428
2195;2008;0,028571428571428571428
2195;2196;0,028571428571428571428
2195;2825;0,028571428571428571428
2195;2976;0,057142857142857142857
2195;3359;0,057142857142857142857
2195;3427;0,028571428571428571428
2195;5367;0,228571428571428571428
2195;7994;0,028571428571428571428
2195;8491;0,028571428571428571428
2195;8902;0,028571428571428571428
2195;11427;0,171428571428571428571
2195;27700;0,028571428571428571428
2195;28777;0,028571428571428571428
2195;284855;0,028571428571428571428
2196;149;0,050505050505050505050
2196;220;0,005050505050505050505
2196;289;0,035353535353535353535
2196;324;0,015151515151515151515
2196;475;0,005050505050505050505
2196;791;0,035353535353535353535
2196;1173;0,005050505050505050505
2196;1187;0,005050505050505050505
2196;1282;0,010101010101010101010
2196;1321;0,010101010101010101010
2196;1453;0,005050505050505050505
2196;1455;0,040404040404040404040
2196;1566;0,035353535353535353535
2196;1629;0,040404040404040404040
2196;1685;0,040404040404040404040
2196;1686;0,035353535353535353535
2196;1689;0,035353535353535353535
2196;1690;0,035353535353535353535
2196;1692;0,050505050505050505050
2196;1694;0,070707070707070707070
2196;1695;0,060606060606060606060
2196;1699;0,045454545454545454545
2196;1763;0,035353535353535353535
2196;2195;0,005050505050505050505
2196;2254;0,035353535353535353535
2196;2506;0,005050505050505050505
2196;2976;0,035353535353535353535
2196;3427;0,005050505050505050505
2196;3971;0,040404040404040404040
2196;5478;0,035353535353535353535
2196;8957;0,005050505050505050505
2196;9955;0,035353535353535353535
2196;11229;0,035353535353535353535
2196;11231;0,035353535353535353535
2196;21750;0,015151515151515151515
2196;251573;0,005050505050505050505
2198;23;0,006666666666666666666
2198;115;0,006666666666666666666
2198;140;0,003333333333333333333
2198;176;0,026666666666666666666
2198;198;0,020000000000000000000
2198;201;0,003333333333333333333
2198;360;0,006666666666666666666
2198;484;0,003333333333333333333
2198;490;0,006666666666666666666
2198;579;0,006666666666666666666
2198;607;0,023333333333333333333
2198;652;0,013333333333333333333
2198;844;0,006666666666666666666
2198;882;0,003333333333333333333
2198;885;0,023333333333333333333
2198;886;0,053333333333333333333
2198;988;0,010000000000000000000
2198;1053;0,006666666666666666666
2198;1210;0,006666666666666666666
2198;1307;0,006666666666666666666
2198;1585;0,006666666666666666666
2198;1719;0,006666666666666666666
2198;1841;0,006666666666666666666
2198;1843;0,046666666666666666666
2198;1864;0,006666666666666666666
2198;1942;0,023333333333333333333
2198;1949;0,026666666666666666666
2198;1956;0,006666666666666666666
2198;2048;0,013333333333333333333
2198;2117;0,006666666666666666666
2198;2125;0,006666666666666666666
2198;2200;0,003333333333333333333
2198;2278;0,006666666666666666666
2198;2335;0,010000000000000000000
2198;2352;0,006666666666666666666
2198;2440;0,006666666666666666666
2198;2704;0,006666666666666666666
2198;2794;0,006666666666666666666
2198;2850;0,006666666666666666666
2198;2884;0,016666666666666666666
2198;3015;0,013333333333333333333
2198;3091;0,010000000000000000000
2198;3164;0,006666666666666666666
2198;3235;0,036666666666666666666
2198;3340;0,010000000000000000000
2198;3480;0,006666666666666666666
2198;3481;0,023333333333333333333
2198;3508;0,006666666666666666666
2198;3532;0,006666666666666666666
2198;3567;0,026666666666666666666
2198;3678;0,006666666666666666666
2198;3763;0,006666666666666666666
2198;3815;0,006666666666666666666
2198;3891;0,006666666666666666666
2198;3911;0,006666666666666666666
2198;4268;0,006666666666666666666
2198;4355;0,006666666666666666666
2198;4486;0,006666666666666666666
2198;4860;0,006666666666666666666
2198;4933;0,006666666666666666666
2198;5061;0,030000000000000000000
2198;5089;0,006666666666666666666
2198;5172;0,006666666666666666666
2198;5329;0,023333333333333333333
2198;5493;0,006666666666666666666
2198;5521;0,013333333333333333333
2198;5528;0,006666666666666666666
2198;5613;0,003333333333333333333
2198;6406;0,006666666666666666666
2198;6557;0,006666666666666666666
2198;6856;0,006666666666666666666
2198;6994;0,006666666666666666666
2198;6997;0,006666666666666666666
2198;7920;0,006666666666666666666
2198;8513;0,006666666666666666666
2198;8909;0,003333333333333333333
2198;9300;0,006666666666666666666
2198;9360;0,006666666666666666666
2198;9468;0,006666666666666666666
2198;10480;0,006666666666666666666
2198;10640;0,006666666666666666666
2198;12577;0,006666666666666666666
2198;13158;0,006666666666666666666
2198;13178;0,006666666666666666666
2198;13907;0,006666666666666666666
2198;14683;0,006666666666666666666
2198;14803;0,006666666666666666666
2198;14881;0,006666666666666666666
2198;15331;0,006666666666666666666
2198;15762;0,006666666666666666666
2198;15888;0,006666666666666666666
2198;16280;0,006666666666666666666
2198;17665;0,023333333333333333333
2198;17727;0,006666666666666666666
2198;18070;0,006666666666666666666
2198;22702;0,006666666666666666666
2198;22705;0,006666666666666666666
2198;22708;0,006666666666666666666
2198;22880;0,006666666666666666666
2199;211;0,333333333333333333333
2199;1949;0,083333333333333333333
2199;2851;0,083333333333333333333
2199;3532;0,083333333333333333333
2199;4486;0,083333333333333333333
2199;4933;0,083333333333333333333
2199;5613;0,083333333333333333333
2199;9476;0,166666666666666666666
2200;2198;0,090909090909090909090
2200;2694;0,636363636363636363636
2200;4627;0,090909090909090909090
2200;5089;0,090909090909090909090
2200;413321;0,090909090909090909090
2204;1236;0,333333333333333333333
2204;2152;0,333333333333333333333
2204;3188;0,333333333333333333333
2210;855;0,200000000000000000000
2210;2015;0,200000000000000000000
2210;3532;0,600000000000000000000
2212;5367;0,500000000000000000000
2212;533247;0,500000000000000000000
2216;4434;0,045454545454545454545
2216;5082;0,636363636363636363636
2216;5367;0,045454545454545454545
2216;5632;0,090909090909090909090
2216;9686;0,045454545454545454545
2216;27779;0,045454545454545454545
2216;533247;0,090909090909090909090
2218;1402;0,047619047619047619047
2218;343087;0,142857142857142857142
2218;529797;0,809523809523809523809
2223;127;0,187500000000000000000
2223;190;0,062500000000000000000
2223;1109;0,062500000000000000000
2223;2146;0,062500000000000000000
2223;3158;0,250000000000000000000
2223;4064;0,187500000000000000000
2223;5441;0,062500000000000000000
2223;135596;0,125000000000000000000
2227;2678;0,200000000000000000000
2227;4372;0,600000000000000000000
2227;9254;0,200000000000000000000
2237;23720;1,000000000000000000000
2239;163;0,032258064516129032258
2239;172;0,064516129032258064516
2239;839;0,064516129032258064516
2239;1991;0,290322580645161290322
2239;2578;0,064516129032258064516
2239;4424;0,129032258064516129032
2239;4461;0,354838709677419354838
2246;623129;1,000000000000000000000
2249;1100;0,666666666666666666666
2249;8666;0,333333333333333333333
2252;241;0,666666666666666666666
2252;737;0,333333333333333333333
2254;791;0,300000000000000000000
2254;1453;0,100000000000000000000
2254;1763;0,200000000000000000000
2254;3427;0,100000000000000000000
2254;11229;0,200000000000000000000
2254;23886;0,100000000000000000000
2264;519;1,000000000000000000000
2269;11;0,033333333333333333333
2269;237;0,316666666666666666666
2269;689;0,083333333333333333333
2269;1153;0,033333333333333333333
2269;2133;0,116666666666666666666
2269;2742;0,183333333333333333333
2269;2847;0,083333333333333333333
2269;4098;0,050000000000000000000
2269;5155;0,033333333333333333333
2269;8363;0,016666666666666666666
2269;9714;0,033333333333333333333
2269;608895;0,016666666666666666666
2271;192;0,095238095238095238095
2271;466;0,095238095238095238095
2271;622;0,047619047619047619047
2271;841;0,095238095238095238095
2271;1101;0,047619047619047619047
2271;1667;0,095238095238095238095
2271;2272;0,047619047619047619047
2271;2359;0,095238095238095238095
2271;2586;0,047619047619047619047
2271;3085;0,047619047619047619047
2271;3591;0,047619047619047619047
2271;5698;0,047619047619047619047
2271;7762;0,047619047619047619047
2271;8623;0,047619047619047619047
2271;27173;0,095238095238095238095
2272;192;0,090909090909090909090
2272;3296;0,181818181818181818181
2272;3591;0,090909090909090909090
2272;4364;0,090909090909090909090
2272;5158;0,454545454545454545454
2272;5214;0,090909090909090909090
2274;266;0,230769230769230769230
2274;428;0,076923076923076923076
2274;1589;0,076923076923076923076
2274;2630;0,230769230769230769230
2274;3829;0,153846153846153846153
2274;3877;0,153846153846153846153
2274;8985;0,076923076923076923076
2275;277;0,035714285714285714285
2275;1042;0,035714285714285714285
2275;1100;0,026785714285714285714
2275;1190;0,008928571428571428571
2275;1220;0,062500000000000000000
2275;1724;0,008928571428571428571
2275;1771;0,053571428571428571428
2275;2287;0,008928571428571428571
2275;2420;0,008928571428571428571
2275;2421;0,017857142857142857142
2275;2425;0,035714285714285714285
2275;4020;0,008928571428571428571
2275;5092;0,026785714285714285714
2275;5638;0,008928571428571428571
2275;6765;0,008928571428571428571
2275;6918;0,080357142857142857142
2275;7030;0,008928571428571428571
2275;7478;0,017857142857142857142
2275;8205;0,053571428571428571428
2275;8820;0,035714285714285714285
2275;8910;0,008928571428571428571
2275;9065;0,008928571428571428571
2275;9067;0,017857142857142857142
2275;9068;0,017857142857142857142
2275;9069;0,008928571428571428571
2275;11369;0,053571428571428571428
2275;12816;0,008928571428571428571
2275;15222;0,017857142857142857142
2275;18641;0,008928571428571428571
2275;20307;0,008928571428571428571
2275;25205;0,008928571428571428571
2275;25230;0,008928571428571428571
2275;26251;0,053571428571428571428
2275;27175;0,026785714285714285714
2275;27478;0,098214285714285714285
2275;28183;0,008928571428571428571
2275;28194;0,008928571428571428571
2275;28202;0,008928571428571428571
2275;131383;0,008928571428571428571
2275;189452;0,008928571428571428571
2275;373677;0,044642857142857142857
2276;979;0,200000000000000000000
2276;4472;0,200000000000000000000
2276;8062;0,200000000000000000000
2276;17584;0,200000000000000000000
2276;17585;0,200000000000000000000
2277;1117;0,500000000000000000000
2277;1925;0,125000000000000000000
2277;1946;0,125000000000000000000
2277;116140;0,125000000000000000000
2277;604246;0,125000000000000000000
2280;1401;0,500000000000000000000
2280;4493;0,500000000000000000000
2287;83;0,005780346820809248554
2287;240;0,034682080924855491329
2287;1041;0,023121387283236994219
2287;1042;0,034682080924855491329
2287;1065;0,005780346820809248554
2287;1190;0,005780346820809248554
2287;1220;0,005780346820809248554
2287;1444;0,011560693641618497109
2287;1468;0,011560693641618497109
2287;1771;0,005780346820809248554
2287;2275;0,011560693641618497109
2287;2419;0,005780346820809248554
2287;2420;0,005780346820809248554
2287;2421;0,011560693641618497109
2287;2422;0,156069364161849710982
2287;2423;0,005780346820809248554
2287;2424;0,005780346820809248554
2287;2425;0,005780346820809248554
2287;3993;0,005780346820809248554
2287;4692;0,005780346820809248554
2287;5065;0,005780346820809248554
2287;5638;0,005780346820809248554
2287;5782;0,005780346820809248554
2287;6068;0,005780346820809248554
2287;6201;0,005780346820809248554
2287;6419;0,005780346820809248554
2287;6630;0,005780346820809248554
2287;6641;0,005780346820809248554
2287;6734;0,005780346820809248554
2287;6765;0,011560693641618497109
2287;6881;0,005780346820809248554
2287;6918;0,011560693641618497109
2287;7139;0,005780346820809248554
2287;7478;0,005780346820809248554
2287;7954;0,005780346820809248554
2287;8013;0,005780346820809248554
2287;8820;0,005780346820809248554
2287;9065;0,005780346820809248554
2287;9066;0,005780346820809248554
2287;9067;0,005780346820809248554
2287;9068;0,005780346820809248554
2287;9069;0,005780346820809248554
2287;9674;0,005780346820809248554
2287;10298;0,005780346820809248554
2287;10592;0,005780346820809248554
2287;11369;0,011560693641618497109
2287;11826;0,005780346820809248554
2287;12375;0,005780346820809248554
2287;12489;0,005780346820809248554
2287;13179;0,005780346820809248554
2287;13850;0,005780346820809248554
2287;14069;0,005780346820809248554
2287;15222;0,005780346820809248554
2287;15686;0,005780346820809248554
2287;15944;0,005780346820809248554
2287;16497;0,005780346820809248554
2287;16994;0,005780346820809248554
2287;17553;0,005780346820809248554
2287;19627;0,005780346820809248554
2287;19726;0,005780346820809248554
2287;20307;0,011560693641618497109
2287;23180;0,005780346820809248554
2287;25205;0,005780346820809248554
2287;25221;0,005780346820809248554
2287;25223;0,005780346820809248554
2287;25224;0,005780346820809248554
2287;25225;0,005780346820809248554
2287;25226;0,005780346820809248554
2287;25227;0,011560693641618497109
2287;25229;0,034682080924855491329
2287;25230;0,011560693641618497109
2287;25905;0,005780346820809248554
2287;27062;0,005780346820809248554
2287;27063;0,005780346820809248554
2287;27064;0,005780346820809248554
2287;27065;0,005780346820809248554
2287;27066;0,005780346820809248554
2287;27067;0,011560693641618497109
2287;27175;0,005780346820809248554
2287;27474;0,005780346820809248554
2287;27810;0,005780346820809248554
2287;28183;0,005780346820809248554
2287;28184;0,005780346820809248554
2287;28185;0,005780346820809248554
2287;28187;0,005780346820809248554
2287;28189;0,005780346820809248554
2287;28194;0,005780346820809248554
2287;28195;0,005780346820809248554
2287;28198;0,005780346820809248554
2287;28199;0,005780346820809248554
2287;28200;0,005780346820809248554
2287;28202;0,005780346820809248554
2287;28210;0,005780346820809248554
2287;28212;0,005780346820809248554
2287;28213;0,005780346820809248554
2287;28834;0,005780346820809248554
2287;28848;0,005780346820809248554
2287;28853;0,005780346820809248554
2287;28857;0,005780346820809248554
2287;108876;0,005780346820809248554
2287;145389;0,005780346820809248554
2287;349155;0,005780346820809248554
2287;373677;0,017341040462427745664
2287;377520;0,005780346820809248554
2287;383065;0,005780346820809248554
2287;383066;0,005780346820809248554
2287;383067;0,005780346820809248554
2287;383068;0,005780346820809248554
2287;383069;0,005780346820809248554
2287;383070;0,005780346820809248554
2287;387436;0,005780346820809248554
2287;387437;0,005780346820809248554
2287;387438;0,005780346820809248554
2287;387439;0,005780346820809248554
2287;387441;0,005780346820809248554
2287;499117;0,005780346820809248554
2293;42;0,074074074074074074074
2293;96;0,055555555555555555555
2293;249;0,018518518518518518518
2293;1141;0,111111111111111111111
2293;2139;0,037037037037037037037
2293;2145;0,037037037037037037037
2293;2461;0,018518518518518518518
2293;2464;0,018518518518518518518
2293;3219;0,185185185185185185185
2293;3245;0,055555555555555555555
2293;3633;0,037037037037037037037
2293;4825;0,037037037037037037037
2293;5628;0,277777777777777777777
2293;17918;0,018518518518518518518
2293;283633;0,018518518518518518518
2310;119;0,047619047619047619047
2310;256;0,142857142857142857142
2310;320;0,238095238095238095238
2310;596;0,047619047619047619047
2310;648;0,095238095238095238095
2310;1254;0,047619047619047619047
2310;1462;0,095238095238095238095
2310;5212;0,047619047619047619047
2310;9622;0,047619047619047619047
2310;12706;0,095238095238095238095
2310;18592;0,047619047619047619047
2310;28970;0,047619047619047619047
2318;380;0,125000000000000000000
2318;1228;0,375000000000000000000
2318;1348;0,125000000000000000000
2318;1769;0,250000000000000000000
2318;5530;0,125000000000000000000
2322;545;0,333333333333333333333
2322;1824;0,333333333333333333333
2322;7968;0,333333333333333333333
2323;288;0,142857142857142857142
2323;2343;0,857142857142857142857
2326;295;0,222222222222222222222
2326;990;0,111111111111111111111
2326;3233;0,111111111111111111111
2326;3697;0,111111111111111111111
2326;6527;0,111111111111111111111
2326;28528;0,333333333333333333333
2330;3393;1,000000000000000000000
2335;3340;0,666666666666666666666
2335;3891;0,333333333333333333333
2337;288;0,040000000000000000000
2337;498;0,080000000000000000000
2337;545;0,120000000000000000000
2337;689;0,080000000000000000000
2337;2371;0,080000000000000000000
2337;2438;0,160000000000000000000
2337;2678;0,080000000000000000000
2337;3071;0,240000000000000000000
2337;3685;0,040000000000000000000
2337;4794;0,040000000000000000000
2337;5800;0,040000000000000000000
2343;288;0,071428571428571428571
2343;1197;0,142857142857142857142
2343;1198;0,071428571428571428571
2343;2323;0,500000000000000000000
2343;4794;0,071428571428571428571
2343;8348;0,142857142857142857142
2349;5632;0,333333333333333333333
2349;9208;0,666666666666666666666
2350;37;0,500000000000000000000
2350;3685;0,500000000000000000000
2352;5061;0,500000000000000000000
2352;5528;0,125000000000000000000
2352;8957;0,125000000000000000000
2352;343358;0,250000000000000000000
2355;827;0,256410256410256410256
2355;1143;0,025641025641025641025
2355;1948;0,051282051282051282051
2355;3098;0,025641025641025641025
2355;3141;0,128205128205128205128
2355;3237;0,153846153846153846153
2355;3399;0,051282051282051282051
2355;3996;0,076923076923076923076
2355;4024;0,025641025641025641025
2355;4853;0,025641025641025641025
2355;6027;0,025641025641025641025
2355;6496;0,076923076923076923076
2355;9968;0,076923076923076923076
2359;2271;0,125000000000000000000
2359;5219;0,250000000000000000000
2359;7762;0,125000000000000000000
2359;352262;0,375000000000000000000
2359;533247;0,125000000000000000000
2364;100;0,014285714285714285714
2364;441;0,014285714285714285714
2364;517;0,014285714285714285714
2364;1117;0,314285714285714285714
2364;1946;0,014285714285714285714
2364;2972;0,100000000000000000000
2364;3395;0,014285714285714285714
2364;4512;0,042857142857142857142
2364;4988;0,014285714285714285714
2364;5640;0,014285714285714285714
2364;5679;0,142857142857142857142
2364;8253;0,014285714285714285714
2364;9468;0,028571428571428571428
2364;14742;0,028571428571428571428
2364;20843;0,028571428571428571428
2364;125861;0,085714285714285714285
2364;431565;0,057142857142857142857
2364;474028;0,042857142857142857142
2364;559679;0,014285714285714285714
2371;290;0,035087719298245614035
2371;296;0,052631578947368421052
2371;545;0,017543859649122807017
2371;829;0,035087719298245614035
2371;864;0,070175438596491228070
2371;1288;0,122807017543859649122
2371;2337;0,017543859649122807017
2371;2372;0,035087719298245614035
2371;2438;0,017543859649122807017
2371;2678;0,087719298245614035087
2371;3212;0,070175438596491228070
2371;3245;0,105263157894736842105
2371;4629;0,105263157894736842105
2371;4657;0,017543859649122807017
2371;8164;0,017543859649122807017
2371;113392;0,192982456140350877192
2372;545;0,571428571428571428571
2372;2371;0,142857142857142857142
2372;113392;0,285714285714285714285
2374;360;0,041095890410958904109
2374;689;0,273972602739726027397
2374;761;0,027397260273972602739
2374;793;0,027397260273972602739
2374;1554;0,246575342465753424657
2374;1845;0,041095890410958904109
2374;1945;0,013698630136986301369
2374;4225;0,109589041095890410958
2374;5083;0,013698630136986301369
2374;6006;0,054794520547945205479
2374;6048;0,013698630136986301369
2374;16527;0,027397260273972602739
2374;17634;0,013698630136986301369
2374;59745;0,013698630136986301369
2374;71083;0,027397260273972602739
2374;119483;0,013698630136986301369
2374;248838;0,027397260273972602739
2374;283638;0,013698630136986301369
2379;283;0,006944444444444444444
2379;861;0,006944444444444444444
2379;873;0,006944444444444444444
2379;1271;0,006944444444444444444
2379;1448;0,090277777777777777777
2379;1570;0,006944444444444444444
2379;1583;0,006944444444444444444
2379;1591;0,041666666666666666666
2379;2510;0,013888888888888888888
2379;2713;0,048611111111111111111
2379;2714;0,013888888888888888888
2379;2716;0,006944444444444444444
2379;3234;0,611111111111111111111
2379;3381;0,020833333333333333333
2379;3473;0,013888888888888888888
2379;3838;0,020833333333333333333
2379;3992;0,006944444444444444444
2379;4613;0,006944444444444444444
2379;4747;0,006944444444444444444
2379;4777;0,013888888888888888888
2379;6008;0,013888888888888888888
2379;8630;0,006944444444444444444
2379;12907;0,013888888888888888888
2379;17388;0,006944444444444444444
2380;513;0,333333333333333333333
2380;3135;0,333333333333333333333
2380;7111;0,333333333333333333333
2383;266;0,785714285714285714285
2383;1080;0,071428571428571428571
2383;3944;0,071428571428571428571
2383;471750;0,071428571428571428571
2385;512;0,028985507246376811594
2385;524;0,028985507246376811594
2385;526;0,057971014492753623188
2385;621;0,072463768115942028985
2385;622;0,028985507246376811594
2385;883;0,028985507246376811594
2385;970;0,057971014492753623188
2385;1066;0,014492753623188405797
2385;2434;0,028985507246376811594
2385;2503;0,043478260869565217391
2385;2644;0,014492753623188405797
2385;2779;0,043478260869565217391
2385;2780;0,028985507246376811594
2385;2998;0,014492753623188405797
2385;3269;0,028985507246376811594
2385;3998;0,014492753623188405797
2385;4380;0,014492753623188405797
2385;4493;0,014492753623188405797
2385;4525;0,014492753623188405797
2385;4765;0,057971014492753623188
2385;5437;0,043478260869565217391
2385;5438;0,028985507246376811594
2385;5441;0,028985507246376811594
2385;5442;0,028985507246376811594
2385;5629;0,072463768115942028985
2385;5632;0,028985507246376811594
2385;6213;0,028985507246376811594
2385;6316;0,014492753623188405797
2385;6465;0,014492753623188405797
2385;7564;0,014492753623188405797
2385;8500;0,014492753623188405797
2385;8633;0,028985507246376811594
2385;9409;0,014492753623188405797
2388;899;0,666666666666666666666
2388;5616;0,333333333333333333333
2390;4398;0,750000000000000000000
2390;4592;0,250000000000000000000
2398;241;0,214285714285714285714
2398;861;0,071428571428571428571
2398;1196;0,071428571428571428571
2398;2591;0,071428571428571428571
2398;2817;0,071428571428571428571
2398;3234;0,142857142857142857142
2398;3838;0,071428571428571428571
2398;4747;0,071428571428571428571
2398;5245;0,071428571428571428571
2398;5493;0,142857142857142857142
2414;3996;1,000000000000000000000
2418;526;0,333333333333333333333
2418;9807;0,333333333333333333333
2418;533247;0,333333333333333333333
2419;356;0,166666666666666666666
2419;1042;0,083333333333333333333
2419;1220;0,166666666666666666666
2419;1771;0,083333333333333333333
2419;2275;0,083333333333333333333
2419;2421;0,083333333333333333333
2419;2422;0,083333333333333333333
2419;12375;0,083333333333333333333
2419;28184;0,083333333333333333333
2419;383065;0,083333333333333333333
2421;1771;0,060606060606060606060
2421;2021;0,060606060606060606060
2421;2419;0,030303030303030303030
2421;2800;0,030303030303030303030
2421;2893;0,060606060606060606060
2421;6068;0,030303030303030303030
2421;6630;0,030303030303030303030
2421;6641;0,060606060606060606060
2421;6765;0,030303030303030303030
2421;6881;0,030303030303030303030
2421;8837;0,030303030303030303030
2421;9065;0,030303030303030303030
2421;9068;0,030303030303030303030
2421;10592;0,030303030303030303030
2421;11369;0,030303030303030303030
2421;20307;0,030303030303030303030
2421;25230;0,030303030303030303030
2421;27063;0,030303030303030303030
2421;27066;0,030303030303030303030
2421;27175;0,060606060606060606060
2421;330168;0,090909090909090909090
2421;349155;0,030303030303030303030
2421;377520;0,060606060606060606060
2421;383065;0,060606060606060606060
2422;240;0,064516129032258064516
2422;703;0,032258064516129032258
2422;1041;0,193548387096774193548
2422;1220;0,129032258064516129032
2422;2287;0,548387096774193548387
2422;20307;0,032258064516129032258
2423;405;1,000000000000000000000
2424;1220;0,142857142857142857142
2424;5782;0,285714285714285714285
2424;11369;0,571428571428571428571
2425;277;0,035714285714285714285
2425;407;0,035714285714285714285
2425;1042;0,428571428571428571428
2425;2275;0,071428571428571428571
2425;9069;0,107142857142857142857
2425;11369;0,285714285714285714285
2425;28185;0,035714285714285714285
2427;163;1,000000000000000000000
2433;37;0,055555555555555555555
2433;38;0,027777777777777777777
2433;148;0,027777777777777777777
2433;609;0,027777777777777777777
2433;891;0,027777777777777777777
2433;1082;0,111111111111111111111
2433;1083;0,027777777777777777777
2433;1434;0,055555555555555555555
2433;1877;0,027777777777777777777
2433;2372;0,027777777777777777777
2433;2778;0,138888888888888888888
2433;3705;0,055555555555555555555
2433;3968;0,083333333333333333333
2433;6461;0,083333333333333333333
2433;7215;0,027777777777777777777
2433;11656;0,083333333333333333333
2433;11734;0,055555555555555555555
2433;13642;0,055555555555555555555
2434;419;0,096774193548387096774
2434;620;0,193548387096774193548
2434;621;0,258064516129032258064
2434;866;0,064516129032258064516
2434;938;0,064516129032258064516
2434;1286;0,064516129032258064516
2434;2385;0,096774193548387096774
2434;13796;0,129032258064516129032
2434;533247;0,032258064516129032258
2436;219;0,181818181818181818181
2436;502;0,090909090909090909090
2436;1129;0,090909090909090909090
2436;2516;0,181818181818181818181
2436;4187;0,181818181818181818181
2436;5922;0,181818181818181818181
2436;665791;0,090909090909090909090
2438;1288;0,025641025641025641025
2438;2337;0,487179487179487179487
2438;2371;0,025641025641025641025
2438;2679;0,025641025641025641025
2438;3071;0,205128205128205128205
2438;3304;0,025641025641025641025
2438;5506;0,025641025641025641025
2438;6694;0,025641025641025641025
2438;8348;0,102564102564102564102
2438;9159;0,025641025641025641025
2438;10080;0,025641025641025641025
2440;498;0,200000000000000000000
2440;591;0,200000000000000000000
2440;689;0,200000000000000000000
2440;4935;0,200000000000000000000
2440;12577;0,200000000000000000000
2445;135;0,011494252873563218390
2445;190;0,034482758620689655172
2445;317;0,091954022988505747126
2445;318;0,034482758620689655172
2445;407;0,011494252873563218390
2445;427;0,011494252873563218390
2445;527;0,057471264367816091954
2445;794;0,034482758620689655172
2445;844;0,034482758620689655172
2445;1234;0,011494252873563218390
2445;1340;0,011494252873563218390
2445;1942;0,011494252873563218390
2445;2099;0,068965517241379310344
2445;2972;0,022988505747126436781
2445;3685;0,011494252873563218390
2445;3802;0,413793103448275862068
2445;5493;0,022988505747126436781
2445;5611;0,011494252873563218390
2445;9468;0,022988505747126436781
2445;14733;0,011494252873563218390
2445;15643;0,011494252873563218390
2445;440509;0,045977011494252873563
2450;72;0,333333333333333333333
2450;12418;0,333333333333333333333
2450;27432;0,333333333333333333333
2461;42;0,066666666666666666666
2461;168;0,133333333333333333333
2461;2293;0,066666666666666666666
2461;3219;0,200000000000000000000
2461;3633;0,133333333333333333333
2461;3753;0,066666666666666666666
2461;5628;0,200000000000000000000
2461;31343;0,133333333333333333333
2464;96;0,020408163265306122448
2464;249;0,020408163265306122448
2464;283;0,040816326530612244897
2464;771;0,102040816326530612244
2464;860;0,040816326530612244897
2464;972;0,020408163265306122448
2464;984;0,020408163265306122448
2464;1034;0,020408163265306122448
2464;1142;0,020408163265306122448
2464;1493;0,020408163265306122448
2464;1820;0,020408163265306122448
2464;2291;0,020408163265306122448
2464;2293;0,040816326530612244897
2464;2847;0,061224489795918367346
2464;3528;0,061224489795918367346
2464;3633;0,040816326530612244897
2464;4098;0,020408163265306122448
2464;4722;0,020408163265306122448
2464;5824;0,020408163265306122448
2464;6781;0,020408163265306122448
2464;8363;0,040816326530612244897
2464;8489;0,040816326530612244897
2464;8949;0,020408163265306122448
2464;30415;0,040816326530612244897
2464;47352;0,020408163265306122448
2464;239964;0,061224489795918367346
2464;251573;0,020408163265306122448
2464;253384;0,081632653061224489795
2464;283633;0,020408163265306122448
2467;898;0,204545454545454545454
2467;1178;0,022727272727272727272
2467;1765;0,022727272727272727272
2467;2569;0,045454545454545454545
2467;3176;0,090909090909090909090
2467;3465;0,022727272727272727272
2467;3962;0,045454545454545454545
2467;3986;0,113636363636363636363
2467;5175;0,022727272727272727272
2467;8396;0,022727272727272727272
2467;17278;0,045454545454545454545
2467;17280;0,113636363636363636363
2467;17281;0,113636363636363636363
2467;28479;0,022727272727272727272
2467;184987;0,090909090909090909090
2469;3962;1,000000000000000000000
2470;1562;0,022727272727272727272
2470;1563;0,136363636363636363636
2470;1610;0,022727272727272727272
2470;1700;0,022727272727272727272
2470;1766;0,068181818181818181818
2470;2890;0,068181818181818181818
2470;4518;0,090909090909090909090
2470;5896;0,068181818181818181818
2470;6072;0,068181818181818181818
2470;6634;0,113636363636363636363
2470;8212;0,022727272727272727272
2470;9694;0,045454545454545454545
2470;21750;0,022727272727272727272
2470;752863;0,204545454545454545454
2470;931417;0,022727272727272727272
2474;248;0,250000000000000000000
2474;1547;0,031250000000000000000
2474;1855;0,125000000000000000000
2474;2523;0,093750000000000000000
2474;2716;0,468750000000000000000
2474;10018;0,031250000000000000000
2479;749;0,029850746268656716417
2479;2504;0,029850746268656716417
2479;2803;0,014925373134328358208
2479;3123;0,014925373134328358208
2479;3141;0,134328358208955223880
2479;3145;0,044776119402985074626
2479;3996;0,044776119402985074626
2479;4024;0,014925373134328358208
2479;4852;0,014925373134328358208
2479;5168;0,089552238805970149253
2479;6027;0,074626865671641791044
2479;6503;0,044776119402985074626
2479;9968;0,179104477611940298507
2479;12938;0,074626865671641791044
2479;16786;0,074626865671641791044
2479;237945;0,074626865671641791044
2479;771844;0,044776119402985074626
2481;23843;1,000000000000000000000
2484;135;0,074074074074074074074
2484;573;0,074074074074074074074
2484;749;0,037037037037037037037
2484;1293;0,185185185185185185185
2484;3551;0,074074074074074074074
2484;3685;0,037037037037037037037
2484;4090;0,074074074074074074074
2484;4355;0,074074074074074074074
2484;5329;0,037037037037037037037
2484;6567;0,148148148148148148148
2484;7748;0,037037037037037037037
2484;13899;0,037037037037037037037
2484;14050;0,111111111111111111111
2487;57;0,160000000000000000000
2487;89;0,160000000000000000000
2487;1276;0,160000000000000000000
2487;1948;0,080000000000000000000
2487;2130;0,120000000000000000000
2487;3141;0,040000000000000000000
2487;3996;0,080000000000000000000
2487;4729;0,080000000000000000000
2487;4853;0,040000000000000000000
2487;5306;0,040000000000000000000
2487;5659;0,040000000000000000000
2488;1152;1,000000000000000000000
2489;978;0,052631578947368421052
2489;1623;0,105263157894736842105
2489;2834;0,105263157894736842105
2489;5638;0,105263157894736842105
2489;6406;0,052631578947368421052
2489;7080;0,052631578947368421052
2489;8909;0,105263157894736842105
2489;9356;0,105263157894736842105
2489;28826;0,105263157894736842105
2489;38738;0,052631578947368421052
2489;608594;0,157894736842105263157
2492;528;0,076923076923076923076
2492;866;0,153846153846153846153
2492;1122;0,076923076923076923076
2492;1667;0,153846153846153846153
2492;2059;0,153846153846153846153
2492;2146;0,076923076923076923076
2492;2150;0,076923076923076923076
2492;3147;0,153846153846153846153
2492;533247;0,076923076923076923076
2493;1504;0,111111111111111111111
2493;2494;0,666666666666666666666
2493;3825;0,111111111111111111111
2493;5239;0,111111111111111111111
2494;519;0,235294117647058823529
2494;1425;0,058823529411764705882
2494;2493;0,117647058823529411764
2494;3178;0,235294117647058823529
2494;7072;0,058823529411764705882
2494;7095;0,176470588235294117647
2494;7975;0,117647058823529411764
2498;244;0,090909090909090909090
2498;289;0,136363636363636363636
2498;365;0,045454545454545454545
2498;2469;0,136363636363636363636
2498;2488;0,045454545454545454545
2498;2832;0,045454545454545454545
2498;3962;0,227272727272727272727
2498;4361;0,136363636363636363636
2498;10306;0,045454545454545454545
2498;21490;0,045454545454545454545
2498;59745;0,045454545454545454545
2500;72;0,100000000000000000000
2500;194;0,100000000000000000000
2500;2561;0,800000000000000000000
2503;373;0,073170731707317073170
2503;497;0,024390243902439024390
2503;526;0,073170731707317073170
2503;841;0,048780487804878048780
2503;2147;0,024390243902439024390
2503;2385;0,097560975609756097560
2503;2418;0,024390243902439024390
2503;2740;0,024390243902439024390
2503;3085;0,024390243902439024390
2503;3141;0,024390243902439024390
2503;4748;0,097560975609756097560
2503;5437;0,097560975609756097560
2503;5441;0,024390243902439024390
2503;6465;0,048780487804878048780
2503;9385;0,024390243902439024390
2503;9396;0,024390243902439024390
2503;9436;0,048780487804878048780
2503;9441;0,024390243902439024390
2503;9807;0,073170731707317073170
2503;14073;0,024390243902439024390
2503;20801;0,024390243902439024390
2503;369262;0,024390243902439024390
2503;533247;0,024390243902439024390
2504;524;0,020408163265306122448
2504;528;0,040816326530612244897
2504;642;0,020408163265306122448
2504;750;0,061224489795918367346
2504;826;0,020408163265306122448
2504;977;0,020408163265306122448
2504;1109;0,020408163265306122448
2504;2071;0,040816326530612244897
2504;2146;0,020408163265306122448
2504;2479;0,040816326530612244897
2504;2779;0,020408163265306122448
2504;3269;0,020408163265306122448
2504;3998;0,040816326530612244897
2504;5564;0,020408163265306122448
2504;6189;0,061224489795918367346
2504;8143;0,061224489795918367346
2504;13265;0,265306122448979591836
2504;14073;0,020408163265306122448
2504;15643;0,040816326530612244897
2504;27763;0,040816326530612244897
2504;248836;0,040816326530612244897
2504;324897;0,020408163265306122448
2504;373924;0,040816326530612244897
2506;454;0,033333333333333333333
2506;1697;0,033333333333333333333
2506;2828;0,033333333333333333333
2506;3359;0,300000000000000000000
2506;3418;0,033333333333333333333
2506;5753;0,466666666666666666666
2506;8580;0,066666666666666666666
2506;257158;0,033333333333333333333
2509;550;0,071428571428571428571
2509;1079;0,071428571428571428571
2509;1228;0,357142857142857142857
2509;1319;0,071428571428571428571
2509;1457;0,285714285714285714285
2509;2318;0,071428571428571428571
2509;21396;0,071428571428571428571
2511;1162;1,000000000000000000000
2515;96;0,031746031746031746031
2515;285;0,063492063492063492063
2515;669;0,015873015873015873015
2515;689;0,047619047619047619047
2515;781;0,063492063492063492063
2515;861;0,031746031746031746031
2515;980;0,015873015873015873015
2515;1495;0,015873015873015873015
2515;1547;0,015873015873015873015
2515;1981;0,015873015873015873015
2515;1988;0,031746031746031746031
2515;2139;0,015873015873015873015
2515;2293;0,015873015873015873015
2515;2379;0,015873015873015873015
2515;2514;0,015873015873015873015
2515;2523;0,126984126984126984126
2515;2655;0,015873015873015873015
2515;2714;0,015873015873015873015
2515;3005;0,015873015873015873015
2515;3045;0,079365079365079365079
2515;3219;0,015873015873015873015
2515;3872;0,095238095238095238095
2515;5174;0,015873015873015873015
2515;5289;0,015873015873015873015
2515;8630;0,015873015873015873015
2515;19186;0,015873015873015873015
2515;27517;0,031746031746031746031
2515;28405;0,015873015873015873015
2515;42210;0,015873015873015873015
2515;216172;0,063492063492063492063
2515;219132;0,015873015873015873015
2515;281170;0,015873015873015873015
2516;219;0,071428571428571428571
2516;324;0,071428571428571428571
2516;668;0,214285714285714285714
2516;876;0,142857142857142857142
2516;904;0,071428571428571428571
2516;1893;0,071428571428571428571
2516;2436;0,142857142857142857142
2516;2518;0,071428571428571428571
2516;3671;0,071428571428571428571
2516;17208;0,071428571428571428571
2517;219;0,142857142857142857142
2517;502;0,142857142857142857142
2517;869;0,142857142857142857142
2517;3872;0,142857142857142857142
2517;7975;0,142857142857142857142
2517;12563;0,142857142857142857142
2517;119973;0,142857142857142857142
2518;219;0,200000000000000000000
2518;324;0,100000000000000000000
2518;502;0,200000000000000000000
2518;1893;0,100000000000000000000
2518;2516;0,200000000000000000000
2518;3443;0,200000000000000000000
2520;1458;0,333333333333333333333
2520;1459;0,333333333333333333333
2520;6739;0,333333333333333333333
2523;248;0,250000000000000000000
2523;2474;0,166666666666666666666
2523;2515;0,208333333333333333333
2523;2716;0,083333333333333333333
2523;3045;0,041666666666666666666
2523;3869;0,041666666666666666666
2523;3872;0,166666666666666666666
2523;10197;0,041666666666666666666
2543;138;0,125000000000000000000
2543;1083;0,125000000000000000000
2543;9510;0,375000000000000000000
2543;10255;0,125000000000000000000
2543;157551;0,125000000000000000000
2543;965643;0,125000000000000000000
2544;660;0,125000000000000000000
2544;4522;0,250000000000000000000
2544;6723;0,500000000000000000000
2544;13899;0,125000000000000000000
2547;352;0,714285714285714285714
2547;1058;0,142857142857142857142
2547;423971;0,142857142857142857142
2551;3852;0,250000000000000000000
2551;4621;0,125000000000000000000
2551;306994;0,125000000000000000000
2551;381254;0,125000000000000000000
2551;589508;0,375000000000000000000
2554;543;0,090909090909090909090
2554;860;0,090909090909090909090
2554;2498;0,090909090909090909090
2554;2555;0,181818181818181818181
2554;3876;0,545454545454545454545
2555;423;0,058823529411764705882
2555;3876;0,294117647058823529411
2555;5679;0,647058823529411764705
2559;74;0,125000000000000000000
2559;1406;0,125000000000000000000
2559;2591;0,375000000000000000000
2559;2594;0,125000000000000000000
2559;8756;0,125000000000000000000
2559;385198;0,125000000000000000000
2561;1118;0,071428571428571428571
2561;1453;0,071428571428571428571
2561;1705;0,071428571428571428571
2561;2500;0,071428571428571428571
2561;3099;0,071428571428571428571
2561;3203;0,071428571428571428571
2561;3992;0,071428571428571428571
2561;13195;0,071428571428571428571
2561;41776;0,142857142857142857142
2561;184646;0,285714285714285714285
2569;234;0,066666666666666666666
2569;297;0,066666666666666666666
2569;405;0,066666666666666666666
2569;407;0,200000000000000000000
2569;468;0,066666666666666666666
2569;2467;0,066666666666666666666
2569;3318;0,066666666666666666666
2569;3953;0,066666666666666666666
2569;3962;0,066666666666666666666
2569;7998;0,066666666666666666666
2569;54879;0,066666666666666666666
2569;119973;0,066666666666666666666
2569;408414;0,066666666666666666666
2576;38;0,500000000000000000000
2576;331627;0,500000000000000000000
2578;48;0,058823529411764705882
2578;77;0,058823529411764705882
2578;3675;0,058823529411764705882
2578;4361;0,117647058823529411764
2578;4434;0,058823529411764705882
2578;4435;0,058823529411764705882
2578;4442;0,117647058823529411764
2578;4461;0,117647058823529411764
2578;7015;0,058823529411764705882
2578;8928;0,058823529411764705882
2578;9686;0,058823529411764705882
2578;10892;0,058823529411764705882
2578;356607;0,117647058823529411764
2585;689;0,500000000000000000000
2585;3779;0,166666666666666666666
2585;5626;0,166666666666666666666
2585;24460;0,166666666666666666666
2586;242;0,428571428571428571428
2586;373;0,071428571428571428571
2586;594;0,071428571428571428571
2586;1180;0,214285714285714285714
2586;2740;0,142857142857142857142
2586;3098;0,071428571428571428571
2591;4;0,031250000000000000000
2591;74;0,093750000000000000000
2591;464;0,031250000000000000000
2591;1085;0,125000000000000000000
2591;2176;0,031250000000000000000
2591;2559;0,156250000000000000000
2591;3161;0,062500000000000000000
2591;3859;0,062500000000000000000
2591;4179;0,093750000000000000000
2591;5029;0,093750000000000000000
2591;9296;0,031250000000000000000
2591;9554;0,062500000000000000000
2591;29376;0,125000000000000000000
2592;918;0,500000000000000000000
2592;1340;0,500000000000000000000
2594;1340;0,166666666666666666666
2594;1510;0,333333333333333333333
2594;1894;0,333333333333333333333
2594;2559;0,166666666666666666666
2596;266;0,100000000000000000000
2596;527;0,200000000000000000000
2596;1004;0,100000000000000000000
2596;1182;0,200000000000000000000
2596;3877;0,100000000000000000000
2596;7572;0,200000000000000000000
2596;7741;0,100000000000000000000
2600;266;0,133333333333333333333
2600;3877;0,066666666666666666666
2600;3944;0,066666666666666666666
2600;4892;0,133333333333333333333
2600;5603;0,200000000000000000000
2600;8350;0,066666666666666666666
2600;8648;0,066666666666666666666
2600;91818;0,133333333333333333333
2600;442814;0,133333333333333333333
2607;1814;0,250000000000000000000
2607;140014;0,250000000000000000000
2607;608895;0,500000000000000000000
2614;25488;1,000000000000000000000
2630;1139;0,250000000000000000000
2630;2274;0,250000000000000000000
2630;3829;0,250000000000000000000
2630;17449;0,250000000000000000000
2632;6701;1,000000000000000000000
2634;6739;1,000000000000000000000
2639;39;1,000000000000000000000
2642;8366;1,000000000000000000000
2644;1508;0,600000000000000000000
2644;2786;0,400000000000000000000
2647;61;0,333333333333333333333
2647;360;0,333333333333333333333
2647;3340;0,333333333333333333333
2652;525;0,100000000000000000000
2652;3588;0,400000000000000000000
2652;4991;0,200000000000000000000
2652;5886;0,100000000000000000000
2652;6169;0,200000000000000000000
2655;251;0,181818181818181818181
2655;689;0,090909090909090909090
2655;1520;0,090909090909090909090
2655;1637;0,090909090909090909090
2655;1981;0,090909090909090909090
2655;2515;0,090909090909090909090
2655;3045;0,181818181818181818181
2655;10020;0,181818181818181818181
2657;266;0,034482758620689655172
2657;277;0,034482758620689655172
2657;407;0,034482758620689655172
2657;558;0,034482758620689655172
2657;851;0,172413793103448275862
2657;1035;0,034482758620689655172
2657;1042;0,034482758620689655172
2657;1489;0,034482758620689655172
2657;1897;0,034482758620689655172
2657;1942;0,103448275862068965517
2657;3098;0,034482758620689655172
2657;3838;0,034482758620689655172
2657;8513;0,172413793103448275862
2657;59745;0,068965517241379310344
2657;374246;0,137931034482758620689
2659;244;0,333333333333333333333
2659;854;0,666666666666666666666
2661;678;0,088235294117647058823
2661;1149;0,029411764705882352941
2661;1448;0,029411764705882352941
2661;1523;0,029411764705882352941
2661;1591;0,088235294117647058823
2661;1889;0,117647058823529411764
2661;2379;0,029411764705882352941
2661;2684;0,088235294117647058823
2661;2713;0,029411764705882352941
2661;2714;0,058823529411764705882
2661;3234;0,029411764705882352941
2661;3873;0,029411764705882352941
2661;4355;0,029411764705882352941
2661;4513;0,029411764705882352941
2661;5089;0,029411764705882352941
2661;5861;0,029411764705882352941
2661;6535;0,058823529411764705882
2661;7160;0,176470588235294117647
2664;113;0,153846153846153846153
2664;349;0,076923076923076923076
2664;1521;0,076923076923076923076
2664;3362;0,076923076923076923076
2664;3671;0,076923076923076923076
2664;7975;0,076923076923076923076
2664;17208;0,076923076923076923076
2664;44336;0,230769230769230769230
2664;432293;0,153846153846153846153
2670;160;1,000000000000000000000
2678;246;0,014492753623188405797
2678;271;0,014492753623188405797
2678;288;0,115942028985507246376
2678;290;0,028985507246376811594
2678;545;0,014492753623188405797
2678;1497;0,028985507246376811594
2678;1824;0,028985507246376811594
2678;2322;0,014492753623188405797
2678;2323;0,014492753623188405797
2678;2337;0,028985507246376811594
2678;2371;0,057971014492753623188
2678;2438;0,014492753623188405797
2678;2679;0,028985507246376811594
2678;3071;0,014492753623188405797
2678;3304;0,014492753623188405797
2678;3618;0,043478260869565217391
2678;3916;0,014492753623188405797
2678;3978;0,101449275362318840579
2678;4794;0,028985507246376811594
2678;5506;0,014492753623188405797
2678;6694;0,014492753623188405797
2678;7859;0,014492753623188405797
2678;7968;0,028985507246376811594
2678;8348;0,028985507246376811594
2678;9114;0,014492753623188405797
2678;9159;0,014492753623188405797
2678;9376;0,014492753623188405797
2678;10085;0,014492753623188405797
2678;10860;0,130434782608695652173
2678;15867;0,014492753623188405797
2678;76695;0,014492753623188405797
2678;119483;0,014492753623188405797
2678;135123;0,014492753623188405797
2678;365536;0,014492753623188405797
2678;393418;0,014492753623188405797
2679;2678;1,000000000000000000000
2683;524;0,250000000000000000000
2683;621;0,250000000000000000000
2683;1690;0,250000000000000000000
2683;533247;0,250000000000000000000
2684;2;0,008000000000000000000
2684;113;0,032000000000000000000
2684;135;0,008000000000000000000
2684;199;0,008000000000000000000
2684;249;0,016000000000000000000
2684;281;0,048000000000000000000
2684;302;0,008000000000000000000
2684;332;0,008000000000000000000
2684;396;0,008000000000000000000
2684;530;0,008000000000000000000
2684;678;0,008000000000000000000
2684;718;0,008000000000000000000
2684;719;0,008000000000000000000
2684;891;0,008000000000000000000
2684;980;0,128000000000000000000
2684;1064;0,008000000000000000000
2684;1065;0,008000000000000000000
2684;1116;0,016000000000000000000
2684;1122;0,008000000000000000000
2684;1234;0,024000000000000000000
2684;1235;0,016000000000000000000
2684;1236;0,024000000000000000000
2684;1262;0,008000000000000000000
2684;1277;0,008000000000000000000
2684;1278;0,064000000000000000000
2684;1544;0,008000000000000000000
2684;1591;0,064000000000000000000
2684;1647;0,008000000000000000000
2684;1745;0,016000000000000000000
2684;1814;0,008000000000000000000
2684;1931;0,048000000000000000000
2684;2111;0,056000000000000000000
2684;2140;0,008000000000000000000
2684;2398;0,008000000000000000000
2684;2661;0,032000000000000000000
2684;3029;0,008000000000000000000
2684;3098;0,008000000000000000000
2684;3392;0,008000000000000000000
2684;3427;0,008000000000000000000
2684;3619;0,024000000000000000000
2684;7160;0,008000000000000000000
2684;8228;0,008000000000000000000
2684;10188;0,072000000000000000000
2684;13041;0,008000000000000000000
2684;13472;0,008000000000000000000
2684;17248;0,008000000000000000000
2684;21154;0,024000000000000000000
2684;59745;0,008000000000000000000
2684;67356;0,008000000000000000000
2684;67709;0,008000000000000000000
2684;366089;0,008000000000000000000
2684;693032;0,024000000000000000000
2694;391;0,428571428571428571428
2694;405;0,142857142857142857142
2694;2200;0,142857142857142857142
2694;4627;0,142857142857142857142
2694;11235;0,142857142857142857142
2697;846;0,047619047619047619047
2697;965;0,095238095238095238095
2697;1121;0,047619047619047619047
2697;2146;0,142857142857142857142
2697;2147;0,142857142857142857142
2697;3085;0,142857142857142857142
2697;5367;0,095238095238095238095
2697;5691;0,047619047619047619047
2697;9806;0,047619047619047619047
2697;9807;0,047619047619047619047
2697;17323;0,047619047619047619047
2697;189452;0,047619047619047619047
2697;533247;0,047619047619047619047
2704;885;0,040000000000000000000
2704;1162;0,040000000000000000000
2704;1210;0,120000000000000000000
2704;1600;0,040000000000000000000
2704;1855;0,040000000000000000000
2704;1864;0,080000000000000000000
2704;2549;0,040000000000000000000
2704;2794;0,040000000000000000000
2704;2851;0,120000000000000000000
2704;3015;0,080000000000000000000
2704;3235;0,080000000000000000000
2704;9468;0,240000000000000000000
2704;814523;0,040000000000000000000
2706;279;0,750000000000000000000
2706;771;0,125000000000000000000
2706;2713;0,125000000000000000000
2712;635;0,089285714285714285714
2712;1464;0,053571428571428571428
2712;1471;0,035714285714285714285
2712;1637;0,446428571428571428571
2712;3214;0,125000000000000000000
2712;5029;0,017857142857142857142
2712;7259;0,017857142857142857142
2712;14826;0,035714285714285714285
2712;47352;0,053571428571428571428
2712;336640;0,017857142857142857142
2712;767229;0,107142857142857142857
2713;250;0,027777777777777777777
2713;1149;0,027777777777777777777
2713;1160;0,027777777777777777777
2713;1448;0,055555555555555555555
2713;1523;0,027777777777777777777
2713;1889;0,027777777777777777777
2713;2379;0,111111111111111111111
2713;2661;0,083333333333333333333
2713;2706;0,027777777777777777777
2713;2714;0,027777777777777777777
2713;3234;0,027777777777777777777
2713;3873;0,027777777777777777777
2713;4513;0,027777777777777777777
2713;4613;0,111111111111111111111
2713;5430;0,027777777777777777777
2713;5861;0,027777777777777777777
2713;6347;0,055555555555555555555
2713;6440;0,027777777777777777777
2713;6535;0,055555555555555555555
2713;7160;0,027777777777777777777
2713;7334;0,027777777777777777777
2713;10595;0,027777777777777777777
2713;15737;0,027777777777777777777
2713;28997;0,027777777777777777777
2713;245879;0,027777777777777777777
2714;283;0,076923076923076923076
2714;861;0,230769230769230769230
2714;1142;0,076923076923076923076
2714;1591;0,153846153846153846153
2714;2379;0,153846153846153846153
2714;2661;0,153846153846153846153
2714;3381;0,076923076923076923076
2714;4613;0,076923076923076923076
2716;248;0,388888888888888888888
2716;283;0,055555555555555555555
2716;2379;0,055555555555555555555
2716;2474;0,277777777777777777777
2716;2523;0,138888888888888888888
2716;10020;0,027777777777777777777
2716;10197;0,055555555555555555555
2737;2739;0,166666666666666666666
2737;3142;0,166666666666666666666
2737;4491;0,166666666666666666666
2737;5530;0,166666666666666666666
2737;6693;0,166666666666666666666
2737;9184;0,166666666666666666666
2739;2736;0,923076923076923076923
2739;3142;0,076923076923076923076
2740;242;0,222222222222222222222
2740;373;0,111111111111111111111
2740;2586;0,222222222222222222222
2740;3142;0,222222222222222222222
2740;3271;0,222222222222222222222
2741;122;0,357142857142857142857
2741;283;0,142857142857142857142
2741;1034;0,071428571428571428571
2741;1142;0,071428571428571428571
2741;1583;0,071428571428571428571
2741;1981;0,071428571428571428571
2741;5373;0,071428571428571428571
2741;6543;0,071428571428571428571
2741;8363;0,071428571428571428571
2746;66;0,333333333333333333333
2746;7699;0,333333333333333333333
2746;9686;0,333333333333333333333
2756;287;1,000000000000000000000
2761;241;0,500000000000000000000
2761;1340;0,250000000000000000000
2761;3872;0,250000000000000000000
2772;738;0,100000000000000000000
2772;5918;0,900000000000000000000
2778;1082;0,038461538461538461538
2778;1434;0,038461538461538461538
2778;1877;0,076923076923076923076
2778;2433;0,230769230769230769230
2778;3705;0,038461538461538461538
2778;3968;0,038461538461538461538
2778;6461;0,153846153846153846153
2778;6723;0,192307692307692307692
2778;11656;0,115384615384615384615
2778;11734;0,038461538461538461538
2778;13642;0,038461538461538461538
2779;65;0,052631578947368421052
2779;526;0,105263157894736842105
2779;621;0,052631578947368421052
2779;3714;0,368421052631578947368
2779;4979;0,052631578947368421052
2779;9026;0,105263157894736842105
2779;9807;0,052631578947368421052
2779;13265;0,052631578947368421052
2779;330934;0,052631578947368421052
2779;533247;0,105263157894736842105
2780;621;0,166666666666666666666
2780;866;0,166666666666666666666
2780;2779;0,166666666666666666666
2780;4979;0,166666666666666666666
2780;9807;0,166666666666666666666
2780;533247;0,166666666666666666666
2786;77;0,019230769230769230769
2786;466;0,019230769230769230769
2786;846;0,076923076923076923076
2786;965;0,480769230769230769230
2786;966;0,019230769230769230769
2786;1066;0,019230769230769230769
2786;1681;0,076923076923076923076
2786;2146;0,019230769230769230769
2786;2147;0,153846153846153846153
2786;2512;0,038461538461538461538
2786;2644;0,038461538461538461538
2786;9960;0,019230769230769230769
2786;533247;0,019230769230769230769
2788;24;1,000000000000000000000
2791;999;1,000000000000000000000
2792;54;0,125000000000000000000
2792;119;0,050000000000000000000
2792;320;0,325000000000000000000
2792;2021;0,050000000000000000000
2792;3372;0,050000000000000000000
2792;4244;0,050000000000000000000
2792;5790;0,025000000000000000000
2792;6130;0,075000000000000000000
2792;8749;0,025000000000000000000
2792;11330;0,025000000000000000000
2792;12709;0,025000000000000000000
2792;28550;0,025000000000000000000
2792;54440;0,150000000000000000000
2796;241;0,400000000000000000000
2796;1496;0,200000000000000000000
2796;8363;0,200000000000000000000
2796;47352;0,200000000000000000000
2800;306;0,031250000000000000000
2800;652;0,062500000000000000000
2800;826;0,125000000000000000000
2800;2015;0,031250000000000000000
2800;2048;0,093750000000000000000
2800;2198;0,031250000000000000000
2800;2421;0,187500000000000000000
2800;2851;0,156250000000000000000
2800;3678;0,062500000000000000000
2800;3891;0,187500000000000000000
2800;13158;0,031250000000000000000
2802;644;0,142857142857142857142
2802;3996;0,428571428571428571428
2802;6502;0,142857142857142857142
2802;6504;0,285714285714285714285
2803;16;0,012176560121765601217
2803;57;0,012176560121765601217
2803;71;0,012176560121765601217
2803;82;0,012176560121765601217
2803;89;0,013698630136986301369
2803;234;0,010654490106544901065
2803;309;0,011415525114155251141
2803;369;0,012937595129375951293
2803;440;0,000761035007610350076
2803;644;0,012937595129375951293
2803;645;0,012937595129375951293
2803;827;0,012176560121765601217
2803;835;0,012176560121765601217
2803;890;0,012176560121765601217
2803;1022;0,012176560121765601217
2803;1040;0,012176560121765601217
2803;1143;0,012176560121765601217
2803;1152;0,009893455098934550989
2803;1231;0,011415525114155251141
2803;1276;0,010654490106544901065
2803;1612;0,012176560121765601217
2803;1657;0,012176560121765601217
2803;1948;0,012176560121765601217
2803;2109;0,009893455098934550989
2803;2355;0,012176560121765601217
2803;2414;0,012176560121765601217
2803;2479;0,012937595129375951293
2803;2487;0,012176560121765601217
2803;2736;0,012176560121765601217
2803;2739;0,009893455098934550989
2803;2802;0,012176560121765601217
2803;3098;0,012176560121765601217
2803;3123;0,012176560121765601217
2803;3128;0,012176560121765601217
2803;3141;0,014459665144596651445
2803;3145;0,012937595129375951293
2803;3237;0,011415525114155251141
2803;3399;0,012176560121765601217
2803;3574;0,012176560121765601217
2803;3852;0,012176560121765601217
2803;3953;0,012176560121765601217
2803;3967;0,012176560121765601217
2803;3996;0,012176560121765601217
2803;4024;0,012937595129375951293
2803;4159;0,012176560121765601217
2803;4160;0,012176560121765601217
2803;4306;0,012176560121765601217
2803;4501;0,012176560121765601217
2803;4695;0,012176560121765601217
2803;4852;0,000761035007610350076
2803;4853;0,012176560121765601217
2803;5136;0,012176560121765601217
2803;5306;0,010654490106544901065
2803;5338;0,012176560121765601217
2803;5607;0,012176560121765601217
2803;6027;0,000761035007610350076
2803;6045;0,012176560121765601217
2803;6495;0,012937595129375951293
2803;6496;0,012176560121765601217
2803;6497;0,012176560121765601217
2803;6498;0,012176560121765601217
2803;6499;0,012937595129375951293
2803;6501;0,012176560121765601217
2803;6502;0,012176560121765601217
2803;6503;0,012937595129375951293
2803;6504;0,009893455098934550989
2803;6505;0,012176560121765601217
2803;6506;0,012176560121765601217
2803;6509;0,012176560121765601217
2803;6511;0,012176560121765601217
2803;6512;0,012176560121765601217
2803;6513;0,012176560121765601217
2803;6514;0,008371385083713850837
2803;6515;0,012176560121765601217
2803;6517;0,012176560121765601217
2803;6518;0,011415525114155251141
2803;6520;0,011415525114155251141
2803;6523;0,010654490106544901065
2803;6524;0,012176560121765601217
2803;6527;0,012176560121765601217
2803;6543;0,005327245053272450532
2803;7686;0,012176560121765601217
2803;8238;0,012176560121765601217
2803;8539;0,000761035007610350076
2803;9968;0,002283105022831050228
2803;16786;0,000761035007610350076
2803;33180;0,000761035007610350076
2803;93146;0,012176560121765601217
2803;140271;0,012176560121765601217
2803;237945;0,000761035007610350076
2803;328404;0,000761035007610350076
2803;743544;0,012176560121765601217
2807;475;1,000000000000000000000
2822;414;0,200000000000000000000
2822;3318;0,600000000000000000000
2822;13187;0,200000000000000000000
2823;242;0,083333333333333333333
2823;373;0,041666666666666666666
2823;466;0,083333333333333333333
2823;497;0,041666666666666666666
2823;594;0,041666666666666666666
2823;766;0,041666666666666666666
2823;841;0,041666666666666666666
2823;1101;0,041666666666666666666
2823;1234;0,041666666666666666666
2823;2586;0,041666666666666666666
2823;2738;0,041666666666666666666
2823;2740;0,041666666666666666666
2823;2830;0,041666666666666666666
2823;4197;0,125000000000000000000
2823;5219;0,041666666666666666666
2823;9402;0,041666666666666666666
2823;9403;0,041666666666666666666
2823;9442;0,041666666666666666666
2823;20801;0,041666666666666666666
2823;53012;0,041666666666666666666
2825;127;0,090909090909090909090
2825;220;0,030303030303030303030
2825;558;0,030303030303030303030
2825;851;0,030303030303030303030
2825;1035;0,030303030303030303030
2825;1453;0,030303030303030303030
2825;1632;0,030303030303030303030
2825;1706;0,060606060606060606060
2825;2099;0,030303030303030303030
2825;2445;0,030303030303030303030
2825;2657;0,121212121212121212121
2825;2780;0,060606060606060606060
2825;2826;0,333333333333333333333
2825;5071;0,030303030303030303030
2825;5493;0,030303030303030303030
2825;20235;0,030303030303030303030
2826;127;0,045454545454545454545
2826;220;0,090909090909090909090
2826;1173;0,090909090909090909090
2826;1321;0,045454545454545454545
2826;1453;0,136363636363636363636
2826;1706;0,181818181818181818181
2826;2825;0,272727272727272727272
2826;7874;0,090909090909090909090
2826;27708;0,045454545454545454545
2828;1703;0,200000000000000000000
2828;7994;0,400000000000000000000
2828;752863;0,400000000000000000000
2830;242;1,000000000000000000000
2832;866;0,192307692307692307692
2832;1508;0,038461538461538461538
2832;2498;0,038461538461538461538
2832;3748;0,038461538461538461538
2832;4493;0,076923076923076923076
2832;5441;0,076923076923076923076
2832;5691;0,076923076923076923076
2832;7650;0,076923076923076923076
2832;9398;0,076923076923076923076
2832;9806;0,153846153846153846153
2832;28875;0,076923076923076923076
2832;28879;0,076923076923076923076
2834;283;0,038461538461538461538
2834;468;0,384615384615384615384
2834;846;0,115384615384615384615
2834;978;0,038461538461538461538
2834;2863;0,038461538461538461538
2834;3575;0,038461538461538461538
2834;4777;0,038461538461538461538
2834;7080;0,038461538461538461538
2834;8539;0,038461538461538461538
2834;8910;0,115384615384615384615
2834;157662;0,038461538461538461538
2834;440497;0,038461538461538461538
2834;883847;0,038461538461538461538
2838;885;0,300000000000000000000
2838;1831;0,200000000000000000000
2838;7080;0,100000000000000000000
2838;8909;0,100000000000000000000
2838;9468;0,100000000000000000000
2838;23954;0,100000000000000000000
2838;37815;0,100000000000000000000
2850;135;0,142857142857142857142
2850;899;0,047619047619047619047
2850;1585;0,095238095238095238095
2850;1719;0,238095238095238095238
2850;3911;0,333333333333333333333
2850;4222;0,095238095238095238095
2850;5329;0,047619047619047619047
2852;85;0,125000000000000000000
2852;122;0,125000000000000000000
2852;222;0,125000000000000000000
2852;625;0,125000000000000000000
2852;798;0,250000000000000000000
2852;4080;0,125000000000000000000
2852;8489;0,125000000000000000000
2853;1917;1,000000000000000000000
2865;59;0,017964071856287425149
2865;228;0,017964071856287425149
2865;681;0,017964071856287425149
2865;854;0,029940119760479041916
2865;990;0,017964071856287425149
2865;997;0,017964071856287425149
2865;1100;0,005988023952095808383
2865;1225;0,017964071856287425149
2865;1243;0,017964071856287425149
2865;1725;0,017964071856287425149
2865;1925;0,005988023952095808383
2865;2249;0,017964071856287425149
2865;2326;0,017964071856287425149
2865;2482;0,017964071856287425149
2865;3233;0,017964071856287425149
2865;3250;0,017964071856287425149
2865;3251;0,017964071856287425149
2865;3292;0,017964071856287425149
2865;3331;0,017964071856287425149
2865;4089;0,017964071856287425149
2865;4132;0,017964071856287425149
2865;4247;0,017964071856287425149
2865;4334;0,023952095808383233532
2865;4401;0,017964071856287425149
2865;4874;0,017964071856287425149
2865;5054;0,035928143712574850299
2865;5163;0,017964071856287425149
2865;5682;0,017964071856287425149
2865;5783;0,017964071856287425149
2865;6664;0,017964071856287425149
2865;6923;0,017964071856287425149
2865;8666;0,017964071856287425149
2865;11382;0,023952095808383233532
2865;12339;0,017964071856287425149
2865;12428;0,017964071856287425149
2865;12430;0,017964071856287425149
2865;12435;0,017964071856287425149
2865;12826;0,017964071856287425149
2865;12964;0,005988023952095808383
2865;13622;0,017964071856287425149
2865;14125;0,017964071856287425149
2865;14323;0,023952095808383233532
2865;15726;0,017964071856287425149
2865;15866;0,017964071856287425149
2865;16649;0,017964071856287425149
2865;16651;0,017964071856287425149
2865;16653;0,017964071856287425149
2865;16659;0,017964071856287425149
2865;16660;0,017964071856287425149
2865;16664;0,017964071856287425149
2865;20474;0,017964071856287425149
2865;20666;0,017964071856287425149
2865;21592;0,017964071856287425149
2865;21597;0,017964071856287425149
2865;28538;0,017964071856287425149
2877;219;0,181818181818181818181
2877;414;0,181818181818181818181
2877;1425;0,090909090909090909090
2877;1727;0,090909090909090909090
2877;3178;0,181818181818181818181
2877;7095;0,090909090909090909090
2877;8566;0,181818181818181818181
2884;3532;0,400000000000000000000
2884;3891;0,400000000000000000000
2884;5061;0,200000000000000000000
2887;131;0,200000000000000000000
2887;579;0,200000000000000000000
2887;5175;0,400000000000000000000
2887;26354;0,200000000000000000000
2890;1563;0,142857142857142857142
2890;1565;0,571428571428571428571
2890;1766;0,142857142857142857142
2890;17549;0,142857142857142857142
2893;2421;0,888888888888888888888
2893;256235;0,111111111111111111111
2897;1092;1,000000000000000000000
2914;27852;1,000000000000000000000
2916;733;0,020833333333333333333
2916;1301;0,020833333333333333333
2916;1681;0,020833333333333333333
2916;2910;0,020833333333333333333
2916;2911;0,020833333333333333333
2916;2912;0,020833333333333333333
2916;2913;0,020833333333333333333
2916;2914;0,020833333333333333333
2916;2915;0,020833333333333333333
2916;2917;0,020833333333333333333
2916;2918;0,020833333333333333333
2916;2919;0,020833333333333333333
2916;2920;0,020833333333333333333
2916;2922;0,020833333333333333333
2916;2923;0,020833333333333333333
2916;2924;0,020833333333333333333
2916;2925;0,020833333333333333333
2916;2927;0,020833333333333333333
2916;2928;0,020833333333333333333
2916;2929;0,020833333333333333333
2916;2930;0,020833333333333333333
2916;2931;0,020833333333333333333
2916;2932;0,020833333333333333333
2916;2933;0,020833333333333333333
2916;2934;0,020833333333333333333
2916;2935;0,020833333333333333333
2916;2936;0,020833333333333333333
2916;2938;0,020833333333333333333
2916;2939;0,020833333333333333333
2916;2940;0,020833333333333333333
2916;2941;0,020833333333333333333
2916;2942;0,020833333333333333333
2916;2943;0,020833333333333333333
2916;2944;0,020833333333333333333
2916;2945;0,020833333333333333333
2916;2947;0,020833333333333333333
2916;2948;0,020833333333333333333
2916;2949;0,020833333333333333333
2916;2950;0,020833333333333333333
2916;2951;0,020833333333333333333
2916;2952;0,020833333333333333333
2916;2953;0,020833333333333333333
2916;2954;0,020833333333333333333
2916;2955;0,020833333333333333333
2916;2956;0,020833333333333333333
2916;49722;0,020833333333333333333
2916;282900;0,020833333333333333333
2916;475686;0,020833333333333333333
2921;12387;0,666666666666666666666
2921;17269;0,333333333333333333333
2932;733;1,000000000000000000000
2935;733;1,000000000000000000000
2938;733;0,333333333333333333333
2938;335189;0,666666666666666666666
2939;733;0,666666666666666666666
2939;2948;0,166666666666666666666
2939;13537;0,166666666666666666666
2948;2916;1,000000000000000000000
2950;733;0,571428571428571428571
2950;2916;0,142857142857142857142
2950;2925;0,142857142857142857142
2950;4274;0,142857142857142857142
2961;411;0,250000000000000000000
2961;1069;0,125000000000000000000
2961;1447;0,250000000000000000000
2961;1729;0,250000000000000000000
2961;21734;0,125000000000000000000
2972;72;0,068965517241379310344
2972;352;0,034482758620689655172
2972;1117;0,241379310344827586206
2972;1316;0,068965517241379310344
2972;1946;0,034482758620689655172
2972;2364;0,172413793103448275862
2972;4530;0,034482758620689655172
2972;5640;0,034482758620689655172
2972;125861;0,034482758620689655172
2972;219164;0,206896551724137931034
2972;474028;0,068965517241379310344
2976;1763;0,333333333333333333333
2976;2195;0,666666666666666666666
2990;267;0,022222222222222222222
2990;285;0,244444444444444444444
2990;861;0,022222222222222222222
2990;1448;0,044444444444444444444
2990;1547;0,022222222222222222222
2990;1591;0,022222222222222222222
2990;2510;0,044444444444444444444
2990;3045;0,022222222222222222222
2990;3381;0,022222222222222222222
2990;3393;0,155555555555555555555
2990;3838;0,133333333333333333333
2990;4376;0,044444444444444444444
2990;6723;0,133333333333333333333
2990;10020;0,022222222222222222222
2990;28602;0,044444444444444444444
2991;708;0,083333333333333333333
2991;1065;0,041666666666666666666
2991;1316;0,041666666666666666666
2991;1946;0,041666666666666666666
2991;189452;0,166666666666666666666
2991;965643;0,625000000000000000000
2993;12563;0,500000000000000000000
2993;17281;0,500000000000000000000
2998;2385;0,250000000000000000000
2998;9393;0,250000000000000000000
2998;151009;0,250000000000000000000
2998;259831;0,250000000000000000000
3000;42;0,500000000000000000000
3000;860;0,250000000000000000000
3000;163510;0,250000000000000000000
3007;1393;1,000000000000000000000
3015;2704;0,400000000000000000000
3015;5061;0,400000000000000000000
3015;5528;0,200000000000000000000
3022;120;0,008849557522123893805
3022;375;0,008849557522123893805
3022;382;0,008849557522123893805
3022;388;0,008849557522123893805
3022;391;0,017699115044247787610
3022;392;0,008849557522123893805
3022;393;0,008849557522123893805
3022;394;0,017699115044247787610
3022;395;0,008849557522123893805
3022;396;0,017699115044247787610
3022;398;0,026548672566371681415
3022;399;0,008849557522123893805
3022;400;0,017699115044247787610
3022;401;0,008849557522123893805
3022;403;0,008849557522123893805
3022;404;0,008849557522123893805
3022;405;0,017699115044247787610
3022;406;0,008849557522123893805
3022;407;0,017699115044247787610
3022;408;0,008849557522123893805
3022;409;0,008849557522123893805
3022;410;0,008849557522123893805
3022;411;0,026548672566371681415
3022;412;0,017699115044247787610
3022;414;0,008849557522123893805
3022;415;0,008849557522123893805
3022;416;0,008849557522123893805
3022;417;0,017699115044247787610
3022;418;0,008849557522123893805
3022;419;0,008849557522123893805
3022;458;0,008849557522123893805
3022;930;0,008849557522123893805
3022;967;0,008849557522123893805
3022;1069;0,008849557522123893805
3022;1123;0,008849557522123893805
3022;1127;0,008849557522123893805
3022;1178;0,008849557522123893805
3022;1397;0,008849557522123893805
3022;1451;0,008849557522123893805
3022;1517;0,008849557522123893805
3022;1671;0,008849557522123893805
3022;1727;0,008849557522123893805
3022;1729;0,008849557522123893805
3022;1762;0,008849557522123893805
3022;1879;0,026548672566371681415
3022;2140;0,008849557522123893805
3022;2585;0,008849557522123893805
3022;2694;0,008849557522123893805
3022;2822;0,008849557522123893805
3022;2961;0,008849557522123893805
3022;3449;0,008849557522123893805
3022;3513;0,008849557522123893805
3022;3560;0,008849557522123893805
3022;3697;0,008849557522123893805
3022;3779;0,008849557522123893805
3022;4131;0,008849557522123893805
3022;4627;0,008849557522123893805
3022;5168;0,008849557522123893805
3022;5536;0,008849557522123893805
3022;6000;0,008849557522123893805
3022;6262;0,008849557522123893805
3022;7341;0,008849557522123893805
3022;7906;0,008849557522123893805
3022;8237;0,017699115044247787610
3022;8525;0,008849557522123893805
3022;8566;0,008849557522123893805
3022;8889;0,008849557522123893805
3022;9340;0,008849557522123893805
3022;9380;0,008849557522123893805
3022;9615;0,008849557522123893805
3022;10341;0,008849557522123893805
3022;11138;0,008849557522123893805
3022;11235;0,008849557522123893805
3022;11527;0,008849557522123893805
3022;12356;0,008849557522123893805
3022;13187;0,008849557522123893805
3022;14526;0,008849557522123893805
3022;15682;0,008849557522123893805
3022;16866;0,008849557522123893805
3022;21112;0,088495575221238938053
3022;22864;0,008849557522123893805
3022;24769;0,008849557522123893805
3022;28337;0,008849557522123893805
3022;28357;0,008849557522123893805
3022;28408;0,008849557522123893805
3022;28420;0,008849557522123893805
3022;28422;0,008849557522123893805
3022;28716;0,008849557522123893805
3022;28720;0,008849557522123893805
3029;36;0,066666666666666666666
3029;196;0,066666666666666666666
3029;334;0,100000000000000000000
3029;2396;0,033333333333333333333
3029;3557;0,433333333333333333333
3029;4215;0,166666666666666666666
3029;5464;0,033333333333333333333
3029;13041;0,066666666666666666666
3029;357817;0,033333333333333333333
3033;61;0,066666666666666666666
3033;66;0,066666666666666666666
3033;975;0,433333333333333333333
3033;1002;0,033333333333333333333
3033;1556;0,033333333333333333333
3033;1866;0,133333333333333333333
3033;5626;0,033333333333333333333
3033;9481;0,033333333333333333333
3033;24098;0,033333333333333333333
3033;286660;0,133333333333333333333
3040;28156;1,000000000000000000000
3045;96;0,192982456140350877192
3045;249;0,105263157894736842105
3045;268;0,017543859649122807017
3045;279;0,017543859649122807017
3045;529;0,035087719298245614035
3045;861;0,333333333333333333333
3045;1048;0,052631578947368421052
3045;1448;0,017543859649122807017
3045;1570;0,052631578947368421052
3045;1591;0,017543859649122807017
3045;1889;0,017543859649122807017
3045;2139;0,017543859649122807017
3045;2515;0,017543859649122807017
3045;2714;0,017543859649122807017
3045;3234;0,035087719298245614035
3045;3429;0,017543859649122807017
3045;4613;0,017543859649122807017
3045;321112;0,017543859649122807017
3049;393;0,142857142857142857142
3049;415;0,142857142857142857142
3049;1178;0,285714285714285714285
3049;1698;0,142857142857142857142
3049;1727;0,142857142857142857142
3049;8957;0,142857142857142857142
3069;89;0,016393442622950819672
3069;642;0,844262295081967213114
3069;826;0,008196721311475409836
3069;1965;0,090163934426229508196
3069;4729;0,016393442622950819672
3069;5306;0,024590163934426229508
3071;2337;0,500000000000000000000
3071;3301;0,166666666666666666666
3071;5264;0,333333333333333333333
3085;190;0,004950495049504950495
3085;192;0,009900990099009900990
3085;354;0,004950495049504950495
3085;526;0,004950495049504950495
3085;528;0,004950495049504950495
3085;841;0,004950495049504950495
3085;883;0,004950495049504950495
3085;960;0,084158415841584158415
3085;964;0,004950495049504950495
3085;965;0,004950495049504950495
3085;1121;0,004950495049504950495
3085;1122;0,029702970297029702970
3085;1314;0,004950495049504950495
3085;1401;0,074257425742574257425
3085;1657;0,004950495049504950495
3085;1667;0,004950495049504950495
3085;1689;0,004950495049504950495
3085;2071;0,004950495049504950495
3085;2139;0,004950495049504950495
3085;2146;0,009900990099009900990
3085;2191;0,004950495049504950495
3085;2697;0,059405940594059405940
3085;3095;0,004950495049504950495
3085;4146;0,084158415841584158415
3085;4147;0,074257425742574257425
3085;4281;0,004950495049504950495
3085;5367;0,094059405940594059405
3085;5441;0,004950495049504950495
3085;5679;0,049504950495049504950
3085;5691;0,039603960396039603960
3085;7711;0,004950495049504950495
3085;7759;0,004950495049504950495
3085;8081;0,004950495049504950495
3085;9356;0,108910891089108910891
3085;10658;0,089108910891089108910
3085;14899;0,019801980198019801980
3085;17773;0,004950495049504950495
3085;18641;0,004950495049504950495
3085;26479;0,004950495049504950495
3085;41776;0,024752475247524752475
3085;151009;0,019801980198019801980
3085;151929;0,004950495049504950495
3087;38;1,000000000000000000000
3089;527;1,000000000000000000000
3091;1637;0,250000000000000000000
3091;3096;0,250000000000000000000
3091;9150;0,250000000000000000000
3091;76428;0,250000000000000000000
3095;249;0,057142857142857142857
3095;283;0,014285714285714285714
3095;396;0,057142857142857142857
3095;522;0,057142857142857142857
3095;891;0,057142857142857142857
3095;990;0,042857142857142857142
3095;1064;0,057142857142857142857
3095;1314;0,057142857142857142857
3095;2080;0,057142857142857142857
3095;2184;0,071428571428571428571
3095;2644;0,057142857142857142857
3095;2744;0,014285714285714285714
3095;3085;0,014285714285714285714
3095;3096;0,057142857142857142857
3095;3097;0,057142857142857142857
3095;3098;0,057142857142857142857
3095;3099;0,057142857142857142857
3095;3100;0,057142857142857142857
3095;41776;0,085714285714285714285
3095;245879;0,014285714285714285714
3096;96;0,181818181818181818181
3096;885;0,090909090909090909090
3096;886;0,090909090909090909090
3096;1035;0,090909090909090909090
3096;1949;0,090909090909090909090
3096;2080;0,181818181818181818181
3096;2489;0,090909090909090909090
3096;4794;0,090909090909090909090
3096;5526;0,090909090909090909090
3097;9069;1,000000000000000000000
3098;1035;0,153846153846153846153
3098;2355;0,076923076923076923076
3098;2657;0,076923076923076923076
3098;3123;0,153846153846153846153
3098;3235;0,076923076923076923076
3098;4159;0,076923076923076923076
3098;6496;0,230769230769230769230
3098;41776;0,076923076923076923076
3098;140271;0,076923076923076923076
3103;285;0,062500000000000000000
3103;540;0,062500000000000000000
3103;1967;0,062500000000000000000
3103;2398;0,062500000000000000000
3103;6723;0,562500000000000000000
3103;13673;0,187500000000000000000
3104;119;0,200000000000000000000
3104;320;0,200000000000000000000
3104;2792;0,200000000000000000000
3104;17549;0,200000000000000000000
3104;28970;0,200000000000000000000
3105;208;0,047619047619047619047
3105;533;0,047619047619047619047
3105;657;0,047619047619047619047
3105;846;0,142857142857142857142
3105;1171;0,047619047619047619047
3105;1254;0,047619047619047619047
3105;1348;0,095238095238095238095
3105;1681;0,095238095238095238095
3105;3433;0,047619047619047619047
3105;4187;0,047619047619047619047
3105;112314;0,047619047619047619047
3105;512469;0,285714285714285714285
3118;2129;0,600000000000000000000
3118;3340;0,200000000000000000000
3118;9924;0,200000000000000000000
3122;657;0,400000000000000000000
3122;5627;0,600000000000000000000
3123;71;0,020833333333333333333
3123;189;0,020833333333333333333
3123;277;0,020833333333333333333
3123;309;0,020833333333333333333
3123;644;0,062500000000000000000
3123;645;0,041666666666666666666
3123;846;0,020833333333333333333
3123;1022;0,020833333333333333333
3123;1152;0,083333333333333333333
3123;1169;0,020833333333333333333
3123;1276;0,020833333333333333333
3123;2414;0,020833333333333333333
3123;2736;0,020833333333333333333
3123;3098;0,062500000000000000000
3123;3141;0,062500000000000000000
3123;3852;0,020833333333333333333
3123;3996;0,020833333333333333333
3123;4159;0,041666666666666666666
3123;4501;0,020833333333333333333
3123;5136;0,062500000000000000000
3123;5306;0,020833333333333333333
3123;5338;0,020833333333333333333
3123;5659;0,020833333333333333333
3123;6496;0,125000000000000000000
3123;6514;0,020833333333333333333
3123;6515;0,020833333333333333333
3123;6517;0,020833333333333333333
3123;6523;0,020833333333333333333
3123;41776;0,020833333333333333333
3123;189452;0,020833333333333333333
3141;71;0,013793103448275862068
3141;89;0,013793103448275862068
3141;749;0,006896551724137931034
3141;827;0,013793103448275862068
3141;835;0,013793103448275862068
3141;1231;0,096551724137931034482
3141;1657;0,006896551724137931034
3141;1948;0,013793103448275862068
3141;2054;0,006896551724137931034
3141;2130;0,006896551724137931034
3141;2355;0,068965517241379310344
3141;2479;0,075862068965517241379
3141;2503;0,006896551724137931034
3141;2736;0,068965517241379310344
3141;2803;0,006896551724137931034
3141;2823;0,034482758620689655172
3141;3098;0,013793103448275862068
3141;3123;0,034482758620689655172
3141;3142;0,117241379310344827586
3141;3852;0,041379310344827586206
3141;3996;0,055172413793103448275
3141;4024;0,006896551724137931034
3141;4159;0,013793103448275862068
3141;4306;0,006896551724137931034
3141;4501;0,013793103448275862068
3141;4852;0,006896551724137931034
3141;5306;0,006896551724137931034
3141;6497;0,006896551724137931034
3141;6503;0,006896551724137931034
3141;6509;0,006896551724137931034
3141;6517;0,006896551724137931034
3141;6523;0,006896551724137931034
3141;6527;0,013793103448275862068
3141;9968;0,006896551724137931034
3141;16786;0,013793103448275862068
3141;37183;0,020689655172413793103
3141;259831;0,027586206896551724137
3141;333343;0,110344827586206896551
3142;242;0,071428571428571428571
3142;373;0,142857142857142857142
3142;2586;0,071428571428571428571
3142;2740;0,071428571428571428571
3142;2823;0,214285714285714285714
3142;3141;0,142857142857142857142
3142;14465;0,214285714285714285714
3142;533247;0,071428571428571428571
3143;146;0,016949152542372881355
3143;365;0,084745762711864406779
3143;703;0,084745762711864406779
3143;1280;0,084745762711864406779
3143;2190;0,067796610169491525423
3143;2362;0,118644067796610169491
3143;3155;0,016949152542372881355
3143;3966;0,084745762711864406779
3143;6250;0,050847457627118644067
3143;6800;0,101694915254237288135
3143;7416;0,084745762711864406779
3143;9194;0,084745762711864406779
3143;9195;0,050847457627118644067
3143;14069;0,033898305084745762711
3143;16112;0,016949152542372881355
3143;27522;0,016949152542372881355
3145;285;0,111111111111111111111
3145;1231;0,222222222222222222222
3145;1771;0,037037037037037037037
3145;2479;0,037037037037037037037
3145;2736;0,148148148148148148148
3145;3141;0,037037037037037037037
3145;4852;0,037037037037037037037
3145;5168;0,111111111111111111111
3145;6045;0,074074074074074074074
3145;6495;0,037037037037037037037
3145;6503;0,074074074074074074074
3145;7941;0,037037037037037037037
3145;333343;0,037037037037037037037
3146;1123;0,500000000000000000000
3146;3158;0,500000000000000000000
3158;22;0,006779661016949152542
3158;38;0,003389830508474576271
3158;71;0,006779661016949152542
3158;96;0,010169491525423728813
3158;127;0,003389830508474576271
3158;307;0,003389830508474576271
3158;346;0,006779661016949152542
3158;378;0,006779661016949152542
3158;407;0,006779661016949152542
3158;477;0,006779661016949152542
3158;529;0,003389830508474576271
3158;547;0,020338983050847457627
3158;724;0,010169491525423728813
3158;749;0,003389830508474576271
3158;761;0,013559322033898305084
3158;765;0,006779661016949152542
3158;778;0,010169491525423728813
3158;805;0,006779661016949152542
3158;918;0,006779661016949152542
3158;933;0,003389830508474576271
3158;1160;0,033898305084745762711
3158;1206;0,006779661016949152542
3158;1322;0,003389830508474576271
3158;1327;0,003389830508474576271
3158;1329;0,003389830508474576271
3158;1504;0,003389830508474576271
3158;1516;0,006779661016949152542
3158;1724;0,003389830508474576271
3158;1838;0,006779661016949152542
3158;1850;0,006779661016949152542
3158;1868;0,006779661016949152542
3158;1877;0,006779661016949152542
3158;2223;0,013559322033898305084
3158;2438;0,006779661016949152542
3158;2461;0,006779661016949152542
3158;2679;0,006779661016949152542
3158;3071;0,006779661016949152542
3158;3091;0,003389830508474576271
3158;3141;0,003389830508474576271
3158;3146;0,006779661016949152542
3158;3204;0,010169491525423728813
3158;3223;0,006779661016949152542
3158;3230;0,006779661016949152542
3158;3235;0,003389830508474576271
3158;3245;0,006779661016949152542
3158;3477;0,006779661016949152542
3158;3618;0,016949152542372881355
3158;3633;0,006779661016949152542
3158;3656;0,010169491525423728813
3158;3736;0,006779661016949152542
3158;3748;0,003389830508474576271
3158;3753;0,006779661016949152542
3158;3825;0,010169491525423728813
3158;3862;0,006779661016949152542
3158;3968;0,006779661016949152542
3158;4349;0,006779661016949152542
3158;4749;0,006779661016949152542
3158;4876;0,003389830508474576271
3158;5005;0,003389830508474576271
3158;5239;0,006779661016949152542
3158;5350;0,010169491525423728813
3158;5500;0,010169491525423728813
3158;5657;0,003389830508474576271
3158;6151;0,006779661016949152542
3158;6267;0,006779661016949152542
3158;6503;0,003389830508474576271
3158;6694;0,003389830508474576271
3158;6930;0,006779661016949152542
3158;6986;0,006779661016949152542
3158;7116;0,003389830508474576271
3158;7206;0,006779661016949152542
3158;7240;0,006779661016949152542
3158;7259;0,016949152542372881355
3158;7774;0,006779661016949152542
3158;7788;0,003389830508474576271
3158;8464;0,006779661016949152542
3158;8873;0,006779661016949152542
3158;8933;0,006779661016949152542
3158;9114;0,006779661016949152542
3158;9729;0,003389830508474576271
3158;10390;0,010169491525423728813
3158;10602;0,006779661016949152542
3158;10649;0,003389830508474576271
3158;10892;0,006779661016949152542
3158;12333;0,013559322033898305084
3158;12372;0,006779661016949152542
3158;12387;0,010169491525423728813
3158;12432;0,003389830508474576271
3158;12436;0,003389830508474576271
3158;12775;0,006779661016949152542
3158;12820;0,003389830508474576271
3158;13054;0,006779661016949152542
3158;13310;0,006779661016949152542
3158;13369;0,003389830508474576271
3158;14826;0,006779661016949152542
3158;15975;0,006779661016949152542
3158;16487;0,006779661016949152542
3158;17426;0,006779661016949152542
3158;19176;0,013559322033898305084
3158;20666;0,006779661016949152542
3158;21470;0,006779661016949152542
3158;21750;0,006779661016949152542
3158;24536;0,010169491525423728813
3158;26502;0,006779661016949152542
3158;27557;0,006779661016949152542
3158;27841;0,003389830508474576271
3158;27938;0,006779661016949152542
3158;28463;0,006779661016949152542
3158;28523;0,006779661016949152542
3158;41565;0,013559322033898305084
3158;44336;0,010169491525423728813
3158;45837;0,006779661016949152542
3158;56282;0,006779661016949152542
3158;113365;0,006779661016949152542
3158;135596;0,003389830508474576271
3158;248831;0,006779661016949152542
3158;248837;0,006779661016949152542
3158;276780;0,006779661016949152542
3158;283638;0,016949152542372881355
3158;286660;0,006779661016949152542
3158;286988;0,006779661016949152542
3158;309580;0,010169491525423728813
3158;324897;0,006779661016949152542
3158;325286;0,006779661016949152542
3158;326192;0,006779661016949152542
3158;327099;0,013559322033898305084
3158;336063;0,006779661016949152542
3158;343358;0,013559322033898305084
3158;353698;0,010169491525423728813
3158;355336;0,003389830508474576271
3158;365531;0,003389830508474576271
3158;365534;0,006779661016949152542
3158;365536;0,016949152542372881355
3158;366869;0,010169491525423728813
3158;382779;0,006779661016949152542
3158;388810;0,006779661016949152542
3158;418454;0,006779661016949152542
3161;1439;0,333333333333333333333
3161;4376;0,333333333333333333333
3161;173893;0,333333333333333333333
3164;7920;0,666666666666666666666
3164;17665;0,333333333333333333333
3169;35;0,151515151515151515151
3169;362;0,030303030303030303030
3169;4991;0,272727272727272727272
3169;6929;0,454545454545454545454
3169;28397;0,090909090909090909090
3176;2467;0,285714285714285714285
3176;3962;0,047619047619047619047
3176;3986;0,095238095238095238095
3176;16845;0,047619047619047619047
3176;17278;0,190476190476190476190
3176;17280;0,142857142857142857142
3176;31885;0,047619047619047619047
3176;184987;0,142857142857142857142
3178;1425;0,051282051282051282051
3178;2493;0,025641025641025641025
3178;2494;0,076923076923076923076
3178;2877;0,076923076923076923076
3178;3197;0,102564102564102564102
3178;3962;0,051282051282051282051
3178;4145;0,230769230769230769230
3178;7072;0,153846153846153846153
3178;7095;0,076923076923076923076
3178;9288;0,051282051282051282051
3178;28465;0,025641025641025641025
3178;119973;0,025641025641025641025
3178;282773;0,025641025641025641025
3178;373924;0,025641025641025641025
3180;3340;0,333333333333333333333
3180;239964;0,666666666666666666666
3182;1713;0,333333333333333333333
3182;4293;0,666666666666666666666
3188;689;0,125000000000000000000
3188;1236;0,125000000000000000000
3188;1556;0,187500000000000000000
3188;2204;0,125000000000000000000
3188;5012;0,125000000000000000000
3188;10682;0,125000000000000000000
3188;48255;0,062500000000000000000
3188;98068;0,125000000000000000000
3189;660;0,142857142857142857142
3189;1940;0,142857142857142857142
3189;2543;0,142857142857142857142
3189;6723;0,142857142857142857142
3189;29081;0,142857142857142857142
3189;84925;0,142857142857142857142
3189;651622;0,142857142857142857142
3197;2137;0,400000000000000000000
3197;3178;0,200000000000000000000
3197;4145;0,200000000000000000000
3197;9288;0,200000000000000000000
3203;829;0,375000000000000000000
3203;4988;0,250000000000000000000
3203;7135;0,375000000000000000000
3204;3158;0,500000000000000000000
3204;3998;0,500000000000000000000
3209;525;0,800000000000000000000
3209;418454;0,200000000000000000000
3212;920;0,333333333333333333333
3212;2371;0,666666666666666666666
3214;411;0,250000000000000000000
3214;1069;0,083333333333333333333
3214;1637;0,166666666666666666666
3214;2712;0,333333333333333333333
3214;5168;0,083333333333333333333
3214;41565;0,083333333333333333333
3222;428;0,125000000000000000000
3222;738;0,125000000000000000000
3222;1092;0,562500000000000000000
3222;2897;0,125000000000000000000
3222;12159;0,062500000000000000000
3223;224;0,032786885245901639344
3223;324;0,032786885245901639344
3223;351;0,032786885245901639344
3223;817;0,081967213114754098360
3223;918;0,098360655737704918032
3223;1131;0,032786885245901639344
3223;1340;0,016393442622950819672
3223;1504;0,032786885245901639344
3223;1510;0,032786885245901639344
3223;2493;0,032786885245901639344
3223;2516;0,032786885245901639344
3223;2921;0,032786885245901639344
3223;3158;0,016393442622950819672
3223;3273;0,032786885245901639344
3223;5239;0,032786885245901639344
3223;6930;0,032786885245901639344
3223;10602;0,049180327868852459016
3223;10633;0,032786885245901639344
3223;12333;0,032786885245901639344
3223;12534;0,032786885245901639344
3223;17268;0,032786885245901639344
3223;26354;0,032786885245901639344
3223;31885;0,032786885245901639344
3223;54879;0,049180327868852459016
3223;276780;0,049180327868852459016
3223;434991;0,049180327868852459016
3230;73;0,029411764705882352941
3230;119;0,029411764705882352941
3230;132;0,323529411764705882352
3230;550;0,088235294117647058823
3230;551;0,029411764705882352941
3230;596;0,176470588235294117647
3230;658;0,029411764705882352941
3230;1319;0,029411764705882352941
3230;2882;0,029411764705882352941
3230;3158;0,029411764705882352941
3230;6986;0,029411764705882352941
3230;7116;0,029411764705882352941
3230;8749;0,029411764705882352941
3230;13721;0,058823529411764705882
3230;256804;0,058823529411764705882
3233;990;0,181818181818181818181
3233;2091;0,363636363636363636363
3233;2249;0,090909090909090909090
3233;2326;0,181818181818181818181
3233;2744;0,090909090909090909090
3233;9367;0,090909090909090909090
3235;71;0,045454545454545454545
3235;135;0,090909090909090909090
3235;851;0,045454545454545454545
3235;1210;0,045454545454545454545
3235;1307;0,136363636363636363636
3235;1942;0,045454545454545454545
3235;3607;0,363636363636363636363
3235;4020;0,090909090909090909090
3235;7866;0,090909090909090909090
3235;374246;0,045454545454545454545
3237;2355;1,000000000000000000000
3241;960;0,400000000000000000000
3241;4906;0,600000000000000000000
3245;42;0,018691588785046728971
3245;246;0,018691588785046728971
3245;271;0,009345794392523364485
3245;288;0,009345794392523364485
3245;290;0,028037383177570093457
3245;294;0,009345794392523364485
3245;317;0,009345794392523364485
3245;545;0,009345794392523364485
3245;860;0,009345794392523364485
3245;1030;0,009345794392523364485
3245;1288;0,009345794392523364485
3245;1497;0,009345794392523364485
3245;1696;0,009345794392523364485
3245;1824;0,009345794392523364485
3245;1901;0,009345794392523364485
3245;2145;0,018691588785046728971
3245;2293;0,037383177570093457943
3245;2322;0,009345794392523364485
3245;2323;0,009345794392523364485
3245;2337;0,009345794392523364485
3245;2343;0,009345794392523364485
3245;2371;0,130841121495327102803
3245;2372;0,018691588785046728971
3245;2438;0,009345794392523364485
3245;2678;0,009345794392523364485
3245;2679;0,009345794392523364485
3245;3071;0,009345794392523364485
3245;3304;0,009345794392523364485
3245;3360;0,009345794392523364485
3245;3618;0,009345794392523364485
3245;3633;0,009345794392523364485
3245;3731;0,009345794392523364485
3245;3753;0,009345794392523364485
3245;3857;0,009345794392523364485
3245;3916;0,009345794392523364485
3245;3978;0,009345794392523364485
3245;4657;0,009345794392523364485
3245;4728;0,009345794392523364485
3245;4750;0,009345794392523364485
3245;4794;0,009345794392523364485
3245;5506;0,009345794392523364485
3245;5578;0,009345794392523364485
3245;5628;0,028037383177570093457
3245;5915;0,009345794392523364485
3245;6694;0,009345794392523364485
3245;7859;0,009345794392523364485
3245;7968;0,009345794392523364485
3245;8348;0,028037383177570093457
3245;8635;0,009345794392523364485
3245;9114;0,009345794392523364485
3245;9159;0,009345794392523364485
3245;9376;0,009345794392523364485
3245;9992;0,009345794392523364485
3245;10085;0,009345794392523364485
3245;10860;0,009345794392523364485
3245;11014;0,009345794392523364485
3245;12385;0,009345794392523364485
3245;14652;0,009345794392523364485
3245;15867;0,009345794392523364485
3245;17677;0,009345794392523364485
3245;17773;0,009345794392523364485
3245;17789;0,009345794392523364485
3245;23561;0,009345794392523364485
3245;23562;0,009345794392523364485
3245;23563;0,009345794392523364485
3245;26101;0,009345794392523364485
3245;27527;0,018691588785046728971
3245;27531;0,009345794392523364485
3245;27535;0,009345794392523364485
3245;27537;0,009345794392523364485
3245;27539;0,009345794392523364485
3245;76695;0,009345794392523364485
3245;113392;0,037383177570093457943
3245;119483;0,009345794392523364485
3245;135123;0,009345794392523364485
3245;365536;0,009345794392523364485
3245;455165;0,009345794392523364485
3250;295;0,200000000000000000000
3250;5783;0,200000000000000000000
3250;7624;0,600000000000000000000
3251;59;0,560000000000000000000
3251;4089;0,200000000000000000000
3251;8281;0,040000000000000000000
3251;10892;0,160000000000000000000
3251;20474;0,040000000000000000000
3256;277;0,037037037037037037037
3256;613;0,037037037037037037037
3256;846;0,037037037037037037037
3256;1169;0,037037037037037037037
3256;1589;0,037037037037037037037
3256;3095;0,037037037037037037037
3256;4345;0,037037037037037037037
3256;5638;0,037037037037037037037
3256;8985;0,296296296296296296296
3256;18641;0,037037037037037037037
3256;24254;0,037037037037037037037
3256;27852;0,037037037037037037037
3256;41776;0,074074074074074074074
3256;189452;0,037037037037037037037
3256;666007;0,148148148148148148148
3256;789157;0,037037037037037037037
3260;527;0,090909090909090909090
3260;613;0,045454545454545454545
3260;669;0,090909090909090909090
3260;808;0,045454545454545454545
3260;1991;0,090909090909090909090
3260;2080;0,136363636363636363636
3260;2596;0,045454545454545454545
3260;3320;0,045454545454545454545
3260;5016;0,227272727272727272727
3260;5921;0,045454545454545454545
3260;9019;0,045454545454545454545
3260;9720;0,045454545454545454545
3260;17281;0,045454545454545454545
3265;1713;1,000000000000000000000
3268;512;0,250000000000000000000
3268;621;0,250000000000000000000
3268;1231;0,250000000000000000000
3268;9403;0,250000000000000000000
3269;2385;0,400000000000000000000
3269;2832;0,200000000000000000000
3269;6316;0,200000000000000000000
3269;9406;0,200000000000000000000
3271;1060;0,416666666666666666666
3271;2740;0,166666666666666666666
3271;5564;0,166666666666666666666
3271;533247;0,250000000000000000000
3278;4100;0,500000000000000000000
3278;10255;0,500000000000000000000
3284;1894;0,800000000000000000000
3284;3962;0,200000000000000000000
3293;163;0,166666666666666666666
3293;5643;0,333333333333333333333
3293;8928;0,500000000000000000000
3294;3293;1,000000000000000000000
3296;496;0,090909090909090909090
3296;497;0,060606060606060606060
3296;766;0,060606060606060606060
3296;1101;0,212121212121212121212
3296;2037;0,030303030303030303030
3296;2272;0,090909090909090909090
3296;2738;0,060606060606060606060
3296;3591;0,030303030303030303030
3296;5219;0,121212121212121212121
3296;5564;0,030303030303030303030
3296;9418;0,151515151515151515151
3296;10946;0,060606060606060606060
3301;119;0,096153846153846153846
3301;596;0,134615384615384615384
3301;2182;0,019230769230769230769
3301;3071;0,076923076923076923076
3301;3105;0,019230769230769230769
3301;3825;0,076923076923076923076
3301;5101;0,057692307692307692307
3301;5264;0,076923076923076923076
3301;6130;0,153846153846153846153
3301;8826;0,076923076923076923076
3301;9230;0,057692307692307692307
3301;12176;0,038461538461538461538
3301;276780;0,076923076923076923076
3301;331627;0,038461538461538461538
3304;545;0,444444444444444444444
3304;1514;0,111111111111111111111
3304;2080;0,111111111111111111111
3304;2438;0,111111111111111111111
3304;5506;0,111111111111111111111
3304;9159;0,111111111111111111111
3306;704;0,142857142857142857142
3306;777;0,142857142857142857142
3306;839;0,142857142857142857142
3306;937;0,142857142857142857142
3306;7095;0,142857142857142857142
3306;8928;0,142857142857142857142
3306;475686;0,142857142857142857142
3315;870;0,214285714285714285714
3315;1691;0,071428571428571428571
3315;4570;0,142857142857142857142
3315;6554;0,071428571428571428571
3315;9489;0,142857142857142857142
3315;15643;0,142857142857142857142
3315;21396;0,071428571428571428571
3315;27693;0,071428571428571428571
3315;931417;0,071428571428571428571
3318;349;0,046511627906976744186
3318;397;0,023255813953488372093
3318;399;0,023255813953488372093
3318;418;0,023255813953488372093
3318;504;0,023255813953488372093
3318;865;0,023255813953488372093
3318;945;0,023255813953488372093
3318;2467;0,046511627906976744186
3318;2569;0,046511627906976744186
3318;2822;0,069767441860465116279
3318;3667;0,023255813953488372093
3318;4145;0,023255813953488372093
3318;4278;0,023255813953488372093
3318;5617;0,023255813953488372093
3318;7095;0,186046511627906976744
3318;8109;0,023255813953488372093
3318;8750;0,023255813953488372093
3318;9288;0,069767441860465116279
3318;12850;0,046511627906976744186
3318;13704;0,046511627906976744186
3318;17282;0,023255813953488372093
3318;21112;0,023255813953488372093
3318;587053;0,046511627906976744186
3318;587057;0,069767441860465116279
3320;527;0,142857142857142857142
3320;613;0,142857142857142857142
3320;3811;0,142857142857142857142
3320;3877;0,142857142857142857142
3320;4379;0,142857142857142857142
3320;6349;0,142857142857142857142
3320;17248;0,142857142857142857142
3325;1234;0,666666666666666666666
3325;1340;0,333333333333333333333
3328;1667;1,000000000000000000000
3331;12964;1,000000000000000000000
3340;371;0,059139784946236559139
3340;468;0,021505376344086021505
3340;588;0,053763440860215053763
3340;855;0,005376344086021505376
3340;952;0,037634408602150537634
3340;1284;0,021505376344086021505
3340;1949;0,026881720430107526881
3340;2128;0,032258064516129032258
3340;2129;0,016129032258064516129
3340;2335;0,032258064516129032258
3340;2408;0,021505376344086021505
3340;2489;0,010752688172043010752
3340;2549;0,021505376344086021505
3340;2647;0,026881720430107526881
3340;2794;0,016129032258064516129
3340;2804;0,021505376344086021505
3340;3118;0,037634408602150537634
3340;3170;0,021505376344086021505
3340;3180;0,043010752688172043010
3340;3341;0,021505376344086021505
3340;3342;0,048387096774193548387
3340;3343;0,021505376344086021505
3340;3345;0,032258064516129032258
3340;3346;0,021505376344086021505
3340;3347;0,021505376344086021505
3340;3348;0,021505376344086021505
3340;3349;0,032258064516129032258
3340;3350;0,021505376344086021505
3340;3891;0,021505376344086021505
3340;3960;0,005376344086021505376
3340;4486;0,010752688172043010752
3340;5083;0,016129032258064516129
3340;5089;0,021505376344086021505
3340;5232;0,021505376344086021505
3340;5679;0,053763440860215053763
3340;7367;0,021505376344086021505
3340;9924;0,005376344086021505376
3340;9925;0,005376344086021505376
3340;26786;0,010752688172043010752
3340;28697;0,005376344086021505376
3340;28705;0,005376344086021505376
3340;28707;0,005376344086021505376
3340;37815;0,005376344086021505376
3340;336063;0,016129032258064516129
3342;3340;1,000000000000000000000
3344;2731;0,200000000000000000000
3344;7275;0,600000000000000000000
3344;7713;0,200000000000000000000
3345;588;1,000000000000000000000
3347;4976;1,000000000000000000000
3348;1162;1,000000000000000000000
3355;524;0,250000000000000000000
3355;2779;0,250000000000000000000
3355;3356;0,250000000000000000000
3355;7939;0,250000000000000000000
3356;524;0,500000000000000000000
3356;866;0,500000000000000000000
3359;289;0,010869565217391304347
3359;934;0,010869565217391304347
3359;1321;0,010869565217391304347
3359;1402;0,032608695652173913043
3359;1685;0,021739130434782608695
3359;1705;0,010869565217391304347
3359;1707;0,010869565217391304347
3359;1708;0,032608695652173913043
3359;1763;0,010869565217391304347
3359;1769;0,010869565217391304347
3359;2195;0,206521739130434782608
3359;2506;0,141304347826086956521
3359;3427;0,032608695652173913043
3359;3450;0,021739130434782608695
3359;4512;0,010869565217391304347
3359;5753;0,217391304347826086956
3359;5918;0,010869565217391304347
3359;7994;0,032608695652173913043
3359;8071;0,065217391304347826086
3359;10093;0,021739130434782608695
3359;11427;0,010869565217391304347
3359;17521;0,010869565217391304347
3359;28777;0,010869565217391304347
3359;140271;0,032608695652173913043
3359;529797;0,010869565217391304347
3360;288;0,333333333333333333333
3360;839;0,333333333333333333333
3360;878;0,333333333333333333333
3362;1135;0,066666666666666666666
3362;1340;0,200000000000000000000
3362;1894;0,133333333333333333333
3362;2664;0,066666666666666666666
3362;3671;0,200000000000000000000
3362;5360;0,066666666666666666666
3362;17208;0,066666666666666666666
3362;17269;0,200000000000000000000
3370;295;0,500000000000000000000
3370;12430;0,500000000000000000000
3381;283;0,272727272727272727272
3381;1513;0,090909090909090909090
3381;1520;0,181818181818181818181
3381;1591;0,090909090909090909090
3381;2714;0,272727272727272727272
3381;2741;0,090909090909090909090
3383;36;0,047619047619047619047
3383;196;0,380952380952380952380
3383;251;0,142857142857142857142
3383;284;0,047619047619047619047
3383;941;0,047619047619047619047
3383;1515;0,047619047619047619047
3383;1963;0,047619047619047619047
3383;4787;0,190476190476190476190
3383;355336;0,047619047619047619047
3392;698;0,111111111111111111111
3392;1278;0,222222222222222222222
3392;1814;0,333333333333333333333
3392;2087;0,222222222222222222222
3392;2472;0,111111111111111111111
3393;85;0,046153846153846153846
3393;122;0,076923076923076923076
3393;285;0,046153846153846153846
3393;625;0,076923076923076923076
3393;771;0,015384615384615384615
3393;845;0,169230769230769230769
3393;1180;0,030769230769230769230
3393;1235;0,123076923076923076923
3393;1277;0,046153846153846153846
3393;1278;0,015384615384615384615
3393;1556;0,015384615384615384615
3393;1637;0,015384615384615384615
3393;1967;0,015384615384615384615
3393;2330;0,046153846153846153846
3393;2472;0,015384615384615384615
3393;2741;0,015384615384615384615
3393;2852;0,015384615384615384615
3393;2990;0,046153846153846153846
3393;3838;0,046153846153846153846
3393;6723;0,092307692307692307692
3393;38589;0,015384615384615384615
3393;48255;0,015384615384615384615
3394;1574;0,250000000000000000000
3394;27763;0,250000000000000000000
3394;28661;0,250000000000000000000
3394;184646;0,250000000000000000000
3395;72;0,068181818181818181818
3395;131;0,045454545454545454545
3395;263;0,022727272727272727272
3395;441;0,022727272727272727272
3395;517;0,113636363636363636363
3395;829;0,045454545454545454545
3395;849;0,022727272727272727272
3395;855;0,022727272727272727272
3395;859;0,022727272727272727272
3395;1565;0,045454545454545454545
3395;2364;0,022727272727272727272
3395;2684;0,022727272727272727272
3395;4942;0,022727272727272727272
3395;5395;0,022727272727272727272
3395;5691;0,022727272727272727272
3395;13396;0,022727272727272727272
3395;20393;0,022727272727272727272
3395;20648;0,045454545454545454545
3395;20843;0,159090909090909090909
3395;27615;0,090909090909090909090
3395;29027;0,022727272727272727272
3395;431565;0,045454545454545454545
3395;474028;0,045454545454545454545
3399;1948;0,285714285714285714285
3399;2355;0,357142857142857142857
3399;3574;0,214285714285714285714
3399;4094;0,142857142857142857142
3401;266;0,090909090909090909090
3401;750;0,090909090909090909090
3401;3877;0,181818181818181818181
3401;4000;0,090909090909090909090
3401;6812;0,363636363636363636363
3401;17248;0,090909090909090909090
3401;343424;0,090909090909090909090
3403;2779;0,500000000000000000000
3403;6624;0,500000000000000000000
3408;1169;0,133333333333333333333
3408;1894;0,066666666666666666666
3408;4145;0,466666666666666666666
3408;12664;0,066666666666666666666
3408;66075;0,066666666666666666666
3408;119973;0,200000000000000000000
3411;28754;1,000000000000000000000
3414;911;0,049180327868852459016
3414;1286;0,016393442622950819672
3414;2147;0,016393442622950819672
3414;3142;0,016393442622950819672
3414;4262;0,836065573770491803278
3414;13369;0,049180327868852459016
3414;259831;0,016393442622950819672
3417;292;1,000000000000000000000
3418;183;0,285714285714285714285
3418;380;0,142857142857142857142
3418;4697;0,428571428571428571428
3418;8580;0,142857142857142857142
3420;731;0,022222222222222222222
3420;747;0,022222222222222222222
3420;1439;0,022222222222222222222
3420;1440;0,022222222222222222222
3420;3436;0,022222222222222222222
3420;5177;0,022222222222222222222
3420;7711;0,044444444444444444444
3420;10338;0,044444444444444444444
3420;11138;0,488888888888888888888
3420;22211;0,022222222222222222222
3420;27478;0,111111111111111111111
3420;28819;0,022222222222222222222
3420;75827;0,111111111111111111111
3420;357817;0,022222222222222222222
3426;507;0,333333333333333333333
3426;283635;0,666666666666666666666
3427;174;0,148936170212765957446
3427;277;0,010638297872340425531
3427;437;0,021276595744680851063
3427;700;0,010638297872340425531
3427;777;0,010638297872340425531
3427;812;0,010638297872340425531
3427;1036;0,010638297872340425531
3427;1064;0,053191489361702127659
3427;1432;0,010638297872340425531
3427;1454;0,085106382978723404255
3427;1562;0,010638297872340425531
3427;1563;0,063829787234042553191
3427;1629;0,010638297872340425531
3427;1681;0,010638297872340425531
3427;1691;0,010638297872340425531
3427;1696;0,010638297872340425531
3427;1698;0,010638297872340425531
3427;1703;0,010638297872340425531
3427;1708;0,010638297872340425531
3427;1766;0,010638297872340425531
3427;2254;0,021276595744680851063
3427;2506;0,010638297872340425531
3427;3359;0,031914893617021276595
3427;6413;0,042553191489361702127
3427;8212;0,085106382978723404255
3427;8213;0,095744680851063829787
3427;8590;0,010638297872340425531
3427;25861;0,010638297872340425531
3427;114536;0,159574468085106382978
3429;251;0,166666666666666666666
3429;279;0,166666666666666666666
3429;1889;0,333333333333333333333
3429;3045;0,166666666666666666666
3429;9258;0,166666666666666666666
3431;9309;1,000000000000000000000
3433;119;0,181818181818181818181
3433;1348;0,181818181818181818181
3433;1462;0,454545454545454545454
3433;12706;0,181818181818181818181
3443;80;0,083333333333333333333
3443;502;0,083333333333333333333
3443;668;0,166666666666666666666
3443;876;0,083333333333333333333
3443;1131;0,083333333333333333333
3443;1248;0,083333333333333333333
3443;2518;0,166666666666666666666
3443;3515;0,083333333333333333333
3443;3625;0,083333333333333333333
3443;321395;0,083333333333333333333
3446;1727;1,000000000000000000000
3449;403;0,125000000000000000000
3449;1840;0,125000000000000000000
3449;10341;0,125000000000000000000
3449;11734;0,500000000000000000000
3449;12563;0,125000000000000000000
3450;292;0,062500000000000000000
3450;527;0,093750000000000000000
3450;613;0,093750000000000000000
3450;808;0,031250000000000000000
3450;1004;0,031250000000000000000
3450;1588;0,031250000000000000000
3450;2596;0,031250000000000000000
3450;3256;0,031250000000000000000
3450;3260;0,031250000000000000000
3450;3359;0,062500000000000000000
3450;4108;0,062500000000000000000
3450;4307;0,031250000000000000000
3450;6349;0,031250000000000000000
3450;6892;0,031250000000000000000
3450;7571;0,031250000000000000000
3450;7572;0,031250000000000000000
3450;8350;0,031250000000000000000
3450;9019;0,093750000000000000000
3450;9720;0,031250000000000000000
3450;9722;0,031250000000000000000
3450;9723;0,031250000000000000000
3450;27848;0,031250000000000000000
3450;28763;0,031250000000000000000
3457;1068;0,250000000000000000000
3457;1457;0,250000000000000000000
3457;3458;0,500000000000000000000
3458;3457;0,500000000000000000000
3458;3694;0,500000000000000000000
3463;510;1,000000000000000000000
3465;945;0,166666666666666666666
3465;1606;0,166666666666666666666
3465;1894;0,166666666666666666666
3465;2467;0,166666666666666666666
3465;5175;0,166666666666666666666
3465;26354;0,166666666666666666666
3473;101;0,033333333333333333333
3473;248;0,033333333333333333333
3473;250;0,033333333333333333333
3473;251;0,033333333333333333333
3473;285;0,033333333333333333333
3473;737;0,033333333333333333333
3473;781;0,033333333333333333333
3473;861;0,033333333333333333333
3473;1520;0,033333333333333333333
3473;1570;0,033333333333333333333
3473;1591;0,033333333333333333333
3473;2139;0,033333333333333333333
3473;2252;0,033333333333333333333
3473;2379;0,066666666666666666666
3473;2398;0,033333333333333333333
3473;2515;0,033333333333333333333
3473;3045;0,033333333333333333333
3473;3234;0,033333333333333333333
3473;3381;0,033333333333333333333
3473;3870;0,033333333333333333333
3473;3871;0,033333333333333333333
3473;3872;0,033333333333333333333
3473;3873;0,033333333333333333333
3473;4187;0,033333333333333333333
3473;4376;0,033333333333333333333
3473;4613;0,033333333333333333333
3473;4787;0,033333333333333333333
3473;7334;0,033333333333333333333
3473;216172;0,033333333333333333333
3475;306994;1,000000000000000000000
3477;418;0,571428571428571428571
3477;1466;0,142857142857142857142
3477;1596;0,142857142857142857142
3477;14010;0,142857142857142857142
3485;615;0,500000000000000000000
3485;5042;0,500000000000000000000
3496;7;0,200000000000000000000
3496;1135;0,200000000000000000000
3496;3667;0,200000000000000000000
3496;283281;0,400000000000000000000
3499;3694;0,666666666666666666666
3499;12572;0,333333333333333333333
3500;848;0,200000000000000000000
3500;1923;0,400000000000000000000
3500;2117;0,200000000000000000000
3500;3015;0,200000000000000000000
3513;7975;0,200000000000000000000
3513;353698;0,800000000000000000000
3515;502;0,333333333333333333333
3515;668;0,166666666666666666666
3515;119973;0,166666666666666666666
3515;547708;0,333333333333333333333
3518;37;0,500000000000000000000
3518;38;0,250000000000000000000
3518;7215;0,250000000000000000000
3523;71;0,082191780821917808219
3523;135;0,006849315068493150684
3523;138;0,020547945205479452054
3523;194;0,006849315068493150684
3523;360;0,006849315068493150684
3523;529;0,068493150684931506849
3523;662;0,034246575342465753424
3523;695;0,061643835616438356164
3523;995;0,006849315068493150684
3523;1234;0,020547945205479452054
3523;1316;0,013698630136986301369
3523;1473;0,034246575342465753424
3523;1724;0,027397260273972602739
3523;1838;0,006849315068493150684
3523;1943;0,013698630136986301369
3523;1946;0,006849315068493150684
3523;2547;0,006849315068493150684
3523;3045;0,006849315068493150684
3523;3235;0,027397260273972602739
3523;4512;0,013698630136986301369
3523;4991;0,006849315068493150684
3523;9110;0,006849315068493150684
3523;9431;0,006849315068493150684
3523;10359;0,006849315068493150684
3523;12432;0,020547945205479452054
3523;12816;0,013698630136986301369
3523;59745;0,020547945205479452054
3523;63981;0,013698630136986301369
3523;78108;0,082191780821917808219
3523;98841;0,082191780821917808219
3523;131383;0,006849315068493150684
3523;366089;0,075342465753424657534
3523;906176;0,171232876712328767123
3523;940328;0,013698630136986301369
3528;42;0,250000000000000000000
3528;2302;0,250000000000000000000
3528;4890;0,125000000000000000000
3528;8489;0,125000000000000000000
3528;8786;0,125000000000000000000
3528;8787;0,125000000000000000000
3535;2586;0,500000000000000000000
3535;7650;0,500000000000000000000
3551;148;0,200000000000000000000
3551;1293;0,133333333333333333333
3551;4091;0,066666666666666666666
3551;5470;0,066666666666666666666
3551;6372;0,066666666666666666666
3551;8267;0,066666666666666666666
3551;8268;0,133333333333333333333
3551;9376;0,066666666666666666666
3551;20436;0,066666666666666666666
3551;393418;0,133333333333333333333
3560;388;0,666666666666666666666
3560;5125;0,333333333333333333333
3564;28109;1,000000000000000000000
3574;309;0,166666666666666666666
3574;1948;0,166666666666666666666
3574;4024;0,083333333333333333333
3574;4853;0,416666666666666666666
3574;5054;0,083333333333333333333
3574;9968;0,083333333333333333333
3575;2;0,004504504504504504504
3575;510;0,004504504504504504504
3575;546;0,004504504504504504504
3575;740;0,004504504504504504504
3575;1145;0,004504504504504504504
3575;1175;0,004504504504504504504
3575;1267;0,004504504504504504504
3575;1352;0,004504504504504504504
3575;1408;0,004504504504504504504
3575;1524;0,004504504504504504504
3575;1569;0,004504504504504504504
3575;1902;0,004504504504504504504
3575;1903;0,004504504504504504504
3575;1913;0,004504504504504504504
3575;2834;0,004504504504504504504
3575;3100;0,004504504504504504504
3575;3153;0,004504504504504504504
3575;3463;0,004504504504504504504
3575;3975;0,004504504504504504504
3575;3976;0,004504504504504504504
3575;4058;0,004504504504504504504
3575;4305;0,004504504504504504504
3575;4583;0,004504504504504504504
3575;4803;0,004504504504504504504
3575;4942;0,004504504504504504504
3575;5349;0,004504504504504504504
3575;5354;0,004504504504504504504
3575;5386;0,004504504504504504504
3575;5511;0,004504504504504504504
3575;5610;0,004504504504504504504
3575;5660;0,004504504504504504504
3575;5851;0,004504504504504504504
3575;5909;0,004504504504504504504
3575;5960;0,004504504504504504504
3575;6622;0,004504504504504504504
3575;7260;0,004504504504504504504
3575;7630;0,004504504504504504504
3575;8056;0,004504504504504504504
3575;8539;0,009009009009009009009
3575;8715;0,004504504504504504504
3575;8762;0,004504504504504504504
3575;8829;0,004504504504504504504
3575;8834;0,004504504504504504504
3575;8838;0,004504504504504504504
3575;8840;0,004504504504504504504
3575;8849;0,004504504504504504504
3575;8859;0,004504504504504504504
3575;8860;0,004504504504504504504
3575;8861;0,004504504504504504504
3575;9015;0,004504504504504504504
3575;9350;0,004504504504504504504
3575;9665;0,004504504504504504504
3575;9898;0,004504504504504504504
3575;10719;0,004504504504504504504
3575;10941;0,004504504504504504504
3575;11675;0,004504504504504504504
3575;12165;0,004504504504504504504
3575;12579;0,004504504504504504504
3575;12698;0,004504504504504504504
3575;12805;0,004504504504504504504
3575;13074;0,004504504504504504504
3575;13239;0,004504504504504504504
3575;13472;0,004504504504504504504
3575;13502;0,004504504504504504504
3575;13579;0,004504504504504504504
3575;13580;0,004504504504504504504
3575;13582;0,004504504504504504504
3575;13584;0,004504504504504504504
3575;13644;0,004504504504504504504
3575;13809;0,004504504504504504504
3575;14048;0,004504504504504504504
3575;14072;0,004504504504504504504
3575;14184;0,004504504504504504504
3575;14266;0,004504504504504504504
3575;14827;0,004504504504504504504
3575;16815;0,004504504504504504504
3575;16873;0,004504504504504504504
3575;16880;0,004504504504504504504
3575;17352;0,004504504504504504504
3575;18398;0,009009009009009009009
3575;19328;0,004504504504504504504
3575;19332;0,004504504504504504504
3575;19582;0,004504504504504504504
3575;19707;0,004504504504504504504
3575;20476;0,004504504504504504504
3575;20668;0,004504504504504504504
3575;21507;0,004504504504504504504
3575;22690;0,004504504504504504504
3575;23228;0,004504504504504504504
3575;23759;0,004504504504504504504
3575;25653;0,004504504504504504504
3575;26149;0,004504504504504504504
3575;26479;0,004504504504504504504
3575;27170;0,004504504504504504504
3575;27239;0,004504504504504504504
3575;27480;0,004504504504504504504
3575;27640;0,004504504504504504504
3575;27671;0,004504504504504504504
3575;27699;0,004504504504504504504
3575;27807;0,004504504504504504504
3575;27811;0,004504504504504504504
3575;27812;0,004504504504504504504
3575;27813;0,004504504504504504504
3575;27814;0,004504504504504504504
3575;27815;0,004504504504504504504
3575;27819;0,004504504504504504504
3575;27821;0,004504504504504504504
3575;27822;0,004504504504504504504
3575;27823;0,004504504504504504504
3575;27824;0,004504504504504504504
3575;27825;0,004504504504504504504
3575;27826;0,004504504504504504504
3575;27830;0,004504504504504504504
3575;27831;0,004504504504504504504
3575;27832;0,004504504504504504504
3575;27836;0,004504504504504504504
3575;27839;0,004504504504504504504
3575;27927;0,004504504504504504504
3575;27929;0,004504504504504504504
3575;27930;0,004504504504504504504
3575;27931;0,004504504504504504504
3575;27932;0,004504504504504504504
3575;27935;0,004504504504504504504
3575;27936;0,004504504504504504504
3575;27945;0,004504504504504504504
3575;27946;0,004504504504504504504
3575;27947;0,004504504504504504504
3575;27948;0,004504504504504504504
3575;27949;0,004504504504504504504
3575;27950;0,004504504504504504504
3575;27951;0,004504504504504504504
3575;27952;0,004504504504504504504
3575;27953;0,004504504504504504504
3575;27955;0,004504504504504504504
3575;27957;0,004504504504504504504
3575;27958;0,004504504504504504504
3575;27959;0,004504504504504504504
3575;27960;0,004504504504504504504
3575;27962;0,004504504504504504504
3575;27963;0,004504504504504504504
3575;27965;0,004504504504504504504
3575;27966;0,004504504504504504504
3575;27967;0,004504504504504504504
3575;27968;0,004504504504504504504
3575;27971;0,004504504504504504504
3575;27973;0,004504504504504504504
3575;27974;0,004504504504504504504
3575;27975;0,004504504504504504504
3575;27976;0,004504504504504504504
3575;27977;0,004504504504504504504
3575;27978;0,004504504504504504504
3575;27979;0,004504504504504504504
3575;27982;0,004504504504504504504
3575;27983;0,004504504504504504504
3575;27984;0,004504504504504504504
3575;27986;0,004504504504504504504
3575;27987;0,004504504504504504504
3575;27988;0,004504504504504504504
3575;27989;0,004504504504504504504
3575;27990;0,004504504504504504504
3575;27993;0,004504504504504504504
3575;27995;0,004504504504504504504
3575;27997;0,004504504504504504504
3575;27998;0,004504504504504504504
3575;27999;0,004504504504504504504
3575;28002;0,004504504504504504504
3575;28003;0,004504504504504504504
3575;28004;0,004504504504504504504
3575;28005;0,004504504504504504504
3575;28009;0,004504504504504504504
3575;28010;0,004504504504504504504
3575;28011;0,004504504504504504504
3575;28012;0,004504504504504504504
3575;28013;0,004504504504504504504
3575;28014;0,004504504504504504504
3575;28017;0,004504504504504504504
3575;28018;0,004504504504504504504
3575;28019;0,004504504504504504504
3575;28021;0,004504504504504504504
3575;28022;0,004504504504504504504
3575;28023;0,004504504504504504504
3575;28026;0,004504504504504504504
3575;28027;0,004504504504504504504
3575;28028;0,004504504504504504504
3575;28029;0,004504504504504504504
3575;28030;0,004504504504504504504
3575;28031;0,004504504504504504504
3575;28032;0,004504504504504504504
3575;28033;0,004504504504504504504
3575;28036;0,004504504504504504504
3575;28037;0,004504504504504504504
3575;28038;0,004504504504504504504
3575;28039;0,004504504504504504504
3575;28040;0,004504504504504504504
3575;28043;0,004504504504504504504
3575;28048;0,004504504504504504504
3575;28049;0,004504504504504504504
3575;28050;0,004504504504504504504
3575;28051;0,004504504504504504504
3575;28073;0,004504504504504504504
3575;28074;0,004504504504504504504
3575;28075;0,004504504504504504504
3575;28076;0,004504504504504504504
3575;28077;0,004504504504504504504
3575;28078;0,004504504504504504504
3575;28079;0,004504504504504504504
3575;28081;0,004504504504504504504
3575;28157;0,004504504504504504504
3575;28742;0,004504504504504504504
3575;28859;0,004504504504504504504
3575;28860;0,004504504504504504504
3575;28886;0,004504504504504504504
3575;28894;0,004504504504504504504
3575;28922;0,004504504504504504504
3575;28931;0,004504504504504504504
3575;28932;0,004504504504504504504
3575;28934;0,004504504504504504504
3575;28936;0,004504504504504504504
3575;28940;0,004504504504504504504
3575;103474;0,004504504504504504504
3585;4292;0,500000000000000000000
3585;5012;0,500000000000000000000
3586;3585;0,100000000000000000000
3586;3980;0,100000000000000000000
3586;5012;0,100000000000000000000
3586;5636;0,100000000000000000000
3586;7699;0,400000000000000000000
3586;13428;0,100000000000000000000
3586;248834;0,100000000000000000000
3587;35;0,333333333333333333333
3587;6169;0,666666666666666666666
3588;362;0,093023255813953488372
3588;525;0,069767441860465116279
3588;2491;0,046511627906976744186
3588;2652;0,069767441860465116279
3588;3587;0,046511627906976744186
3588;4219;0,651162790697674418604
3588;8466;0,023255813953488372093
3590;793;1,000000000000000000000
3591;14;0,052631578947368421052
3591;192;0,210526315789473684210
3591;466;0,052631578947368421052
3591;496;0,052631578947368421052
3591;1101;0,052631578947368421052
3591;1667;0,052631578947368421052
3591;2271;0,052631578947368421052
3591;2272;0,052631578947368421052
3591;3296;0,052631578947368421052
3591;5214;0,105263157894736842105
3591;5564;0,210526315789473684210
3591;7747;0,052631578947368421052
3601;285;0,083333333333333333333
3601;678;0,055555555555555555555
3601;787;0,055555555555555555555
3601;941;0,027777777777777777777
3601;980;0,083333333333333333333
3601;1310;0,055555555555555555555
3601;1547;0,055555555555555555555
3601;1583;0,027777777777777777777
3601;1868;0,055555555555555555555
3601;2514;0,055555555555555555555
3601;2515;0,055555555555555555555
3601;3005;0,055555555555555555555
3601;3234;0,027777777777777777777
3601;4881;0,083333333333333333333
3601;5174;0,055555555555555555555
3601;5289;0,055555555555555555555
3601;17549;0,027777777777777777777
3601;281170;0,083333333333333333333
3604;1173;0,500000000000000000000
3604;512469;0,500000000000000000000
3608;2291;0,043478260869565217391
3608;37812;0,956521739130434782608
3610;978;0,333333333333333333333
3610;1085;0,333333333333333333333
3610;1939;0,333333333333333333333
3615;392;0,333333333333333333333
3615;683;0,666666666666666666666
3618;271;0,142857142857142857142
3618;2678;0,142857142857142857142
3618;3158;0,285714285714285714285
3618;3978;0,428571428571428571428
3619;241;0,500000000000000000000
3619;2684;0,250000000000000000000
3619;4020;0,250000000000000000000
3625;80;0,032258064516129032258
3625;502;0,354838709677419354838
3625;668;0,129032258064516129032
3625;876;0,387096774193548387096
3625;1248;0,096774193548387096774
3633;1988;0,076923076923076923076
3633;2293;0,076923076923076923076
3633;2464;0,076923076923076923076
3633;3245;0,076923076923076923076
3633;3753;0,076923076923076923076
3633;3857;0,076923076923076923076
3633;4825;0,076923076923076923076
3633;5578;0,076923076923076923076
3633;283638;0,384615384615384615384
3637;1749;0,333333333333333333333
3637;4438;0,333333333333333333333
3637;252837;0,333333333333333333333
3648;1483;1,000000000000000000000
3656;1160;0,318181818181818181818
3656;1206;0,045454545454545454545
3656;1355;0,045454545454545454545
3656;3158;0,136363636363636363636
3656;6151;0,045454545454545454545
3656;6267;0,090909090909090909090
3656;41565;0,045454545454545454545
3656;283638;0,181818181818181818181
3656;353698;0,045454545454545454545
3656;365536;0,045454545454545454545
3665;4497;0,142857142857142857142
3665;5484;0,785714285714285714285
3665;744732;0,071428571428571428571
3667;3318;0,500000000000000000000
3667;119973;0,500000000000000000000
3671;621;0,250000000000000000000
3671;3362;0,500000000000000000000
3671;5360;0,250000000000000000000
3675;172;0,111111111111111111111
3675;822;0,222222222222222222222
3675;4424;0,111111111111111111111
3675;4471;0,111111111111111111111
3675;5918;0,111111111111111111111
3675;6413;0,111111111111111111111
3675;7015;0,222222222222222222222
3678;2800;1,000000000000000000000
3680;528;0,142857142857142857142
3680;622;0,214285714285714285714
3680;1940;0,071428571428571428571
3680;2046;0,142857142857142857142
3680;8156;0,071428571428571428571
3680;9391;0,142857142857142857142
3680;25849;0,071428571428571428571
3680;349041;0,142857142857142857142
3685;288;0,014705882352941176470
3685;568;0,014705882352941176470
3685;891;0,029411764705882352941
3685;1082;0,014705882352941176470
3685;1083;0,029411764705882352941
3685;1293;0,044117647058823529411
3685;2337;0,014705882352941176470
3685;2445;0,029411764705882352941
3685;2484;0,014705882352941176470
3685;5627;0,235294117647058823529
3685;5635;0,014705882352941176470
3685;8267;0,250000000000000000000
3685;8306;0,235294117647058823529
3685;8348;0,014705882352941176470
3685;8636;0,014705882352941176470
3685;15643;0,029411764705882352941
3697;1517;0,333333333333333333333
3697;2326;0,333333333333333333333
3697;12563;0,333333333333333333333
3701;285;0,500000000000000000000
3701;2510;0,500000000000000000000
3714;2779;1,000000000000000000000
3736;2064;1,000000000000000000000
3738;475;0,050000000000000000000
3738;521;0,150000000000000000000
3738;758;0,100000000000000000000
3738;761;0,250000000000000000000
3738;1315;0,150000000000000000000
3738;3108;0,100000000000000000000
3738;5666;0,150000000000000000000
3738;17276;0,050000000000000000000
3747;5408;0,666666666666666666666
3747;11890;0,333333333333333333333
3748;127;0,550000000000000000000
3748;4525;0,150000000000000000000
3748;5441;0,050000000000000000000
3748;6316;0,100000000000000000000
3748;325535;0,050000000000000000000
3748;327858;0,100000000000000000000
3753;96;0,085106382978723404255
3753;241;0,042553191489361702127
3753;249;0,106382978723404255319
3753;1364;0,319148936170212765957
3753;1988;0,021276595744680851063
3753;2461;0,042553191489361702127
3753;3245;0,021276595744680851063
3753;3857;0,042553191489361702127
3753;4825;0,085106382978723404255
3753;5578;0,212765957446808510638
3753;5626;0,021276595744680851063
3763;498;0,333333333333333333333
3763;6554;0,666666666666666666666
3766;1246;1,000000000000000000000
3768;1014;1,000000000000000000000
3779;5626;1,000000000000000000000
3781;4086;1,000000000000000000000
3791;571;0,428571428571428571428
3791;1600;0,428571428571428571428
3791;12362;0,142857142857142857142
3797;8516;1,000000000000000000000
3800;521;0,200000000000000000000
3800;1422;0,100000000000000000000
3800;4237;0,600000000000000000000
3800;8156;0,100000000000000000000
3802;190;0,013888888888888888888
3802;407;0,013888888888888888888
3802;520;0,013888888888888888888
3802;558;0,013888888888888888888
3802;876;0,013888888888888888888
3802;1035;0,013888888888888888888
3802;1196;0,013888888888888888888
3802;1234;0,013888888888888888888
3802;1262;0,027777777777777777777
3802;1277;0,027777777777777777777
3802;1340;0,027777777777777777777
3802;1939;0,027777777777777777777
3802;1949;0,069444444444444444444
3802;2099;0,013888888888888888888
3802;2445;0,250000000000000000000
3802;2657;0,083333333333333333333
3802;3763;0,013888888888888888888
3802;4078;0,041666666666666666666
3802;4552;0,013888888888888888888
3802;4638;0,013888888888888888888
3802;5071;0,027777777777777777777
3802;5679;0,069444444444444444444
3802;7015;0,013888888888888888888
3802;10188;0,013888888888888888888
3802;10926;0,027777777777777777777
3802;14733;0,013888888888888888888
3802;17267;0,013888888888888888888
3802;59745;0,069444444444444444444
3802;440509;0,013888888888888888888
3802;642255;0,013888888888888888888
3809;216;0,272727272727272727272
3809;294;0,090909090909090909090
3809;1010;0,136363636363636363636
3809;1018;0,045454545454545454545
3809;1293;0,045454545454545454545
3809;3551;0,045454545454545454545
3809;4421;0,136363636363636363636
3809;6991;0,045454545454545454545
3809;10523;0,045454545454545454545
3809;13504;0,090909090909090909090
3809;21512;0,045454545454545454545
3811;527;0,117647058823529411764
3811;612;0,058823529411764705882
3811;3320;0,117647058823529411764
3811;4307;0,352941176470588235294
3811;4345;0,235294117647058823529
3811;6812;0,058823529411764705882
3811;6913;0,058823529411764705882
3815;1864;1,000000000000000000000
3823;934;1,000000000000000000000
3825;1160;0,166666666666666666666
3825;1206;0,083333333333333333333
3825;2493;0,083333333333333333333
3825;2494;0,083333333333333333333
3825;3158;0,250000000000000000000
3825;3656;0,083333333333333333333
3825;5264;0,083333333333333333333
3825;6151;0,083333333333333333333
3825;119973;0,083333333333333333333
3827;66;0,187500000000000000000
3827;1556;0,500000000000000000000
3827;5681;0,062500000000000000000
3827;8000;0,187500000000000000000
3827;9481;0,062500000000000000000
3829;689;0,375000000000000000000
3829;774;0,125000000000000000000
3829;10658;0,125000000000000000000
3829;15471;0,375000000000000000000
3836;4;0,005747126436781609195
3836;37;0,005747126436781609195
3836;38;0,005747126436781609195
3836;179;0,008620689655172413793
3836;189;0,005747126436781609195
3836;216;0,005747126436781609195
3836;246;0,008620689655172413793
3836;271;0,005747126436781609195
3836;318;0,014367816091954022988
3836;460;0,008620689655172413793
3836;523;0,005747126436781609195
3836;545;0,005747126436781609195
3836;573;0,002873563218390804597
3836;609;0,005747126436781609195
3836;891;0,005747126436781609195
3836;1010;0,005747126436781609195
3836;1018;0,005747126436781609195
3836;1082;0,005747126436781609195
3836;1434;0,005747126436781609195
3836;1497;0,005747126436781609195
3836;1696;0,005747126436781609195
3836;1724;0,005747126436781609195
3836;1768;0,002873563218390804597
3836;1824;0,005747126436781609195
3836;1840;0,005747126436781609195
3836;1854;0,002873563218390804597
3836;1877;0,008620689655172413793
3836;1892;0,005747126436781609195
3836;1959;0,005747126436781609195
3836;2001;0,005747126436781609195
3836;2188;0,008620689655172413793
3836;2323;0,005747126436781609195
3836;2337;0,005747126436781609195
3836;2343;0,005747126436781609195
3836;2372;0,005747126436781609195
3836;2433;0,005747126436781609195
3836;2438;0,005747126436781609195
3836;2484;0,005747126436781609195
3836;2576;0,008620689655172413793
3836;2598;0,014367816091954022988
3836;2678;0,005747126436781609195
3836;2679;0,005747126436781609195
3836;3071;0,005747126436781609195
3836;3189;0,005747126436781609195
3836;3278;0,005747126436781609195
3836;3304;0,005747126436781609195
3836;3360;0,005747126436781609195
3836;3551;0,005747126436781609195
3836;3618;0,005747126436781609195
3836;3705;0,002873563218390804597
3836;3731;0,005747126436781609195
3836;3809;0,005747126436781609195
3836;3844;0,005747126436781609195
3836;3916;0,005747126436781609195
3836;3968;0,008620689655172413793
3836;3978;0,005747126436781609195
3836;3980;0,005747126436781609195
3836;4000;0,002873563218390804597
3836;4001;0,005747126436781609195
3836;4090;0,005747126436781609195
3836;4091;0,005747126436781609195
3836;4100;0,005747126436781609195
3836;4372;0,005747126436781609195
3836;4374;0,005747126436781609195
3836;4421;0,005747126436781609195
3836;4472;0,008620689655172413793
3836;4522;0,005747126436781609195
3836;4609;0,005747126436781609195
3836;4657;0,005747126436781609195
3836;4728;0,005747126436781609195
3836;4794;0,005747126436781609195
3836;4876;0,005747126436781609195
3836;4877;0,008620689655172413793
3836;5053;0,014367816091954022988
3836;5470;0,005747126436781609195
3836;5481;0,005747126436781609195
3836;5506;0,005747126436781609195
3836;5800;0,005747126436781609195
3836;5915;0,005747126436781609195
3836;6372;0,002873563218390804597
3836;6461;0,005747126436781609195
3836;6694;0,005747126436781609195
3836;6701;0,005747126436781609195
3836;6991;0,005747126436781609195
3836;7215;0,002873563218390804597
3836;7748;0,005747126436781609195
3836;7756;0,005747126436781609195
3836;7859;0,005747126436781609195
3836;7968;0,005747126436781609195
3836;8348;0,005747126436781609195
3836;8493;0,008620689655172413793
3836;8635;0,005747126436781609195
3836;8928;0,025862068965517241379
3836;9114;0,005747126436781609195
3836;9159;0,005747126436781609195
3836;9376;0,005747126436781609195
3836;9462;0,005747126436781609195
3836;9510;0,014367816091954022988
3836;9992;0,005747126436781609195
3836;10085;0,005747126436781609195
3836;10255;0,005747126436781609195
3836;10523;0,005747126436781609195
3836;10860;0,014367816091954022988
3836;11004;0,005747126436781609195
3836;11014;0,005747126436781609195
3836;11458;0,005747126436781609195
3836;11695;0,005747126436781609195
3836;11734;0,005747126436781609195
3836;12385;0,005747126436781609195
3836;13141;0,005747126436781609195
3836;13498;0,008620689655172413793
3836;13504;0,005747126436781609195
3836;13642;0,005747126436781609195
3836;13899;0,005747126436781609195
3836;14050;0,005747126436781609195
3836;14652;0,005747126436781609195
3836;15867;0,005747126436781609195
3836;15889;0,014367816091954022988
3836;17677;0,005747126436781609195
3836;17762;0,005747126436781609195
3836;17773;0,005747126436781609195
3836;18149;0,008620689655172413793
3836;18300;0,005747126436781609195
3836;18622;0,005747126436781609195
3836;19402;0,005747126436781609195
3836;20436;0,005747126436781609195
3836;20770;0,014367816091954022988
3836;21511;0,005747126436781609195
3836;21512;0,005747126436781609195
3836;21513;0,005747126436781609195
3836;21515;0,005747126436781609195
3836;21541;0,005747126436781609195
3836;21542;0,005747126436781609195
3836;23561;0,005747126436781609195
3836;23562;0,005747126436781609195
3836;23563;0,005747126436781609195
3836;23564;0,005747126436781609195
3836;26408;0,008620689655172413793
3836;27528;0,005747126436781609195
3836;28635;0,002873563218390804597
3836;28981;0,008620689655172413793
3836;76695;0,005747126436781609195
3836;119483;0,005747126436781609195
3836;135123;0,005747126436781609195
3836;157551;0,011494252873563218390
3836;331627;0,008620689655172413793
3836;365531;0,008620689655172413793
3836;365532;0,008620689655172413793
3836;365533;0,008620689655172413793
3836;365534;0,008620689655172413793
3836;365535;0,005747126436781609195
3836;365536;0,005747126436781609195
3836;368117;0,008620689655172413793
3838;241;0,105263157894736842105
3838;873;0,052631578947368421052
3838;2379;0,315789473684210526315
3838;3234;0,368421052631578947368
3838;3237;0,052631578947368421052
3838;3393;0,052631578947368421052
3838;8849;0,052631578947368421052
3842;853;0,014705882352941176470
3842;1459;0,044117647058823529411
3842;1963;0,397058823529411764705
3842;5010;0,205882352941176470588
3842;5037;0,117647058823529411764
3842;5245;0,014705882352941176470
3842;5392;0,014705882352941176470
3842;6433;0,014705882352941176470
3842;12441;0,029411764705882352941
3842;20984;0,029411764705882352941
3842;28699;0,073529411764705882352
3842;56282;0,029411764705882352941
3842;771300;0,014705882352941176470
3844;1293;0,066666666666666666666
3844;2678;0,066666666666666666666
3844;3508;0,800000000000000000000
3844;14683;0,066666666666666666666
3852;594;0,090909090909090909090
3852;1948;0,272727272727272727272
3852;2551;0,090909090909090909090
3852;3141;0,454545454545454545454
3852;6502;0,090909090909090909090
3857;96;0,416666666666666666666
3857;249;0,041666666666666666666
3857;860;0,041666666666666666666
3857;1364;0,083333333333333333333
3857;3158;0,041666666666666666666
3857;3245;0,041666666666666666666
3857;3633;0,041666666666666666666
3857;3753;0,041666666666666666666
3857;4825;0,083333333333333333333
3857;5578;0,041666666666666666666
3857;5628;0,083333333333333333333
3857;15048;0,041666666666666666666
3859;74;0,090909090909090909090
3859;689;0,272727272727272727272
3859;1406;0,090909090909090909090
3859;1503;0,090909090909090909090
3859;1522;0,090909090909090909090
3859;2559;0,090909090909090909090
3859;2591;0,090909090909090909090
3859;4179;0,090909090909090909090
3859;12936;0,090909090909090909090
3864;749;1,000000000000000000000
3867;96;0,125000000000000000000
3867;615;0,250000000000000000000
3867;861;0,125000000000000000000
3867;1814;0,125000000000000000000
3867;6634;0,375000000000000000000
3869;2474;0,250000000000000000000
3869;2523;0,250000000000000000000
3869;2716;0,250000000000000000000
3869;9350;0,250000000000000000000
3870;251;0,500000000000000000000
3870;937;0,500000000000000000000
3871;285;0,100000000000000000000
3871;360;0,100000000000000000000
3871;861;0,100000000000000000000
3871;1570;0,100000000000000000000
3871;9691;0,200000000000000000000
3871;11377;0,100000000000000000000
3871;11680;0,100000000000000000000
3871;23720;0,100000000000000000000
3871;608895;0,100000000000000000000
3872;268;0,111111111111111111111
3872;1855;0,111111111111111111111
3872;2515;0,111111111111111111111
3872;2517;0,055555555555555555555
3872;2523;0,222222222222222222222
3872;2761;0,055555555555555555555
3872;4187;0,111111111111111111111
3872;4337;0,055555555555555555555
3872;4376;0,055555555555555555555
3872;8095;0,055555555555555555555
3872;8630;0,055555555555555555555
3873;5167;1,000000000000000000000
3876;96;0,055555555555555555555
3876;2554;0,055555555555555555555
3876;2555;0,111111111111111111111
3876;3996;0,055555555555555555555
3876;5092;0,500000000000000000000
3876;5607;0,055555555555555555555
3876;24049;0,166666666666666666666
3877;39;0,181818181818181818181
3877;964;0,090909090909090909090
3877;988;0,090909090909090909090
3877;1092;0,045454545454545454545
3877;1949;0,045454545454545454545
3877;3256;0,045454545454545454545
3877;3260;0,136363636363636363636
3877;3548;0,045454545454545454545
3877;6349;0,045454545454545454545
3877;8985;0,045454545454545454545
3877;9722;0,045454545454545454545
3877;666007;0,181818181818181818181
3891;74;0,025000000000000000000
3891;201;0,025000000000000000000
3891;360;0,025000000000000000000
3891;652;0,050000000000000000000
3891;689;0,100000000000000000000
3891;844;0,100000000000000000000
3891;1864;0,025000000000000000000
3891;1949;0,025000000000000000000
3891;2015;0,125000000000000000000
3891;2335;0,025000000000000000000
3891;2794;0,025000000000000000000
3891;2825;0,025000000000000000000
3891;2884;0,075000000000000000000
3891;3091;0,025000000000000000000
3891;3340;0,025000000000000000000
3891;3508;0,025000000000000000000
3891;3567;0,025000000000000000000
3891;4355;0,025000000000000000000
3891;4476;0,025000000000000000000
3891;4486;0,025000000000000000000
3891;5493;0,025000000000000000000
3891;5613;0,050000000000000000000
3891;5626;0,025000000000000000000
3891;13158;0,025000000000000000000
3891;14683;0,025000000000000000000
3891;26566;0,025000000000000000000
3900;275;1,000000000000000000000
3911;1192;0,125000000000000000000
3911;2850;0,250000000000000000000
3911;4814;0,125000000000000000000
3911;4935;0,125000000000000000000
3911;5521;0,125000000000000000000
3911;24837;0,125000000000000000000
3911;343358;0,125000000000000000000
3916;1497;0,333333333333333333333
3916;3245;0,333333333333333333333
3916;9114;0,333333333333333333333
3944;266;0,571428571428571428571
3944;2383;0,071428571428571428571
3944;5681;0,071428571428571428571
3944;6913;0,142857142857142857142
3944;8648;0,142857142857142857142
3957;2206;0,333333333333333333333
3957;7418;0,666666666666666666666
3962;2467;0,277777777777777777777
3962;2569;0,055555555555555555555
3962;3176;0,166666666666666666666
3962;3178;0,222222222222222222222
3962;8109;0,055555555555555555555
3962;184987;0,222222222222222222222
3967;4386;1,000000000000000000000
3968;4;0,222222222222222222222
3968;1877;0,444444444444444444444
3968;2433;0,333333333333333333333
3971;1629;0,285714285714285714285
3971;1692;0,142857142857142857142
3971;1694;0,285714285714285714285
3971;2196;0,142857142857142857142
3971;4206;0,142857142857142857142
3975;2;0,066666666666666666666
3975;420;0,066666666666666666666
3975;1145;0,066666666666666666666
3975;4268;0,133333333333333333333
3975;4583;0,066666666666666666666
3975;5089;0,066666666666666666666
3975;5218;0,066666666666666666666
3975;13239;0,200000000000000000000
3975;27825;0,066666666666666666666
3975;28017;0,066666666666666666666
3975;727998;0,133333333333333333333
3978;288;0,250000000000000000000
3978;290;0,083333333333333333333
3978;2678;0,333333333333333333333
3978;3245;0,083333333333333333333
3978;3618;0,166666666666666666666
3978;7859;0,083333333333333333333
3980;3586;0,166666666666666666666
3980;3836;0,166666666666666666666
3980;4374;0,666666666666666666666
3983;2054;1,000000000000000000000
3985;163;0,500000000000000000000
3985;4427;0,500000000000000000000
3986;17269;1,000000000000000000000
3991;90;0,200000000000000000000
3991;1475;0,200000000000000000000
3991;5437;0,400000000000000000000
3991;18258;0,200000000000000000000
3992;802;0,500000000000000000000
3992;3234;0,500000000000000000000
3996;24;0,015151515151515151515
3996;475;0,121212121212121212121
3996;689;0,015151515151515151515
3996;835;0,106060606060606060606
3996;1152;0,015151515151515151515
3996;1276;0,015151515151515151515
3996;2355;0,060606060606060606060
3996;2414;0,030303030303030303030
3996;2479;0,030303030303030303030
3996;2487;0,015151515151515151515
3996;2802;0,045454545454545454545
3996;3141;0,075757575757575757575
3996;3852;0,015151515151515151515
3996;3876;0,015151515151515151515
3996;4159;0,015151515151515151515
3996;4853;0,015151515151515151515
3996;5338;0,015151515151515151515
3996;6027;0,121212121212121212121
3996;6045;0,045454545454545454545
3996;6501;0,015151515151515151515
3996;6504;0,030303030303030303030
3996;9968;0,015151515151515151515
3996;74617;0,030303030303030303030
3996;499117;0,090909090909090909090
3996;608895;0,015151515151515151515
3996;960642;0,015151515151515151515
3998;621;0,176470588235294117647
3998;1121;0,058823529411764705882
3998;1122;0,117647058823529411764
3998;2504;0,058823529411764705882
3998;3085;0,058823529411764705882
3998;3204;0,117647058823529411764
3998;3269;0,235294117647058823529
3998;5691;0,058823529411764705882
3998;6316;0,058823529411764705882
3998;587057;0,058823529411764705882
3999;4786;1,000000000000000000000
4000;1293;0,166666666666666666666
4000;3401;0,166666666666666666666
4000;4877;0,333333333333333333333
4000;11695;0,166666666666666666666
4000;257273;0,166666666666666666666
4001;28657;1,000000000000000000000
4004;306;0,083333333333333333333
4004;689;0,250000000000000000000
4004;727;0,166666666666666666666
4004;2851;0,083333333333333333333
4004;5493;0,083333333333333333333
4004;9360;0,083333333333333333333
4004;59745;0,083333333333333333333
4004;98841;0,083333333333333333333
4004;284852;0,083333333333333333333
4020;54;0,061728395061728395061
4020;71;0,012345679012345679012
4020;72;0,012345679012345679012
4020;135;0,024691358024691358024
4020;352;0,012345679012345679012
4020;360;0,012345679012345679012
4020;678;0,024691358024691358024
4020;851;0,012345679012345679012
4020;1225;0,074074074074074074074
4020;1278;0,012345679012345679012
4020;1316;0,074074074074074074074
4020;1391;0,012345679012345679012
4020;1526;0,024691358024691358024
4020;1724;0,024691358024691358024
4020;1942;0,012345679012345679012
4020;1967;0,012345679012345679012
4020;2237;0,012345679012345679012
4020;2561;0,012345679012345679012
4020;2798;0,024691358024691358024
4020;2991;0,098765432098765432098
4020;3189;0,012345679012345679012
4020;3235;0,049382716049382716049
4020;3619;0,012345679012345679012
4020;4530;0,012345679012345679012
4020;5679;0,123456790123456790123
4020;6723;0,049382716049382716049
4020;7577;0,012345679012345679012
4020;8163;0,061728395061728395061
4020;12432;0,012345679012345679012
4020;12816;0,061728395061728395061
4020;29081;0,012345679012345679012
4020;219164;0,012345679012345679012
4021;275;1,000000000000000000000
4024;71;0,500000000000000000000
4024;1231;0,166666666666666666666
4024;6505;0,333333333333333333333
4039;173893;1,000000000000000000000
4041;1891;1,000000000000000000000
4052;131;0,250000000000000000000
4052;420;0,250000000000000000000
4052;12817;0,250000000000000000000
4052;219164;0,250000000000000000000
4058;5637;1,000000000000000000000
4059;995;0,052631578947368421052
4059;1196;0,578947368421052631578
4059;2512;0,052631578947368421052
4059;3776;0,157894736842105263157
4059;4699;0,052631578947368421052
4059;8225;0,105263157894736842105
4064;2223;1,000000000000000000000
4070;2017;0,333333333333333333333
4070;5564;0,333333333333333333333
4070;9391;0,333333333333333333333
4078;120;0,045454545454545454545
4078;410;0,045454545454545454545
4078;414;0,136363636363636363636
4078;805;0,090909090909090909090
4078;1727;0,136363636363636363636
4078;2140;0,090909090909090909090
4078;3802;0,090909090909090909090
4078;5071;0,045454545454545454545
4078;6000;0,045454545454545454545
4078;8566;0,045454545454545454545
4078;8641;0,045454545454545454545
4078;59745;0,045454545454545454545
4078;499117;0,136363636363636363636
4080;96;0,176470588235294117647
4080;101;0,117647058823529411764
4080;267;0,058823529411764705882
4080;283;0,117647058823529411764
4080;1271;0,058823529411764705882
4080;1513;0,058823529411764705882
4080;2139;0,058823529411764705882
4080;2472;0,117647058823529411764
4080;4081;0,058823529411764705882
4080;4825;0,058823529411764705882
4080;8489;0,058823529411764705882
4080;10175;0,058823529411764705882
4081;1965;0,250000000000000000000
4081;3441;0,250000000000000000000
4081;10175;0,500000000000000000000
4086;22;0,333333333333333333333
4086;5167;0,333333333333333333333
4086;8090;0,333333333333333333333
4089;420;0,111111111111111111111
4089;3250;0,555555555555555555555
4089;3251;0,333333333333333333333
4090;1293;0,333333333333333333333
4090;4877;0,333333333333333333333
4090;7748;0,333333333333333333333
4091;148;0,400000000000000000000
4091;609;0,200000000000000000000
4091;8229;0,200000000000000000000
4091;257273;0,200000000000000000000
4094;330;0,266666666666666666666
4094;3399;0,400000000000000000000
4094;5338;0,066666666666666666666
4094;9998;0,066666666666666666666
4094;21734;0,066666666666666666666
4094;427467;0,133333333333333333333
4099;839;0,333333333333333333333
4099;1498;0,666666666666666666666
4100;568;0,400000000000000000000
4100;2543;0,200000000000000000000
4100;4522;0,200000000000000000000
4100;393418;0,200000000000000000000
4102;5061;1,000000000000000000000
4108;183;0,125000000000000000000
4108;527;0,125000000000000000000
4108;3320;0,250000000000000000000
4108;4205;0,250000000000000000000
4108;6349;0,125000000000000000000
4108;16076;0,125000000000000000000
4117;251;0,250000000000000000000
4117;1520;0,500000000000000000000
4117;2510;0,250000000000000000000
4132;863;0,400000000000000000000
4132;9367;0,600000000000000000000
4145;80;0,028301886792452830188
4145;2175;0,264150943396226415094
4145;3178;0,047169811320754716981
4145;3318;0,009433962264150943396
4145;3408;0,066037735849056603773
4145;7072;0,037735849056603773584
4145;7095;0,037735849056603773584
4145;9288;0,009433962264150943396
4145;65998;0,292452830188679245283
4145;66075;0,188679245283018867924
4145;119973;0,018867924528301886792
4146;77;0,011111111111111111111
4146;521;0,011111111111111111111
4146;529;0,011111111111111111111
4146;1122;0,011111111111111111111
4146;1150;0,011111111111111111111
4146;1473;0,011111111111111111111
4146;1971;0,011111111111111111111
4146;2027;0,011111111111111111111
4146;2046;0,011111111111111111111
4146;2054;0,011111111111111111111
4146;2059;0,011111111111111111111
4146;2150;0,011111111111111111111
4146;3680;0,011111111111111111111
4146;4237;0,011111111111111111111
4146;4271;0,033333333333333333333
4146;4414;0,055555555555555555555
4146;5487;0,011111111111111111111
4146;5557;0,011111111111111111111
4146;6320;0,011111111111111111111
4146;7747;0,066666666666666666666
4146;8156;0,011111111111111111111
4146;8623;0,011111111111111111111
4146;9110;0,011111111111111111111
4146;9390;0,011111111111111111111
4146;9391;0,011111111111111111111
4146;9399;0,011111111111111111111
4146;9400;0,011111111111111111111
4146;9417;0,011111111111111111111
4146;17530;0,011111111111111111111
4146;18251;0,011111111111111111111
4146;25849;0,011111111111111111111
4146;28250;0,433333333333333333333
4146;28264;0,088888888888888888888
4146;28277;0,011111111111111111111
4147;846;0,012048192771084337349
4147;965;0,024096385542168674698
4147;1066;0,012048192771084337349
4147;2146;0,325301204819277108433
4147;2147;0,012048192771084337349
4147;2697;0,325301204819277108433
4147;3085;0,084337349397590361445
4147;533247;0,204819277108433734939
4148;178;0,230769230769230769230
4148;447;0,076923076923076923076
4148;1065;0,076923076923076923076
4148;4699;0,076923076923076923076
4148;5000;0,076923076923076923076
4148;7126;0,076923076923076923076
4148;10337;0,153846153846153846153
4148;239964;0,230769230769230769230
4159;71;0,065573770491803278688
4159;644;0,049180327868852459016
4159;890;0,032786885245901639344
4159;1152;0,016393442622950819672
4159;1171;0,049180327868852459016
4159;1231;0,016393442622950819672
4159;1496;0,016393442622950819672
4159;1657;0,049180327868852459016
4159;1840;0,049180327868852459016
4159;1948;0,032786885245901639344
4159;2803;0,049180327868852459016
4159;2995;0,081967213114754098360
4159;3098;0,049180327868852459016
4159;3123;0,016393442622950819672
4159;4024;0,016393442622950819672
4159;4501;0,049180327868852459016
4159;5136;0,016393442622950819672
4159;5338;0,032786885245901639344
4159;5638;0,016393442622950819672
4159;6496;0,081967213114754098360
4159;6497;0,032786885245901639344
4159;6501;0,016393442622950819672
4159;6523;0,049180327868852459016
4159;6527;0,016393442622950819672
4159;7597;0,049180327868852459016
4159;37183;0,049180327868852459016
4172;433;0,050000000000000000000
4172;1462;0,100000000000000000000
4172;1695;0,050000000000000000000
4172;1892;0,150000000000000000000
4172;1942;0,050000000000000000000
4172;2007;0,050000000000000000000
4172;3471;0,100000000000000000000
4172;8805;0,150000000000000000000
4172;12706;0,150000000000000000000
4172;14733;0,050000000000000000000
4172;283638;0,100000000000000000000
4173;111;0,034482758620689655172
4173;281;0,034482758620689655172
4173;452;0,034482758620689655172
4173;530;0,051724137931034482758
4173;531;0,068965517241379310344
4173;668;0,086206896551724137931
4173;719;0,034482758620689655172
4173;754;0,068965517241379310344
4173;819;0,034482758620689655172
4173;876;0,034482758620689655172
4173;933;0,034482758620689655172
4173;1025;0,034482758620689655172
4173;1129;0,034482758620689655172
4173;1130;0,034482758620689655172
4173;1370;0,034482758620689655172
4173;1391;0,034482758620689655172
4173;1647;0,034482758620689655172
4173;507180;0,137931034482758620689
4173;642255;0,034482758620689655172
4173;665791;0,068965517241379310344
4173;693032;0,034482758620689655172
4179;74;0,222222222222222222222
4179;689;0,111111111111111111111
4179;1503;0,111111111111111111111
4179;2591;0,111111111111111111111
4179;3096;0,111111111111111111111
4179;3859;0,111111111111111111111
4179;4384;0,111111111111111111111
4179;671388;0,111111111111111111111
4187;241;0,166666666666666666666
4187;267;0,041666666666666666666
4187;274;0,041666666666666666666
4187;455;0,083333333333333333333
4187;1221;0,041666666666666666666
4187;1499;0,041666666666666666666
4187;2436;0,125000000000000000000
4187;3105;0,041666666666666666666
4187;3872;0,041666666666666666666
4187;3992;0,041666666666666666666
4187;4020;0,083333333333333333333
4187;4337;0,083333333333333333333
4187;6007;0,041666666666666666666
4187;6008;0,041666666666666666666
4187;9330;0,041666666666666666666
4187;281067;0,041666666666666666666
4197;2823;1,000000000000000000000
4205;3320;0,333333333333333333333
4205;4108;0,333333333333333333333
4205;59745;0,333333333333333333333
4213;251;0,333333333333333333333
4213;284;0,111111111111111111111
4213;1515;0,111111111111111111111
4213;4398;0,333333333333333333333
4213;10020;0,111111111111111111111
4215;334;0,307692307692307692307
4215;2396;0,230769230769230769230
4215;3029;0,076923076923076923076
4215;4621;0,384615384615384615384
4225;240;0,010000000000000000000
4225;266;0,010000000000000000000
4225;385;0,010000000000000000000
4225;520;0,060000000000000000000
4225;613;0,030000000000000000000
4225;689;0,010000000000000000000
4225;761;0,190000000000000000000
4225;793;0,020000000000000000000
4225;1182;0,010000000000000000000
4225;1227;0,080000000000000000000
4225;1778;0,030000000000000000000
4225;1848;0,010000000000000000000
4225;2374;0,180000000000000000000
4225;4228;0,010000000000000000000
4225;4307;0,010000000000000000000
4225;4345;0,030000000000000000000
4225;4379;0,010000000000000000000
4225;4622;0,040000000000000000000
4225;5603;0,050000000000000000000
4225;5935;0,020000000000000000000
4225;6048;0,070000000000000000000
4225;7578;0,010000000000000000000
4225;8156;0,010000000000000000000
4225;8440;0,010000000000000000000
4225;8460;0,020000000000000000000
4225;8465;0,010000000000000000000
4225;8513;0,010000000000000000000
4225;9722;0,020000000000000000000
4225;160268;0,020000000000000000000
4228;793;0,555555555555555555555
4228;1554;0,111111111111111111111
4228;1845;0,333333333333333333333
4229;642;1,000000000000000000000
4237;2435;0,090909090909090909090
4237;3800;0,454545454545454545454
4237;8440;0,181818181818181818181
4237;41565;0,090909090909090909090
4237;283639;0,090909090909090909090
4237;352420;0,090909090909090909090
4240;1567;0,100000000000000000000
4240;1744;0,100000000000000000000
4240;8723;0,700000000000000000000
4240;474028;0,100000000000000000000
4244;2184;0,428571428571428571428
4244;2792;0,428571428571428571428
4244;11330;0,142857142857142857142
4245;1561;0,133333333333333333333
4245;1608;0,066666666666666666666
4245;1700;0,666666666666666666666
4245;17549;0,066666666666666666666
4245;48862;0,066666666666666666666
4247;689;0,500000000000000000000
4247;4751;0,500000000000000000000
4257;727;0,571428571428571428571
4257;885;0,142857142857142857142
4257;2851;0,285714285714285714285
4262;911;0,097222222222222222222
4262;3142;0,013888888888888888888
4262;3414;0,652777777777777777777
4262;4491;0,083333333333333333333
4262;6472;0,041666666666666666666
4262;9184;0,055555555555555555555
4262;259831;0,027777777777777777777
4262;659902;0,027777777777777777777
4268;61;0,055555555555555555555
4268;115;0,027777777777777777777
4268;477;0,083333333333333333333
4268;547;0,083333333333333333333
4268;1180;0,027777777777777777777
4268;1949;0,027777777777777777777
4268;2200;0,083333333333333333333
4268;3975;0,055555555555555555555
4268;4021;0,083333333333333333333
4268;4269;0,027777777777777777777
4268;4935;0,083333333333333333333
4268;5350;0,083333333333333333333
4268;6749;0,055555555555555555555
4268;11415;0,083333333333333333333
4268;13141;0,027777777777777777777
4268;28780;0,027777777777777777777
4268;343424;0,083333333333333333333
4269;4268;0,500000000000000000000
4269;4861;0,500000000000000000000
4271;3500;0,666666666666666666666
4271;53012;0,333333333333333333333
4278;351;0,090909090909090909090
4278;411;0,090909090909090909090
4278;538;0,090909090909090909090
4278;1340;0,090909090909090909090
4278;1850;0,272727272727272727272
4278;7975;0,090909090909090909090
4278;119973;0,090909090909090909090
4278;434991;0,181818181818181818181
4280;492;0,166666666666666666666
4280;1066;0,055555555555555555555
4280;1286;0,055555555555555555555
4280;4281;0,611111111111111111111
4280;18247;0,055555555555555555555
4280;20969;0,055555555555555555555
4281;190;0,062500000000000000000
4281;1234;0,062500000000000000000
4281;3085;0,062500000000000000000
4281;4280;0,125000000000000000000
4281;5367;0,312500000000000000000
4281;5691;0,125000000000000000000
4281;8500;0,062500000000000000000
4281;10080;0,125000000000000000000
4281;533247;0,062500000000000000000
4283;768;0,125000000000000000000
4283;2609;0,125000000000000000000
4283;4299;0,125000000000000000000
4283;4449;0,125000000000000000000
4283;4454;0,125000000000000000000
4283;4471;0,125000000000000000000
4283;8928;0,250000000000000000000
4299;163;0,285714285714285714285
4299;4424;0,142857142857142857142
4299;4435;0,142857142857142857142
4299;4465;0,142857142857142857142
4299;4475;0,285714285714285714285
4306;4160;0,500000000000000000000
4306;6511;0,500000000000000000000
4307;527;0,060000000000000000000
4307;613;0,340000000000000000000
4307;3450;0,020000000000000000000
4307;3811;0,120000000000000000000
4307;4225;0,020000000000000000000
4307;4345;0,140000000000000000000
4307;4681;0,020000000000000000000
4307;5093;0,160000000000000000000
4307;6913;0,060000000000000000000
4307;9762;0,040000000000000000000
4307;22123;0,020000000000000000000
4309;2851;0,250000000000000000000
4309;5329;0,250000000000000000000
4309;5613;0,250000000000000000000
4309;7717;0,250000000000000000000
4313;11;0,105263157894736842105
4313;194;0,052631578947368421052
4313;249;0,315789473684210526315
4313;251;0,052631578947368421052
4313;283;0,052631578947368421052
4313;472;0,157894736842105263157
4313;1515;0,052631578947368421052
4313;4927;0,052631578947368421052
4313;8095;0,105263157894736842105
4313;27674;0,052631578947368421052
4317;5679;1,000000000000000000000
4323;1988;1,000000000000000000000
4334;689;0,058823529411764705882
4334;1100;0,058823529411764705882
4334;1729;0,117647058823529411764
4334;2865;0,058823529411764705882
4334;5163;0,176470588235294117647
4334;5682;0,235294117647058823529
4334;12428;0,058823529411764705882
4334;12769;0,058823529411764705882
4334;13622;0,058823529411764705882
4334;13623;0,058823529411764705882
4334;16649;0,058823529411764705882
4337;3381;0,666666666666666666666
4337;3872;0,333333333333333333333
4345;266;0,074074074074074074074
4345;428;0,148148148148148148148
4345;527;0,111111111111111111111
4345;1234;0,037037037037037037037
4345;1997;0,037037037037037037037
4345;3088;0,037037037037037037037
4345;3089;0,037037037037037037037
4345;3256;0,037037037037037037037
4345;3811;0,074074074074074074074
4345;3877;0,037037037037037037037
4345;4225;0,037037037037037037037
4345;4307;0,111111111111111111111
4345;5603;0,037037037037037037037
4345;6913;0,037037037037037037037
4345;6915;0,074074074074074074074
4345;22123;0,074074074074074074074
4355;727;0,120000000000000000000
4355;855;0,040000000000000000000
4355;1307;0,120000000000000000000
4355;1843;0,120000000000000000000
4355;1864;0,040000000000000000000
4355;2484;0,120000000000000000000
4355;2794;0,040000000000000000000
4355;2825;0,040000000000000000000
4355;3891;0,120000000000000000000
4355;5089;0,040000000000000000000
4355;5329;0,040000000000000000000
4355;5493;0,040000000000000000000
4355;17620;0,040000000000000000000
4355;23930;0,040000000000000000000
4355;81648;0,040000000000000000000
4359;2512;1,000000000000000000000
4361;17;0,250000000000000000000
4361;265;0,250000000000000000000
4361;422;0,250000000000000000000
4361;2578;0,125000000000000000000
4361;10926;0,125000000000000000000
4364;1667;0,500000000000000000000
4364;2272;0,500000000000000000000
4376;101;0,006134969325153374233
4376;226;0,006134969325153374233
4376;241;0,006134969325153374233
4376;248;0,012269938650306748466
4376;250;0,012269938650306748466
4376;251;0,012269938650306748466
4376;267;0,006134969325153374233
4376;274;0,006134969325153374233
4376;279;0,006134969325153374233
4376;284;0,006134969325153374233
4376;285;0,006134969325153374233
4376;455;0,006134969325153374233
4376;678;0,006134969325153374233
4376;698;0,006134969325153374233
4376;737;0,006134969325153374233
4376;781;0,006134969325153374233
4376;787;0,006134969325153374233
4376;802;0,006134969325153374233
4376;861;0,030674846625766871165
4376;873;0,006134969325153374233
4376;912;0,006134969325153374233
4376;1149;0,006134969325153374233
4376;1271;0,006134969325153374233
4376;1448;0,018404907975460122699
4376;1499;0,006134969325153374233
4376;1513;0,012269938650306748466
4376;1515;0,006134969325153374233
4376;1520;0,006134969325153374233
4376;1547;0,006134969325153374233
4376;1570;0,006134969325153374233
4376;1583;0,006134969325153374233
4376;1591;0,006134969325153374233
4376;1710;0,006134969325153374233
4376;1741;0,006134969325153374233
4376;1814;0,024539877300613496932
4376;1827;0,110429447852760736196
4376;2009;0,006134969325153374233
4376;2087;0,006134969325153374233
4376;2139;0,012269938650306748466
4376;2252;0,012269938650306748466
4376;2379;0,006134969325153374233
4376;2455;0,006134969325153374233
4376;2472;0,006134969325153374233
4376;2474;0,006134969325153374233
4376;2510;0,006134969325153374233
4376;2515;0,012269938650306748466
4376;2523;0,006134969325153374233
4376;2655;0,006134969325153374233
4376;2661;0,006134969325153374233
4376;2706;0,006134969325153374233
4376;2713;0,006134969325153374233
4376;2714;0,006134969325153374233
4376;2716;0,006134969325153374233
4376;2990;0,018404907975460122699
4376;3045;0,012269938650306748466
4376;3103;0,006134969325153374233
4376;3161;0,018404907975460122699
4376;3234;0,006134969325153374233
4376;3381;0,006134969325153374233
4376;3383;0,006134969325153374233
4376;3392;0,012269938650306748466
4376;3429;0,006134969325153374233
4376;3459;0,006134969325153374233
4376;3473;0,006134969325153374233
4376;3500;0,006134969325153374233
4376;3601;0,006134969325153374233
4376;3619;0,006134969325153374233
4376;3701;0,006134969325153374233
4376;3838;0,006134969325153374233
4376;3866;0,006134969325153374233
4376;3867;0,012269938650306748466
4376;3869;0,012269938650306748466
4376;3870;0,006134969325153374233
4376;3871;0,006134969325153374233
4376;3872;0,006134969325153374233
4376;3873;0,006134969325153374233
4376;3992;0,006134969325153374233
4376;4117;0,006134969325153374233
4376;4187;0,012269938650306748466
4376;4213;0,006134969325153374233
4376;4313;0,006134969325153374233
4376;4337;0,012269938650306748466
4376;4398;0,006134969325153374233
4376;4592;0,006134969325153374233
4376;4613;0,006134969325153374233
4376;4787;0,006134969325153374233
4376;5430;0,006134969325153374233
4376;6007;0,006134969325153374233
4376;6008;0,006134969325153374233
4376;6105;0,012269938650306748466
4376;6347;0,006134969325153374233
4376;7160;0,006134969325153374233
4376;7334;0,006134969325153374233
4376;8095;0,006134969325153374233
4376;8630;0,006134969325153374233
4376;9212;0,006134969325153374233
4376;9258;0,006134969325153374233
4376;9330;0,006134969325153374233
4376;9514;0,006134969325153374233
4376;10018;0,006134969325153374233
4376;10019;0,006134969325153374233
4376;10020;0,006134969325153374233
4376;10021;0,006134969325153374233
4376;10197;0,006134969325153374233
4376;10595;0,006134969325153374233
4376;11680;0,006134969325153374233
4376;12907;0,006134969325153374233
4376;13294;0,006134969325153374233
4376;13669;0,006134969325153374233
4376;13670;0,006134969325153374233
4376;13671;0,006134969325153374233
4376;13673;0,006134969325153374233
4376;13675;0,006134969325153374233
4376;13676;0,006134969325153374233
4376;17388;0,006134969325153374233
4376;23646;0,006134969325153374233
4376;189452;0,006134969325153374233
4376;216172;0,006134969325153374233
4376;219132;0,006134969325153374233
4377;547;0,500000000000000000000
4377;5528;0,500000000000000000000
4380;9386;1,000000000000000000000
4384;4179;0,083333333333333333333
4384;380454;0,250000000000000000000
4384;494193;0,666666666666666666666
4386;1632;0,333333333333333333333
4386;3967;0,333333333333333333333
4386;8902;0,333333333333333333333
4398;226;0,034482758620689655172
4398;251;0,137931034482758620689
4398;861;0,034482758620689655172
4398;1515;0,034482758620689655172
4398;2390;0,068965517241379310344
4398;3429;0,034482758620689655172
4398;4213;0,068965517241379310344
4398;4592;0,551724137931034482758
4398;9514;0,034482758620689655172
4421;216;0,157894736842105263157
4421;1018;0,052631578947368421052
4421;3809;0,052631578947368421052
4421;4091;0,052631578947368421052
4421;4991;0,052631578947368421052
4421;5013;0,105263157894736842105
4421;5470;0,473684210526315789473
4421;18300;0,052631578947368421052
4424;17;0,009913258983890954151
4424;69;0,009913258983890954151
4424;104;0,009913258983890954151
4424;163;0,009913258983890954151
4424;172;0,009913258983890954151
4424;265;0,009913258983890954151
4424;303;0,009913258983890954151
4424;422;0,009913258983890954151
4424;469;0,009913258983890954151
4424;768;0,009913258983890954151
4424;772;0,009913258983890954151
4424;777;0,009913258983890954151
4424;822;0,009913258983890954151
4424;839;0,009913258983890954151
4424;1054;0,009913258983890954151
4424;1076;0,009913258983890954151
4424;1379;0,009913258983890954151
4424;1427;0,009913258983890954151
4424;1476;0,009913258983890954151
4424;1498;0,009913258983890954151
4424;1535;0,009913258983890954151
4424;1597;0,009913258983890954151
4424;1598;0,009913258983890954151
4424;1613;0,009913258983890954151
4424;1717;0,009913258983890954151
4424;1915;0,009913258983890954151
4424;1991;0,009913258983890954151
4424;2239;0,009913258983890954151
4424;2427;0,009913258983890954151
4424;2448;0,008674101610904584882
4424;2609;0,009913258983890954151
4424;2745;0,009913258983890954151
4424;3044;0,009913258983890954151
4424;3637;0,009913258983890954151
4424;3675;0,009913258983890954151
4424;3985;0,009913258983890954151
4424;4009;0,009913258983890954151
4424;4283;0,009913258983890954151
4424;4299;0,009913258983890954151
4424;4361;0,009913258983890954151
4424;4425;0,008674101610904584882
4424;4426;0,009913258983890954151
4424;4427;0,009913258983890954151
4424;4428;0,009913258983890954151
4424;4429;0,009913258983890954151
4424;4430;0,009913258983890954151
4424;4431;0,009913258983890954151
4424;4432;0,009913258983890954151
4424;4433;0,009913258983890954151
4424;4434;0,009913258983890954151
4424;4435;0,009913258983890954151
4424;4436;0,009913258983890954151
4424;4437;0,009913258983890954151
4424;4438;0,009913258983890954151
4424;4439;0,009913258983890954151
4424;4440;0,009913258983890954151
4424;4442;0,009913258983890954151
4424;4444;0,009913258983890954151
4424;4445;0,009913258983890954151
4424;4446;0,009913258983890954151
4424;4448;0,009913258983890954151
4424;4449;0,009913258983890954151
4424;4450;0,009913258983890954151
4424;4451;0,009913258983890954151
4424;4452;0,009913258983890954151
4424;4453;0,009913258983890954151
4424;4454;0,009913258983890954151
4424;4455;0,009913258983890954151
4424;4456;0,009913258983890954151
4424;4458;0,009913258983890954151
4424;4460;0,009913258983890954151
4424;4461;0,009913258983890954151
4424;4462;0,009913258983890954151
4424;4463;0,009913258983890954151
4424;4464;0,009913258983890954151
4424;4465;0,009913258983890954151
4424;4466;0,009913258983890954151
4424;4467;0,009913258983890954151
4424;4468;0,009913258983890954151
4424;4469;0,009913258983890954151
4424;4470;0,009913258983890954151
4424;4471;0,009913258983890954151
4424;4472;0,009913258983890954151
4424;4473;0,009913258983890954151
4424;4474;0,009913258983890954151
4424;4475;0,009913258983890954151
4424;4772;0,009913258983890954151
4424;14899;0,009913258983890954151
4424;122436;0,009913258983890954151
4424;252837;0,002478314745972738537
4424;308968;0,009913258983890954151
4424;356607;0,009913258983890954151
4424;591752;0,009913258983890954151
4424;606675;0,009913258983890954151
4424;606676;0,009913258983890954151
4424;606743;0,009913258983890954151
4424;608948;0,009913258983890954151
4424;640396;0,009913258983890954151
4424;728154;0,009913258983890954151
4424;788294;0,009913258983890954151
4424;845317;0,009913258983890954151
4424;950025;0,008674101610904584882
4427;435;1,000000000000000000000
4428;839;1,000000000000000000000
4429;839;1,000000000000000000000
4430;822;0,333333333333333333333
4430;4299;0,666666666666666666666
4431;839;0,285714285714285714285
4431;1476;0,071428571428571428571
4431;1498;0,214285714285714285714
4431;1991;0,285714285714285714285
4431;2239;0,071428571428571428571
4431;4446;0,071428571428571428571
4432;777;0,090909090909090909090
4432;839;0,272727272727272727272
4432;1498;0,090909090909090909090
4432;1991;0,090909090909090909090
4432;4438;0,090909090909090909090
4432;4458;0,090909090909090909090
4432;4463;0,090909090909090909090
4432;4471;0,181818181818181818181
4433;469;0,500000000000000000000
4433;308968;0,500000000000000000000
4434;50;0,066666666666666666666
4434;822;0,066666666666666666666
4434;848;0,066666666666666666666
4434;1100;0,133333333333333333333
4434;1374;0,266666666666666666666
4434;2216;0,133333333333333333333
4434;9686;0,133333333333333333333
4434;15887;0,133333333333333333333
4435;17;0,031250000000000000000
4435;418;0,031250000000000000000
4435;543;0,031250000000000000000
4435;644;0,031250000000000000000
4435;770;0,062500000000000000000
4435;822;0,093750000000000000000
4435;1079;0,031250000000000000000
4435;2578;0,031250000000000000000
4435;3980;0,031250000000000000000
4435;4299;0,031250000000000000000
4435;4440;0,062500000000000000000
4435;4475;0,125000000000000000000
4435;4933;0,031250000000000000000
4435;5061;0,062500000000000000000
4435;6406;0,031250000000000000000
4435;7762;0,031250000000000000000
4435;8348;0,031250000000000000000
4435;9714;0,031250000000000000000
4435;12441;0,031250000000000000000
4435;20476;0,031250000000000000000
4435;36552;0,093750000000000000000
4435;587057;0,031250000000000000000
4437;172;0,333333333333333333333
4437;777;0,666666666666666666666
4438;163;1,000000000000000000000
4440;839;0,285714285714285714285
4440;4424;0,714285714285714285714
4446;453;1,000000000000000000000
4448;163;1,000000000000000000000
4452;163;0,500000000000000000000
4452;4426;0,500000000000000000000
4458;69;0,090909090909090909090
4458;979;0,159090909090909090909
4458;2609;0,090909090909090909090
4458;4299;0,113636363636363636363
4458;4429;0,090909090909090909090
4458;4432;0,022727272727272727272
4458;4445;0,022727272727272727272
4458;4449;0,022727272727272727272
4458;4454;0,090909090909090909090
4458;4460;0,022727272727272727272
4458;4465;0,022727272727272727272
4458;4467;0,045454545454545454545
4458;4677;0,113636363636363636363
4458;14899;0,022727272727272727272
4458;18127;0,068181818181818181818
4461;1613;0,500000000000000000000
4461;2578;0,500000000000000000000
4463;4432;1,000000000000000000000
4471;937;0,222222222222222222222
4471;1483;0,111111111111111111111
4471;3675;0,111111111111111111111
4471;4432;0,444444444444444444444
4471;4448;0,111111111111111111111
4472;104;0,040000000000000000000
4472;172;0,080000000000000000000
4472;1094;0,040000000000000000000
4472;1262;0,040000000000000000000
4472;1498;0,560000000000000000000
4472;2343;0,040000000000000000000
4472;3836;0,080000000000000000000
4472;4424;0,040000000000000000000
4472;4552;0,040000000000000000000
4472;4638;0,040000000000000000000
4475;822;0,240000000000000000000
4475;4299;0,200000000000000000000
4475;4430;0,040000000000000000000
4475;4435;0,320000000000000000000
4475;4440;0,200000000000000000000
4476;1439;0,333333333333333333333
4476;3891;0,166666666666666666666
4476;4657;0,166666666666666666666
4476;45615;0,166666666666666666666
4476;653504;0,166666666666666666666
4483;453;0,666666666666666666666
4483;1498;0,333333333333333333333
4486;689;0,142857142857142857142
4486;1501;0,142857142857142857142
4486;3340;0,142857142857142857142
4486;3532;0,428571428571428571428
4486;3891;0,142857142857142857142
4491;911;0,166666666666666666666
4491;1066;0,166666666666666666666
4491;4262;0,333333333333333333333
4491;9184;0,333333333333333333333
4497;1522;0,142857142857142857142
4497;5484;0,785714285714285714285
4497;21268;0,071428571428571428571
4498;1127;0,600000000000000000000
4498;5536;0,200000000000000000000
4498;11138;0,200000000000000000000
4500;273;0,200000000000000000000
4500;1780;0,400000000000000000000
4500;6548;0,200000000000000000000
4500;7747;0,200000000000000000000
4501;31;0,030303030303030303030
4501;57;0,030303030303030303030
4501;71;0,030303030303030303030
4501;138;0,030303030303030303030
4501;170;0,060606060606060606060
4501;644;0,030303030303030303030
4501;645;0,030303030303030303030
4501;890;0,060606060606060606060
4501;964;0,030303030303030303030
4501;990;0,030303030303030303030
4501;1064;0,030303030303030303030
4501;1234;0,030303030303030303030
4501;1276;0,030303030303030303030
4501;1340;0,030303030303030303030
4501;1657;0,030303030303030303030
4501;1949;0,030303030303030303030
4501;2736;0,030303030303030303030
4501;3098;0,030303030303030303030
4501;3141;0,030303030303030303030
4501;3235;0,030303030303030303030
4501;5306;0,030303030303030303030
4501;6527;0,030303030303030303030
4501;7015;0,030303030303030303030
4501;12441;0,030303030303030303030
4501;13239;0,030303030303030303030
4501;93146;0,090909090909090909090
4501;434991;0,030303030303030303030
4501;440509;0,060606060606060606060
4512;71;0,142857142857142857142
4512;135;0,047619047619047619047
4512;644;0,047619047619047619047
4512;695;0,095238095238095238095
4512;980;0,047619047619047619047
4512;2140;0,095238095238095238095
4512;2181;0,047619047619047619047
4512;2364;0,333333333333333333333
4512;3359;0,047619047619047619047
4512;3523;0,095238095238095238095
4513;1040;0,500000000000000000000
4513;6347;0,500000000000000000000
4518;1014;0,117647058823529411764
4518;1064;0,058823529411764705882
4518;1321;0,058823529411764705882
4518;2470;0,117647058823529411764
4518;6072;0,352941176470588235294
4518;9951;0,058823529411764705882
4518;931417;0,235294117647058823529
4522;1082;0,125000000000000000000
4522;1083;0,250000000000000000000
4522;2544;0,125000000000000000000
4522;4100;0,250000000000000000000
4522;13899;0,125000000000000000000
4522;257273;0,125000000000000000000
4525;1401;0,333333333333333333333
4525;2385;0,333333333333333333333
4525;5622;0,333333333333333333333
4526;1562;0,333333333333333333333
4526;1689;0,333333333333333333333
4526;1699;0,166666666666666666666
4526;1700;0,166666666666666666666
4530;352;0,142857142857142857142
4530;354;0,142857142857142857142
4530;356;0,142857142857142857142
4530;600;0,428571428571428571428
4530;1316;0,142857142857142857142
4533;9385;0,300000000000000000000
4533;26746;0,700000000000000000000
4552;41;0,477272727272727272727
4552;642;0,045454545454545454545
4552;1261;0,477272727272727272727
4553;42;0,062500000000000000000
4553;182;0,031250000000000000000
4553;283;0,031250000000000000000
4553;984;0,093750000000000000000
4553;1154;0,218750000000000000000
4553;1981;0,062500000000000000000
4553;2302;0,187500000000000000000
4553;3246;0,031250000000000000000
4553;3570;0,031250000000000000000
4553;5383;0,062500000000000000000
4553;8489;0,031250000000000000000
4553;8786;0,031250000000000000000
4553;443599;0,125000000000000000000
4561;878;0,666666666666666666666
4561;5564;0,333333333333333333333
4572;5373;0,375000000000000000000
4572;8489;0,625000000000000000000
4576;306;0,272727272727272727272
4576;11734;0,727272727272727272727
4578;3256;0,250000000000000000000
4578;6812;0,500000000000000000000
4578;22123;0,250000000000000000000
4583;12165;1,000000000000000000000
4592;36;0,037037037037037037037
4592;101;0,018518518518518518518
4592;251;0,111111111111111111111
4592;787;0,074074074074074074074
4592;1069;0,018518518518518518518
4592;1515;0,185185185185185185185
4592;1520;0,018518518518518518518
4592;1591;0,018518518518518518518
4592;2009;0,092592592592592592592
4592;2390;0,018518518518518518518
4592;2510;0,074074074074074074074
4592;4398;0,277777777777777777777
4592;5719;0,018518518518518518518
4592;10020;0,018518518518518518518
4592;35009;0,018518518518518518518
4598;1639;0,857142857142857142857
4598;6444;0,142857142857142857142
4603;248835;1,000000000000000000000
4613;250;0,058823529411764705882
4613;267;0,117647058823529411764
4613;861;0,088235294117647058823
4613;1149;0,058823529411764705882
4613;1160;0,029411764705882352941
4613;1523;0,029411764705882352941
4613;1754;0,058823529411764705882
4613;2379;0,029411764705882352941
4613;2661;0,029411764705882352941
4613;2713;0,058823529411764705882
4613;2714;0,058823529411764705882
4613;3045;0,029411764705882352941
4613;3873;0,029411764705882352941
4613;4299;0,029411764705882352941
4613;4513;0,029411764705882352941
4613;5430;0,029411764705882352941
4613;5861;0,029411764705882352941
4613;6347;0,029411764705882352941
4613;6535;0,029411764705882352941
4613;7160;0,029411764705882352941
4613;7334;0,029411764705882352941
4613;10595;0,029411764705882352941
4613;28997;0,029411764705882352941
4613;747808;0,029411764705882352941
4621;184;0,016949152542372881355
4621;1364;0,016949152542372881355
4621;1422;0,016949152542372881355
4621;1429;0,118644067796610169491
4621;1554;0,016949152542372881355
4621;1785;0,067796610169491525423
4621;2005;0,016949152542372881355
4621;2374;0,016949152542372881355
4621;2551;0,016949152542372881355
4621;3029;0,016949152542372881355
4621;3436;0,016949152542372881355
4621;3557;0,050847457627118644067
4621;3800;0,016949152542372881355
4621;4215;0,033898305084745762711
4621;5093;0,016949152542372881355
4621;5177;0,135593220338983050847
4621;5469;0,016949152542372881355
4621;5530;0,016949152542372881355
4621;5854;0,016949152542372881355
4621;6267;0,016949152542372881355
4621;6930;0,016949152542372881355
4621;7564;0,016949152542372881355
4621;7941;0,016949152542372881355
4621;9026;0,016949152542372881355
4621;9940;0,016949152542372881355
4621;10338;0,016949152542372881355
4621;25488;0,016949152542372881355
4621;25849;0,016949152542372881355
4621;40961;0,016949152542372881355
4621;357817;0,186440677966101694915
4622;4225;1,000000000000000000000
4625;190;0,400000000000000000000
4625;3748;0,200000000000000000000
4625;7132;0,200000000000000000000
4625;10649;0,200000000000000000000
4627;417;0,111111111111111111111
4627;4498;0,111111111111111111111
4627;7975;0,222222222222222222222
4627;17449;0,111111111111111111111
4627;413321;0,444444444444444444444
4629;864;0,076923076923076923076
4629;2371;0,538461538461538461538
4629;113392;0,076923076923076923076
4629;474028;0,307692307692307692307
4638;13;0,100000000000000000000
4638;642;0,300000000000000000000
4638;1261;0,300000000000000000000
4638;1522;0,200000000000000000000
4638;4552;0,100000000000000000000
4639;576;0,041666666666666666666
4639;1462;0,041666666666666666666
4639;3499;0,083333333333333333333
4639;3694;0,500000000000000000000
4639;5395;0,041666666666666666666
4639;12572;0,041666666666666666666
4639;13796;0,125000000000000000000
4639;28602;0,041666666666666666666
4639;59745;0,041666666666666666666
4639;408414;0,041666666666666666666
4677;453;0,500000000000000000000
4677;19176;0,500000000000000000000
4681;955;0,200000000000000000000
4681;956;0,200000000000000000000
4681;1560;0,200000000000000000000
4681;7741;0,200000000000000000000
4681;276963;0,200000000000000000000
4686;396;0,250000000000000000000
4686;419;0,250000000000000000000
4686;1764;0,250000000000000000000
4686;54879;0,250000000000000000000
4692;285;0,666666666666666666666
4692;796;0,333333333333333333333
4695;1231;0,333333333333333333333
4695;1840;0,666666666666666666666
4697;437;0,111111111111111111111
4697;1079;0,222222222222222222222
4697;1282;0,111111111111111111111
4697;3418;0,444444444444444444444
4697;27175;0,111111111111111111111
4713;96;0,090909090909090909090
4713;251;0,727272727272727272727
4713;1526;0,090909090909090909090
4713;1583;0,090909090909090909090
4715;7221;0,333333333333333333333
4715;533247;0,666666666666666666666
4719;380;0,285714285714285714285
4719;1111;0,047619047619047619047
4719;2164;0,047619047619047619047
4719;2166;0,047619047619047619047
4719;2396;0,047619047619047619047
4719;3208;0,047619047619047619047
4719;4293;0,047619047619047619047
4719;4396;0,047619047619047619047
4719;19199;0,047619047619047619047
4719;238453;0,047619047619047619047
4719;239963;0,142857142857142857142
4719;239965;0,047619047619047619047
4719;239969;0,047619047619047619047
4719;366672;0,047619047619047619047
4720;5629;0,714285714285714285714
4720;151009;0,142857142857142857142
4720;259831;0,142857142857142857142
4728;290;0,500000000000000000000
4728;8348;0,500000000000000000000
4729;89;0,166666666666666666666
4729;2487;0,333333333333333333333
4729;3069;0,166666666666666666666
4729;4159;0,333333333333333333333
4747;1342;0,125000000000000000000
4747;1898;0,375000000000000000000
4747;2398;0,125000000000000000000
4747;4313;0,125000000000000000000
4747;8904;0,125000000000000000000
4747;329272;0,125000000000000000000
4748;8633;0,333333333333333333333
4748;9385;0,666666666666666666666
4750;288;1,000000000000000000000
4751;854;1,000000000000000000000
4755;286660;1,000000000000000000000
4758;3122;1,000000000000000000000
4772;649;0,166666666666666666666
4772;839;0,166666666666666666666
4772;1717;0,333333333333333333333
4772;3189;0,166666666666666666666
4772;4462;0,166666666666666666666
4777;283;0,333333333333333333333
4777;846;0,111111111111111111111
4777;2512;0,111111111111111111111
4777;2834;0,222222222222222222222
4777;3420;0,222222222222222222222
4786;119973;1,000000000000000000000
4787;251;1,000000000000000000000
4794;96;0,111111111111111111111
4794;418;0,055555555555555555555
4794;1288;0,222222222222222222222
4794;2343;0,055555555555555555555
4794;2678;0,055555555555555555555
4794;3096;0,222222222222222222222
4794;3360;0,055555555555555555555
4794;8268;0,166666666666666666666
4794;8348;0,055555555555555555555
4803;273;0,076923076923076923076
4803;918;0,076923076923076923076
4803;4625;0,076923076923076923076
4803;8044;0,076923076923076923076
4803;17426;0,076923076923076923076
4803;17826;0,076923076923076923076
4803;28184;0,076923076923076923076
4803;28457;0,076923076923076923076
4803;278192;0,076923076923076923076
4803;327099;0,076923076923076923076
4803;327859;0,076923076923076923076
4803;366869;0,076923076923076923076
4803;382779;0,076923076923076923076
4821;528;0,125000000000000000000
4821;689;0,125000000000000000000
4821;1459;0,125000000000000000000
4821;1946;0,125000000000000000000
4821;17352;0,375000000000000000000
4821;24460;0,125000000000000000000
4825;96;0,081081081081081081081
4825;237;0,081081081081081081081
4825;249;0,027027027027027027027
4825;1156;0,027027027027027027027
4825;1364;0,027027027027027027027
4825;1988;0,027027027027027027027
4825;2293;0,081081081081081081081
4825;2852;0,027027027027027027027
4825;3174;0,027027027027027027027
4825;3219;0,135135135135135135135
4825;3633;0,027027027027027027027
4825;3753;0,108108108108108108108
4825;3857;0,027027027027027027027
4825;4080;0,027027027027027027027
4825;4507;0,027027027027027027027
4825;4881;0,027027027027027027027
4825;5578;0,027027027027027027027
4825;5616;0,027027027027027027027
4825;5628;0,054054054054054054054
4825;6113;0,027027027027027027027
4825;17720;0,027027027027027027027
4825;31343;0,054054054054054054054
4829;533247;1,000000000000000000000
4837;138;0,083333333333333333333
4837;527;0,083333333333333333333
4837;1853;0,083333333333333333333
4837;3607;0,083333333333333333333
4837;4999;0,083333333333333333333
4837;5089;0,250000000000000000000
4837;5719;0,083333333333333333333
4837;10612;0,083333333333333333333
4837;10613;0,083333333333333333333
4837;12385;0,083333333333333333333
4844;8164;1,000000000000000000000
4852;3141;0,111111111111111111111
4852;4159;0,111111111111111111111
4852;5392;0,111111111111111111111
4852;8590;0,333333333333333333333
4852;12441;0,333333333333333333333
4853;1948;0,222222222222222222222
4853;3098;0,111111111111111111111
4853;3574;0,222222222222222222222
4853;3996;0,111111111111111111111
4853;4024;0,111111111111111111111
4853;4159;0,111111111111111111111
4853;6496;0,111111111111111111111
4861;4269;0,666666666666666666666
4861;53224;0,333333333333333333333
4876;1516;0,500000000000000000000
4876;4877;0,500000000000000000000
4877;216;0,027777777777777777777
4877;523;0,027777777777777777777
4877;573;0,055555555555555555555
4877;1010;0,027777777777777777777
4877;1018;0,027777777777777777777
4877;1293;0,055555555555555555555
4877;2001;0,027777777777777777777
4877;2188;0,027777777777777777777
4877;2484;0,027777777777777777777
4877;3189;0,027777777777777777777
4877;3551;0,027777777777777777777
4877;3809;0,027777777777777777777
4877;3836;0,027777777777777777777
4877;4000;0,083333333333333333333
4877;4001;0,027777777777777777777
4877;4090;0,027777777777777777777
4877;4091;0,027777777777777777777
4877;4421;0,027777777777777777777
4877;5470;0,027777777777777777777
4877;5800;0,027777777777777777777
4877;6372;0,027777777777777777777
4877;6991;0,027777777777777777777
4877;7748;0,027777777777777777777
4877;8268;0,027777777777777777777
4877;10523;0,027777777777777777777
4877;13504;0,027777777777777777777
4877;14050;0,027777777777777777777
4877;17148;0,027777777777777777777
4877;18149;0,027777777777777777777
4877;18300;0,027777777777777777777
4877;20436;0,027777777777777777777
4877;21512;0,027777777777777777777
4885;585;0,285714285714285714285
4885;738;0,142857142857142857142
4885;8648;0,571428571428571428571
4918;4919;0,909090909090909090909
4918;41776;0,090909090909090909090
4919;5679;1,000000000000000000000
4933;115;0,066666666666666666666
4933;1949;0,200000000000000000000
4933;2199;0,066666666666666666666
4933;4435;0,066666666666666666666
4933;5061;0,066666666666666666666
4933;367451;0,533333333333333333333
4935;579;0,500000000000000000000
4935;2288;0,250000000000000000000
4935;5172;0,250000000000000000000
4942;1448;0,333333333333333333333
4942;3395;0,333333333333333333333
4942;13074;0,333333333333333333333
4976;793;0,105263157894736842105
4976;1002;0,105263157894736842105
4976;1077;0,157894736842105263157
4976;2499;0,105263157894736842105
4976;3347;0,157894736842105263157
4976;5016;0,263157894736842105263
4976;9376;0,052631578947368421052
4976;70862;0,052631578947368421052
4979;866;0,125000000000000000000
4979;2779;0,375000000000000000000
4979;2780;0,500000000000000000000
5001;1314;0,333333333333333333333
5001;5666;0,333333333333333333333
5001;6048;0,333333333333333333333
5003;1314;1,000000000000000000000
5016;61;0,009868421052631578947
5016;66;0,009868421052631578947
5016;74;0,016447368421052631578
5016;214;0,016447368421052631578
5016;360;0,016447368421052631578
5016;407;0,009868421052631578947
5016;420;0,019736842105263157894
5016;527;0,023026315789473684210
5016;652;0,013157894736842105263
5016;808;0,013157894736842105263
5016;839;0,016447368421052631578
5016;966;0,013157894736842105263
5016;972;0,013157894736842105263
5016;975;0,009868421052631578947
5016;999;0,023026315789473684210
5016;1002;0,009868421052631578947
5016;1012;0,009868421052631578947
5016;1016;0,009868421052631578947
5016;1020;0,016447368421052631578
5016;1077;0,026315789473684210526
5016;1085;0,006578947368421052631
5016;1122;0,003289473684210526315
5016;1180;0,009868421052631578947
5016;1501;0,013157894736842105263
5016;1556;0,046052631578947368421
5016;1756;0,009868421052631578947
5016;1981;0,016447368421052631578
5016;1991;0,016447368421052631578
5016;2080;0,029605263157894736842
5016;2499;0,009868421052631578947
5016;2515;0,026315789473684210526
5016;2791;0,009868421052631578947
5016;3033;0,009868421052631578947
5016;3188;0,009868421052631578947
5016;3260;0,016447368421052631578
5016;3508;0,013157894736842105263
5016;3585;0,009868421052631578947
5016;3586;0,009868421052631578947
5016;3678;0,013157894736842105263
5016;3763;0,013157894736842105263
5016;3827;0,009868421052631578947
5016;3905;0,009868421052631578947
5016;4976;0,032894736842105263157
5016;5012;0,019736842105263157894
5016;5626;0,009868421052631578947
5016;5681;0,026315789473684210526
5016;5921;0,009868421052631578947
5016;6006;0,009868421052631578947
5016;6349;0,013157894736842105263
5016;7322;0,013157894736842105263
5016;7699;0,009868421052631578947
5016;8000;0,013157894736842105263
5016;8445;0,009868421052631578947
5016;8478;0,009868421052631578947
5016;8909;0,013157894736842105263
5016;9481;0,009868421052631578947
5016;9482;0,009868421052631578947
5016;9719;0,013157894736842105263
5016;9720;0,016447368421052631578
5016;9722;0,013157894736842105263
5016;12596;0,009868421052631578947
5016;13158;0,013157894736842105263
5016;15762;0,013157894736842105263
5016;37815;0,016447368421052631578
5016;42210;0,013157894736842105263
5016;77678;0,009868421052631578947
5016;248832;0,013157894736842105263
5016;248834;0,003289473684210526315
5016;248836;0,009868421052631578947
5016;248841;0,009868421052631578947
5016;347540;0,009868421052631578947
5016;653504;0,016447368421052631578
5029;484;0,666666666666666666666
5029;2591;0,333333333333333333333
5053;189;0,250000000000000000000
5053;1840;0,500000000000000000000
5053;11734;0,250000000000000000000
5054;244;0,125000000000000000000
5054;853;0,125000000000000000000
5054;2865;0,125000000000000000000
5054;255740;0,125000000000000000000
5054;255899;0,250000000000000000000
5054;280033;0,250000000000000000000
5061;163;0,032258064516129032258
5061;543;0,032258064516129032258
5061;607;0,016129032258064516129
5061;885;0,016129032258064516129
5061;886;0,032258064516129032258
5061;1923;0,032258064516129032258
5061;2352;0,032258064516129032258
5061;2834;0,048387096774193548387
5061;2884;0,016129032258064516129
5061;3015;0,048387096774193548387
5061;3480;0,032258064516129032258
5061;3481;0,016129032258064516129
5061;4102;0,032258064516129032258
5061;4435;0,032258064516129032258
5061;4814;0,032258064516129032258
5061;5528;0,032258064516129032258
5061;5613;0,064516129032258064516
5061;6856;0,032258064516129032258
5061;6994;0,032258064516129032258
5061;6997;0,032258064516129032258
5061;7080;0,064516129032258064516
5061;8062;0,064516129032258064516
5061;9468;0,016129032258064516129
5061;10640;0,032258064516129032258
5061;15302;0,112903225806451612903
5061;15762;0,032258064516129032258
5061;17584;0,032258064516129032258
5071;396;0,034482758620689655172
5071;1180;0,224137931034482758620
5071;1391;0,172413793103448275862
5071;2206;0,017241379310344827586
5071;3802;0,034482758620689655172
5071;4078;0,051724137931034482758
5071;7209;0,137931034482758620689
5071;12596;0,258620689655172413793
5071;15643;0,017241379310344827586
5071;17521;0,017241379310344827586
5071;27410;0,017241379310344827586
5071;587057;0,017241379310344827586
5077;441;0,024390243902439024390
5077;4988;0,024390243902439024390
5077;12591;0,951219512195121951219
5082;2216;0,461538461538461538461
5082;4434;0,076923076923076923076
5082;17323;0,076923076923076923076
5082;27173;0,384615384615384615384
5083;299;0,078947368421052631578
5083;689;0,078947368421052631578
5083;1094;0,078947368421052631578
5083;1162;0,026315789473684210526
5083;1293;0,026315789473684210526
5083;2489;0,026315789473684210526
5083;2838;0,026315789473684210526
5083;2863;0,026315789473684210526
5083;3340;0,026315789473684210526
5083;3436;0,078947368421052631578
5083;3683;0,026315789473684210526
5083;5627;0,026315789473684210526
5083;6955;0,078947368421052631578
5083;7080;0,026315789473684210526
5083;7322;0,078947368421052631578
5083;7717;0,026315789473684210526
5083;8050;0,026315789473684210526
5083;15737;0,026315789473684210526
5083;24258;0,026315789473684210526
5083;27587;0,026315789473684210526
5083;28780;0,026315789473684210526
5083;28784;0,026315789473684210526
5083;105800;0,078947368421052631578
5083;508708;0,026315789473684210526
5089;131;0,240000000000000000000
5089;138;0,040000000000000000000
5089;211;0,080000000000000000000
5089;2198;0,040000000000000000000
5089;2200;0,040000000000000000000
5089;2661;0,040000000000000000000
5089;3340;0,120000000000000000000
5089;3763;0,040000000000000000000
5089;3975;0,120000000000000000000
5089;4837;0,160000000000000000000
5089;5061;0,040000000000000000000
5089;5088;0,040000000000000000000
5092;2275;0,250000000000000000000
5092;3876;0,750000000000000000000
5093;3811;0,100000000000000000000
5093;4307;0,600000000000000000000
5093;4345;0,100000000000000000000
5093;9762;0,200000000000000000000
5097;5564;1,000000000000000000000
5101;3301;0,125000000000000000000
5101;9230;0,125000000000000000000
5101;28822;0,375000000000000000000
5101;276780;0,125000000000000000000
5101;440497;0,250000000000000000000
5119;16076;0,333333333333333333333
5119;533247;0,666666666666666666666
5125;390;0,333333333333333333333
5125;413;0,333333333333333333333
5125;7906;0,333333333333333333333
5136;1152;0,500000000000000000000
5136;140271;0,500000000000000000000
5138;4752;1,000000000000000000000
5142;85;0,187500000000000000000
5142;1422;0,062500000000000000000
5142;4890;0,062500000000000000000
5142;6444;0,125000000000000000000
5142;12876;0,562500000000000000000
5144;5442;1,000000000000000000000
5148;356;0,125000000000000000000
5148;1083;0,125000000000000000000
5148;136664;0,625000000000000000000
5148;606725;0,125000000000000000000
5149;54;0,047619047619047619047
5149;119;0,023809523809523809523
5149;277;0,011904761904761904761
5149;322;0,011904761904761904761
5149;550;0,011904761904761904761
5149;657;0,071428571428571428571
5149;658;0,011904761904761904761
5149;689;0,011904761904761904761
5149;749;0,011904761904761904761
5149;846;0,011904761904761904761
5149;1068;0,011904761904761904761
5149;1169;0,035714285714285714285
5149;1254;0,047619047619047619047
5149;1344;0,071428571428571428571
5149;1348;0,011904761904761904761
5149;1463;0,011904761904761904761
5149;1487;0,011904761904761904761
5149;1663;0,011904761904761904761
5149;1839;0,011904761904761904761
5149;2007;0,011904761904761904761
5149;2179;0,011904761904761904761
5149;2181;0,011904761904761904761
5149;2182;0,011904761904761904761
5149;2184;0,011904761904761904761
5149;2206;0,011904761904761904761
5149;2380;0,011904761904761904761
5149;2817;0,011904761904761904761
5149;3105;0,059523809523809523809
5149;3642;0,011904761904761904761
5149;3694;0,011904761904761904761
5149;4031;0,011904761904761904761
5149;4172;0,011904761904761904761
5149;5638;0,011904761904761904761
5149;5657;0,011904761904761904761
5149;5789;0,011904761904761904761
5149;5790;0,011904761904761904761
5149;6567;0,011904761904761904761
5149;7111;0,035714285714285714285
5149;7598;0,011904761904761904761
5149;7694;0,011904761904761904761
5149;8081;0,011904761904761904761
5149;9138;0,011904761904761904761
5149;9394;0,011904761904761904761
5149;9618;0,011904761904761904761
5149;12247;0,011904761904761904761
5149;14733;0,011904761904761904761
5149;15895;0,011904761904761904761
5149;20853;0,011904761904761904761
5149;21161;0,011904761904761904761
5149;28546;0,011904761904761904761
5149;41776;0,035714285714285714285
5149;189452;0,011904761904761904761
5149;512469;0,059523809523809523809
5158;182;0,129032258064516129032
5158;1153;0,129032258064516129032
5158;1667;0,193548387096774193548
5158;2272;0,225806451612903225806
5158;2302;0,032258064516129032258
5158;2847;0,064516129032258064516
5158;4890;0,096774193548387096774
5158;5227;0,032258064516129032258
5158;12523;0,096774193548387096774
5163;1100;0,166666666666666666666
5163;2326;0,166666666666666666666
5163;5682;0,333333333333333333333
5163;12769;0,333333333333333333333
5167;190;0,250000000000000000000
5167;2052;0,500000000000000000000
5167;533247;0,250000000000000000000
5168;218;0,133333333333333333333
5168;411;0,066666666666666666666
5168;419;0,066666666666666666666
5168;1137;0,066666666666666666666
5168;1397;0,066666666666666666666
5168;1729;0,066666666666666666666
5168;2479;0,200000000000000000000
5168;3145;0,133333333333333333333
5168;3214;0,066666666666666666666
5168;7941;0,066666666666666666666
5168;408487;0,066666666666666666666
5174;285;0,750000000000000000000
5174;787;0,250000000000000000000
5175;1606;1,000000000000000000000
5177;689;0,290322580645161290322
5177;747;0,032258064516129032258
5177;1162;0,032258064516129032258
5177;3436;0,225806451612903225806
5177;4621;0,322580645161290322580
5177;5493;0,032258064516129032258
5177;10724;0,032258064516129032258
5177;28826;0,032258064516129032258
5180;28970;1,000000000000000000000
5214;192;0,380952380952380952380
5214;995;0,095238095238095238095
5214;2272;0,095238095238095238095
5214;3296;0,095238095238095238095
5214;3591;0,095238095238095238095
5214;5564;0,047619047619047619047
5214;13372;0,047619047619047619047
5214;512469;0,142857142857142857142
5219;497;0,062500000000000000000
5219;766;0,062500000000000000000
5219;1101;0,093750000000000000000
5219;1667;0,093750000000000000000
5219;2046;0,156250000000000000000
5219;2271;0,031250000000000000000
5219;2272;0,062500000000000000000
5219;2738;0,062500000000000000000
5219;3296;0,125000000000000000000
5219;5564;0,031250000000000000000
5219;9402;0,031250000000000000000
5219;9418;0,125000000000000000000
5219;10946;0,062500000000000000000
5232;17727;1,000000000000000000000
5239;83;0,200000000000000000000
5239;1862;0,200000000000000000000
5239;5513;0,200000000000000000000
5239;5591;0,200000000000000000000
5239;8873;0,200000000000000000000
5250;2066;0,500000000000000000000
5250;2147;0,500000000000000000000
5257;9719;1,000000000000000000000
5264;22;0,033333333333333333333
5264;151;0,033333333333333333333
5264;1676;0,066666666666666666666
5264;2147;0,033333333333333333333
5264;3071;0,166666666666666666666
5264;3301;0,066666666666666666666
5264;3825;0,066666666666666666666
5264;4625;0,033333333333333333333
5264;5101;0,033333333333333333333
5264;6130;0,066666666666666666666
5264;8826;0,066666666666666666666
5264;9230;0,033333333333333333333
5264;9407;0,033333333333333333333
5264;9410;0,033333333333333333333
5264;9424;0,033333333333333333333
5264;9433;0,033333333333333333333
5264;18145;0,033333333333333333333
5264;27286;0,033333333333333333333
5264;276780;0,066666666666666666666
5264;331627;0,033333333333333333333
5289;285;0,125000000000000000000
5289;678;0,250000000000000000000
5289;1310;0,125000000000000000000
5289;1583;0,125000000000000000000
5289;2515;0,125000000000000000000
5289;8095;0,250000000000000000000
5306;89;0,055555555555555555555
5306;689;0,111111111111111111111
5306;890;0,055555555555555555555
5306;1276;0,055555555555555555555
5306;2487;0,222222222222222222222
5306;3069;0,111111111111111111111
5306;4159;0,222222222222222222222
5306;4501;0,055555555555555555555
5306;6524;0,055555555555555555555
5306;12579;0,055555555555555555555
5309;3378;0,333333333333333333333
5309;4538;0,333333333333333333333
5309;9905;0,333333333333333333333
5329;189;0,139534883720930232558
5329;306;0,069767441860465116279
5329;605;0,093023255813953488372
5329;899;0,046511627906976744186
5329;1206;0,093023255813953488372
5329;1307;0,069767441860465116279
5329;1840;0,046511627906976744186
5329;1963;0,046511627906976744186
5329;2198;0,023255813953488372093
5329;2484;0,046511627906976744186
5329;2825;0,023255813953488372093
5329;2851;0,023255813953488372093
5329;3235;0,046511627906976744186
5329;4309;0,023255813953488372093
5329;4355;0,046511627906976744186
5329;5493;0,023255813953488372093
5329;5528;0,093023255813953488372
5329;94073;0,046511627906976744186
5338;293;0,428571428571428571428
5338;4274;0,285714285714285714285
5338;8999;0,285714285714285714285
5350;855;0,142857142857142857142
5350;4935;0,142857142857142857142
5350;8976;0,285714285714285714285
5350;17727;0,428571428571428571428
5354;5960;1,000000000000000000000
5360;3362;0,500000000000000000000
5360;10926;0,500000000000000000000
5367;190;0,041666666666666666666
5367;192;0,020833333333333333333
5367;524;0,041666666666666666666
5367;526;0,020833333333333333333
5367;528;0,041666666666666666666
5367;621;0,020833333333333333333
5367;841;0,020833333333333333333
5367;877;0,020833333333333333333
5367;1121;0,104166666666666666666
5367;2071;0,020833333333333333333
5367;2147;0,083333333333333333333
5367;2195;0,062500000000000000000
5367;2212;0,041666666666666666666
5367;2214;0,020833333333333333333
5367;2216;0,020833333333333333333
5367;2223;0,020833333333333333333
5367;2644;0,020833333333333333333
5367;2697;0,020833333333333333333
5367;2779;0,020833333333333333333
5367;3085;0,020833333333333333333
5367;4237;0,020833333333333333333
5367;4281;0,083333333333333333333
5367;4525;0,020833333333333333333
5367;5441;0,020833333333333333333
5367;5629;0,020833333333333333333
5367;5632;0,041666666666666666666
5367;7759;0,041666666666666666666
5367;41776;0,041666666666666666666
5367;151929;0,020833333333333333333
5383;409549;1,000000000000000000000
5392;770;0,058823529411764705882
5392;868;0,058823529411764705882
5392;2588;0,058823529411764705882
5392;3842;0,058823529411764705882
5392;3879;0,058823529411764705882
5392;4534;0,058823529411764705882
5392;4852;0,058823529411764705882
5392;5037;0,294117647058823529411
5392;6433;0,058823529411764705882
5392;6960;0,058823529411764705882
5392;12441;0,058823529411764705882
5392;28699;0,058823529411764705882
5392;56282;0,058823529411764705882
5395;2326;0,250000000000000000000
5395;2817;0,750000000000000000000
5415;320;1,000000000000000000000
5430;241;1,000000000000000000000
5437;526;0,032258064516129032258
5437;622;0,032258064516129032258
5437;877;0,064516129032258064516
5437;878;0,032258064516129032258
5437;883;0,032258064516129032258
5437;977;0,064516129032258064516
5437;2503;0,064516129032258064516
5437;3991;0,064516129032258064516
5437;4765;0,032258064516129032258
5437;5440;0,096774193548387096774
5437;5459;0,032258064516129032258
5437;6189;0,032258064516129032258
5437;6213;0,032258064516129032258
5437;9393;0,032258064516129032258
5437;9434;0,032258064516129032258
5437;18258;0,290322580645161290322
5437;28235;0,032258064516129032258
5438;621;0,375000000000000000000
5438;970;0,125000000000000000000
5438;4380;0,125000000000000000000
5438;20801;0,125000000000000000000
5438;533247;0,250000000000000000000
5439;621;0,500000000000000000000
5439;533247;0,500000000000000000000
5440;65;0,060606060606060606060
5440;71;0,060606060606060606060
5440;90;0,030303030303030303030
5440;877;0,121212121212121212121
5440;970;0,090909090909090909090
5440;1391;0,030303030303030303030
5440;1596;0,242424242424242424242
5440;1910;0,060606060606060606060
5440;5437;0,121212121212121212121
5440;7132;0,060606060606060606060
5440;9395;0,060606060606060606060
5440;28777;0,060606060606060606060
5442;2343;0,500000000000000000000
5442;5144;0,500000000000000000000
5443;970;0,428571428571428571428
5443;4829;0,142857142857142857142
5443;28738;0,285714285714285714285
5443;533247;0,142857142857142857142
5444;621;0,500000000000000000000
5444;2779;0,250000000000000000000
5444;533247;0,250000000000000000000
5445;127;0,200000000000000000000
5445;190;0,200000000000000000000
5445;1022;0,200000000000000000000
5445;423622;0,200000000000000000000
5445;533247;0,200000000000000000000
5449;978;0,571428571428571428571
5449;2080;0,142857142857142857142
5449;5526;0,142857142857142857142
5449;7183;0,142857142857142857142
5459;878;0,083333333333333333333
5459;1066;0,083333333333333333333
5459;1286;0,083333333333333333333
5459;5437;0,250000000000000000000
5459;9382;0,166666666666666666666
5459;9393;0,250000000000000000000
5459;533247;0,083333333333333333333
5464;48;0,038461538461538461538
5464;380;0,076923076923076923076
5464;507;0,012820512820512820512
5464;756;0,012820512820512820512
5464;796;0,076923076923076923076
5464;810;0,012820512820512820512
5464;1104;0,012820512820512820512
5464;1111;0,012820512820512820512
5464;1196;0,025641025641025641025
5464;1556;0,025641025641025641025
5464;1673;0,012820512820512820512
5464;1713;0,051282051282051282051
5464;1806;0,025641025641025641025
5464;1848;0,012820512820512820512
5464;1963;0,051282051282051282051
5464;1986;0,012820512820512820512
5464;2244;0,025641025641025641025
5464;2296;0,038461538461538461538
5464;2304;0,012820512820512820512
5464;2429;0,038461538461538461538
5464;2458;0,012820512820512820512
5464;2731;0,025641025641025641025
5464;3029;0,025641025641025641025
5464;3082;0,025641025641025641025
5464;3122;0,012820512820512820512
5464;3728;0,012820512820512820512
5464;4293;0,051282051282051282051
5464;4396;0,025641025641025641025
5464;4719;0,025641025641025641025
5464;4998;0,012820512820512820512
5464;5009;0,012820512820512820512
5464;5010;0,012820512820512820512
5464;5576;0,012820512820512820512
5464;7057;0,012820512820512820512
5464;7765;0,012820512820512820512
5464;8106;0,012820512820512820512
5464;8602;0,012820512820512820512
5464;14978;0,012820512820512820512
5464;28569;0,012820512820512820512
5464;156500;0,012820512820512820512
5464;239963;0,012820512820512820512
5464;239969;0,012820512820512820512
5464;366672;0,025641025641025641025
5469;1109;0,160000000000000000000
5469;1364;0,040000000000000000000
5469;1422;0,040000000000000000000
5469;1554;0,040000000000000000000
5469;2005;0,040000000000000000000
5469;2374;0,040000000000000000000
5469;2551;0,040000000000000000000
5469;3029;0,040000000000000000000
5469;3800;0,040000000000000000000
5469;4262;0,040000000000000000000
5469;4621;0,040000000000000000000
5469;5093;0,040000000000000000000
5469;5530;0,040000000000000000000
5469;5854;0,040000000000000000000
5469;6267;0,040000000000000000000
5469;6930;0,040000000000000000000
5469;7564;0,040000000000000000000
5469;7941;0,040000000000000000000
5469;9026;0,040000000000000000000
5469;9940;0,040000000000000000000
5469;25849;0,040000000000000000000
5469;533247;0,040000000000000000000
5470;216;0,571428571428571428571
5470;420;0,142857142857142857142
5470;5635;0,142857142857142857142
5470;28661;0,142857142857142857142
5478;149;1,000000000000000000000
5481;365534;1,000000000000000000000
5487;9395;0,142857142857142857142
5487;352262;0,571428571428571428571
5487;533247;0,285714285714285714285
5500;2139;0,375000000000000000000
5500;3158;0,250000000000000000000
5500;3873;0,125000000000000000000
5500;335189;0,250000000000000000000
5506;545;0,111111111111111111111
5506;2678;0,111111111111111111111
5506;3304;0,222222222222222222222
5506;5915;0,222222222222222222222
5506;8348;0,222222222222222222222
5506;10080;0,111111111111111111111
5513;883;0,100000000000000000000
5513;1606;0,200000000000000000000
5513;1862;0,100000000000000000000
5513;5591;0,500000000000000000000
5513;14010;0,100000000000000000000
5519;5441;0,250000000000000000000
5519;5922;0,250000000000000000000
5519;6316;0,083333333333333333333
5519;9438;0,166666666666666666666
5519;276505;0,166666666666666666666
5519;533247;0,083333333333333333333
5521;689;1,000000000000000000000
5526;978;0,200000000000000000000
5526;3096;0,400000000000000000000
5526;3610;0,200000000000000000000
5526;5449;0,200000000000000000000
5528;543;0,133333333333333333333
5528;2352;0,133333333333333333333
5528;3015;0,400000000000000000000
5528;4377;0,066666666666666666666
5528;5329;0,200000000000000000000
5528;9356;0,066666666666666666666
5530;2318;0,142857142857142857142
5530;2737;0,142857142857142857142
5530;9184;0,285714285714285714285
5530;20235;0,142857142857142857142
5530;533247;0,285714285714285714285
5534;37815;1,000000000000000000000
5536;4498;0,666666666666666666666
5536;11138;0,333333333333333333333
5543;721;0,230769230769230769230
5543;3273;0,076923076923076923076
5543;4538;0,076923076923076923076
5543;7151;0,076923076923076923076
5543;7701;0,307692307692307692307
5543;9905;0,153846153846153846153
5543;15975;0,076923076923076923076
5545;861;0,500000000000000000000
5545;1667;0,500000000000000000000
5557;877;0,333333333333333333333
5557;7780;0,333333333333333333333
5557;533247;0,333333333333333333333
5564;192;0,156626506024096385542
5564;466;0,012048192771084337349
5564;496;0,036144578313253012048
5564;689;0,012048192771084337349
5564;766;0,012048192771084337349
5564;977;0,018072289156626506024
5564;1101;0,006024096385542168674
5564;1109;0,006024096385542168674
5564;1667;0,030120481927710843373
5564;1838;0,012048192771084337349
5564;2017;0,078313253012048192771
5564;2037;0,018072289156626506024
5564;2046;0,066265060240963855421
5564;2271;0,018072289156626506024
5564;2272;0,018072289156626506024
5564;2359;0,018072289156626506024
5564;2504;0,006024096385542168674
5564;2697;0,006024096385542168674
5564;3271;0,018072289156626506024
5564;3296;0,018072289156626506024
5564;3591;0,072289156626506024096
5564;4070;0,012048192771084337349
5564;4364;0,018072289156626506024
5564;4561;0,042168674698795180722
5564;5097;0,006024096385542168674
5564;5214;0,024096385542168674698
5564;5219;0,018072289156626506024
5564;5698;0,012048192771084337349
5564;6320;0,006024096385542168674
5564;6548;0,024096385542168674698
5564;7747;0,006024096385542168674
5564;7762;0,024096385542168674698
5564;9387;0,024096385542168674698
5564;9389;0,012048192771084337349
5564;9406;0,006024096385542168674
5564;9413;0,018072289156626506024
5564;9418;0,012048192771084337349
5564;9432;0,018072289156626506024
5564;10946;0,030120481927710843373
5564;13372;0,018072289156626506024
5564;379234;0,012048192771084337349
5564;533247;0,018072289156626506024
5578;1364;0,052631578947368421052
5578;1988;0,052631578947368421052
5578;3245;0,052631578947368421052
5578;3633;0,052631578947368421052
5578;3753;0,736842105263157894736
5578;3857;0,052631578947368421052
5591;904;0,250000000000000000000
5591;5239;0,250000000000000000000
5591;5513;0,250000000000000000000
5591;7975;0,250000000000000000000
5597;334;1,000000000000000000000
5601;2195;1,000000000000000000000
5603;266;0,190476190476190476190
5603;613;0,095238095238095238095
5603;2383;0,047619047619047619047
5603;2600;0,047619047619047619047
5603;3877;0,047619047619047619047
5603;4225;0,142857142857142857142
5603;4345;0,095238095238095238095
5603;8648;0,047619047619047619047
5603;9401;0,095238095238095238095
5603;13814;0,095238095238095238095
5603;276963;0,047619047619047619047
5603;366867;0,047619047619047619047
5607;3876;0,400000000000000000000
5607;5338;0,400000000000000000000
5607;6511;0,200000000000000000000
5610;1913;0,111111111111111111111
5610;3575;0,111111111111111111111
5610;59745;0,555555555555555555555
5610;113365;0,111111111111111111111
5610;714174;0,111111111111111111111
5611;1942;1,000000000000000000000
5613;23;0,016591251885369532428
5613;115;0,007541478129713423831
5613;176;0,007541478129713423831
5613;198;0,006033182503770739064
5613;201;0,006033182503770739064
5613;211;0,003016591251885369532
5613;306;0,004524886877828054298
5613;360;0,007541478129713423831
5613;490;0,006033182503770739064
5613;543;0,006033182503770739064
5613;579;0,006033182503770739064
5613;607;0,006033182503770739064
5613;652;0,010558069381598793363
5613;727;0,004524886877828054298
5613;844;0,006033182503770739064
5613;855;0,006033182503770739064
5613;885;0,006033182503770739064
5613;886;0,009049773755656108597
5613;988;0,006033182503770739064
5613;1053;0,006033182503770739064
5613;1120;0,004524886877828054298
5613;1210;0,006033182503770739064
5613;1307;0,006033182503770739064
5613;1501;0,006033182503770739064
5613;1585;0,006033182503770739064
5613;1719;0,006033182503770739064
5613;1841;0,007541478129713423831
5613;1843;0,007541478129713423831
5613;1855;0,019607843137254901960
5613;1864;0,006033182503770739064
5613;1942;0,001508295625942684766
5613;1949;0,009049773755656108597
5613;1956;0,007541478129713423831
5613;2048;0,006033182503770739064
5613;2117;0,006033182503770739064
5613;2125;0,006033182503770739064
5613;2162;0,006033182503770739064
5613;2198;0,015082956259426847662
5613;2199;0,006033182503770739064
5613;2210;0,004524886877828054298
5613;2278;0,006033182503770739064
5613;2288;0,004524886877828054298
5613;2352;0,006033182503770739064
5613;2440;0,006033182503770739064
5613;2621;0,006033182503770739064
5613;2704;0,006033182503770739064
5613;2794;0,006033182503770739064
5613;2800;0,003016591251885369532
5613;2850;0,006033182503770739064
5613;2851;0,078431372549019607843
5613;2884;0,006033182503770739064
5613;3015;0,006033182503770739064
5613;3164;0,006033182503770739064
5613;3235;0,010558069381598793363
5613;3480;0,007541478129713423831
5613;3481;0,009049773755656108597
5613;3508;0,010558069381598793363
5613;3532;0,006033182503770739064
5613;3567;0,007541478129713423831
5613;3678;0,007541478129713423831
5613;3763;0,010558069381598793363
5613;3815;0,006033182503770739064
5613;3891;0,009049773755656108597
5613;3911;0,006033182503770739064
5613;4004;0,004524886877828054298
5613;4257;0,004524886877828054298
5613;4268;0,007541478129713423831
5613;4355;0,006033182503770739064
5613;4486;0,007541478129713423831
5613;4814;0,006033182503770739064
5613;4860;0,006033182503770739064
5613;4933;0,006033182503770739064
5613;4935;0,004524886877828054298
5613;5061;0,034690799396681749622
5613;5088;0,006033182503770739064
5613;5089;0,006033182503770739064
5613;5172;0,006033182503770739064
5613;5329;0,006033182503770739064
5613;5493;0,006033182503770739064
5613;5521;0,007541478129713423831
5613;5528;0,006033182503770739064
5613;5679;0,012066365007541478129
5613;6406;0,006033182503770739064
5613;6557;0,007541478129713423831
5613;6856;0,007541478129713423831
5613;6994;0,006033182503770739064
5613;6997;0,006033182503770739064
5613;7911;0,001508295625942684766
5613;7920;0,007541478129713423831
5613;8062;0,025641025641025641025
5613;8513;0,006033182503770739064
5613;8909;0,016591251885369532428
5613;9288;0,001508295625942684766
5613;9300;0,006033182503770739064
5613;9338;0,006033182503770739064
5613;9360;0,006033182503770739064
5613;9468;0,006033182503770739064
5613;9476;0,006033182503770739064
5613;9542;0,004524886877828054298
5613;10480;0,006033182503770739064
5613;10640;0,007541478129713423831
5613;12577;0,007541478129713423831
5613;13122;0,004524886877828054298
5613;13158;0,006033182503770739064
5613;13178;0,007541478129713423831
5613;13907;0,007541478129713423831
5613;14602;0,004524886877828054298
5613;14683;0,007541478129713423831
5613;14803;0,006033182503770739064
5613;14881;0,006033182503770739064
5613;15331;0,006033182503770739064
5613;15762;0,007541478129713423831
5613;15888;0,007541478129713423831
5613;16280;0,006033182503770739064
5613;17584;0,024132730015082956259
5613;17622;0,004524886877828054298
5613;17665;0,007541478129713423831
5613;17727;0,006033182503770739064
5613;18070;0,006033182503770739064
5613;18396;0,004524886877828054298
5613;21005;0,006033182503770739064
5613;22702;0,007541478129713423831
5613;22705;0,006033182503770739064
5613;22708;0,006033182503770739064
5613;22880;0,006033182503770739064
5613;23930;0,006033182503770739064
5613;23953;0,006033182503770739064
5613;23954;0,006033182503770739064
5613;72209;0,006033182503770739064
5613;73289;0,001508295625942684766
5613;508789;0,004524886877828054298
5615;5679;1,000000000000000000000
5616;978;0,500000000000000000000
5616;5679;0,500000000000000000000
5617;5679;0,375000000000000000000
5617;9960;0,125000000000000000000
5617;13704;0,125000000000000000000
5617;17611;0,125000000000000000000
5617;40028;0,250000000000000000000
5621;5679;1,000000000000000000000
5622;1117;0,200000000000000000000
5622;1831;0,200000000000000000000
5622;3085;0,200000000000000000000
5622;4525;0,200000000000000000000
5622;17502;0,200000000000000000000
5623;3650;1,000000000000000000000
5626;66;0,018181818181818181818
5626;184;0,018181818181818181818
5626;407;0,054545454545454545454
5626;547;0,018181818181818181818
5626;622;0,018181818181818181818
5626;713;0,054545454545454545454
5626;750;0,018181818181818181818
5626;761;0,018181818181818181818
5626;805;0,018181818181818181818
5626;918;0,018181818181818181818
5626;999;0,018181818181818181818
5626;1002;0,018181818181818181818
5626;1016;0,036363636363636363636
5626;1085;0,036363636363636363636
5626;1180;0,018181818181818181818
5626;1313;0,018181818181818181818
5626;2137;0,018181818181818181818
5626;2630;0,018181818181818181818
5626;2772;0,018181818181818181818
5626;3033;0,018181818181818181818
5626;3532;0,018181818181818181818
5626;3753;0,018181818181818181818
5626;3779;0,018181818181818181818
5626;3827;0,018181818181818181818
5626;3905;0,036363636363636363636
5626;5012;0,018181818181818181818
5626;5016;0,018181818181818181818
5626;6326;0,018181818181818181818
5626;7574;0,036363636363636363636
5626;7626;0,018181818181818181818
5626;8445;0,018181818181818181818
5626;8566;0,018181818181818181818
5626;12356;0,036363636363636363636
5626;12596;0,018181818181818181818
5626;12670;0,018181818181818181818
5626;13187;0,018181818181818181818
5626;22211;0,018181818181818181818
5626;248832;0,018181818181818181818
5626;248835;0,018181818181818181818
5626;248836;0,018181818181818181818
5626;306994;0,054545454545454545454
5626;381254;0,018181818181818181818
5626;589508;0,036363636363636363636
5627;148;0,200000000000000000000
5627;7648;0,200000000000000000000
5627;113392;0,600000000000000000000
5628;42;0,008064516129032258064
5628;96;0,040322580645161290322
5628;237;0,048387096774193548387
5628;249;0,040322580645161290322
5628;261;0,056451612903225806451
5628;283;0,008064516129032258064
5628;860;0,048387096774193548387
5628;1141;0,080645161290322580645
5628;1156;0,008064516129032258064
5628;1364;0,008064516129032258064
5628;1873;0,016129032258064516129
5628;1988;0,048387096774193548387
5628;2145;0,016129032258064516129
5628;2293;0,072580645161290322580
5628;2461;0,064516129032258064516
5628;3000;0,008064516129032258064
5628;3174;0,008064516129032258064
5628;3219;0,056451612903225806451
5628;3245;0,016129032258064516129
5628;3633;0,016129032258064516129
5628;3753;0,024193548387096774193
5628;3857;0,016129032258064516129
5628;4323;0,016129032258064516129
5628;4881;0,008064516129032258064
5628;4995;0,008064516129032258064
5628;5578;0,024193548387096774193
5628;5679;0,080645161290322580645
5628;6113;0,008064516129032258064
5628;6666;0,016129032258064516129
5628;17720;0,016129032258064516129
5628;24668;0,016129032258064516129
5628;27655;0,016129032258064516129
5628;67275;0,016129032258064516129
5628;137801;0,016129032258064516129
5628;229072;0,016129032258064516129
5628;245879;0,016129032258064516129
5628;276695;0,016129032258064516129
5629;2385;0,250000000000000000000
5629;5367;0,100000000000000000000
5629;5437;0,050000000000000000000
5629;5679;0,500000000000000000000
5629;533247;0,100000000000000000000
5632;190;0,045454545454545454545
5632;749;0,045454545454545454545
5632;841;0,136363636363636363636
5632;878;0,045454545454545454545
5632;1066;0,045454545454545454545
5632;1122;0,045454545454545454545
5632;1667;0,045454545454545454545
5632;2070;0,090909090909090909090
5632;2147;0,045454545454545454545
5632;2349;0,045454545454545454545
5632;2385;0,090909090909090909090
5632;4525;0,045454545454545454545
5632;7759;0,045454545454545454545
5632;9409;0,090909090909090909090
5632;9419;0,045454545454545454545
5632;12001;0,045454545454545454545
5632;365524;0,045454545454545454545
5635;216;0,021276595744680851063
5635;523;0,021276595744680851063
5635;573;0,021276595744680851063
5635;1010;0,042553191489361702127
5635;2001;0,021276595744680851063
5635;2188;0,021276595744680851063
5635;2484;0,063829787234042553191
5635;3551;0,021276595744680851063
5635;3685;0,021276595744680851063
5635;4001;0,021276595744680851063
5635;4090;0,021276595744680851063
5635;4091;0,021276595744680851063
5635;4877;0,085106382978723404255
5635;5470;0,085106382978723404255
5635;5679;0,191489361702127659574
5635;6372;0,021276595744680851063
5635;6991;0,042553191489361702127
5635;7748;0,063829787234042553191
5635;8268;0,021276595744680851063
5635;10523;0,021276595744680851063
5635;13504;0,021276595744680851063
5635;14050;0,042553191489361702127
5635;18149;0,021276595744680851063
5635;18300;0,021276595744680851063
5635;20436;0,021276595744680851063
5635;21512;0,021276595744680851063
5637;12820;1,000000000000000000000
5638;148;0,041666666666666666666
5638;283;0,041666666666666666666
5638;360;0,041666666666666666666
5638;622;0,041666666666666666666
5638;749;0,041666666666666666666
5638;846;0,041666666666666666666
5638;1065;0,041666666666666666666
5638;1925;0,041666666666666666666
5638;2287;0,041666666666666666666
5638;2435;0,041666666666666666666
5638;2489;0,041666666666666666666
5638;2991;0,041666666666666666666
5638;3256;0,041666666666666666666
5638;4159;0,041666666666666666666
5638;4350;0,125000000000000000000
5638;5149;0,041666666666666666666
5638;5245;0,083333333333333333333
5638;8715;0,041666666666666666666
5638;59841;0,041666666666666666666
5638;114536;0,041666666666666666666
5638;311584;0,041666666666666666666
5640;517;0,166666666666666666666
5640;829;0,166666666666666666666
5640;3395;0,166666666666666666666
5640;20393;0,166666666666666666666
5640;27615;0,166666666666666666666
5640;59745;0,166666666666666666666
5643;65;0,090909090909090909090
5643;3293;0,090909090909090909090
5643;5679;0,818181818181818181818
5645;5679;0,714285714285714285714
5645;27610;0,285714285714285714285
5646;23562;0,666666666666666666666
5646;27674;0,333333333333333333333
5647;1574;1,000000000000000000000
5651;35;0,083333333333333333333
5651;2491;0,583333333333333333333
5651;2648;0,166666666666666666666
5651;5666;0,166666666666666666666
5654;11552;1,000000000000000000000
5660;1913;0,333333333333333333333
5660;27813;0,166666666666666666666
5660;27841;0,166666666666666666666
5660;89703;0,166666666666666666666
5660;313473;0,166666666666666666666
5666;3683;0,166666666666666666666
5666;4293;0,166666666666666666666
5666;5001;0,166666666666666666666
5666;5005;0,166666666666666666666
5666;5484;0,166666666666666666666
5666;5651;0,166666666666666666666
5681;1556;0,714285714285714285714
5681;3827;0,142857142857142857142
5681;5016;0,142857142857142857142
5691;1866;0,166666666666666666666
5691;3085;0,333333333333333333333
5691;4281;0,166666666666666666666
5691;9434;0,166666666666666666666
5691;57838;0,166666666666666666666
5693;997;1,000000000000000000000
5698;815;0,250000000000000000000
5698;5564;0,250000000000000000000
5698;533247;0,500000000000000000000
5753;1187;0,133333333333333333333
5753;1321;0,066666666666666666666
5753;1697;0,200000000000000000000
5753;1707;0,066666666666666666666
5753;1708;0,133333333333333333333
5753;1763;0,066666666666666666666
5753;5918;0,066666666666666666666
5753;659902;0,266666666666666666666
5782;419;0,500000000000000000000
5782;1220;0,500000000000000000000
5783;295;0,500000000000000000000
5783;853;0,500000000000000000000
5784;1239;1,000000000000000000000
5789;914;0,333333333333333333333
5789;1348;0,666666666666666666666
5790;119;0,029411764705882352941
5790;1265;0,117647058823529411764
5790;5149;0,029411764705882352941
5790;12706;0,823529411764705882352
5824;2464;0,333333333333333333333
5824;137801;0,666666666666666666666
5831;307;0,250000000000000000000
5831;1335;0,250000000000000000000
5831;4625;0,250000000000000000000
5831;418454;0,250000000000000000000
5851;13502;0,333333333333333333333
5851;13644;0,500000000000000000000
5851;19582;0,166666666666666666666
5852;519;0,034482758620689655172
5852;778;0,034482758620689655172
5852;1425;0,034482758620689655172
5852;1822;0,103448275862068965517
5852;2140;0,310344827586206896551
5852;2494;0,103448275862068965517
5852;2877;0,034482758620689655172
5852;3178;0,034482758620689655172
5852;3197;0,034482758620689655172
5852;3825;0,034482758620689655172
5852;4145;0,034482758620689655172
5852;7072;0,034482758620689655172
5852;7095;0,034482758620689655172
5852;8373;0,034482758620689655172
5852;9288;0,034482758620689655172
5852;28462;0,034482758620689655172
5852;28465;0,034482758620689655172
5854;1422;0,333333333333333333333
5854;3481;0,333333333333333333333
5854;135596;0,333333333333333333333
5856;1053;0,222222222222222222222
5856;12798;0,444444444444444444444
5856;367451;0,333333333333333333333
5861;6535;1,000000000000000000000
5886;362;0,250000000000000000000
5886;1938;0,083333333333333333333
5886;4497;0,083333333333333333333
5886;6169;0,166666666666666666666
5886;8464;0,083333333333333333333
5886;8466;0,166666666666666666666
5886;256951;0,083333333333333333333
5886;418454;0,083333333333333333333
5892;14465;1,000000000000000000000
5896;174;0,125000000000000000000
5896;2470;0,625000000000000000000
5896;21750;0,125000000000000000000
5896;25078;0,125000000000000000000
5915;288;0,250000000000000000000
5915;545;0,250000000000000000000
5915;1951;0,125000000000000000000
5915;5506;0,250000000000000000000
5915;9159;0,125000000000000000000
5918;738;0,315789473684210526315
5918;1600;0,052631578947368421052
5918;1763;0,052631578947368421052
5918;2772;0,210526315789473684210
5918;2825;0,052631578947368421052
5918;3675;0,052631578947368421052
5918;3877;0,052631578947368421052
5918;5493;0,105263157894736842105
5918;6892;0,105263157894736842105
5922;2436;1,000000000000000000000
5935;520;0,235294117647058823529
5935;1182;0,558823529411764705882
5935;1778;0,205882352941176470588
5960;7660;1,000000000000000000000
5967;1946;1,000000000000000000000
5991;240;0,500000000000000000000
5991;6297;0,500000000000000000000
6000;392;0,083333333333333333333
6000;401;0,041666666666666666666
6000;410;0,083333333333333333333
6000;805;0,125000000000000000000
6000;1727;0,083333333333333333333
6000;2140;0,291666666666666666666
6000;2822;0,041666666666666666666
6000;4078;0,125000000000000000000
6000;8237;0,041666666666666666666
6000;8566;0,041666666666666666666
6000;12563;0,041666666666666666666
6007;980;0,500000000000000000000
6007;1513;0,500000000000000000000
6008;101;0,100000000000000000000
6008;241;0,100000000000000000000
6008;2379;0,100000000000000000000
6008;3234;0,200000000000000000000
6008;4187;0,100000000000000000000
6008;4627;0,300000000000000000000
6008;7975;0,100000000000000000000
6027;24;0,030303030303030303030
6027;827;0,030303030303030303030
6027;2064;0,030303030303030303030
6027;2156;0,030303030303030303030
6027;2355;0,030303030303030303030
6027;2479;0,060606060606060606060
6027;3996;0,242424242424242424242
6027;9968;0,060606060606060606060
6027;10633;0,030303030303030303030
6027;16786;0,090909090909090909090
6027;20666;0,030303030303030303030
6027;27286;0,030303030303030303030
6027;29796;0,030303030303030303030
6027;237945;0,030303030303030303030
6027;239965;0,030303030303030303030
6027;248831;0,030303030303030303030
6027;255740;0,030303030303030303030
6027;283638;0,030303030303030303030
6027;331627;0,030303030303030303030
6027;365534;0,030303030303030303030
6027;365536;0,030303030303030303030
6027;388810;0,030303030303030303030
6045;3996;0,500000000000000000000
6045;10080;0,500000000000000000000
6048;761;0,083333333333333333333
6048;793;0,416666666666666666666
6048;1554;0,166666666666666666666
6048;4225;0,166666666666666666666
6048;5001;0,166666666666666666666
6058;2851;0,500000000000000000000
6058;8512;0,500000000000000000000
6068;1220;0,333333333333333333333
6068;1771;0,222222222222222222222
6068;2421;0,111111111111111111111
6068;6234;0,111111111111111111111
6068;6630;0,111111111111111111111
6068;11330;0,111111111111111111111
6072;1014;0,071428571428571428571
6072;1321;0,142857142857142857142
6072;1700;0,071428571428571428571
6072;2470;0,214285714285714285714
6072;4518;0,357142857142857142857
6072;9951;0,071428571428571428571
6072;931417;0,071428571428571428571
6113;42;0,500000000000000000000
6113;860;0,250000000000000000000
6113;140175;0,250000000000000000000
6130;550;0,058823529411764705882
6130;1374;0,117647058823529411764
6130;1910;0,058823529411764705882
6130;2792;0,294117647058823529411
6130;3301;0,117647058823529411764
6130;5264;0,058823529411764705882
6130;6567;0,117647058823529411764
6130;13476;0,176470588235294117647
6132;863;0,428571428571428571428
6132;1225;0,571428571428571428571
6144;1563;0,500000000000000000000
6144;752863;0,500000000000000000000
6151;1160;0,230769230769230769230
6151;1939;0,076923076923076923076
6151;3158;0,076923076923076923076
6151;3656;0,076923076923076923076
6151;6150;0,076923076923076923076
6151;12356;0,076923076923076923076
6151;41565;0,230769230769230769230
6151;283638;0,076923076923076923076
6151;353698;0,076923076923076923076
6164;642;1,000000000000000000000
6169;852;0,166666666666666666666
6169;1938;0,166666666666666666666
6169;2652;0,166666666666666666666
6169;3587;0,333333333333333333333
6169;5886;0,166666666666666666666
6189;65;0,062500000000000000000
6189;642;0,187500000000000000000
6189;826;0,125000000000000000000
6189;2504;0,125000000000000000000
6189;3142;0,062500000000000000000
6189;5437;0,062500000000000000000
6189;8013;0,062500000000000000000
6189;8460;0,062500000000000000000
6189;54774;0,062500000000000000000
6189;57838;0,062500000000000000000
6189;259831;0,062500000000000000000
6189;533247;0,062500000000000000000
6192;925;1,000000000000000000000
6201;1468;0,200000000000000000000
6201;2275;0,400000000000000000000
6201;76428;0,400000000000000000000
6203;122;0,187500000000000000000
6203;625;0,687500000000000000000
6203;2375;0,062500000000000000000
6203;5155;0,062500000000000000000
6213;2385;0,166666666666666666666
6213;10649;0,500000000000000000000
6213;151929;0,166666666666666666666
6213;440509;0,083333333333333333333
6213;533247;0,083333333333333333333
6234;1274;0,111111111111111111111
6234;1910;0,222222222222222222222
6234;2367;0,111111111111111111111
6234;4222;0,111111111111111111111
6234;6068;0,222222222222222222222
6234;352420;0,222222222222222222222
6262;391;0,500000000000000000000
6262;12563;0,500000000000000000000
6267;997;0,250000000000000000000
6267;3656;0,500000000000000000000
6267;13176;0,250000000000000000000
6297;3905;1,000000000000000000000
6316;127;0,018518518518518518518
6316;622;0,018518518518518518518
6316;1121;0,018518518518518518518
6316;1508;0,018518518518518518518
6316;2385;0,037037037037037037037
6316;2644;0,037037037037037037037
6316;3269;0,037037037037037037037
6316;3704;0,037037037037037037037
6316;3748;0,018518518518518518518
6316;3798;0,037037037037037037037
6316;3998;0,037037037037037037037
6316;4197;0,018518518518518518518
6316;4493;0,037037037037037037037
6316;4525;0,037037037037037037037
6316;5441;0,129629629629629629629
6316;5519;0,037037037037037037037
6316;8381;0,018518518518518518518
6316;8500;0,037037037037037037037
6316;9217;0,037037037037037037037
6316;9382;0,018518518518518518518
6316;9386;0,018518518518518518518
6316;9392;0,018518518518518518518
6316;9398;0,018518518518518518518
6316;9401;0,037037037037037037037
6316;9406;0,037037037037037037037
6316;9422;0,074074074074074074074
6316;9438;0,037037037037037037037
6316;533247;0,074074074074074074074
6320;9;0,030303030303030303030
6320;77;0,060606060606060606060
6320;240;0,060606060606060606060
6320;475;0,060606060606060606060
6320;528;0,060606060606060606060
6320;669;0,030303030303030303030
6320;979;0,090909090909090909090
6320;1109;0,060606060606060606060
6320;1122;0,060606060606060606060
6320;1838;0,030303030303030303030
6320;1866;0,090909090909090909090
6320;2046;0,090909090909090909090
6320;2149;0,060606060606060606060
6320;4829;0,030303030303030303030
6320;8156;0,030303030303030303030
6320;8293;0,030303030303030303030
6320;9390;0,030303030303030303030
6320;9406;0,030303030303030303030
6320;25849;0,030303030303030303030
6320;286660;0,030303030303030303030
6326;617;0,333333333333333333333
6326;8445;0,333333333333333333333
6326;44336;0,333333333333333333333
6347;250;0,285714285714285714285
6347;6535;0,428571428571428571428
6347;10020;0,285714285714285714285
6349;527;0,222222222222222222222
6349;1588;0,222222222222222222222
6349;3320;0,111111111111111111111
6349;3877;0,333333333333333333333
6349;789157;0,111111111111111111111
6353;244;0,555555555555555555555
6353;1355;0,111111111111111111111
6353;2190;0,111111111111111111111
6353;6250;0,222222222222222222222
6354;1489;0,400000000000000000000
6354;5245;0,600000000000000000000
6372;294;0,142857142857142857142
6372;689;0,857142857142857142857
6406;170;0,333333333333333333333
6406;2489;0,333333333333333333333
6406;8062;0,333333333333333333333
6413;1321;0,500000000000000000000
6413;2427;0,500000000000000000000
6430;24;0,272727272727272727272
6430;40;0,090909090909090909090
6430;388;0,090909090909090909090
6430;391;0,181818181818181818181
6430;642;0,090909090909090909090
6430;12356;0,181818181818181818181
6430;21697;0,090909090909090909090
6433;1946;0,428571428571428571428
6433;3842;0,285714285714285714285
6433;5392;0,142857142857142857142
6433;8165;0,142857142857142857142
6440;74;0,400000000000000000000
6440;1889;0,400000000000000000000
6440;2713;0,200000000000000000000
6444;85;0,076923076923076923076
6444;253;0,076923076923076923076
6444;254;0,076923076923076923076
6444;1455;0,076923076923076923076
6444;3503;0,076923076923076923076
6444;4598;0,153846153846153846153
6444;5142;0,076923076923076923076
6444;10823;0,076923076923076923076
6444;12876;0,076923076923076923076
6444;12880;0,076923076923076923076
6444;251238;0,076923076923076923076
6444;283638;0,076923076923076923076
6461;37;0,090909090909090909090
6461;1018;0,090909090909090909090
6461;1877;0,090909090909090909090
6461;1959;0,181818181818181818181
6461;2433;0,181818181818181818181
6461;2778;0,090909090909090909090
6461;6723;0,181818181818181818181
6461;393418;0,090909090909090909090
6465;2385;0,400000000000000000000
6465;2503;0,600000000000000000000
6468;115;0,666666666666666666666
6468;490;0,333333333333333333333
6483;1180;0,200000000000000000000
6483;3905;0,200000000000000000000
6483;4292;0,200000000000000000000
6483;4976;0,200000000000000000000
6483;5016;0,200000000000000000000
6496;277;0,272727272727272727272
6496;2648;0,090909090909090909090
6496;3098;0,090909090909090909090
6496;3123;0,272727272727272727272
6496;4159;0,272727272727272727272
6497;770;0,166666666666666666666
6497;3141;0,166666666666666666666
6497;4159;0,333333333333333333333
6497;4852;0,166666666666666666666
6497;8165;0,166666666666666666666
6498;2367;0,250000000000000000000
6498;3145;0,250000000000000000000
6498;5168;0,250000000000000000000
6498;10080;0,250000000000000000000
6499;6045;1,000000000000000000000
6501;293;0,333333333333333333333
6501;835;0,333333333333333333333
6501;4159;0,333333333333333333333
6502;1657;0,666666666666666666666
6502;2802;0,333333333333333333333
6503;1231;0,076923076923076923076
6503;1263;0,153846153846153846153
6503;2736;0,153846153846153846153
6503;3141;0,076923076923076923076
6503;3145;0,153846153846153846153
6503;57838;0,153846153846153846153
6503;237945;0,076923076923076923076
6503;381254;0,153846153846153846153
6504;6509;0,500000000000000000000
6504;6511;0,500000000000000000000
6505;1143;0,666666666666666666666
6505;140271;0,333333333333333333333
6509;6504;0,250000000000000000000
6509;6518;0,250000000000000000000
6509;140271;0,500000000000000000000
6511;829;1,000000000000000000000
6517;8687;0,333333333333333333333
6517;140271;0,666666666666666666666
6518;6504;0,750000000000000000000
6518;140271;0,250000000000000000000
6523;2487;1,000000000000000000000
6524;4159;0,333333333333333333333
6524;5306;0,666666666666666666666
6535;979;0,055555555555555555555
6535;1160;0,111111111111111111111
6535;1889;0,111111111111111111111
6535;2661;0,055555555555555555555
6535;2713;0,166666666666666666666
6535;4513;0,055555555555555555555
6535;5861;0,111111111111111111111
6535;6347;0,111111111111111111111
6535;7160;0,055555555555555555555
6535;281067;0,166666666666666666666
6543;85;0,023809523809523809523
6543;122;0,023809523809523809523
6543;222;0,047619047619047619047
6543;283;0,023809523809523809523
6543;771;0,023809523809523809523
6543;972;0,071428571428571428571
6543;2741;0,023809523809523809523
6543;2803;0,666666666666666666666
6543;5013;0,023809523809523809523
6543;8363;0,047619047619047619047
6543;8489;0,023809523809523809523
6548;497;0,142857142857142857142
6548;1780;0,071428571428571428571
6548;2046;0,214285714285714285714
6548;4500;0,071428571428571428571
6548;5564;0,142857142857142857142
6548;7759;0,071428571428571428571
6548;9208;0,285714285714285714285
6554;498;0,600000000000000000000
6554;3315;0,100000000000000000000
6554;8163;0,100000000000000000000
6554;24049;0,100000000000000000000
6554;27848;0,100000000000000000000
6567;475;0,142857142857142857142
6567;2484;0,142857142857142857142
6567;6130;0,142857142857142857142
6567;12706;0,071428571428571428571
6567;13476;0,500000000000000000000
6581;119;0,057142857142857142857
6581;622;0,028571428571428571428
6581;1121;0,028571428571428571428
6581;2150;0,028571428571428571428
6581;4281;0,257142857142857142857
6581;5351;0,228571428571428571428
6581;8730;0,028571428571428571428
6581;10080;0,028571428571428571428
6581;18247;0,085714285714285714285
6581;20969;0,114285714285714285714
6581;28763;0,028571428571428571428
6581;219255;0,028571428571428571428
6581;533247;0,057142857142857142857
6602;74;1,000000000000000000000
6609;1889;1,000000000000000000000
6624;878;0,200000000000000000000
6624;3403;0,200000000000000000000
6624;7780;0,400000000000000000000
6624;18258;0,200000000000000000000
6627;420;0,250000000000000000000
6627;425;0,500000000000000000000
6627;5679;0,250000000000000000000
6630;2419;0,500000000000000000000
6630;2421;0,500000000000000000000
6634;1064;0,318181818181818181818
6634;1454;0,045454545454545454545
6634;1510;0,045454545454545454545
6634;1700;0,045454545454545454545
6634;2470;0,272727272727272727272
6634;3867;0,136363636363636363636
6634;8858;0,045454545454545454545
6634;8870;0,090909090909090909090
6635;83;0,250000000000000000000
6635;1504;0,500000000000000000000
6635;1862;0,250000000000000000000
6641;1220;0,400000000000000000000
6641;2421;0,100000000000000000000
6641;6604;0,100000000000000000000
6641;13179;0,200000000000000000000
6641;27066;0,200000000000000000000
6666;1988;0,500000000000000000000
6666;5628;0,500000000000000000000
6681;3378;1,000000000000000000000
6693;979;0,200000000000000000000
6693;2737;0,200000000000000000000
6693;8730;0,200000000000000000000
6693;20853;0,200000000000000000000
6693;28567;0,200000000000000000000
6694;346;0,071428571428571428571
6694;545;0,357142857142857142857
6694;2438;0,142857142857142857142
6694;9159;0,214285714285714285714
6694;13310;0,142857142857142857142
6694;54879;0,071428571428571428571
6701;189;0,166666666666666666666
6701;609;0,666666666666666666666
6701;4374;0,166666666666666666666
6721;600;0,400000000000000000000
6721;1754;0,600000000000000000000
6723;189;0,023809523809523809523
6723;285;0,059523809523809523809
6723;435;0,107142857142857142857
6723;721;0,011904761904761904761
6723;861;0,011904761904761904761
6723;1156;0,023809523809523809523
6723;1276;0,011904761904761904761
6723;1608;0,011904761904761904761
6723;1710;0,035714285714285714285
6723;1967;0,119047619047619047619
6723;2091;0,011904761904761904761
6723;2175;0,011904761904761904761
6723;2330;0,023809523809523809523
6723;2472;0,023809523809523809523
6723;2510;0,023809523809523809523
6723;2544;0,107142857142857142857
6723;2778;0,023809523809523809523
6723;2990;0,011904761904761904761
6723;3103;0,047619047619047619047
6723;3393;0,107142857142857142857
6723;3838;0,011904761904761904761
6723;3894;0,011904761904761904761
6723;4020;0,047619047619047619047
6723;4695;0,011904761904761904761
6723;4938;0,023809523809523809523
6723;9288;0,011904761904761904761
6723;75230;0,035714285714285714285
6723;651622;0,035714285714285714285
6746;5042;1,000000000000000000000
6765;2275;0,450000000000000000000
6765;2287;0,300000000000000000000
6765;2421;0,025000000000000000000
6765;6918;0,025000000000000000000
6765;11369;0,150000000000000000000
6765;383069;0,050000000000000000000
6773;681;0,500000000000000000000
6773;683;0,083333333333333333333
6773;5175;0,083333333333333333333
6773;16487;0,083333333333333333333
6773;394755;0,250000000000000000000
6788;1897;0,666666666666666666666
6788;789157;0,333333333333333333333
6812;750;0,200000000000000000000
6812;3401;0,100000000000000000000
6812;3811;0,200000000000000000000
6812;4578;0,300000000000000000000
6812;7572;0,100000000000000000000
6812;12159;0,100000000000000000000
6856;240;0,166666666666666666666
6856;793;0,333333333333333333333
6856;5061;0,500000000000000000000
6881;13850;1,000000000000000000000
6883;4379;0,100000000000000000000
6883;5005;0,200000000000000000000
6883;5013;0,700000000000000000000
6889;96;0,666666666666666666666
6889;9805;0,333333333333333333333
6892;1004;0,500000000000000000000
6892;1600;0,125000000000000000000
6892;5918;0,125000000000000000000
6892;789157;0,250000000000000000000
6907;743909;1,000000000000000000000
6913;613;0,117647058823529411764
6913;808;0,058823529411764705882
6913;3811;0,058823529411764705882
6913;3944;0,117647058823529411764
6913;4307;0,235294117647058823529
6913;4345;0,235294117647058823529
6913;7571;0,058823529411764705882
6913;9762;0,058823529411764705882
6913;11415;0,058823529411764705882
6915;1253;0,166666666666666666666
6915;3877;0,166666666666666666666
6915;4345;0,666666666666666666666
6918;1042;0,083333333333333333333
6918;2115;0,083333333333333333333
6918;2275;0,083333333333333333333
6918;2287;0,083333333333333333333
6918;2423;0,083333333333333333333
6918;6765;0,083333333333333333333
6918;11369;0,083333333333333333333
6918;25221;0,083333333333333333333
6918;25230;0,083333333333333333333
6918;25905;0,166666666666666666666
6918;373677;0,083333333333333333333
6923;854;0,500000000000000000000
6923;12339;0,500000000000000000000
6929;240;0,333333333333333333333
6929;1171;0,111111111111111111111
6929;3169;0,555555555555555555555
6930;1135;0,285714285714285714285
6930;3496;0,142857142857142857142
6930;3667;0,142857142857142857142
6930;687941;0,428571428571428571428
6940;437;0,300000000000000000000
6940;1565;0,200000000000000000000
6940;1608;0,100000000000000000000
6940;1609;0,300000000000000000000
6940;13291;0,100000000000000000000
6955;5083;0,500000000000000000000
6955;7183;0,500000000000000000000
6962;65;0,053333333333333333333
6962;71;0,013333333333333333333
6962;138;0,013333333333333333333
6962;194;0,013333333333333333333
6962;240;0,013333333333333333333
6962;452;0,026666666666666666666
6962;475;0,053333333333333333333
6962;529;0,013333333333333333333
6962;749;0,026666666666666666666
6962;826;0,493333333333333333333
6962;1278;0,013333333333333333333
6962;1724;0,013333333333333333333
6962;1925;0,013333333333333333333
6962;2554;0,013333333333333333333
6962;3607;0,013333333333333333333
6962;4274;0,013333333333333333333
6962;4533;0,013333333333333333333
6962;6189;0,013333333333333333333
6962;6213;0,013333333333333333333
6962;7160;0,013333333333333333333
6962;9395;0,053333333333333333333
6962;14907;0,013333333333333333333
6962;15586;0,013333333333333333333
6962;59745;0,026666666666666666666
6962;112062;0,026666666666666666666
6962;660708;0,013333333333333333333
6979;251;0,800000000000000000000
6979;6981;0,200000000000000000000
6980;251;1,000000000000000000000
6981;251;0,800000000000000000000
6981;615;0,200000000000000000000
6986;2181;0,333333333333333333333
6986;3135;0,333333333333333333333
6986;3230;0,333333333333333333333
7005;771;0,250000000000000000000
7005;8363;0,250000000000000000000
7005;9356;0,500000000000000000000
7030;846;0,090909090909090909090
7030;2275;0,090909090909090909090
7030;2489;0,090909090909090909090
7030;2863;0,090909090909090909090
7030;12563;0,181818181818181818181
7030;28557;0,090909090909090909090
7030;28560;0,090909090909090909090
7030;28561;0,090909090909090909090
7030;119973;0,181818181818181818181
7049;267;0,013698630136986301369
7049;861;0,013698630136986301369
7049;1448;0,013698630136986301369
7049;1570;0,109589041095890410958
7049;1583;0,493150684931506849315
7049;1591;0,013698630136986301369
7049;2379;0,013698630136986301369
7049;3045;0,013698630136986301369
7049;3234;0,013698630136986301369
7049;3381;0,013698630136986301369
7049;4376;0,013698630136986301369
7049;8095;0,013698630136986301369
7049;8630;0,013698630136986301369
7049;10020;0,150684931506849315068
7049;12907;0,095890410958904109589
7072;219;0,125000000000000000000
7072;778;0,125000000000000000000
7072;2140;0,125000000000000000000
7072;3178;0,125000000000000000000
7072;4145;0,500000000000000000000
7080;642;0,058823529411764705882
7080;826;0,058823529411764705882
7080;846;0,058823529411764705882
7080;1162;0,235294117647058823529
7080;2512;0,058823529411764705882
7080;2834;0,117647058823529411764
7080;2863;0,058823529411764705882
7080;5061;0,058823529411764705882
7080;15302;0,117647058823529411764
7080;157662;0,117647058823529411764
7080;883847;0,058823529411764705882
7095;59;0,022727272727272727272
7095;778;0,022727272727272727272
7095;1135;0,045454545454545454545
7095;1897;0,022727272727272727272
7095;2175;0,022727272727272727272
7095;2494;0,022727272727272727272
7095;3178;0,090909090909090909090
7095;3197;0,068181818181818181818
7095;3306;0,022727272727272727272
7095;3318;0,136363636363636363636
7095;4145;0,227272727272727272727
7095;7072;0,045454545454545454545
7095;8566;0,022727272727272727272
7095;9288;0,090909090909090909090
7095;17269;0,022727272727272727272
7095;28484;0,022727272727272727272
7095;119973;0,068181818181818181818
7095;373924;0,022727272727272727272
7106;1065;0,333333333333333333333
7106;2731;0,666666666666666666666
7111;54;0,060606060606060606060
7111;119;0,121212121212121212121
7111;322;0,030303030303030303030
7111;1462;0,030303030303030303030
7111;1663;0,121212121212121212121
7111;2007;0,030303030303030303030
7111;2021;0,060606060606060606060
7111;3105;0,151515151515151515151
7111;5149;0,060606060606060606060
7111;5657;0,030303030303030303030
7111;5789;0,060606060606060606060
7111;5790;0,090909090909090909090
7111;13796;0,030303030303030303030
7111;15895;0,060606060606060606060
7111;415767;0,060606060606060606060
7116;279;0,818181818181818181818
7116;3230;0,090909090909090909090
7116;355336;0,090909090909090909090
7126;2429;0,800000000000000000000
7126;2798;0,200000000000000000000
7130;96;0,181818181818181818181
7130;420;0,181818181818181818181
7130;600;0,181818181818181818181
7130;1316;0,181818181818181818181
7130;12432;0,136363636363636363636
7130;12816;0,090909090909090909090
7130;940328;0,045454545454545454545
7131;3155;0,250000000000000000000
7131;5543;0,083333333333333333333
7131;7553;0,166666666666666666666
7131;9905;0,250000000000000000000
7131;10306;0,250000000000000000000
7135;441;0,300000000000000000000
7135;513;0,200000000000000000000
7135;2972;0,300000000000000000000
7135;4988;0,100000000000000000000
7135;12591;0,100000000000000000000
7142;85;0,625000000000000000000
7142;254;0,250000000000000000000
7142;1779;0,031250000000000000000
7142;5223;0,062500000000000000000
7142;251238;0,031250000000000000000
7151;4538;0,500000000000000000000
7151;5543;0,500000000000000000000
7160;475;0,172413793103448275862
7160;678;0,034482758620689655172
7160;1448;0,068965517241379310344
7160;1889;0,206896551724137931034
7160;2661;0,310344827586206896551
7160;3873;0,068965517241379310344
7160;6535;0,034482758620689655172
7160;499117;0,103448275862068965517
7209;320;0,456140350877192982456
7209;1457;0,157894736842105263157
7209;1462;0,035087719298245614035
7209;2206;0,105263157894736842105
7209;5071;0,192982456140350877192
7209;5212;0,035087719298245614035
7209;28970;0,017543859649122807017
7221;8723;0,222222222222222222222
7221;9184;0,555555555555555555555
7221;20235;0,111111111111111111111
7221;533247;0,111111111111111111111
7259;3158;0,833333333333333333333
7259;13369;0,166666666666666666666
7278;1971;1,000000000000000000000
7301;960;1,000000000000000000000
7322;277;0,142857142857142857142
7322;359;0,428571428571428571428
7322;5083;0,428571428571428571428
7328;621;0,533333333333333333333
7328;7564;0,066666666666666666666
7328;423622;0,200000000000000000000
7328;512469;0,200000000000000000000
7341;382;0,058823529411764705882
7341;399;0,411764705882352941176
7341;411;0,264705882352941176470
7341;419;0,176470588235294117647
7341;1127;0,058823529411764705882
7341;367121;0,029411764705882352941
7389;1840;0,250000000000000000000
7389;4576;0,750000000000000000000
7399;7748;1,000000000000000000000
7418;208;0,058823529411764705882
7418;1348;0,117647058823529411764
7418;1663;0,058823529411764705882
7418;2206;0,294117647058823529411
7418;3499;0,058823529411764705882
7418;3957;0,117647058823529411764
7418;5212;0,058823529411764705882
7418;12497;0,176470588235294117647
7418;28970;0,058823529411764705882
7434;2182;0,500000000000000000000
7434;4931;0,500000000000000000000
7478;749;0,250000000000000000000
7478;1042;0,250000000000000000000
7478;2054;0,250000000000000000000
7478;2275;0,250000000000000000000
7521;3212;0,333333333333333333333
7521;12755;0,333333333333333333333
7521;13141;0,333333333333333333333
7543;551;0,023210831721470019342
7543;600;0,040618955512572533849
7543;859;0,003868471953578336557
7543;1344;0,023210831721470019342
7543;1454;0,025145067698259187620
7543;1898;0,036750483558994197292
7543;2435;0,003868471953578336557
7543;2743;0,036750483558994197292
7543;2786;0,038684719535783365570
7543;3256;0,009671179883945841392
7543;3420;0,034816247582205029013
7543;3683;0,003868471953578336557
7543;3685;0,032882011605415860735
7543;4587;0,023210831721470019342
7543;5136;0,038684719535783365570
7543;7717;0,025145067698259187620
7543;7975;0,036750483558994197292
7543;8212;0,025145067698259187620
7543;12959;0,036750483558994197292
7543;15737;0,025145067698259187620
7543;23759;0,025145067698259187620
7543;27613;0,023210831721470019342
7543;152027;0,390715667311411992263
7543;329272;0,036750483558994197292
7560;275;0,166666666666666666666
7560;282;0,083333333333333333333
7560;477;0,125000000000000000000
7560;731;0,083333333333333333333
7560;4748;0,083333333333333333333
7560;5138;0,125000000000000000000
7560;15471;0,125000000000000000000
7560;30063;0,041666666666666666666
7560;173893;0,083333333333333333333
7560;282773;0,083333333333333333333
7564;1364;0,045454545454545454545
7564;1422;0,045454545454545454545
7564;1554;0,045454545454545454545
7564;2005;0,045454545454545454545
7564;2374;0,045454545454545454545
7564;2551;0,045454545454545454545
7564;3029;0,045454545454545454545
7564;3800;0,045454545454545454545
7564;4621;0,045454545454545454545
7564;5093;0,045454545454545454545
7564;5469;0,045454545454545454545
7564;5530;0,045454545454545454545
7564;5854;0,045454545454545454545
7564;6267;0,045454545454545454545
7564;6930;0,045454545454545454545
7564;7941;0,045454545454545454545
7564;9026;0,045454545454545454545
7564;9386;0,090909090909090909090
7564;9940;0,045454545454545454545
7564;15890;0,045454545454545454545
7564;25849;0,045454545454545454545
7571;3877;0,500000000000000000000
7571;6913;0,500000000000000000000
7572;2596;0,333333333333333333333
7572;3877;0,333333333333333333333
7572;6812;0,333333333333333333333
7574;184;0,150000000000000000000
7574;407;0,300000000000000000000
7574;1139;0,100000000000000000000
7574;2630;0,100000000000000000000
7574;5626;0,200000000000000000000
7574;306994;0,150000000000000000000
7578;362;0,043478260869565217391
7578;1182;0,434782608695652173913
7578;4379;0,086956521739130434782
7578;4497;0,347826086956521739130
7578;10327;0,043478260869565217391
7578;584314;0,043478260869565217391
7585;3178;1,000000000000000000000
7586;151;0,666666666666666666666
7586;2041;0,333333333333333333333
7597;645;1,000000000000000000000
7605;15643;1,000000000000000000000
7626;975;0,125000000000000000000
7626;3033;0,062500000000000000000
7626;5626;0,062500000000000000000
7626;248840;0,750000000000000000000
7630;1754;0,500000000000000000000
7630;1913;0,125000000000000000000
7630;3575;0,125000000000000000000
7630;7660;0,125000000000000000000
7630;13502;0,125000000000000000000
7650;979;0,250000000000000000000
7650;2052;0,250000000000000000000
7650;4281;0,250000000000000000000
7650;8928;0,250000000000000000000
7653;576;1,000000000000000000000
7671;3122;0,666666666666666666666
7671;179346;0,333333333333333333333
7686;57;0,428571428571428571428
7686;89;0,142857142857142857142
7686;4306;0,142857142857142857142
7686;11734;0,142857142857142857142
7686;960642;0,142857142857142857142
7694;1462;0,166666666666666666666
7694;12706;0,500000000000000000000
7694;21161;0,166666666666666666666
7694;28970;0,166666666666666666666
7701;5245;1,000000000000000000000
7711;1831;0,111111111111111111111
7711;3091;0,222222222222222222222
7711;3420;0,111111111111111111111
7711;6955;0,111111111111111111111
7711;38738;0,222222222222222222222
7711;50959;0,111111111111111111111
7711;76428;0,111111111111111111111
7713;277;0,400000000000000000000
7713;749;0,200000000000000000000
7713;1678;0,200000000000000000000
7713;3344;0,100000000000000000000
7713;189452;0,100000000000000000000
7716;119;0,333333333333333333333
7716;596;0,333333333333333333333
7716;5017;0,333333333333333333333
7717;2834;0,166666666666666666666
7717;4309;0,166666666666666666666
7717;9476;0,166666666666666666666
7717;30696;0,166666666666666666666
7717;94073;0,166666666666666666666
7717;883847;0,166666666666666666666
7738;255899;0,333333333333333333333
7738;280033;0,666666666666666666666
7741;521;0,055555555555555555555
7741;528;0,166666666666666666666
7741;706;0,055555555555555555555
7741;848;0,055555555555555555555
7741;1182;0,111111111111111111111
7741;1514;0,055555555555555555555
7741;2596;0,055555555555555555555
7741;4681;0,055555555555555555555
7741;5012;0,055555555555555555555
7741;7571;0,055555555555555555555
7741;9722;0,055555555555555555555
7741;248834;0,222222222222222222222
7747;2054;0,250000000000000000000
7747;7759;0,250000000000000000000
7747;9431;0,250000000000000000000
7747;9806;0,250000000000000000000
7748;545;0,029411764705882352941
7748;573;0,029411764705882352941
7748;891;0,029411764705882352941
7748;1293;0,014705882352941176470
7748;4090;0,014705882352941176470
7748;4374;0,264705882352941176470
7748;5635;0,029411764705882352941
7748;5831;0,029411764705882352941
7748;6326;0,029411764705882352941
7748;8445;0,029411764705882352941
7748;10649;0,029411764705882352941
7748;44336;0,029411764705882352941
7748;76695;0,029411764705882352941
7748;119483;0,029411764705882352941
7748;135123;0,029411764705882352941
7748;257273;0,014705882352941176470
7748;368117;0,308823529411764705882
7748;409930;0,029411764705882352941
7755;354;0,500000000000000000000
7755;2098;0,500000000000000000000
7756;189;0,294117647058823529411
7756;568;0,117647058823529411764
7756;1082;0,058823529411764705882
7756;1840;0,117647058823529411764
7756;4576;0,117647058823529411764
7756;6701;0,117647058823529411764
7756;18622;0,176470588235294117647
7759;497;0,028571428571428571428
7759;526;0,028571428571428571428
7759;815;0,085714285714285714285
7759;977;0,028571428571428571428
7759;1109;0,028571428571428571428
7759;1780;0,200000000000000000000
7759;3085;0,028571428571428571428
7759;5367;0,028571428571428571428
7759;6548;0,028571428571428571428
7759;7747;0,028571428571428571428
7759;9208;0,057142857142857142857
7759;13265;0,028571428571428571428
7759;19031;0,057142857142857142857
7759;284854;0,171428571428571428571
7759;308238;0,142857142857142857142
7759;640335;0,028571428571428571428
7767;1109;0,285714285714285714285
7767;3736;0,571428571428571428571
7767;9415;0,142857142857142857142
7774;6567;0,500000000000000000000
7774;372528;0,500000000000000000000
7780;877;0,200000000000000000000
7780;878;0,200000000000000000000
7780;5557;0,200000000000000000000
7780;6624;0,200000000000000000000
7780;533247;0,200000000000000000000
7793;752;0,076923076923076923076
7793;911;0,076923076923076923076
7793;2054;0,846153846153846153846
7859;2678;0,800000000000000000000
7859;3978;0,200000000000000000000
7874;127;0,214285714285714285714
7874;492;0,035714285714285714285
7874;1173;0,142857142857142857142
7874;1282;0,071428571428571428571
7874;1321;0,071428571428571428571
7874;1706;0,071428571428571428571
7874;2367;0,035714285714285714285
7874;2825;0,035714285714285714285
7874;2826;0,178571428571428571428
7874;8044;0,071428571428571428571
7874;27708;0,035714285714285714285
7874;156500;0,035714285714285714285
7886;137;0,009345794392523364485
7886;229;0,009345794392523364485
7886;641;0,009345794392523364485
7886;712;0,009345794392523364485
7886;713;0,009345794392523364485
7886;778;0,009345794392523364485
7886;980;0,009345794392523364485
7886;1079;0,009345794392523364485
7886;1133;0,009345794392523364485
7886;1160;0,009345794392523364485
7886;1206;0,009345794392523364485
7886;1246;0,009345794392523364485
7886;1310;0,009345794392523364485
7886;1891;0,009345794392523364485
7886;2119;0,009345794392523364485
7886;3145;0,009345794392523364485
7886;3209;0,009345794392523364485
7886;3476;0,009345794392523364485
7886;3557;0,009345794392523364485
7886;3657;0,009345794392523364485
7886;3766;0,056074766355140186915
7886;3811;0,009345794392523364485
7886;3857;0,009345794392523364485
7886;4059;0,009345794392523364485
7886;4102;0,009345794392523364485
7886;4225;0,009345794392523364485
7886;4625;0,009345794392523364485
7886;4713;0,009345794392523364485
7886;4954;0,009345794392523364485
7886;5093;0,009345794392523364485
7886;5174;0,009345794392523364485
7886;5239;0,009345794392523364485
7886;5681;0,009345794392523364485
7886;5854;0,009345794392523364485
7886;5922;0,009345794392523364485
7886;6048;0,009345794392523364485
7886;6151;0,018691588785046728971
7886;6930;0,009345794392523364485
7886;7418;0,009345794392523364485
7886;7574;0,009345794392523364485
7886;7626;0,009345794392523364485
7886;7774;0,009345794392523364485
7886;8373;0,009345794392523364485
7886;8447;0,009345794392523364485
7886;9159;0,009345794392523364485
7886;9274;0,009345794392523364485
7886;9762;0,009345794392523364485
7886;11415;0,009345794392523364485
7886;12876;0,009345794392523364485
7886;13796;0,009345794392523364485
7886;13886;0,009345794392523364485
7886;14465;0,009345794392523364485
7886;17274;0,009345794392523364485
7886;18258;0,009345794392523364485
7886;23096;0,009345794392523364485
7886;398786;0,420560747663551401869
7886;589508;0,009345794392523364485
7906;388;0,250000000000000000000
7906;391;0,250000000000000000000
7906;3560;0,250000000000000000000
7906;22864;0,250000000000000000000
7920;3164;0,250000000000000000000
7920;4935;0,750000000000000000000
7939;524;0,333333333333333333333
7939;621;0,333333333333333333333
7939;533247;0,333333333333333333333
7954;1771;1,000000000000000000000
7968;37;0,064516129032258064516
7968;288;0,032258064516129032258
7968;475;0,032258064516129032258
7968;545;0,096774193548387096774
7968;689;0,032258064516129032258
7968;891;0,064516129032258064516
7968;1497;0,032258064516129032258
7968;2323;0,032258064516129032258
7968;2337;0,032258064516129032258
7968;2371;0,032258064516129032258
7968;2678;0,064516129032258064516
7968;4172;0,032258064516129032258
7968;4657;0,032258064516129032258
7968;7648;0,032258064516129032258
7968;8636;0,129032258064516129032
7968;9376;0,032258064516129032258
7968;113392;0,225806451612903225806
7975;108;0,018181818181818181818
7975;292;0,054545454545454545454
7975;349;0,036363636363636363636
7975;406;0,018181818181818181818
7975;411;0,054545454545454545454
7975;418;0,036363636363636363636
7975;419;0,054545454545454545454
7975;455;0,018181818181818181818
7975;846;0,036363636363636363636
7975;869;0,018181818181818181818
7975;904;0,036363636363636363636
7975;967;0,018181818181818181818
7975;1397;0,018181818181818181818
7975;1822;0,018181818181818181818
7975;2004;0,018181818181818181818
7975;2494;0,018181818181818181818
7975;2517;0,018181818181818181818
7975;2569;0,018181818181818181818
7975;2594;0,018181818181818181818
7975;2664;0,018181818181818181818
7975;2877;0,018181818181818181818
7975;2993;0,036363636363636363636
7975;3420;0,018181818181818181818
7975;3443;0,036363636363636363636
7975;3465;0,018181818181818181818
7975;3513;0,018181818181818181818
7975;4278;0,018181818181818181818
7975;4627;0,036363636363636363636
7975;5591;0,018181818181818181818
7975;6008;0,018181818181818181818
7975;9960;0,018181818181818181818
7975;11138;0,018181818181818181818
7975;12356;0,018181818181818181818
7975;12959;0,090909090909090909090
7975;17267;0,036363636363636363636
7975;17611;0,018181818181818181818
7975;189452;0,018181818181818181818
7983;1462;0,250000000000000000000
7983;12706;0,750000000000000000000
7994;174;0,055555555555555555555
7994;1453;0,055555555555555555555
7994;1632;0,055555555555555555555
7994;1705;0,166666666666666666666
7994;1708;0,055555555555555555555
7994;2828;0,111111111111111111111
7994;3427;0,055555555555555555555
7994;5753;0,055555555555555555555
7994;10093;0,055555555555555555555
7994;28538;0,055555555555555555555
7994;28777;0,055555555555555555555
7994;529797;0,055555555555555555555
7994;752863;0,166666666666666666666
7998;8109;0,333333333333333333333
7998;9352;0,555555555555555555555
7998;20414;0,111111111111111111111
8003;1162;0,200000000000000000000
8003;25488;0,400000000000000000000
8003;38738;0,400000000000000000000
8017;805;0,333333333333333333333
8017;5168;0,333333333333333333333
8017;14010;0,333333333333333333333
8044;327859;1,000000000000000000000
8050;74;0,015151515151515151515
8050;162;0,015151515151515151515
8050;464;0,015151515151515151515
8050;484;0,015151515151515151515
8050;605;0,015151515151515151515
8050;1162;0,030303030303030303030
8050;1293;0,015151515151515151515
8050;1864;0,015151515151515151515
8050;1986;0,015151515151515151515
8050;2176;0,015151515151515151515
8050;2198;0,015151515151515151515
8050;2489;0,030303030303030303030
8050;2559;0,015151515151515151515
8050;2804;0,015151515151515151515
8050;2838;0,030303030303030303030
8050;2863;0,045454545454545454545
8050;3161;0,015151515151515151515
8050;3346;0,015151515151515151515
8050;3350;0,015151515151515151515
8050;3683;0,030303030303030303030
8050;5083;0,045454545454545454545
8050;5329;0,015151515151515151515
8050;5484;0,015151515151515151515
8050;5627;0,030303030303030303030
8050;6006;0,015151515151515151515
8050;6342;0,015151515151515151515
8050;6349;0,015151515151515151515
8050;7080;0,030303030303030303030
8050;7560;0,015151515151515151515
8050;7717;0,030303030303030303030
8050;7911;0,015151515151515151515
8050;8457;0,015151515151515151515
8050;9726;0,015151515151515151515
8050;13907;0,015151515151515151515
8050;14683;0,015151515151515151515
8050;15737;0,030303030303030303030
8050;17954;0,015151515151515151515
8050;18069;0,015151515151515151515
8050;19192;0,015151515151515151515
8050;24258;0,030303030303030303030
8050;27587;0,015151515151515151515
8050;28780;0,045454545454545454545
8050;28783;0,030303030303030303030
8050;28784;0,030303030303030303030
8050;47352;0,015151515151515151515
8050;440497;0,015151515151515151515
8050;508708;0,030303030303030303030
8050;508785;0,015151515151515151515
8051;615;0,428571428571428571428
8051;642;0,142857142857142857142
8051;6952;0,142857142857142857142
8051;16652;0,142857142857142857142
8051;16665;0,142857142857142857142
8056;191488;1,000000000000000000000
8062;115;0,008547008547008547008
8062;176;0,008547008547008547008
8062;198;0,008547008547008547008
8062;360;0,008547008547008547008
8062;490;0,008547008547008547008
8062;579;0,008547008547008547008
8062;607;0,008547008547008547008
8062;652;0,008547008547008547008
8062;727;0,017094017094017094017
8062;844;0,008547008547008547008
8062;885;0,008547008547008547008
8062;886;0,008547008547008547008
8062;988;0,008547008547008547008
8062;1053;0,008547008547008547008
8062;1210;0,008547008547008547008
8062;1307;0,008547008547008547008
8062;1585;0,008547008547008547008
8062;1719;0,008547008547008547008
8062;1841;0,008547008547008547008
8062;1843;0,008547008547008547008
8062;1864;0,008547008547008547008
8062;1949;0,008547008547008547008
8062;1956;0,008547008547008547008
8062;2048;0,008547008547008547008
8062;2117;0,008547008547008547008
8062;2125;0,008547008547008547008
8062;2198;0,008547008547008547008
8062;2278;0,008547008547008547008
8062;2352;0,008547008547008547008
8062;2440;0,008547008547008547008
8062;2704;0,008547008547008547008
8062;2794;0,008547008547008547008
8062;2850;0,008547008547008547008
8062;2884;0,017094017094017094017
8062;3015;0,008547008547008547008
8062;3164;0,008547008547008547008
8062;3235;0,008547008547008547008
8062;3480;0,008547008547008547008
8062;3481;0,008547008547008547008
8062;3508;0,008547008547008547008
8062;3532;0,017094017094017094017
8062;3567;0,008547008547008547008
8062;3678;0,008547008547008547008
8062;3763;0,008547008547008547008
8062;3815;0,008547008547008547008
8062;3891;0,008547008547008547008
8062;3911;0,008547008547008547008
8062;4268;0,008547008547008547008
8062;4355;0,008547008547008547008
8062;4486;0,017094017094017094017
8062;4860;0,008547008547008547008
8062;4933;0,017094017094017094017
8062;5061;0,034188034188034188034
8062;5089;0,008547008547008547008
8062;5172;0,008547008547008547008
8062;5329;0,008547008547008547008
8062;5493;0,008547008547008547008
8062;5521;0,008547008547008547008
8062;5528;0,008547008547008547008
8062;5613;0,042735042735042735042
8062;6406;0,017094017094017094017
8062;6557;0,008547008547008547008
8062;6856;0,008547008547008547008
8062;6994;0,008547008547008547008
8062;6997;0,008547008547008547008
8062;7920;0,008547008547008547008
8062;8513;0,008547008547008547008
8062;8928;0,068376068376068376068
8062;9300;0,008547008547008547008
8062;9360;0,008547008547008547008
8062;9468;0,008547008547008547008
8062;10480;0,008547008547008547008
8062;10640;0,008547008547008547008
8062;12577;0,008547008547008547008
8062;13158;0,008547008547008547008
8062;13178;0,008547008547008547008
8062;13907;0,008547008547008547008
8062;14683;0,008547008547008547008
8062;14803;0,008547008547008547008
8062;14881;0,008547008547008547008
8062;15331;0,008547008547008547008
8062;15762;0,008547008547008547008
8062;15888;0,008547008547008547008
8062;16280;0,008547008547008547008
8062;17665;0,008547008547008547008
8062;17727;0,008547008547008547008
8062;18070;0,008547008547008547008
8062;22702;0,008547008547008547008
8062;22705;0,008547008547008547008
8062;22708;0,008547008547008547008
8062;22880;0,008547008547008547008
8062;37812;0,051282051282051282051
8071;870;1,000000000000000000000
8081;360;0,250000000000000000000
8081;3372;0,750000000000000000000
8090;22;0,050000000000000000000
8090;866;0,100000000000000000000
8090;977;0,050000000000000000000
8090;2052;0,050000000000000000000
8090;2223;0,050000000000000000000
8090;3158;0,050000000000000000000
8090;4086;0,050000000000000000000
8090;4625;0,050000000000000000000
8090;7747;0,050000000000000000000
8090;9381;0,050000000000000000000
8090;9806;0,050000000000000000000
8090;9807;0,050000000000000000000
8090;13545;0,050000000000000000000
8090;57838;0,050000000000000000000
8090;151009;0,150000000000000000000
8090;259831;0,100000000000000000000
8095;669;0,090909090909090909090
8095;1513;0,090909090909090909090
8095;1520;0,181818181818181818181
8095;3872;0,090909090909090909090
8095;4313;0,181818181818181818181
8095;5289;0,181818181818181818181
8095;24460;0,181818181818181818181
8106;48;0,043478260869565217391
8106;178;0,043478260869565217391
8106;897;0,043478260869565217391
8106;1415;0,043478260869565217391
8106;1713;0,195652173913043478260
8106;1756;0,043478260869565217391
8106;2090;0,065217391304347826086
8106;3182;0,043478260869565217391
8106;3265;0,043478260869565217391
8106;3728;0,086956521739130434782
8106;4293;0,043478260869565217391
8106;4831;0,065217391304347826086
8106;8225;0,043478260869565217391
8106;8361;0,065217391304347826086
8106;13385;0,065217391304347826086
8106;239964;0,065217391304347826086
8109;219;0,023255813953488372093
8109;918;0,139534883720930232558
8109;945;0,372093023255813953488
8109;1140;0,023255813953488372093
8109;2494;0,023255813953488372093
8109;3318;0,046511627906976744186
8109;3465;0,023255813953488372093
8109;3962;0,023255813953488372093
8109;7998;0,279069767441860465116
8109;8931;0,023255813953488372093
8109;12670;0,023255813953488372093
8143;190;0,250000000000000000000
8143;2504;0,500000000000000000000
8143;533247;0,250000000000000000000
8156;612;0,166666666666666666666
8156;1150;0,166666666666666666666
8156;3680;0,166666666666666666666
8156;4225;0,333333333333333333333
8156;389498;0,166666666666666666666
8164;1073;0,219512195121951219512
8164;1157;0,097560975609756097560
8164;1315;0,170731707317073170731
8164;1984;0,048780487804878048780
8164;1985;0,170731707317073170731
8164;2371;0,048780487804878048780
8164;4918;0,073170731707317073170
8164;4919;0,024390243902439024390
8164;9513;0,146341463414634146341
8205;2275;0,333333333333333333333
8205;2425;0,333333333333333333333
8205;11369;0,333333333333333333333
8212;3427;0,666666666666666666666
8212;10177;0,333333333333333333333
8223;689;1,000000000000000000000
8228;1569;1,000000000000000000000
8229;4;0,007812500000000000000
8229;37;0,007812500000000000000
8229;38;0,007812500000000000000
8229;189;0,007812500000000000000
8229;216;0,007812500000000000000
8229;246;0,007812500000000000000
8229;271;0,007812500000000000000
8229;294;0,007812500000000000000
8229;296;0,007812500000000000000
8229;523;0,007812500000000000000
8229;545;0,007812500000000000000
8229;573;0,007812500000000000000
8229;609;0,007812500000000000000
8229;891;0,015625000000000000000
8229;1010;0,007812500000000000000
8229;1018;0,007812500000000000000
8229;1082;0,007812500000000000000
8229;1434;0,007812500000000000000
8229;1497;0,007812500000000000000
8229;1724;0,007812500000000000000
8229;1768;0,007812500000000000000
8229;1824;0,007812500000000000000
8229;1840;0,007812500000000000000
8229;1854;0,007812500000000000000
8229;1892;0,007812500000000000000
8229;2001;0,007812500000000000000
8229;2188;0,007812500000000000000
8229;2322;0,007812500000000000000
8229;2323;0,007812500000000000000
8229;2337;0,007812500000000000000
8229;2343;0,007812500000000000000
8229;2372;0,007812500000000000000
8229;2433;0,007812500000000000000
8229;2438;0,007812500000000000000
8229;2484;0,007812500000000000000
8229;2543;0,007812500000000000000
8229;2678;0,007812500000000000000
8229;2679;0,007812500000000000000
8229;3071;0,007812500000000000000
8229;3122;0,007812500000000000000
8229;3189;0,007812500000000000000
8229;3278;0,007812500000000000000
8229;3304;0,007812500000000000000
8229;3360;0,007812500000000000000
8229;3518;0,007812500000000000000
8229;3551;0,007812500000000000000
8229;3618;0,007812500000000000000
8229;3731;0,007812500000000000000
8229;3809;0,007812500000000000000
8229;3844;0,007812500000000000000
8229;3916;0,007812500000000000000
8229;3978;0,007812500000000000000
8229;3980;0,007812500000000000000
8229;4000;0,007812500000000000000
8229;4001;0,007812500000000000000
8229;4090;0,007812500000000000000
8229;4091;0,015625000000000000000
8229;4100;0,007812500000000000000
8229;4372;0,007812500000000000000
8229;4374;0,007812500000000000000
8229;4421;0,007812500000000000000
8229;4522;0,007812500000000000000
8229;4576;0,007812500000000000000
8229;4657;0,007812500000000000000
8229;4728;0,007812500000000000000
8229;4750;0,007812500000000000000
8229;4794;0,007812500000000000000
8229;4877;0,007812500000000000000
8229;5470;0,007812500000000000000
8229;5481;0,007812500000000000000
8229;5506;0,007812500000000000000
8229;5800;0,007812500000000000000
8229;5915;0,007812500000000000000
8229;6372;0,007812500000000000000
8229;6461;0,007812500000000000000
8229;6694;0,007812500000000000000
8229;6701;0,007812500000000000000
8229;6991;0,007812500000000000000
8229;7215;0,007812500000000000000
8229;7648;0,007812500000000000000
8229;7748;0,007812500000000000000
8229;7756;0,007812500000000000000
8229;7968;0,007812500000000000000
8229;8268;0,015625000000000000000
8229;8635;0,007812500000000000000
8229;8636;0,015625000000000000000
8229;9114;0,007812500000000000000
8229;9118;0,007812500000000000000
8229;9376;0,007812500000000000000
8229;9462;0,007812500000000000000
8229;9992;0,007812500000000000000
8229;10255;0,007812500000000000000
8229;10523;0,007812500000000000000
8229;10860;0,007812500000000000000
8229;11004;0,007812500000000000000
8229;11014;0,007812500000000000000
8229;11458;0,007812500000000000000
8229;11656;0,007812500000000000000
8229;11695;0,007812500000000000000
8229;11734;0,007812500000000000000
8229;12385;0,007812500000000000000
8229;13141;0,007812500000000000000
8229;13504;0,007812500000000000000
8229;13642;0,007812500000000000000
8229;13899;0,007812500000000000000
8229;14050;0,007812500000000000000
8229;14652;0,007812500000000000000
8229;15867;0,007812500000000000000
8229;17148;0,007812500000000000000
8229;17677;0,007812500000000000000
8229;17773;0,007812500000000000000
8229;18149;0,007812500000000000000
8229;18300;0,007812500000000000000
8229;18622;0,007812500000000000000
8229;19402;0,007812500000000000000
8229;20436;0,007812500000000000000
8229;21512;0,007812500000000000000
8229;21513;0,007812500000000000000
8229;21515;0,007812500000000000000
8229;23561;0,007812500000000000000
8229;23562;0,007812500000000000000
8229;23563;0,007812500000000000000
8229;23564;0,007812500000000000000
8229;27528;0,007812500000000000000
8238;4024;1,000000000000000000000
8255;564;0,013422818791946308724
8255;565;0,020134228187919463087
8255;1458;0,026845637583892617449
8255;1459;0,033557046979865771812
8255;1506;0,013422818791946308724
8255;1516;0,026845637583892617449
8255;1925;0,020134228187919463087
8255;1943;0,020134228187919463087
8255;2520;0,026845637583892617449
8255;2588;0,026845637583892617449
8255;2995;0,020134228187919463087
8255;3225;0,026845637583892617449
8255;3842;0,020134228187919463087
8255;3879;0,020134228187919463087
8255;3940;0,020134228187919463087
8255;4435;0,006711409395973154362
8255;4534;0,020134228187919463087
8255;4841;0,020134228187919463087
8255;4954;0,026845637583892617449
8255;5037;0,020134228187919463087
8255;5363;0,020134228187919463087
8255;5392;0,020134228187919463087
8255;5396;0,020134228187919463087
8255;6739;0,020134228187919463087
8255;6960;0,013422818791946308724
8255;7015;0,020134228187919463087
8255;7873;0,020134228187919463087
8255;8165;0,006711409395973154362
8255;8372;0,020134228187919463087
8255;8687;0,020134228187919463087
8255;8698;0,020134228187919463087
8255;8708;0,020134228187919463087
8255;10491;0,026845637583892617449
8255;12119;0,020134228187919463087
8255;12431;0,020134228187919463087
8255;12439;0,020134228187919463087
8255;12441;0,006711409395973154362
8255;12762;0,020134228187919463087
8255;12763;0,020134228187919463087
8255;12764;0,020134228187919463087
8255;12765;0,020134228187919463087
8255;12766;0,020134228187919463087
8255;12767;0,020134228187919463087
8255;12768;0,026845637583892617449
8255;12769;0,020134228187919463087
8255;12770;0,020134228187919463087
8255;12771;0,020134228187919463087
8255;12772;0,020134228187919463087
8255;56282;0,026845637583892617449
8267;288;0,142857142857142857142
8267;3685;0,285714285714285714285
8267;8268;0,571428571428571428571
8268;38;0,033333333333333333333
8268;148;0,033333333333333333333
8268;391;0,033333333333333333333
8268;573;0,066666666666666666666
8268;609;0,033333333333333333333
8268;1293;0,033333333333333333333
8268;3465;0,033333333333333333333
8268;3551;0,066666666666666666666
8268;3978;0,033333333333333333333
8268;4794;0,033333333333333333333
8268;5627;0,033333333333333333333
8268;7648;0,100000000000000000000
8268;8267;0,033333333333333333333
8268;9376;0,033333333333333333333
8268;14050;0,066666666666666666666
8268;18641;0,066666666666666666666
8268;393418;0,266666666666666666666
8293;533247;1,000000000000000000000
8306;288;0,111111111111111111111
8306;568;0,111111111111111111111
8306;1293;0,222222222222222222222
8306;1514;0,111111111111111111111
8306;15737;0,222222222222222222222
8306;113392;0,222222222222222222222
8320;2991;1,000000000000000000000
8348;246;0,048192771084337349397
8348;545;0,072289156626506024096
8348;1083;0,024096385542168674698
8348;1198;0,012048192771084337349
8348;1497;0,036144578313253012048
8348;1663;0,012048192771084337349
8348;1824;0,024096385542168674698
8348;2323;0,048192771084337349397
8348;2337;0,072289156626506024096
8348;2343;0,084337349397590361445
8348;2371;0,024096385542168674698
8348;2372;0,024096385542168674698
8348;2438;0,036144578313253012048
8348;2678;0,048192771084337349397
8348;3245;0,036144578313253012048
8348;3360;0,036144578313253012048
8348;3685;0,036144578313253012048
8348;3978;0,036144578313253012048
8348;4435;0,024096385542168674698
8348;4657;0,048192771084337349397
8348;4728;0,024096385542168674698
8348;4794;0,060240963855421686746
8348;5506;0,012048192771084337349
8348;6694;0,012048192771084337349
8348;11014;0,048192771084337349397
8348;12385;0,024096385542168674698
8348;14652;0,036144578313253012048
8366;520;1,000000000000000000000
8373;349;0,142857142857142857142
8373;778;0,357142857142857142857
8373;805;0,214285714285714285714
8373;3667;0,142857142857142857142
8373;7095;0,142857142857142857142
8396;869;0,500000000000000000000
8396;2467;0,250000000000000000000
8396;4610;0,250000000000000000000
8435;5935;1,000000000000000000000
8437;8465;1,000000000000000000000
8440;520;0,058823529411764705882
8440;1182;0,588235294117647058823
8440;4237;0,088235294117647058823
8440;4379;0,029411764705882352941
8440;5484;0,088235294117647058823
8440;5935;0,029411764705882352941
8440;160268;0,029411764705882352941
8440;256951;0,029411764705882352941
8440;418454;0,058823529411764705882
8441;35;0,789473684210526315789
8441;3169;0,052631578947368421052
8441;6929;0,052631578947368421052
8441;8465;0,052631578947368421052
8441;584314;0,052631578947368421052
8442;479;0,333333333333333333333
8442;520;0,166666666666666666666
8442;1171;0,166666666666666666666
8442;4379;0,333333333333333333333
8445;1016;0,555555555555555555555
8445;5626;0,111111111111111111111
8445;6326;0,111111111111111111111
8445;9481;0,111111111111111111111
8445;77678;0,111111111111111111111
8446;8366;1,000000000000000000000
8447;525;0,285714285714285714285
8447;418454;0,714285714285714285714
8448;1171;1,000000000000000000000
8459;35;1,000000000000000000000
8461;434663;1,000000000000000000000
8464;2491;0,111111111111111111111
8464;4991;0,555555555555555555555
8464;8449;0,111111111111111111111
8464;308238;0,111111111111111111111
8464;418454;0,111111111111111111111
8465;41;0,001638001638001638001
8465;66;0,000819000819000819000
8465;131;0,003276003276003276003
8465;240;0,016380016380016380016
8465;362;0,015561015561015561015
8465;475;0,015561015561015561015
8465;479;0,015561015561015561015
8465;507;0,004914004914004914004
8465;520;0,015561015561015561015
8465;525;0,010647010647010647010
8465;600;0,000819000819000819000
8465;642;0,002457002457002457002
8465;706;0,015561015561015561015
8465;742;0,004914004914004914004
8465;783;0,004914004914004914004
8465;793;0,016380016380016380016
8465;796;0,004914004914004914004
8465;826;0,002457002457002457002
8465;833;0,000819000819000819000
8465;852;0,010647010647010647010
8465;975;0,004914004914004914004
8465;999;0,004914004914004914004
8465;1016;0,004914004914004914004
8465;1058;0,000819000819000819000
8465;1065;0,004914004914004914004
8465;1104;0,004095004095004095004
8465;1107;0,015561015561015561015
8465;1111;0,004914004914004914004
8465;1112;0,004914004914004914004
8465;1171;0,015561015561015561015
8465;1196;0,004914004914004914004
8465;1263;0,002457002457002457002
8465;1313;0,015561015561015561015
8465;1314;0,015561015561015561015
8465;1315;0,014742014742014742014
8465;1512;0,000819000819000819000
8465;1554;0,000819000819000819000
8465;1556;0,004914004914004914004
8465;1650;0,000819000819000819000
8465;1673;0,004914004914004914004
8465;1713;0,004914004914004914004
8465;1748;0,010647010647010647010
8465;1806;0,004914004914004914004
8465;1848;0,004914004914004914004
8465;1938;0,015561015561015561015
8465;1963;0,004914004914004914004
8465;2166;0,004914004914004914004
8465;2204;0,000819000819000819000
8465;2296;0,004914004914004914004
8465;2306;0,015561015561015561015
8465;2374;0,000819000819000819000
8465;2396;0,005733005733005733005
8465;2429;0,004914004914004914004
8465;2490;0,010647010647010647010
8465;2491;0,015561015561015561015
8465;2815;0,011466011466011466011
8465;3038;0,015561015561015561015
8465;3082;0,004914004914004914004
8465;3188;0,004914004914004914004
8465;3208;0,004914004914004914004
8465;3374;0,015561015561015561015
8465;3563;0,005733005733005733005
8465;3590;0,010647010647010647010
8465;3599;0,004914004914004914004
8465;3683;0,005733005733005733005
8465;3738;0,000819000819000819000
8465;3776;0,004914004914004914004
8465;3905;0,004914004914004914004
8465;4108;0,000819000819000819000
8465;4219;0,015561015561015561015
8465;4222;0,004914004914004914004
8465;4225;0,000819000819000819000
8465;4242;0,015561015561015561015
8465;4292;0,004914004914004914004
8465;4293;0,004914004914004914004
8465;4497;0,010647010647010647010
8465;4622;0,000819000819000819000
8465;4706;0,010647010647010647010
8465;4831;0,004914004914004914004
8465;4835;0,010647010647010647010
8465;4991;0,015561015561015561015
8465;4992;0,004914004914004914004
8465;4993;0,004914004914004914004
8465;4994;0,004914004914004914004
8465;4995;0,017199017199017199017
8465;4997;0,004914004914004914004
8465;4998;0,015561015561015561015
8465;4999;0,014742014742014742014
8465;5000;0,004914004914004914004
8465;5001;0,015561015561015561015
8465;5002;0,010647010647010647010
8465;5003;0,015561015561015561015
8465;5004;0,004914004914004914004
8465;5005;0,015561015561015561015
8465;5006;0,004914004914004914004
8465;5007;0,004914004914004914004
8465;5008;0,004914004914004914004
8465;5009;0,004914004914004914004
8465;5010;0,004914004914004914004
8465;5011;0,015561015561015561015
8465;5012;0,004914004914004914004
8465;5013;0,015561015561015561015
8465;5014;0,004914004914004914004
8465;5015;0,015561015561015561015
8465;5016;0,004914004914004914004
8465;5017;0,004914004914004914004
8465;5019;0,015561015561015561015
8465;5666;0,010647010647010647010
8465;5935;0,011466011466011466011
8465;6048;0,000819000819000819000
8465;7578;0,000819000819000819000
8465;8000;0,000819000819000819000
8465;8366;0,000819000819000819000
8465;8438;0,010647010647010647010
8465;8441;0,000819000819000819000
8465;8442;0,010647010647010647010
8465;8449;0,007371007371007371007
8465;8458;0,010647010647010647010
8465;8460;0,010647010647010647010
8465;8462;0,015561015561015561015
8465;8470;0,010647010647010647010
8465;8473;0,010647010647010647010
8465;8476;0,010647010647010647010
8465;8539;0,000819000819000819000
8465;10241;0,000819000819000819000
8465;10682;0,000819000819000819000
8465;21271;0,010647010647010647010
8465;248831;0,004914004914004914004
8465;310049;0,010647010647010647010
8465;347540;0,004914004914004914004
8465;566989;0,001638001638001638001
8466;3588;0,200000000000000000000
8466;4497;0,200000000000000000000
8466;5886;0,400000000000000000000
8466;8460;0,200000000000000000000
8473;479;1,000000000000000000000
8478;5012;0,333333333333333333333
8478;248834;0,666666666666666666666
8489;11;0,039215686274509803921
8489;85;0,019607843137254901960
8489;122;0,019607843137254901960
8489;182;0,019607843137254901960
8489;247;0,019607843137254901960
8489;283;0,039215686274509803921
8489;469;0,058823529411764705882
8489;472;0,019607843137254901960
8489;1034;0,019607843137254901960
8489;1141;0,019607843137254901960
8489;1142;0,019607843137254901960
8489;1154;0,019607843137254901960
8489;1496;0,039215686274509803921
8489;1639;0,019607843137254901960
8489;1917;0,019607843137254901960
8489;2302;0,019607843137254901960
8489;2464;0,039215686274509803921
8489;2502;0,039215686274509803921
8489;2741;0,098039215686274509803
8489;2853;0,019607843137254901960
8489;3246;0,019607843137254901960
8489;3528;0,039215686274509803921
8489;3636;0,019607843137254901960
8489;4080;0,039215686274509803921
8489;4553;0,078431372549019607843
8489;4572;0,039215686274509803921
8489;4890;0,039215686274509803921
8489;5223;0,019607843137254901960
8489;6543;0,019607843137254901960
8489;8363;0,019607843137254901960
8489;9714;0,058823529411764705882
8493;891;0,600000000000000000000
8493;4372;0,200000000000000000000
8493;4374;0,200000000000000000000
8513;490;0,066666666666666666666
8513;1422;0,266666666666666666666
8513;1949;0,066666666666666666666
8513;2043;0,200000000000000000000
8513;3209;0,133333333333333333333
8513;3481;0,133333333333333333333
8513;4225;0,133333333333333333333
8566;120;0,090909090909090909090
8566;2140;0,090909090909090909090
8566;2822;0,090909090909090909090
8566;2877;0,181818181818181818181
8566;4078;0,090909090909090909090
8566;7095;0,090909090909090909090
8566;9468;0,363636363636363636363
8568;313;0,166666666666666666666
8568;600;0,166666666666666666666
8568;1079;0,166666666666666666666
8568;4172;0,333333333333333333333
8568;12528;0,166666666666666666666
8580;380;0,066666666666666666666
8580;475;0,066666666666666666666
8580;1282;0,533333333333333333333
8580;2367;0,133333333333333333333
8580;2506;0,066666666666666666666
8580;3418;0,066666666666666666666
8580;10093;0,066666666666666666666
8590;2008;0,333333333333333333333
8590;4852;0,666666666666666666666
8611;777;0,333333333333333333333
8611;1122;0,333333333333333333333
8611;4462;0,333333333333333333333
8623;9;0,028735632183908045977
8623;77;0,017241379310344827586
8623;90;0,017241379310344827586
8623;206;0,017241379310344827586
8623;521;0,022988505747126436781
8623;528;0,017241379310344827586
8623;529;0,017241379310344827586
8623;669;0,028735632183908045977
8623;911;0,017241379310344827586
8623;1066;0,017241379310344827586
8623;1109;0,017241379310344827586
8623;1122;0,017241379310344827586
8623;1150;0,022988505747126436781
8623;1234;0,034482758620689655172
8623;1419;0,028735632183908045977
8623;1473;0,017241379310344827586
8623;1866;0,017241379310344827586
8623;1971;0,017241379310344827586
8623;2027;0,017241379310344827586
8623;2041;0,017241379310344827586
8623;2046;0,028735632183908045977
8623;2054;0,034482758620689655172
8623;2059;0,017241379310344827586
8623;2147;0,005747126436781609195
8623;2149;0,034482758620689655172
8623;2150;0,017241379310344827586
8623;2216;0,017241379310344827586
8623;2271;0,017241379310344827586
8623;2492;0,017241379310344827586
8623;3142;0,017241379310344827586
8623;3680;0,017241379310344827586
8623;3800;0,017241379310344827586
8623;4070;0,017241379310344827586
8623;5487;0,017241379310344827586
8623;5557;0,017241379310344827586
8623;5564;0,017241379310344827586
8623;5632;0,017241379310344827586
8623;6213;0,017241379310344827586
8623;6320;0,017241379310344827586
8623;8156;0,017241379310344827586
8623;8500;0,005747126436781609195
8623;9110;0,022988505747126436781
8623;9390;0,017241379310344827586
8623;9391;0,028735632183908045977
8623;9399;0,017241379310344827586
8623;9400;0,017241379310344827586
8623;9417;0,017241379310344827586
8623;9431;0,017241379310344827586
8623;9440;0,017241379310344827586
8623;11030;0,017241379310344827586
8623;18251;0,017241379310344827586
8623;352262;0,017241379310344827586
8630;101;0,010638297872340425531
8630;226;0,010638297872340425531
8630;241;0,010638297872340425531
8630;248;0,010638297872340425531
8630;250;0,010638297872340425531
8630;251;0,010638297872340425531
8630;274;0,010638297872340425531
8630;279;0,010638297872340425531
8630;284;0,010638297872340425531
8630;285;0,010638297872340425531
8630;455;0,010638297872340425531
8630;678;0,010638297872340425531
8630;698;0,010638297872340425531
8630;737;0,010638297872340425531
8630;781;0,010638297872340425531
8630;802;0,010638297872340425531
8630;861;0,010638297872340425531
8630;873;0,010638297872340425531
8630;912;0,010638297872340425531
8630;1271;0,010638297872340425531
8630;1499;0,010638297872340425531
8630;1513;0,021276595744680851063
8630;1515;0,010638297872340425531
8630;1520;0,010638297872340425531
8630;1583;0,010638297872340425531
8630;1591;0,010638297872340425531
8630;1710;0,010638297872340425531
8630;1741;0,010638297872340425531
8630;1814;0,010638297872340425531
8630;1827;0,010638297872340425531
8630;2009;0,010638297872340425531
8630;2087;0,010638297872340425531
8630;2139;0,010638297872340425531
8630;2398;0,010638297872340425531
8630;2455;0,010638297872340425531
8630;2472;0,010638297872340425531
8630;2474;0,010638297872340425531
8630;2510;0,010638297872340425531
8630;2515;0,010638297872340425531
8630;2523;0,010638297872340425531
8630;2655;0,010638297872340425531
8630;2661;0,010638297872340425531
8630;2706;0,010638297872340425531
8630;2713;0,010638297872340425531
8630;2714;0,010638297872340425531
8630;2990;0,010638297872340425531
8630;3045;0,010638297872340425531
8630;3103;0,010638297872340425531
8630;3383;0,010638297872340425531
8630;3392;0,010638297872340425531
8630;3429;0,010638297872340425531
8630;3459;0,010638297872340425531
8630;3473;0,010638297872340425531
8630;3601;0,010638297872340425531
8630;3619;0,010638297872340425531
8630;3701;0,010638297872340425531
8630;3838;0,010638297872340425531
8630;3866;0,010638297872340425531
8630;3867;0,010638297872340425531
8630;3870;0,010638297872340425531
8630;3871;0,010638297872340425531
8630;3872;0,010638297872340425531
8630;3873;0,010638297872340425531
8630;3992;0,010638297872340425531
8630;4187;0,010638297872340425531
8630;4313;0,010638297872340425531
8630;4337;0,010638297872340425531
8630;4398;0,010638297872340425531
8630;4592;0,010638297872340425531
8630;4613;0,010638297872340425531
8630;4787;0,010638297872340425531
8630;5430;0,010638297872340425531
8630;6007;0,010638297872340425531
8630;6008;0,010638297872340425531
8630;6105;0,010638297872340425531
8630;6347;0,010638297872340425531
8630;7160;0,010638297872340425531
8630;7334;0,010638297872340425531
8630;9212;0,010638297872340425531
8630;9258;0,010638297872340425531
8630;9330;0,010638297872340425531
8630;9514;0,010638297872340425531
8630;10019;0,010638297872340425531
8630;10021;0,010638297872340425531
8630;10197;0,010638297872340425531
8630;10595;0,010638297872340425531
8630;13294;0,010638297872340425531
8630;13670;0,010638297872340425531
8630;13671;0,010638297872340425531
8630;13673;0,010638297872340425531
8630;13675;0,010638297872340425531
8630;13676;0,010638297872340425531
8630;216172;0,010638297872340425531
8633;1931;0,166666666666666666666
8633;2385;0,500000000000000000000
8633;4748;0,333333333333333333333
8636;1840;0,666666666666666666666
8636;113392;0,333333333333333333333
8641;4078;0,909090909090909090909
8641;13187;0,090909090909090909090
8648;162;0,033333333333333333333
8648;266;0,266666666666666666666
8648;273;0,033333333333333333333
8648;2383;0,033333333333333333333
8648;3944;0,033333333333333333333
8648;4578;0,033333333333333333333
8648;4885;0,166666666666666666666
8648;5603;0,100000000000000000000
8648;13398;0,033333333333333333333
8648;13814;0,033333333333333333333
8648;427048;0,033333333333333333333
8648;442813;0,100000000000000000000
8648;442814;0,100000000000000000000
8666;1100;0,500000000000000000000
8666;28538;0,500000000000000000000
8671;119;1,000000000000000000000
8715;277;0,090909090909090909090
8715;1169;0,090909090909090909090
8715;4583;0,181818181818181818181
8715;5638;0,090909090909090909090
8715;9898;0,181818181818181818181
8715;12579;0,090909090909090909090
8715;13074;0,090909090909090909090
8715;27836;0,090909090909090909090
8715;89703;0,090909090909090909090
8723;1744;0,100000000000000000000
8723;4240;0,500000000000000000000
8723;7221;0,200000000000000000000
8723;9686;0,100000000000000000000
8723;533247;0,100000000000000000000
8730;1744;0,200000000000000000000
8730;6581;0,400000000000000000000
8730;6693;0,400000000000000000000
8749;2792;0,200000000000000000000
8749;3230;0,100000000000000000000
8749;4244;0,100000000000000000000
8749;8912;0,600000000000000000000
8750;3318;1,000000000000000000000
8786;2741;0,066666666666666666666
8786;3246;0,066666666666666666666
8786;3528;0,133333333333333333333
8786;4553;0,133333333333333333333
8786;8363;0,066666666666666666666
8786;8489;0,066666666666666666666
8786;8787;0,466666666666666666666
8787;11;0,058823529411764705882
8787;3528;0,235294117647058823529
8787;8363;0,058823529411764705882
8787;8489;0,117647058823529411764
8787;8786;0,411764705882352941176
8787;9714;0,117647058823529411764
8805;1265;0,600000000000000000000
8805;3471;0,200000000000000000000
8805;14733;0,200000000000000000000
8818;144425;1,000000000000000000000
8820;1042;0,333333333333333333333
8820;1220;0,333333333333333333333
8820;373677;0,333333333333333333333
8826;5264;0,250000000000000000000
8826;8832;0,500000000000000000000
8826;440566;0,250000000000000000000
8827;12698;1,000000000000000000000
8830;2421;0,600000000000000000000
8830;388810;0,200000000000000000000
8830;671388;0,200000000000000000000
8832;8826;1,000000000000000000000
8835;27999;1,000000000000000000000
8837;2421;1,000000000000000000000
8843;12698;1,000000000000000000000
8849;3838;1,000000000000000000000
8850;2;0,500000000000000000000
8850;2421;0,500000000000000000000
8858;689;0,333333333333333333333
8858;8870;0,333333333333333333333
8858;23419;0,333333333333333333333
8866;46;0,125000000000000000000
8866;80;0,125000000000000000000
8866;1445;0,125000000000000000000
8866;2893;0,125000000000000000000
8866;6746;0,125000000000000000000
8866;8871;0,125000000000000000000
8866;255726;0,125000000000000000000
8866;256235;0,125000000000000000000
8869;16815;1,000000000000000000000
8870;689;0,090909090909090909090
8870;6634;0,181818181818181818181
8870;8858;0,090909090909090909090
8870;9941;0,090909090909090909090
8870;23419;0,090909090909090909090
8870;45837;0,090909090909090909090
8870;325286;0,090909090909090909090
8870;330168;0,181818181818181818181
8870;507584;0,090909090909090909090
8873;1913;0,166666666666666666666
8873;284852;0,333333333333333333333
8873;334473;0,333333333333333333333
8873;408414;0,166666666666666666666
8889;1123;1,000000000000000000000
8899;1445;0,333333333333333333333
8899;8580;0,666666666666666666666
8902;4386;1,000000000000000000000
8909;1439;0,142857142857142857142
8909;1440;0,142857142857142857142
8909;1501;0,142857142857142857142
8909;2198;0,285714285714285714285
8909;3508;0,142857142857142857142
8909;665791;0,142857142857142857142
8910;885;0,181818181818181818181
8910;972;0,181818181818181818181
8910;1684;0,090909090909090909090
8910;2198;0,090909090909090909090
8910;2489;0,090909090909090909090
8910;2834;0,181818181818181818181
8910;5061;0,090909090909090909090
8910;157662;0,090909090909090909090
8912;4244;1,000000000000000000000
8928;163;0,023333333333333333333
8928;494;0,023333333333333333333
8928;771;0,023333333333333333333
8928;937;0,023333333333333333333
8928;1477;0,023333333333333333333
8928;1478;0,023333333333333333333
8928;1479;0,023333333333333333333
8928;1480;0,030000000000000000000
8928;1481;0,023333333333333333333
8928;1482;0,023333333333333333333
8928;1483;0,023333333333333333333
8928;2276;0,023333333333333333333
8928;3293;0,026666666666666666666
8928;3306;0,023333333333333333333
8928;3463;0,023333333333333333333
8928;3836;0,023333333333333333333
8928;4283;0,033333333333333333333
8928;4471;0,023333333333333333333
8928;6413;0,023333333333333333333
8928;6520;0,023333333333333333333
8928;7650;0,023333333333333333333
8928;8049;0,023333333333333333333
8928;8062;0,023333333333333333333
8928;8203;0,023333333333333333333
8928;10202;0,023333333333333333333
8928;10352;0,023333333333333333333
8928;11863;0,023333333333333333333
8928;12026;0,023333333333333333333
8928;12497;0,023333333333333333333
8928;12550;0,023333333333333333333
8928;13265;0,023333333333333333333
8928;13428;0,023333333333333333333
8928;17584;0,023333333333333333333
8928;17585;0,023333333333333333333
8928;18098;0,023333333333333333333
8928;18102;0,023333333333333333333
8928;20204;0,023333333333333333333
8928;20206;0,023333333333333333333
8928;26267;0,023333333333333333333
8928;28970;0,023333333333333333333
8928;37812;0,023333333333333333333
8928;415787;0,023333333333333333333
8933;22;0,142857142857142857142
8933;127;0,285714285714285714285
8933;190;0,142857142857142857142
8933;3748;0,285714285714285714285
8933;26502;0,142857142857142857142
8957;313;0,333333333333333333333
8957;2352;0,666666666666666666666
8975;244;1,000000000000000000000
8976;5350;1,000000000000000000000
8985;964;0,166666666666666666666
8985;2274;0,166666666666666666666
8985;3256;0,500000000000000000000
8985;3877;0,166666666666666666666
8999;4274;1,000000000000000000000
9019;3260;0,333333333333333333333
9019;3450;0,333333333333333333333
9019;3877;0,333333333333333333333
9026;1364;0,040000000000000000000
9026;1422;0,040000000000000000000
9026;1554;0,040000000000000000000
9026;2005;0,040000000000000000000
9026;2374;0,040000000000000000000
9026;2551;0,040000000000000000000
9026;2779;0,200000000000000000000
9026;3029;0,040000000000000000000
9026;3800;0,040000000000000000000
9026;4621;0,040000000000000000000
9026;5093;0,040000000000000000000
9026;5444;0,040000000000000000000
9026;5469;0,040000000000000000000
9026;5530;0,040000000000000000000
9026;5854;0,040000000000000000000
9026;6267;0,040000000000000000000
9026;6930;0,040000000000000000000
9026;7564;0,040000000000000000000
9026;7941;0,040000000000000000000
9026;9940;0,040000000000000000000
9026;25849;0,040000000000000000000
9047;4206;0,833333333333333333333
9047;15643;0,166666666666666666666
9065;1041;0,500000000000000000000
9065;2421;0,500000000000000000000
9067;11369;1,000000000000000000000
9068;1041;0,111111111111111111111
9068;2275;0,222222222222222222222
9068;2421;0,111111111111111111111
9068;2510;0,222222222222222222222
9068;15975;0,111111111111111111111
9068;349155;0,111111111111111111111
9068;373677;0,111111111111111111111
9069;240;0,166666666666666666666
9069;1220;0,166666666666666666666
9069;2275;0,166666666666666666666
9069;2425;0,333333333333333333333
9069;3097;0,166666666666666666666
9090;104;0,333333333333333333333
9090;777;0,166666666666666666666
9090;1498;0,166666666666666666666
9090;4424;0,166666666666666666666
9090;4709;0,166666666666666666666
9110;878;0,666666666666666666666
9110;8623;0,333333333333333333333
9114;1824;0,666666666666666666666
9114;3916;0,166666666666666666666
9114;15867;0,166666666666666666666
9150;2129;0,333333333333333333333
9150;3091;0,333333333333333333333
9150;3891;0,333333333333333333333
9158;11680;1,000000000000000000000
9159;2322;0,500000000000000000000
9159;5915;0,500000000000000000000
9184;977;0,111111111111111111111
9184;4240;0,037037037037037037037
9184;4262;0,111111111111111111111
9184;4491;0,037037037037037037037
9184;4715;0,074074074074074074074
9184;5530;0,037037037037037037037
9184;5691;0,111111111111111111111
9184;7221;0,444444444444444444444
9184;533247;0,037037037037037037037
9208;2349;0,173913043478260869565
9208;6234;0,043478260869565217391
9208;6548;0,217391304347826086956
9208;7759;0,260869565217391304347
9208;20969;0,043478260869565217391
9208;284854;0,260869565217391304347
9215;27674;1,000000000000000000000
9217;127;0,142857142857142857142
9217;2832;0,142857142857142857142
9217;6316;0,428571428571428571428
9217;533247;0,285714285714285714285
9226;54;0,058823529411764705882
9226;119;0,058823529411764705882
9226;435;0,529411764705882352941
9226;1664;0,058823529411764705882
9226;1867;0,058823529411764705882
9226;4041;0,058823529411764705882
9226;10499;0,058823529411764705882
9226;12247;0,058823529411764705882
9226;13713;0,058823529411764705882
9230;3071;0,100000000000000000000
9230;3301;0,100000000000000000000
9230;3825;0,100000000000000000000
9230;5101;0,100000000000000000000
9230;5264;0,100000000000000000000
9230;6130;0,100000000000000000000
9230;8826;0,100000000000000000000
9230;53224;0,100000000000000000000
9230;276780;0,100000000000000000000
9230;331627;0,100000000000000000000
9254;12356;1,000000000000000000000
9274;3704;1,000000000000000000000
9288;392;0,055555555555555555555
9288;1669;0,222222222222222222222
9288;1833;0,166666666666666666666
9288;3197;0,111111111111111111111
9288;3318;0,055555555555555555555
9288;3825;0,055555555555555555555
9288;5613;0,055555555555555555555
9288;5852;0,055555555555555555555
9288;6723;0,055555555555555555555
9288;7095;0,055555555555555555555
9288;65998;0,055555555555555555555
9288;651622;0,055555555555555555555
9296;978;0,500000000000000000000
9296;2591;0,500000000000000000000
9309;617;0,500000000000000000000
9309;9982;0,500000000000000000000
9330;241;0,500000000000000000000
9330;3872;0,500000000000000000000
9338;360;0,333333333333333333333
9338;844;0,166666666666666666666
9338;1719;0,055555555555555555555
9338;3508;0,166666666666666666666
9338;13178;0,277777777777777777777
9340;930;1,000000000000000000000
9350;170;0,029801324503311258278
9350;248;0,029801324503311258278
9350;260;0,139072847682119205298
9350;983;0,013245033112582781456
9350;1145;0,142384105960264900662
9350;1639;0,013245033112582781456
9350;2474;0,013245033112582781456
9350;2523;0,013245033112582781456
9350;3262;0,029801324503311258278
9350;3848;0,006622516556291390728
9350;3869;0,013245033112582781456
9350;8856;0,006622516556291390728
9350;9665;0,029801324503311258278
9350;10197;0,029801324503311258278
9350;13584;0,142384105960264900662
9350;26479;0,142384105960264900662
9350;27973;0,006622516556291390728
9350;28894;0,142384105960264900662
9350;191488;0,056291390728476821192
9356;74;0,021276595744680851063
9356;719;0,042553191489361702127
9356;1171;0,085106382978723404255
9356;1406;0,021276595744680851063
9356;1439;0,170212765957446808510
9356;1440;0,063829787234042553191
9356;2075;0,021276595744680851063
9356;3085;0,106382978723404255319
9356;3161;0,021276595744680851063
9356;3420;0,042553191489361702127
9356;3859;0,021276595744680851063
9356;5528;0,042553191489361702127
9356;6440;0,021276595744680851063
9356;7183;0,042553191489361702127
9356;9668;0,063829787234042553191
9356;11552;0,021276595744680851063
9356;12938;0,021276595744680851063
9356;22298;0,042553191489361702127
9356;25264;0,021276595744680851063
9356;28826;0,042553191489361702127
9356;30811;0,021276595744680851063
9356;37814;0,042553191489361702127
9367;295;0,105263157894736842105
9367;1100;0,315789473684210526315
9367;2249;0,052631578947368421052
9367;4132;0,052631578947368421052
9367;8009;0,052631578947368421052
9367;8975;0,052631578947368421052
9367;13335;0,105263157894736842105
9367;14124;0,263157894736842105263
9376;288;0,750000000000000000000
9376;689;0,250000000000000000000
9380;391;0,333333333333333333333
9380;411;0,166666666666666666666
9380;419;0,166666666666666666666
9380;2694;0,333333333333333333333
9381;533247;1,000000000000000000000
9382;90;0,133333333333333333333
9382;2214;0,066666666666666666666
9382;5459;0,133333333333333333333
9382;6316;0,066666666666666666666
9382;18258;0,066666666666666666666
9382;57838;0,066666666666666666666
9382;151009;0,400000000000000000000
9382;533247;0,066666666666666666666
9384;533247;1,000000000000000000000
9385;2503;1,000000000000000000000
9389;3142;0,250000000000000000000
9389;5564;0,250000000000000000000
9389;6234;0,250000000000000000000
9389;356607;0,250000000000000000000
9390;521;1,000000000000000000000
9391;192;0,045454545454545454545
9391;1109;0,045454545454545454545
9391;1122;0,045454545454545454545
9391;2046;0,363636363636363636363
9391;2054;0,090909090909090909090
9391;3680;0,136363636363636363636
9391;4070;0,181818181818181818181
9391;9417;0,090909090909090909090
9392;6316;0,500000000000000000000
9392;533247;0,500000000000000000000
9393;1066;0,500000000000000000000
9393;5437;0,500000000000000000000
9395;65;0,068965517241379310344
9395;475;0,068965517241379310344
9395;689;0,068965517241379310344
9395;2064;0,068965517241379310344
9395;5440;0,103448275862068965517
9395;5487;0,068965517241379310344
9395;6189;0,034482758620689655172
9395;6962;0,241379310344827586206
9395;8460;0,068965517241379310344
9395;27173;0,034482758620689655172
9395;499117;0,137931034482758620689
9395;533247;0,034482758620689655172
9396;526;1,000000000000000000000
9398;669;0,250000000000000000000
9398;1676;0,250000000000000000000
9398;6316;0,500000000000000000000
9399;521;1,000000000000000000000
9402;496;0,333333333333333333333
9402;622;0,111111111111111111111
9402;1109;0,111111111111111111111
9402;2740;0,222222222222222222222
9402;9442;0,111111111111111111111
9402;533247;0,111111111111111111111
9405;1109;0,500000000000000000000
9405;7767;0,500000000000000000000
9406;2046;0,500000000000000000000
9406;3998;0,500000000000000000000
9407;533247;1,000000000000000000000
9409;1401;0,400000000000000000000
9409;2385;0,200000000000000000000
9409;4281;0,200000000000000000000
9409;5632;0,200000000000000000000
9410;9433;0,333333333333333333333
9410;41776;0,333333333333333333333
9410;533247;0,333333333333333333333
9412;533247;1,000000000000000000000
9413;496;0,333333333333333333333
9413;533247;0,666666666666666666666
9414;533247;1,000000000000000000000
9415;977;1,000000000000000000000
9416;151;0,500000000000000000000
9416;1121;0,500000000000000000000
9417;507180;1,000000000000000000000
9418;1101;0,181818181818181818181
9418;2046;0,181818181818181818181
9418;2683;0,090909090909090909090
9418;3296;0,272727272727272727272
9418;5219;0,090909090909090909090
9418;5564;0,181818181818181818181
9424;8090;0,333333333333333333333
9424;9433;0,333333333333333333333
9424;533247;0,333333333333333333333
9429;5445;0,500000000000000000000
9429;8090;0,500000000000000000000
9430;5632;0,666666666666666666666
9430;151929;0,333333333333333333333
9431;1035;0,200000000000000000000
9431;1122;0,600000000000000000000
9431;1838;0,200000000000000000000
9433;190;0,222222222222222222222
9433;5264;0,111111111111111111111
9433;5632;0,111111111111111111111
9433;9407;0,111111111111111111111
9433;9410;0,333333333333333333333
9433;533247;0,111111111111111111111
9434;5691;1,000000000000000000000
9437;5632;1,000000000000000000000
9438;5519;0,800000000000000000000
9438;6316;0,200000000000000000000
9441;533247;1,000000000000000000000
9442;1234;0,714285714285714285714
9442;9418;0,142857142857142857142
9442;21594;0,142857142857142857142
9476;2199;0,750000000000000000000
9476;9468;0,250000000000000000000
9481;2490;0,166666666666666666666
9481;3033;0,166666666666666666666
9481;3180;0,166666666666666666666
9481;3827;0,166666666666666666666
9481;5681;0,166666666666666666666
9481;8445;0,166666666666666666666
9482;1556;1,000000000000000000000
9483;557;0,074074074074074074074
9483;928;0,259259259259259259259
9483;1500;0,111111111111111111111
9483;2091;0,111111111111111111111
9483;4938;0,074074074074074074074
9483;6952;0,074074074074074074074
9483;7553;0,037037037037037037037
9483;12442;0,037037037037037037037
9483;16112;0,111111111111111111111
9483;16654;0,037037037037037037037
9483;19734;0,074074074074074074074
9506;119;0,500000000000000000000
9506;596;0,500000000000000000000
9510;4;0,250000000000000000000
9510;2543;0,500000000000000000000
9510;157551;0,250000000000000000000
9513;1073;0,153846153846153846153
9513;1157;0,153846153846153846153
9513;1984;0,153846153846153846153
9513;1985;0,230769230769230769230
9513;4918;0,076923076923076923076
9513;4919;0,076923076923076923076
9513;8164;0,153846153846153846153
9542;855;0,666666666666666666666
9542;2851;0,333333333333333333333
9554;2398;0,200000000000000000000
9554;11330;0,200000000000000000000
9554;29376;0,600000000000000000000
9567;101;1,000000000000000000000
9615;405;0,500000000000000000000
9615;1123;0,500000000000000000000
9618;6472;1,000000000000000000000
9651;1315;0,090909090909090909090
9651;8320;0,090909090909090909090
9651;24875;0,181818181818181818181
9651;27141;0,090909090909090909090
9651;29028;0,545454545454545454545
9657;771;1,000000000000000000000
9660;1315;0,200000000000000000000
9660;7998;0,600000000000000000000
9660;8109;0,200000000000000000000
9668;39;0,052631578947368421052
9668;1439;0,052631578947368421052
9668;1471;0,105263157894736842105
9668;1600;0,105263157894736842105
9668;4179;0,052631578947368421052
9668;5332;0,052631578947368421052
9668;9356;0,157894736842105263157
9668;37812;0,315789473684210526315
9668;37814;0,052631578947368421052
9668;440497;0,052631578947368421052
9674;6918;0,142857142857142857142
9674;25230;0,857142857142857142857
9681;28598;1,000000000000000000000
9686;73;0,076923076923076923076
9686;822;0,076923076923076923076
9686;1854;0,153846153846153846153
9686;2214;0,076923076923076923076
9686;2578;0,076923076923076923076
9686;4372;0,076923076923076923076
9686;4434;0,076923076923076923076
9686;4931;0,076923076923076923076
9686;8723;0,076923076923076923076
9686;8928;0,076923076923076923076
9686;28970;0,076923076923076923076
9686;245879;0,076923076923076923076
9691;3234;0,125000000000000000000
9691;3811;0,625000000000000000000
9691;3871;0,250000000000000000000
9693;695;0,333333333333333333333
9693;1692;0,166666666666666666666
9693;136664;0,500000000000000000000
9720;1991;0,500000000000000000000
9720;3260;0,500000000000000000000
9721;39;0,142857142857142857142
9721;738;0,142857142857142857142
9721;3256;0,142857142857142857142
9721;3877;0,142857142857142857142
9721;8985;0,142857142857142857142
9721;9729;0,142857142857142857142
9721;18641;0,142857142857142857142
9722;520;0,025641025641025641025
9722;964;0,051282051282051282051
9722;1227;0,564102564102564102564
9722;3877;0,051282051282051282051
9722;4225;0,076923076923076923076
9722;5016;0,025641025641025641025
9722;5918;0,025641025641025641025
9722;7741;0,051282051282051282051
9722;9729;0,051282051282051282051
9722;9762;0,025641025641025641025
9722;22123;0,051282051282051282051
9729;749;0,200000000000000000000
9729;3158;0,200000000000000000000
9729;3877;0,200000000000000000000
9729;9722;0,400000000000000000000
9730;1996;0,500000000000000000000
9730;22123;0,250000000000000000000
9730;666007;0,250000000000000000000
9762;39;0,093750000000000000000
9762;162;0,031250000000000000000
9762;612;0,187500000000000000000
9762;1227;0,125000000000000000000
9762;1949;0,031250000000000000000
9762;3811;0,031250000000000000000
9762;4307;0,031250000000000000000
9762;5093;0,031250000000000000000
9762;6913;0,031250000000000000000
9762;8156;0,031250000000000000000
9762;9722;0,031250000000000000000
9762;12159;0,093750000000000000000
9762;389498;0,125000000000000000000
9762;442813;0,062500000000000000000
9762;442814;0,062500000000000000000
9806;1286;0,076923076923076923076
9806;2832;0,230769230769230769230
9806;7747;0,307692307692307692307
9806;8090;0,153846153846153846153
9806;9807;0,076923076923076923076
9806;13545;0,153846153846153846153
9807;877;0,062500000000000000000
9807;911;0,062500000000000000000
9807;1044;0,062500000000000000000
9807;2214;0,125000000000000000000
9807;2418;0,125000000000000000000
9807;2503;0,312500000000000000000
9807;2780;0,062500000000000000000
9807;9806;0,062500000000000000000
9807;14465;0,062500000000000000000
9807;326597;0,062500000000000000000
9832;1831;0,400000000000000000000
9832;3436;0,200000000000000000000
9832;5177;0,200000000000000000000
9832;10658;0,200000000000000000000
9846;1025;1,000000000000000000000
9898;277;0,076923076923076923076
9898;1171;0,076923076923076923076
9898;1524;0,076923076923076923076
9898;1681;0,076923076923076923076
9898;3575;0,076923076923076923076
9898;7630;0,076923076923076923076
9898;7873;0,076923076923076923076
9898;8715;0,076923076923076923076
9898;113365;0,076923076923076923076
9898;189452;0,076923076923076923076
9898;387438;0,230769230769230769230
9910;4995;1,000000000000000000000
9924;588;0,090909090909090909090
9924;2129;0,727272727272727272727
9924;2549;0,090909090909090909090
9924;3118;0,090909090909090909090
9940;964;0,285714285714285714285
9940;1364;0,035714285714285714285
9940;1422;0,035714285714285714285
9940;1554;0,035714285714285714285
9940;2005;0,035714285714285714285
9940;2374;0,035714285714285714285
9940;2551;0,035714285714285714285
9940;3029;0,035714285714285714285
9940;3800;0,035714285714285714285
9940;4621;0,035714285714285714285
9940;5093;0,035714285714285714285
9940;5469;0,035714285714285714285
9940;5530;0,035714285714285714285
9940;5854;0,035714285714285714285
9940;6267;0,035714285714285714285
9940;6930;0,035714285714285714285
9940;7564;0,035714285714285714285
9940;7941;0,035714285714285714285
9940;9026;0,035714285714285714285
9940;9441;0,035714285714285714285
9940;25849;0,035714285714285714285
9941;747;0,285714285714285714285
9941;2080;0,714285714285714285714
9951;437;0,465116279069767441860
9951;1560;0,023255813953488372093
9951;1562;0,023255813953488372093
9951;1700;0,023255813953488372093
9951;1883;0,023255813953488372093
9951;3647;0,023255813953488372093
9951;3648;0,046511627906976744186
9951;3768;0,023255813953488372093
9951;4518;0,023255813953488372093
9951;4526;0,023255813953488372093
9951;6072;0,069767441860465116279
9951;6634;0,023255813953488372093
9951;11476;0,023255813953488372093
9951;13291;0,023255813953488372093
9951;19176;0,023255813953488372093
9951;20915;0,023255813953488372093
9951;21396;0,069767441860465116279
9951;21750;0,023255813953488372093
9951;284856;0,023255813953488372093
9960;7975;1,000000000000000000000
9968;1948;0,100000000000000000000
9968;2479;0,350000000000000000000
9968;2803;0,050000000000000000000
9968;3141;0,050000000000000000000
9968;3996;0,050000000000000000000
9968;6027;0,150000000000000000000
9968;6503;0,250000000000000000000
9982;2137;0,333333333333333333333
9982;9309;0,333333333333333333333
9982;28366;0,333333333333333333333
9998;21734;1,000000000000000000000
10000;3116;0,166666666666666666666
10000;402245;0,833333333333333333333
10018;860;0,200000000000000000000
10018;12907;0,800000000000000000000
10020;283;0,025000000000000000000
10020;284;0,025000000000000000000
10020;285;0,025000000000000000000
10020;737;0,025000000000000000000
10020;802;0,025000000000000000000
10020;861;0,025000000000000000000
10020;873;0,025000000000000000000
10020;912;0,025000000000000000000
10020;1448;0,050000000000000000000
10020;1513;0,025000000000000000000
10020;1515;0,025000000000000000000
10020;1591;0,025000000000000000000
10020;1710;0,075000000000000000000
10020;2009;0,025000000000000000000
10020;2087;0,025000000000000000000
10020;2498;0,025000000000000000000
10020;2510;0,050000000000000000000
10020;2655;0,025000000000000000000
10020;2716;0,025000000000000000000
10020;2990;0,025000000000000000000
10020;3045;0,025000000000000000000
10020;3381;0,075000000000000000000
10020;3601;0,025000000000000000000
10020;3619;0,025000000000000000000
10020;3838;0,050000000000000000000
10020;3992;0,025000000000000000000
10020;4213;0,025000000000000000000
10020;4337;0,050000000000000000000
10020;4787;0,025000000000000000000
10020;6105;0,025000000000000000000
10020;6347;0,025000000000000000000
10020;12907;0,025000000000000000000
10080;2023;0,045454545454545454545
10080;2438;0,090909090909090909090
10080;4280;0,045454545454545454545
10080;4281;0,136363636363636363636
10080;5351;0,045454545454545454545
10080;5506;0,090909090909090909090
10080;5892;0,136363636363636363636
10080;6045;0,090909090909090909090
10080;6498;0,090909090909090909090
10080;6581;0,090909090909090909090
10080;9384;0,045454545454545454545
10080;18247;0,045454545454545454545
10080;20969;0,045454545454545454545
10093;1706;0,055555555555555555555
10093;1708;0,055555555555555555555
10093;2230;0,222222222222222222222
10093;2367;0,111111111111111111111
10093;2506;0,111111111111111111111
10093;3359;0,111111111111111111111
10093;7994;0,111111111111111111111
10093;752863;0,222222222222222222222
10103;2423;1,000000000000000000000
10165;484;0,068181818181818181818
10165;635;0,068181818181818181818
10165;882;0,068181818181818181818
10165;1464;0,045454545454545454545
10165;1471;0,068181818181818181818
10165;1637;0,090909090909090909090
10165;2712;0,068181818181818181818
10165;5029;0,045454545454545454545
10165;7259;0,045454545454545454545
10165;14826;0,045454545454545454545
10165;41556;0,068181818181818181818
10165;47352;0,068181818181818181818
10165;50332;0,068181818181818181818
10165;50959;0,068181818181818181818
10165;95154;0,068181818181818181818
10165;336640;0,045454545454545454545
10175;498;0,250000000000000000000
10175;4081;0,250000000000000000000
10175;13692;0,250000000000000000000
10175;27425;0,250000000000000000000
10176;1567;1,000000000000000000000
10177;1608;1,000000000000000000000
10188;54;0,012048192771084337349
10188;113;0,048192771084337349397
10188;122;0,012048192771084337349
10188;281;0,036144578313253012048
10188;419;0,012048192771084337349
10188;545;0,012048192771084337349
10188;621;0,012048192771084337349
10188;658;0,012048192771084337349
10188;845;0,024096385542168674698
10188;891;0,012048192771084337349
10188;911;0,024096385542168674698
10188;995;0,024096385542168674698
10188;1058;0,012048192771084337349
10188;1092;0,012048192771084337349
10188;1116;0,024096385542168674698
10188;1196;0,012048192771084337349
10188;1262;0,024096385542168674698
10188;1271;0,012048192771084337349
10188;1277;0,012048192771084337349
10188;1556;0,012048192771084337349
10188;1591;0,096385542168674698795
10188;1657;0,012048192771084337349
10188;1663;0,012048192771084337349
10188;1710;0,012048192771084337349
10188;1721;0,012048192771084337349
10188;1854;0,012048192771084337349
10188;2111;0,144578313253012048192
10188;2182;0,012048192771084337349
10188;2184;0,012048192771084337349
10188;2227;0,012048192771084337349
10188;2254;0,012048192771084337349
10188;2398;0,012048192771084337349
10188;2434;0,012048192771084337349
10188;2684;0,096385542168674698795
10188;3325;0,012048192771084337349
10188;3393;0,036144578313253012048
10188;3802;0,012048192771084337349
10188;3971;0,012048192771084337349
10188;4240;0,012048192771084337349
10188;5657;0,012048192771084337349
10188;6250;0,012048192771084337349
10188;6461;0,012048192771084337349
10188;6514;0,012048192771084337349
10188;11213;0,012048192771084337349
10188;15437;0,012048192771084337349
10188;602536;0,012048192771084337349
10197;2716;1,000000000000000000000
10241;240;0,333333333333333333333
10241;689;0,066666666666666666666
10241;1065;0,066666666666666666666
10241;2435;0,066666666666666666666
10241;4991;0,400000000000000000000
10241;8465;0,066666666666666666666
10255;1082;0,200000000000000000000
10255;2543;0,400000000000000000000
10255;4100;0,200000000000000000000
10255;7648;0,200000000000000000000
10338;28;0,100000000000000000000
10338;1439;0,200000000000000000000
10338;1468;0,050000000000000000000
10338;1785;0,250000000000000000000
10338;2296;0,150000000000000000000
10338;4621;0,100000000000000000000
10338;28826;0,050000000000000000000
10338;45604;0,050000000000000000000
10338;319841;0,050000000000000000000
10341;24;0,142857142857142857142
10341;6430;0,142857142857142857142
10341;11734;0,428571428571428571428
10341;12563;0,285714285714285714285
10352;57;0,055555555555555555555
10352;1612;0,111111111111111111111
10352;1613;0,055555555555555555555
10352;2414;0,055555555555555555555
10352;3237;0,055555555555555555555
10352;3399;0,111111111111111111111
10352;3876;0,055555555555555555555
10352;3953;0,111111111111111111111
10352;5306;0,055555555555555555555
10352;6513;0,055555555555555555555
10352;8928;0,277777777777777777777
10359;317;1,000000000000000000000
10390;3158;0,333333333333333333333
10390;12387;0,333333333333333333333
10390;25264;0,333333333333333333333
10499;435;0,500000000000000000000
10499;12247;0,500000000000000000000
10507;17516;0,333333333333333333333
10507;28700;0,333333333333333333333
10507;28786;0,333333333333333333333
10523;1293;1,000000000000000000000
10592;1220;0,200000000000000000000
10592;2421;0,200000000000000000000
10592;13850;0,200000000000000000000
10592;27478;0,200000000000000000000
10592;113392;0,200000000000000000000
10595;848;1,000000000000000000000
10602;349;0,142857142857142857142
10602;918;0,571428571428571428571
10602;54879;0,142857142857142857142
10602;276780;0,142857142857142857142
10613;4837;1,000000000000000000000
10630;8778;0,166666666666666666666
10630;8931;0,166666666666666666666
10630;9660;0,166666666666666666666
10630;65998;0,333333333333333333333
10630;66075;0,166666666666666666666
10633;1510;0,066666666666666666666
10633;2064;0,066666666666666666666
10633;2156;0,066666666666666666666
10633;6027;0,066666666666666666666
10633;20666;0,066666666666666666666
10633;27286;0,066666666666666666666
10633;29796;0,066666666666666666666
10633;239965;0,066666666666666666666
10633;248831;0,066666666666666666666
10633;255740;0,066666666666666666666
10633;283638;0,066666666666666666666
10633;331627;0,066666666666666666666
10633;365534;0,066666666666666666666
10633;365536;0,066666666666666666666
10633;388810;0,066666666666666666666
10649;911;0,062500000000000000000
10649;3141;0,062500000000000000000
10649;3142;0,062500000000000000000
10649;4625;0,250000000000000000000
10649;6213;0,062500000000000000000
10649;9382;0,062500000000000000000
10649;57838;0,312500000000000000000
10649;151009;0,062500000000000000000
10649;259831;0,062500000000000000000
10658;635;0,250000000000000000000
10658;882;0,125000000000000000000
10658;1471;0,125000000000000000000
10658;3829;0,125000000000000000000
10658;11552;0,125000000000000000000
10658;25488;0,125000000000000000000
10658;75827;0,125000000000000000000
10682;3188;0,500000000000000000000
10682;418454;0,500000000000000000000
10724;1439;0,400000000000000000000
10724;1684;0,200000000000000000000
10724;5177;0,400000000000000000000
10740;9434;1,000000000000000000000
10763;140;0,769230769230769230769
10763;1164;0,230769230769230769230
10860;288;0,181818181818181818181
10860;2678;0,545454545454545454545
10860;3836;0,181818181818181818181
10860;15867;0,090909090909090909090
10892;1516;0,125000000000000000000
10892;3251;0,625000000000000000000
10892;6151;0,125000000000000000000
10892;15975;0,125000000000000000000
10926;351;0,300000000000000000000
10926;1340;0,200000000000000000000
10926;1510;0,100000000000000000000
10926;3802;0,200000000000000000000
10926;4361;0,100000000000000000000
10926;5360;0,100000000000000000000
10941;1267;1,000000000000000000000
10946;192;0,142857142857142857142
10946;2272;0,142857142857142857142
10946;5564;0,428571428571428571428
10946;533247;0,285714285714285714285
11004;4374;0,500000000000000000000
11004;7648;0,250000000000000000000
11004;19402;0,250000000000000000000
11138;382;0,055555555555555555555
11138;388;0,055555555555555555555
11138;390;0,055555555555555555555
11138;397;0,055555555555555555555
11138;3420;0,388888888888888888888
11138;4498;0,055555555555555555555
11138;5536;0,111111111111111111111
11138;7975;0,055555555555555555555
11138;12563;0,055555555555555555555
11138;21112;0,055555555555555555555
11138;28404;0,055555555555555555555
11213;22;0,222222222222222222222
11213;2043;0,333333333333333333333
11213;4625;0,222222222222222222222
11213;7132;0,111111111111111111111
11213;135596;0,111111111111111111111
11249;4993;0,200000000000000000000
11249;5647;0,400000000000000000000
11249;12889;0,200000000000000000000
11249;58270;0,200000000000000000000
11330;218;0,086956521739130434782
11330;899;0,086956521739130434782
11330;2184;0,043478260869565217391
11330;4244;0,043478260869565217391
11330;6068;0,043478260869565217391
11330;9554;0,086956521739130434782
11330;94073;0,086956521739130434782
11330;119483;0,086956521739130434782
11330;286660;0,086956521739130434782
11330;333184;0,086956521739130434782
11330;459252;0,086956521739130434782
11330;508762;0,086956521739130434782
11330;671388;0,086956521739130434782
11369;83;0,006191950464396284829
11369;1042;0,009287925696594427244
11369;1190;0,006191950464396284829
11369;1220;0,009287925696594427244
11369;1444;0,006191950464396284829
11369;1468;0,006191950464396284829
11369;1771;0,012383900928792569659
11369;2275;0,071207430340557275541
11369;2287;0,009287925696594427244
11369;2419;0,006191950464396284829
11369;2420;0,006191950464396284829
11369;2421;0,009287925696594427244
11369;2422;0,006191950464396284829
11369;2423;0,006191950464396284829
11369;2424;0,012383900928792569659
11369;2425;0,099071207430340557275
11369;3993;0,006191950464396284829
11369;4222;0,006191950464396284829
11369;4692;0,006191950464396284829
11369;5065;0,006191950464396284829
11369;5782;0,009287925696594427244
11369;6068;0,009287925696594427244
11369;6201;0,006191950464396284829
11369;6419;0,006191950464396284829
11369;6630;0,009287925696594427244
11369;6641;0,006191950464396284829
11369;6734;0,009287925696594427244
11369;6765;0,027863777089783281733
11369;6881;0,009287925696594427244
11369;6918;0,009287925696594427244
11369;7139;0,006191950464396284829
11369;7954;0,006191950464396284829
11369;8013;0,006191950464396284829
11369;8205;0,003095975232198142414
11369;8820;0,009287925696594427244
11369;9065;0,006191950464396284829
11369;9066;0,006191950464396284829
11369;9067;0,009287925696594427244
11369;9068;0,006191950464396284829
11369;9069;0,006191950464396284829
11369;9674;0,006191950464396284829
11369;10298;0,006191950464396284829
11369;10592;0,006191950464396284829
11369;10606;0,009287925696594427244
11369;11826;0,006191950464396284829
11369;12375;0,006191950464396284829
11369;12489;0,006191950464396284829
11369;13179;0,006191950464396284829
11369;13850;0,006191950464396284829
11369;14069;0,006191950464396284829
11369;15686;0,006191950464396284829
11369;15944;0,006191950464396284829
11369;16497;0,006191950464396284829
11369;16994;0,006191950464396284829
11369;17553;0,012383900928792569659
11369;19627;0,009287925696594427244
11369;19726;0,006191950464396284829
11369;20307;0,006191950464396284829
11369;21159;0,006191950464396284829
11369;22534;0,006191950464396284829
11369;23180;0,006191950464396284829
11369;25205;0,006191950464396284829
11369;25221;0,006191950464396284829
11369;25223;0,006191950464396284829
11369;25224;0,006191950464396284829
11369;25225;0,006191950464396284829
11369;25226;0,006191950464396284829
11369;25227;0,006191950464396284829
11369;25229;0,006191950464396284829
11369;25230;0,015479876160990712074
11369;25905;0,006191950464396284829
11369;27062;0,006191950464396284829
11369;27063;0,012383900928792569659
11369;27064;0,006191950464396284829
11369;27065;0,006191950464396284829
11369;27066;0,006191950464396284829
11369;27067;0,012383900928792569659
11369;27175;0,009287925696594427244
11369;27474;0,006191950464396284829
11369;27810;0,006191950464396284829
11369;28183;0,006191950464396284829
11369;28184;0,006191950464396284829
11369;28185;0,006191950464396284829
11369;28187;0,006191950464396284829
11369;28189;0,006191950464396284829
11369;28194;0,006191950464396284829
11369;28195;0,009287925696594427244
11369;28198;0,006191950464396284829
11369;28199;0,006191950464396284829
11369;28200;0,006191950464396284829
11369;28202;0,006191950464396284829
11369;28210;0,006191950464396284829
11369;28212;0,006191950464396284829
11369;28213;0,006191950464396284829
11369;28834;0,006191950464396284829
11369;28848;0,006191950464396284829
11369;28853;0,006191950464396284829
11369;28857;0,006191950464396284829
11369;108876;0,006191950464396284829
11369;145389;0,006191950464396284829
11369;349155;0,009287925696594427244
11369;373677;0,030959752321981424148
11369;377520;0,006191950464396284829
11369;383065;0,006191950464396284829
11369;383066;0,006191950464396284829
11369;383067;0,006191950464396284829
11369;383068;0,006191950464396284829
11369;383069;0,006191950464396284829
11369;383070;0,006191950464396284829
11369;387436;0,006191950464396284829
11369;387437;0,006191950464396284829
11369;387438;0,006191950464396284829
11369;387439;0,006191950464396284829
11369;387441;0,006191950464396284829
11377;3871;1,000000000000000000000
11382;2865;0,750000000000000000000
11382;15975;0,083333333333333333333
11382;20666;0,166666666666666666666
11415;135123;1,000000000000000000000
11427;352;0,333333333333333333333
11427;2195;0,333333333333333333333
11427;3359;0,333333333333333333333
11476;1564;0,250000000000000000000
11476;1567;0,750000000000000000000
11527;1123;0,076923076923076923076
11527;1596;0,769230769230769230769
11527;9615;0,153846153846153846153
11536;512;1,000000000000000000000
11552;1439;0,117647058823529411764
11552;2075;0,117647058823529411764
11552;5654;0,058823529411764705882
11552;9356;0,058823529411764705882
11552;10658;0,058823529411764705882
11552;22298;0,058823529411764705882
11552;25264;0,058823529411764705882
11552;28819;0,117647058823529411764
11552;38738;0,294117647058823529411
11552;116409;0,058823529411764705882
11656;1434;0,166666666666666666666
11656;2433;0,166666666666666666666
11656;2778;0,111111111111111111111
11656;3968;0,111111111111111111111
11656;6461;0,055555555555555555555
11656;11734;0,111111111111111111111
11656;13642;0,222222222222222222222
11656;651622;0,055555555555555555555
11680;274;0,035714285714285714285
11680;283;0,035714285714285714285
11680;860;0,035714285714285714285
11680;873;0,035714285714285714285
11680;1149;0,035714285714285714285
11680;1591;0,035714285714285714285
11680;1710;0,035714285714285714285
11680;2252;0,035714285714285714285
11680;2472;0,035714285714285714285
11680;2742;0,035714285714285714285
11680;3871;0,035714285714285714285
11680;3992;0,035714285714285714285
11680;4613;0,035714285714285714285
11680;5628;0,035714285714285714285
11680;8489;0,035714285714285714285
11680;8630;0,035714285714285714285
11680;9158;0,142857142857142857142
11680;10018;0,035714285714285714285
11680;10021;0,035714285714285714285
11680;10595;0,035714285714285714285
11680;12865;0,035714285714285714285
11680;13673;0,035714285714285714285
11680;13675;0,035714285714285714285
11680;28834;0,035714285714285714285
11680;129892;0,035714285714285714285
11695;148;0,333333333333333333333
11695;568;0,333333333333333333333
11695;4000;0,333333333333333333333
11734;189;0,050000000000000000000
11734;306;0,050000000000000000000
11734;375;0,050000000000000000000
11734;3449;0,100000000000000000000
11734;4522;0,050000000000000000000
11734;4576;0,600000000000000000000
11734;10341;0,100000000000000000000
11863;979;1,000000000000000000000
11869;2844;1,000000000000000000000
11902;2429;0,250000000000000000000
11902;2798;0,250000000000000000000
11902;13496;0,250000000000000000000
11902;604233;0,250000000000000000000
11966;23;0,002070393374741200828
11966;36;0,006211180124223602484
11966;40;0,002070393374741200828
11966;42;0,002070393374741200828
11966;45;0,002070393374741200828
11966;61;0,002070393374741200828
11966;66;0,002070393374741200828
11966;85;0,006211180124223602484
11966;96;0,002070393374741200828
11966;122;0,002070393374741200828
11966;140;0,002070393374741200828
11966;176;0,002070393374741200828
11966;181;0,002070393374741200828
11966;182;0,002070393374741200828
11966;196;0,004140786749482401656
11966;198;0,002070393374741200828
11966;210;0,006211180124223602484
11966;214;0,002070393374741200828
11966;226;0,002070393374741200828
11966;237;0,010351966873706004140
11966;241;0,002070393374741200828
11966;247;0,002070393374741200828
11966;248;0,002070393374741200828
11966;249;0,002070393374741200828
11966;250;0,002070393374741200828
11966;251;0,002070393374741200828
11966;261;0,002070393374741200828
11966;274;0,002070393374741200828
11966;279;0,002070393374741200828
11966;282;0,002070393374741200828
11966;285;0,006211180124223602484
11966;360;0,002070393374741200828
11966;371;0,002070393374741200828
11966;468;0,002070393374741200828
11966;472;0,002070393374741200828
11966;490;0,002070393374741200828
11966;543;0,002070393374741200828
11966;579;0,002070393374741200828
11966;588;0,002070393374741200828
11966;625;0,002070393374741200828
11966;635;0,002070393374741200828
11966;678;0,002070393374741200828
11966;698;0,002070393374741200828
11966;727;0,002070393374741200828
11966;731;0,002070393374741200828
11966;737;0,002070393374741200828
11966;747;0,002070393374741200828
11966;748;0,002070393374741200828
11966;761;0,002070393374741200828
11966;783;0,002070393374741200828
11966;802;0,002070393374741200828
11966;844;0,002070393374741200828
11966;855;0,002070393374741200828
11966;860;0,002070393374741200828
11966;861;0,002070393374741200828
11966;873;0,002070393374741200828
11966;875;0,002070393374741200828
11966;882;0,002070393374741200828
11966;885;0,002070393374741200828
11966;886;0,002070393374741200828
11966;952;0,002070393374741200828
11966;999;0,002070393374741200828
11966;1002;0,002070393374741200828
11966;1012;0,002070393374741200828
11966;1033;0,002070393374741200828
11966;1034;0,002070393374741200828
11966;1043;0,002070393374741200828
11966;1077;0,002070393374741200828
11966;1085;0,004140786749482401656
11966;1094;0,002070393374741200828
11966;1104;0,002070393374741200828
11966;1111;0,002070393374741200828
11966;1113;0,002070393374741200828
11966;1120;0,002070393374741200828
11966;1141;0,002070393374741200828
11966;1142;0,002070393374741200828
11966;1149;0,002070393374741200828
11966;1154;0,002070393374741200828
11966;1156;0,002070393374741200828
11966;1164;0,002070393374741200828
11966;1180;0,006211180124223602484
11966;1192;0,002070393374741200828
11966;1196;0,002070393374741200828
11966;1210;0,002070393374741200828
11966;1284;0,002070393374741200828
11966;1307;0,002070393374741200828
11966;1346;0,002070393374741200828
11966;1416;0,002070393374741200828
11966;1439;0,002070393374741200828
11966;1440;0,002070393374741200828
11966;1448;0,002070393374741200828
11966;1471;0,002070393374741200828
11966;1495;0,002070393374741200828
11966;1496;0,002070393374741200828
11966;1501;0,002070393374741200828
11966;1513;0,002070393374741200828
11966;1520;0,002070393374741200828
11966;1556;0,002070393374741200828
11966;1570;0,002070393374741200828
11966;1583;0,002070393374741200828
11966;1591;0,002070393374741200828
11966;1637;0,006211180124223602484
11966;1639;0,008281573498964803312
11966;1673;0,002070393374741200828
11966;1713;0,002070393374741200828
11966;1741;0,002070393374741200828
11966;1810;0,002070393374741200828
11966;1814;0,002070393374741200828
11966;1827;0,002070393374741200828
11966;1831;0,002070393374741200828
11966;1841;0,002070393374741200828
11966;1843;0,002070393374741200828
11966;1848;0,002070393374741200828
11966;1855;0,002070393374741200828
11966;1864;0,002070393374741200828
11966;1917;0,002070393374741200828
11966;1923;0,002070393374741200828
11966;1949;0,002070393374741200828
11966;1956;0,002070393374741200828
11966;1981;0,002070393374741200828
11966;1983;0,002070393374741200828
11966;1986;0,002070393374741200828
11966;2048;0,002070393374741200828
11966;2080;0,002070393374741200828
11966;2083;0,002070393374741200828
11966;2087;0,002070393374741200828
11966;2090;0,002070393374741200828
11966;2125;0,002070393374741200828
11966;2128;0,002070393374741200828
11966;2129;0,002070393374741200828
11966;2133;0,010351966873706004140
11966;2198;0,002070393374741200828
11966;2206;0,004140786749482401656
11966;2210;0,002070393374741200828
11966;2230;0,002070393374741200828
11966;2237;0,002070393374741200828
11966;2252;0,002070393374741200828
11966;2269;0,006211180124223602484
11966;2278;0,004140786749482401656
11966;2288;0,002070393374741200828
11966;2293;0,002070393374741200828
11966;2296;0,002070393374741200828
11966;2302;0,002070393374741200828
11966;2304;0,002070393374741200828
11966;2352;0,002070393374741200828
11966;2379;0,002070393374741200828
11966;2390;0,002070393374741200828
11966;2408;0,002070393374741200828
11966;2464;0,002070393374741200828
11966;2472;0,002070393374741200828
11966;2499;0,002070393374741200828
11966;2502;0,002070393374741200828
11966;2510;0,002070393374741200828
11966;2512;0,002070393374741200828
11966;2515;0,002070393374741200828
11966;2523;0,002070393374741200828
11966;2549;0,002070393374741200828
11966;2559;0,006211180124223602484
11966;2591;0,006211180124223602484
11966;2602;0,002070393374741200828
11966;2621;0,002070393374741200828
11966;2642;0,002070393374741200828
11966;2647;0,002070393374741200828
11966;2655;0,002070393374741200828
11966;2704;0,002070393374741200828
11966;2706;0,002070393374741200828
11966;2716;0,002070393374741200828
11966;2728;0,002070393374741200828
11966;2734;0,002070393374741200828
11966;2741;0,002070393374741200828
11966;2742;0,002070393374741200828
11966;2746;0,002070393374741200828
11966;2791;0,002070393374741200828
11966;2794;0,002070393374741200828
11966;2804;0,002070393374741200828
11966;2851;0,002070393374741200828
11966;2852;0,002070393374741200828
11966;2853;0,002070393374741200828
11966;2884;0,002070393374741200828
11966;2990;0,002070393374741200828
11966;3015;0,002070393374741200828
11966;3033;0,002070393374741200828
11966;3045;0,002070393374741200828
11966;3080;0,002070393374741200828
11966;3082;0,002070393374741200828
11966;3091;0,002070393374741200828
11966;3118;0,002070393374741200828
11966;3129;0,002070393374741200828
11966;3161;0,002070393374741200828
11966;3170;0,002070393374741200828
11966;3180;0,002070393374741200828
11966;3219;0,002070393374741200828
11966;3234;0,002070393374741200828
11966;3235;0,002070393374741200828
11966;3246;0,002070393374741200828
11966;3340;0,002070393374741200828
11966;3341;0,002070393374741200828
11966;3342;0,002070393374741200828
11966;3343;0,002070393374741200828
11966;3344;0,002070393374741200828
11966;3345;0,002070393374741200828
11966;3346;0,002070393374741200828
11966;3347;0,002070393374741200828
11966;3348;0,002070393374741200828
11966;3349;0,002070393374741200828
11966;3350;0,002070393374741200828
11966;3392;0,002070393374741200828
11966;3393;0,002070393374741200828
11966;3427;0,002070393374741200828
11966;3429;0,002070393374741200828
11966;3436;0,002070393374741200828
11966;3473;0,002070393374741200828
11966;3480;0,002070393374741200828
11966;3481;0,002070393374741200828
11966;3532;0,004140786749482401656
11966;3567;0,006211180124223602484
11966;3599;0,002070393374741200828
11966;3619;0,002070393374741200828
11966;3678;0,002070393374741200828
11966;3701;0,002070393374741200828
11966;3763;0,002070393374741200828
11966;3776;0,002070393374741200828
11966;3815;0,002070393374741200828
11966;3829;0,002070393374741200828
11966;3867;0,002070393374741200828
11966;3871;0,002070393374741200828
11966;3872;0,002070393374741200828
11966;3873;0,002070393374741200828
11966;3905;0,004140786749482401656
11966;3960;0,002070393374741200828
11966;4004;0,002070393374741200828
11966;4056;0,002070393374741200828
11966;4098;0,006211180124223602484
11966;4117;0,002070393374741200828
11966;4187;0,002070393374741200828
11966;4250;0,002070393374741200828
11966;4268;0,002070393374741200828
11966;4307;0,002070393374741200828
11966;4313;0,002070393374741200828
11966;4336;0,002070393374741200828
11966;4337;0,002070393374741200828
11966;4355;0,002070393374741200828
11966;4396;0,006211180124223602484
11966;4398;0,002070393374741200828
11966;4476;0,002070393374741200828
11966;4486;0,002070393374741200828
11966;4592;0,002070393374741200828
11966;4613;0,002070393374741200828
11966;4667;0,004140786749482401656
11966;4699;0,002070393374741200828
11966;4719;0,002070393374741200828
11966;4787;0,002070393374741200828
11966;4831;0,006211180124223602484
11966;4881;0,002070393374741200828
11966;4890;0,004140786749482401656
11966;4976;0,002070393374741200828
11966;4992;0,002070393374741200828
11966;4993;0,006211180124223602484
11966;5000;0,002070393374741200828
11966;5006;0,006211180124223602484
11966;5008;0,002070393374741200828
11966;5010;0,002070393374741200828
11966;5012;0,002070393374741200828
11966;5016;0,002070393374741200828
11966;5029;0,004140786749482401656
11966;5042;0,002070393374741200828
11966;5083;0,002070393374741200828
11966;5088;0,002070393374741200828
11966;5089;0,002070393374741200828
11966;5158;0,002070393374741200828
11966;5177;0,006211180124223602484
11966;5190;0,002070393374741200828
11966;5223;0,002070393374741200828
11966;5232;0,002070393374741200828
11966;5373;0,002070393374741200828
11966;5380;0,002070393374741200828
11966;5493;0,002070393374741200828
11966;5521;0,002070393374741200828
11966;5719;0,002070393374741200828
11966;6007;0,002070393374741200828
11966;6008;0,002070393374741200828
11966;6221;0,002070393374741200828
11966;6347;0,002070393374741200828
11966;6543;0,002070393374741200828
11966;6557;0,002070393374741200828
11966;6643;0,002070393374741200828
11966;6856;0,002070393374741200828
11966;6955;0,002070393374741200828
11966;6997;0,002070393374741200828
11966;7009;0,002070393374741200828
11966;7037;0,002070393374741200828
11966;7322;0,002070393374741200828
11966;7480;0,002070393374741200828
11966;7711;0,002070393374741200828
11966;7911;0,002070393374741200828
11966;7920;0,002070393374741200828
11966;8003;0,002070393374741200828
11966;8095;0,002070393374741200828
11966;8146;0,002070393374741200828
11966;8200;0,002070393374741200828
11966;8203;0,002070393374741200828
11966;8489;0,002070393374741200828
11966;8516;0,002070393374741200828
11966;8702;0,002070393374741200828
11966;8786;0,002070393374741200828
11966;8787;0,002070393374741200828
11966;8909;0,002070393374741200828
11966;9234;0,002070393374741200828
11966;9258;0,002070393374741200828
11966;9338;0,002070393374741200828
11966;9356;0,002070393374741200828
11966;9468;0,002070393374741200828
11966;9481;0,002070393374741200828
11966;9482;0,002070393374741200828
11966;9542;0,002070393374741200828
11966;9554;0,004140786749482401656
11966;9714;0,002070393374741200828
11966;9824;0,002070393374741200828
11966;9924;0,002070393374741200828
11966;9925;0,002070393374741200828
11966;10021;0,002070393374741200828
11966;10337;0,002070393374741200828
11966;10338;0,002070393374741200828
11966;10480;0,002070393374741200828
11966;10613;0,002070393374741200828
11966;10640;0,002070393374741200828
11966;10658;0,002070393374741200828
11966;10724;0,002070393374741200828
11966;10744;0,002070393374741200828
11966;10763;0,002070393374741200828
11966;11465;0,002070393374741200828
11966;11552;0,002070393374741200828
11966;11680;0,002070393374741200828
11966;12577;0,002070393374741200828
11966;12865;0,002070393374741200828
11966;12938;0,002070393374741200828
11966;13048;0,002070393374741200828
11966;13122;0,002070393374741200828
11966;13178;0,002070393374741200828
11966;13200;0,002070393374741200828
11966;13676;0,002070393374741200828
11966;14013;0,002070393374741200828
11966;14602;0,002070393374741200828
11966;14683;0,002070393374741200828
11966;14803;0,002070393374741200828
11966;14870;0,002070393374741200828
11966;14907;0,002070393374741200828
11966;15331;0,002070393374741200828
11966;15471;0,006211180124223602484
11966;15721;0,002070393374741200828
11966;15762;0,002070393374741200828
11966;15888;0,002070393374741200828
11966;16280;0,002070393374741200828
11966;17487;0,002070393374741200828
11966;17665;0,002070393374741200828
11966;17720;0,002070393374741200828
11966;17954;0,002070393374741200828
11966;18070;0,002070393374741200828
11966;18396;0,002070393374741200828
11966;19187;0,002070393374741200828
11966;19188;0,002070393374741200828
11966;19200;0,002070393374741200828
11966;21005;0,002070393374741200828
11966;22211;0,002070393374741200828
11966;22298;0,002070393374741200828
11966;22704;0,002070393374741200828
11966;22705;0,002070393374741200828
11966;22706;0,002070393374741200828
11966;22708;0,002070393374741200828
11966;22880;0,002070393374741200828
11966;23930;0,002070393374741200828
11966;23953;0,002070393374741200828
11966;24098;0,002070393374741200828
11966;24099;0,002070393374741200828
11966;24838;0,002070393374741200828
11966;25264;0,002070393374741200828
11966;25488;0,002070393374741200828
11966;26095;0,002070393374741200828
11966;26786;0,002070393374741200828
11966;28165;0,002070393374741200828
11966;28201;0,002070393374741200828
11966;28211;0,002070393374741200828
11966;28517;0,002070393374741200828
11966;28697;0,002070393374741200828
11966;28705;0,002070393374741200828
11966;28819;0,002070393374741200828
11966;28878;0,002070393374741200828
11966;29376;0,008281573498964803312
11966;30811;0,002070393374741200828
11966;37811;0,002070393374741200828
11966;37812;0,002070393374741200828
11966;37815;0,002070393374741200828
11966;38738;0,002070393374741200828
11966;41556;0,002070393374741200828
11966;42210;0,006211180124223602484
11966;45686;0,002070393374741200828
11966;45698;0,002070393374741200828
11966;45711;0,002070393374741200828
11966;45724;0,002070393374741200828
11966;47352;0,002070393374741200828
11966;50332;0,002070393374741200828
11966;50905;0,002070393374741200828
11966;50959;0,002070393374741200828
11966;55041;0,002070393374741200828
11966;57273;0,002070393374741200828
11966;63783;0,002070393374741200828
11966;72209;0,002070393374741200828
11966;75005;0,002070393374741200828
11966;76428;0,004140786749482401656
11966;81648;0,002070393374741200828
11966;95154;0,002070393374741200828
11966;99942;0,002070393374741200828
11966;105800;0,002070393374741200828
11966;105853;0,002070393374741200828
11966;173893;0,006211180124223602484
11966;251782;0,002070393374741200828
11966;282773;0,002070393374741200828
11966;381254;0,002070393374741200828
11966;440497;0,002070393374741200828
11966;653504;0,002070393374741200828
12001;71;1,000000000000000000000
12026;934;0,500000000000000000000
12026;1036;0,500000000000000000000
12156;547;0,016393442622950819672
12156;689;0,016393442622950819672
12156;772;0,008196721311475409836
12156;853;0,077868852459016393442
12156;1319;0,077868852459016393442
12156;1717;0,069672131147540983606
12156;2073;0,008196721311475409836
12156;4336;0,016393442622950819672
12156;4425;0,016393442622950819672
12156;4430;0,077868852459016393442
12156;4470;0,061475409836065573770
12156;4772;0,086065573770491803278
12156;5526;0,061475409836065573770
12156;7480;0,016393442622950819672
12156;8568;0,016393442622950819672
12156;8873;0,077868852459016393442
12156;9090;0,061475409836065573770
12156;13622;0,077868852459016393442
12156;27862;0,061475409836065573770
12156;40028;0,016393442622950819672
12156;122436;0,077868852459016393442
12159;1092;0,250000000000000000000
12159;2897;0,062500000000000000000
12159;3222;0,312500000000000000000
12159;3401;0,062500000000000000000
12159;4307;0,062500000000000000000
12159;6812;0,062500000000000000000
12159;9762;0,187500000000000000000
12165;1912;1,000000000000000000000
12176;5657;1,000000000000000000000
12269;1122;1,000000000000000000000
12333;904;0,100000000000000000000
12333;1850;0,200000000000000000000
12333;3158;0,600000000000000000000
12333;4078;0,100000000000000000000
12339;853;1,000000000000000000000
12356;504;0,375000000000000000000
12356;6151;0,125000000000000000000
12356;7975;0,125000000000000000000
12356;9254;0,250000000000000000000
12356;792462;0,125000000000000000000
12362;3791;1,000000000000000000000
12372;2799;1,000000000000000000000
12375;1042;0,333333333333333333333
12375;1220;0,666666666666666666666
12387;2921;0,375000000000000000000
12387;3158;0,125000000000000000000
12387;10390;0,250000000000000000000
12387;12670;0,125000000000000000000
12387;440509;0,125000000000000000000
12391;12396;1,000000000000000000000
12395;1554;1,000000000000000000000
12396;846;0,333333333333333333333
12396;12391;0,666666666666666666666
12418;426;1,000000000000000000000
12430;59;0,083333333333333333333
12430;749;0,083333333333333333333
12430;853;0,125000000000000000000
12430;1225;0,041666666666666666666
12430;1239;0,041666666666666666666
12430;1459;0,041666666666666666666
12430;2865;0,041666666666666666666
12430;3370;0,041666666666666666666
12430;3378;0,083333333333333333333
12430;3940;0,125000000000000000000
12430;5783;0,041666666666666666666
12430;7015;0,041666666666666666666
12430;7624;0,125000000000000000000
12430;8698;0,041666666666666666666
12430;12441;0,041666666666666666666
12432;853;0,200000000000000000000
12432;1104;0,200000000000000000000
12432;1118;0,200000000000000000000
12432;7941;0,400000000000000000000
12433;853;0,200000000000000000000
12433;1355;0,200000000000000000000
12433;12436;0,600000000000000000000
12435;528;1,000000000000000000000
12497;322;0,058823529411764705882
12497;550;0,117647058823529411764
12497;2023;0,058823529411764705882
12497;2280;0,058823529411764705882
12497;4281;0,058823529411764705882
12497;7301;0,058823529411764705882
12497;8928;0,470588235294117647058
12497;15863;0,058823529411764705882
12497;28970;0,058823529411764705882
12523;5158;1,000000000000000000000
12528;550;0,250000000000000000000
12528;1462;0,250000000000000000000
12528;1891;0,250000000000000000000
12528;12572;0,250000000000000000000
12550;8928;1,000000000000000000000
12563;375;0,029411764705882352941
12563;388;0,029411764705882352941
12563;391;0,014705882352941176470
12563;392;0,029411764705882352941
12563;394;0,014705882352941176470
12563;398;0,014705882352941176470
12563;400;0,029411764705882352941
12563;401;0,014705882352941176470
12563;404;0,014705882352941176470
12563;405;0,014705882352941176470
12563;408;0,014705882352941176470
12563;409;0,014705882352941176470
12563;411;0,088235294117647058823
12563;414;0,014705882352941176470
12563;416;0,014705882352941176470
12563;417;0,044117647058823529411
12563;418;0,044117647058823529411
12563;458;0,014705882352941176470
12563;1069;0,014705882352941176470
12563;1140;0,014705882352941176470
12563;1178;0,014705882352941176470
12563;1727;0,029411764705882352941
12563;1729;0,014705882352941176470
12563;1762;0,014705882352941176470
12563;2005;0,014705882352941176470
12563;2517;0,014705882352941176470
12563;2961;0,014705882352941176470
12563;2993;0,014705882352941176470
12563;3022;0,029411764705882352941
12563;3449;0,014705882352941176470
12563;5168;0,014705882352941176470
12563;5591;0,014705882352941176470
12563;6262;0,014705882352941176470
12563;7030;0,014705882352941176470
12563;7906;0,014705882352941176470
12563;8223;0,014705882352941176470
12563;8525;0,014705882352941176470
12563;9380;0,014705882352941176470
12563;9615;0,014705882352941176470
12563;10341;0,029411764705882352941
12563;11138;0,014705882352941176470
12563;12850;0,029411764705882352941
12563;17611;0,014705882352941176470
12563;27672;0,014705882352941176470
12563;28420;0,014705882352941176470
12563;119973;0,073529411764705882352
12563;189452;0,014705882352941176470
12579;846;0,400000000000000000000
12579;1107;0,200000000000000000000
12579;1171;0,200000000000000000000
12579;5306;0,200000000000000000000
12591;441;0,333333333333333333333
12591;3411;0,333333333333333333333
12591;5077;0,333333333333333333333
12596;1180;0,750000000000000000000
12596;5071;0,200000000000000000000
12596;5626;0,050000000000000000000
12617;668;1,000000000000000000000
12685;311;1,000000000000000000000
12698;8827;1,000000000000000000000
12706;54;0,013422818791946308724
12706;109;0,013422818791946308724
12706;322;0,013422818791946308724
12706;485;0,013422818791946308724
12706;550;0,020134228187919463087
12706;596;0,013422818791946308724
12706;658;0,013422818791946308724
12706;689;0,013422818791946308724
12706;763;0,013422818791946308724
12706;914;0,013422818791946308724
12706;1079;0,013422818791946308724
12706;1297;0,013422818791946308724
12706;1319;0,026845637583892617449
12706;1457;0,013422818791946308724
12706;1462;0,013422818791946308724
12706;1463;0,013422818791946308724
12706;1487;0,013422818791946308724
12706;1663;0,013422818791946308724
12706;1664;0,013422818791946308724
12706;1867;0,013422818791946308724
12706;1891;0,013422818791946308724
12706;2007;0,013422818791946308724
12706;2184;0,013422818791946308724
12706;2206;0,013422818791946308724
12706;2310;0,013422818791946308724
12706;2318;0,006711409395973154362
12706;3135;0,013422818791946308724
12706;3230;0,013422818791946308724
12706;3372;0,013422818791946308724
12706;3433;0,013422818791946308724
12706;3457;0,013422818791946308724
12706;3499;0,013422818791946308724
12706;3694;0,013422818791946308724
12706;4172;0,013422818791946308724
12706;4244;0,013422818791946308724
12706;4744;0,013422818791946308724
12706;4873;0,013422818791946308724
12706;4940;0,013422818791946308724
12706;5657;0,013422818791946308724
12706;5789;0,013422818791946308724
12706;5790;0,147651006711409395973
12706;6567;0,013422818791946308724
12706;6986;0,013422818791946308724
12706;7209;0,013422818791946308724
12706;7418;0,013422818791946308724
12706;7694;0,013422818791946308724
12706;7983;0,013422818791946308724
12706;9138;0,013422818791946308724
12706;12176;0,013422818791946308724
12706;13713;0,013422818791946308724
12706;13796;0,013422818791946308724
12706;13799;0,013422818791946308724
12706;14733;0,013422818791946308724
12706;15863;0,006711409395973154362
12706;15895;0,013422818791946308724
12706;20853;0,013422818791946308724
12706;28435;0,013422818791946308724
12706;28445;0,013422818791946308724
12706;28584;0,013422818791946308724
12706;28597;0,013422818791946308724
12706;28600;0,013422818791946308724
12706;28969;0,013422818791946308724
12706;33843;0,013422818791946308724
12706;54440;0,013422818791946308724
12745;557;0,750000000000000000000
12745;5245;0,250000000000000000000
12749;180;0,500000000000000000000
12749;863;0,500000000000000000000
12768;3225;0,166666666666666666666
12768;3940;0,833333333333333333333
12775;1154;0,400000000000000000000
12775;4890;0,400000000000000000000
12775;283638;0,200000000000000000000
12798;65;0,142857142857142857142
12798;1044;0,285714285714285714285
12798;5856;0,428571428571428571428
12798;525330;0,142857142857142857142
12817;4510;1,000000000000000000000
12820;749;0,250000000000000000000
12820;5637;0,500000000000000000000
12820;19582;0,250000000000000000000
12826;295;0,500000000000000000000
12826;5054;0,500000000000000000000
12850;1138;0,142857142857142857142
12850;4498;0,142857142857142857142
12850;4627;0,142857142857142857142
12850;5536;0,285714285714285714285
12850;10341;0,142857142857142857142
12850;14010;0,142857142857142857142
12864;472;0,500000000000000000000
12864;771;0,250000000000000000000
12864;4890;0,250000000000000000000
12876;85;0,071428571428571428571
12876;247;0,071428571428571428571
12876;253;0,071428571428571428571
12876;798;0,071428571428571428571
12876;1455;0,071428571428571428571
12876;3503;0,071428571428571428571
12876;4890;0,035714285714285714285
12876;5142;0,142857142857142857142
12876;6444;0,071428571428571428571
12876;7886;0,035714285714285714285
12876;10823;0,071428571428571428571
12876;12880;0,071428571428571428571
12876;251238;0,071428571428571428571
12876;283638;0,071428571428571428571
12880;85;0,500000000000000000000
12880;12876;0,500000000000000000000
12936;689;0,333333333333333333333
12936;978;0,111111111111111111111
12936;2176;0,111111111111111111111
12936;2510;0,111111111111111111111
12936;2591;0,111111111111111111111
12936;3859;0,222222222222222222222
12938;1439;0,166666666666666666666
12938;1445;0,083333333333333333333
12938;1831;0,083333333333333333333
12938;2479;0,250000000000000000000
12938;9356;0,083333333333333333333
12938;9831;0,083333333333333333333
12938;44336;0,083333333333333333333
12938;239964;0,166666666666666666666
12959;83;0,027777777777777777777
12959;375;0,027777777777777777777
12959;382;0,027777777777777777777
12959;394;0,027777777777777777777
12959;399;0,027777777777777777777
12959;403;0,027777777777777777777
12959;405;0,027777777777777777777
12959;407;0,027777777777777777777
12959;417;0,027777777777777777777
12959;869;0,027777777777777777777
12959;967;0,027777777777777777777
12959;1135;0,027777777777777777777
12959;1397;0,027777777777777777777
12959;1671;0,027777777777777777777
12959;1762;0,027777777777777777777
12959;2004;0,027777777777777777777
12959;2569;0,027777777777777777777
12959;3408;0,027777777777777777777
12959;4242;0,027777777777777777777
12959;4379;0,027777777777777777777
12959;4786;0,027777777777777777777
12959;5591;0,027777777777777777777
12959;7095;0,027777777777777777777
12959;7975;0,055555555555555555555
12959;8113;0,027777777777777777777
12959;11235;0,027777777777777777777
12959;13048;0,027777777777777777777
12959;17272;0,027777777777777777777
12959;17954;0,027777777777777777777
12959;19188;0,027777777777777777777
12959;27707;0,027777777777777777777
12959;28339;0,027777777777777777777
12959;28465;0,027777777777777777777
12959;54879;0,027777777777777777777
12959;413321;0,027777777777777777777
12964;295;0,008000000000000000000
12964;683;0,024000000000000000000
12964;854;0,016000000000000000000
12964;863;0,008000000000000000000
12964;990;0,008000000000000000000
12964;1322;0,024000000000000000000
12964;1505;0,024000000000000000000
12964;2416;0,024000000000000000000
12964;2744;0,008000000000000000000
12964;2865;0,040000000000000000000
12964;3331;0,024000000000000000000
12964;3862;0,024000000000000000000
12964;4349;0,024000000000000000000
12964;4636;0,024000000000000000000
12964;4749;0,024000000000000000000
12964;4751;0,024000000000000000000
12964;5693;0,024000000000000000000
12964;5700;0,024000000000000000000
12964;6267;0,024000000000000000000
12964;7206;0,024000000000000000000
12964;7738;0,024000000000000000000
12964;8281;0,024000000000000000000
12964;9088;0,024000000000000000000
12964;10892;0,024000000000000000000
12964;11382;0,024000000000000000000
12964;13054;0,024000000000000000000
12964;16487;0,024000000000000000000
12964;16866;0,024000000000000000000
12964;20666;0,024000000000000000000
12964;21470;0,032000000000000000000
12964;22645;0,024000000000000000000
12964;27422;0,024000000000000000000
12964;27557;0,024000000000000000000
12964;247698;0,040000000000000000000
12964;255740;0,032000000000000000000
12964;255863;0,024000000000000000000
12964;255899;0,024000000000000000000
12964;280033;0,024000000000000000000
12964;284853;0,040000000000000000000
12964;394755;0,024000000000000000000
12964;399420;0,024000000000000000000
12964;459252;0,024000000000000000000
13006;16644;1,000000000000000000000
13026;2223;1,000000000000000000000
13074;5660;0,250000000000000000000
13074;8715;0,500000000000000000000
13074;27830;0,250000000000000000000
13141;37;0,057142857142857142857
13141;38;0,085714285714285714285
13141;179;0,028571428571428571428
13141;568;0,114285714285714285714
13141;609;0,057142857142857142857
13141;920;0,028571428571428571428
13141;1724;0,114285714285714285714
13141;1877;0,028571428571428571428
13141;1892;0,057142857142857142857
13141;3212;0,028571428571428571428
13141;3518;0,085714285714285714285
13141;4522;0,028571428571428571428
13141;6461;0,028571428571428571428
13141;7215;0,057142857142857142857
13141;7521;0,028571428571428571428
13141;7648;0,028571428571428571428
13141;12755;0,028571428571428571428
13141;331627;0,028571428571428571428
13141;365531;0,028571428571428571428
13141;365532;0,028571428571428571428
13141;365533;0,028571428571428571428
13158;1596;0,333333333333333333333
13158;2884;0,666666666666666666666
13178;360;0,333333333333333333333
13178;844;0,166666666666666666666
13178;3508;0,166666666666666666666
13178;3891;0,166666666666666666666
13178;9338;0,166666666666666666666
13179;1220;0,500000000000000000000
13179;6641;0,500000000000000000000
13187;549;0,100000000000000000000
13187;2140;0,100000000000000000000
13187;2822;0,100000000000000000000
13187;5626;0,100000000000000000000
13187;8641;0,600000000000000000000
13195;313;0,666666666666666666666
13195;752863;0,333333333333333333333
13206;659902;1,000000000000000000000
13253;4;0,001089324618736383442
13253;6;0,001089324618736383442
13253;35;0,001089324618736383442
13253;36;0,001089324618736383442
13253;37;0,001089324618736383442
13253;38;0,001089324618736383442
13253;40;0,001089324618736383442
13253;42;0,001089324618736383442
13253;48;0,001089324618736383442
13253;66;0,001089324618736383442
13253;74;0,001089324618736383442
13253;85;0,003267973856209150326
13253;89;0,001089324618736383442
13253;96;0,002178649237472766884
13253;101;0,002178649237472766884
13253;108;0,001089324618736383442
13253;113;0,001089324618736383442
13253;115;0,001089324618736383442
13253;122;0,003267973856209150326
13253;137;0,001089324618736383442
13253;140;0,001089324618736383442
13253;176;0,001089324618736383442
13253;178;0,001089324618736383442
13253;181;0,001089324618736383442
13253;182;0,003267973856209150326
13253;184;0,001089324618736383442
13253;196;0,001089324618736383442
13253;198;0,001089324618736383442
13253;201;0,001089324618736383442
13253;210;0,003267973856209150326
13253;214;0,001089324618736383442
13253;222;0,001089324618736383442
13253;226;0,001089324618736383442
13253;237;0,002178649237472766884
13253;241;0,001089324618736383442
13253;247;0,003267973856209150326
13253;248;0,002178649237472766884
13253;249;0,002178649237472766884
13253;250;0,003267973856209150326
13253;251;0,002178649237472766884
13253;253;0,002178649237472766884
13253;254;0,001089324618736383442
13253;261;0,001089324618736383442
13253;268;0,002178649237472766884
13253;274;0,001089324618736383442
13253;279;0,001089324618736383442
13253;282;0,001089324618736383442
13253;284;0,001089324618736383442
13253;285;0,002178649237472766884
13253;287;0,001089324618736383442
13253;322;0,001089324618736383442
13253;334;0,001089324618736383442
13253;341;0,001089324618736383442
13253;351;0,001089324618736383442
13253;360;0,001089324618736383442
13253;365;0,001089324618736383442
13253;375;0,001089324618736383442
13253;382;0,001089324618736383442
13253;396;0,001089324618736383442
13253;398;0,001089324618736383442
13253;399;0,001089324618736383442
13253;407;0,001089324618736383442
13253;410;0,001089324618736383442
13253;411;0,001089324618736383442
13253;412;0,001089324618736383442
13253;447;0,001089324618736383442
13253;455;0,001089324618736383442
13253;464;0,001089324618736383442
13253;472;0,001089324618736383442
13253;478;0,001089324618736383442
13253;484;0,001089324618736383442
13253;490;0,001089324618736383442
13253;507;0,001089324618736383442
13253;518;0,001089324618736383442
13253;522;0,001089324618736383442
13253;538;0,002178649237472766884
13253;540;0,001089324618736383442
13253;579;0,001089324618736383442
13253;607;0,001089324618736383442
13253;609;0,001089324618736383442
13253;625;0,001089324618736383442
13253;626;0,002178649237472766884
13253;635;0,001089324618736383442
13253;641;0,001089324618736383442
13253;652;0,001089324618736383442
13253;678;0,001089324618736383442
13253;698;0,001089324618736383442
13253;703;0,001089324618736383442
13253;724;0,002178649237472766884
13253;729;0,001089324618736383442
13253;731;0,001089324618736383442
13253;737;0,001089324618736383442
13253;742;0,001089324618736383442
13253;747;0,001089324618736383442
13253;748;0,001089324618736383442
13253;756;0,001089324618736383442
13253;765;0,001089324618736383442
13253;781;0,002178649237472766884
13253;783;0,001089324618736383442
13253;787;0,001089324618736383442
13253;796;0,001089324618736383442
13253;798;0,001089324618736383442
13253;802;0,001089324618736383442
13253;810;0,001089324618736383442
13253;827;0,001089324618736383442
13253;839;0,001089324618736383442
13253;844;0,001089324618736383442
13253;846;0,001089324618736383442
13253;861;0,002178649237472766884
13253;869;0,001089324618736383442
13253;873;0,001089324618736383442
13253;875;0,001089324618736383442
13253;882;0,001089324618736383442
13253;885;0,001089324618736383442
13253;886;0,001089324618736383442
13253;891;0,001089324618736383442
13253;897;0,001089324618736383442
13253;912;0,001089324618736383442
13253;941;0,002178649237472766884
13253;956;0,001089324618736383442
13253;964;0,001089324618736383442
13253;972;0,001089324618736383442
13253;980;0,002178649237472766884
13253;984;0,002178649237472766884
13253;988;0,001089324618736383442
13253;997;0,001089324618736383442
13253;1010;0,001089324618736383442
13253;1016;0,001089324618736383442
13253;1020;0,001089324618736383442
13253;1048;0,002178649237472766884
13253;1053;0,001089324618736383442
13253;1065;0,001089324618736383442
13253;1082;0,001089324618736383442
13253;1085;0,001089324618736383442
13253;1094;0,001089324618736383442
13253;1104;0,001089324618736383442
13253;1111;0,001089324618736383442
13253;1112;0,001089324618736383442
13253;1113;0,001089324618736383442
13253;1140;0,001089324618736383442
13253;1141;0,001089324618736383442
13253;1142;0,002178649237472766884
13253;1149;0,001089324618736383442
13253;1153;0,001089324618736383442
13253;1154;0,003267973856209150326
13253;1156;0,001089324618736383442
13253;1160;0,002178649237472766884
13253;1164;0,001089324618736383442
13253;1192;0,001089324618736383442
13253;1196;0,001089324618736383442
13253;1210;0,001089324618736383442
13253;1234;0,001089324618736383442
13253;1253;0,001089324618736383442
13253;1262;0,001089324618736383442
13253;1264;0,001089324618736383442
13253;1271;0,001089324618736383442
13253;1307;0,001089324618736383442
13253;1310;0,002178649237472766884
13253;1340;0,001089324618736383442
13253;1364;0,001089324618736383442
13253;1406;0,001089324618736383442
13253;1415;0,001089324618736383442
13253;1422;0,001089324618736383442
13253;1429;0,001089324618736383442
13253;1434;0,001089324618736383442
13253;1455;0,002178649237472766884
13253;1471;0,001089324618736383442
13253;1493;0,001089324618736383442
13253;1495;0,002178649237472766884
13253;1496;0,001089324618736383442
13253;1499;0,001089324618736383442
13253;1503;0,001089324618736383442
13253;1513;0,002178649237472766884
13253;1515;0,002178649237472766884
13253;1518;0,001089324618736383442
13253;1520;0,001089324618736383442
13253;1523;0,002178649237472766884
13253;1526;0,002178649237472766884
13253;1533;0,001089324618736383442
13253;1547;0,001089324618736383442
13253;1556;0,001089324618736383442
13253;1583;0,001089324618736383442
13253;1585;0,001089324618736383442
13253;1591;0,002178649237472766884
13253;1634;0,001089324618736383442
13253;1637;0,001089324618736383442
13253;1639;0,001089324618736383442
13253;1655;0,001089324618736383442
13253;1673;0,001089324618736383442
13253;1684;0,001089324618736383442
13253;1701;0,001089324618736383442
13253;1710;0,001089324618736383442
13253;1713;0,001089324618736383442
13253;1719;0,001089324618736383442
13253;1724;0,001089324618736383442
13253;1741;0,001089324618736383442
13253;1744;0,001089324618736383442
13253;1765;0,001089324618736383442
13253;1779;0,001089324618736383442
13253;1802;0,001089324618736383442
13253;1806;0,001089324618736383442
13253;1810;0,001089324618736383442
13253;1814;0,001089324618736383442
13253;1820;0,001089324618736383442
13253;1824;0,001089324618736383442
13253;1827;0,002178649237472766884
13253;1829;0,001089324618736383442
13253;1831;0,001089324618736383442
13253;1841;0,001089324618736383442
13253;1843;0,001089324618736383442
13253;1848;0,001089324618736383442
13253;1853;0,001089324618736383442
13253;1864;0,001089324618736383442
13253;1867;0,001089324618736383442
13253;1868;0,002178649237472766884
13253;1873;0,002178649237472766884
13253;1889;0,002178649237472766884
13253;1894;0,001089324618736383442
13253;1917;0,001089324618736383442
13253;1949;0,001089324618736383442
13253;1956;0,001089324618736383442
13253;1963;0,001089324618736383442
13253;1976;0,001089324618736383442
13253;1981;0,002178649237472766884
13253;1983;0,001089324618736383442
13253;1986;0,001089324618736383442
13253;1988;0,010893246187363834422
13253;2009;0,001089324618736383442
13253;2015;0,001089324618736383442
13253;2048;0,001089324618736383442
13253;2075;0,002178649237472766884
13253;2080;0,001089324618736383442
13253;2083;0,001089324618736383442
13253;2087;0,001089324618736383442
13253;2090;0,001089324618736383442
13253;2117;0,001089324618736383442
13253;2125;0,001089324618736383442
13253;2133;0,001089324618736383442
13253;2136;0,002178649237472766884
13253;2139;0,002178649237472766884
13253;2145;0,001089324618736383442
13253;2164;0,001089324618736383442
13253;2166;0,001089324618736383442
13253;2176;0,001089324618736383442
13253;2198;0,001089324618736383442
13253;2230;0,001089324618736383442
13253;2237;0,001089324618736383442
13253;2244;0,001089324618736383442
13253;2252;0,002178649237472766884
13253;2267;0,001089324618736383442
13253;2269;0,001089324618736383442
13253;2274;0,001089324618736383442
13253;2278;0,001089324618736383442
13253;2280;0,001089324618736383442
13253;2293;0,001089324618736383442
13253;2296;0,001089324618736383442
13253;2302;0,001089324618736383442
13253;2352;0,001089324618736383442
13253;2355;0,001089324618736383442
13253;2375;0,001089324618736383442
13253;2388;0,001089324618736383442
13253;2390;0,001089324618736383442
13253;2393;0,001089324618736383442
13253;2398;0,002178649237472766884
13253;2428;0,001089324618736383442
13253;2429;0,001089324618736383442
13253;2433;0,001089324618736383442
13253;2440;0,001089324618736383442
13253;2455;0,001089324618736383442
13253;2458;0,001089324618736383442
13253;2461;0,001089324618736383442
13253;2464;0,002178649237472766884
13253;2467;0,001089324618736383442
13253;2472;0,001089324618736383442
13253;2474;0,001089324618736383442
13253;2490;0,001089324618736383442
13253;2510;0,003267973856209150326
13253;2515;0,002178649237472766884
13253;2523;0,001089324618736383442
13253;2559;0,001089324618736383442
13253;2569;0,001089324618736383442
13253;2585;0,001089324618736383442
13253;2591;0,001089324618736383442
13253;2655;0,002178649237472766884
13253;2661;0,001089324618736383442
13253;2678;0,001089324618736383442
13253;2704;0,001089324618736383442
13253;2706;0,001089324618736383442
13253;2709;0,001089324618736383442
13253;2712;0,001089324618736383442
13253;2713;0,001089324618736383442
13253;2714;0,002178649237472766884
13253;2716;0,001089324618736383442
13253;2728;0,001089324618736383442
13253;2731;0,001089324618736383442
13253;2734;0,001089324618736383442
13253;2742;0,001089324618736383442
13253;2775;0,001089324618736383442
13253;2794;0,001089324618736383442
13253;2796;0,001089324618736383442
13253;2798;0,001089324618736383442
13253;2800;0,001089324618736383442
13253;2850;0,001089324618736383442
13253;2853;0,001089324618736383442
13253;2884;0,001089324618736383442
13253;2990;0,001089324618736383442
13253;3000;0,001089324618736383442
13253;3005;0,001089324618736383442
13253;3015;0,001089324618736383442
13253;3029;0,001089324618736383442
13253;3045;0,003267973856209150326
13253;3082;0,001089324618736383442
13253;3083;0,001089324618736383442
13253;3087;0,001089324618736383442
13253;3091;0,001089324618736383442
13253;3096;0,001089324618736383442
13253;3103;0,001089324618736383442
13253;3129;0,001089324618736383442
13253;3161;0,001089324618736383442
13253;3174;0,001089324618736383442
13253;3176;0,001089324618736383442
13253;3182;0,001089324618736383442
13253;3208;0,001089324618736383442
13253;3219;0,002178649237472766884
13253;3234;0,001089324618736383442
13253;3235;0,001089324618736383442
13253;3245;0,001089324618736383442
13253;3246;0,001089324618736383442
13253;3265;0,001089324618736383442
13253;3350;0,001089324618736383442
13253;3362;0,002178649237472766884
13253;3383;0,001089324618736383442
13253;3392;0,001089324618736383442
13253;3393;0,001089324618736383442
13253;3401;0,001089324618736383442
13253;3426;0,001089324618736383442
13253;3427;0,001089324618736383442
13253;3429;0,001089324618736383442
13253;3436;0,001089324618736383442
13253;3459;0,001089324618736383442
13253;3465;0,001089324618736383442
13253;3473;0,001089324618736383442
13253;3480;0,001089324618736383442
13253;3481;0,001089324618736383442
13253;3485;0,002178649237472766884
13253;3503;0,002178649237472766884
13253;3508;0,001089324618736383442
13253;3513;0,001089324618736383442
13253;3518;0,001089324618736383442
13253;3519;0,001089324618736383442
13253;3528;0,001089324618736383442
13253;3532;0,001089324618736383442
13253;3557;0,001089324618736383442
13253;3567;0,001089324618736383442
13253;3599;0,001089324618736383442
13253;3601;0,001089324618736383442
13253;3610;0,001089324618736383442
13253;3619;0,001089324618736383442
13253;3633;0,001089324618736383442
13253;3636;0,001089324618736383442
13253;3678;0,001089324618736383442
13253;3701;0,001089324618736383442
13253;3704;0,001089324618736383442
13253;3728;0,001089324618736383442
13253;3753;0,001089324618736383442
13253;3763;0,001089324618736383442
13253;3776;0,001089324618736383442
13253;3797;0,001089324618736383442
13253;3815;0,001089324618736383442
13253;3829;0,001089324618736383442
13253;3834;0,001089324618736383442
13253;3838;0,001089324618736383442
13253;3857;0,001089324618736383442
13253;3859;0,001089324618736383442
13253;3866;0,002178649237472766884
13253;3867;0,002178649237472766884
13253;3868;0,002178649237472766884
13253;3869;0,002178649237472766884
13253;3870;0,002178649237472766884
13253;3871;0,002178649237472766884
13253;3872;0,002178649237472766884
13253;3873;0,002178649237472766884
13253;3891;0,001089324618736383442
13253;3980;0,001089324618736383442
13253;3986;0,001089324618736383442
13253;3992;0,001089324618736383442
13253;4059;0,001089324618736383442
13253;4098;0,001089324618736383442
13253;4117;0,002178649237472766884
13253;4148;0,001089324618736383442
13253;4179;0,002178649237472766884
13253;4187;0,001089324618736383442
13253;4213;0,001089324618736383442
13253;4215;0,001089324618736383442
13253;4250;0,001089324618736383442
13253;4268;0,001089324618736383442
13253;4313;0,002178649237472766884
13253;4323;0,001089324618736383442
13253;4336;0,001089324618736383442
13253;4337;0,001089324618736383442
13253;4355;0,001089324618736383442
13253;4372;0,001089324618736383442
13253;4374;0,001089324618736383442
13253;4398;0,001089324618736383442
13253;4476;0,001089324618736383442
13253;4486;0,001089324618736383442
13253;4513;0,002178649237472766884
13253;4553;0,001089324618736383442
13253;4572;0,001089324618736383442
13253;4592;0,002178649237472766884
13253;4598;0,002178649237472766884
13253;4613;0,001089324618736383442
13253;4667;0,001089324618736383442
13253;4699;0,001089324618736383442
13253;4713;0,002178649237472766884
13253;4722;0,002178649237472766884
13253;4754;0,001089324618736383442
13253;4765;0,001089324618736383442
13253;4787;0,001089324618736383442
13253;4831;0,001089324618736383442
13253;4881;0,006535947712418300653
13253;4933;0,001089324618736383442
13253;4976;0,001089324618736383442
13253;4992;0,001089324618736383442
13253;4993;0,001089324618736383442
13253;4994;0,001089324618736383442
13253;4997;0,001089324618736383442
13253;5000;0,001089324618736383442
13253;5004;0,001089324618736383442
13253;5006;0,001089324618736383442
13253;5008;0,001089324618736383442
13253;5009;0,001089324618736383442
13253;5010;0,001089324618736383442
13253;5014;0,001089324618736383442
13253;5017;0,001089324618736383442
13253;5042;0,002178649237472766884
13253;5083;0,001089324618736383442
13253;5089;0,001089324618736383442
13253;5155;0,001089324618736383442
13253;5158;0,001089324618736383442
13253;5172;0,001089324618736383442
13253;5174;0,002178649237472766884
13253;5175;0,001089324618736383442
13253;5177;0,001089324618736383442
13253;5190;0,001089324618736383442
13253;5223;0,002178649237472766884
13253;5227;0,001089324618736383442
13253;5289;0,002178649237472766884
13253;5304;0,002178649237472766884
13253;5306;0,001089324618736383442
13253;5373;0,001089324618736383442
13253;5380;0,001089324618736383442
13253;5383;0,002178649237472766884
13253;5415;0,001089324618736383442
13253;5430;0,001089324618736383442
13253;5449;0,001089324618736383442
13253;5500;0,002178649237472766884
13253;5521;0,001089324618736383442
13253;5523;0,001089324618736383442
13253;5526;0,001089324618736383442
13253;5576;0,001089324618736383442
13253;5578;0,001089324618736383442
13253;5597;0,001089324618736383442
13253;5626;0,001089324618736383442
13253;5654;0,002178649237472766884
13253;5657;0,001089324618736383442
13253;5659;0,001089324618736383442
13253;5719;0,001089324618736383442
13253;5824;0,002178649237472766884
13253;5827;0,001089324618736383442
13253;5854;0,001089324618736383442
13253;5861;0,002178649237472766884
13253;5869;0,001089324618736383442
13253;5915;0,001089324618736383442
13253;5921;0,001089324618736383442
13253;5933;0,001089324618736383442
13253;6007;0,001089324618736383442
13253;6008;0,001089324618736383442
13253;6058;0,001089324618736383442
13253;6105;0,001089324618736383442
13253;6113;0,001089324618736383442
13253;6203;0,001089324618736383442
13253;6221;0,001089324618736383442
13253;6342;0,001089324618736383442
13253;6347;0,001089324618736383442
13253;6406;0,001089324618736383442
13253;6440;0,001089324618736383442
13253;6444;0,002178649237472766884
13253;6461;0,001089324618736383442
13253;6468;0,001089324618736383442
13253;6513;0,001089324618736383442
13253;6535;0,002178649237472766884
13253;6543;0,001089324618736383442
13253;6557;0,001089324618736383442
13253;6570;0,001089324618736383442
13253;6581;0,001089324618736383442
13253;6609;0,001089324618736383442
13253;6643;0,001089324618736383442
13253;6666;0,001089324618736383442
13253;6746;0,002178649237472766884
13253;6781;0,002178649237472766884
13253;6856;0,001089324618736383442
13253;6923;0,001089324618736383442
13253;6955;0,001089324618736383442
13253;6979;0,002178649237472766884
13253;6980;0,002178649237472766884
13253;6981;0,002178649237472766884
13253;6991;0,001089324618736383442
13253;6994;0,001089324618736383442
13253;6997;0,001089324618736383442
13253;7005;0,001089324618736383442
13253;7037;0,001089324618736383442
13253;7057;0,001089324618736383442
13253;7106;0,001089324618736383442
13253;7116;0,002178649237472766884
13253;7126;0,001089324618736383442
13253;7142;0,002178649237472766884
13253;7160;0,001089324618736383442
13253;7215;0,001089324618736383442
13253;7322;0,001089324618736383442
13253;7334;0,001089324618736383442
13253;7353;0,002178649237472766884
13253;7416;0,001089324618736383442
13253;7480;0,001089324618736383442
13253;7560;0,001089324618736383442
13253;7648;0,001089324618736383442
13253;7711;0,001089324618736383442
13253;7756;0,001089324618736383442
13253;7765;0,001089324618736383442
13253;7914;0,001089324618736383442
13253;7920;0,001089324618736383442
13253;8003;0,001089324618736383442
13253;8106;0,001089324618736383442
13253;8113;0,001089324618736383442
13253;8199;0,001089324618736383442
13253;8200;0,001089324618736383442
13253;8202;0,001089324618736383442
13253;8223;0,001089324618736383442
13253;8225;0,001089324618736383442
13253;8237;0,001089324618736383442
13253;8361;0,001089324618736383442
13253;8396;0,001089324618736383442
13253;8512;0,001089324618736383442
13253;8513;0,001089324618736383442
13253;8516;0,001089324618736383442
13253;8602;0,001089324618736383442
13253;8702;0,001089324618736383442
13253;8744;0,001089324618736383442
13253;8756;0,001089324618736383442
13253;8786;0,001089324618736383442
13253;8787;0,001089324618736383442
13253;8818;0,001089324618736383442
13253;9212;0,001089324618736383442
13253;9258;0,001089324618736383442
13253;9296;0,001089324618736383442
13253;9300;0,001089324618736383442
13253;9330;0,001089324618736383442
13253;9468;0,001089324618736383442
13253;9514;0,001089324618736383442
13253;9554;0,001089324618736383442
13253;9572;0,002178649237472766884
13253;9622;0,001089324618736383442
13253;9657;0,001089324618736383442
13253;9691;0,002178649237472766884
13253;9824;0,001089324618736383442
13253;10019;0,001089324618736383442
13253;10021;0,001089324618736383442
13253;10176;0,001089324618736383442
13253;10197;0,001089324618736383442
13253;10337;0,001089324618736383442
13253;10338;0,001089324618736383442
13253;10341;0,001089324618736383442
13253;10480;0,001089324618736383442
13253;10523;0,001089324618736383442
13253;10595;0,001089324618736383442
13253;10640;0,001089324618736383442
13253;10724;0,001089324618736383442
13253;10744;0,001089324618736383442
13253;10763;0,001089324618736383442
13253;10823;0,002178649237472766884
13253;11138;0,001089324618736383442
13253;11263;0,001089324618736383442
13253;11377;0,002178649237472766884
13253;11465;0,001089324618736383442
13253;11552;0,002178649237472766884
13253;11734;0,001089324618736383442
13253;11902;0,001089324618736383442
13253;12247;0,001089324618736383442
13253;12423;0,001089324618736383442
13253;12577;0,001089324618736383442
13253;12775;0,002178649237472766884
13253;12864;0,001089324618736383442
13253;12865;0,001089324618736383442
13253;12876;0,002178649237472766884
13253;12880;0,002178649237472766884
13253;12936;0,001089324618736383442
13253;12938;0,001089324618736383442
13253;13041;0,001089324618736383442
13253;13048;0,001089324618736383442
13253;13158;0,001089324618736383442
13253;13178;0,001089324618736383442
13253;13195;0,001089324618736383442
13253;13200;0,001089324618736383442
13253;13201;0,001089324618736383442
13253;13294;0,001089324618736383442
13253;13642;0,001089324618736383442
13253;13670;0,001089324618736383442
13253;13671;0,001089324618736383442
13253;13673;0,001089324618736383442
13253;13674;0,001089324618736383442
13253;13675;0,001089324618736383442
13253;13676;0,001089324618736383442
13253;13886;0,001089324618736383442
13253;13907;0,001089324618736383442
13253;14013;0,002178649237472766884
13253;14683;0,001089324618736383442
13253;14733;0,001089324618736383442
13253;14803;0,001089324618736383442
13253;14881;0,001089324618736383442
13253;14907;0,001089324618736383442
13253;14978;0,001089324618736383442
13253;15048;0,001089324618736383442
13253;15207;0,001089324618736383442
13253;15331;0,001089324618736383442
13253;15471;0,002178649237472766884
13253;15721;0,001089324618736383442
13253;15866;0,001089324618736383442
13253;15888;0,001089324618736383442
13253;16280;0,001089324618736383442
13253;16974;0,002178649237472766884
13253;17270;0,001089324618736383442
13253;17280;0,001089324618736383442
13253;17281;0,001089324618736383442
13253;17487;0,001089324618736383442
13253;17665;0,001089324618736383442
13253;17720;0,002178649237472766884
13253;17954;0,001089324618736383442
13253;18070;0,001089324618736383442
13253;18071;0,001089324618736383442
13253;18517;0,001089324618736383442
13253;18622;0,001089324618736383442
13253;18979;0,001089324618736383442
13253;19187;0,001089324618736383442
13253;19188;0,001089324618736383442
13253;19190;0,001089324618736383442
13253;19192;0,001089324618736383442
13253;19198;0,001089324618736383442
13253;19199;0,001089324618736383442
13253;19200;0,001089324618736383442
13253;19201;0,001089324618736383442
13253;21496;0,001089324618736383442
13253;22211;0,001089324618736383442
13253;22298;0,001089324618736383442
13253;22575;0,001089324618736383442
13253;22702;0,001089324618736383442
13253;22705;0,001089324618736383442
13253;22706;0,001089324618736383442
13253;22880;0,001089324618736383442
13253;23419;0,001089324618736383442
13253;23478;0,001089324618736383442
13253;24370;0,002178649237472766884
13253;24371;0,002178649237472766884
13253;25264;0,001089324618736383442
13253;25488;0,001089324618736383442
13253;26347;0,001089324618736383442
13253;27323;0,002178649237472766884
13253;27363;0,001089324618736383442
13253;27588;0,002178649237472766884
13253;27768;0,001089324618736383442
13253;28165;0,001089324618736383442
13253;28179;0,001089324618736383442
13253;28180;0,001089324618736383442
13253;28221;0,001089324618736383442
13253;28307;0,001089324618736383442
13253;28405;0,002178649237472766884
13253;28914;0,001089324618736383442
13253;28928;0,001089324618736383442
13253;28993;0,002178649237472766884
13253;29376;0,001089324618736383442
13253;29796;0,001089324618736383442
13253;30063;0,001089324618736383442
13253;30811;0,001089324618736383442
13253;34604;0,001089324618736383442
13253;34696;0,002178649237472766884
13253;37811;0,001089324618736383442
13253;37815;0,001089324618736383442
13253;38738;0,002178649237472766884
13253;41556;0,001089324618736383442
13253;42210;0,002178649237472766884
13253;45718;0,001089324618736383442
13253;45724;0,001089324618736383442
13253;47352;0,001089324618736383442
13253;48862;0,001089324618736383442
13253;50332;0,001089324618736383442
13253;50905;0,001089324618736383442
13253;50959;0,001089324618736383442
13253;52443;0,002178649237472766884
13253;54879;0,001089324618736383442
13253;55041;0,001089324618736383442
13253;63783;0,001089324618736383442
13253;67275;0,001089324618736383442
13253;76428;0,001089324618736383442
13253;81648;0,001089324618736383442
13253;90666;0,001089324618736383442
13253;95154;0,001089324618736383442
13253;99942;0,001089324618736383442
13253;105800;0,001089324618736383442
13253;116348;0,001089324618736383442
13253;116409;0,002178649237472766884
13253;122698;0,001089324618736383442
13253;137801;0,001089324618736383442
13253;144425;0,002178649237472766884
13253;146155;0,002178649237472766884
13253;152076;0,002178649237472766884
13253;173893;0,001089324618736383442
13253;184987;0,001089324618736383442
13253;216172;0,001089324618736383442
13253;219132;0,002178649237472766884
13253;229072;0,001089324618736383442
13253;238453;0,001089324618736383442
13253;239963;0,001089324618736383442
13253;239964;0,001089324618736383442
13253;239965;0,001089324618736383442
13253;239967;0,001089324618736383442
13253;239968;0,001089324618736383442
13253;239969;0,001089324618736383442
13253;239970;0,001089324618736383442
13253;251238;0,002178649237472766884
13253;251573;0,002178649237472766884
13253;251668;0,002178649237472766884
13253;253384;0,002178649237472766884
13253;255463;0,002178649237472766884
13253;257563;0,002178649237472766884
13253;276695;0,001089324618736383442
13253;278351;0,002178649237472766884
13253;281067;0,002178649237472766884
13253;281170;0,002178649237472766884
13253;282773;0,001089324618736383442
13253;283633;0,002178649237472766884
13253;283635;0,002178649237472766884
13253;283636;0,002178649237472766884
13253;283637;0,002178649237472766884
13253;283638;0,002178649237472766884
13253;283639;0,002178649237472766884
13253;321112;0,002178649237472766884
13253;334820;0,001089324618736383442
13253;335189;0,001089324618736383442
13253;355336;0,002178649237472766884
13253;366672;0,001089324618736383442
13253;377026;0,002178649237472766884
13253;383630;0,001089324618736383442
13253;440497;0,001089324618736383442
13253;587057;0,001089324618736383442
13253;653504;0,001089324618736383442
13253;666066;0,001089324618736383442
13253;671388;0,001089324618736383442
13253;727898;0,001089324618736383442
13253;767229;0,001089324618736383442
13253;834579;0,001089324618736383442
13265;524;0,071428571428571428571
13265;1122;0,071428571428571428571
13265;2504;0,285714285714285714285
13265;2779;0,142857142857142857142
13265;4472;0,071428571428571428571
13265;5632;0,071428571428571428571
13265;7650;0,071428571428571428571
13265;7759;0,071428571428571428571
13265;8928;0,142857142857142857142
13291;174;0,500000000000000000000
13291;3508;0,500000000000000000000
13292;1210;1,000000000000000000000
13310;6694;1,000000000000000000000
13329;119;0,125000000000000000000
13329;199;0,125000000000000000000
13329;208;0,125000000000000000000
13329;596;0,125000000000000000000
13329;1184;0,250000000000000000000
13329;2179;0,125000000000000000000
13329;12466;0,125000000000000000000
13335;423;0,214285714285714285714
13335;2481;0,285714285714285714285
13335;4344;0,142857142857142857142
13335;14124;0,071428571428571428571
13335;125861;0,142857142857142857142
13335;431565;0,142857142857142857142
13360;313;1,000000000000000000000
13369;1231;0,250000000000000000000
13369;3142;0,250000000000000000000
13369;3414;0,250000000000000000000
13369;6503;0,250000000000000000000
13372;466;0,333333333333333333333
13372;7762;0,666666666666666666666
13396;3395;0,285714285714285714285
13396;4344;0,071428571428571428571
13396;12591;0,357142857142857142857
13396;431565;0,142857142857142857142
13396;474028;0,142857142857142857142
13419;131;0,500000000000000000000
13419;8199;0,500000000000000000000
13472;740;1,000000000000000000000
13476;576;0,333333333333333333333
13476;6130;0,333333333333333333333
13476;6567;0,333333333333333333333
13482;513;0,166666666666666666666
13482;668;0,166666666666666666666
13482;5647;0,500000000000000000000
13482;28752;0,166666666666666666666
13502;740;0,166666666666666666666
13502;1145;0,166666666666666666666
13502;7660;0,166666666666666666666
13502;27966;0,333333333333333333333
13502;408414;0,166666666666666666666
13504;3551;1,000000000000000000000
13537;8687;1,000000000000000000000
13545;9806;1,000000000000000000000
13579;28017;1,000000000000000000000
13584;4039;0,111111111111111111111
13584;8878;0,111111111111111111111
13584;24460;0,777777777777777777777
13622;295;0,500000000000000000000
13622;360;0,500000000000000000000
13623;315;0,090909090909090909090
13623;5163;0,090909090909090909090
13623;5682;0,818181818181818181818
13628;1169;0,500000000000000000000
13628;59745;0,500000000000000000000
13642;568;1,000000000000000000000
13644;5354;0,083333333333333333333
13644;5851;0,250000000000000000000
13644;12165;0,083333333333333333333
13644;12820;0,083333333333333333333
13644;14184;0,083333333333333333333
13644;19582;0,083333333333333333333
13644;27170;0,083333333333333333333
13644;27953;0,083333333333333333333
13644;28017;0,083333333333333333333
13644;28157;0,083333333333333333333
13673;241;0,333333333333333333333
13673;3103;0,333333333333333333333
13673;17549;0,333333333333333333333
13676;3234;0,500000000000000000000
13676;3870;0,500000000000000000000
13704;418;0,400000000000000000000
13704;3318;0,300000000000000000000
13704;5617;0,300000000000000000000
13713;4150;1,000000000000000000000
13720;54;1,000000000000000000000
13721;3230;1,000000000000000000000
13769;1442;1,000000000000000000000
13796;1079;0,050000000000000000000
13796;2434;0,200000000000000000000
13796;3694;0,100000000000000000000
13796;4639;0,050000000000000000000
13796;4876;0,050000000000000000000
13796;6986;0,050000000000000000000
13796;7111;0,050000000000000000000
13796;8440;0,050000000000000000000
13796;9274;0,050000000000000000000
13796;9951;0,050000000000000000000
13796;12176;0,050000000000000000000
13796;12706;0,050000000000000000000
13796;13799;0,050000000000000000000
13796;76695;0,050000000000000000000
13796;367121;0,050000000000000000000
13796;382779;0,050000000000000000000
13799;2588;0,111111111111111111111
13799;5657;0,888888888888888888888
13809;740;1,000000000000000000000
13814;266;0,875000000000000000000
13814;442813;0,125000000000000000000
13850;1041;0,250000000000000000000
13850;1220;0,250000000000000000000
13850;1771;0,250000000000000000000
13850;16497;0,250000000000000000000
13899;246;0,050000000000000000000
13899;609;0,050000000000000000000
13899;891;0,150000000000000000000
13899;1082;0,250000000000000000000
13899;1083;0,050000000000000000000
13899;2484;0,050000000000000000000
13899;2543;0,050000000000000000000
13899;2544;0,100000000000000000000
13899;4522;0,050000000000000000000
13899;9510;0,150000000000000000000
13899;157551;0,050000000000000000000
13907;475;0,400000000000000000000
13907;652;0,200000000000000000000
13907;1864;0,400000000000000000000
14010;120;0,055555555555555555555
14010;419;0,055555555555555555555
14010;502;0,055555555555555555555
14010;904;0,277777777777777777777
14010;945;0,055555555555555555555
14010;1489;0,055555555555555555555
14010;1762;0,055555555555555555555
14010;2822;0,055555555555555555555
14010;3318;0,055555555555555555555
14010;5513;0,055555555555555555555
14010;8017;0,055555555555555555555
14010;408414;0,055555555555555555555
14010;453859;0,055555555555555555555
14010;743909;0,055555555555555555555
14048;740;0,250000000000000000000
14048;3575;0,250000000000000000000
14048;714174;0,500000000000000000000
14050;689;0,600000000000000000000
14050;1293;0,400000000000000000000
14073;2503;0,500000000000000000000
14073;2504;0,500000000000000000000
14124;295;0,100000000000000000000
14124;1100;0,100000000000000000000
14124;1315;0,100000000000000000000
14124;9367;0,400000000000000000000
14124;12388;0,100000000000000000000
14124;13335;0,200000000000000000000
14125;3233;1,000000000000000000000
14151;9;0,001126126126126126126
14151;38;0,001126126126126126126
14151;46;0,001126126126126126126
14151;47;0,001126126126126126126
14151;48;0,001126126126126126126
14151;80;0,001126126126126126126
14151;96;0,001126126126126126126
14151;137;0,002252252252252252252
14151;148;0,001126126126126126126
14151;178;0,001126126126126126126
14151;179;0,001126126126126126126
14151;184;0,001126126126126126126
14151;206;0,001126126126126126126
14151;211;0,001126126126126126126
14151;218;0,001126126126126126126
14151;229;0,003378378378378378378
14151;253;0,001126126126126126126
14151;268;0,001126126126126126126
14151;273;0,003378378378378378378
14151;275;0,004504504504504504504
14151;299;0,001126126126126126126
14151;307;0,001126126126126126126
14151;324;0,001126126126126126126
14151;337;0,001126126126126126126
14151;341;0,001126126126126126126
14151;346;0,002252252252252252252
14151;363;0,001126126126126126126
14151;378;0,001126126126126126126
14151;385;0,001126126126126126126
14151;407;0,001126126126126126126
14151;433;0,001126126126126126126
14151;460;0,001126126126126126126
14151;467;0,001126126126126126126
14151;477;0,001126126126126126126
14151;540;0,001126126126126126126
14151;547;0,002252252252252252252
14151;571;0,001126126126126126126
14151;591;0,001126126126126126126
14151;612;0,001126126126126126126
14151;615;0,001126126126126126126
14151;626;0,001126126126126126126
14151;641;0,002252252252252252252
14151;683;0,001126126126126126126
14151;689;0,001126126126126126126
14151;712;0,002252252252252252252
14151;713;0,003378378378378378378
14151;724;0,001126126126126126126
14151;749;0,006756756756756756756
14151;750;0,001126126126126126126
14151;752;0,001126126126126126126
14151;761;0,001126126126126126126
14151;763;0,001126126126126126126
14151;774;0,001126126126126126126
14151;778;0,002252252252252252252
14151;785;0,001126126126126126126
14151;805;0,001126126126126126126
14151;833;0,001126126126126126126
14151;853;0,001126126126126126126
14151;897;0,001126126126126126126
14151;899;0,001126126126126126126
14151;904;0,001126126126126126126
14151;918;0,001126126126126126126
14151;923;0,002252252252252252252
14151;941;0,001126126126126126126
14151;980;0,003378378378378378378
14151;984;0,001126126126126126126
14151;1044;0,003378378378378378378
14151;1048;0,001126126126126126126
14151;1058;0,001126126126126126126
14151;1079;0,003378378378378378378
14151;1121;0,001126126126126126126
14151;1131;0,001126126126126126126
14151;1133;0,002252252252252252252
14151;1137;0,001126126126126126126
14151;1153;0,001126126126126126126
14151;1160;0,002252252252252252252
14151;1162;0,003378378378378378378
14151;1206;0,004504504504504504504
14151;1246;0,002252252252252252252
14151;1274;0,001126126126126126126
14151;1310;0,003378378378378378378
14151;1319;0,003378378378378378378
14151;1322;0,001126126126126126126
14151;1329;0,001126126126126126126
14151;1332;0,001126126126126126126
14151;1337;0,002252252252252252252
14151;1344;0,001126126126126126126
14151;1419;0,001126126126126126126
14151;1445;0,001126126126126126126
14151;1447;0,002252252252252252252
14151;1454;0,001126126126126126126
14151;1457;0,001126126126126126126
14151;1458;0,001126126126126126126
14151;1464;0,001126126126126126126
14151;1466;0,002252252252252252252
14151;1504;0,002252252252252252252
14151;1505;0,001126126126126126126
14151;1510;0,001126126126126126126
14151;1512;0,002252252252252252252
14151;1516;0,001126126126126126126
14151;1523;0,001126126126126126126
14151;1524;0,001126126126126126126
14151;1526;0,001126126126126126126
14151;1527;0,001126126126126126126
14151;1533;0,001126126126126126126
14151;1549;0,001126126126126126126
14151;1560;0,001126126126126126126
14151;1606;0,001126126126126126126
14151;1616;0,001126126126126126126
14151;1676;0,001126126126126126126
14151;1689;0,001126126126126126126
14151;1785;0,001126126126126126126
14151;1833;0,001126126126126126126
14151;1838;0,001126126126126126126
14151;1850;0,001126126126126126126
14151;1868;0,001126126126126126126
14151;1873;0,001126126126126126126
14151;1877;0,001126126126126126126
14151;1889;0,001126126126126126126
14151;1891;0,002252252252252252252
14151;1893;0,001126126126126126126
14151;1910;0,001126126126126126126
14151;1939;0,004504504504504504504
14151;1976;0,001126126126126126126
14151;2015;0,001126126126126126126
14151;2017;0,001126126126126126126
14151;2039;0,001126126126126126126
14151;2041;0,001126126126126126126
14151;2050;0,001126126126126126126
14151;2064;0,001126126126126126126
14151;2066;0,001126126126126126126
14151;2078;0,001126126126126126126
14151;2080;0,001126126126126126126
14151;2119;0,003378378378378378378
14151;2128;0,001126126126126126126
14151;2131;0,002252252252252252252
14151;2136;0,001126126126126126126
14151;2152;0,001126126126126126126
14151;2156;0,001126126126126126126
14151;2164;0,001126126126126126126
14151;2200;0,001126126126126126126
14151;2204;0,001126126126126126126
14151;2318;0,002252252252252252252
14151;2349;0,001126126126126126126
14151;2383;0,001126126126126126126
14151;2388;0,001126126126126126126
14151;2416;0,001126126126126126126
14151;2428;0,001126126126126126126
14151;2438;0,001126126126126126126
14151;2461;0,001126126126126126126
14151;2479;0,001126126126126126126
14151;2511;0,001126126126126126126
14151;2516;0,001126126126126126126
14151;2520;0,001126126126126126126
14151;2551;0,003378378378378378378
14151;2576;0,001126126126126126126
14151;2588;0,001126126126126126126
14151;2598;0,002252252252252252252
14151;2605;0,001126126126126126126
14151;2607;0,001126126126126126126
14151;2614;0,001126126126126126126
14151;2652;0,001126126126126126126
14151;2677;0,001126126126126126126
14151;2679;0,001126126126126126126
14151;2786;0,001126126126126126126
14151;2799;0,001126126126126126126
14151;2800;0,001126126126126126126
14151;2887;0,001126126126126126126
14151;2893;0,001126126126126126126
14151;2921;0,001126126126126126126
14151;3019;0,001126126126126126126
14151;3029;0,001126126126126126126
14151;3053;0,001126126126126126126
14151;3071;0,001126126126126126126
14151;3123;0,001126126126126126126
14151;3141;0,001126126126126126126
14151;3145;0,003378378378378378378
14151;3146;0,001126126126126126126
14151;3158;0,001126126126126126126
14151;3182;0,001126126126126126126
14151;3204;0,001126126126126126126
14151;3209;0,002252252252252252252
14151;3214;0,001126126126126126126
14151;3223;0,001126126126126126126
14151;3225;0,001126126126126126126
14151;3230;0,001126126126126126126
14151;3245;0,001126126126126126126
14151;3265;0,001126126126126126126
14151;3301;0,001126126126126126126
14151;3304;0,001126126126126126126
14151;3323;0,001126126126126126126
14151;3355;0,001126126126126126126
14151;3403;0,001126126126126126126
14151;3418;0,001126126126126126126
14151;3426;0,001126126126126126126
14151;3457;0,001126126126126126126
14151;3458;0,001126126126126126126
14151;3476;0,002252252252252252252
14151;3477;0,001126126126126126126
14151;3485;0,001126126126126126126
14151;3499;0,001126126126126126126
14151;3503;0,001126126126126126126
14151;3519;0,001126126126126126126
14151;3557;0,003378378378378378378
14151;3560;0,001126126126126126126
14151;3615;0,001126126126126126126
14151;3618;0,001126126126126126126
14151;3633;0,001126126126126126126
14151;3647;0,001126126126126126126
14151;3648;0,001126126126126126126
14151;3656;0,001126126126126126126
14151;3657;0,003378378378378378378
14151;3665;0,001126126126126126126
14151;3694;0,001126126126126126126
14151;3714;0,001126126126126126126
14151;3736;0,001126126126126126126
14151;3747;0,001126126126126126126
14151;3753;0,001126126126126126126
14151;3768;0,001126126126126126126
14151;3788;0,001126126126126126126
14151;3791;0,001126126126126126126
14151;3793;0,001126126126126126126
14151;3800;0,001126126126126126126
14151;3811;0,002252252252252252252
14151;3825;0,001126126126126126126
14151;3827;0,001126126126126126126
14151;3840;0,001126126126126126126
14151;3850;0,001126126126126126126
14151;3857;0,002252252252252252252
14151;3862;0,001126126126126126126
14151;3864;0,001126126126126126126
14151;3916;0,001126126126126126126
14151;3944;0,001126126126126126126
14151;3957;0,003378378378378378378
14151;3968;0,001126126126126126126
14151;3983;0,001126126126126126126
14151;4018;0,001126126126126126126
14151;4021;0,001126126126126126126
14151;4024;0,001126126126126126126
14151;4039;0,001126126126126126126
14151;4059;0,002252252252252252252
14151;4070;0,001126126126126126126
14151;4078;0,001126126126126126126
14151;4102;0,003378378378378378378
14151;4108;0,002252252252252252252
14151;4148;0,001126126126126126126
14151;4225;0,003378378378378378378
14151;4228;0,001126126126126126126
14151;4244;0,001126126126126126126
14151;4269;0,001126126126126126126
14151;4293;0,002252252252252252252
14151;4307;0,001126126126126126126
14151;4309;0,001126126126126126126
14151;4323;0,001126126126126126126
14151;4349;0,001126126126126126126
14151;4377;0,001126126126126126126
14151;4497;0,001126126126126126126
14151;4513;0,001126126126126126126
14151;4526;0,001126126126126126126
14151;4578;0,001126126126126126126
14151;4598;0,001126126126126126126
14151;4621;0,003378378378378378378
14151;4625;0,002252252252252252252
14151;4636;0,001126126126126126126
14151;4681;0,001126126126126126126
14151;4697;0,001126126126126126126
14151;4713;0,003378378378378378378
14151;4720;0,001126126126126126126
14151;4722;0,001126126126126126126
14151;4748;0,001126126126126126126
14151;4749;0,001126126126126126126
14151;4751;0,001126126126126126126
14151;4752;0,001126126126126126126
14151;4754;0,001126126126126126126
14151;4755;0,001126126126126126126
14151;4803;0,001126126126126126126
14151;4852;0,001126126126126126126
14151;4861;0,001126126126126126126
14151;4876;0,001126126126126126126
14151;4935;0,001126126126126126126
14151;4979;0,001126126126126126126
14151;5005;0,001126126126126126126
14151;5029;0,001126126126126126126
14151;5053;0,001126126126126126126
14151;5093;0,003378378378378378378
14151;5101;0,001126126126126126126
14151;5138;0,001126126126126126126
14151;5142;0,002252252252252252252
14151;5144;0,001126126126126126126
14151;5174;0,003378378378378378378
14151;5180;0,001126126126126126126
14151;5214;0,001126126126126126126
14151;5239;0,002252252252252252252
14151;5250;0,001126126126126126126
14151;5289;0,001126126126126126126
14151;5304;0,001126126126126126126
14151;5309;0,001126126126126126126
14151;5350;0,001126126126126126126
14151;5351;0,001126126126126126126
14151;5383;0,001126126126126126126
14151;5500;0,001126126126126126126
14151;5506;0,003378378378378378378
14151;5523;0,001126126126126126126
14151;5526;0,001126126126126126126
14151;5534;0,001126126126126126126
14151;5543;0,001126126126126126126
14151;5578;0,001126126126126126126
14151;5651;0,001126126126126126126
14151;5657;0,001126126126126126126
14151;5660;0,001126126126126126126
14151;5681;0,003378378378378378378
14151;5693;0,001126126126126126126
14151;5700;0,002252252252252252252
14151;5784;0,001126126126126126126
14151;5824;0,001126126126126126126
14151;5831;0,001126126126126126126
14151;5833;0,001126126126126126126
14151;5852;0,001126126126126126126
14151;5854;0,002252252252252252252
14151;5856;0,001126126126126126126
14151;5861;0,001126126126126126126
14151;5886;0,001126126126126126126
14151;5892;0,001126126126126126126
14151;5922;0,002252252252252252252
14151;5935;0,001126126126126126126
14151;5967;0,001126126126126126126
14151;6027;0,001126126126126126126
14151;6048;0,002252252252252252252
14151;6151;0,002252252252252252252
14151;6169;0,001126126126126126126
14151;6192;0,001126126126126126126
14151;6234;0,001126126126126126126
14151;6267;0,001126126126126126126
14151;6326;0,001126126126126126126
14151;6440;0,001126126126126126126
14151;6444;0,001126126126126126126
14151;6465;0,001126126126126126126
14151;6468;0,001126126126126126126
14151;6498;0,001126126126126126126
14151;6503;0,001126126126126126126
14151;6535;0,001126126126126126126
14151;6594;0,001126126126126126126
14151;6604;0,001126126126126126126
14151;6624;0,001126126126126126126
14151;6634;0,001126126126126126126
14151;6635;0,001126126126126126126
14151;6666;0,001126126126126126126
14151;6681;0,001126126126126126126
14151;6694;0,003378378378378378378
14151;6746;0,001126126126126126126
14151;6781;0,001126126126126126126
14151;6788;0,001126126126126126126
14151;6828;0,001126126126126126126
14151;6883;0,001126126126126126126
14151;6913;0,001126126126126126126
14151;6930;0,002252252252252252252
14151;6952;0,001126126126126126126
14151;6979;0,001126126126126126126
14151;6980;0,001126126126126126126
14151;6981;0,001126126126126126126
14151;6986;0,001126126126126126126
14151;7131;0,001126126126126126126
14151;7142;0,001126126126126126126
14151;7151;0,001126126126126126126
14151;7209;0,001126126126126126126
14151;7240;0,001126126126126126126
14151;7259;0,001126126126126126126
14151;7260;0,001126126126126126126
14151;7278;0,001126126126126126126
14151;7328;0,001126126126126126126
14151;7418;0,003378378378378378378
14151;7546;0,001126126126126126126
14151;7564;0,001126126126126126126
14151;7574;0,001126126126126126126
14151;7578;0,001126126126126126126
14151;7586;0,001126126126126126126
14151;7626;0,002252252252252252252
14151;7738;0,001126126126126126126
14151;7774;0,002252252252252252252
14151;7788;0,001126126126126126126
14151;7859;0,001126126126126126126
14151;7979;0,001126126126126126126
14151;8044;0,001126126126126126126
14151;8106;0,001126126126126126126
14151;8225;0,002252252252252252252
14151;8281;0,001126126126126126126
14151;8373;0,002252252252252252252
14151;8440;0,001126126126126126126
14151;8445;0,001126126126126126126
14151;8447;0,002252252252252252252
14151;8454;0,001126126126126126126
14151;8464;0,001126126126126126126
14151;8478;0,001126126126126126126
14151;8484;0,001126126126126126126
14151;8493;0,001126126126126126126
14151;8618;0,001126126126126126126
14151;8648;0,001126126126126126126
14151;8705;0,001126126126126126126
14151;8730;0,001126126126126126126
14151;8762;0,001126126126126126126
14151;8818;0,001126126126126126126
14151;8826;0,001126126126126126126
14151;8827;0,001126126126126126126
14151;8828;0,001126126126126126126
14151;8829;0,001126126126126126126
14151;8830;0,001126126126126126126
14151;8831;0,001126126126126126126
14151;8832;0,001126126126126126126
14151;8833;0,001126126126126126126
14151;8834;0,001126126126126126126
14151;8835;0,001126126126126126126
14151;8836;0,001126126126126126126
14151;8837;0,001126126126126126126
14151;8838;0,001126126126126126126
14151;8839;0,001126126126126126126
14151;8840;0,001126126126126126126
14151;8841;0,001126126126126126126
14151;8842;0,001126126126126126126
14151;8843;0,001126126126126126126
14151;8844;0,001126126126126126126
14151;8845;0,001126126126126126126
14151;8847;0,001126126126126126126
14151;8849;0,001126126126126126126
14151;8850;0,001126126126126126126
14151;8852;0,001126126126126126126
14151;8853;0,001126126126126126126
14151;8854;0,001126126126126126126
14151;8855;0,001126126126126126126
14151;8856;0,001126126126126126126
14151;8858;0,001126126126126126126
14151;8859;0,001126126126126126126
14151;8860;0,001126126126126126126
14151;8861;0,001126126126126126126
14151;8862;0,001126126126126126126
14151;8863;0,001126126126126126126
14151;8865;0,001126126126126126126
14151;8866;0,001126126126126126126
14151;8867;0,001126126126126126126
14151;8869;0,001126126126126126126
14151;8870;0,001126126126126126126
14151;8871;0,001126126126126126126
14151;8872;0,001126126126126126126
14151;8873;0,001126126126126126126
14151;8874;0,001126126126126126126
14151;8875;0,001126126126126126126
14151;8877;0,001126126126126126126
14151;8878;0,001126126126126126126
14151;8879;0,001126126126126126126
14151;8899;0,001126126126126126126
14151;8902;0,001126126126126126126
14151;8933;0,001126126126126126126
14151;9088;0,001126126126126126126
14151;9114;0,001126126126126126126
14151;9159;0,002252252252252252252
14151;9208;0,001126126126126126126
14151;9230;0,001126126126126126126
14151;9274;0,003378378378378378378
14151;9345;0,001126126126126126126
14151;9385;0,001126126126126126126
14151;9396;0,001126126126126126126
14151;9405;0,001126126126126126126
14151;9416;0,002252252252252252252
14151;9419;0,001126126126126126126
14151;9421;0,001126126126126126126
14151;9510;0,001126126126126126126
14151;9554;0,001126126126126126126
14151;9657;0,001126126126126126126
14151;9665;0,001126126126126126126
14151;9681;0,001126126126126126126
14151;9691;0,001126126126126126126
14151;9729;0,001126126126126126126
14151;9762;0,002252252252252252252
14151;9805;0,001126126126126126126
14151;9831;0,001126126126126126126
14151;9832;0,001126126126126126126
14151;9940;0,001126126126126126126
14151;9951;0,001126126126126126126
14151;9968;0,001126126126126126126
14151;9982;0,001126126126126126126
14151;10000;0,001126126126126126126
14151;10080;0,001126126126126126126
14151;10085;0,001126126126126126126
14151;10169;0,001126126126126126126
14151;10390;0,001126126126126126126
14151;10602;0,001126126126126126126
14151;10604;0,001126126126126126126
14151;10633;0,001126126126126126126
14151;10649;0,001126126126126126126
14151;10682;0,001126126126126126126
14151;10740;0,001126126126126126126
14151;10823;0,001126126126126126126
14151;10892;0,001126126126126126126
14151;11213;0,001126126126126126126
14151;11263;0,001126126126126126126
14151;11330;0,001126126126126126126
14151;11382;0,001126126126126126126
14151;11415;0,002252252252252252252
14151;11476;0,001126126126126126126
14151;11536;0,001126126126126126126
14151;11902;0,001126126126126126126
14151;11999;0,001126126126126126126
14151;12159;0,001126126126126126126
14151;12176;0,001126126126126126126
14151;12333;0,001126126126126126126
14151;12362;0,001126126126126126126
14151;12372;0,001126126126126126126
14151;12387;0,001126126126126126126
14151;12395;0,001126126126126126126
14151;12436;0,001126126126126126126
14151;12500;0,001126126126126126126
14151;12712;0,001126126126126126126
14151;12768;0,001126126126126126126
14151;12775;0,001126126126126126126
14151;12798;0,001126126126126126126
14151;12820;0,001126126126126126126
14151;12876;0,003378378378378378378
14151;12880;0,001126126126126126126
14151;12938;0,002252252252252252252
14151;13006;0,001126126126126126126
14151;13035;0,001126126126126126126
14151;13054;0,001126126126126126126
14151;13291;0,001126126126126126126
14151;13292;0,001126126126126126126
14151;13310;0,001126126126126126126
14151;13369;0,001126126126126126126
14151;13372;0,001126126126126126126
14151;13398;0,001126126126126126126
14151;13713;0,001126126126126126126
14151;13796;0,002252252252252252252
14151;13799;0,001126126126126126126
14151;13814;0,001126126126126126126
14151;13886;0,002252252252252252252
14151;14013;0,002252252252252252252
14151;14073;0,001126126126126126126
14151;14269;0,001126126126126126126
14151;14465;0,002252252252252252252
14151;14826;0,001126126126126126126
14151;14827;0,001126126126126126126
14151;15207;0,001126126126126126126
14151;15437;0,002252252252252252252
14151;15889;0,001126126126126126126
14151;15975;0,001126126126126126126
14151;16487;0,001126126126126126126
14151;16644;0,001126126126126126126
14151;16786;0,001126126126126126126
14151;16866;0,001126126126126126126
14151;17209;0,001126126126126126126
14151;17268;0,001126126126126126126
14151;17274;0,003378378378378378378
14151;17426;0,001126126126126126126
14151;17587;0,001126126126126126126
14151;17603;0,001126126126126126126
14151;17720;0,001126126126126126126
14151;17826;0,001126126126126126126
14151;17930;0,001126126126126126126
14151;18247;0,001126126126126126126
14151;18258;0,002252252252252252252
14151;18979;0,001126126126126126126
14151;19031;0,001126126126126126126
14151;19176;0,001126126126126126126
14151;19198;0,001126126126126126126
14151;20666;0,001126126126126126126
14151;20668;0,001126126126126126126
14151;20770;0,002252252252252252252
14151;20801;0,001126126126126126126
14151;20915;0,001126126126126126126
14151;21396;0,001126126126126126126
14151;21470;0,001126126126126126126
14151;21496;0,001126126126126126126
14151;21597;0,001126126126126126126
14151;21684;0,001126126126126126126
14151;21750;0,001126126126126126126
14151;23096;0,003378378378378378378
14151;23419;0,001126126126126126126
14151;23928;0,001126126126126126126
14151;24370;0,001126126126126126126
14151;24371;0,001126126126126126126
14151;24536;0,001126126126126126126
14151;24837;0,001126126126126126126
14151;24838;0,003378378378378378378
14151;24839;0,001126126126126126126
14151;25653;0,001126126126126126126
14151;26347;0,002252252252252252252
14151;26354;0,001126126126126126126
14151;26502;0,001126126126126126126
14151;27079;0,001126126126126126126
14151;27173;0,001126126126126126126
14151;27286;0,003378378378378378378
14151;27390;0,001126126126126126126
14151;27422;0,001126126126126126126
14151;27512;0,001126126126126126126
14151;27557;0,001126126126126126126
14151;27588;0,001126126126126126126
14151;27639;0,001126126126126126126
14151;27813;0,001126126126126126126
14151;27837;0,001126126126126126126
14151;27841;0,001126126126126126126
14151;27857;0,001126126126126126126
14151;27862;0,001126126126126126126
14151;27865;0,001126126126126126126
14151;27893;0,001126126126126126126
14151;27938;0,001126126126126126126
14151;27984;0,001126126126126126126
14151;28034;0,001126126126126126126
14151;28372;0,001126126126126126126
14151;28405;0,001126126126126126126
14151;28457;0,001126126126126126126
14151;28467;0,001126126126126126126
14151;28523;0,001126126126126126126
14151;28544;0,001126126126126126126
14151;28580;0,001126126126126126126
14151;28598;0,001126126126126126126
14151;28914;0,001126126126126126126
14151;28993;0,001126126126126126126
14151;29014;0,001126126126126126126
14151;29376;0,001126126126126126126
14151;29796;0,001126126126126126126
14151;34696;0,001126126126126126126
14151;40961;0,002252252252252252252
14151;41565;0,001126126126126126126
14151;44336;0,001126126126126126126
14151;45837;0,001126126126126126126
14151;48862;0,001126126126126126126
14151;53224;0,001126126126126126126
14151;54440;0,001126126126126126126
14151;56195;0,001126126126126126126
14151;56282;0,001126126126126126126
14151;58138;0,001126126126126126126
14151;59522;0,001126126126126126126
14151;67275;0,001126126126126126126
14151;67591;0,003378378378378378378
14151;67593;0,003378378378378378378
14151;76695;0,001126126126126126126
14151;83231;0,002252252252252252252
14151;94073;0,001126126126126126126
14151;113365;0,001126126126126126126
14151;119483;0,001126126126126126126
14151;131383;0,003378378378378378378
14151;135123;0,001126126126126126126
14151;137801;0,001126126126126126126
14151;144425;0,002252252252252252252
14151;146155;0,001126126126126126126
14151;152076;0,001126126126126126126
14151;219132;0,001126126126126126126
14151;219255;0,001126126126126126126
14151;238453;0,001126126126126126126
14151;239963;0,001126126126126126126
14151;239964;0,001126126126126126126
14151;239965;0,001126126126126126126
14151;239966;0,001126126126126126126
14151;239969;0,001126126126126126126
14151;247698;0,001126126126126126126
14151;248831;0,001126126126126126126
14151;248834;0,001126126126126126126
14151;248835;0,001126126126126126126
14151;248836;0,001126126126126126126
14151;248837;0,001126126126126126126
14151;248841;0,001126126126126126126
14151;251573;0,001126126126126126126
14151;253384;0,001126126126126126126
14151;255463;0,001126126126126126126
14151;255726;0,001126126126126126126
14151;255740;0,001126126126126126126
14151;255741;0,001126126126126126126
14151;255863;0,001126126126126126126
14151;255899;0,001126126126126126126
14151;256235;0,001126126126126126126
14151;256804;0,001126126126126126126
14151;256951;0,001126126126126126126
14151;257158;0,001126126126126126126
14151;257324;0,001126126126126126126
14151;259341;0,001126126126126126126
14151;259342;0,001126126126126126126
14151;276505;0,001126126126126126126
14151;276695;0,001126126126126126126
14151;276780;0,001126126126126126126
14151;276963;0,001126126126126126126
14151;278192;0,001126126126126126126
14151;278351;0,001126126126126126126
14151;280033;0,001126126126126126126
14151;281067;0,001126126126126126126
14151;281170;0,001126126126126126126
14151;283281;0,001126126126126126126
14151;283633;0,001126126126126126126
14151;283636;0,001126126126126126126
14151;283638;0,001126126126126126126
14151;283639;0,001126126126126126126
14151;284852;0,001126126126126126126
14151;284853;0,001126126126126126126
14151;284854;0,001126126126126126126
14151;284855;0,001126126126126126126
14151;284856;0,001126126126126126126
14151;286660;0,001126126126126126126
14151;286988;0,001126126126126126126
14151;308238;0,001126126126126126126
14151;309580;0,001126126126126126126
14151;313473;0,001126126126126126126
14151;318787;0,001126126126126126126
14151;321112;0,001126126126126126126
14151;321395;0,001126126126126126126
14151;324897;0,001126126126126126126
14151;325286;0,001126126126126126126
14151;325535;0,001126126126126126126
14151;326192;0,001126126126126126126
14151;327858;0,001126126126126126126
14151;327859;0,001126126126126126126
14151;328526;0,001126126126126126126
14151;330168;0,001126126126126126126
14151;331627;0,001126126126126126126
14151;334818;0,001126126126126126126
14151;334820;0,001126126126126126126
14151;335189;0,001126126126126126126
14151;336063;0,001126126126126126126
14151;336640;0,001126126126126126126
14151;343358;0,001126126126126126126
14151;343424;0,001126126126126126126
14151;352262;0,001126126126126126126
14151;353698;0,001126126126126126126
14151;353914;0,001126126126126126126
14151;355336;0,001126126126126126126
14151;357817;0,001126126126126126126
14151;365524;0,001126126126126126126
14151;365531;0,001126126126126126126
14151;365532;0,001126126126126126126
14151;365533;0,001126126126126126126
14151;365534;0,001126126126126126126
14151;365535;0,001126126126126126126
14151;365536;0,001126126126126126126
14151;366869;0,001126126126126126126
14151;367121;0,001126126126126126126
14151;367451;0,001126126126126126126
14151;368117;0,001126126126126126126
14151;372528;0,001126126126126126126
14151;373924;0,001126126126126126126
14151;377026;0,001126126126126126126
14151;381254;0,001126126126126126126
14151;381277;0,001126126126126126126
14151;382779;0,001126126126126126126
14151;409930;0,001126126126126126126
14151;413321;0,001126126126126126126
14151;418454;0,001126126126126126126
14151;423622;0,001126126126126126126
14151;432293;0,001126126126126126126
14151;437540;0,001126126126126126126
14151;440566;0,001126126126126126126
14151;458190;0,001126126126126126126
14151;589508;0,003378378378378378378
14151;657590;0,001126126126126126126
14266;1913;0,500000000000000000000
14266;19707;0,500000000000000000000
14269;6681;0,666666666666666666666
14269;940328;0,333333333333333333333
14323;228;1,000000000000000000000
14465;3142;0,571428571428571428571
14465;5892;0,142857142857142857142
14465;9807;0,142857142857142857142
14465;398786;0,142857142857142857142
14526;1123;0,500000000000000000000
14526;9380;0,500000000000000000000
14652;1198;0,333333333333333333333
14652;1288;0,333333333333333333333
14652;4750;0,333333333333333333333
14742;2364;1,000000000000000000000
14803;1162;1,000000000000000000000
14826;1637;0,142857142857142857142
14826;2712;0,142857142857142857142
14826;3158;0,142857142857142857142
14826;7478;0,142857142857142857142
14826;20307;0,142857142857142857142
14826;336640;0,285714285714285714285
14899;4465;0,333333333333333333333
14899;6903;0,666666666666666666666
15048;1684;0,500000000000000000000
15048;3857;0,500000000000000000000
15207;1806;0,625000000000000000000
15207;3599;0,125000000000000000000
15207;5576;0,125000000000000000000
15207;11263;0,125000000000000000000
15222;1041;0,333333333333333333333
15222;2275;0,333333333333333333333
15222;25226;0,333333333333333333333
15302;1171;0,105263157894736842105
15302;1406;0,052631578947368421052
15302;2512;0,105263157894736842105
15302;2834;0,105263157894736842105
15302;2863;0,263157894736842105263
15302;5061;0,263157894736842105263
15302;7080;0,105263157894736842105
15331;176;0,500000000000000000000
15331;9300;0,500000000000000000000
15471;275;0,125000000000000000000
15471;282;0,062500000000000000000
15471;477;0,062500000000000000000
15471;731;0,291666666666666666666
15471;3829;0,104166666666666666666
15471;5138;0,041666666666666666666
15471;7560;0,041666666666666666666
15471;95154;0,187500000000000000000
15471;173893;0,041666666666666666666
15471;282773;0,041666666666666666666
15643;71;0,012048192771084337349
15643;135;0,012048192771084337349
15643;194;0,006024096385542168674
15643;276;0,036144578313253012048
15643;277;0,024096385542168674698
15643;352;0,018072289156626506024
15643;354;0,054216867469879518072
15643;425;0,024096385542168674698
15643;427;0,012048192771084337349
15643;443;0,066265060240963855421
15643;749;0,030120481927710843373
15643;796;0,006024096385542168674
15643;1118;0,048192771084337349397
15643;1149;0,024096385542168674698
15643;1180;0,024096385542168674698
15643;1366;0,024096385542168674698
15643;1946;0,048192771084337349397
15643;2112;0,024096385542168674698
15643;2445;0,030120481927710843373
15643;2489;0,018072289156626506024
15643;2504;0,012048192771084337349
15643;3315;0,012048192771084337349
15643;3446;0,006024096385542168674
15643;3607;0,060240963855421686746
15643;3685;0,054216867469879518072
15643;4004;0,012048192771084337349
15643;4344;0,030120481927710843373
15643;4530;0,018072289156626506024
15643;5071;0,024096385542168674698
15643;6627;0,024096385542168674698
15643;7605;0,054216867469879518072
15643;7713;0,012048192771084337349
15643;9047;0,024096385542168674698
15643;20235;0,036144578313253012048
15643;29085;0,006024096385542168674
15643;41776;0,030120481927710843373
15643;604246;0,042168674698795180722
15682;411;0,333333333333333333333
15682;689;0,333333333333333333333
15682;41565;0,333333333333333333333
15737;226;0,064516129032258064516
15737;518;0,032258064516129032258
15737;579;0,064516129032258064516
15737;952;0,032258064516129032258
15737;1307;0,064516129032258064516
15737;1471;0,032258064516129032258
15737;1503;0,032258064516129032258
15737;1684;0,032258064516129032258
15737;1843;0,032258064516129032258
15737;1923;0,032258064516129032258
15737;2423;0,032258064516129032258
15737;2713;0,064516129032258064516
15737;2734;0,064516129032258064516
15737;2804;0,032258064516129032258
15737;3610;0,032258064516129032258
15737;3797;0,064516129032258064516
15737;5521;0,032258064516129032258
15737;8003;0,032258064516129032258
15737;8050;0,032258064516129032258
15737;8306;0,032258064516129032258
15737;13907;0,032258064516129032258
15737;25488;0,032258064516129032258
15737;37811;0,032258064516129032258
15737;55041;0,032258064516129032258
15737;157662;0,032258064516129032258
15863;689;0,500000000000000000000
15863;12706;0,500000000000000000000
15866;863;1,000000000000000000000
15867;271;0,250000000000000000000
15867;288;0,250000000000000000000
15867;545;0,250000000000000000000
15867;2678;0,250000000000000000000
15887;16644;1,000000000000000000000
15895;73;0,058823529411764705882
15895;119;0,294117647058823529411
15895;550;0,058823529411764705882
15895;596;0,294117647058823529411
15895;1462;0,058823529411764705882
15895;2023;0,117647058823529411764
15895;7111;0,117647058823529411764
15975;1239;0,133333333333333333333
15975;1516;0,066666666666666666666
15975;3650;0,066666666666666666666
15975;4876;0,066666666666666666666
15975;9068;0,066666666666666666666
15975;9905;0,333333333333333333333
15975;11382;0,133333333333333333333
15975;547774;0,133333333333333333333
16076;978;0,166666666666666666666
16076;1997;0,333333333333333333333
16076;5119;0,166666666666666666666
16076;9720;0,166666666666666666666
16076;17248;0,166666666666666666666
16487;997;0,500000000000000000000
16487;6773;0,500000000000000000000
16497;1041;0,285714285714285714285
16497;1220;0,142857142857142857142
16497;1771;0,285714285714285714285
16497;2422;0,071428571428571428571
16497;13850;0,142857142857142857142
16497;27062;0,071428571428571428571
16527;74;0,200000000000000000000
16527;2374;0,200000000000000000000
16527;17634;0,600000000000000000000
16644;911;0,250000000000000000000
16644;3414;0,125000000000000000000
16644;13006;0,500000000000000000000
16644;352420;0,125000000000000000000
16649;1100;1,000000000000000000000
16651;12339;0,500000000000000000000
16651;12769;0,500000000000000000000
16652;8051;1,000000000000000000000
16653;990;0,500000000000000000000
16653;4512;0,500000000000000000000
16659;854;0,428571428571428571428
16659;12769;0,428571428571428571428
16659;28528;0,142857142857142857142
16665;689;0,333333333333333333333
16665;3155;0,222222222222222222222
16665;8051;0,111111111111111111111
16665;12433;0,111111111111111111111
16665;12436;0,222222222222222222222
16786;1239;0,166666666666666666666
16786;2479;0,333333333333333333333
16786;3141;0,166666666666666666666
16786;3180;0,166666666666666666666
16786;6027;0,166666666666666666666
16815;8869;1,000000000000000000000
16845;3176;0,157894736842105263157
16845;17268;0,684210526315789473684
16845;184987;0,157894736842105263157
17047;307;0,200000000000000000000
17047;1327;0,100000000000000000000
17047;1329;0,100000000000000000000
17047;1335;0,200000000000000000000
17047;5831;0,200000000000000000000
17047;9431;0,200000000000000000000
17208;3671;0,500000000000000000000
17208;5360;0,500000000000000000000
17248;527;0,750000000000000000000
17248;3256;0,250000000000000000000
17266;1764;1,000000000000000000000
17267;405;0,428571428571428571428
17267;3802;0,142857142857142857142
17267;7975;0,285714285714285714285
17267;119973;0,142857142857142857142
17268;25488;1,000000000000000000000
17269;83;0,032258064516129032258
17269;351;0,032258064516129032258
17269;519;0,064516129032258064516
17269;865;0,032258064516129032258
17269;918;0,032258064516129032258
17269;1135;0,193548387096774193548
17269;1140;0,064516129032258064516
17269;1340;0,064516129032258064516
17269;2004;0,064516129032258064516
17269;2877;0,064516129032258064516
17269;3362;0,064516129032258064516
17269;3465;0,064516129032258064516
17269;3986;0,032258064516129032258
17269;5591;0,064516129032258064516
17269;7095;0,064516129032258064516
17269;54879;0,032258064516129032258
17269;434991;0,032258064516129032258
17274;1140;1,000000000000000000000
17276;351;0,200000000000000000000
17276;817;0,200000000000000000000
17276;54879;0,200000000000000000000
17276;440509;0,400000000000000000000
17278;898;0,454545454545454545454
17278;2467;0,454545454545454545454
17278;2993;0,090909090909090909090
17281;1762;0,333333333333333333333
17281;2467;0,333333333333333333333
17281;2993;0,333333333333333333333
17282;945;1,000000000000000000000
17302;613;1,000000000000000000000
17323;2147;0,166666666666666666666
17323;4146;0,166666666666666666666
17323;5082;0,333333333333333333333
17323;53012;0,166666666666666666666
17323;525330;0,166666666666666666666
17352;46;0,100000000000000000000
17352;80;0,100000000000000000000
17352;1445;0,100000000000000000000
17352;2893;0,100000000000000000000
17352;4821;0,100000000000000000000
17352;6746;0,100000000000000000000
17352;8866;0,100000000000000000000
17352;8871;0,100000000000000000000
17352;255726;0,100000000000000000000
17352;256235;0,100000000000000000000
17426;1763;0,500000000000000000000
17426;324897;0,500000000000000000000
17449;713;0,153846153846153846153
17449;979;0,692307692307692307692
17449;1030;0,076923076923076923076
17449;3306;0,076923076923076923076
17521;3141;1,000000000000000000000
17549;83;0,018867924528301886792
17549;283;0,018867924528301886792
17549;435;0,037735849056603773584
17549;499;0,018867924528301886792
17549;703;0,018867924528301886792
17549;798;0,018867924528301886792
17549;873;0,018867924528301886792
17549;1068;0,018867924528301886792
17549;1089;0,018867924528301886792
17549;1178;0,018867924528301886792
17549;1348;0,018867924528301886792
17549;1425;0,018867924528301886792
17549;1513;0,018867924528301886792
17549;1520;0,018867924528301886792
17549;1691;0,018867924528301886792
17549;1763;0,018867924528301886792
17549;1883;0,018867924528301886792
17549;2264;0,018867924528301886792
17549;2470;0,018867924528301886792
17549;2585;0,018867924528301886792
17549;2890;0,018867924528301886792
17549;3104;0,018867924528301886792
17549;3427;0,018867924528301886792
17549;3471;0,018867924528301886792
17549;3473;0,018867924528301886792
17549;3601;0,018867924528301886792
17549;3940;0,037735849056603773584
17549;3976;0,018867924528301886792
17549;4245;0,018867924528301886792
17549;4337;0,018867924528301886792
17549;4786;0,018867924528301886792
17549;5054;0,018867924528301886792
17549;5262;0,018867924528301886792
17549;6300;0,018867924528301886792
17549;6960;0,018867924528301886792
17549;8081;0,018867924528301886792
17549;8450;0,018867924528301886792
17549;9215;0,018867924528301886792
17549;9392;0,018867924528301886792
17549;9618;0,018867924528301886792
17549;10178;0,018867924528301886792
17549;12826;0,018867924528301886792
17549;13673;0,018867924528301886792
17549;13674;0,018867924528301886792
17549;14323;0,018867924528301886792
17549;16649;0,018867924528301886792
17549;21502;0,018867924528301886792
17549;27522;0,018867924528301886792
17549;27674;0,018867924528301886792
17549;28460;0,018867924528301886792
17549;604484;0,018867924528301886792
17553;11369;1,000000000000000000000
17584;115;0,010204081632653061224
17584;176;0,010204081632653061224
17584;198;0,010204081632653061224
17584;201;0,010204081632653061224
17584;360;0,030612244897959183673
17584;490;0,010204081632653061224
17584;579;0,010204081632653061224
17584;607;0,010204081632653061224
17584;652;0,010204081632653061224
17584;844;0,010204081632653061224
17584;885;0,010204081632653061224
17584;886;0,010204081632653061224
17584;988;0,010204081632653061224
17584;1053;0,010204081632653061224
17584;1210;0,010204081632653061224
17584;1307;0,010204081632653061224
17584;1585;0,010204081632653061224
17584;1719;0,010204081632653061224
17584;1841;0,010204081632653061224
17584;1843;0,010204081632653061224
17584;1864;0,010204081632653061224
17584;1949;0,010204081632653061224
17584;1956;0,010204081632653061224
17584;2048;0,010204081632653061224
17584;2117;0,010204081632653061224
17584;2125;0,010204081632653061224
17584;2198;0,010204081632653061224
17584;2278;0,010204081632653061224
17584;2352;0,010204081632653061224
17584;2440;0,010204081632653061224
17584;2704;0,010204081632653061224
17584;2794;0,010204081632653061224
17584;2850;0,010204081632653061224
17584;2884;0,010204081632653061224
17584;3015;0,010204081632653061224
17584;3164;0,010204081632653061224
17584;3235;0,010204081632653061224
17584;3347;0,010204081632653061224
17584;3480;0,010204081632653061224
17584;3481;0,010204081632653061224
17584;3508;0,010204081632653061224
17584;3532;0,010204081632653061224
17584;3567;0,010204081632653061224
17584;3678;0,010204081632653061224
17584;3763;0,010204081632653061224
17584;3815;0,010204081632653061224
17584;3891;0,010204081632653061224
17584;3911;0,010204081632653061224
17584;4268;0,010204081632653061224
17584;4283;0,040816326530612244897
17584;4355;0,010204081632653061224
17584;4486;0,010204081632653061224
17584;4657;0,010204081632653061224
17584;4860;0,010204081632653061224
17584;4933;0,010204081632653061224
17584;5089;0,010204081632653061224
17584;5172;0,010204081632653061224
17584;5329;0,010204081632653061224
17584;5493;0,010204081632653061224
17584;5521;0,010204081632653061224
17584;5528;0,010204081632653061224
17584;6406;0,010204081632653061224
17584;6557;0,010204081632653061224
17584;6856;0,010204081632653061224
17584;6994;0,010204081632653061224
17584;6997;0,010204081632653061224
17584;7920;0,010204081632653061224
17584;8513;0,010204081632653061224
17584;9300;0,010204081632653061224
17584;9360;0,010204081632653061224
17584;9468;0,010204081632653061224
17584;9481;0,010204081632653061224
17584;10480;0,010204081632653061224
17584;10640;0,010204081632653061224
17584;12577;0,010204081632653061224
17584;13158;0,010204081632653061224
17584;13178;0,010204081632653061224
17584;13907;0,010204081632653061224
17584;14683;0,010204081632653061224
17584;14803;0,010204081632653061224
17584;14881;0,010204081632653061224
17584;15331;0,010204081632653061224
17584;15762;0,010204081632653061224
17584;15888;0,010204081632653061224
17584;16280;0,010204081632653061224
17584;17665;0,010204081632653061224
17584;17727;0,010204081632653061224
17584;18070;0,010204081632653061224
17584;22702;0,010204081632653061224
17584;22705;0,010204081632653061224
17584;22708;0,010204081632653061224
17584;22880;0,010204081632653061224
17584;23952;0,010204081632653061224
17596;13599;1,000000000000000000000
17611;2993;0,500000000000000000000
17611;119973;0,500000000000000000000
17634;74;0,157894736842105263157
17634;2374;0,157894736842105263157
17634;6440;0,105263157894736842105
17634;16527;0,315789473684210526315
17634;386794;0,263157894736842105263
17665;488;1,000000000000000000000
17678;864;0,500000000000000000000
17678;3212;0,250000000000000000000
17678;4576;0,250000000000000000000
17727;988;1,000000000000000000000
17762;864;0,142857142857142857142
17762;1020;0,142857142857142857142
17762;2794;0,571428571428571428571
17762;3189;0,142857142857142857142
17826;28822;1,000000000000000000000
17918;42;0,500000000000000000000
17918;2293;0,500000000000000000000
18145;533247;1,000000000000000000000
18247;2023;0,111111111111111111111
18247;4280;0,111111111111111111111
18247;4281;0,111111111111111111111
18247;6581;0,666666666666666666666
18258;90;0,083333333333333333333
18258;5437;0,750000000000000000000
18258;6624;0,083333333333333333333
18258;7780;0,083333333333333333333
18300;216;0,666666666666666666666
18300;1293;0,333333333333333333333
18398;3575;0,142857142857142857142
18398;4305;0,142857142857142857142
18398;47032;0,428571428571428571428
18398;89703;0,142857142857142857142
18398;967766;0,142857142857142857142
18517;1064;0,333333333333333333333
18517;1769;0,666666666666666666666
18592;208;0,250000000000000000000
18592;596;0,500000000000000000000
18592;2310;0,250000000000000000000
18641;54;0,003861003861003861003
18641;71;0,015444015444015444015
18641;96;0,015444015444015444015
18641;119;0,011583011583011583011
18641;240;0,019305019305019305019
18641;249;0,007722007722007722007
18641;277;0,038610038610038610038
18641;283;0,007722007722007722007
18641;296;0,011583011583011583011
18641;360;0,015444015444015444015
18641;396;0,003861003861003861003
18641;520;0,003861003861003861003
18641;522;0,003861003861003861003
18641;622;0,011583011583011583011
18641;689;0,015444015444015444015
18641;749;0,011583011583011583011
18641;835;0,007722007722007722007
18641;886;0,007722007722007722007
18641;891;0,003861003861003861003
18641;990;0,003861003861003861003
18641;1042;0,011583011583011583011
18641;1064;0,003861003861003861003
18641;1065;0,023166023166023166023
18641;1066;0,007722007722007722007
18641;1122;0,003861003861003861003
18641;1142;0,011583011583011583011
18641;1321;0,023166023166023166023
18641;1401;0,015444015444015444015
18641;1406;0,007722007722007722007
18641;1563;0,007722007722007722007
18641;1569;0,007722007722007722007
18641;1589;0,015444015444015444015
18641;1696;0,011583011583011583011
18641;1724;0,019305019305019305019
18641;1771;0,003861003861003861003
18641;1892;0,003861003861003861003
18641;1894;0,007722007722007722007
18641;1925;0,023166023166023166023
18641;1945;0,003861003861003861003
18641;2054;0,003861003861003861003
18641;2083;0,007722007722007722007
18641;2112;0,003861003861003861003
18641;2512;0,003861003861003861003
18641;2569;0,015444015444015444015
18641;2647;0,015444015444015444015
18641;2697;0,003861003861003861003
18641;2744;0,003861003861003861003
18641;2863;0,003861003861003861003
18641;3085;0,003861003861003861003
18641;3096;0,003861003861003861003
18641;3098;0,003861003861003861003
18641;3100;0,003861003861003861003
18641;3234;0,007722007722007722007
18641;3256;0,007722007722007722007
18641;3427;0,003861003861003861003
18641;3465;0,011583011583011583011
18641;3683;0,007722007722007722007
18641;3998;0,007722007722007722007
18641;4091;0,007722007722007722007
18641;4219;0,003861003861003861003
18641;4313;0,007722007722007722007
18641;4501;0,015444015444015444015
18641;4831;0,003861003861003861003
18641;5149;0,003861003861003861003
18641;5245;0,007722007722007722007
18641;5338;0,011583011583011583011
18641;5632;0,011583011583011583011
18641;5789;0,007722007722007722007
18641;6496;0,007722007722007722007
18641;6554;0,011583011583011583011
18641;7660;0,038610038610038610038
18641;7968;0,007722007722007722007
18641;7975;0,011583011583011583011
18641;8081;0,015444015444015444015
18641;8268;0,007722007722007722007
18641;8350;0,007722007722007722007
18641;8636;0,003861003861003861003
18641;8687;0,015444015444015444015
18641;9721;0,019305019305019305019
18641;9729;0,015444015444015444015
18641;13026;0,015444015444015444015
18641;13074;0,003861003861003861003
18641;13502;0,007722007722007722007
18641;17773;0,015444015444015444015
18641;23562;0,011583011583011583011
18641;28826;0,003861003861003861003
18641;28940;0,015444015444015444015
18641;37815;0,007722007722007722007
18641;41776;0,015444015444015444015
18641;59745;0,023166023166023166023
18641;59841;0,003861003861003861003
18641;83103;0,015444015444015444015
18641;131383;0,027027027027027027027
18641;189452;0,003861003861003861003
18641;190971;0,003861003861003861003
18641;352364;0,015444015444015444015
18641;398786;0,003861003861003861003
18641;398787;0,003861003861003861003
18641;440497;0,003861003861003861003
18695;527;0,500000000000000000000
18695;366867;0,500000000000000000000
18979;2015;0,500000000000000000000
18979;834579;0,500000000000000000000
19031;815;0,222222222222222222222
19031;1121;0,222222222222222222222
19031;1597;0,222222222222222222222
19031;7759;0,333333333333333333333
19176;232;0,181818181818181818181
19176;805;0,090909090909090909090
19176;1700;0,090909090909090909090
19176;3158;0,181818181818181818181
19176;4299;0,090909090909090909090
19176;4677;0,090909090909090909090
19176;6151;0,090909090909090909090
19176;7240;0,090909090909090909090
19176;276505;0,090909090909090909090
19402;297;0,416666666666666666666
19402;1082;0,083333333333333333333
19402;11004;0,083333333333333333333
19402;21542;0,416666666666666666666
19707;739;0,333333333333333333333
19707;13809;0,333333333333333333333
19707;14266;0,333333333333333333333
20089;306;0,285714285714285714285
20089;727;0,142857142857142857142
20089;885;0,142857142857142857142
20089;1307;0,142857142857142857142
20089;3763;0,142857142857142857142
20089;4004;0,142857142857142857142
20216;5626;1,000000000000000000000
20235;442;0,600000000000000000000
20235;443;0,200000000000000000000
20235;960;0,200000000000000000000
20307;530;0,083333333333333333333
20307;1220;0,083333333333333333333
20307;2164;0,083333333333333333333
20307;2421;0,083333333333333333333
20307;2422;0,083333333333333333333
20307;7478;0,083333333333333333333
20307;11369;0,083333333333333333333
20307;14826;0,083333333333333333333
20307;15975;0,083333333333333333333
20307;27067;0,083333333333333333333
20307;248832;0,083333333333333333333
20307;355594;0,083333333333333333333
20393;5645;0,222222222222222222222
20393;27610;0,222222222222222222222
20393;27615;0,555555555555555555555
20436;1374;1,000000000000000000000
20474;15726;1,000000000000000000000
20476;4435;0,500000000000000000000
20476;4583;0,500000000000000000000
20662;995380;1,000000000000000000000
20666;2064;0,041666666666666666666
20666;2156;0,041666666666666666666
20666;2865;0,250000000000000000000
20666;3940;0,041666666666666666666
20666;6027;0,041666666666666666666
20666;10633;0,041666666666666666666
20666;11382;0,125000000000000000000
20666;27286;0,041666666666666666666
20666;29796;0,041666666666666666666
20666;239965;0,041666666666666666666
20666;248831;0,041666666666666666666
20666;255740;0,041666666666666666666
20666;283638;0,041666666666666666666
20666;331627;0,041666666666666666666
20666;365534;0,041666666666666666666
20666;365536;0,041666666666666666666
20666;388810;0,041666666666666666666
20801;5666;1,000000000000000000000
20843;72;0,153846153846153846153
20843;829;0,076923076923076923076
20843;1169;0,076923076923076923076
20843;1476;0,230769230769230769230
20843;2364;0,153846153846153846153
20843;3395;0,230769230769230769230
20843;59745;0,076923076923076923076
20853;1462;0,500000000000000000000
20853;12706;0,500000000000000000000
20915;1563;1,000000000000000000000
20969;5351;0,200000000000000000000
20969;6581;0,400000000000000000000
20969;9208;0,200000000000000000000
20969;533247;0,200000000000000000000
21005;855;1,000000000000000000000
21112;392;0,500000000000000000000
21112;3022;0,500000000000000000000
21154;1237;0,666666666666666666666
21154;1277;0,333333333333333333333
21268;240;0,062500000000000000000
21268;520;0,062500000000000000000
21268;525;0,250000000000000000000
21268;706;0,187500000000000000000
21268;761;0,125000000000000000000
21268;4497;0,250000000000000000000
21268;4991;0,062500000000000000000
21374;425;0,500000000000000000000
21374;6627;0,500000000000000000000
21396;934;0,111111111111111111111
21396;1608;0,222222222222222222222
21396;1700;0,222222222222222222222
21396;3315;0,055555555555555555555
21396;9951;0,055555555555555555555
21396;136664;0,222222222222222222222
21396;931417;0,111111111111111111111
21502;8212;0,500000000000000000000
21502;9215;0,500000000000000000000
21697;24;0,250000000000000000000
21697;983;0,125000000000000000000
21697;2149;0,500000000000000000000
21697;6430;0,125000000000000000000
21734;2961;0,166666666666666666666
21734;3111;0,833333333333333333333
21750;2196;1,000000000000000000000
21986;304;0,111111111111111111111
21986;1033;0,111111111111111111111
21986;8050;0,111111111111111111111
21986;15643;0,111111111111111111111
21986;24049;0,111111111111111111111
21986;27587;0,222222222222222222222
21986;28152;0,111111111111111111111
21986;968148;0,111111111111111111111
22123;266;0,076923076923076923076
22123;527;0,076923076923076923076
22123;956;0,076923076923076923076
22123;964;0,076923076923076923076
22123;1046;0,076923076923076923076
22123;1253;0,230769230769230769230
22123;1897;0,076923076923076923076
22123;1997;0,076923076923076923076
22123;3811;0,076923076923076923076
22123;9722;0,076923076923076923076
22123;9729;0,076923076923076923076
22211;1439;0,500000000000000000000
22211;2080;0,250000000000000000000
22211;42210;0,250000000000000000000
22298;1162;0,125000000000000000000
22298;1439;0,375000000000000000000
22298;9356;0,250000000000000000000
22298;11552;0,125000000000000000000
22298;38738;0,125000000000000000000
23096;7886;0,666666666666666666666
23096;398787;0,333333333333333333333
23228;740;1,000000000000000000000
23562;27672;1,000000000000000000000
23720;183;0,047619047619047619047
23720;281;0,071428571428571428571
23720;754;0,095238095238095238095
23720;1116;0,047619047619047619047
23720;1129;0,047619047619047619047
23720;1130;0,023809523809523809523
23720;1370;0,285714285714285714285
23720;1448;0,023809523809523809523
23720;2237;0,238095238095238095238
23720;693032;0,071428571428571428571
23720;791903;0,047619047619047619047
23759;1681;0,333333333333333333333
23759;3575;0,333333333333333333333
23759;714174;0,333333333333333333333
23886;2254;0,666666666666666666666
23886;3427;0,333333333333333333333
23930;855;0,333333333333333333333
23930;4355;0,333333333333333333333
23930;17620;0,333333333333333333333
24076;1010;0,400000000000000000000
24076;1018;0,200000000000000000000
24076;2001;0,400000000000000000000
24098;3033;0,400000000000000000000
24098;27294;0,600000000000000000000
24113;12617;0,166666666666666666666
24113;959966;0,833333333333333333333
24370;724;0,100000000000000000000
24370;941;0,100000000000000000000
24370;942;0,100000000000000000000
24370;1868;0,100000000000000000000
24370;2136;0,100000000000000000000
24370;3005;0,100000000000000000000
24370;5500;0,100000000000000000000
24370;6979;0,100000000000000000000
24370;6981;0,100000000000000000000
24370;7116;0,100000000000000000000
24446;689;1,000000000000000000000
24460;4;1,000000000000000000000
24536;3158;0,250000000000000000000
24536;27707;0,250000000000000000000
24536;326192;0,500000000000000000000
24668;352;0,285714285714285714285
24668;356;0,285714285714285714285
24668;2098;0,285714285714285714285
24668;5628;0,142857142857142857142
24839;24838;1,000000000000000000000
24875;5008;0,333333333333333333333
24875;27141;0,333333333333333333333
24875;29027;0,333333333333333333333
25205;2275;1,000000000000000000000
25221;27478;1,000000000000000000000
25223;11369;1,000000000000000000000
25229;2275;0,142857142857142857142
25229;2287;0,428571428571428571428
25229;25230;0,428571428571428571428
25230;1041;0,040816326530612244897
25230;1771;0,020408163265306122448
25230;1862;0,020408163265306122448
25230;1894;0,285714285714285714285
25230;2275;0,020408163265306122448
25230;2421;0,020408163265306122448
25230;6918;0,122448979591836734693
25230;9674;0,244897959183673469387
25230;11369;0,040816326530612244897
25230;15222;0,020408163265306122448
25230;25229;0,142857142857142857142
25230;373677;0,020408163265306122448
25264;10390;1,000000000000000000000
25488;504;0,083333333333333333333
25488;689;0,250000000000000000000
25488;2004;0,166666666666666666666
25488;2614;0,083333333333333333333
25488;4621;0,083333333333333333333
25488;8003;0,166666666666666666666
25488;10338;0,083333333333333333333
25488;17268;0,083333333333333333333
25849;2059;0,500000000000000000000
25849;3680;0,500000000000000000000
25861;752863;1,000000000000000000000
25905;6918;1,000000000000000000000
26070;274;0,045454545454545454545
26070;401;0,045454545454545454545
26070;945;0,090909090909090909090
26070;1276;0,045454545454545454545
26070;2592;0,045454545454545454545
26070;3374;0,045454545454545454545
26070;5536;0,045454545454545454545
26070;7975;0,045454545454545454545
26070;8889;0,045454545454545454545
26070;9212;0,045454545454545454545
26070;9288;0,045454545454545454545
26070;9824;0,045454545454545454545
26070;9992;0,045454545454545454545
26070;12959;0,045454545454545454545
26070;13675;0,045454545454545454545
26070;14978;0,045454545454545454545
26070;17262;0,045454545454545454545
26070;27079;0,045454545454545454545
26070;28349;0,045454545454545454545
26070;28607;0,045454545454545454545
26070;851827;0,045454545454545454545
26219;721;0,105263157894736842105
26219;1710;0,052631578947368421052
26219;2235;0,052631578947368421052
26219;2326;0,052631578947368421052
26219;2844;0,052631578947368421052
26219;3249;0,052631578947368421052
26219;3585;0,052631578947368421052
26219;3879;0,052631578947368421052
26219;4247;0,052631578947368421052
26219;4518;0,052631578947368421052
26219;4534;0,052631578947368421052
26219;4538;0,052631578947368421052
26219;6800;0,052631578947368421052
26219;7624;0,052631578947368421052
26219;14125;0,052631578947368421052
26219;16655;0,052631578947368421052
26219;16658;0,052631578947368421052
26219;28034;0,052631578947368421052
26251;604246;1,000000000000000000000
26267;330;0,111111111111111111111
26267;5338;0,111111111111111111111
26267;8928;0,777777777777777777777
26347;768;1,000000000000000000000
26354;3465;1,000000000000000000000
26502;8933;1,000000000000000000000
26786;3340;0,500000000000000000000
26786;8910;0,500000000000000000000
27063;1771;0,400000000000000000000
27063;2421;0,200000000000000000000
27063;27175;0,200000000000000000000
27063;28034;0,200000000000000000000
27064;387437;1,000000000000000000000
27065;1220;0,500000000000000000000
27065;2275;0,500000000000000000000
27066;1220;0,250000000000000000000
27066;1771;0,250000000000000000000
27066;2421;0,250000000000000000000
27066;6641;0,250000000000000000000
27067;10592;0,400000000000000000000
27067;11369;0,400000000000000000000
27067;20307;0,200000000000000000000
27141;9651;0,250000000000000000000
27141;24875;0,500000000000000000000
27141;29028;0,250000000000000000000
27173;190;0,200000000000000000000
27173;2271;0,200000000000000000000
27173;5082;0,500000000000000000000
27173;9395;0,100000000000000000000
27175;2275;0,375000000000000000000
27175;2421;0,125000000000000000000
27175;4697;0,125000000000000000000
27175;11369;0,125000000000000000000
27175;15944;0,125000000000000000000
27175;28853;0,125000000000000000000
27269;1566;1,000000000000000000000
27294;24098;1,000000000000000000000
27349;5616;1,000000000000000000000
27416;983;0,333333333333333333333
27416;2130;0,333333333333333333333
27416;3842;0,333333333333333333333
27474;6918;1,000000000000000000000
27478;2275;0,714285714285714285714
27478;3420;0,142857142857142857142
27478;25221;0,142857142857142857142
27512;22;0,333333333333333333333
27512;190;0,333333333333333333333
27512;4625;0,333333333333333333333
27557;3292;1,000000000000000000000
27603;1945;1,000000000000000000000
27610;498;0,166666666666666666666
27610;5645;0,166666666666666666666
27610;20393;0,333333333333333333333
27610;27603;0,166666666666666666666
27610;27619;0,166666666666666666666
27615;20393;1,000000000000000000000
27617;20393;0,500000000000000000000
27617;27615;0,500000000000000000000
27619;27610;1,000000000000000000000
27633;20393;0,500000000000000000000
27633;27610;0,500000000000000000000
27672;478;1,000000000000000000000
27674;2741;0,200000000000000000000
27674;4313;0,200000000000000000000
27674;5646;0,200000000000000000000
27674;9215;0,200000000000000000000
27674;17549;0,200000000000000000000
27700;1173;0,666666666666666666666
27700;2195;0,111111111111111111111
27700;2826;0,111111111111111111111
27700;7874;0,111111111111111111111
27707;12959;1,000000000000000000000
27708;1173;1,000000000000000000000
27763;467;0,166666666666666666666
27763;2052;0,166666666666666666666
27763;2504;0,166666666666666666666
27763;5632;0,166666666666666666666
27763;9806;0,166666666666666666666
27763;77678;0,166666666666666666666
27810;1771;0,333333333333333333333
27810;373677;0,666666666666666666666
27836;1681;0,500000000000000000000
27836;3575;0,500000000000000000000
27852;810;0,200000000000000000000
27852;964;0,100000000000000000000
27852;2728;0,100000000000000000000
27852;2731;0,100000000000000000000
27852;2914;0,100000000000000000000
27852;6221;0,100000000000000000000
27852;9824;0,100000000000000000000
27852;15944;0,100000000000000000000
27852;789157;0,100000000000000000000
27865;7478;1,000000000000000000000
27870;3905;1,000000000000000000000
27931;191488;1,000000000000000000000
27938;778;1,000000000000000000000
27950;27826;0,333333333333333333333
27950;28017;0,666666666666666666666
27953;27826;0,500000000000000000000
27953;191488;0,500000000000000000000
27965;740;0,250000000000000000000
27965;5218;0,750000000000000000000
27966;740;0,500000000000000000000
27966;9898;0,250000000000000000000
27966;13502;0,250000000000000000000
28017;475;0,300000000000000000000
28017;3975;0,050000000000000000000
28017;13579;0,050000000000000000000
28017;27950;0,100000000000000000000
28017;27962;0,050000000000000000000
28017;28018;0,050000000000000000000
28017;28027;0,100000000000000000000
28017;499117;0,300000000000000000000
28018;28017;1,000000000000000000000
28027;689;0,142857142857142857142
28027;28017;0,857142857142857142857
28034;27063;1,000000000000000000000
28101;28109;1,000000000000000000000
28109;3564;1,000000000000000000000
28156;3446;1,000000000000000000000
28174;4274;1,000000000000000000000
28184;2275;0,333333333333333333333
28184;2419;0,333333333333333333333
28184;15944;0,333333333333333333333
28185;2425;1,000000000000000000000
28194;2275;0,666666666666666666666
28194;11369;0,333333333333333333333
28199;1220;1,000000000000000000000
28212;9065;1,000000000000000000000
28213;1220;0,500000000000000000000
28213;2275;0,500000000000000000000
28235;5437;1,000000000000000000000
28342;5125;0,166666666666666666666
28342;7906;0,166666666666666666666
28342;22864;0,666666666666666666666
28366;2137;1,000000000000000000000
28397;35;0,476190476190476190476
28397;3169;0,142857142857142857142
28397;4137;0,047619047619047619047
28397;4991;0,047619047619047619047
28397;5007;0,238095238095238095238
28397;6929;0,047619047619047619047
28404;390;0,333333333333333333333
28404;1139;0,166666666666666666666
28404;6430;0,166666666666666666666
28404;10630;0,166666666666666666666
28404;21112;0,166666666666666666666
28405;615;0,600000000000000000000
28405;2139;0,200000000000000000000
28405;2515;0,200000000000000000000
28464;3178;1,000000000000000000000
28484;9288;1,000000000000000000000
28523;3158;1,000000000000000000000
28528;854;0,416666666666666666666
28528;1725;0,166666666666666666666
28528;2326;0,333333333333333333333
28528;2659;0,083333333333333333333
28538;475;0,200000000000000000000
28538;1243;0,200000000000000000000
28538;1459;0,200000000000000000000
28538;8666;0,200000000000000000000
28538;8698;0,200000000000000000000
28550;2792;0,250000000000000000000
28550;3104;0,250000000000000000000
28550;9441;0,500000000000000000000
28557;3441;1,000000000000000000000
28560;2512;1,000000000000000000000
28567;163;1,000000000000000000000
28569;5464;0,500000000000000000000
28569;282900;0,500000000000000000000
28600;1462;0,400000000000000000000
28600;12706;0,600000000000000000000
28602;1891;0,500000000000000000000
28602;4639;0,500000000000000000000
28615;7648;1,000000000000000000000
28629;1083;0,777777777777777777777
28629;5053;0,222222222222222222222
28641;9514;1,000000000000000000000
28657;4001;1,000000000000000000000
28661;5470;1,000000000000000000000
28699;771300;1,000000000000000000000
28715;390;1,000000000000000000000
28738;4829;1,000000000000000000000
28750;12418;1,000000000000000000000
28763;525;0,333333333333333333333
28763;1600;0,333333333333333333333
28763;6581;0,333333333333333333333
28780;302;0,034482758620689655172
28780;605;0,034482758620689655172
28780;731;0,034482758620689655172
28780;1094;0,034482758620689655172
28780;1623;0,034482758620689655172
28780;1923;0,034482758620689655172
28780;2048;0,034482758620689655172
28780;2075;0,068965517241379310344
28780;3161;0,034482758620689655172
28780;3508;0,034482758620689655172
28780;3678;0,034482758620689655172
28780;3815;0,034482758620689655172
28780;4268;0,034482758620689655172
28780;5493;0,034482758620689655172
28780;5528;0,034482758620689655172
28780;6994;0,034482758620689655172
28780;7322;0,034482758620689655172
28780;7480;0,068965517241379310344
28780;7911;0,034482758620689655172
28780;9296;0,068965517241379310344
28780;14683;0,034482758620689655172
28780;15888;0,068965517241379310344
28780;45686;0,034482758620689655172
28780;45724;0,034482758620689655172
28780;173893;0,034482758620689655172
28819;11552;1,000000000000000000000
28822;5101;0,500000000000000000000
28822;17826;0,300000000000000000000
28822;440497;0,200000000000000000000
28826;882;0,062500000000000000000
28826;978;0,031250000000000000000
28826;1637;0,031250000000000000000
28826;1684;0,031250000000000000000
28826;1831;0,062500000000000000000
28826;2080;0,062500000000000000000
28826;2657;0,031250000000000000000
28826;3091;0,062500000000000000000
28826;4476;0,062500000000000000000
28826;5177;0,031250000000000000000
28826;7711;0,062500000000000000000
28826;8516;0,031250000000000000000
28826;10338;0,031250000000000000000
28826;18641;0,031250000000000000000
28826;22298;0,062500000000000000000
28826;28517;0,031250000000000000000
28826;37815;0,062500000000000000000
28826;42210;0,062500000000000000000
28826;50959;0,031250000000000000000
28826;76428;0,062500000000000000000
28826;440497;0,062500000000000000000
28834;689;1,000000000000000000000
28848;26251;1,000000000000000000000
28853;27175;0,333333333333333333333
28853;144425;0,666666666666666666666
28859;24460;1,000000000000000000000
28930;5107;1,000000000000000000000
28970;54;0,005208333333333333333
28970;73;0,010416666666666666666
28970;109;0,010416666666666666666
28970;119;0,010416666666666666666
28970;132;0,010416666666666666666
28970;320;0,010416666666666666666
28970;322;0,010416666666666666666
28970;435;0,010416666666666666666
28970;560;0,010416666666666666666
28970;576;0,010416666666666666666
28970;596;0,010416666666666666666
28970;689;0,005208333333333333333
28970;1068;0,010416666666666666666
28970;1079;0,005208333333333333333
28970;1184;0,010416666666666666666
28970;1255;0,015625000000000000000
28970;1265;0,010416666666666666666
28970;1297;0,010416666666666666666
28970;1319;0,010416666666666666666
28970;1348;0,010416666666666666666
28970;1374;0,010416666666666666666
28970;1457;0,010416666666666666666
28970;1663;0,010416666666666666666
28970;1867;0,010416666666666666666
28970;1891;0,010416666666666666666
28970;2115;0,010416666666666666666
28970;2181;0,010416666666666666666
28970;2182;0,005208333333333333333
28970;2184;0,010416666666666666666
28970;2206;0,010416666666666666666
28970;2310;0,005208333333333333333
28970;2318;0,005208333333333333333
28970;2726;0,005208333333333333333
28970;2792;0,010416666666666666666
28970;2817;0,015625000000000000000
28970;2882;0,010416666666666666666
28970;3104;0,005208333333333333333
28970;3120;0,010416666666666666666
28970;3135;0,010416666666666666666
28970;3372;0,010416666666666666666
28970;3433;0,010416666666666666666
28970;3471;0,010416666666666666666
28970;3499;0,010416666666666666666
28970;3957;0,010416666666666666666
28970;4041;0,010416666666666666666
28970;4150;0,015625000000000000000
28970;4244;0,010416666666666666666
28970;4639;0,005208333333333333333
28970;4744;0,010416666666666666666
28970;4780;0,010416666666666666666
28970;4931;0,010416666666666666666
28970;5180;0,010416666666666666666
28970;5212;0,010416666666666666666
28970;5262;0,005208333333333333333
28970;5415;0,005208333333333333333
28970;5457;0,010416666666666666666
28970;5657;0,010416666666666666666
28970;5789;0,010416666666666666666
28970;5790;0,010416666666666666666
28970;6130;0,010416666666666666666
28970;6567;0,010416666666666666666
28970;6693;0,010416666666666666666
28970;7209;0,010416666666666666666
28970;7418;0,005208333333333333333
28970;7653;0,005208333333333333333
28970;7694;0,015625000000000000000
28970;7716;0,005208333333333333333
28970;7963;0,010416666666666666666
28970;7983;0,010416666666666666666
28970;8081;0,010416666666666666666
28970;8671;0,010416666666666666666
28970;8805;0,010416666666666666666
28970;9226;0,010416666666666666666
28970;9506;0,010416666666666666666
28970;9686;0,005208333333333333333
28970;11867;0,010416666666666666666
28970;12176;0,010416666666666666666
28970;12247;0,010416666666666666666
28970;12466;0,010416666666666666666
28970;12572;0,010416666666666666666
28970;13095;0,010416666666666666666
28970;13476;0,005208333333333333333
28970;13720;0,010416666666666666666
28970;13721;0,010416666666666666666
28970;13797;0,010416666666666666666
28970;13799;0,010416666666666666666
28970;14733;0,010416666666666666666
28970;15895;0,005208333333333333333
28970;18276;0,010416666666666666666
28970;18277;0,010416666666666666666
28970;20853;0,010416666666666666666
28970;21161;0,010416666666666666666
28970;27216;0,005208333333333333333
28970;28119;0,005208333333333333333
28970;28288;0,005208333333333333333
28970;28407;0,010416666666666666666
28970;28435;0,005208333333333333333
28970;28438;0,010416666666666666666
28970;28532;0,010416666666666666666
28970;28584;0,010416666666666666666
28970;28600;0,005208333333333333333
28970;28603;0,010416666666666666666
28970;28605;0,005208333333333333333
28970;28607;0,005208333333333333333
28970;28897;0,005208333333333333333
28970;28969;0,005208333333333333333
28970;28983;0,010416666666666666666
29028;667;0,500000000000000000000
29028;9651;0,500000000000000000000
29067;2276;1,000000000000000000000
29081;2009;0,250000000000000000000
29081;2543;0,250000000000000000000
29081;6723;0,250000000000000000000
29081;651622;0,250000000000000000000
29085;1117;1,000000000000000000000
29376;1162;0,200000000000000000000
29376;2591;0,400000000000000000000
29376;9554;0,400000000000000000000
29667;73134;1,000000000000000000000
30415;2291;0,500000000000000000000
30415;2464;0,500000000000000000000
30696;2704;0,136363636363636363636
30696;2850;0,863636363636363636363
31343;96;0,142857142857142857142
31343;2293;0,071428571428571428571
31343;2461;0,142857142857142857142
31343;4825;0,642857142857142857142
31885;2467;0,200000000000000000000
31885;3176;0,400000000000000000000
31885;184987;0,400000000000000000000
33843;2021;0,666666666666666666666
33843;5530;0,333333333333333333333
36186;490;0,125000000000000000000
36186;689;0,375000000000000000000
36186;1439;0,125000000000000000000
36186;2269;0,125000000000000000000
36186;11552;0,125000000000000000000
36186;27558;0,125000000000000000000
36552;4435;0,800000000000000000000
36552;4998;0,200000000000000000000
37811;30811;1,000000000000000000000
37812;1483;0,100000000000000000000
37812;1991;0,050000000000000000000
37812;3608;0,350000000000000000000
37812;8062;0,083333333333333333333
37812;8928;0,050000000000000000000
37812;9668;0,150000000000000000000
37812;10507;0,016666666666666666666
37812;17516;0,016666666666666666666
37812;37813;0,033333333333333333333
37812;37814;0,133333333333333333333
37812;37815;0,016666666666666666666
37813;434663;1,000000000000000000000
37814;1853;0,250000000000000000000
37814;9356;0,166666666666666666666
37814;9668;0,083333333333333333333
37814;37812;0,500000000000000000000
37815;1831;0,100000000000000000000
37815;3340;0,200000000000000000000
37815;7711;0,100000000000000000000
37815;30811;0,100000000000000000000
37815;38738;0,100000000000000000000
37815;42210;0,100000000000000000000
37815;45724;0,100000000000000000000
37815;173893;0,100000000000000000000
37815;440497;0,100000000000000000000
38589;122;0,004705882352941176470
38589;472;0,016470588235294117647
38589;625;0,444705882352941176470
38589;635;0,023529411764705882352
38589;972;0,007058823529411764705
38589;1154;0,009411764705882352941
38589;1637;0,004705882352941176470
38589;1820;0,002352941176470588235
38589;2230;0,004705882352941176470
38589;2293;0,009411764705882352941
38589;3393;0,014117647058823529411
38589;5383;0,007058823529411764705
38589;6203;0,442352941176470588235
38589;8003;0,009411764705882352941
38738;885;0,166666666666666666666
38738;1439;0,083333333333333333333
38738;1440;0,083333333333333333333
38738;2075;0,250000000000000000000
38738;8003;0,083333333333333333333
38738;11552;0,166666666666666666666
38738;28826;0,083333333333333333333
38738;116409;0,083333333333333333333
40028;777;0,166666666666666666666
40028;3306;0,500000000000000000000
40028;5617;0,333333333333333333333
40961;1162;0,500000000000000000000
40961;1192;0,500000000000000000000
41565;411;0,100000000000000000000
41565;1069;0,200000000000000000000
41565;1137;0,200000000000000000000
41565;1729;0,100000000000000000000
41565;4237;0,100000000000000000000
41565;5042;0,100000000000000000000
41565;6151;0,100000000000000000000
41565;15682;0,100000000000000000000
41776;77;0,005714285714285714285
41776;96;0,028571428571428571428
41776;219;0,005714285714285714285
41776;249;0,005714285714285714285
41776;276;0,028571428571428571428
41776;277;0,022857142857142857142
41776;283;0,005714285714285714285
41776;352;0,005714285714285714285
41776;354;0,040000000000000000000
41776;359;0,022857142857142857142
41776;360;0,022857142857142857142
41776;468;0,011428571428571428571
41776;513;0,051428571428571428571
41776;695;0,034285714285714285714
41776;747;0,005714285714285714285
41776;802;0,011428571428571428571
41776;891;0,011428571428571428571
41776;945;0,022857142857142857142
41776;1122;0,017142857142857142857
41776;1156;0,005714285714285714285
41776;1169;0,017142857142857142857
41776;1340;0,005714285714285714285
41776;1696;0,005714285714285714285
41776;1822;0,005714285714285714285
41776;1879;0,005714285714285714285
41776;1945;0,045714285714285714285
41776;1946;0,051428571428571428571
41776;2184;0,005714285714285714285
41776;2408;0,005714285714285714285
41776;2489;0,005714285714285714285
41776;2523;0,011428571428571428571
41776;2561;0,011428571428571428571
41776;2706;0,005714285714285714285
41776;2744;0,011428571428571428571
41776;3000;0,005714285714285714285
41776;3085;0,034285714285714285714
41776;3095;0,011428571428571428571
41776;3098;0,005714285714285714285
41776;3123;0,005714285714285714285
41776;3219;0,005714285714285714285
41776;3256;0,011428571428571428571
41776;3392;0,005714285714285714285
41776;3523;0,005714285714285714285
41776;3683;0,005714285714285714285
41776;3763;0,011428571428571428571
41776;4179;0,005714285714285714285
41776;4250;0,005714285714285714285
41776;4583;0,005714285714285714285
41776;4586;0,028571428571428571428
41776;4918;0,011428571428571428571
41776;4919;0,005714285714285714285
41776;5149;0,022857142857142857142
41776;5367;0,017142857142857142857
41776;5493;0,005714285714285714285
41776;6347;0,005714285714285714285
41776;7660;0,005714285714285714285
41776;8715;0,005714285714285714285
41776;8756;0,005714285714285714285
41776;9360;0,005714285714285714285
41776;9410;0,017142857142857142857
41776;10103;0,005714285714285714285
41776;13074;0,005714285714285714285
41776;15643;0,051428571428571428571
41776;17207;0,005714285714285714285
41776;17266;0,005714285714285714285
41776;18641;0,017142857142857142857
41776;28838;0,005714285714285714285
41776;59841;0,017142857142857142857
41776;95154;0,005714285714285714285
41776;98841;0,028571428571428571428
41776;131383;0,005714285714285714285
41776;245879;0,011428571428571428571
41776;393418;0,005714285714285714285
41776;434991;0,005714285714285714285
42210;412;0,125000000000000000000
42210;1637;0,125000000000000000000
42210;1684;0,125000000000000000000
42210;6406;0,250000000000000000000
42210;22211;0,125000000000000000000
42210;47352;0,125000000000000000000
42210;50959;0,125000000000000000000
43844;8928;1,000000000000000000000
44336;547;0,047619047619047619047
44336;761;0,047619047619047619047
44336;1521;0,047619047619047619047
44336;1606;0,095238095238095238095
44336;2664;0,095238095238095238095
44336;3158;0,095238095238095238095
44336;3417;0,047619047619047619047
44336;3656;0,047619047619047619047
44336;3671;0,047619047619047619047
44336;5350;0,047619047619047619047
44336;6326;0,047619047619047619047
44336;10390;0,047619047619047619047
44336;11465;0,047619047619047619047
44336;12938;0,047619047619047619047
44336;17208;0,047619047619047619047
44336;366869;0,047619047619047619047
44336;381254;0,047619047619047619047
44336;432293;0,047619047619047619047
45604;10338;1,000000000000000000000
45718;45724;1,000000000000000000000
45837;8870;1,000000000000000000000
47032;4039;0,200000000000000000000
47032;18398;0,600000000000000000000
47032;28859;0,200000000000000000000
47352;689;0,263157894736842105263
47352;1439;0,210526315789473684210
47352;1471;0,210526315789473684210
47352;2712;0,052631578947368421052
47352;2796;0,052631578947368421052
47352;10165;0,105263157894736842105
47352;95154;0,105263157894736842105
48255;66;0,285714285714285714285
48255;3188;0,142857142857142857142
48255;3393;0,285714285714285714285
48255;8480;0,142857142857142857142
48255;15444;0,142857142857142857142
48826;28118;0,125000000000000000000
48826;59745;0,500000000000000000000
48826;184646;0,375000000000000000000
48862;669;1,000000000000000000000
49722;733;1,000000000000000000000
50332;689;0,250000000000000000000
50332;3607;0,500000000000000000000
50332;10165;0,250000000000000000000
50625;77;0,031250000000000000000
50625;521;0,031250000000000000000
50625;528;0,031250000000000000000
50625;529;0,031250000000000000000
50625;1066;0,031250000000000000000
50625;1122;0,031250000000000000000
50625;1150;0,031250000000000000000
50625;1473;0,031250000000000000000
50625;1866;0,031250000000000000000
50625;1971;0,031250000000000000000
50625;2027;0,031250000000000000000
50625;2046;0,031250000000000000000
50625;2054;0,031250000000000000000
50625;2059;0,031250000000000000000
50625;2150;0,031250000000000000000
50625;2492;0,031250000000000000000
50625;3680;0,031250000000000000000
50625;4237;0,031250000000000000000
50625;5487;0,031250000000000000000
50625;5557;0,031250000000000000000
50625;6320;0,031250000000000000000
50625;8156;0,031250000000000000000
50625;8623;0,031250000000000000000
50625;9110;0,031250000000000000000
50625;9390;0,031250000000000000000
50625;9391;0,031250000000000000000
50625;9399;0,031250000000000000000
50625;9400;0,031250000000000000000
50625;9417;0,031250000000000000000
50625;9431;0,031250000000000000000
50625;18251;0,031250000000000000000
50625;25849;0,031250000000000000000
50905;1162;0,250000000000000000000
50905;1439;0,750000000000000000000
50959;282;0,038461538461538461538
50959;475;0,038461538461538461538
50959;748;0,038461538461538461538
50959;1864;0,038461538461538461538
50959;3436;0,038461538461538461538
50959;5654;0,038461538461538461538
50959;7560;0,038461538461538461538
50959;7711;0,038461538461538461538
50959;8516;0,038461538461538461538
50959;9356;0,153846153846153846153
50959;18641;0,038461538461538461538
50959;28826;0,115384615384615384615
50959;37815;0,038461538461538461538
50959;38738;0,038461538461538461538
50959;42210;0,038461538461538461538
50959;47352;0,038461538461538461538
50959;50332;0,038461538461538461538
50959;50905;0,038461538461538461538
50959;173893;0,038461538461538461538
50959;282773;0,038461538461538461538
50959;366347;0,038461538461538461538
53012;1263;0,666666666666666666666
53012;28245;0,333333333333333333333
53224;1162;0,333333333333333333333
53224;4861;0,333333333333333333333
53224;9230;0,333333333333333333333
54440;54;0,214285714285714285714
54440;1891;0,285714285714285714285
54440;2007;0,071428571428571428571
54440;2792;0,357142857142857142857
54440;4041;0,071428571428571428571
54879;349;0,076923076923076923076
54879;351;0,076923076923076923076
54879;689;0,076923076923076923076
54879;1340;0,076923076923076923076
54879;3223;0,076923076923076923076
54879;10602;0,153846153846153846153
54879;59745;0,076923076923076923076
54879;276780;0,384615384615384615384
55134;1024;0,500000000000000000000
55134;5647;0,500000000000000000000
56195;2216;1,000000000000000000000
56282;2588;0,333333333333333333333
56282;3842;0,333333333333333333333
56282;12441;0,333333333333333333333
57838;90;0,034482758620689655172
57838;826;0,137931034482758620689
57838;911;0,068965517241379310344
57838;1475;0,137931034482758620689
57838;3142;0,034482758620689655172
57838;5691;0,034482758620689655172
57838;6189;0,034482758620689655172
57838;6503;0,068965517241379310344
57838;8090;0,034482758620689655172
57838;9382;0,034482758620689655172
57838;10649;0,103448275862068965517
57838;259831;0,206896551724137931034
57838;352420;0,068965517241379310344
59745;43;0,050279329608938547486
59745;71;0,011173184357541899441
59745;115;0,011173184357541899441
59745;138;0,055865921787709497206
59745;172;0,011173184357541899441
59745;194;0,005586592178770949720
59745;283;0,005586592178770949720
59745;291;0,016759776536312849162
59745;420;0,005586592178770949720
59745;454;0,005586592178770949720
59745;628;0,016759776536312849162
59745;777;0,011173184357541899441
59745;851;0,005586592178770949720
59745;865;0,005586592178770949720
59745;943;0,005586592178770949720
59745;1065;0,005586592178770949720
59745;1169;0,128491620111731843575
59745;1196;0,005586592178770949720
59745;1489;0,016759776536312849162
59745;1763;0,005586592178770949720
59745;1925;0,005586592178770949720
59745;1939;0,011173184357541899441
59745;1944;0,005586592178770949720
59745;2498;0,005586592178770949720
59745;2657;0,011173184357541899441
59745;2731;0,011173184357541899441
59745;2863;0,005586592178770949720
59745;3219;0,005586592178770949720
59745;3523;0,072625698324022346368
59745;3802;0,022346368715083798882
59745;3996;0,011173184357541899441
59745;4078;0,005586592178770949720
59745;4205;0,005586592178770949720
59745;4512;0,005586592178770949720
59745;5610;0,005586592178770949720
59745;5640;0,005586592178770949720
59745;18641;0,022346368715083798882
59745;20843;0,011173184357541899441
59745;41776;0,011173184357541899441
59745;48826;0,011173184357541899441
59745;54879;0,005586592178770949720
59745;59841;0,134078212290502793296
59745;78108;0,050279329608938547486
59745;98841;0,005586592178770949720
59745;366089;0,072625698324022346368
59745;374246;0,011173184357541899441
59745;408414;0,055865921787709497206
59745;499117;0,011173184357541899441
59745;906176;0,016759776536312849162
59841;71;0,020833333333333333333
59841;194;0,010416666666666666666
59841;283;0,020833333333333333333
59841;296;0,010416666666666666666
59841;602;0,015625000000000000000
59841;695;0,026041666666666666666
59841;749;0,005208333333333333333
59841;826;0,005208333333333333333
59841;845;0,010416666666666666666
59841;846;0,177083333333333333333
59841;943;0,005208333333333333333
59841;1065;0,005208333333333333333
59841;1098;0,015625000000000000000
59841;1169;0,046875000000000000000
59841;2435;0,005208333333333333333
59841;2512;0,010416666666666666666
59841;2697;0,010416666666666666666
59841;2731;0,208333333333333333333
59841;2744;0,015625000000000000000
59841;2863;0,010416666666666666666
59841;3123;0,010416666666666666666
59841;3256;0,010416666666666666666
59841;3427;0,015625000000000000000
59841;3683;0,010416666666666666666
59841;4148;0,010416666666666666666
59841;4831;0,010416666666666666666
59841;5149;0,010416666666666666666
59841;5638;0,010416666666666666666
59841;7660;0,005208333333333333333
59841;8715;0,010416666666666666666
59841;12959;0,010416666666666666666
59841;18641;0,010416666666666666666
59841;41776;0,015625000000000000000
59841;59745;0,098958333333333333333
59841;192866;0,093750000000000000000
59841;311584;0,010416666666666666666
59841;366089;0,010416666666666666666
59841;408414;0,005208333333333333333
59841;499117;0,005208333333333333333
59867;490;0,125000000000000000000
59867;899;0,625000000000000000000
59867;1432;0,125000000000000000000
59867;4274;0,125000000000000000000
63869;4004;1,000000000000000000000
63981;2561;0,333333333333333333333
63981;184646;0,666666666666666666666
65998;778;0,016129032258064516129
65998;1606;0,016129032258064516129
65998;2175;0,129032258064516129032
65998;4145;0,564516129032258064516
65998;7095;0,032258064516129032258
65998;66075;0,225806451612903225806
65998;715172;0,016129032258064516129
66075;80;0,114285714285714285714
66075;2175;0,057142857142857142857
66075;3408;0,057142857142857142857
66075;4145;0,485714285714285714285
66075;65998;0,228571428571428571428
66075;715172;0,057142857142857142857
67275;5628;1,000000000000000000000
67709;249;0,250000000000000000000
67709;1321;0,250000000000000000000
67709;1563;0,250000000000000000000
67709;131383;0,250000000000000000000
71411;213;0,173913043478260869565
71411;747;0,130434782608695652173
71411;748;0,173913043478260869565
71411;995;0,086956521739130434782
71411;75827;0,173913043478260869565
71411;76428;0,173913043478260869565
71411;81648;0,086956521739130434782
73134;29667;1,000000000000000000000
75230;1545;0,090909090909090909090
75230;1710;0,090909090909090909090
75230;1967;0,181818181818181818181
75230;2510;0,181818181818181818181
75230;4938;0,090909090909090909090
75230;6723;0,363636363636363636363
75555;9968;1,000000000000000000000
75827;213;0,018867924528301886792
75827;747;0,113207547169811320754
75827;748;0,226415094339622641509
75827;3420;0,056603773584905660377
75827;3607;0,056603773584905660377
75827;28517;0,018867924528301886792
75827;71411;0,113207547169811320754
75827;75828;0,075471698113207547169
75827;76428;0,226415094339622641509
75827;81648;0,056603773584905660377
75827;325599;0,018867924528301886792
75827;325646;0,018867924528301886792
75828;213;0,250000000000000000000
75828;748;0,166666666666666666666
75828;1976;0,166666666666666666666
75828;5523;0,083333333333333333333
75828;71411;0,166666666666666666666
75828;75827;0,083333333333333333333
75828;99942;0,083333333333333333333
76428;747;0,157894736842105263157
76428;748;0,210526315789473684210
76428;1439;0,052631578947368421052
76428;1440;0,052631578947368421052
76428;2080;0,052631578947368421052
76428;6201;0,157894736842105263157
76428;8516;0,052631578947368421052
76428;75827;0,052631578947368421052
76428;81648;0,157894736842105263157
76428;403195;0,052631578947368421052
77678;1016;0,833333333333333333333
77678;27763;0,166666666666666666666
78108;662;0,138461538461538461538
78108;1897;0,030769230769230769230
78108;3523;0,169230769230769230769
78108;59745;0,138461538461538461538
78108;98841;0,030769230769230769230
78108;366089;0,030769230769230769230
78108;408414;0,230769230769230769230
78108;906176;0,030769230769230769230
78108;940328;0,200000000000000000000
81163;81648;0,500000000000000000000
81163;353914;0,500000000000000000000
81648;747;0,166666666666666666666
81648;71411;0,333333333333333333333
81648;75827;0,166666666666666666666
81648;81163;0,166666666666666666666
81648;99942;0,166666666666666666666
83103;2563;0,333333333333333333333
83103;2798;0,333333333333333333333
83103;283638;0,333333333333333333333
89703;4942;0,333333333333333333333
89703;18398;0,666666666666666666666
91818;427048;0,166666666666666666666
91818;442813;0,333333333333333333333
91818;442814;0,333333333333333333333
91818;471750;0,166666666666666666666
93146;890;0,363636363636363636363
93146;925;0,090909090909090909090
93146;4501;0,545454545454545454545
94073;115;0,200000000000000000000
94073;1162;0,200000000000000000000
94073;1864;0,200000000000000000000
94073;5329;0,400000000000000000000
95084;418;0,142857142857142857142
95084;865;0,142857142857142857142
95084;8109;0,285714285714285714285
95084;136664;0,142857142857142857142
95084;587053;0,142857142857142857142
95084;587057;0,142857142857142857142
95154;1471;0,083333333333333333333
95154;15471;0,750000000000000000000
95154;47352;0,166666666666666666666
98068;833;0,076923076923076923076
98068;1058;0,153846153846153846153
98068;1512;0,076923076923076923076
98068;2204;0,076923076923076923076
98068;3188;0,153846153846153846153
98068;10682;0,076923076923076923076
98068;48255;0,076923076923076923076
98068;608895;0,153846153846153846153
98068;747808;0,153846153846153846153
98841;96;0,037037037037037037037
98841;249;0,037037037037037037037
98841;352;0,037037037037037037037
98841;354;0,037037037037037037037
98841;520;0,037037037037037037037
98841;528;0,037037037037037037037
98841;529;0,037037037037037037037
98841;662;0,037037037037037037037
98841;1118;0,037037037037037037037
98841;1122;0,074074074074074074074
98841;1196;0,037037037037037037037
98841;1340;0,074074074074074074074
98841;1942;0,037037037037037037037
98841;2184;0,037037037037037037037
98841;3523;0,148148148148148148148
98841;4530;0,037037037037037037037
98841;7660;0,037037037037037037037
98841;41776;0,074074074074074074074
98841;59745;0,074074074074074074074
98841;906176;0,037037037037037037037
99942;747;0,272727272727272727272
99942;1162;0,090909090909090909090
99942;1853;0,181818181818181818181
99942;5523;0,181818181818181818181
99942;75828;0,181818181818181818181
99942;81648;0,090909090909090909090
105800;5083;1,000000000000000000000
112062;240;0,125000000000000000000
112062;452;0,125000000000000000000
112062;475;0,250000000000000000000
112062;826;0,125000000000000000000
112062;6189;0,375000000000000000000
112314;657;0,375000000000000000000
112314;3105;0,500000000000000000000
112314;494193;0,125000000000000000000
113365;2421;1,000000000000000000000
113392;131;0,039215686274509803921
113392;148;0,058823529411764705882
113392;291;0,117647058823529411764
113392;660;0,039215686274509803921
113392;846;0,078431372549019607843
113392;1951;0,019607843137254901960
113392;2371;0,294117647058823529411
113392;2372;0,019607843137254901960
113392;3212;0,019607843137254901960
113392;3245;0,078431372549019607843
113392;4629;0,039215686274509803921
113392;8306;0,019607843137254901960
113392;393418;0,156862745098039215686
113392;604246;0,019607843137254901960
113459;266;0,030303030303030303030
113459;362;0,030303030303030303030
113459;407;0,030303030303030303030
113459;520;0,060606060606060606060
113459;573;0,030303030303030303030
113459;859;0,030303030303030303030
113459;975;0,060606060606060606060
113459;1016;0,030303030303030303030
113459;1313;0,030303030303030303030
113459;1314;0,030303030303030303030
113459;1673;0,030303030303030303030
113459;1713;0,030303030303030303030
113459;2306;0,030303030303030303030
113459;2429;0,030303030303030303030
113459;2499;0,030303030303030303030
113459;2815;0,030303030303030303030
113459;3033;0,030303030303030303030
113459;3393;0,030303030303030303030
113459;3610;0,030303030303030303030
113459;3779;0,030303030303030303030
113459;3905;0,030303030303030303030
113459;4991;0,030303030303030303030
113459;4997;0,030303030303030303030
113459;5012;0,030303030303030303030
113459;5597;0,030303030303030303030
113459;6856;0,030303030303030303030
113459;7748;0,030303030303030303030
113459;8468;0,030303030303030303030
113459;9721;0,030303030303030303030
113459;14050;0,030303030303030303030
113459;24099;0,030303030303030303030
114536;174;0,048780487804878048780
114536;277;0,024390243902439024390
114536;313;0,024390243902439024390
114536;437;0,097560975609756097560
114536;934;0,024390243902439024390
114536;1014;0,048780487804878048780
114536;1169;0,024390243902439024390
114536;1171;0,048780487804878048780
114536;1563;0,073170731707317073170
114536;1564;0,024390243902439024390
114536;1681;0,073170731707317073170
114536;1688;0,024390243902439024390
114536;1694;0,048780487804878048780
114536;1702;0,024390243902439024390
114536;1706;0,048780487804878048780
114536;2455;0,024390243902439024390
114536;2826;0,024390243902439024390
114536;3049;0,024390243902439024390
114536;3427;0,097560975609756097560
114536;5638;0,048780487804878048780
114536;8213;0,073170731707317073170
114536;28777;0,024390243902439024390
114536;28838;0,024390243902439024390
116140;441;0,102803738317757009345
116140;517;0,140186915887850467289
116140;854;0,018691588785046728971
116140;1117;0,168224299065420560747
116140;1840;0,009345794392523364485
116140;2277;0,009345794392523364485
116140;3395;0,102803738317757009345
116140;5679;0,084112149532710280373
116140;8253;0,177570093457943925233
116140;474028;0,112149532710280373831
116140;704910;0,074766355140186915887
116409;11552;0,500000000000000000000
116409;38738;0,500000000000000000000
119483;899;0,250000000000000000000
119483;2374;0,250000000000000000000
119483;135123;0,250000000000000000000
119483;671388;0,250000000000000000000
119973;80;0,005376344086021505376
119973;83;0,010752688172043010752
119973;108;0,005376344086021505376
119973;219;0,016129032258064516129
119973;292;0,005376344086021505376
119973;351;0,005376344086021505376
119973;502;0,010752688172043010752
119973;504;0,005376344086021505376
119973;519;0,005376344086021505376
119973;538;0,026881720430107526881
119973;638;0,026881720430107526881
119973;778;0,021505376344086021505
119973;904;0,016129032258064516129
119973;918;0,010752688172043010752
119973;1135;0,005376344086021505376
119973;1140;0,010752688172043010752
119973;1315;0,032258064516129032258
119973;1340;0,005376344086021505376
119973;1833;0,010752688172043010752
119973;1894;0,010752688172043010752
119973;2004;0,005376344086021505376
119973;2467;0,016129032258064516129
119973;2493;0,005376344086021505376
119973;2569;0,016129032258064516129
119973;2594;0,010752688172043010752
119973;2664;0,010752688172043010752
119973;2877;0,005376344086021505376
119973;2921;0,005376344086021505376
119973;2993;0,080645161290322580645
119973;3178;0,021505376344086021505
119973;3317;0,005376344086021505376
119973;3408;0,032258064516129032258
119973;3443;0,005376344086021505376
119973;3465;0,005376344086021505376
119973;3515;0,026881720430107526881
119973;3667;0,005376344086021505376
119973;3671;0,010752688172043010752
119973;3825;0,010752688172043010752
119973;3986;0,005376344086021505376
119973;4145;0,021505376344086021505
119973;4278;0,005376344086021505376
119973;4786;0,010752688172043010752
119973;5591;0,005376344086021505376
119973;6930;0,010752688172043010752
119973;7030;0,005376344086021505376
119973;7095;0,032258064516129032258
119973;7975;0,005376344086021505376
119973;8223;0,010752688172043010752
119973;8396;0,005376344086021505376
119973;9288;0,005376344086021505376
119973;10604;0,005376344086021505376
119973;12333;0,005376344086021505376
119973;12563;0,102150537634408602150
119973;17207;0,005376344086021505376
119973;17208;0,010752688172043010752
119973;17270;0,005376344086021505376
119973;17272;0,005376344086021505376
119973;17280;0,005376344086021505376
119973;17281;0,005376344086021505376
119973;17611;0,053763440860215053763
119973;27672;0,005376344086021505376
119973;28460;0,005376344086021505376
119973;28465;0,005376344086021505376
119973;28475;0,005376344086021505376
119973;28484;0,005376344086021505376
119973;54879;0,010752688172043010752
119973;184987;0,010752688172043010752
119973;189452;0,005376344086021505376
119973;283281;0,005376344086021505376
119973;321395;0,005376344086021505376
119973;327099;0,005376344086021505376
119973;373924;0,005376344086021505376
119973;458190;0,010752688172043010752
119973;687941;0,053763440860215053763
119973;792462;0,005376344086021505376
122436;104;0,100000000000000000000
122436;4772;0,300000000000000000000
122436;728154;0,600000000000000000000
125861;1117;0,166666666666666666666
125861;2364;0,166666666666666666666
125861;2972;0,166666666666666666666
125861;431565;0,500000000000000000000
131383;72;0,018181818181818181818
131383;240;0,018181818181818181818
131383;277;0,054545454545454545454
131383;352;0,109090909090909090909
131383;360;0,036363636363636363636
131383;420;0,036363636363636363636
131383;423;0,018181818181818181818
131383;845;0,072727272727272727272
131383;982;0,054545454545454545454
131383;1041;0,036363636363636363636
131383;1042;0,018181818181818181818
131383;1724;0,036363636363636363636
131383;1942;0,036363636363636363636
131383;1945;0,036363636363636363636
131383;4219;0,018181818181818181818
131383;4530;0,109090909090909090909
131383;5638;0,018181818181818181818
131383;7713;0,018181818181818181818
131383;18641;0,109090909090909090909
131383;41776;0,018181818181818181818
131383;59745;0,018181818181818181818
131383;189452;0,018181818181818181818
131383;219164;0,018181818181818181818
131383;245879;0,036363636363636363636
131383;398787;0,018181818181818181818
131383;623129;0,018181818181818181818
133828;138;1,000000000000000000000
135123;2678;0,500000000000000000000
135123;119483;0,500000000000000000000
135596;22;0,125000000000000000000
135596;2223;0,375000000000000000000
135596;4625;0,125000000000000000000
135596;11213;0,375000000000000000000
136265;275;0,250000000000000000000
136265;1429;0,500000000000000000000
136265;366347;0,250000000000000000000
136664;380;0,048387096774193548387
136664;1025;0,016129032258064516129
136664;1692;0,645161290322580645161
136664;1699;0,016129032258064516129
136664;5148;0,016129032258064516129
136664;5441;0,016129032258064516129
136664;7577;0,145161290322580645161
136664;9693;0,048387096774193548387
136664;21396;0,032258064516129032258
136664;95084;0,016129032258064516129
137801;5824;1,000000000000000000000
139869;689;0,500000000000000000000
139869;3457;0,125000000000000000000
139869;17267;0,125000000000000000000
139869;95084;0,250000000000000000000
140014;2607;0,333333333333333333333
140014;17572;0,666666666666666666666
140175;1988;0,500000000000000000000
140175;6113;0,500000000000000000000
140271;57;0,052631578947368421052
140271;644;0,105263157894736842105
140271;835;0,052631578947368421052
140271;1152;0,052631578947368421052
140271;2803;0,052631578947368421052
140271;3098;0,105263157894736842105
140271;3123;0,105263157894736842105
140271;4695;0,105263157894736842105
140271;6505;0,052631578947368421052
140271;6517;0,315789473684210526315
144425;1364;0,062500000000000000000
144425;2133;0,062500000000000000000
144425;2847;0,093750000000000000000
144425;3219;0,062500000000000000000
144425;3246;0,062500000000000000000
144425;4098;0,250000000000000000000
144425;5042;0,093750000000000000000
144425;5484;0,062500000000000000000
144425;8818;0,031250000000000000000
144425;28853;0,125000000000000000000
144425;278351;0,031250000000000000000
144425;283638;0,031250000000000000000
144425;353914;0,031250000000000000000
145389;2275;1,000000000000000000000
146462;283;0,050000000000000000000
146462;860;0,050000000000000000000
146462;1364;0,050000000000000000000
146462;1583;0,050000000000000000000
146462;1988;0,450000000000000000000
146462;3601;0,050000000000000000000
146462;4881;0,200000000000000000000
146462;5628;0,050000000000000000000
146462;11680;0,050000000000000000000
151009;90;0,416666666666666666666
151009;2998;0,083333333333333333333
151009;4720;0,166666666666666666666
151009;8090;0,083333333333333333333
151009;9382;0,166666666666666666666
151009;57838;0,083333333333333333333
152027;3007;1,000000000000000000000
152076;283636;1,000000000000000000000
157551;1434;1,000000000000000000000
157662;40;0,111111111111111111111
157662;748;0,111111111111111111111
157662;1162;0,222222222222222222222
157662;1637;0,111111111111111111111
157662;2834;0,111111111111111111111
157662;3481;0,111111111111111111111
157662;408414;0,111111111111111111111
157662;883847;0,111111111111111111111
157749;667;1,000000000000000000000
159132;4765;1,000000000000000000000
160268;520;0,055555555555555555555
160268;852;0,055555555555555555555
160268;1182;0,666666666666666666666
160268;1514;0,055555555555555555555
160268;2306;0,055555555555555555555
160268;4225;0,111111111111111111111
163510;283;0,125000000000000000000
163510;846;0,500000000000000000000
163510;2834;0,125000000000000000000
163510;245879;0,250000000000000000000
173893;275;0,055555555555555555555
173893;282;0,111111111111111111111
173893;477;0,055555555555555555555
173893;731;0,111111111111111111111
173893;3161;0,055555555555555555555
173893;4039;0,388888888888888888888
173893;5138;0,055555555555555555555
173893;30063;0,055555555555555555555
173893;282773;0,111111111111111111111
179346;657;0,800000000000000000000
179346;2817;0,200000000000000000000
184646;423;0,666666666666666666666
184646;48826;0,333333333333333333333
184987;898;0,176470588235294117647
184987;2467;0,382352941176470588235
184987;3176;0,147058823529411764705
184987;3962;0,029411764705882352941
184987;3986;0,029411764705882352941
184987;16845;0,029411764705882352941
184987;17278;0,088235294117647058823
184987;119973;0,117647058823529411764
189452;174;0,025641025641025641025
189452;277;0,025641025641025641025
189452;283;0,025641025641025641025
189452;296;0,076923076923076923076
189452;622;0,025641025641025641025
189452;695;0,025641025641025641025
189452;1171;0,025641025641025641025
189452;2435;0,051282051282051282051
189452;2697;0,025641025641025641025
189452;2744;0,025641025641025641025
189452;2863;0,025641025641025641025
189452;2991;0,179487179487179487179
189452;3123;0,025641025641025641025
189452;3256;0,025641025641025641025
189452;3427;0,025641025641025641025
189452;3683;0,025641025641025641025
189452;4376;0,051282051282051282051
189452;5149;0,025641025641025641025
189452;5638;0,025641025641025641025
189452;7713;0,051282051282051282051
189452;7975;0,025641025641025641025
189452;8715;0,025641025641025641025
189452;9898;0,025641025641025641025
189452;12563;0,025641025641025641025
189452;119973;0,025641025641025641025
189452;131383;0,025641025641025641025
189452;190971;0,025641025641025641025
189452;906176;0,025641025641025641025
190971;189452;1,000000000000000000000
191488;1175;0,060000000000000000000
191488;2277;0,060000000000000000000
191488;5354;0,060000000000000000000
191488;5511;0,060000000000000000000
191488;8056;0,060000000000000000000
191488;9350;0,060000000000000000000
191488;9898;0,040000000000000000000
191488;10941;0,040000000000000000000
191488;14072;0,040000000000000000000
191488;16880;0,020000000000000000000
191488;27929;0,040000000000000000000
191488;27949;0,040000000000000000000
191488;27953;0,040000000000000000000
191488;27968;0,040000000000000000000
191488;27973;0,040000000000000000000
191488;28017;0,040000000000000000000
191488;28019;0,040000000000000000000
191488;28022;0,040000000000000000000
191488;28023;0,040000000000000000000
191488;28030;0,040000000000000000000
191488;28032;0,040000000000000000000
191488;89703;0,020000000000000000000
191488;714174;0,040000000000000000000
192866;71;0,036363636363636363636
192866;420;0,018181818181818181818
192866;845;0,181818181818181818181
192866;846;0,363636363636363636363
192866;1263;0,090909090909090909090
192866;1437;0,109090909090909090909
192866;2731;0,054545454545454545454
192866;59841;0,109090909090909090909
192866;623129;0,036363636363636363636
193005;845;0,076923076923076923076
193005;846;0,307692307692307692307
193005;982;0,269230769230769230769
193005;1041;0,115384615384615384615
193005;1437;0,076923076923076923076
193005;192866;0,076923076923076923076
193005;336640;0,038461538461538461538
193005;623129;0,038461538461538461538
216172;285;0,333333333333333333333
216172;1547;0,666666666666666666666
219255;2007;0,500000000000000000000
219255;6581;0,500000000000000000000
229072;1988;0,250000000000000000000
229072;4881;0,500000000000000000000
229072;5628;0,125000000000000000000
229072;9805;0,125000000000000000000
233872;4102;1,000000000000000000000
237945;2479;0,750000000000000000000
237945;6503;0,250000000000000000000
238453;796;0,090909090909090909090
238453;3082;0,090909090909090909090
238453;19199;0,045454545454545454545
238453;239963;0,545454545454545454545
238453;239965;0,090909090909090909090
238453;239969;0,045454545454545454545
238453;366672;0,090909090909090909090
239964;85;0,046511627906976744186
239964;178;0,046511627906976744186
239964;1655;0,069767441860465116279
239964;1673;0,093023255813953488372
239964;1713;0,255813953488372093023
239964;2464;0,116279069767441860465
239964;2512;0,093023255813953488372
239964;3180;0,069767441860465116279
239964;4148;0,069767441860465116279
239964;8106;0,046511627906976744186
239964;12938;0,069767441860465116279
239964;28464;0,023255813953488372093
239965;796;0,050000000000000000000
239965;2064;0,050000000000000000000
239965;2156;0,050000000000000000000
239965;2512;0,025000000000000000000
239965;2731;0,025000000000000000000
239965;3082;0,025000000000000000000
239965;6027;0,050000000000000000000
239965;10633;0,050000000000000000000
239965;19199;0,050000000000000000000
239965;20666;0,050000000000000000000
239965;27286;0,050000000000000000000
239965;29796;0,050000000000000000000
239965;238453;0,100000000000000000000
239965;239963;0,025000000000000000000
239965;239969;0,025000000000000000000
239965;248831;0,050000000000000000000
239965;255740;0,050000000000000000000
239965;283638;0,050000000000000000000
239965;331627;0,050000000000000000000
239965;365534;0,050000000000000000000
239965;365536;0,025000000000000000000
239965;388810;0,050000000000000000000
239966;3557;1,000000000000000000000
239969;2458;0,030303030303030303030
239969;4293;0,030303030303030303030
239969;5869;0,030303030303030303030
239969;239963;0,848484848484848484848
239969;239965;0,030303030303030303030
239969;366672;0,030303030303030303030
245879;54;0,019480519480519480519
245879;96;0,038961038961038961038
245879;249;0,025974025974025974025
245879;277;0,006493506493506493506
245879;468;0,019480519480519480519
245879;645;0,019480519480519480519
245879;689;0,019480519480519480519
245879;777;0,012987012987012987012
245879;839;0,019480519480519480519
245879;861;0,019480519480519480519
245879;869;0,019480519480519480519
245879;891;0,019480519480519480519
245879;937;0,025974025974025974025
245879;1042;0,006493506493506493506
245879;1065;0,019480519480519480519
245879;1104;0,019480519480519480519
245879;1122;0,019480519480519480519
245879;1141;0,012987012987012987012
245879;1142;0,019480519480519480519
245879;1154;0,025974025974025974025
245879;1316;0,019480519480519480519
245879;1342;0,012987012987012987012
245879;1515;0,006493506493506493506
245879;1591;0,006493506493506493506
245879;1608;0,019480519480519480519
245879;1724;0,012987012987012987012
245879;1779;0,006493506493506493506
245879;1898;0,032467532467532467532
245879;2139;0,038961038961038961038
245879;2293;0,032467532467532467532
245879;2510;0,006493506493506493506
245879;2561;0,019480519480519480519
245879;2713;0,006493506493506493506
245879;2991;0,019480519480519480519
245879;3045;0,032467532467532467532
245879;3095;0,012987012987012987012
245879;3100;0,019480519480519480519
245879;3234;0,006493506493506493506
245879;3446;0,019480519480519480519
245879;4004;0,019480519480519480519
245879;4020;0,019480519480519480519
245879;4080;0,006493506493506493506
245879;4313;0,025974025974025974025
245879;4747;0,012987012987012987012
245879;5223;0,006493506493506493506
245879;5628;0,012987012987012987012
245879;7111;0,012987012987012987012
245879;7660;0,006493506493506493506
245879;7711;0,019480519480519480519
245879;8985;0,019480519480519480519
245879;9686;0,006493506493506493506
245879;12432;0,012987012987012987012
245879;13622;0,019480519480519480519
245879;21490;0,019480519480519480519
245879;41776;0,019480519480519480519
245879;329272;0,038961038961038961038
247698;113;0,500000000000000000000
247698;12964;0,250000000000000000000
247698;284853;0,250000000000000000000
248141;529797;1,000000000000000000000
248334;35;0,005905511811023622047
248334;240;0,005905511811023622047
248334;362;0,005905511811023622047
248334;385;0,005905511811023622047
248334;475;0,005905511811023622047
248334;479;0,005905511811023622047
248334;520;0,005905511811023622047
248334;525;0,005905511811023622047
248334;706;0,005905511811023622047
248334;758;0,005905511811023622047
248334;761;0,005905511811023622047
248334;793;0,005905511811023622047
248334;833;0,005905511811023622047
248334;975;0,005905511811023622047
248334;1058;0,005905511811023622047
248334;1098;0,005905511811023622047
248334;1107;0,005905511811023622047
248334;1171;0,005905511811023622047
248334;1182;0,005905511811023622047
248334;1290;0,005905511811023622047
248334;1313;0,005905511811023622047
248334;1314;0,005905511811023622047
248334;1347;0,005905511811023622047
248334;1512;0,005905511811023622047
248334;1514;0,005905511811023622047
248334;1527;0,005905511811023622047
248334;1554;0,005905511811023622047
248334;1650;0,005905511811023622047
248334;1748;0,005905511811023622047
248334;1778;0,005905511811023622047
248334;1845;0,005905511811023622047
248334;1938;0,005905511811023622047
248334;2204;0,005905511811023622047
248334;2306;0,005905511811023622047
248334;2374;0,005905511811023622047
248334;2490;0,005905511811023622047
248334;2491;0,005905511811023622047
248334;2648;0,005905511811023622047
248334;2652;0,005905511811023622047
248334;2815;0,005905511811023622047
248334;3038;0,005905511811023622047
248334;3097;0,005905511811023622047
248334;3108;0,005905511811023622047
248334;3169;0,005905511811023622047
248334;3188;0,005905511811023622047
248334;3207;0,003937007874015748031
248334;3209;0,005905511811023622047
248334;3374;0,005905511811023622047
248334;3563;0,005905511811023622047
248334;3579;0,005905511811023622047
248334;3585;0,005905511811023622047
248334;3586;0,005905511811023622047
248334;3587;0,005905511811023622047
248334;3588;0,005905511811023622047
248334;3590;0,005905511811023622047
248334;3665;0,005905511811023622047
248334;3708;0,005905511811023622047
248334;3738;0,005905511811023622047
248334;3741;0,005905511811023622047
248334;3827;0,005905511811023622047
248334;4108;0,005905511811023622047
248334;4137;0,005905511811023622047
248334;4219;0,005905511811023622047
248334;4222;0,005905511811023622047
248334;4225;0,005905511811023622047
248334;4228;0,005905511811023622047
248334;4242;0,005905511811023622047
248334;4379;0,005905511811023622047
248334;4497;0,005905511811023622047
248334;4603;0,005905511811023622047
248334;4622;0,005905511811023622047
248334;4706;0,005905511811023622047
248334;4835;0,005905511811023622047
248334;4991;0,005905511811023622047
248334;4999;0,005905511811023622047
248334;5001;0,005905511811023622047
248334;5002;0,005905511811023622047
248334;5003;0,005905511811023622047
248334;5005;0,005905511811023622047
248334;5007;0,005905511811023622047
248334;5011;0,005905511811023622047
248334;5012;0,005905511811023622047
248334;5013;0,005905511811023622047
248334;5015;0,005905511811023622047
248334;5019;0,005905511811023622047
248334;5484;0,005905511811023622047
248334;5886;0,005905511811023622047
248334;5935;0,005905511811023622047
248334;5991;0,005905511811023622047
248334;6006;0,005905511811023622047
248334;6048;0,005905511811023622047
248334;6169;0,005905511811023622047
248334;6532;0,005905511811023622047
248334;6883;0,005905511811023622047
248334;6929;0,005905511811023622047
248334;7532;0,005905511811023622047
248334;7574;0,005905511811023622047
248334;7578;0,005905511811023622047
248334;7626;0,005905511811023622047
248334;7699;0,005905511811023622047
248334;7739;0,005905511811023622047
248334;8000;0,005905511811023622047
248334;8022;0,005905511811023622047
248334;8172;0,005905511811023622047
248334;8366;0,005905511811023622047
248334;8434;0,005905511811023622047
248334;8435;0,005905511811023622047
248334;8436;0,005905511811023622047
248334;8437;0,005905511811023622047
248334;8438;0,005905511811023622047
248334;8439;0,005905511811023622047
248334;8440;0,005905511811023622047
248334;8441;0,005905511811023622047
248334;8442;0,005905511811023622047
248334;8443;0,005905511811023622047
248334;8445;0,005905511811023622047
248334;8446;0,005905511811023622047
248334;8447;0,005905511811023622047
248334;8448;0,005905511811023622047
248334;8449;0,005905511811023622047
248334;8450;0,005905511811023622047
248334;8453;0,003937007874015748031
248334;8454;0,005905511811023622047
248334;8455;0,005905511811023622047
248334;8456;0,005905511811023622047
248334;8457;0,005905511811023622047
248334;8458;0,005905511811023622047
248334;8459;0,005905511811023622047
248334;8460;0,005905511811023622047
248334;8461;0,005905511811023622047
248334;8462;0,005905511811023622047
248334;8463;0,005905511811023622047
248334;8464;0,005905511811023622047
248334;8465;0,005905511811023622047
248334;8466;0,005905511811023622047
248334;8467;0,005905511811023622047
248334;8468;0,005905511811023622047
248334;8469;0,005905511811023622047
248334;8470;0,005905511811023622047
248334;8471;0,005905511811023622047
248334;8472;0,005905511811023622047
248334;8473;0,005905511811023622047
248334;8475;0,005905511811023622047
248334;8476;0,005905511811023622047
248334;8477;0,005905511811023622047
248334;8478;0,005905511811023622047
248334;8479;0,005905511811023622047
248334;8483;0,005905511811023622047
248334;8484;0,005905511811023622047
248334;52385;0,005905511811023622047
248334;54774;0,005905511811023622047
248334;248828;0,005905511811023622047
248334;248830;0,005905511811023622047
248334;248831;0,005905511811023622047
248334;248832;0,005905511811023622047
248334;248833;0,005905511811023622047
248334;248834;0,005905511811023622047
248334;248835;0,005905511811023622047
248334;248836;0,005905511811023622047
248334;248837;0,005905511811023622047
248334;248838;0,005905511811023622047
248334;248839;0,005905511811023622047
248334;248840;0,005905511811023622047
248334;248841;0,005905511811023622047
248334;256951;0,005905511811023622047
248334;278274;0,005905511811023622047
248334;310049;0,005905511811023622047
248334;317905;0,005905511811023622047
248334;418454;0,005905511811023622047
248334;759294;0,005905511811023622047
248831;2064;0,034482758620689655172
248831;2156;0,034482758620689655172
248831;2491;0,172413793103448275862
248831;5484;0,068965517241379310344
248831;5651;0,068965517241379310344
248831;6027;0,034482758620689655172
248831;10633;0,034482758620689655172
248831;20666;0,034482758620689655172
248831;27286;0,034482758620689655172
248831;29796;0,034482758620689655172
248831;239965;0,034482758620689655172
248831;248834;0,034482758620689655172
248831;255740;0,034482758620689655172
248831;283638;0,034482758620689655172
248831;331627;0,034482758620689655172
248831;365534;0,034482758620689655172
248831;365536;0,206896551724137931034
248831;388810;0,034482758620689655172
248832;5016;0,166666666666666666666
248832;20307;0,166666666666666666666
248832;347540;0,333333333333333333333
248832;418454;0,333333333333333333333
248834;5012;0,769230769230769230769
248834;5016;0,076923076923076923076
248834;8478;0,153846153846153846153
248835;1098;0,181818181818181818181
248835;4225;0,090909090909090909090
248835;4603;0,090909090909090909090
248835;5626;0,090909090909090909090
248835;8468;0,545454545454545454545
248836;2504;0,222222222222222222222
248836;6006;0,777777777777777777777
248837;240;1,000000000000000000000
248838;761;0,428571428571428571428
248838;2374;0,285714285714285714285
248838;248835;0,214285714285714285714
248838;418454;0,071428571428571428571
248840;975;0,666666666666666666666
248840;7626;0,166666666666666666666
248840;418454;0,166666666666666666666
248841;66;1,000000000000000000000
251238;85;0,083333333333333333333
251238;1779;0,500000000000000000000
251238;5223;0,083333333333333333333
251238;7142;0,333333333333333333333
251668;122;1,000000000000000000000
254306;772;0,500000000000000000000
254306;4772;0,500000000000000000000
255463;144425;1,000000000000000000000
255740;1322;0,058823529411764705882
255740;2064;0,058823529411764705882
255740;2156;0,058823529411764705882
255740;5054;0,058823529411764705882
255740;6027;0,058823529411764705882
255740;10633;0,058823529411764705882
255740;11382;0,029411764705882352941
255740;12964;0,029411764705882352941
255740;14269;0,029411764705882352941
255740;20666;0,058823529411764705882
255740;27286;0,058823529411764705882
255740;29796;0,058823529411764705882
255740;239965;0,058823529411764705882
255740;248831;0,058823529411764705882
255740;283638;0,058823529411764705882
255740;331627;0,058823529411764705882
255740;365534;0,058823529411764705882
255740;365536;0,029411764705882352941
255740;388810;0,058823529411764705882
255899;7738;0,333333333333333333333
255899;12430;0,333333333333333333333
255899;284853;0,333333333333333333333
256804;550;0,625000000000000000000
256804;1596;0,125000000000000000000
256804;3230;0,125000000000000000000
256804;13692;0,125000000000000000000
256951;5484;0,900000000000000000000
256951;5886;0,033333333333333333333
256951;8440;0,066666666666666666666
257158;2506;1,000000000000000000000
257324;474;0,500000000000000000000
257324;2832;0,500000000000000000000
259341;396;1,000000000000000000000
259831;90;0,019047619047619047619
259831;826;0,057142857142857142857
259831;906;0,019047619047619047619
259831;911;0,028571428571428571428
259831;1122;0,009523809523809523809
259831;2998;0,038095238095238095238
259831;3141;0,028571428571428571428
259831;3142;0,038095238095238095238
259831;3414;0,038095238095238095238
259831;3991;0,028571428571428571428
259831;4048;0,019047619047619047619
259831;4232;0,028571428571428571428
259831;4262;0,047619047619047619047
259831;4720;0,028571428571428571428
259831;5437;0,028571428571428571428
259831;5629;0,028571428571428571428
259831;6189;0,028571428571428571428
259831;6213;0,009523809523809523809
259831;6604;0,057142857142857142857
259831;8090;0,009523809523809523809
259831;9382;0,028571428571428571428
259831;9393;0,009523809523809523809
259831;10649;0,028571428571428571428
259831;13369;0,038095238095238095238
259831;18258;0,028571428571428571428
259831;57838;0,152380952380952380952
259831;151009;0,019047619047619047619
259831;151929;0,019047619047619047619
259831;333184;0,047619047619047619047
259831;352420;0,038095238095238095238
267368;8489;0,333333333333333333333
267368;251238;0,333333333333333333333
267368;251573;0,333333333333333333333
276695;237;1,000000000000000000000
276780;349;0,034482758620689655172
276780;817;0,137931034482758620689
276780;918;0,034482758620689655172
276780;3071;0,034482758620689655172
276780;3223;0,034482758620689655172
276780;3301;0,068965517241379310344
276780;3825;0,034482758620689655172
276780;5101;0,068965517241379310344
276780;5264;0,034482758620689655172
276780;6130;0,034482758620689655172
276780;8826;0,034482758620689655172
276780;9230;0,034482758620689655172
276780;10602;0,103448275862068965517
276780;12664;0,034482758620689655172
276780;17276;0,034482758620689655172
276780;44336;0,034482758620689655172
276780;54879;0,137931034482758620689
276780;331627;0,034482758620689655172
276780;434991;0,034482758620689655172
276963;427048;1,000000000000000000000
278351;285;0,074074074074074074074
278351;706;0,777777777777777777777
278351;1142;0,111111111111111111111
278351;144425;0,037037037037037037037
280033;7738;0,333333333333333333333
280033;8933;0,333333333333333333333
280033;255899;0,333333333333333333333
281067;3234;0,250000000000000000000
281067;6535;0,750000000000000000000
281170;787;0,076923076923076923076
281170;1310;0,076923076923076923076
281170;1547;0,153846153846153846153
281170;1868;0,076923076923076923076
281170;2515;0,076923076923076923076
281170;3601;0,153846153846153846153
281170;5174;0,076923076923076923076
281170;5500;0,076923076923076923076
281170;281067;0,076923076923076923076
281170;355336;0,076923076923076923076
281170;365536;0,076923076923076923076
282773;282;0,200000000000000000000
282773;1162;0,400000000000000000000
282773;2493;0,200000000000000000000
282773;3178;0,200000000000000000000
282900;733;0,200000000000000000000
282900;1301;0,200000000000000000000
282900;3390;0,200000000000000000000
282900;7713;0,200000000000000000000
282900;28569;0,200000000000000000000
283633;85;0,040000000000000000000
283633;1154;0,160000000000000000000
283633;2293;0,080000000000000000000
283633;2302;0,560000000000000000000
283633;2464;0,040000000000000000000
283633;4890;0,040000000000000000000
283633;283638;0,040000000000000000000
283633;443599;0,040000000000000000000
283635;771;0,111111111111111111111
283635;3426;0,222222222222222222222
283635;5042;0,111111111111111111111
283635;28763;0,111111111111111111111
283635;152076;0,111111111111111111111
283635;283636;0,222222222222222222222
283635;508761;0,111111111111111111111
283636;85;0,012269938650306748466
283636;122;0,012269938650306748466
283636;181;0,012269938650306748466
283636;182;0,012269938650306748466
283636;210;0,012269938650306748466
283636;222;0,012269938650306748466
283636;237;0,024539877300613496932
283636;247;0,012269938650306748466
283636;254;0,012269938650306748466
283636;472;0,012269938650306748466
283636;625;0,012269938650306748466
283636;798;0,012269938650306748466
283636;875;0,012269938650306748466
283636;972;0,012269938650306748466
283636;984;0,012269938650306748466
283636;1142;0,012269938650306748466
283636;1154;0,012269938650306748466
283636;1493;0,012269938650306748466
283636;1496;0,012269938650306748466
283636;1639;0,012269938650306748466
283636;1779;0,012269938650306748466
283636;1820;0,012269938650306748466
283636;1917;0,012269938650306748466
283636;1963;0,018404907975460122699
283636;1981;0,012269938650306748466
283636;1983;0,012269938650306748466
283636;2133;0,012269938650306748466
283636;2230;0,012269938650306748466
283636;2269;0,012269938650306748466
283636;2302;0,012269938650306748466
283636;2375;0,012269938650306748466
283636;2464;0,012269938650306748466
283636;2742;0,012269938650306748466
283636;2756;0,012269938650306748466
283636;2796;0,012269938650306748466
283636;2847;0,018404907975460122699
283636;2853;0,012269938650306748466
283636;3246;0,012269938650306748466
283636;3393;0,012269938650306748466
283636;3485;0,012269938650306748466
283636;3503;0,006134969325153374233
283636;3528;0,012269938650306748466
283636;3636;0,012269938650306748466
283636;4050;0,012269938650306748466
283636;4098;0,012269938650306748466
283636;4250;0,012269938650306748466
283636;4268;0,006134969325153374233
283636;4336;0,018404907975460122699
283636;4553;0,012269938650306748466
283636;5042;0,079754601226993865030
283636;5142;0,012269938650306748466
283636;5155;0,012269938650306748466
283636;5158;0,012269938650306748466
283636;5223;0,012269938650306748466
283636;5227;0,012269938650306748466
283636;5373;0,012269938650306748466
283636;6203;0,012269938650306748466
283636;6543;0,012269938650306748466
283636;6746;0,012269938650306748466
283636;7005;0,012269938650306748466
283636;8786;0,012269938650306748466
283636;8787;0,012269938650306748466
283636;9984;0,012269938650306748466
283636;10763;0,012269938650306748466
283636;12864;0,012269938650306748466
283636;12865;0,012269938650306748466
283636;52443;0,012269938650306748466
283636;144425;0,012269938650306748466
283636;152076;0,006134969325153374233
283636;257563;0,024539877300613496932
283636;283635;0,024539877300613496932
283636;283637;0,024539877300613496932
283637;5042;1,000000000000000000000
283638;48;0,008928571428571428571
283638;85;0,035714285714285714285
283638;96;0,017857142857142857142
283638;247;0,008928571428571428571
283638;253;0,026785714285714285714
283638;433;0,035714285714285714285
283638;615;0,017857142857142857142
283638;941;0,008928571428571428571
283638;1160;0,035714285714285714285
283638;1250;0,026785714285714285714
283638;1455;0,008928571428571428571
283638;1695;0,008928571428571428571
283638;1700;0,044642857142857142857
283638;2064;0,017857142857142857142
283638;2156;0,017857142857142857142
283638;2374;0,008928571428571428571
283638;3158;0,026785714285714285714
283638;3245;0,008928571428571428571
283638;3503;0,008928571428571428571
283638;3633;0,044642857142857142857
283638;3656;0,053571428571428571428
283638;4172;0,053571428571428571428
283638;5383;0,008928571428571428571
283638;5856;0,008928571428571428571
283638;6027;0,017857142857142857142
283638;6151;0,017857142857142857142
283638;6444;0,008928571428571428571
283638;6503;0,008928571428571428571
283638;7142;0,008928571428571428571
283638;7774;0,008928571428571428571
283638;10633;0,017857142857142857142
283638;10823;0,008928571428571428571
283638;12775;0,035714285714285714285
283638;12876;0,008928571428571428571
283638;12880;0,008928571428571428571
283638;14733;0,017857142857142857142
283638;20666;0,017857142857142857142
283638;27286;0,017857142857142857142
283638;29796;0,017857142857142857142
283638;41565;0,017857142857142857142
283638;144425;0,008928571428571428571
283638;239965;0,017857142857142857142
283638;248831;0,017857142857142857142
283638;251238;0,008928571428571428571
283638;255740;0,017857142857142857142
283638;283633;0,008928571428571428571
283638;327099;0,017857142857142857142
283638;328526;0,008928571428571428571
283638;331627;0,017857142857142857142
283638;353698;0,017857142857142857142
283638;359918;0,008928571428571428571
283638;365534;0,017857142857142857142
283638;365536;0,017857142857142857142
283638;388810;0,017857142857142857142
283638;608895;0,008928571428571428571
283639;1048;0,750000000000000000000
283639;4237;0,250000000000000000000
284852;2421;0,818181818181818181818
284852;4004;0,090909090909090909090
284852;8873;0,090909090909090909090
284853;12964;0,250000000000000000000
284853;14323;0,250000000000000000000
284853;16658;0,500000000000000000000
284854;7759;0,500000000000000000000
284854;9208;0,500000000000000000000
284855;1706;0,750000000000000000000
284855;2195;0,250000000000000000000
284856;1700;1,000000000000000000000
286660;477;0,166666666666666666666
286660;1122;0,083333333333333333333
286660;1838;0,166666666666666666666
286660;2112;0,083333333333333333333
286660;2150;0,083333333333333333333
286660;3033;0,333333333333333333333
286660;333184;0,083333333333333333333
287409;2052;0,500000000000000000000
287409;355594;0,500000000000000000000
306994;184;0,055555555555555555555
306994;404;0,055555555555555555555
306994;407;0,250000000000000000000
306994;458;0,083333333333333333333
306994;713;0,083333333333333333333
306994;904;0,027777777777777777777
306994;1139;0,055555555555555555555
306994;2551;0,055555555555555555555
306994;2571;0,055555555555555555555
306994;2585;0,055555555555555555555
306994;2630;0,055555555555555555555
306994;3779;0,055555555555555555555
306994;5626;0,055555555555555555555
306994;589508;0,055555555555555555555
308238;752;0,250000000000000000000
308238;7759;0,500000000000000000000
308238;8464;0,125000000000000000000
308238;329359;0,125000000000000000000
308968;163;0,666666666666666666666
308968;640396;0,333333333333333333333
309580;3158;0,500000000000000000000
309580;3748;0,500000000000000000000
311584;5638;0,250000000000000000000
311584;59841;0,500000000000000000000
311584;622466;0,250000000000000000000
313473;5660;1,000000000000000000000
321395;80;0,263157894736842105263
321395;502;0,052631578947368421052
321395;876;0,052631578947368421052
321395;1131;0,210526315789473684210
321395;2516;0,052631578947368421052
321395;119973;0,052631578947368421052
321395;608895;0,210526315789473684210
321395;642255;0,105263157894736842105
324897;2504;0,333333333333333333333
324897;17426;0,666666666666666666666
325286;740;0,400000000000000000000
325286;2421;0,600000000000000000000
325535;3158;0,500000000000000000000
325535;3748;0,500000000000000000000
326192;4372;0,500000000000000000000
326192;24536;0,300000000000000000000
326192;418454;0,200000000000000000000
326597;524;0,100000000000000000000
326597;526;0,100000000000000000000
326597;2683;0,100000000000000000000
326597;2779;0,100000000000000000000
326597;2780;0,100000000000000000000
326597;5367;0,100000000000000000000
326597;7939;0,100000000000000000000
326597;9026;0,100000000000000000000
326597;9418;0,100000000000000000000
326597;27316;0,100000000000000000000
327099;2078;0,142857142857142857142
327099;3158;0,428571428571428571428
327099;3223;0,142857142857142857142
327099;283638;0,142857142857142857142
327099;324897;0,142857142857142857142
327858;3748;1,000000000000000000000
327859;151;0,500000000000000000000
327859;4803;0,500000000000000000000
328526;738;0,200000000000000000000
328526;1340;0,200000000000000000000
328526;1600;0,200000000000000000000
328526;9730;0,200000000000000000000
328526;283638;0,200000000000000000000
329223;1949;0,500000000000000000000
329223;11465;0,500000000000000000000
329272;11;0,333333333333333333333
329272;1842;0,666666666666666666666
329359;308238;1,000000000000000000000
330168;2421;0,857142857142857142857
330168;113365;0,071428571428571428571
330168;507584;0,071428571428571428571
331627;37;0,076923076923076923076
331627;38;0,230769230769230769230
331627;276780;0,076923076923076923076
331627;283638;0,076923076923076923076
331627;365532;0,538461538461538461538
333184;65;0,272727272727272727272
333184;2064;0,090909090909090909090
333184;9395;0,454545454545454545454
333184;12798;0,090909090909090909090
333184;259831;0,090909090909090909090
333343;890;0,222222222222222222222
333343;1231;0,222222222222222222222
333343;2146;0,055555555555555555555
333343;3141;0,388888888888888888888
333343;6503;0,055555555555555555555
333343;6514;0,055555555555555555555
335189;115;0,230769230769230769230
335189;2794;0,076923076923076923076
335189;2938;0,153846153846153846153
335189;3481;0,076923076923076923076
335189;5500;0,153846153846153846153
335189;8818;0,076923076923076923076
335189;343358;0,076923076923076923076
335189;383630;0,076923076923076923076
335189;484680;0,076923076923076923076
336063;2007;0,250000000000000000000
336063;3340;0,750000000000000000000
336640;222;0,166666666666666666666
336640;635;0,041666666666666666666
336640;1471;0,041666666666666666666
336640;1637;0,625000000000000000000
336640;14826;0,041666666666666666666
336640;443599;0,041666666666666666666
336640;623129;0,041666666666666666666
343087;870;0,285714285714285714285
343087;2218;0,142857142857142857142
343087;3564;0,142857142857142857142
343087;529797;0,428571428571428571428
343358;115;0,600000000000000000000
343358;490;0,050000000000000000000
343358;886;0,050000000000000000000
343358;2352;0,050000000000000000000
343358;3158;0,100000000000000000000
343358;5528;0,050000000000000000000
343358;6468;0,050000000000000000000
343358;383630;0,050000000000000000000
343424;613;0,200000000000000000000
343424;3401;0,400000000000000000000
343424;4993;0,200000000000000000000
343424;6812;0,200000000000000000000
343719;190;1,000000000000000000000
347540;45;0,518518518518518518518
347540;61;0,037037037037037037037
347540;66;0,185185185185185185185
347540;1016;0,074074074074074074074
347540;1556;0,037037037037037037037
347540;5012;0,074074074074074074074
347540;248832;0,074074074074074074074
349041;37;0,004424778761061946902
349041;54;0,008849557522123893805
349041;194;0,203539823008849557522
349041;285;0,008849557522123893805
349041;472;0,039823008849557522123
349041;628;0,150442477876106194690
349041;700;0,004424778761061946902
349041;983;0,004424778761061946902
349041;1109;0,004424778761061946902
349041;1563;0,008849557522123893805
349041;1754;0,066371681415929203539
349041;1939;0,039823008849557522123
349041;1940;0,393805309734513274336
349041;1988;0,008849557522123893805
349041;2054;0,008849557522123893805
349041;3680;0,017699115044247787610
349041;393418;0,004424778761061946902
349041;408414;0,008849557522123893805
349041;453859;0,008849557522123893805
349041;747808;0,004424778761061946902
349155;1041;0,200000000000000000000
349155;2421;0,200000000000000000000
349155;11369;0,400000000000000000000
349155;373677;0,200000000000000000000
352262;1121;0,210526315789473684210
352262;2147;0,052631578947368421052
352262;2359;0,157894736842105263157
352262;4364;0,052631578947368421052
352262;5487;0,263157894736842105263
352262;7478;0,052631578947368421052
352262;453859;0,210526315789473684210
352420;911;0,100000000000000000000
352420;2052;0,100000000000000000000
352420;4237;0,100000000000000000000
352420;6234;0,300000000000000000000
352420;13369;0,100000000000000000000
352420;259831;0,100000000000000000000
352420;324897;0,200000000000000000000
353698;396;0,142857142857142857142
353698;2140;0,428571428571428571428
353698;3158;0,142857142857142857142
353698;6151;0,142857142857142857142
353698;41565;0,142857142857142857142
353914;144425;1,000000000000000000000
355336;615;0,333333333333333333333
355336;3383;0,333333333333333333333
355336;7116;0,333333333333333333333
355594;496;0,200000000000000000000
355594;7478;0,200000000000000000000
355594;20307;0,400000000000000000000
355594;287409;0,200000000000000000000
356607;172;0,500000000000000000000
356607;9389;0,500000000000000000000
357817;2080;0,153846153846153846153
357817;3029;0,076923076923076923076
357817;4621;0,692307692307692307692
357817;40961;0,076923076923076923076
359918;4172;0,250000000000000000000
359918;56738;0,250000000000000000000
359918;283638;0,500000000000000000000
365524;3748;0,500000000000000000000
365524;5632;0,500000000000000000000
365531;331627;1,000000000000000000000
365532;37;0,666666666666666666666
365532;609;0,333333333333333333333
365533;365532;1,000000000000000000000
365534;5481;0,500000000000000000000
365534;365536;0,500000000000000000000
365536;2678;0,062500000000000000000
365536;3158;0,187500000000000000000
365536;10860;0,062500000000000000000
365536;20666;0,062500000000000000000
365536;248831;0,312500000000000000000
365536;281170;0,125000000000000000000
365536;365534;0,187500000000000000000
366089;71;0,135135135135135135135
366089;194;0,054054054054054054054
366089;454;0,081081081081081081081
366089;695;0,027027027027027027027
366089;983;0,027027027027027027027
366089;1096;0,027027027027027027027
366089;1169;0,027027027027027027027
366089;1673;0,027027027027027027027
366089;1727;0,081081081081081081081
366089;1771;0,027027027027027027027
366089;3219;0,027027027027027027027
366089;3523;0,027027027027027027027
366089;59745;0,216216216216216216216
366089;59841;0,081081081081081081081
366089;408414;0,135135135135135135135
366347;1522;0,200000000000000000000
366347;83103;0,200000000000000000000
366347;136265;0,600000000000000000000
366672;796;0,333333333333333333333
366672;4293;0,333333333333333333333
366672;19199;0,333333333333333333333
366867;4307;0,200000000000000000000
366867;18695;0,600000000000000000000
366867;587057;0,200000000000000000000
366869;1913;0,500000000000000000000
366869;3158;0,166666666666666666666
366869;608895;0,333333333333333333333
367121;399;0,400000000000000000000
367121;1127;0,200000000000000000000
367121;7341;0,200000000000000000000
367121;608895;0,200000000000000000000
367451;1949;0,434782608695652173913
367451;4933;0,478260869565217391304
367451;5856;0,086956521739130434782
368117;7748;1,000000000000000000000
368482;13372;1,000000000000000000000
372528;119;0,250000000000000000000
372528;596;0,250000000000000000000
372528;2182;0,416666666666666666666
372528;54440;0,083333333333333333333
373677;83;0,008130081300813008130
373677;1041;0,012195121951219512195
373677;1042;0,012195121951219512195
373677;1190;0,008130081300813008130
373677;1220;0,012195121951219512195
373677;1444;0,008130081300813008130
373677;1468;0,012195121951219512195
373677;1771;0,008130081300813008130
373677;2275;0,020325203252032520325
373677;2287;0,012195121951219512195
373677;2375;0,004065040650406504065
373677;2419;0,008130081300813008130
373677;2420;0,008130081300813008130
373677;2421;0,008130081300813008130
373677;2422;0,008130081300813008130
373677;2423;0,008130081300813008130
373677;2424;0,008130081300813008130
373677;2425;0,008130081300813008130
373677;3993;0,008130081300813008130
373677;4692;0,008130081300813008130
373677;5065;0,008130081300813008130
373677;5782;0,008130081300813008130
373677;6068;0,008130081300813008130
373677;6201;0,008130081300813008130
373677;6419;0,008130081300813008130
373677;6630;0,008130081300813008130
373677;6641;0,008130081300813008130
373677;6734;0,008130081300813008130
373677;6765;0,008130081300813008130
373677;6881;0,008130081300813008130
373677;6918;0,008130081300813008130
373677;7139;0,008130081300813008130
373677;7954;0,008130081300813008130
373677;8013;0,008130081300813008130
373677;8205;0,004065040650406504065
373677;8820;0,008130081300813008130
373677;9065;0,008130081300813008130
373677;9066;0,008130081300813008130
373677;9067;0,008130081300813008130
373677;9068;0,008130081300813008130
373677;9069;0,008130081300813008130
373677;9674;0,008130081300813008130
373677;10298;0,008130081300813008130
373677;10592;0,008130081300813008130
373677;10606;0,008130081300813008130
373677;11369;0,020325203252032520325
373677;11826;0,008130081300813008130
373677;12375;0,008130081300813008130
373677;12489;0,008130081300813008130
373677;13179;0,008130081300813008130
373677;13850;0,008130081300813008130
373677;14069;0,008130081300813008130
373677;15222;0,004065040650406504065
373677;15686;0,008130081300813008130
373677;15944;0,008130081300813008130
373677;16497;0,008130081300813008130
373677;16994;0,008130081300813008130
373677;17553;0,008130081300813008130
373677;19627;0,008130081300813008130
373677;19726;0,008130081300813008130
373677;20307;0,008130081300813008130
373677;21159;0,008130081300813008130
373677;22534;0,008130081300813008130
373677;23180;0,008130081300813008130
373677;25205;0,008130081300813008130
373677;25221;0,008130081300813008130
373677;25223;0,008130081300813008130
373677;25224;0,008130081300813008130
373677;25225;0,008130081300813008130
373677;25226;0,008130081300813008130
373677;25227;0,008130081300813008130
373677;25229;0,008130081300813008130
373677;25230;0,012195121951219512195
373677;25905;0,008130081300813008130
373677;26251;0,004065040650406504065
373677;27062;0,008130081300813008130
373677;27063;0,008130081300813008130
373677;27064;0,008130081300813008130
373677;27065;0,008130081300813008130
373677;27066;0,008130081300813008130
373677;27067;0,008130081300813008130
373677;27175;0,008130081300813008130
373677;27474;0,008130081300813008130
373677;27810;0,016260162601626016260
373677;28183;0,008130081300813008130
373677;28184;0,008130081300813008130
373677;28185;0,008130081300813008130
373677;28187;0,008130081300813008130
373677;28189;0,008130081300813008130
373677;28194;0,008130081300813008130
373677;28195;0,008130081300813008130
373677;28198;0,008130081300813008130
373677;28199;0,008130081300813008130
373677;28200;0,008130081300813008130
373677;28202;0,008130081300813008130
373677;28210;0,008130081300813008130
373677;28212;0,008130081300813008130
373677;28213;0,008130081300813008130
373677;28834;0,008130081300813008130
373677;28848;0,008130081300813008130
373677;28853;0,008130081300813008130
373677;28857;0,008130081300813008130
373677;108876;0,008130081300813008130
373677;145389;0,008130081300813008130
373677;245879;0,004065040650406504065
373677;349155;0,012195121951219512195
373677;377520;0,008130081300813008130
373677;383065;0,008130081300813008130
373677;383066;0,008130081300813008130
373677;383067;0,008130081300813008130
373677;383068;0,008130081300813008130
373677;383069;0,008130081300813008130
373677;383070;0,008130081300813008130
373677;387436;0,008130081300813008130
373677;387437;0,008130081300813008130
373677;387438;0,008130081300813008130
373677;387439;0,008130081300813008130
373677;387441;0,008130081300813008130
373924;2504;0,400000000000000000000
373924;7095;0,600000000000000000000
374246;211;0,011235955056179775280
374246;249;0,011235955056179775280
374246;504;0,011235955056179775280
374246;520;0,011235955056179775280
374246;558;0,089887640449438202247
374246;794;0,033707865168539325842
374246;851;0,101123595505617977528
374246;887;0,011235955056179775280
374246;983;0,022471910112359550561
374246;1035;0,044943820224719101123
374246;1262;0,011235955056179775280
374246;1364;0,011235955056179775280
374246;1422;0,022471910112359550561
374246;1554;0,011235955056179775280
374246;2005;0,011235955056179775280
374246;2043;0,011235955056179775280
374246;2374;0,011235955056179775280
374246;2551;0,011235955056179775280
374246;2657;0,067415730337078651685
374246;2825;0,011235955056179775280
374246;3029;0,011235955056179775280
374246;3096;0,011235955056179775280
374246;3209;0,011235955056179775280
374246;3523;0,011235955056179775280
374246;3588;0,011235955056179775280
374246;3800;0,011235955056179775280
374246;3811;0,011235955056179775280
374246;4225;0,011235955056179775280
374246;4621;0,011235955056179775280
374246;4697;0,011235955056179775280
374246;5093;0,011235955056179775280
374246;5469;0,011235955056179775280
374246;5487;0,011235955056179775280
374246;5530;0,011235955056179775280
374246;5854;0,011235955056179775280
374246;6267;0,011235955056179775280
374246;6930;0,011235955056179775280
374246;7418;0,011235955056179775280
374246;7564;0,011235955056179775280
374246;7866;0,067415730337078651685
374246;7941;0,011235955056179775280
374246;8143;0,011235955056179775280
374246;8225;0,011235955056179775280
374246;8513;0,011235955056179775280
374246;9026;0,011235955056179775280
374246;9762;0,011235955056179775280
374246;9940;0,011235955056179775280
374246;10926;0,011235955056179775280
374246;13886;0,011235955056179775280
374246;14978;0,011235955056179775280
374246;25849;0,011235955056179775280
374246;38738;0,011235955056179775280
374246;81163;0,011235955056179775280
374246;284855;0,011235955056179775280
374246;653504;0,033707865168539325842
377520;2421;1,000000000000000000000
380454;4384;0,666666666666666666666
380454;494193;0,333333333333333333333
381254;6503;0,666666666666666666666
381254;44336;0,333333333333333333333
383065;2421;1,000000000000000000000
383069;6765;0,500000000000000000000
383069;11369;0,500000000000000000000
383630;115;1,000000000000000000000
386794;74;0,187500000000000000000
386794;2374;0,062500000000000000000
386794;16527;0,312500000000000000000
386794;17634;0,437500000000000000000
387437;1220;0,285714285714285714285
387437;1771;0,285714285714285714285
387437;27064;0,428571428571428571428
387438;1220;0,111111111111111111111
387438;1771;0,111111111111111111111
387438;9898;0,333333333333333333333
387438;13850;0,333333333333333333333
387438;373677;0,111111111111111111111
388810;964;0,416666666666666666666
388810;2421;0,333333333333333333333
388810;3158;0,083333333333333333333
388810;8830;0,083333333333333333333
388810;671388;0,083333333333333333333
389498;28;0,041666666666666666666
389498;39;0,250000000000000000000
389498;612;0,291666666666666666666
389498;4837;0,041666666666666666666
389498;8156;0,208333333333333333333
389498;9762;0,125000000000000000000
389498;608895;0,041666666666666666666
393418;37;0,188235294117647058823
393418;38;0,017647058823529411764
393418;148;0,094117647058823529411
393418;189;0,011764705882352941176
393418;288;0,017647058823529411764
393418;296;0,017647058823529411764
393418;523;0,011764705882352941176
393418;568;0,005882352941176470588
393418;573;0,017647058823529411764
393418;609;0,017647058823529411764
393418;660;0,011764705882352941176
393418;891;0,064705882352941176470
393418;1010;0,011764705882352941176
393418;1082;0,011764705882352941176
393418;1169;0,005882352941176470588
393418;1497;0,011764705882352941176
393418;1581;0,011764705882352941176
393418;1754;0,005882352941176470588
393418;1840;0,011764705882352941176
393418;2001;0,011764705882352941176
393418;2337;0,011764705882352941176
393418;2484;0,011764705882352941176
393418;2678;0,023529411764705882352
393418;3551;0,017647058823529411764
393418;3685;0,005882352941176470588
393418;4091;0,011764705882352941176
393418;4100;0,005882352941176470588
393418;5627;0,005882352941176470588
393418;5800;0,011764705882352941176
393418;6461;0,047058823529411764705
393418;6991;0,005882352941176470588
393418;7215;0,011764705882352941176
393418;7648;0,023529411764705882352
393418;7968;0,005882352941176470588
393418;8267;0,005882352941176470588
393418;8268;0,082352941176470588235
393418;8306;0,005882352941176470588
393418;8636;0,005882352941176470588
393418;9376;0,023529411764705882352
393418;10860;0,011764705882352941176
393418;13899;0,011764705882352941176
393418;17773;0,011764705882352941176
393418;41776;0,005882352941176470588
393418;113392;0,070588235294117647058
393418;349041;0,005882352941176470588
394755;681;0,500000000000000000000
394755;6773;0,500000000000000000000
398786;547;0,038461538461538461538
398786;641;0,038461538461538461538
398786;749;0,153846153846153846153
398786;1044;0,038461538461538461538
398786;1133;0,038461538461538461538
398786;1206;0,038461538461538461538
398786;3476;0,038461538461538461538
398786;3557;0,038461538461538461538
398786;3766;0,038461538461538461538
398786;4219;0,153846153846153846153
398786;5681;0,038461538461538461538
398786;8373;0,038461538461538461538
398786;11415;0,038461538461538461538
398786;14465;0,076923076923076923076
398786;51102;0,038461538461538461538
398786;398787;0,115384615384615384615
398786;589508;0,038461538461538461538
398787;71;0,043478260869565217391
398787;72;0,043478260869565217391
398787;96;0,043478260869565217391
398787;360;0,043478260869565217391
398787;420;0,043478260869565217391
398787;749;0,130434782608695652173
398787;845;0,043478260869565217391
398787;846;0,043478260869565217391
398787;1065;0,043478260869565217391
398787;1196;0,043478260869565217391
398787;1724;0,043478260869565217391
398787;2731;0,086956521739130434782
398787;3091;0,043478260869565217391
398787;3235;0,043478260869565217391
398787;4219;0,043478260869565217391
398787;23096;0,043478260869565217391
398787;131383;0,043478260869565217391
398787;398786;0,130434782608695652173
402245;10000;1,000000000000000000000
403195;747;0,944444444444444444444
403195;76428;0,055555555555555555555
408414;11;0,004901960784313725490
408414;37;0,004901960784313725490
408414;43;0,009803921568627450980
408414;54;0,004901960784313725490
408414;89;0,004901960784313725490
408414;119;0,004901960784313725490
408414;138;0,014705882352941176470
408414;184;0,009803921568627450980
408414;240;0,004901960784313725490
408414;244;0,004901960784313725490
408414;289;0,009803921568627450980
408414;290;0,004901960784313725490
408414;307;0,004901960784313725490
408414;396;0,009803921568627450980
408414;405;0,009803921568627450980
408414;407;0,009803921568627450980
408414;412;0,009803921568627450980
408414;418;0,009803921568627450980
408414;419;0,009803921568627450980
408414;437;0,004901960784313725490
408414;454;0,004901960784313725490
408414;492;0,009803921568627450980
408414;502;0,009803921568627450980
408414;520;0,009803921568627450980
408414;609;0,004901960784313725490
408414;738;0,004901960784313725490
408414;817;0,009803921568627450980
408414;891;0,004901960784313725490
408414;1046;0,009803921568627450980
408414;1064;0,009803921568627450980
408414;1065;0,004901960784313725490
408414;1069;0,009803921568627450980
408414;1169;0,166666666666666666666
408414;1329;0,004901960784313725490
408414;1340;0,009803921568627450980
408414;1348;0,004901960784313725490
408414;1455;0,009803921568627450980
408414;1552;0,004901960784313725490
408414;1556;0,004901960784313725490
408414;1562;0,009803921568627450980
408414;1563;0,024509803921568627450
408414;1610;0,009803921568627450980
408414;1663;0,004901960784313725490
408414;1705;0,024509803921568627450
408414;1708;0,009803921568627450980
408414;1727;0,009803921568627450980
408414;1848;0,014705882352941176470
408414;1891;0,004901960784313725490
408414;1892;0,004901960784313725490
408414;1894;0,009803921568627450980
408414;2021;0,004901960784313725490
408414;2119;0,009803921568627450980
408414;2147;0,004901960784313725490
408414;2196;0,009803921568627450980
408414;2433;0,004901960784313725490
408414;2506;0,009803921568627450980
408414;2569;0,019607843137254901960
408414;2826;0,009803921568627450980
408414;2961;0,009803921568627450980
408414;3273;0,009803921568627450980
408414;3465;0,009803921568627450980
408414;3551;0,004901960784313725490
408414;3809;0,004901960784313725490
408414;3978;0,004901960784313725490
408414;4091;0,004901960784313725490
408414;4100;0,004901960784313725490
408414;4522;0,004901960784313725490
408414;4877;0,004901960784313725490
408414;5753;0,009803921568627450980
408414;5789;0,004901960784313725490
408414;5790;0,004901960784313725490
408414;5800;0,004901960784313725490
408414;7080;0,004901960784313725490
408414;7648;0,004901960784313725490
408414;7660;0,004901960784313725490
408414;7968;0,004901960784313725490
408414;7994;0,009803921568627450980
408414;8268;0,004901960784313725490
408414;8580;0,009803921568627450980
408414;10860;0,004901960784313725490
408414;13141;0,004901960784313725490
408414;13502;0,019607843137254901960
408414;14010;0,004901960784313725490
408414;59745;0,039215686274509803921
408414;59841;0,004901960784313725490
408414;78108;0,078431372549019607843
408414;113392;0,004901960784313725490
408414;157662;0,004901960784313725490
408414;349041;0,004901960784313725490
408414;366089;0,024509803921568627450
408414;393418;0,004901960784313725490
408414;499117;0,004901960784313725490
408414;604246;0,004901960784313725490
408414;906176;0,004901960784313725490
408487;5168;1,000000000000000000000
409549;8698;1,000000000000000000000
409930;380;0,666666666666666666666
409930;1445;0,222222222222222222222
409930;1769;0,111111111111111111111
412984;13048;1,000000000000000000000
413321;749;0,375000000000000000000
413321;904;0,250000000000000000000
413321;2200;0,125000000000000000000
413321;4627;0,250000000000000000000
415767;54;0,250000000000000000000
415767;4150;0,500000000000000000000
415767;7111;0,250000000000000000000
423971;2547;0,500000000000000000000
423971;19582;0,250000000000000000000
423971;28078;0,250000000000000000000
427048;8648;0,333333333333333333333
427048;276963;0,666666666666666666666
427467;293;0,142857142857142857142
427467;4094;0,571428571428571428571
427467;21734;0,285714285714285714285
431565;72;0,058823529411764705882
431565;829;0,058823529411764705882
431565;960;0,058823529411764705882
431565;1985;0,058823529411764705882
431565;2364;0,176470588235294117647
431565;2547;0,117647058823529411764
431565;13335;0,117647058823529411764
431565;13396;0,058823529411764705882
431565;125861;0,176470588235294117647
431565;474028;0,058823529411764705882
431565;559679;0,058823529411764705882
432293;1140;0,500000000000000000000
432293;2664;0,500000000000000000000
434991;108;0,055555555555555555555
434991;349;0,018518518518518518518
434991;351;0,018518518518518518518
434991;454;0,037037037037037037037
434991;502;0,018518518518518518518
434991;520;0,037037037037037037037
434991;538;0,018518518518518518518
434991;918;0,037037037037037037037
434991;964;0,037037037037037037037
434991;1131;0,037037037037037037037
434991;1340;0,037037037037037037037
434991;1689;0,037037037037037037037
434991;1949;0,037037037037037037037
434991;2139;0,037037037037037037037
434991;2182;0,037037037037037037037
434991;2191;0,037037037037037037037
434991;2445;0,055555555555555555555
434991;2592;0,018518518518518518518
434991;2657;0,037037037037037037037
434991;3235;0,037037037037037037037
434991;4278;0,018518518518518518518
434991;4501;0,037037037037037037037
434991;5800;0,037037037037037037037
434991;6213;0,037037037037037037037
434991;7660;0,037037037037037037037
434991;27870;0,037037037037037037037
434991;41776;0,018518518518518518518
434991;54879;0,018518518518518518518
434991;440509;0,074074074074074074074
440497;85;1,000000000000000000000
440509;108;0,038461538461538461538
440509;351;0,019230769230769230769
440509;352;0,038461538461538461538
440509;454;0,038461538461538461538
440509;520;0,038461538461538461538
440509;964;0,038461538461538461538
440509;1521;0,038461538461538461538
440509;1689;0,038461538461538461538
440509;1942;0,038461538461538461538
440509;1949;0,038461538461538461538
440509;2139;0,038461538461538461538
440509;2182;0,038461538461538461538
440509;2191;0,038461538461538461538
440509;2445;0,038461538461538461538
440509;2657;0,038461538461538461538
440509;3235;0,038461538461538461538
440509;4501;0,038461538461538461538
440509;4530;0,038461538461538461538
440509;5800;0,038461538461538461538
440509;6213;0,038461538461538461538
440509;7660;0,038461538461538461538
440509;12387;0,019230769230769230769
440509;27870;0,038461538461538461538
440509;114080;0,019230769230769230769
440509;434991;0,115384615384615384615
440509;687941;0,019230769230769230769
442813;266;0,500000000000000000000
442813;8648;0,125000000000000000000
442813;13814;0,125000000000000000000
442813;91818;0,250000000000000000000
443599;2302;0,789473684210526315789
443599;2741;0,157894736842105263157
443599;336640;0,052631578947368421052
453859;11;0,057142857142857142857
453859;628;0,028571428571428571428
453859;700;0,485714285714285714285
453859;1286;0,028571428571428571428
453859;1348;0,028571428571428571428
453859;1754;0,028571428571428571428
453859;1771;0,028571428571428571428
453859;14010;0,057142857142857142857
453859;25205;0,028571428571428571428
453859;157662;0,057142857142857142857
453859;256804;0,028571428571428571428
453859;352262;0,142857142857142857142
454754;96;0,928571428571428571428
454754;2375;0,071428571428571428571
468947;9814;1,000000000000000000000
470598;8213;1,000000000000000000000
471750;266;0,875000000000000000000
471750;2383;0,125000000000000000000
474028;72;0,181818181818181818181
474028;517;0,030303030303030303030
474028;829;0,060606060606060606060
474028;982;0,030303030303030303030
474028;1041;0,030303030303030303030
474028;1117;0,060606060606060606060
474028;2364;0,121212121212121212121
474028;3390;0,030303030303030303030
474028;3395;0,121212121212121212121
474028;4240;0,060606060606060606060
474028;4629;0,151515151515151515151
474028;13396;0,030303030303030303030
474028;116140;0,030303030303030303030
474028;431565;0,030303030303030303030
474028;622466;0,030303030303030303030
484680;1162;0,500000000000000000000
484680;608895;0,500000000000000000000
488062;2004;0,666666666666666666666
488062;17266;0,333333333333333333333
494193;3174;0,071428571428571428571
494193;4384;0,928571428571428571428
495830;1459;0,250000000000000000000
495830;11890;0,250000000000000000000
495830;12339;0,250000000000000000000
495830;862844;0,250000000000000000000
499117;65;0,024691358024691358024
499117;283;0,012345679012345679012
499117;452;0,012345679012345679012
499117;475;0,185185185185185185185
499117;682;0,012345679012345679012
499117;689;0,012345679012345679012
499117;768;0,012345679012345679012
499117;1046;0,012345679012345679012
499117;1169;0,320987654320987654320
499117;1397;0,037037037037037037037
499117;1864;0,012345679012345679012
499117;2287;0,024691358024691358024
499117;2895;0,012345679012345679012
499117;3871;0,012345679012345679012
499117;3996;0,024691358024691358024
499117;4078;0,024691358024691358024
499117;6567;0,012345679012345679012
499117;7160;0,024691358024691358024
499117;7968;0,012345679012345679012
499117;8460;0,012345679012345679012
499117;8590;0,012345679012345679012
499117;8698;0,012345679012345679012
499117;9395;0,012345679012345679012
499117;15586;0,012345679012345679012
499117;28017;0,049382716049382716049
499117;59745;0,049382716049382716049
499117;366089;0,012345679012345679012
499117;408414;0,024691358024691358024
507180;530;0,307692307692307692307
507180;668;0,230769230769230769230
507180;876;0,038461538461538461538
507180;1391;0,038461538461538461538
507180;4173;0,230769230769230769230
507180;9417;0,153846153846153846153
508708;1162;0,500000000000000000000
508708;2863;0,500000000000000000000
511019;850;0,200000000000000000000
511019;1024;0,266666666666666666666
511019;1117;0,266666666666666666666
511019;1574;0,133333333333333333333
511019;5647;0,066666666666666666666
511019;12817;0,066666666666666666666
512469;485;0,071428571428571428571
512469;657;0,142857142857142857142
512469;846;0,071428571428571428571
512469;1681;0,071428571428571428571
512469;3604;0,071428571428571428571
512469;5214;0,214285714285714285714
512469;7328;0,357142857142857142857
525330;877;0,054545454545454545454
525330;878;0,054545454545454545454
525330;883;0,054545454545454545454
525330;887;0,054545454545454545454
525330;1044;0,054545454545454545454
525330;2214;0,054545454545454545454
525330;2215;0,054545454545454545454
525330;3403;0,054545454545454545454
525330;4765;0,054545454545454545454
525330;5459;0,054545454545454545454
525330;6624;0,054545454545454545454
525330;7780;0,054545454545454545454
525330;9434;0,054545454545454545454
525330;10740;0,054545454545454545454
525330;12798;0,054545454545454545454
525330;17323;0,018181818181818181818
525330;20669;0,054545454545454545454
525330;173632;0,054545454545454545454
525330;329359;0,054545454545454545454
529797;621;0,027777777777777777777
529797;1064;0,055555555555555555555
529797;1122;0,055555555555555555555
529797;1402;0,055555555555555555555
529797;1563;0,055555555555555555555
529797;1632;0,055555555555555555555
529797;2218;0,361111111111111111111
529797;3085;0,027777777777777777777
529797;7994;0,027777777777777777777
529797;17502;0,027777777777777777777
529797;156500;0,027777777777777777777
529797;248141;0,055555555555555555555
529797;343087;0,138888888888888888888
529797;752863;0,027777777777777777777
533247;65;0,018867924528301886792
533247;190;0,018867924528301886792
533247;521;0,018867924528301886792
533247;621;0,018867924528301886792
533247;846;0,132075471698113207547
533247;877;0,018867924528301886792
533247;970;0,018867924528301886792
533247;1667;0,037735849056603773584
533247;2052;0,037735849056603773584
533247;2146;0,056603773584905660377
533247;2147;0,037735849056603773584
533247;2216;0,018867924528301886792
533247;2779;0,018867924528301886792
533247;2786;0,018867924528301886792
533247;2863;0,037735849056603773584
533247;3271;0,018867924528301886792
533247;4147;0,018867924528301886792
533247;4384;0,037735849056603773584
533247;4493;0,018867924528301886792
533247;4715;0,018867924528301886792
533247;4829;0,018867924528301886792
533247;5167;0,037735849056603773584
533247;5367;0,018867924528301886792
533247;5438;0,018867924528301886792
533247;5444;0,018867924528301886792
533247;5459;0,018867924528301886792
533247;5487;0,018867924528301886792
533247;5530;0,018867924528301886792
533247;5564;0,018867924528301886792
533247;5629;0,018867924528301886792
533247;5698;0,037735849056603773584
533247;6316;0,018867924528301886792
533247;6581;0,018867924528301886792
533247;9217;0,018867924528301886792
533247;9392;0,018867924528301886792
533247;9393;0,018867924528301886792
533247;9410;0,018867924528301886792
533247;10946;0,018867924528301886792
533535;237;0,555555555555555555555
533535;4881;0,222222222222222222222
533535;906176;0,222222222222222222222
547708;3515;1,000000000000000000000
547774;1239;0,181818181818181818181
547774;1355;0,181818181818181818181
547774;3650;0,181818181818181818181
547774;5543;0,090909090909090909090
547774;5784;0,090909090909090909090
547774;7701;0,090909090909090909090
547774;11534;0,090909090909090909090
547774;16656;0,090909090909090909090
559679;40;0,200000000000000000000
559679;352;0,200000000000000000000
559679;642;0,200000000000000000000
559679;4530;0,200000000000000000000
559679;8165;0,200000000000000000000
584314;113;0,133333333333333333333
584314;475;0,133333333333333333333
584314;859;0,133333333333333333333
584314;1181;0,266666666666666666666
584314;3579;0,066666666666666666666
584314;5003;0,066666666666666666666
584314;7578;0,066666666666666666666
584314;8441;0,066666666666666666666
584314;8467;0,066666666666666666666
587053;970;0,600000000000000000000
587053;95084;0,200000000000000000000
587053;587057;0,200000000000000000000
587057;3318;0,375000000000000000000
587057;3998;0,125000000000000000000
587057;4435;0,125000000000000000000
587057;95084;0,250000000000000000000
587057;366867;0,125000000000000000000
589508;1139;0,200000000000000000000
589508;2551;0,600000000000000000000
589508;5626;0,200000000000000000000
591752;1379;0,200000000000000000000
591752;1597;0,800000000000000000000
602536;2111;1,000000000000000000000
604246;2277;0,105263157894736842105
604246;4991;0,421052631578947368421
604246;9067;0,052631578947368421052
604246;26251;0,368421052631578947368
604246;113392;0,052631578947368421052
604484;642;0,500000000000000000000
604484;17389;0,250000000000000000000
604484;17549;0,250000000000000000000
606566;260;0,076923076923076923076
606566;721;0,076923076923076923076
606566;1239;0,153846153846153846153
606566;1246;0,076923076923076923076
606566;2057;0,076923076923076923076
606566;2362;0,076923076923076923076
606566;5309;0,076923076923076923076
606566;6250;0,153846153846153846153
606566;7941;0,076923076923076923076
606566;11890;0,076923076923076923076
606566;11921;0,076923076923076923076
606725;399;0,200000000000000000000
606725;405;0,200000000000000000000
606725;411;0,200000000000000000000
606725;3513;0,200000000000000000000
606725;21112;0,200000000000000000000
606743;163;0,500000000000000000000
606743;4424;0,500000000000000000000
608895;39;0,004694835680751173708
608895;74;0,004694835680751173708
608895;83;0,004694835680751173708
608895;85;0,004694835680751173708
608895;115;0,004694835680751173708
608895;132;0,004694835680751173708
608895;222;0,004694835680751173708
608895;249;0,009389671361502347417
608895;261;0,004694835680751173708
608895;399;0,004694835680751173708
608895;404;0,004694835680751173708
608895;406;0,004694835680751173708
608895;407;0,004694835680751173708
608895;411;0,004694835680751173708
608895;417;0,004694835680751173708
608895;419;0,004694835680751173708
608895;458;0,004694835680751173708
608895;475;0,004694835680751173708
608895;502;0,004694835680751173708
608895;609;0,004694835680751173708
608895;612;0,004694835680751173708
608895;738;0,032863849765258215962
608895;793;0,004694835680751173708
608895;956;0,004694835680751173708
608895;972;0,004694835680751173708
608895;988;0,004694835680751173708
608895;1196;0,004694835680751173708
608895;1243;0,004694835680751173708
608895;1255;0,004694835680751173708
608895;1406;0,004694835680751173708
608895;1503;0,004694835680751173708
608895;1569;0,004694835680751173708
608895;1589;0,032863849765258215962
608895;1623;0,009389671361502347417
608895;1702;0,004694835680751173708
608895;1762;0,004694835680751173708
608895;1763;0,004694835680751173708
608895;1873;0,004694835680751173708
608895;1913;0,004694835680751173708
608895;1963;0,004694835680751173708
608895;2137;0,004694835680751173708
608895;2269;0,004694835680751173708
608895;2280;0,004694835680751173708
608895;2337;0,004694835680751173708
608895;2374;0,018779342723004694835
608895;2440;0,004694835680751173708
608895;2515;0,004694835680751173708
608895;2585;0,004694835680751173708
608895;2607;0,037558685446009389671
608895;2655;0,004694835680751173708
608895;2704;0,004694835680751173708
608895;3188;0,004694835680751173708
608895;3189;0,004694835680751173708
608895;3219;0,004694835680751173708
608895;3374;0,004694835680751173708
608895;3436;0,004694835680751173708
608895;3829;0,004694835680751173708
608895;3859;0,004694835680751173708
608895;3871;0,004694835680751173708
608895;3891;0,004694835680751173708
608895;3996;0,004694835680751173708
608895;4098;0,004694835680751173708
608895;4179;0,004694835680751173708
608895;4247;0,004694835680751173708
608895;4334;0,004694835680751173708
608895;4486;0,004694835680751173708
608895;4667;0,004694835680751173708
608895;5005;0,004694835680751173708
608895;5083;0,004694835680751173708
608895;5177;0,004694835680751173708
608895;5306;0,004694835680751173708
608895;5484;0,004694835680751173708
608895;5521;0,004694835680751173708
608895;5626;0,004694835680751173708
608895;5682;0,004694835680751173708
608895;6372;0,004694835680751173708
608895;6856;0,004694835680751173708
608895;7941;0,004694835680751173708
608895;7968;0,004694835680751173708
608895;8223;0,004694835680751173708
608895;8873;0,023474178403755868544
608895;9015;0,004694835680751173708
608895;9376;0,004694835680751173708
608895;9468;0,004694835680751173708
608895;12441;0,004694835680751173708
608895;12936;0,004694835680751173708
608895;13239;0,004694835680751173708
608895;14050;0,004694835680751173708
608895;15682;0,004694835680751173708
608895;15863;0,004694835680751173708
608895;16527;0,032863849765258215962
608895;25488;0,004694835680751173708
608895;27951;0,004694835680751173708
608895;28027;0,004694835680751173708
608895;28834;0,004694835680751173708
608895;47352;0,004694835680751173708
608895;50332;0,004694835680751173708
608895;50959;0,004694835680751173708
608895;54879;0,004694835680751173708
608895;98068;0,046948356807511737089
608895;119483;0,023474178403755868544
608895;239970;0,023474178403755868544
608895;283638;0,023474178403755868544
608895;284852;0,023474178403755868544
608895;321395;0,032863849765258215962
608895;334473;0,023474178403755868544
608895;366869;0,037558685446009389671
608895;367121;0,046948356807511737089
608895;386794;0,023474178403755868544
608895;389498;0,032863849765258215962
608895;427048;0,023474178403755868544
608895;484680;0,014084507042253521126
612735;478;0,333333333333333333333
612735;27672;0,333333333333333333333
612735;604484;0,333333333333333333333
615495;27610;1,000000000000000000000
622466;131;0,500000000000000000000
622466;1263;0,166666666666666666666
622466;5638;0,166666666666666666666
622466;311584;0,166666666666666666666
623129;131;0,019230769230769230769
623129;277;0,019230769230769230769
623129;420;0,019230769230769230769
623129;845;0,288461538461538461538
623129;846;0,057692307692307692307
623129;982;0,115384615384615384615
623129;1041;0,153846153846153846153
623129;1263;0,038461538461538461538
623129;1437;0,076923076923076923076
623129;1724;0,038461538461538461538
623129;131383;0,019230769230769230769
623129;192866;0,076923076923076923076
623129;193005;0,038461538461538461538
623129;336640;0,019230769230769230769
623129;398787;0,019230769230769230769
629364;419;0,666666666666666666666
629364;3741;0,333333333333333333333
640335;7759;1,000000000000000000000
642255;275;0,003412969283276450511
642255;452;0,034129692832764505119
642255;502;0,006825938566552901023
642255;530;0,003412969283276450511
642255;531;0,006825938566552901023
642255;668;0,006825938566552901023
642255;754;0,006825938566552901023
642255;819;0,017064846416382252559
642255;876;0,744027303754266211604
642255;933;0,003412969283276450511
642255;1025;0,010238907849829351535
642255;1129;0,116040955631399317406
642255;1130;0,013651877133105802047
642255;1248;0,003412969283276450511
642255;1391;0,006825938566552901023
642255;1745;0,003412969283276450511
642255;3515;0,010238907849829351535
642255;321395;0,003412969283276450511
651622;1867;0,375000000000000000000
651622;4695;0,125000000000000000000
651622;9288;0,375000000000000000000
651622;11656;0,125000000000000000000
653116;5638;1,000000000000000000000
653504;1439;0,166666666666666666666
653504;1831;0,083333333333333333333
653504;3235;0,083333333333333333333
653504;3436;0,083333333333333333333
653504;5016;0,083333333333333333333
653504;25264;0,166666666666666666666
653504;38738;0,083333333333333333333
653504;47352;0,083333333333333333333
653504;374246;0,166666666666666666666
665791;452;0,235294117647058823529
665791;754;0,588235294117647058823
665791;876;0,117647058823529411764
665791;642255;0,058823529411764705882
666007;1589;1,000000000000000000000
671388;4179;0,166666666666666666666
671388;8830;0,333333333333333333333
671388;11330;0,166666666666666666666
671388;119483;0,166666666666666666666
671388;388810;0,166666666666666666666
687941;7;0,041666666666666666666
687941;638;0,041666666666666666666
687941;1135;0,125000000000000000000
687941;1587;0,041666666666666666666
687941;2078;0,041666666666666666666
687941;2993;0,041666666666666666666
687941;3496;0,083333333333333333333
687941;3667;0,041666666666666666666
687941;6930;0,041666666666666666666
687941;7585;0,041666666666666666666
687941;12563;0,041666666666666666666
687941;17260;0,041666666666666666666
687941;17262;0,041666666666666666666
687941;17267;0,083333333333333333333
687941;17611;0,041666666666666666666
687941;28475;0,041666666666666666666
687941;28506;0,041666666666666666666
687941;119973;0,041666666666666666666
687941;283281;0,041666666666666666666
687941;327099;0,041666666666666666666
693032;111;0,026315789473684210526
693032;183;0,052631578947368421052
693032;281;0,078947368421052631578
693032;452;0,039473684210526315789
693032;530;0,026315789473684210526
693032;531;0,026315789473684210526
693032;668;0,026315789473684210526
693032;719;0,026315789473684210526
693032;754;0,039473684210526315789
693032;819;0,039473684210526315789
693032;876;0,026315789473684210526
693032;933;0,026315789473684210526
693032;1025;0,026315789473684210526
693032;1129;0,118421052631578947368
693032;1130;0,026315789473684210526
693032;1278;0,039473684210526315789
693032;1370;0,144736842105263157894
693032;1391;0,026315789473684210526
693032;1647;0,026315789473684210526
693032;4173;0,026315789473684210526
693032;23720;0,026315789473684210526
693032;507180;0,026315789473684210526
693032;642255;0,026315789473684210526
693032;791903;0,052631578947368421052
701610;571;0,333333333333333333333
701610;725179;0,666666666666666666666
704910;1117;1,000000000000000000000
714174;2;0,107142857142857142857
714174;740;0,142857142857142857142
714174;1352;0,071428571428571428571
714174;3153;0,035714285714285714285
714174;3976;0,035714285714285714285
714174;5218;0,071428571428571428571
714174;13472;0,035714285714285714285
714174;14048;0,142857142857142857142
714174;23759;0,035714285714285714285
714174;27936;0,035714285714285714285
714174;27965;0,035714285714285714285
714174;191488;0,107142857142857142857
714174;491902;0,071428571428571428571
714174;1002558;0,071428571428571428571
715172;1606;0,062500000000000000000
715172;2175;0,500000000000000000000
715172;65998;0,187500000000000000000
715172;66075;0,250000000000000000000
725179;571;0,090909090909090909090
725179;1124;0,454545454545454545454
725179;1897;0,090909090909090909090
725179;22123;0,090909090909090909090
725179;701610;0,272727272727272727272
727998;546;0,700000000000000000000
727998;3975;0,300000000000000000000
728154;2046;0,500000000000000000000
728154;122436;0,500000000000000000000
743909;904;0,250000000000000000000
743909;945;0,250000000000000000000
743909;1946;0,083333333333333333333
743909;2140;0,083333333333333333333
743909;6000;0,083333333333333333333
743909;14010;0,083333333333333333333
743909;606725;0,083333333333333333333
743909;792462;0,083333333333333333333
744732;520;0,777777777777777777777
744732;1182;0,111111111111111111111
744732;4108;0,111111111111111111111
747808;65;0,031250000000000000000
747808;472;0,093750000000000000000
747808;748;0,031250000000000000000
747808;1079;0,031250000000000000000
747808;1286;0,031250000000000000000
747808;1552;0,031250000000000000000
747808;1754;0,187500000000000000000
747808;1762;0,031250000000000000000
747808;2844;0,062500000000000000000
747808;3427;0,031250000000000000000
747808;4991;0,125000000000000000000
747808;6721;0,062500000000000000000
747808;7598;0,031250000000000000000
747808;7626;0,031250000000000000000
747808;13799;0,031250000000000000000
747808;26347;0,062500000000000000000
747808;98068;0,093750000000000000000
752863;174;0,015384615384615384615
752863;220;0,015384615384615384615
752863;232;0,046153846153846153846
752863;313;0,046153846153846153846
752863;1014;0,015384615384615384615
752863;1064;0,046153846153846153846
752863;1186;0,046153846153846153846
752863;1321;0,046153846153846153846
752863;1455;0,046153846153846153846
752863;1563;0,030769230769230769230
752863;1565;0,015384615384615384615
752863;1567;0,015384615384615384615
752863;1608;0,030769230769230769230
752863;1629;0,015384615384615384615
752863;1632;0,046153846153846153846
752863;1692;0,046153846153846153846
752863;1693;0,030769230769230769230
752863;1694;0,046153846153846153846
752863;1697;0,015384615384615384615
752863;1698;0,030769230769230769230
752863;1705;0,030769230769230769230
752863;1708;0,015384615384615384615
752863;1709;0,046153846153846153846
752863;1763;0,015384615384615384615
752863;1906;0,046153846153846153846
752863;2470;0,030769230769230769230
752863;2825;0,015384615384615384615
752863;2826;0,030769230769230769230
752863;7994;0,046153846153846153846
752863;10093;0,015384615384615384615
752863;21502;0,046153846153846153846
752863;114536;0,015384615384615384615
767229;1637;1,000000000000000000000
771844;1632;0,400000000000000000000
771844;2479;0,600000000000000000000
788294;1498;1,000000000000000000000
789157;39;0,031250000000000000000
789157;266;0,031250000000000000000
789157;475;0,093750000000000000000
789157;738;0,062500000000000000000
789157;955;0,031250000000000000000
789157;1053;0,062500000000000000000
789157;1080;0,093750000000000000000
789157;1092;0,031250000000000000000
789157;1589;0,062500000000000000000
789157;2274;0,031250000000000000000
789157;2794;0,031250000000000000000
789157;3256;0,031250000000000000000
789157;3320;0,031250000000000000000
789157;3401;0,031250000000000000000
789157;5257;0,031250000000000000000
789157;6349;0,031250000000000000000
789157;6788;0,062500000000000000000
789157;6892;0,125000000000000000000
789157;9720;0,031250000000000000000
789157;9730;0,031250000000000000000
789157;27852;0,031250000000000000000
791903;281;0,375000000000000000000
791903;1129;0,175000000000000000000
791903;1370;0,250000000000000000000
791903;23720;0,025000000000000000000
791903;693032;0,175000000000000000000
792462;292;0,076923076923076923076
792462;1127;0,153846153846153846153
792462;1171;0,153846153846153846153
792462;1514;0,076923076923076923076
792462;3420;0,076923076923076923076
792462;5513;0,076923076923076923076
792462;7975;0,076923076923076923076
792462;12356;0,076923076923076923076
792462;12563;0,153846153846153846153
792462;119973;0,076923076923076923076
851827;865;0,400000000000000000000
851827;3318;0,400000000000000000000
851827;6297;0,200000000000000000000
862844;495830;1,000000000000000000000
881832;3141;1,000000000000000000000
883847;157662;1,000000000000000000000
886788;941;0,500000000000000000000
886788;2990;0,500000000000000000000
891311;479;1,000000000000000000000
898658;826;0,500000000000000000000
898658;2015;0,500000000000000000000
906176;100;0,030000000000000000000
906176;425;0,010000000000000000000
906176;427;0,010000000000000000000
906176;695;0,060000000000000000000
906176;1169;0,020000000000000000000
906176;1397;0,010000000000000000000
906176;3523;0,310000000000000000000
906176;5628;0,030000000000000000000
906176;12817;0,010000000000000000000
906176;59745;0,050000000000000000000
906176;78108;0,070000000000000000000
906176;98841;0,010000000000000000000
906176;189452;0,020000000000000000000
906176;366089;0,050000000000000000000
906176;408414;0,010000000000000000000
906176;499117;0,010000000000000000000
906176;533535;0,020000000000000000000
906176;940328;0,260000000000000000000
906176;967766;0,010000000000000000000
931417;232;0,075630252100840336134
931417;437;0,033613445378151260504
931417;812;0,016806722689075630252
931417;1014;0,033613445378151260504
931417;1036;0,042016806722689075630
931417;1064;0,025210084033613445378
931417;1561;0,016806722689075630252
931417;1562;0,016806722689075630252
931417;1563;0,025210084033613445378
931417;1564;0,016806722689075630252
931417;1565;0,016806722689075630252
931417;1567;0,058823529411764705882
931417;1608;0,042016806722689075630
931417;1609;0,016806722689075630252
931417;1610;0,016806722689075630252
931417;1687;0,008403361344537815126
931417;1688;0,008403361344537815126
931417;1691;0,025210084033613445378
931417;1700;0,025210084033613445378
931417;1702;0,008403361344537815126
931417;1766;0,042016806722689075630
931417;1883;0,016806722689075630252
931417;1887;0,033613445378151260504
931417;1906;0,042016806722689075630
931417;2470;0,050420168067226890756
931417;2890;0,016806722689075630252
931417;4245;0,016806722689075630252
931417;4518;0,067226890756302521008
931417;4526;0,008403361344537815126
931417;5601;0,008403361344537815126
931417;6072;0,016806722689075630252
931417;6634;0,008403361344537815126
931417;6940;0,016806722689075630252
931417;9694;0,016806722689075630252
931417;10176;0,025210084033613445378
931417;10177;0,033613445378151260504
931417;10178;0,016806722689075630252
931417;19176;0,008403361344537815126
931417;21396;0,008403361344537815126
931417;747847;0,016806722689075630252
940328;71;0,021739130434782608695
940328;100;0,021739130434782608695
940328;420;0,021739130434782608695
940328;695;0,065217391304347826086
940328;3523;0,086956521739130434782
940328;7130;0,021739130434782608695
940328;27297;0,021739130434782608695
940328;78108;0,369565217391304347826
940328;366089;0,021739130434782608695
940328;906176;0,347826086956521739130
960642;7686;1,000000000000000000000
965643;2543;0,100000000000000000000
965643;2991;0,900000000000000000000
967766;906176;1,000000000000000000000
995380;20662;1,000000000000000000000
1002558;714174;1,000000000000000000000
