22;2043;1,000000000000000000000
32;1173;1,000000000000000000000
39;964;0,400000000000000000000
39;1600;0,400000000000000000000
39;3877;0,200000000000000000000
46;1632;0,500000000000000000000
46;1697;0,500000000000000000000
48;3728;1,000000000000000000000
54;995;0,111111111111111111111
54;1225;0,111111111111111111111
54;2792;0,222222222222222222222
54;4020;0,111111111111111111111
54;5149;0,111111111111111111111
54;13720;0,111111111111111111111
54;54440;0,111111111111111111111
54;415767;0,111111111111111111111
65;878;0,166666666666666666666
65;1122;0,166666666666666666666
65;2147;0,166666666666666666666
65;4274;0,166666666666666666666
65;9395;0,166666666666666666666
65;499117;0,166666666666666666666
71;131;0,100000000000000000000
71;194;0,300000000000000000000
71;628;0,200000000000000000000
71;845;0,100000000000000000000
71;3940;0,100000000000000000000
71;192866;0,100000000000000000000
71;366089;0,100000000000000000000
72;1569;1,000000000000000000000
73;550;1,000000000000000000000
74;689;0,571428571428571428571
74;3763;0,142857142857142857142
74;4179;0,142857142857142857142
74;6440;0,142857142857142857142
80;502;0,083333333333333333333
80;531;0,250000000000000000000
80;876;0,166666666666666666666
80;1131;0,083333333333333333333
80;1248;0,083333333333333333333
80;3443;0,083333333333333333333
80;3515;0,083333333333333333333
80;3625;0,083333333333333333333
80;321395;0,083333333333333333333
83;689;1,000000000000000000000
96;237;0,175000000000000000000
96;249;0,100000000000000000000
96;261;0,125000000000000000000
96;615;0,050000000000000000000
96;1141;0,025000000000000000000
96;1156;0,025000000000000000000
96;2510;0,025000000000000000000
96;3045;0,125000000000000000000
96;3174;0,050000000000000000000
96;3219;0,150000000000000000000
96;3753;0,050000000000000000000
96;3867;0,025000000000000000000
96;4825;0,025000000000000000000
96;31343;0,025000000000000000000
96;98841;0,025000000000000000000
104;163;0,285714285714285714285
104;1476;0,142857142857142857142
104;1498;0,571428571428571428571
108;349;0,500000000000000000000
108;1340;0,500000000000000000000
115;490;0,136363636363636363636
115;689;0,045454545454545454545
115;1864;0,045454545454545454545
115;1949;0,045454545454545454545
115;2199;0,045454545454545454545
115;3481;0,045454545454545454545
115;6468;0,090909090909090909090
115;335189;0,181818181818181818181
115;343358;0,227272727272727272727
115;383630;0,136363636363636363636
119;596;0,400000000000000000000
119;658;0,100000000000000000000
119;1065;0,100000000000000000000
119;1254;0,100000000000000000000
119;3104;0,100000000000000000000
119;3135;0,100000000000000000000
119;15895;0,100000000000000000000
127;1286;0,166666666666666666666
127;2223;0,166666666666666666666
127;2825;0,166666666666666666666
127;3748;0,166666666666666666666
127;6316;0,166666666666666666666
127;7874;0,166666666666666666666
132;689;1,000000000000000000000
135;13;0,047619047619047619047
135;122;0,047619047619047619047
135;183;0,190476190476190476190
135;254;0,047619047619047619047
135;956;0,047619047619047619047
135;980;0,095238095238095238095
135;1117;0,047619047619047619047
135;1234;0,047619047619047619047
135;1278;0,047619047619047619047
135;1939;0,095238095238095238095
135;2111;0,047619047619047619047
135;2661;0,047619047619047619047
135;2713;0,047619047619047619047
135;4020;0,095238095238095238095
135;8539;0,047619047619047619047
138;4205;0,333333333333333333333
138;4206;0,333333333333333333333
138;604246;0,333333333333333333333
148;38;0,500000000000000000000
148;8306;0,500000000000000000000
149;1694;1,000000000000000000000
163;17;0,023255813953488372093
163;69;0,023255813953488372093
163;104;0,011627906976744186046
163;172;0,034883720930232558139
163;768;0,023255813953488372093
163;772;0,023255813953488372093
163;777;0,023255813953488372093
163;822;0,023255813953488372093
163;937;0,023255813953488372093
163;1054;0,011627906976744186046
163;1100;0,011627906976744186046
163;1483;0,023255813953488372093
163;1598;0,023255813953488372093
163;1613;0,023255813953488372093
163;1915;0,023255813953488372093
163;1991;0,023255813953488372093
163;2105;0,023255813953488372093
163;2427;0,023255813953488372093
163;2609;0,023255813953488372093
163;3152;0,023255813953488372093
163;3293;0,023255813953488372093
163;3306;0,011627906976744186046
163;4283;0,046511627906976744186
163;4299;0,023255813953488372093
163;4361;0,023255813953488372093
163;4429;0,023255813953488372093
163;4430;0,023255813953488372093
163;4431;0,023255813953488372093
163;4432;0,023255813953488372093
163;4438;0,023255813953488372093
163;4452;0,023255813953488372093
163;4454;0,023255813953488372093
163;4464;0,023255813953488372093
163;4466;0,023255813953488372093
163;4470;0,011627906976744186046
163;4471;0,023255813953488372093
163;4772;0,023255813953488372093
163;8611;0,023255813953488372093
163;10507;0,023255813953488372093
163;28381;0,023255813953488372093
163;28567;0,023255813953488372093
163;28970;0,023255813953488372093
163;308968;0,023255813953488372093
163;475686;0,023255813953488372093
166;1055;0,333333333333333333333
166;3773;0,666666666666666666666
172;163;0,400000000000000000000
172;7713;0,200000000000000000000
172;59745;0,400000000000000000000
174;437;0,181818181818181818181
174;1064;0,090909090909090909090
174;1173;0,181818181818181818181
174;1454;0,090909090909090909090
174;1681;0,090909090909090909090
174;1906;0,090909090909090909090
174;21502;0,090909090909090909090
174;752863;0,181818181818181818181
179;211;0,500000000000000000000
179;12755;0,500000000000000000000
183;135;0,600000000000000000000
183;530;0,200000000000000000000
183;3418;0,200000000000000000000
184;4621;0,666666666666666666666
184;381254;0,333333333333333333333
189;609;0,250000000000000000000
189;4576;0,500000000000000000000
189;7756;0,250000000000000000000
190;1401;0,500000000000000000000
190;2146;0,500000000000000000000
192;995;0,125000000000000000000
192;1122;0,125000000000000000000
192;5214;0,125000000000000000000
192;5564;0,500000000000000000000
192;10946;0,125000000000000000000
194;71;0,142857142857142857142
194;628;0,214285714285714285714
194;700;0,035714285714285714285
194;1754;0,178571428571428571428
194;1925;0,035714285714285714285
194;1940;0,107142857142857142857
194;59745;0,035714285714285714285
194;349041;0,178571428571428571428
194;366089;0,035714285714285714285
194;453859;0,035714285714285714285
201;3891;1,000000000000000000000
206;4070;1,000000000000000000000
213;747;1,000000000000000000000
218;1762;1,000000000000000000000
219;324;0,250000000000000000000
219;502;0,250000000000000000000
219;2436;0,250000000000000000000
219;2517;0,250000000000000000000
220;1187;0,500000000000000000000
220;2367;0,500000000000000000000
232;752863;1,000000000000000000000
241;1827;0,750000000000000000000
241;3838;0,250000000000000000000
242;2736;0,833333333333333333333
242;2739;0,166666666666666666666
244;770;0,666666666666666666666
244;6353;0,333333333333333333333
246;2678;1,000000000000000000000
247;1779;1,000000000000000000000
248;267;0,250000000000000000000
248;2474;0,500000000000000000000
248;2716;0,250000000000000000000
249;96;0,090909090909090909090
249;689;0,181818181818181818181
249;1526;0,090909090909090909090
249;4313;0,090909090909090909090
249;4825;0,090909090909090909090
249;245879;0,454545454545454545454
250;285;1,000000000000000000000
253;85;0,500000000000000000000
253;283638;0,500000000000000000000
256;54;1,000000000000000000000
261;96;0,222222222222222222222
261;237;0,500000000000000000000
261;283;0,055555555555555555555
261;1141;0,055555555555555555555
261;2133;0,055555555555555555555
261;533535;0,111111111111111111111
263;845;0,500000000000000000000
263;982;0,500000000000000000000
266;3944;0,200000000000000000000
266;8350;0,400000000000000000000
266;22123;0,400000000000000000000
267;248;0,200000000000000000000
267;251;0,200000000000000000000
267;1513;0,200000000000000000000
267;2139;0,200000000000000000000
267;216172;0,200000000000000000000
268;615;1,000000000000000000000
276;135;0,083333333333333333333
276;354;0,166666666666666666666
276;662;0,083333333333333333333
276;695;0,250000000000000000000
276;835;0,166666666666666666666
276;41776;0,166666666666666666666
276;140271;0,083333333333333333333
279;2510;0,333333333333333333333
279;7116;0,666666666666666666666
283;249;0,066666666666666666666
283;277;0,066666666666666666666
283;1141;0,066666666666666666666
283;1142;0,266666666666666666666
283;1314;0,066666666666666666666
283;1639;0,066666666666666666666
283;2863;0,066666666666666666666
283;3381;0,066666666666666666666
283;4359;0,133333333333333333333
283;5628;0,066666666666666666666
283;329272;0,066666666666666666666
284;285;1,000000000000000000000
287;14;0,111111111111111111111
287;28;0,111111111111111111111
287;440;0,111111111111111111111
287;1216;0,111111111111111111111
287;2073;0,555555555555555555555
288;1293;0,142857142857142857142
288;2678;0,142857142857142857142
288;3978;0,285714285714285714285
288;282773;0,285714285714285714285
288;393418;0,142857142857142857142
290;246;1,000000000000000000000
291;13;0,200000000000000000000
291;59745;0,400000000000000000000
291;113392;0,200000000000000000000
291;659899;0,200000000000000000000
292;12563;1,000000000000000000000
302;28780;1,000000000000000000000
306;4576;1,000000000000000000000
311;291;0,083333333333333333333
311;304;0,083333333333333333333
311;602;0,166666666666666666666
311;8175;0,083333333333333333333
311;9356;0,083333333333333333333
311;21986;0,083333333333333333333
311;28118;0,083333333333333333333
311;28130;0,083333333333333333333
311;28156;0,083333333333333333333
311;48826;0,083333333333333333333
311;968148;0,083333333333333333333
313;13195;0,500000000000000000000
313;752863;0,500000000000000000000
317;318;0,928571428571428571428
317;2445;0,071428571428571428571
318;317;0,600000000000000000000
318;2099;0,200000000000000000000
318;7577;0,200000000000000000000
320;1596;0,300000000000000000000
320;2792;0,300000000000000000000
320;7209;0,300000000000000000000
320;8912;0,100000000000000000000
324;502;1,000000000000000000000
334;729;0,166666666666666666666
334;1556;0,166666666666666666666
334;1986;0,333333333333333333333
334;3029;0,166666666666666666666
334;3557;0,166666666666666666666
337;410;1,000000000000000000000
341;742;0,500000000000000000000
341;4831;0,500000000000000000000
349;108;1,000000000000000000000
352;4273;1,000000000000000000000
354;352;0,272727272727272727272
354;1598;0,090909090909090909090
354;1945;0,272727272727272727272
354;1946;0,090909090909090909090
354;7755;0,272727272727272727272
373;2503;1,000000000000000000000
375;189;0,333333333333333333333
375;1840;0,333333333333333333333
375;11734;0,333333333333333333333
379;1754;0,250000000000000000000
379;2547;0,500000000000000000000
379;12964;0,250000000000000000000
380;1769;0,363636363636363636363
380;4719;0,090909090909090909090
380;5464;0,272727272727272727272
380;8580;0,090909090909090909090
380;28617;0,090909090909090909090
380;409930;0,090909090909090909090
388;375;0,076923076923076923076
388;391;0,230769230769230769230
388;394;0,076923076923076923076
388;399;0,076923076923076923076
388;405;0,076923076923076923076
388;409;0,076923076923076923076
388;419;0,076923076923076923076
388;1218;0,076923076923076923076
388;1466;0,076923076923076923076
388;6262;0,076923076923076923076
388;7906;0,076923076923076923076
391;388;0,500000000000000000000
391;405;0,250000000000000000000
391;14907;0,250000000000000000000
392;2140;0,500000000000000000000
392;5360;0,500000000000000000000
393;1178;0,500000000000000000000
393;28344;0,500000000000000000000
395;393;1,000000000000000000000
399;689;0,250000000000000000000
399;4498;0,750000000000000000000
400;12563;1,000000000000000000000
403;10341;1,000000000000000000000
404;689;1,000000000000000000000
407;458;0,250000000000000000000
407;1897;0,250000000000000000000
407;5626;0,500000000000000000000
410;805;0,800000000000000000000
410;4078;0,200000000000000000000
411;1069;0,071428571428571428571
411;1137;0,071428571428571428571
411;1397;0,071428571428571428571
411;1447;0,071428571428571428571
411;1728;0,142857142857142857142
411;1729;0,071428571428571428571
411;1762;0,071428571428571428571
411;2961;0,071428571428571428571
411;3214;0,142857142857142857142
411;5168;0,071428571428571428571
411;15682;0,071428571428571428571
411;28338;0,071428571428571428571
413;412;1,000000000000000000000
418;1466;1,000000000000000000000
419;608895;1,000000000000000000000
420;131;0,166666666666666666666
420;240;0,083333333333333333333
420;475;0,083333333333333333333
420;999;0,083333333333333333333
420;6960;0,583333333333333333333
427;131;1,000000000000000000000
428;738;1,000000000000000000000
441;4344;0,333333333333333333333
441;5077;0,666666666666666666666
442;1574;1,000000000000000000000
453;326;0,333333333333333333333
453;13498;0,666666666666666666666
466;5564;1,000000000000000000000
469;8489;1,000000000000000000000
472;984;0,090909090909090909090
472;1754;0,090909090909090909090
472;1917;0,090909090909090909090
472;3503;0,272727272727272727272
472;5155;0,090909090909090909090
472;8363;0,090909090909090909090
472;12864;0,090909090909090909090
472;349041;0,181818181818181818181
479;793;0,142857142857142857142
479;1171;0,142857142857142857142
479;1314;0,142857142857142857142
479;2306;0,142857142857142857142
479;4222;0,142857142857142857142
479;5013;0,142857142857142857142
479;8473;0,142857142857142857142
490;115;0,500000000000000000000
490;899;0,500000000000000000000
496;622;1,000000000000000000000
497;7759;1,000000000000000000000
498;11;0,001468428781204111600
498;12;0,004405286343612334801
498;13;0,002936857562408223201
498;14;0,001468428781204111600
498;17;0,001468428781204111600
498;24;0,001468428781204111600
498;45;0,001468428781204111600
498;50;0,001468428781204111600
498;54;0,001468428781204111600
498;63;0,001468428781204111600
498;65;0,001468428781204111600
498;74;0,001468428781204111600
498;82;0,001468428781204111600
498;101;0,001468428781204111600
498;104;0,001468428781204111600
498;115;0,001468428781204111600
498;132;0,001468428781204111600
498;146;0,001468428781204111600
498;155;0,001468428781204111600
498;160;0,001468428781204111600
498;181;0,001468428781204111600
498;186;0,001468428781204111600
498;234;0,001468428781204111600
498;246;0,001468428781204111600
498;250;0,001468428781204111600
498;303;0,001468428781204111600
498;304;0,001468428781204111600
498;311;0,001468428781204111600
498;356;0,001468428781204111600
498;375;0,001468428781204111600
498;389;0,001468428781204111600
498;396;0,001468428781204111600
498;399;0,001468428781204111600
498;400;0,001468428781204111600
498;403;0,001468428781204111600
498;404;0,001468428781204111600
498;405;0,001468428781204111600
498;409;0,001468428781204111600
498;410;0,001468428781204111600
498;411;0,001468428781204111600
498;418;0,001468428781204111600
498;422;0,001468428781204111600
498;427;0,001468428781204111600
498;428;0,001468428781204111600
498;440;0,001468428781204111600
498;454;0,001468428781204111600
498;478;0,001468428781204111600
498;494;0,001468428781204111600
498;497;0,001468428781204111600
498;499;0,001468428781204111600
498;507;0,001468428781204111600
498;522;0,001468428781204111600
498;523;0,001468428781204111600
498;533;0,001468428781204111600
498;543;0,001468428781204111600
498;558;0,001468428781204111600
498;609;0,001468428781204111600
498;617;0,001468428781204111600
498;652;0,001468428781204111600
498;658;0,001468428781204111600
498;681;0,001468428781204111600
498;685;0,001468428781204111600
498;703;0,001468428781204111600
498;706;0,001468428781204111600
498;737;0,001468428781204111600
498;768;0,001468428781204111600
498;781;0,001468428781204111600
498;784;0,001468428781204111600
498;798;0,001468428781204111600
498;808;0,001468428781204111600
498;812;0,001468428781204111600
498;828;0,001468428781204111600
498;829;0,001468428781204111600
498;839;0,001468428781204111600
498;848;0,001468428781204111600
498;851;0,001468428781204111600
498;855;0,001468428781204111600
498;864;0,001468428781204111600
498;869;0,001468428781204111600
498;883;0,001468428781204111600
498;886;0,001468428781204111600
498;891;0,001468428781204111600
498;911;0,001468428781204111600
498;937;0,001468428781204111600
498;952;0,001468428781204111600
498;956;0,001468428781204111600
498;964;0,001468428781204111600
498;967;0,001468428781204111600
498;983;0,001468428781204111600
498;997;0,001468428781204111600
498;1004;0,001468428781204111600
498;1016;0,001468428781204111600
498;1020;0,001468428781204111600
498;1022;0,001468428781204111600
498;1033;0,001468428781204111600
498;1034;0,001468428781204111600
498;1035;0,001468428781204111600
498;1036;0,001468428781204111600
498;1042;0,001468428781204111600
498;1046;0,001468428781204111600
498;1064;0,001468428781204111600
498;1068;0,001468428781204111600
498;1069;0,001468428781204111600
498;1082;0,001468428781204111600
498;1083;0,001468428781204111600
498;1092;0,001468428781204111600
498;1124;0,001468428781204111600
498;1140;0,001468428781204111600
498;1145;0,001468428781204111600
498;1173;0,001468428781204111600
498;1220;0,001468428781204111600
498;1221;0,001468428781204111600
498;1222;0,001468428781204111600
498;1225;0,001468428781204111600
498;1239;0,001468428781204111600
498;1254;0,001468428781204111600
498;1261;0,001468428781204111600
498;1313;0,001468428781204111600
498;1335;0,001468428781204111600
498;1347;0,001468428781204111600
498;1352;0,001468428781204111600
498;1366;0,001468428781204111600
498;1393;0,001468428781204111600
498;1402;0,001468428781204111600
498;1405;0,001468428781204111600
498;1434;0,001468428781204111600
498;1439;0,001468428781204111600
498;1454;0,001468428781204111600
498;1476;0,001468428781204111600
498;1482;0,001468428781204111600
498;1495;0,001468428781204111600
498;1497;0,001468428781204111600
498;1498;0,001468428781204111600
498;1500;0,001468428781204111600
498;1501;0,001468428781204111600
498;1517;0,001468428781204111600
498;1561;0,001468428781204111600
498;1563;0,001468428781204111600
498;1565;0,001468428781204111600
498;1596;0,001468428781204111600
498;1600;0,001468428781204111600
498;1608;0,001468428781204111600
498;1609;0,001468428781204111600
498;1612;0,001468428781204111600
498;1634;0,001468428781204111600
498;1657;0,001468428781204111600
498;1667;0,001468428781204111600
498;1685;0,001468428781204111600
498;1690;0,001468428781204111600
498;1696;0,001468428781204111600
498;1699;0,001468428781204111600
498;1701;0,001468428781204111600
498;1702;0,001468428781204111600
498;1705;0,001468428781204111600
498;1706;0,001468428781204111600
498;1713;0,001468428781204111600
498;1724;0,001468428781204111600
498;1727;0,001468428781204111600
498;1749;0,001468428781204111600
498;1762;0,001468428781204111600
498;1810;0,001468428781204111600
498;1824;0,001468428781204111600
498;1841;0,001468428781204111600
498;1843;0,001468428781204111600
498;1844;0,001468428781204111600
498;1854;0,001468428781204111600
498;1855;0,001468428781204111600
498;1862;0,001468428781204111600
498;1892;0,001468428781204111600
498;1894;0,001468428781204111600
498;1897;0,001468428781204111600
498;1906;0,001468428781204111600
498;1915;0,001468428781204111600
498;1956;0,001468428781204111600
498;1974;0,001468428781204111600
498;1979;0,001468428781204111600
498;1985;0,001468428781204111600
498;1997;0,001468428781204111600
498;2004;0,001468428781204111600
498;2059;0,001468428781204111600
498;2066;0,001468428781204111600
498;2080;0,001468428781204111600
498;2091;0,001468428781204111600
498;2112;0,001468428781204111600
498;2150;0,001468428781204111600
498;2162;0,001468428781204111600
498;2179;0,001468428781204111600
498;2184;0,001468428781204111600
498;2188;0,001468428781204111600
498;2191;0,001468428781204111600
498;2216;0,001468428781204111600
498;2264;0,001468428781204111600
498;2280;0,001468428781204111600
498;2337;0,001468428781204111600
498;2371;0,001468428781204111600
498;2414;0,001468428781204111600
498;2427;0,001468428781204111600
498;2433;0,001468428781204111600
498;2440;0,001468428781204111600
498;2445;0,001468428781204111600
498;2455;0,001468428781204111600
498;2464;0,001468428781204111600
498;2482;0,001468428781204111600
498;2494;0,001468428781204111600
498;2498;0,001468428781204111600
498;2515;0,001468428781204111600
498;2555;0,001468428781204111600
498;2621;0,001468428781204111600
498;2647;0,001468428781204111600
498;2657;0,001468428781204111600
498;2678;0,001468428781204111600
498;2731;0,001468428781204111600
498;2734;0,001468428781204111600
498;2746;0,001468428781204111600
498;2823;0,001468428781204111600
498;2825;0,001468428781204111600
498;2826;0,001468428781204111600
498;2832;0,001468428781204111600
498;2847;0,001468428781204111600
498;2916;0,001468428781204111600
498;2932;0,001468428781204111600
498;2940;0,001468428781204111600
498;2950;0,001468428781204111600
498;2961;0,001468428781204111600
498;2990;0,001468428781204111600
498;3038;0,001468428781204111600
498;3080;0,001468428781204111600
498;3088;0,001468428781204111600
498;3100;0,001468428781204111600
498;3108;0,001468428781204111600
498;3116;0,001468428781204111600
498;3123;0,001468428781204111600
498;3128;0,001468428781204111600
498;3142;0,001468428781204111600
498;3178;0,001468428781204111600
498;3180;0,001468428781204111600
498;3189;0,001468428781204111600
498;3197;0,001468428781204111600
498;3207;0,001468428781204111600
498;3241;0,001468428781204111600
498;3250;0,001468428781204111600
498;3251;0,001468428781204111600
498;3273;0,001468428781204111600
498;3284;0,001468428781204111600
498;3315;0,001468428781204111600
498;3328;0,001468428781204111600
498;3346;0,001468428781204111600
498;3347;0,001468428781204111600
498;3372;0,001468428781204111600
498;3408;0,001468428781204111600
498;3420;0,001468428781204111600
498;3427;0,001468428781204111600
498;3436;0,001468428781204111600
498;3441;0,001468428781204111600
498;3446;0,001468428781204111600
498;3449;0,001468428781204111600
498;3463;0,001468428781204111600
498;3465;0,001468428781204111600
498;3473;0,001468428781204111600
498;3480;0,001468428781204111600
498;3481;0,001468428781204111600
498;3535;0,001468428781204111600
498;3567;0,001468428781204111600
498;3590;0,001468428781204111600
498;3610;0,001468428781204111600
498;3650;0,001468428781204111600
498;3678;0,001468428781204111600
498;3763;0,001468428781204111600
498;3829;0,001468428781204111600
498;3836;0,001468428781204111600
498;3842;0,001468428781204111600
498;3869;0,001468428781204111600
498;3870;0,001468428781204111600
498;3876;0,001468428781204111600
498;3877;0,001468428781204111600
498;3960;0,001468428781204111600
498;3971;0,001468428781204111600
498;3999;0,001468428781204111600
498;4080;0,001468428781204111600
498;4081;0,001468428781204111600
498;4089;0,001468428781204111600
498;4091;0,001468428781204111600
498;4145;0,001468428781204111600
498;4146;0,001468428781204111600
498;4160;0,001468428781204111600
498;4205;0,001468428781204111600
498;4245;0,001468428781204111600
498;4268;0,001468428781204111600
498;4281;0,001468428781204111600
498;4299;0,001468428781204111600
498;4350;0,001468428781204111600
498;4372;0,001468428781204111600
498;4374;0,001468428781204111600
498;4380;0,001468428781204111600
498;4401;0,001468428781204111600
498;4424;0,001468428781204111600
498;4429;0,001468428781204111600
498;4430;0,001468428781204111600
498;4433;0,001468428781204111600
498;4434;0,001468428781204111600
498;4445;0,001468428781204111600
498;4453;0,001468428781204111600
498;4463;0,001468428781204111600
498;4464;0,001468428781204111600
498;4467;0,001468428781204111600
498;4471;0,001468428781204111600
498;4472;0,001468428781204111600
498;4474;0,001468428781204111600
498;4475;0,001468428781204111600
498;4476;0,001468428781204111600
498;4486;0,001468428781204111600
498;4493;0,001468428781204111600
498;4533;0,001468428781204111600
498;4570;0,001468428781204111600
498;4609;0,001468428781204111600
498;4627;0,001468428781204111600
498;4728;0,001468428781204111600
498;4786;0,001468428781204111600
498;4787;0,001468428781204111600
498;4814;0,001468428781204111600
498;4874;0,001468428781204111600
498;4877;0,001468428781204111600
498;4919;0,001468428781204111600
498;4991;0,001468428781204111600
498;4995;0,001468428781204111600
498;4998;0,001468428781204111600
498;5003;0,001468428781204111600
498;5008;0,001468428781204111600
498;5013;0,001468428781204111600
498;5016;0,001468428781204111600
498;5019;0,001468428781204111600
498;5037;0,001468428781204111600
498;5042;0,001468428781204111600
498;5061;0,001468428781204111600
498;5083;0,001468428781204111600
498;5088;0,001468428781204111600
498;5119;0,001468428781204111600
498;5125;0,001468428781204111600
498;5136;0,001468428781204111600
498;5155;0,001468428781204111600
498;5175;0,001468428781204111600
498;5227;0,001468428781204111600
498;5245;0,001468428781204111600
498;5306;0,001468428781204111600
498;5332;0,001468428781204111600
498;5354;0,001468428781204111600
498;5438;0,001468428781204111600
498;5459;0,001468428781204111600
498;5470;0,001468428781204111600
498;5481;0,001468428781204111600
498;5487;0,001468428781204111600
498;5521;0,001468428781204111600
498;5557;0,001468428781204111600
498;5571;0,001468428781204111600
498;5613;0,001468428781204111600
498;5626;0,001468428781204111600
498;5638;0,001468428781204111600
498;5790;0,001468428781204111600
498;5800;0,001468428781204111600
498;5896;0,001468428781204111600
498;5918;0,001468428781204111600
498;6132;0,001468428781204111600
498;6297;0,001468428781204111600
498;6349;0,001468428781204111600
498;6372;0,001468428781204111600
498;6472;0,001468428781204111600
498;6496;0,001468428781204111600
498;6513;0,001468428781204111600
498;6532;0,001468428781204111600
498;6557;0,001468428781204111600
498;6581;0,001468428781204111600
498;6734;0,001468428781204111600
498;6856;0,001468428781204111600
498;6892;0,001468428781204111600
498;6915;0,001468428781204111600
498;6918;0,001468428781204111600
498;6991;0,001468428781204111600
498;7072;0,001468428781204111600
498;7183;0,001468428781204111600
498;7215;0,001468428781204111600
498;7281;0,001468428781204111600
498;7301;0,001468428781204111600
498;7478;0,001468428781204111600
498;7521;0,001468428781204111600
498;7532;0,001468428781204111600
498;7571;0,001468428781204111600
498;7630;0,001468428781204111600
498;7650;0,001468428781204111600
498;7717;0,001468428781204111600
498;7802;0,001468428781204111600
498;7873;0,001468428781204111600
498;7895;0,001468428781204111600
498;7920;0,001468428781204111600
498;8003;0,001468428781204111600
498;8050;0,001468428781204111600
498;8062;0,001468428781204111600
498;8071;0,001468428781204111600
498;8095;0,001468428781204111600
498;8113;0,001468428781204111600
498;8163;0,001468428781204111600
498;8200;0,001468428781204111600
498;8203;0,001468428781204111600
498;8213;0,001468428781204111600
498;8348;0,001468428781204111600
498;8353;0,001468428781204111600
498;8372;0,001468428781204111600
498;8383;0,001468428781204111600
498;8396;0,001468428781204111600
498;8437;0,001468428781204111600
498;8443;0,001468428781204111600
498;8450;0,001468428781204111600
498;8467;0,001468428781204111600
498;8475;0,001468428781204111600
498;8476;0,001468428781204111600
498;8510;0,001468428781204111600
498;8525;0,001468428781204111600
498;8539;0,001468428781204111600
498;8698;0,001468428781204111600
498;8723;0,001468428781204111600
498;8738;0,001468428781204111600
498;8744;0,001468428781204111600
498;8750;0,001468428781204111600
498;8754;0,001468428781204111600
498;8909;0,001468428781204111600
498;8912;0,001468428781204111600
498;8985;0,001468428781204111600
498;9066;0,001468428781204111600
498;9226;0,001468428781204111600
498;9296;0,001468428781204111600
498;9330;0,001468428781204111600
498;9338;0,001468428781204111600
498;9376;0,001468428781204111600
498;9382;0,001468428781204111600
498;9393;0,001468428781204111600
498;9409;0,001468428781204111600
498;9422;0,001468428781204111600
498;9436;0,001468428781204111600
498;9437;0,001468428781204111600
498;9462;0,001468428781204111600
498;9476;0,001468428781204111600
498;9489;0,001468428781204111600
498;9660;0,001468428781204111600
498;9718;0,001468428781204111600
498;9719;0,001468428781204111600
498;9720;0,001468428781204111600
498;9729;0,001468428781204111600
498;9908;0,001468428781204111600
498;9909;0,001468428781204111600
498;9910;0,001468428781204111600
498;9960;0,001468428781204111600
498;10019;0,001468428781204111600
498;10175;0,001468428781204111600
498;10177;0,001468428781204111600
498;10341;0,001468428781204111600
498;10606;0,001468428781204111600
498;10640;0,001468428781204111600
498;10724;0,001468428781204111600
498;10744;0,001468428781204111600
498;10941;0,001468428781204111600
498;11004;0,001468428781204111600
498;11229;0,001468428781204111600
498;11231;0,001468428781204111600
498;11833;0,001468428781204111600
498;11869;0,001468428781204111600
498;11921;0,001468428781204111600
498;12001;0,001468428781204111600
498;12165;0,001468428781204111600
498;12247;0,001468428781204111600
498;12385;0,001468428781204111600
498;12390;0,001468428781204111600
498;12393;0,001468428781204111600
498;12418;0,001468428781204111600
498;12441;0,001468428781204111600
498;12577;0,001468428781204111600
498;12664;0,001468428781204111600
498;12670;0,001468428781204111600
498;12685;0,001468428781204111600
498;12755;0,001468428781204111600
498;12765;0,001468428781204111600
498;12769;0,001468428781204111600
498;12772;0,001468428781204111600
498;12964;0,001468428781204111600
498;13095;0,001468428781204111600
498;13158;0,001468428781204111600
498;13178;0,001468428781204111600
498;13239;0,001468428781204111600
498;13367;0,001468428781204111600
498;13428;0,001468428781204111600
498;13429;0,001468428781204111600
498;13452;0,001468428781204111600
498;13537;0,001468428781204111600
498;13545;0,001468428781204111600
498;13580;0,001468428781204111600
498;13583;0,001468428781204111600
498;13623;0,001468428781204111600
498;13676;0,001468428781204111600
498;13907;0,001468428781204111600
498;14050;0,001468428781204111600
498;14072;0,001468428781204111600
498;14179;0,001468428781204111600
498;14184;0,001468428781204111600
498;14653;0,001468428781204111600
498;14683;0,001468428781204111600
498;14899;0,001468428781204111600
498;14907;0,001468428781204111600
498;15643;0,001468428781204111600
498;15682;0,001468428781204111600
498;15721;0,001468428781204111600
498;15737;0,001468428781204111600
498;15762;0,001468428781204111600
498;15888;0,001468428781204111600
498;15906;0,001468428781204111600
498;16076;0,001468428781204111600
498;16647;0,001468428781204111600
498;16649;0,001468428781204111600
498;16654;0,001468428781204111600
498;16657;0,001468428781204111600
498;16658;0,001468428781204111600
498;16662;0,001468428781204111600
498;16815;0,001468428781204111600
498;16873;0,001468428781204111600
498;16880;0,001468428781204111600
498;16937;0,001468428781204111600
498;17248;0,001468428781204111600
498;17263;0,001468428781204111600
498;17270;0,001468428781204111600
498;17278;0,001468428781204111600
498;17279;0,001468428781204111600
498;17280;0,001468428781204111600
498;17281;0,001468428781204111600
498;17388;0,001468428781204111600
498;17449;0,001468428781204111600
498;17516;0,001468428781204111600
498;17584;0,001468428781204111600
498;17596;0,001468428781204111600
498;17665;0,001468428781204111600
498;17678;0,001468428781204111600
498;17773;0,001468428781204111600
498;17789;0,001468428781204111600
498;18525;0,001468428781204111600
498;18622;0,001468428781204111600
498;19188;0,001468428781204111600
498;19419;0,001468428781204111600
498;20414;0,001468428781204111600
498;20436;0,001468428781204111600
498;20662;0,001468428781204111600
498;20984;0,001468428781204111600
498;21005;0,001468428781204111600
498;21374;0,001468428781204111600
498;21490;0,001468428781204111600
498;21986;0,001468428781204111600
498;22298;0,001468428781204111600
498;22702;0,001468428781204111600
498;22864;0,001468428781204111600
498;23562;0,001468428781204111600
498;23726;0,001468428781204111600
498;23930;0,001468428781204111600
498;23953;0,001468428781204111600
498;23954;0,001468428781204111600
498;24049;0,001468428781204111600
498;24113;0,001468428781204111600
498;24258;0,001468428781204111600
498;25272;0,001468428781204111600
498;26070;0,001468428781204111600
498;26095;0,001468428781204111600
498;26251;0,001468428781204111600
498;26786;0,001468428781204111600
498;27170;0,001468428781204111600
498;27239;0,001468428781204111600
498;27356;0,001468428781204111600
498;27425;0,001468428781204111600
498;27433;0,001468428781204111600
498;27442;0,001468428781204111600
498;27468;0,001468428781204111600
498;27489;0,001468428781204111600
498;27522;0,001468428781204111600
498;27527;0,001468428781204111600
498;27535;0,001468428781204111600
498;27539;0,001468428781204111600
498;27565;0,001468428781204111600
498;27587;0,001468428781204111600
498;27601;0,001468428781204111600
498;27610;0,001468428781204111600
498;27611;0,001468428781204111600
498;27657;0,001468428781204111600
498;27761;0,001468428781204111600
498;27762;0,001468428781204111600
498;27779;0,001468428781204111600
498;27781;0,001468428781204111600
498;27822;0,001468428781204111600
498;27842;0,001468428781204111600
498;27848;0,001468428781204111600
498;27861;0,001468428781204111600
498;27864;0,001468428781204111600
498;27866;0,001468428781204111600
498;27887;0,001468428781204111600
498;27946;0,001468428781204111600
498;27951;0,001468428781204111600
498;27953;0,001468428781204111600
498;28011;0,001468428781204111600
498;28019;0,001468428781204111600
498;28030;0,001468428781204111600
498;28038;0,001468428781204111600
498;28048;0,001468428781204111600
498;28105;0,001468428781204111600
498;28111;0,001468428781204111600
498;28116;0,001468428781204111600
498;28128;0,001468428781204111600
498;28143;0,001468428781204111600
498;28194;0,001468428781204111600
498;28226;0,001468428781204111600
498;28245;0,001468428781204111600
498;28339;0,001468428781204111600
498;28342;0,001468428781204111600
498;28344;0,001468428781204111600
498;28400;0,001468428781204111600
498;28411;0,001468428781204111600
498;28445;0,001468428781204111600
498;28462;0,001468428781204111600
498;28464;0,001468428781204111600
498;28465;0,001468428781204111600
498;28471;0,001468428781204111600
498;28479;0,001468428781204111600
498;28482;0,001468428781204111600
498;28486;0,001468428781204111600
498;28495;0,001468428781204111600
498;28506;0,001468428781204111600
498;28533;0,001468428781204111600
498;28549;0,001468428781204111600
498;28570;0,001468428781204111600
498;28586;0,001468428781204111600
498;28610;0,001468428781204111600
498;28615;0,001468428781204111600
498;28625;0,001468428781204111600
498;28627;0,001468428781204111600
498;28640;0,001468428781204111600
498;28647;0,001468428781204111600
498;28661;0,001468428781204111600
498;28697;0,001468428781204111600
498;28705;0,001468428781204111600
498;28716;0,001468428781204111600
498;28726;0,001468428781204111600
498;28727;0,001468428781204111600
498;28731;0,001468428781204111600
498;28751;0,001468428781204111600
498;28780;0,001468428781204111600
498;28784;0,001468428781204111600
498;28797;0,001468428781204111600
498;28798;0,001468428781204111600
498;28806;0,001468428781204111600
498;28821;0,001468428781204111600
498;28826;0,001468428781204111600
498;28835;0,001468428781204111600
498;28851;0,001468428781204111600
498;28875;0,001468428781204111600
498;28879;0,001468428781204111600
498;28892;0,001468428781204111600
498;28925;0,001468428781204111600
498;28933;0,001468428781204111600
498;29667;0,001468428781204111600
498;30811;0,001468428781204111600
498;37811;0,001468428781204111600
498;40028;0,001468428781204111600
498;45711;0,001468428781204111600
498;45724;0,001468428781204111600
498;50905;0,001468428781204111600
498;52385;0,001468428781204111600
498;62135;0,001468428781204111600
498;72209;0,001468428781204111600
498;73134;0,001468428781204111600
498;145389;0,001468428781204111600
498;317905;0,001468428781204111600
498;374246;0,001468428781204111600
498;440497;0,001468428781204111600
498;455460;0,001468428781204111600
498;606725;0,001468428781204111600
498;968025;0,001468428781204111600
498;968148;0,001468428781204111600
502;80;0,083333333333333333333
502;689;0,083333333333333333333
502;876;0,166666666666666666666
502;1131;0,083333333333333333333
502;1248;0,083333333333333333333
502;3515;0,166666666666666666666
502;3625;0,166666666666666666666
502;321395;0,166666666666666666666
504;12356;1,000000000000000000000
513;131;0,230769230769230769230
513;41776;0,769230769230769230769
517;474028;1,000000000000000000000
518;1439;1,000000000000000000000
519;2494;1,000000000000000000000
520;71;0,076923076923076923076
520;362;0,076923076923076923076
520;527;0,076923076923076923076
520;1182;0,076923076923076923076
520;1315;0,076923076923076923076
520;1778;0,076923076923076923076
520;4225;0,230769230769230769230
520;4379;0,076923076923076923076
520;5012;0,076923076923076923076
520;5484;0,076923076923076923076
520;113459;0,076923076923076923076
521;1600;1,000000000000000000000
524;2779;0,250000000000000000000
524;3356;0,500000000000000000000
524;8500;0,250000000000000000000
526;2385;0,333333333333333333333
526;2779;0,666666666666666666666
527;520;1,000000000000000000000
529;98841;1,000000000000000000000
538;108;0,166666666666666666666
538;349;0,166666666666666666666
538;351;0,333333333333333333333
538;2592;0,166666666666666666666
538;119973;0,166666666666666666666
540;3103;1,000000000000000000000
543;886;1,000000000000000000000
545;246;0,038461538461538461538
545;271;0,038461538461538461538
545;1497;0,038461538461538461538
545;1824;0,038461538461538461538
545;2323;0,038461538461538461538
545;2337;0,038461538461538461538
545;2343;0,038461538461538461538
545;2371;0,076923076923076923076
545;2372;0,038461538461538461538
545;2678;0,038461538461538461538
545;3304;0,076923076923076923076
545;3360;0,038461538461538461538
545;3731;0,038461538461538461538
545;3978;0,038461538461538461538
545;4657;0,038461538461538461538
545;4794;0,038461538461538461538
545;5915;0,038461538461538461538
545;6694;0,038461538461538461538
545;7968;0,038461538461538461538
545;9992;0,038461538461538461538
545;10860;0,038461538461538461538
545;12385;0,038461538461538461538
545;14652;0,038461538461538461538
545;15867;0,038461538461538461538
547;988;0,250000000000000000000
547;4933;0,250000000000000000000
547;5350;0,250000000000000000000
547;5856;0,250000000000000000000
550;1487;0,500000000000000000000
550;1596;0,500000000000000000000
551;54;1,000000000000000000000
558;7577;1,000000000000000000000
571;1897;0,500000000000000000000
571;3548;0,500000000000000000000
573;41;0,500000000000000000000
573;113;0,500000000000000000000
576;12572;1,000000000000000000000
588;983;1,000000000000000000000
600;5896;0,250000000000000000000
600;6721;0,250000000000000000000
600;20648;0,250000000000000000000
600;23562;0,250000000000000000000
602;352;1,000000000000000000000
608;609;1,000000000000000000000
612;39;1,000000000000000000000
613;520;0,100000000000000000000
613;3260;0,100000000000000000000
613;3811;0,100000000000000000000
613;4108;0,100000000000000000000
613;4307;0,300000000000000000000
613;6913;0,100000000000000000000
613;7572;0,100000000000000000000
613;22123;0,100000000000000000000
615;96;0,011111111111111111111
615;253;0,011111111111111111111
615;268;0,011111111111111111111
615;540;0,011111111111111111111
615;626;0,011111111111111111111
615;724;0,011111111111111111111
615;941;0,011111111111111111111
615;980;0,011111111111111111111
615;984;0,011111111111111111111
615;1048;0,022222222222222222222
615;1153;0,011111111111111111111
615;1160;0,011111111111111111111
615;1310;0,011111111111111111111
615;1523;0,011111111111111111111
615;1526;0,011111111111111111111
615;1868;0,011111111111111111111
615;1873;0,011111111111111111111
615;1889;0,011111111111111111111
615;2136;0,011111111111111111111
615;2461;0,011111111111111111111
615;3245;0,011111111111111111111
615;3485;0,011111111111111111111
615;3503;0,011111111111111111111
615;3633;0,011111111111111111111
615;3753;0,011111111111111111111
615;3857;0,011111111111111111111
615;3867;0,011111111111111111111
615;4018;0,011111111111111111111
615;4323;0,011111111111111111111
615;4513;0,011111111111111111111
615;4598;0,011111111111111111111
615;4713;0,011111111111111111111
615;4722;0,011111111111111111111
615;5174;0,011111111111111111111
615;5289;0,011111111111111111111
615;5304;0,011111111111111111111
615;5383;0,011111111111111111111
615;5500;0,011111111111111111111
615;5578;0,011111111111111111111
615;5824;0,011111111111111111111
615;5861;0,011111111111111111111
615;6444;0,011111111111111111111
615;6535;0,011111111111111111111
615;6666;0,011111111111111111111
615;6746;0,011111111111111111111
615;6781;0,011111111111111111111
615;6979;0,011111111111111111111
615;6980;0,011111111111111111111
615;6981;0,011111111111111111111
615;7142;0,011111111111111111111
615;9657;0,011111111111111111111
615;9691;0,011111111111111111111
615;9805;0,011111111111111111111
615;10823;0,011111111111111111111
615;12712;0,011111111111111111111
615;12775;0,011111111111111111111
615;12876;0,011111111111111111111
615;12880;0,011111111111111111111
615;17720;0,011111111111111111111
615;23419;0,011111111111111111111
615;24370;0,011111111111111111111
615;24371;0,011111111111111111111
615;27588;0,011111111111111111111
615;28405;0,011111111111111111111
615;28914;0,011111111111111111111
615;28993;0,011111111111111111111
615;34696;0,011111111111111111111
615;67275;0,011111111111111111111
615;137801;0,011111111111111111111
615;144425;0,022222222222222222222
615;146155;0,011111111111111111111
615;152076;0,011111111111111111111
615;219132;0,011111111111111111111
615;251573;0,011111111111111111111
615;253384;0,011111111111111111111
615;255463;0,011111111111111111111
615;276695;0,011111111111111111111
615;278351;0,011111111111111111111
615;281067;0,011111111111111111111
615;281170;0,011111111111111111111
615;283633;0,011111111111111111111
615;283636;0,011111111111111111111
615;283638;0,022222222222222222222
615;283639;0,011111111111111111111
615;321112;0,011111111111111111111
615;355336;0,011111111111111111111
615;377026;0,011111111111111111111
621;970;0,250000000000000000000
621;2434;0,500000000000000000000
621;7328;0,250000000000000000000
622;190;0,166666666666666666666
622;621;0,166666666666666666666
622;878;0,166666666666666666666
622;2271;0,166666666666666666666
622;5437;0,166666666666666666666
622;18641;0,166666666666666666666
625;122;0,451612903225806451612
625;798;0,032258064516129032258
625;1065;0,032258064516129032258
625;2230;0,064516129032258064516
625;2852;0,064516129032258064516
625;6203;0,322580645161290322580
625;8363;0,032258064516129032258
628;37;0,153846153846153846153
628;71;0,230769230769230769230
628;194;0,230769230769230769230
628;695;0,076923076923076923076
628;700;0,076923076923076923076
628;1940;0,153846153846153846153
628;349041;0,076923076923076923076
635;5029;1,000000000000000000000
644;645;0,200000000000000000000
644;1143;0,200000000000000000000
644;4695;0,200000000000000000000
644;6517;0,200000000000000000000
644;140271;0,200000000000000000000
645;644;0,333333333333333333333
645;5338;0,333333333333333333333
645;7577;0,333333333333333333333
648;2310;0,333333333333333333333
648;3135;0,333333333333333333333
648;12572;0,333333333333333333333
652;579;0,142857142857142857142
652;3164;0,285714285714285714285
652;3891;0,142857142857142857142
652;7920;0,357142857142857142857
652;17727;0,071428571428571428571
657;179346;1,000000000000000000000
660;2419;0,500000000000000000000
660;3189;0,500000000000000000000
662;276;0,111111111111111111111
662;529;0,166666666666666666666
662;1944;0,055555555555555555555
662;3523;0,277777777777777777777
662;78108;0,333333333333333333333
662;366089;0,055555555555555555555
668;80;0,066666666666666666666
668;219;0,133333333333333333333
668;324;0,066666666666666666666
668;502;0,066666666666666666666
668;531;0,066666666666666666666
668;1116;0,133333333333333333333
668;1248;0,066666666666666666666
668;2516;0,066666666666666666666
668;3443;0,066666666666666666666
668;3515;0,066666666666666666666
668;3625;0,133333333333333333333
668;4173;0,066666666666666666666
669;24;0,142857142857142857142
669;408;0,071428571428571428571
669;427;0,071428571428571428571
669;2817;0,071428571428571428571
669;6320;0,214285714285714285714
669;6447;0,071428571428571428571
669;8095;0,071428571428571428571
669;8623;0,071428571428571428571
669;48862;0,214285714285714285714
678;615;1,000000000000000000000
682;6773;1,000000000000000000000
683;681;1,000000000000000000000
689;74;0,045977011494252873563
689;83;0,022988505747126436781
689;115;0,022988505747126436781
689;132;0,022988505747126436781
689;249;0,022988505747126436781
689;399;0,022988505747126436781
689;407;0,022988505747126436781
689;458;0,022988505747126436781
689;502;0,034482758620689655172
689;609;0,022988505747126436781
689;988;0,034482758620689655172
689;1255;0,022988505747126436781
689;1406;0,022988505747126436781
689;1702;0,022988505747126436781
689;1731;0,011494252873563218390
689;1762;0,011494252873563218390
689;1763;0,022988505747126436781
689;2269;0,022988505747126436781
689;2374;0,091954022988505747126
689;2585;0,022988505747126436781
689;3219;0,045977011494252873563
689;3436;0,011494252873563218390
689;3829;0,022988505747126436781
689;3859;0,022988505747126436781
689;3891;0,022988505747126436781
689;4004;0,011494252873563218390
689;4098;0,022988505747126436781
689;5083;0,022988505747126436781
689;5177;0,034482758620689655172
689;5564;0,022988505747126436781
689;6372;0,022988505747126436781
689;7941;0,022988505747126436781
689;9395;0,022988505747126436781
689;12936;0,022988505747126436781
689;14050;0,022988505747126436781
689;15863;0,022988505747126436781
689;27951;0,011494252873563218390
689;28834;0,022988505747126436781
689;47352;0,034482758620689655172
695;194;0,142857142857142857142
695;9693;0,142857142857142857142
695;41776;0,571428571428571428571
695;906176;0,142857142857142857142
698;3392;1,000000000000000000000
713;407;0,200000000000000000000
713;458;0,200000000000000000000
713;2585;0,200000000000000000000
713;3779;0,200000000000000000000
713;5626;0,200000000000000000000
731;275;0,090909090909090909090
731;282;0,090909090909090909090
731;1439;0,181818181818181818181
731;3161;0,090909090909090909090
731;15471;0,363636363636363636363
731;173893;0,090909090909090909090
731;282773;0,090909090909090909090
733;899;0,025974025974025974025
733;2912;0,038961038961038961038
733;2913;0,038961038961038961038
733;2914;0,038961038961038961038
733;2916;0,038961038961038961038
733;2919;0,038961038961038961038
733;2920;0,038961038961038961038
733;2921;0,012987012987012987012
733;2924;0,038961038961038961038
733;2925;0,038961038961038961038
733;2927;0,038961038961038961038
733;2929;0,038961038961038961038
733;2931;0,038961038961038961038
733;2932;0,038961038961038961038
733;2933;0,038961038961038961038
733;2935;0,038961038961038961038
733;2938;0,038961038961038961038
733;2939;0,051948051948051948051
733;2940;0,038961038961038961038
733;2941;0,038961038961038961038
733;2942;0,038961038961038961038
733;2943;0,038961038961038961038
733;2946;0,012987012987012987012
733;2948;0,051948051948051948051
733;2950;0,051948051948051948051
733;49722;0,051948051948051948051
747;213;0,100000000000000000000
747;748;0,100000000000000000000
747;2734;0,100000000000000000000
747;28517;0,100000000000000000000
747;75827;0,100000000000000000000
747;75828;0,100000000000000000000
747;81648;0,200000000000000000000
747;99942;0,100000000000000000000
747;403195;0,100000000000000000000
748;75827;1,000000000000000000000
749;407;0,111111111111111111111
749;1160;0,111111111111111111111
749;1939;0,222222222222222222222
749;2112;0,111111111111111111111
749;3864;0,111111111111111111111
749;4219;0,111111111111111111111
749;7478;0,111111111111111111111
749;18641;0,111111111111111111111
750;2504;0,200000000000000000000
750;3401;0,400000000000000000000
750;6812;0,400000000000000000000
752;1566;1,000000000000000000000
761;4225;1,000000000000000000000
777;163;0,666666666666666666666
777;59745;0,333333333333333333333
778;27938;1,000000000000000000000
781;2515;1,000000000000000000000
784;3294;0,500000000000000000000
784;5643;0,500000000000000000000
805;410;0,666666666666666666666
805;3667;0,333333333333333333333
815;1780;0,800000000000000000000
815;7759;0,200000000000000000000
817;54879;1,000000000000000000000
819;111;0,100000000000000000000
819;281;0,100000000000000000000
819;452;0,200000000000000000000
819;1025;0,100000000000000000000
819;1370;0,100000000000000000000
819;1391;0,200000000000000000000
819;1647;0,100000000000000000000
819;6962;0,100000000000000000000
822;172;0,166666666666666666666
822;4424;0,333333333333333333333
822;4430;0,166666666666666666666
822;4435;0,166666666666666666666
822;28970;0,166666666666666666666
829;2371;0,166666666666666666666
829;2972;0,166666666666666666666
829;3203;0,166666666666666666666
829;6511;0,166666666666666666666
829;20843;0,333333333333333333333
835;1152;0,500000000000000000000
835;6514;0,500000000000000000000
839;1122;0,166666666666666666666
839;1717;0,166666666666666666666
839;4424;0,166666666666666666666
839;4432;0,500000000000000000000
841;622;0,142857142857142857142
841;1101;0,142857142857142857142
841;1667;0,142857142857142857142
841;2271;0,285714285714285714285
841;5632;0,285714285714285714285
844;360;0,250000000000000000000
844;1719;0,125000000000000000000
844;2884;0,125000000000000000000
844;3891;0,250000000000000000000
844;9338;0,125000000000000000000
844;13178;0,125000000000000000000
845;131;0,058823529411764705882
845;277;0,058823529411764705882
845;846;0,235294117647058823529
845;1263;0,176470588235294117647
845;2731;0,058823529411764705882
845;59841;0,058823529411764705882
845;131383;0,058823529411764705882
845;192866;0,058823529411764705882
845;398787;0,058823529411764705882
845;623129;0,176470588235294117647
846;845;0,235294117647058823529
846;1437;0,117647058823529411764
846;4777;0,058823529411764705882
846;59841;0,411764705882352941176
846;163510;0,058823529411764705882
846;192866;0,058823529411764705882
846;193005;0,058823529411764705882
849;5647;1,000000000000000000000
851;374246;1,000000000000000000000
854;1100;1,000000000000000000000
855;4355;1,000000000000000000000
861;267;0,333333333333333333333
861;2713;0,166666666666666666666
861;2714;0,166666666666666666666
861;3045;0,166666666666666666666
861;3871;0,166666666666666666666
863;681;1,000000000000000000000
869;360;0,333333333333333333333
869;1135;0,333333333333333333333
869;1765;0,333333333333333333333
870;3315;1,000000000000000000000
877;533247;1,000000000000000000000
883;3704;0,500000000000000000000
883;4765;0,500000000000000000000
885;3235;0,750000000000000000000
885;13158;0,250000000000000000000
886;543;1,000000000000000000000
890;333343;1,000000000000000000000
899;733;0,600000000000000000000
899;1681;0,200000000000000000000
899;2388;0,200000000000000000000
904;391;0,111111111111111111111
904;407;0,222222222222222222222
904;846;0,111111111111111111111
904;1140;0,111111111111111111111
904;5591;0,111111111111111111111
904;7975;0,111111111111111111111
904;14010;0,222222222222222222222
911;524;0,200000000000000000000
911;1234;0,200000000000000000000
911;4262;0,200000000000000000000
911;9807;0,200000000000000000000
911;28598;0,200000000000000000000
918;1340;1,000000000000000000000
933;1676;0,333333333333333333333
933;9382;0,333333333333333333333
933;151929;0,333333333333333333333
937;163;1,000000000000000000000
941;4787;1,000000000000000000000
943;859;0,500000000000000000000
943;3683;0,500000000000000000000
967;28337;1,000000000000000000000
970;621;0,400000000000000000000
970;866;0,200000000000000000000
970;1234;0,200000000000000000000
970;2156;0,200000000000000000000
972;11;1,000000000000000000000
977;993;0,142857142857142857142
977;1044;0,142857142857142857142
977;1744;0,071428571428571428571
977;2213;0,071428571428571428571
977;4147;0,142857142857142857142
977;5691;0,142857142857142857142
977;7759;0,071428571428571428571
977;9158;0,142857142857142857142
977;9387;0,071428571428571428571
978;74;0,052631578947368421052
978;464;0,105263157894736842105
978;1406;0,052631578947368421052
978;1503;0,052631578947368421052
978;2176;0,052631578947368421052
978;2559;0,105263157894736842105
978;2834;0,052631578947368421052
978;3096;0,052631578947368421052
978;3610;0,105263157894736842105
978;3859;0,052631578947368421052
978;4179;0,052631578947368421052
978;5449;0,052631578947368421052
978;8756;0,052631578947368421052
978;9296;0,052631578947368421052
978;12936;0,052631578947368421052
978;16076;0,052631578947368421052
980;113;0,038461538461538461538
980;135;0,038461538461538461538
980;1234;0,115384615384615384615
980;1235;0,230769230769230769230
980;1277;0,115384615384615384615
980;1591;0,038461538461538461538
980;1931;0,038461538461538461538
980;2111;0,038461538461538461538
980;2515;0,038461538461538461538
980;2684;0,153846153846153846153
980;3601;0,038461538461538461538
980;6007;0,038461538461538461538
980;7886;0,038461538461538461538
980;651431;0,038461538461538461538
982;71;0,071428571428571428571
982;263;0,071428571428571428571
982;277;0,071428571428571428571
982;845;0,142857142857142857142
982;1041;0,500000000000000000000
982;1042;0,071428571428571428571
982;767166;0,071428571428571428571
983;10175;0,200000000000000000000
983;21697;0,600000000000000000000
983;604246;0,200000000000000000000
984;472;0,500000000000000000000
984;1616;0,500000000000000000000
988;547;0,250000000000000000000
988;689;0,250000000000000000000
988;2198;0,250000000000000000000
988;5061;0,250000000000000000000
990;1498;1,000000000000000000000
995;35;0,058823529411764705882
995;39;0,058823529411764705882
995;149;0,058823529411764705882
995;192;0,117647058823529411764
995;194;0,117647058823529411764
995;407;0,058823529411764705882
995;419;0,058823529411764705882
995;1637;0,058823529411764705882
995;1713;0,058823529411764705882
995;1891;0,058823529411764705882
995;2434;0,058823529411764705882
995;3694;0,058823529411764705882
995;4374;0,117647058823529411764
995;7215;0,058823529411764705882
1014;232;0,051282051282051282051
1014;812;0,025641025641025641025
1014;1036;0,025641025641025641025
1014;1064;0,051282051282051282051
1014;1167;0,025641025641025641025
1014;1561;0,025641025641025641025
1014;1562;0,025641025641025641025
1014;1563;0,025641025641025641025
1014;1564;0,025641025641025641025
1014;1565;0,025641025641025641025
1014;1567;0,025641025641025641025
1014;1608;0,025641025641025641025
1014;1609;0,025641025641025641025
1014;1610;0,025641025641025641025
1014;1687;0,025641025641025641025
1014;1688;0,025641025641025641025
1014;1691;0,025641025641025641025
1014;1700;0,025641025641025641025
1014;1766;0,025641025641025641025
1014;1883;0,025641025641025641025
1014;1887;0,025641025641025641025
1014;1906;0,025641025641025641025
1014;2470;0,025641025641025641025
1014;2890;0,025641025641025641025
1014;3315;0,025641025641025641025
1014;4245;0,025641025641025641025
1014;4518;0,025641025641025641025
1014;4526;0,025641025641025641025
1014;6072;0,025641025641025641025
1014;6940;0,025641025641025641025
1014;9694;0,025641025641025641025
1014;10176;0,025641025641025641025
1014;10177;0,025641025641025641025
1014;27269;0,025641025641025641025
1014;27693;0,025641025641025641025
1014;747847;0,025641025641025641025
1014;931417;0,025641025641025641025
1024;131;0,200000000000000000000
1024;1574;0,600000000000000000000
1024;12817;0,200000000000000000000
1035;851;1,000000000000000000000
1041;41;0,071428571428571428571
1041;845;0,071428571428571428571
1041;982;0,285714285714285714285
1041;1261;0,071428571428571428571
1041;11369;0,071428571428571428571
1041;15222;0,071428571428571428571
1041;373677;0,214285714285714285714
1041;767166;0,142857142857142857142
1042;6918;0,200000000000000000000
1042;11369;0,200000000000000000000
1042;18641;0,200000000000000000000
1042;131383;0,400000000000000000000
1044;977;0,666666666666666666666
1044;12798;0,333333333333333333333
1048;615;0,333333333333333333333
1048;283639;0,666666666666666666666
1053;1949;0,500000000000000000000
1053;3362;0,500000000000000000000
1054;163;1,000000000000000000000
1064;174;0,400000000000000000000
1064;1563;0,200000000000000000000
1064;1705;0,200000000000000000000
1064;3427;0,200000000000000000000
1066;878;0,166666666666666666666
1066;2147;0,166666666666666666666
1066;2385;0,166666666666666666666
1066;533247;0,500000000000000000000
1069;41565;1,000000000000000000000
1073;770;0,125000000000000000000
1073;1315;0,250000000000000000000
1073;8109;0,250000000000000000000
1073;8164;0,125000000000000000000
1073;8165;0,125000000000000000000
1073;9513;0,125000000000000000000
1080;3256;0,500000000000000000000
1080;3877;0,500000000000000000000
1082;609;0,111111111111111111111
1082;891;0,111111111111111111111
1082;1083;0,111111111111111111111
1082;2433;0,111111111111111111111
1082;2778;0,111111111111111111111
1082;3685;0,111111111111111111111
1082;10255;0,111111111111111111111
1082;13899;0,111111111111111111111
1082;660594;0,111111111111111111111
1083;1082;0,200000000000000000000
1083;3685;0,400000000000000000000
1083;8348;0,200000000000000000000
1083;28629;0,200000000000000000000
1094;1164;0,500000000000000000000
1094;28819;0,500000000000000000000
1101;373;0,066666666666666666666
1101;496;0,066666666666666666666
1101;497;0,066666666666666666666
1101;2037;0,133333333333333333333
1101;3296;0,066666666666666666666
1101;3591;0,200000000000000000000
1101;4500;0,066666666666666666666
1101;5219;0,133333333333333333333
1101;9418;0,066666666666666666666
1101;9432;0,066666666666666666666
1101;10946;0,066666666666666666666
1109;7759;1,000000000000000000000
1114;1240;1,000000000000000000000
1117;2972;0,333333333333333333333
1117;125861;0,666666666666666666666
1121;285;1,000000000000000000000
1127;367121;1,000000000000000000000
1131;80;0,166666666666666666666
1131;876;0,333333333333333333333
1131;3443;0,166666666666666666666
1131;321395;0,333333333333333333333
1135;351;0,083333333333333333333
1135;519;0,083333333333333333333
1135;869;0,041666666666666666666
1135;1140;0,083333333333333333333
1135;1340;0,083333333333333333333
1135;2004;0,083333333333333333333
1135;2467;0,083333333333333333333
1135;2877;0,083333333333333333333
1135;3465;0,083333333333333333333
1135;3496;0,041666666666666666666
1135;5591;0,083333333333333333333
1135;7095;0,083333333333333333333
1135;8223;0,083333333333333333333
1139;7574;1,000000000000000000000
1140;904;1,000000000000000000000
1141;96;0,062500000000000000000
1141;237;0,125000000000000000000
1141;249;0,062500000000000000000
1141;261;0,062500000000000000000
1141;283;0,062500000000000000000
1141;1156;0,062500000000000000000
1141;1364;0,062500000000000000000
1141;1988;0,062500000000000000000
1141;2145;0,062500000000000000000
1141;2293;0,062500000000000000000
1141;3633;0,125000000000000000000
1141;4881;0,062500000000000000000
1141;5628;0,062500000000000000000
1141;8489;0,062500000000000000000
1142;8363;0,500000000000000000000
1142;278351;0,500000000000000000000
1150;1866;1,000000000000000000000
1154;1637;0,500000000000000000000
1154;2302;0,500000000000000000000
1157;1073;0,166666666666666666666
1157;1984;0,166666666666666666666
1157;1985;0,166666666666666666666
1157;4918;0,166666666666666666666
1157;8164;0,166666666666666666666
1157;9513;0,166666666666666666666
1160;749;0,181818181818181818181
1160;3158;0,090909090909090909090
1160;3656;0,181818181818181818181
1160;3825;0,090909090909090909090
1160;4219;0,090909090909090909090
1160;6151;0,090909090909090909090
1160;41565;0,090909090909090909090
1160;283638;0,090909090909090909090
1160;353698;0,090909090909090909090
1164;1094;0,333333333333333333333
1164;10763;0,666666666666666666666
1169;71;0,055555555555555555555
1169;100;0,055555555555555555555
1169;138;0,055555555555555555555
1169;276;0,055555555555555555555
1169;695;0,055555555555555555555
1169;749;0,018518518518518518518
1169;1939;0,009259259259259259259
1169;1942;0,055555555555555555555
1169;1943;0,055555555555555555555
1169;1944;0,055555555555555555555
1169;1945;0,055555555555555555555
1169;1946;0,055555555555555555555
1169;2863;0,009259259259259259259
1169;3523;0,064814814814814814814
1169;4512;0,055555555555555555555
1169;13537;0,055555555555555555555
1169;41776;0,055555555555555555555
1169;59745;0,064814814814814814814
1169;98841;0,055555555555555555555
1169;131383;0,055555555555555555555
1173;32;0,043478260869565217391
1173;174;0,043478260869565217391
1173;220;0,217391304347826086956
1173;1706;0,130434782608695652173
1173;2825;0,130434782608695652173
1173;2826;0,130434782608695652173
1173;7411;0,043478260869565217391
1173;7874;0,130434782608695652173
1173;27708;0,130434782608695652173
1178;389;0,500000000000000000000
1178;393;0,500000000000000000000
1181;584314;1,000000000000000000000
1186;1187;1,000000000000000000000
1190;1042;0,200000000000000000000
1190;1220;0,100000000000000000000
1190;1771;0,100000000000000000000
1190;2275;0,100000000000000000000
1190;2420;0,100000000000000000000
1190;2425;0,100000000000000000000
1190;6641;0,100000000000000000000
1190;11369;0,100000000000000000000
1190;13850;0,100000000000000000000
1196;137;0,166666666666666666666
1196;891;0,333333333333333333333
1196;2398;0,166666666666666666666
1196;3722;0,166666666666666666666
1196;727898;0,166666666666666666666
1216;287;0,250000000000000000000
1216;2742;0,750000000000000000000
1220;1042;0,200000000000000000000
1220;10592;0,200000000000000000000
1220;12375;0,200000000000000000000
1220;13850;0,200000000000000000000
1220;28213;0,200000000000000000000
1225;7624;1,000000000000000000000
1227;9722;1,000000000000000000000
1231;3141;0,333333333333333333333
1231;4695;0,333333333333333333333
1231;333343;0,333333333333333333333
1234;621;0,125000000000000000000
1234;878;0,125000000000000000000
1234;911;0,250000000000000000000
1234;980;0,125000000000000000000
1234;1235;0,125000000000000000000
1234;2111;0,125000000000000000000
1234;2823;0,125000000000000000000
1235;980;0,875000000000000000000
1235;1234;0,125000000000000000000
1236;2684;1,000000000000000000000
1237;1234;1,000000000000000000000
1243;27557;1,000000000000000000000
1248;1129;1,000000000000000000000
1253;1751;0,250000000000000000000
1253;22123;0,250000000000000000000
1253;276963;0,500000000000000000000
1254;119;0,500000000000000000000
1254;5149;0,500000000000000000000
1255;689;1,000000000000000000000
1261;41;0,100000000000000000000
1261;161;0,200000000000000000000
1261;642;0,200000000000000000000
1261;649;0,100000000000000000000
1261;845;0,100000000000000000000
1261;982;0,100000000000000000000
1261;1041;0,100000000000000000000
1261;767166;0,100000000000000000000
1267;10941;1,000000000000000000000
1277;980;0,200000000000000000000
1277;10188;0,600000000000000000000
1277;602536;0,200000000000000000000
1278;1591;0,250000000000000000000
1278;1902;0,250000000000000000000
1278;2684;0,250000000000000000000
1278;10188;0,250000000000000000000
1286;127;0,100000000000000000000
1286;642;0,100000000000000000000
1286;826;0,100000000000000000000
1286;938;0,200000000000000000000
1286;970;0,300000000000000000000
1286;2147;0,100000000000000000000
1286;8539;0,100000000000000000000
1293;2188;0,200000000000000000000
1293;6991;0,200000000000000000000
1293;10523;0,200000000000000000000
1293;13504;0,200000000000000000000
1293;21512;0,200000000000000000000
1307;131;0,071428571428571428571
1307;306;0,071428571428571428571
1307;885;0,071428571428571428571
1307;1416;0,071428571428571428571
1307;1864;0,071428571428571428571
1307;1923;0,071428571428571428571
1307;2794;0,071428571428571428571
1307;3235;0,142857142857142857142
1307;4355;0,071428571428571428571
1307;5329;0,071428571428571428571
1307;5493;0,071428571428571428571
1307;9360;0,142857142857142857142
1310;285;1,000000000000000000000
1316;1442;0,333333333333333333333
1316;2547;0,333333333333333333333
1316;2991;0,333333333333333333333
1321;3359;0,500000000000000000000
1321;6413;0,500000000000000000000
1322;180;0,500000000000000000000
1322;863;0,500000000000000000000
1326;9;0,008928571428571428571
1326;206;0,008928571428571428571
1326;307;0,008928571428571428571
1326;378;0,008928571428571428571
1326;467;0,008928571428571428571
1326;1044;0,008928571428571428571
1326;1274;0,008928571428571428571
1326;1327;0,008928571428571428571
1326;1329;0,008928571428571428571
1326;1332;0,008928571428571428571
1326;1337;0,008928571428571428571
1326;1419;0,008928571428571428571
1326;1549;0,008928571428571428571
1326;1676;0,008928571428571428571
1326;1838;0,008928571428571428571
1326;2017;0,008928571428571428571
1326;2039;0,008928571428571428571
1326;2041;0,008928571428571428571
1326;2050;0,008928571428571428571
1326;2064;0,008928571428571428571
1326;2066;0,008928571428571428571
1326;2152;0,008928571428571428571
1326;2156;0,008928571428571428571
1326;2349;0,008928571428571428571
1326;3158;0,008928571428571428571
1326;3204;0,008928571428571428571
1326;3355;0,008928571428571428571
1326;3403;0,008928571428571428571
1326;3714;0,008928571428571428571
1326;3736;0,008928571428571428571
1326;3864;0,008928571428571428571
1326;3983;0,008928571428571428571
1326;4070;0,008928571428571428571
1326;4625;0,008928571428571428571
1326;4720;0,008928571428571428571
1326;4748;0,008928571428571428571
1326;4755;0,008928571428571428571
1326;4979;0,008928571428571428571
1326;5144;0,008928571428571428571
1326;5214;0,008928571428571428571
1326;5250;0,008928571428571428571
1326;5351;0,008928571428571428571
1326;5831;0,008928571428571428571
1326;5892;0,008928571428571428571
1326;5922;0,008928571428571428571
1326;6234;0,008928571428571428571
1326;6465;0,008928571428571428571
1326;6604;0,008928571428571428571
1326;6624;0,008928571428571428571
1326;6828;0,008928571428571428571
1326;7278;0,008928571428571428571
1326;7328;0,008928571428571428571
1326;7546;0,008928571428571428571
1326;7564;0,008928571428571428571
1326;7586;0,008928571428571428571
1326;7788;0,008928571428571428571
1326;7979;0,008928571428571428571
1326;8618;0,008928571428571428571
1326;8730;0,008928571428571428571
1326;8933;0,008928571428571428571
1326;9208;0,008928571428571428571
1326;9385;0,008928571428571428571
1326;9396;0,008928571428571428571
1326;9405;0,008928571428571428571
1326;9416;0,008928571428571428571
1326;9421;0,008928571428571428571
1326;9681;0,008928571428571428571
1326;10000;0,008928571428571428571
1326;10080;0,008928571428571428571
1326;10169;0,008928571428571428571
1326;10649;0,008928571428571428571
1326;10740;0,008928571428571428571
1326;11213;0,008928571428571428571
1326;11536;0,008928571428571428571
1326;11999;0,008928571428571428571
1326;12798;0,008928571428571428571
1326;13006;0,008928571428571428571
1326;13369;0,008928571428571428571
1326;13372;0,008928571428571428571
1326;14073;0,008928571428571428571
1326;14465;0,008928571428571428571
1326;15437;0,008928571428571428571
1326;16644;0,008928571428571428571
1326;17603;0,008928571428571428571
1326;18247;0,008928571428571428571
1326;18258;0,008928571428571428571
1326;19031;0,008928571428571428571
1326;20801;0,008928571428571428571
1326;26502;0,008928571428571428571
1326;27173;0,008928571428571428571
1326;27286;0,008928571428571428571
1326;27512;0,008928571428571428571
1326;27837;0,008928571428571428571
1326;27865;0,008928571428571428571
1326;27892;0,008928571428571428571
1326;27893;0,008928571428571428571
1326;28598;0,008928571428571428571
1326;56195;0,008928571428571428571
1326;219255;0,008928571428571428571
1326;257324;0,008928571428571428571
1326;284854;0,008928571428571428571
1326;286660;0,008928571428571428571
1326;308238;0,008928571428571428571
1326;309580;0,008928571428571428571
1326;325535;0,008928571428571428571
1326;327858;0,008928571428571428571
1326;327859;0,008928571428571428571
1326;334818;0,008928571428571428571
1326;352262;0,008928571428571428571
1326;365524;0,008928571428571428571
1326;382779;0,008928571428571428571
1326;423622;0,008928571428571428571
1327;1331;1,000000000000000000000
1331;1325;0,500000000000000000000
1331;1327;0,500000000000000000000
1340;2761;0,333333333333333333333
1340;3802;0,333333333333333333333
1340;434991;0,333333333333333333333
1344;179346;1,000000000000000000000
1348;17549;1,000000000000000000000
1364;42;0,045454545454545454545
1364;237;0,318181818181818181818
1364;261;0,090909090909090909090
1364;1141;0,045454545454545454545
1364;2145;0,045454545454545454545
1364;3000;0,045454545454545454545
1364;3174;0,045454545454545454545
1364;3219;0,090909090909090909090
1364;3753;0,181818181818181818181
1364;4825;0,045454545454545454545
1364;4881;0,045454545454545454545
1370;281;0,111111111111111111111
1370;452;0,111111111111111111111
1370;819;0,111111111111111111111
1370;1129;0,222222222222222222222
1370;23720;0,222222222222222222222
1370;693032;0,222222222222222222222
1397;411;0,500000000000000000000
1397;499117;0,500000000000000000000
1401;190;0,083333333333333333333
1401;841;0,166666666666666666666
1401;878;0,083333333333333333333
1401;1109;0,083333333333333333333
1401;2054;0,083333333333333333333
1401;2385;0,083333333333333333333
1401;4525;0,083333333333333333333
1401;4765;0,083333333333333333333
1401;5632;0,083333333333333333333
1401;7759;0,083333333333333333333
1401;9409;0,083333333333333333333
1406;689;0,500000000000000000000
1406;2489;0,500000000000000000000
1419;2054;1,000000000000000000000
1429;1785;1,000000000000000000000
1432;20648;1,000000000000000000000
1437;845;0,300000000000000000000
1437;846;0,300000000000000000000
1437;1263;0,100000000000000000000
1437;192866;0,300000000000000000000
1439;40;0,014705882352941176470
1439;214;0,014705882352941176470
1439;282;0,014705882352941176470
1439;484;0,007352941176470588235
1439;518;0,007352941176470588235
1439;635;0,014705882352941176470
1439;731;0,014705882352941176470
1439;747;0,014705882352941176470
1439;748;0,014705882352941176470
1439;882;0,014705882352941176470
1439;1094;0,014705882352941176470
1439;1164;0,007352941176470588235
1439;1192;0,007352941176470588235
1439;1429;0,014705882352941176470
1439;1471;0,014705882352941176470
1439;1637;0,022058823529411764705
1439;1684;0,007352941176470588235
1439;1810;0,014705882352941176470
1439;1831;0,014705882352941176470
1439;2075;0,014705882352941176470
1439;2080;0,007352941176470588235
1439;2083;0,014705882352941176470
1439;2734;0,014705882352941176470
1439;3091;0,014705882352941176470
1439;3161;0,014705882352941176470
1439;3436;0,014705882352941176470
1439;3797;0,014705882352941176470
1439;3829;0,007352941176470588235
1439;4476;0,014705882352941176470
1439;4667;0,014705882352941176470
1439;5083;0,014705882352941176470
1439;5177;0,014705882352941176470
1439;5654;0,007352941176470588235
1439;5679;0,007352941176470588235
1439;6955;0,007352941176470588235
1439;7322;0,014705882352941176470
1439;7480;0,014705882352941176470
1439;7560;0,007352941176470588235
1439;7711;0,014705882352941176470
1439;8003;0,014705882352941176470
1439;8512;0,014705882352941176470
1439;8516;0,014705882352941176470
1439;10338;0,014705882352941176470
1439;10724;0,014705882352941176470
1439;11552;0,014705882352941176470
1439;12938;0,014705882352941176470
1439;15048;0,007352941176470588235
1439;15471;0,014705882352941176470
1439;22211;0,014705882352941176470
1439;22298;0,014705882352941176470
1439;25264;0,014705882352941176470
1439;25488;0,014705882352941176470
1439;28822;0,014705882352941176470
1439;30811;0,014705882352941176470
1439;37811;0,014705882352941176470
1439;37815;0,014705882352941176470
1439;38738;0,014705882352941176470
1439;42210;0,014705882352941176470
1439;45724;0,014705882352941176470
1439;47352;0,022058823529411764705
1439;50332;0,014705882352941176470
1439;50905;0,014705882352941176470
1439;50959;0,014705882352941176470
1439;55041;0,014705882352941176470
1439;76428;0,014705882352941176470
1439;81648;0,014705882352941176470
1439;95154;0,014705882352941176470
1439;99942;0,014705882352941176470
1439;105800;0,014705882352941176470
1439;173893;0,014705882352941176470
1439;282773;0,014705882352941176470
1439;440497;0,014705882352941176470
1439;653504;0,014705882352941176470
1445;12938;1,000000000000000000000
1454;1064;0,250000000000000000000
1454;1610;0,500000000000000000000
1454;1689;0,250000000000000000000
1455;1692;0,500000000000000000000
1455;267368;0,500000000000000000000
1457;109;1,000000000000000000000
1462;1891;0,500000000000000000000
1462;12706;0,500000000000000000000
1464;1637;1,000000000000000000000
1466;388;1,000000000000000000000
1471;50959;1,000000000000000000000
1473;3523;1,000000000000000000000
1476;20843;1,000000000000000000000
1479;228;0,333333333333333333333
1479;8928;0,666666666666666666666
1481;891;1,000000000000000000000
1487;1089;1,000000000000000000000
1489;945;0,200000000000000000000
1489;1066;0,200000000000000000000
1489;6354;0,200000000000000000000
1489;14010;0,200000000000000000000
1489;113392;0,200000000000000000000
1498;26;0,166666666666666666666
1498;104;0,666666666666666666666
1498;172;0,166666666666666666666
1508;2644;1,000000000000000000000
1510;1340;0,500000000000000000000
1510;4954;0,500000000000000000000
1513;6008;1,000000000000000000000
1515;4592;1,000000000000000000000
1527;362;0,500000000000000000000
1527;4379;0,500000000000000000000
1533;5006;1,000000000000000000000
1544;943;0,333333333333333333333
1544;1065;0,333333333333333333333
1544;113459;0,333333333333333333333
1547;2515;1,000000000000000000000
1554;793;1,000000000000000000000
1556;61;0,041666666666666666666
1556;334;0,041666666666666666666
1556;975;0,083333333333333333333
1556;1016;0,041666666666666666666
1556;1104;0,041666666666666666666
1556;1314;0,041666666666666666666
1556;2166;0,041666666666666666666
1556;2499;0,041666666666666666666
1556;3188;0,041666666666666666666
1556;3393;0,041666666666666666666
1556;3519;0,083333333333333333333
1556;3683;0,125000000000000000000
1556;5003;0,041666666666666666666
1556;5012;0,208333333333333333333
1556;5016;0,041666666666666666666
1556;347540;0,041666666666666666666
1565;1688;0,500000000000000000000
1565;3395;0,500000000000000000000
1566;752;1,000000000000000000000
1567;437;0,166666666666666666666
1567;4240;0,333333333333333333333
1567;11476;0,333333333333333333333
1567;931417;0,166666666666666666666
1574;442;0,400000000000000000000
1574;5647;0,600000000000000000000
1589;1897;1,000000000000000000000
1591;113;0,062500000000000000000
1591;281;0,125000000000000000000
1591;1278;0,062500000000000000000
1591;2111;0,125000000000000000000
1591;2684;0,125000000000000000000
1591;2714;0,125000000000000000000
1591;3381;0,125000000000000000000
1591;4592;0,125000000000000000000
1591;10188;0,125000000000000000000
1596;320;0,333333333333333333333
1596;550;0,166666666666666666666
1596;1997;0,166666666666666666666
1596;11527;0,333333333333333333333
1609;1610;0,750000000000000000000
1609;6940;0,250000000000000000000
1610;1454;1,000000000000000000000
1613;104;0,166666666666666666666
1613;163;0,166666666666666666666
1613;768;0,166666666666666666666
1613;937;0,166666666666666666666
1613;4437;0,166666666666666666666
1613;8928;0,166666666666666666666
1616;984;1,000000000000000000000
1629;1694;0,500000000000000000000
1629;752863;0,500000000000000000000
1632;46;0,333333333333333333333
1632;1563;0,333333333333333333333
1632;752863;0,333333333333333333333
1637;1154;0,093750000000000000000
1637;1464;0,031250000000000000000
1637;1981;0,093750000000000000000
1637;2655;0,093750000000000000000
1637;2712;0,187500000000000000000
1637;2990;0,093750000000000000000
1637;3096;0,031250000000000000000
1637;3393;0,093750000000000000000
1637;4553;0,093750000000000000000
1637;10165;0,093750000000000000000
1637;336640;0,093750000000000000000
1639;283;0,333333333333333333333
1639;1662;0,166666666666666666666
1639;2291;0,333333333333333333333
1639;8363;0,166666666666666666666
1644;517;1,000000000000000000000
1650;1182;1,000000000000000000000
1657;1122;0,500000000000000000000
1657;3085;0,500000000000000000000
1663;648;1,000000000000000000000
1667;496;0,125000000000000000000
1667;2271;0,125000000000000000000
1667;2492;0,125000000000000000000
1667;2823;0,125000000000000000000
1667;3328;0,250000000000000000000
1667;3591;0,125000000000000000000
1667;5158;0,125000000000000000000
1681;733;0,500000000000000000000
1681;899;0,500000000000000000000
1684;5061;1,000000000000000000000
1689;313;0,142857142857142857142
1689;1608;0,285714285714285714285
1689;1694;0,142857142857142857142
1689;1703;0,142857142857142857142
1689;1706;0,142857142857142857142
1689;752863;0,142857142857142857142
1694;149;0,090909090909090909090
1694;289;0,060606060606060606060
1694;1455;0,060606060606060606060
1694;1566;0,060606060606060606060
1694;1629;0,151515151515151515151
1694;1689;0,090909090909090909090
1694;1692;0,060606060606060606060
1694;1699;0,060606060606060606060
1694;1763;0,090909090909090909090
1694;2196;0,060606060606060606060
1694;2254;0,060606060606060606060
1694;3971;0,060606060606060606060
1694;9955;0,060606060606060606060
1694;752863;0,030303030303030303030
1695;2196;1,000000000000000000000
1696;1940;1,000000000000000000000
1697;46;0,200000000000000000000
1697;1321;0,200000000000000000000
1697;5753;0,200000000000000000000
1697;10093;0,200000000000000000000
1697;752863;0,200000000000000000000
1698;3049;1,000000000000000000000
1700;4245;1,000000000000000000000
1702;689;1,000000000000000000000
1703;4206;1,000000000000000000000
1705;3359;0,500000000000000000000
1705;752863;0,500000000000000000000
1706;2367;1,000000000000000000000
1707;149;0,020408163265306122448
1707;220;0,020408163265306122448
1707;289;0,020408163265306122448
1707;313;0,020408163265306122448
1707;492;0,020408163265306122448
1707;577;0,020408163265306122448
1707;1173;0,020408163265306122448
1707;1186;0,020408163265306122448
1707;1321;0,020408163265306122448
1707;1453;0,020408163265306122448
1707;1455;0,020408163265306122448
1707;1566;0,020408163265306122448
1707;1629;0,020408163265306122448
1707;1632;0,020408163265306122448
1707;1686;0,020408163265306122448
1707;1689;0,020408163265306122448
1707;1692;0,020408163265306122448
1707;1693;0,020408163265306122448
1707;1694;0,020408163265306122448
1707;1697;0,020408163265306122448
1707;1698;0,020408163265306122448
1707;1699;0,020408163265306122448
1707;1703;0,020408163265306122448
1707;1705;0,020408163265306122448
1707;1706;0,020408163265306122448
1707;1708;0,020408163265306122448
1707;1709;0,020408163265306122448
1707;1763;0,020408163265306122448
1707;1769;0,020408163265306122448
1707;2008;0,020408163265306122448
1707;2254;0,020408163265306122448
1707;2506;0,020408163265306122448
1707;2825;0,020408163265306122448
1707;2826;0,020408163265306122448
1707;3049;0,020408163265306122448
1707;3971;0,020408163265306122448
1707;5478;0,020408163265306122448
1707;6144;0,020408163265306122448
1707;7994;0,020408163265306122448
1707;9955;0,020408163265306122448
1707;10093;0,020408163265306122448
1707;13195;0,020408163265306122448
1707;14653;0,020408163265306122448
1707;18517;0,020408163265306122448
1707;18525;0,020408163265306122448
1707;21502;0,020408163265306122448
1707;25861;0,020408163265306122448
1707;27708;0,020408163265306122448
1707;529797;0,020408163265306122448
1710;6723;0,333333333333333333333
1710;10020;0,666666666666666666666
1717;469;0,111111111111111111111
1717;839;0,333333333333333333333
1717;4432;0,333333333333333333333
1717;4772;0,111111111111111111111
1717;308968;0,111111111111111111111
1727;414;0,500000000000000000000
1727;366089;0,500000000000000000000
1728;411;1,000000000000000000000
1729;1137;0,400000000000000000000
1729;2961;0,200000000000000000000
1729;41565;0,400000000000000000000
1731;689;1,000000000000000000000
1754;39;0,030303030303030303030
1754;65;0,030303030303030303030
1754;194;0,090909090909090909090
1754;472;0,060606060606060606060
1754;748;0,030303030303030303030
1754;1286;0,030303030303030303030
1754;1663;0,030303030303030303030
1754;1708;0,030303030303030303030
1754;1762;0,030303030303030303030
1754;1939;0,060606060606060606060
1754;2021;0,060606060606060606060
1754;2844;0,030303030303030303030
1754;4613;0,030303030303030303030
1754;4991;0,030303030303030303030
1754;6721;0,060606060606060606060
1754;7215;0,030303030303030303030
1754;7630;0,090909090909090909090
1754;7660;0,030303030303030303030
1754;8910;0,030303030303030303030
1754;349041;0,030303030303030303030
1754;393418;0,030303030303030303030
1754;747808;0,121212121212121212121
1762;689;0,750000000000000000000
1762;14010;0,250000000000000000000
1763;689;0,500000000000000000000
1763;2254;0,500000000000000000000
1769;380;0,500000000000000000000
1769;1321;0,500000000000000000000
1771;1220;0,200000000000000000000
1771;2421;0,200000000000000000000
1771;11369;0,400000000000000000000
1771;16497;0,200000000000000000000
1779;237;1,000000000000000000000
1780;815;0,750000000000000000000
1780;7759;0,250000000000000000000
1785;826;0,454545454545454545454
1785;1429;0,090909090909090909090
1785;2080;0,090909090909090909090
1785;4621;0,181818181818181818181
1785;10338;0,181818181818181818181
1814;826;0,333333333333333333333
1814;4376;0,333333333333333333333
1814;921779;0,333333333333333333333
1822;638;1,000000000000000000000
1824;9114;0,500000000000000000000
1824;10085;0,500000000000000000000
1831;885;0,166666666666666666666
1831;2838;0,166666666666666666666
1831;3096;0,166666666666666666666
1831;7711;0,166666666666666666666
1831;13158;0,166666666666666666666
1831;75827;0,166666666666666666666
1839;5679;1,000000000000000000000
1850;12333;1,000000000000000000000
1854;19402;1,000000000000000000000
1855;23;0,090909090909090909090
1855;379;0,045454545454545454545
1855;855;0,045454545454545454545
1855;5613;0,590909090909090909090
1855;8062;0,045454545454545454545
1855;13122;0,090909090909090909090
1855;21005;0,045454545454545454545
1855;48826;0,045454545454545454545
1862;869;0,500000000000000000000
1862;2961;0,500000000000000000000
1866;521;0,111111111111111111111
1866;528;0,111111111111111111111
1866;1150;0,111111111111111111111
1866;3680;0,111111111111111111111
1866;3800;0,111111111111111111111
1866;4237;0,111111111111111111111
1866;6320;0,111111111111111111111
1866;8156;0,111111111111111111111
1866;9399;0,111111111111111111111
1868;285;1,000000000000000000000
1889;2713;0,250000000000000000000
1889;3045;0,250000000000000000000
1889;6440;0,250000000000000000000
1889;6609;0,250000000000000000000
1891;54;0,400000000000000000000
1891;4041;0,400000000000000000000
1891;54440;0,200000000000000000000
1897;407;0,142857142857142857142
1897;526;0,142857142857142857142
1897;975;0,142857142857142857142
1897;1589;0,142857142857142857142
1897;8985;0,142857142857142857142
1897;17248;0,142857142857142857142
1897;78108;0,142857142857142857142
1902;1278;0,500000000000000000000
1902;5909;0,500000000000000000000
1903;9898;1,000000000000000000000
1906;174;0,200000000000000000000
1906;1563;0,400000000000000000000
1906;13291;0,200000000000000000000
1906;752863;0,200000000000000000000
1912;739;0,125000000000000000000
1912;1913;0,125000000000000000000
1912;5960;0,125000000000000000000
1912;7630;0,125000000000000000000
1912;12165;0,187500000000000000000
1912;13074;0,062500000000000000000
1912;14266;0,125000000000000000000
1912;23228;0,062500000000000000000
1912;28936;0,062500000000000000000
1917;3503;1,000000000000000000000
1940;628;0,400000000000000000000
1940;1754;0,200000000000000000000
1940;349041;0,400000000000000000000
1945;359;0,500000000000000000000
1945;689;0,166666666666666666666
1945;1250;0,166666666666666666666
1945;41776;0,166666666666666666666
1946;2991;0,666666666666666666666
1946;15643;0,333333333333333333333
1948;57;1,000000000000000000000
1949;579;0,035714285714285714285
1949;652;0,035714285714285714285
1949;793;0,035714285714285714285
1949;988;0,035714285714285714285
1949;1053;0,035714285714285714285
1949;2440;0,035714285714285714285
1949;3164;0,035714285714285714285
1949;3480;0,035714285714285714285
1949;3802;0,035714285714285714285
1949;3815;0,035714285714285714285
1949;4102;0,035714285714285714285
1949;4377;0,035714285714285714285
1949;4933;0,071428571428571428571
1949;5172;0,035714285714285714285
1949;5350;0,035714285714285714285
1949;5856;0,035714285714285714285
1949;6557;0,035714285714285714285
1949;7920;0,035714285714285714285
1949;12577;0,035714285714285714285
1949;13907;0,035714285714285714285
1949;17727;0,035714285714285714285
1949;22880;0,035714285714285714285
1949;24837;0,035714285714285714285
1949;24838;0,035714285714285714285
1949;98841;0,035714285714285714285
1949;367451;0,071428571428571428571
1967;1608;0,222222222222222222222
1967;1710;0,111111111111111111111
1967;3103;0,111111111111111111111
1967;3189;0,111111111111111111111
1967;6723;0,444444444444444444444
1985;3774;1,000000000000000000000
1988;860;0,090909090909090909090
1988;3174;0,090909090909090909090
1988;4881;0,772727272727272727272
1988;13253;0,045454545454545454545
1991;163;0,666666666666666666666
1991;4431;0,333333333333333333333
1997;1596;0,250000000000000000000
1997;16076;0,250000000000000000000
1997;22123;0,500000000000000000000
2007;4172;1,000000000000000000000
2015;2884;0,333333333333333333333
2015;3891;0,666666666666666666666
2017;1109;0,500000000000000000000
2017;5564;0,500000000000000000000
2021;54;0,333333333333333333333
2021;2421;0,333333333333333333333
2021;7111;0,333333333333333333333
2023;15895;1,000000000000000000000
2027;2492;1,000000000000000000000
2037;28;0,500000000000000000000
2037;1101;0,500000000000000000000
2043;22;0,500000000000000000000
2043;5632;0,500000000000000000000
2046;5219;0,200000000000000000000
2046;5564;0,600000000000000000000
2046;6320;0,200000000000000000000
2050;220;1,000000000000000000000
2059;528;1,000000000000000000000
2064;65;1,000000000000000000000
2070;5632;1,000000000000000000000
2071;533247;1,000000000000000000000
2075;28;0,250000000000000000000
2075;1439;0,500000000000000000000
2075;116409;0,250000000000000000000
2080;1785;0,500000000000000000000
2080;357817;0,500000000000000000000
2083;38738;1,000000000000000000000
2098;7755;1,000000000000000000000
2105;163;1,000000000000000000000
2111;135;0,500000000000000000000
2111;10188;0,500000000000000000000
2137;9982;1,000000000000000000000
2139;249;0,200000000000000000000
2139;267;0,400000000000000000000
2139;3045;0,200000000000000000000
2139;3219;0,200000000000000000000
2140;410;0,250000000000000000000
2140;3024;0,250000000000000000000
2140;8017;0,250000000000000000000
2140;14010;0,250000000000000000000
2146;190;0,200000000000000000000
2146;2223;0,200000000000000000000
2146;2492;0,200000000000000000000
2146;2504;0,200000000000000000000
2146;3142;0,200000000000000000000
2147;622;0,500000000000000000000
2147;1681;0,166666666666666666666
2147;352262;0,333333333333333333333
2149;1122;0,250000000000000000000
2149;21697;0,750000000000000000000
2152;2204;1,000000000000000000000
2164;1111;0,833333333333333333333
2164;19198;0,166666666666666666666
2175;4145;1,000000000000000000000
2179;1255;0,333333333333333333333
2179;4744;0,333333333333333333333
2179;7111;0,333333333333333333333
2191;6250;1,000000000000000000000
2195;934;0,250000000000000000000
2195;2196;0,250000000000000000000
2195;5367;0,250000000000000000000
2195;11427;0,250000000000000000000
2196;149;0,035714285714285714285
2196;289;0,035714285714285714285
2196;791;0,035714285714285714285
2196;1455;0,035714285714285714285
2196;1566;0,035714285714285714285
2196;1629;0,035714285714285714285
2196;1685;0,035714285714285714285
2196;1686;0,035714285714285714285
2196;1689;0,035714285714285714285
2196;1690;0,035714285714285714285
2196;1692;0,035714285714285714285
2196;1694;0,035714285714285714285
2196;1695;0,142857142857142857142
2196;1699;0,071428571428571428571
2196;1763;0,035714285714285714285
2196;2195;0,035714285714285714285
2196;2254;0,035714285714285714285
2196;2976;0,035714285714285714285
2196;3971;0,071428571428571428571
2196;5478;0,035714285714285714285
2196;9955;0,035714285714285714285
2196;11229;0,035714285714285714285
2196;11231;0,035714285714285714285
2198;140;0,035714285714285714285
2198;176;0,071428571428571428571
2198;652;0,035714285714285714285
2198;885;0,035714285714285714285
2198;886;0,071428571428571428571
2198;988;0,035714285714285714285
2198;1843;0,071428571428571428571
2198;1942;0,071428571428571428571
2198;1949;0,071428571428571428571
2198;2335;0,035714285714285714285
2198;2884;0,035714285714285714285
2198;3015;0,035714285714285714285
2198;3091;0,035714285714285714285
2198;3235;0,107142857142857142857
2198;3340;0,035714285714285714285
2198;3567;0,071428571428571428571
2198;5061;0,071428571428571428571
2198;5521;0,071428571428571428571
2204;2152;1,000000000000000000000
2210;855;1,000000000000000000000
2218;529797;1,000000000000000000000
2223;190;0,500000000000000000000
2223;2146;0,500000000000000000000
2227;4372;1,000000000000000000000
2237;23720;1,000000000000000000000
2246;623129;1,000000000000000000000
2249;1100;1,000000000000000000000
2254;1763;0,400000000000000000000
2254;11229;0,400000000000000000000
2254;23886;0,200000000000000000000
2269;689;0,200000000000000000000
2269;2742;0,400000000000000000000
2269;9714;0,200000000000000000000
2269;608895;0,200000000000000000000
2271;622;0,250000000000000000000
2271;1667;0,250000000000000000000
2271;3591;0,250000000000000000000
2271;8623;0,250000000000000000000
2274;2630;1,000000000000000000000
2275;1042;0,045454545454545454545
2275;1100;0,045454545454545454545
2275;1190;0,045454545454545454545
2275;1220;0,136363636363636363636
2275;1771;0,045454545454545454545
2275;2287;0,045454545454545454545
2275;2420;0,045454545454545454545
2275;6918;0,136363636363636363636
2275;7478;0,045454545454545454545
2275;8820;0,045454545454545454545
2275;9065;0,045454545454545454545
2275;9067;0,045454545454545454545
2275;9068;0,045454545454545454545
2275;9069;0,045454545454545454545
2275;15222;0,045454545454545454545
2275;20307;0,045454545454545454545
2275;27175;0,045454545454545454545
2275;28202;0,045454545454545454545
2276;979;0,200000000000000000000
2276;4472;0,200000000000000000000
2276;8062;0,200000000000000000000
2276;17584;0,200000000000000000000
2276;17585;0,200000000000000000000
2277;1117;0,500000000000000000000
2277;1925;0,500000000000000000000
2280;1401;1,000000000000000000000
2287;1444;0,111111111111111111111
2287;2422;0,333333333333333333333
2287;6918;0,111111111111111111111
2287;15222;0,111111111111111111111
2287;25229;0,333333333333333333333
2310;648;1,000000000000000000000
2330;3393;1,000000000000000000000
2337;3685;1,000000000000000000000
2349;5632;1,000000000000000000000
2355;827;0,500000000000000000000
2355;3399;0,166666666666666666666
2355;6496;0,166666666666666666666
2355;9968;0,166666666666666666666
2359;2271;0,333333333333333333333
2359;7762;0,333333333333333333333
2359;352262;0,333333333333333333333
2364;1117;0,285714285714285714285
2364;2972;0,285714285714285714285
2364;20843;0,142857142857142857142
2364;125861;0,285714285714285714285
2371;545;0,500000000000000000000
2371;829;0,500000000000000000000
2374;360;0,090909090909090909090
2374;689;0,545454545454545454545
2374;761;0,090909090909090909090
2374;1945;0,090909090909090909090
2374;4225;0,090909090909090909090
2374;17634;0,090909090909090909090
2379;1448;0,055555555555555555555
2379;3234;0,888888888888888888888
2379;3838;0,055555555555555555555
2380;3135;1,000000000000000000000
2383;266;1,000000000000000000000
2385;526;0,142857142857142857142
2385;1066;0,142857142857142857142
2385;2503;0,142857142857142857142
2385;4380;0,142857142857142857142
2385;5629;0,142857142857142857142
2385;6465;0,142857142857142857142
2385;8633;0,142857142857142857142
2388;5616;1,000000000000000000000
2398;1196;1,000000000000000000000
2418;533247;1,000000000000000000000
2419;356;0,500000000000000000000
2419;1042;0,500000000000000000000
2421;1771;0,133333333333333333333
2421;2021;0,133333333333333333333
2421;6641;0,133333333333333333333
2421;6765;0,066666666666666666666
2421;6881;0,066666666666666666666
2421;9065;0,066666666666666666666
2421;10592;0,066666666666666666666
2421;25230;0,066666666666666666666
2421;27175;0,133333333333333333333
2421;330168;0,066666666666666666666
2421;377520;0,066666666666666666666
2422;2287;1,000000000000000000000
2424;5782;0,500000000000000000000
2424;11369;0,500000000000000000000
2425;277;0,142857142857142857142
2425;1042;0,142857142857142857142
2425;11369;0,714285714285714285714
2433;1082;0,333333333333333333333
2433;6461;0,333333333333333333333
2433;11656;0,333333333333333333333
2434;621;0,666666666666666666666
2434;1286;0,333333333333333333333
2438;2337;0,600000000000000000000
2438;8348;0,200000000000000000000
2438;10080;0,200000000000000000000
2440;591;1,000000000000000000000
2445;317;0,250000000000000000000
2445;2972;0,250000000000000000000
2445;3802;0,500000000000000000000
2461;42;1,000000000000000000000
2464;249;0,200000000000000000000
2464;2291;0,200000000000000000000
2464;8363;0,200000000000000000000
2464;30415;0,200000000000000000000
2464;253384;0,200000000000000000000
2467;898;0,181818181818181818181
2467;2569;0,090909090909090909090
2467;3176;0,090909090909090909090
2467;3986;0,090909090909090909090
2467;8396;0,090909090909090909090
2467;17278;0,181818181818181818181
2467;17280;0,090909090909090909090
2467;17281;0,090909090909090909090
2467;184987;0,090909090909090909090
2470;752863;1,000000000000000000000
2474;248;0,400000000000000000000
2474;2716;0,600000000000000000000
2479;9968;0,500000000000000000000
2479;237945;0,500000000000000000000
2484;573;0,500000000000000000000
2484;3685;0,500000000000000000000
2487;57;0,166666666666666666666
2487;89;0,166666666666666666666
2487;1948;0,166666666666666666666
2487;3141;0,166666666666666666666
2487;4729;0,166666666666666666666
2487;4853;0,166666666666666666666
2492;1667;0,666666666666666666666
2492;2146;0,333333333333333333333
2493;1504;0,333333333333333333333
2493;2494;0,333333333333333333333
2493;5239;0,333333333333333333333
2494;519;0,166666666666666666666
2494;1425;0,166666666666666666666
2494;3178;0,333333333333333333333
2494;7072;0,166666666666666666666
2494;7095;0,166666666666666666666
2498;289;0,166666666666666666666
2498;2469;0,166666666666666666666
2498;2488;0,166666666666666666666
2498;3962;0,166666666666666666666
2498;4361;0,166666666666666666666
2498;59745;0,166666666666666666666
2500;72;0,333333333333333333333
2500;194;0,333333333333333333333
2500;2561;0,333333333333333333333
2503;373;0,250000000000000000000
2503;2385;0,250000000000000000000
2503;9807;0,250000000000000000000
2503;533247;0,250000000000000000000
2504;528;0,250000000000000000000
2504;750;0,250000000000000000000
2504;2146;0,125000000000000000000
2504;5564;0,125000000000000000000
2504;13265;0,125000000000000000000
2504;248836;0,125000000000000000000
2506;1697;0,090909090909090909090
2506;2828;0,090909090909090909090
2506;3359;0,363636363636363636363
2506;5753;0,454545454545454545454
2509;1228;0,500000000000000000000
2509;1457;0,250000000000000000000
2509;21396;0,250000000000000000000
2515;2523;0,500000000000000000000
2515;3045;0,250000000000000000000
2515;8630;0,250000000000000000000
2518;3443;1,000000000000000000000
2520;1458;0,500000000000000000000
2520;1459;0,500000000000000000000
2543;965643;1,000000000000000000000
2544;6723;1,000000000000000000000
2554;2555;0,285714285714285714285
2554;3876;0,714285714285714285714
2555;3876;0,500000000000000000000
2555;5679;0,500000000000000000000
2559;2591;1,000000000000000000000
2569;297;0,333333333333333333333
2569;468;0,333333333333333333333
2569;119973;0,333333333333333333333
2576;38;1,000000000000000000000
2578;3675;1,000000000000000000000
2585;689;0,500000000000000000000
2585;5626;0,500000000000000000000
2586;1180;1,000000000000000000000
2591;464;0,200000000000000000000
2591;2176;0,200000000000000000000
2591;2559;0,200000000000000000000
2591;3859;0,200000000000000000000
2591;9296;0,200000000000000000000
2614;25488;1,000000000000000000000
2630;3829;1,000000000000000000000
2647;61;0,500000000000000000000
2647;3340;0,500000000000000000000
2655;251;1,000000000000000000000
2657;266;0,142857142857142857142
2657;558;0,142857142857142857142
2657;851;0,142857142857142857142
2657;8513;0,142857142857142857142
2657;59745;0,285714285714285714285
2657;374246;0,142857142857142857142
2661;2713;0,500000000000000000000
2661;2714;0,500000000000000000000
2664;113;0,666666666666666666666
2664;3671;0,333333333333333333333
2678;288;1,000000000000000000000
2684;2;0,142857142857142857142
2684;113;0,142857142857142857142
2684;281;0,142857142857142857142
2684;980;0,142857142857142857142
2684;1236;0,142857142857142857142
2684;1278;0,142857142857142857142
2684;1591;0,142857142857142857142
2697;2147;0,500000000000000000000
2697;3085;0,500000000000000000000
2704;1210;0,125000000000000000000
2704;2794;0,125000000000000000000
2704;2851;0,250000000000000000000
2704;3235;0,250000000000000000000
2704;9468;0,250000000000000000000
2706;279;1,000000000000000000000
2712;1464;0,200000000000000000000
2712;1637;0,800000000000000000000
2713;1889;1,000000000000000000000
2714;861;0,400000000000000000000
2714;1591;0,200000000000000000000
2714;2661;0,200000000000000000000
2714;3381;0,200000000000000000000
2716;2474;1,000000000000000000000
2739;2736;1,000000000000000000000
2741;1142;0,500000000000000000000
2741;8363;0,500000000000000000000
2746;7699;0,500000000000000000000
2746;9686;0,500000000000000000000
2761;1340;1,000000000000000000000
2772;5918;1,000000000000000000000
2778;1082;0,500000000000000000000
2778;6461;0,500000000000000000000
2779;526;0,333333333333333333333
2779;3714;0,333333333333333333333
2779;9807;0,333333333333333333333
2786;965;0,666666666666666666666
2786;1681;0,333333333333333333333
2788;24;1,000000000000000000000
2792;54;0,333333333333333333333
2792;320;0,500000000000000000000
2792;4244;0,166666666666666666666
2796;1496;0,500000000000000000000
2796;8363;0,500000000000000000000
2800;2048;0,428571428571428571428
2800;3678;0,142857142857142857142
2800;3891;0,428571428571428571428
2802;3996;1,000000000000000000000
2803;16;0,012875536480686695278
2803;57;0,012875536480686695278
2803;71;0,012875536480686695278
2803;82;0,012875536480686695278
2803;89;0,012875536480686695278
2803;234;0,008583690987124463519
2803;309;0,008583690987124463519
2803;369;0,012875536480686695278
2803;644;0,012875536480686695278
2803;645;0,012875536480686695278
2803;827;0,012875536480686695278
2803;835;0,012875536480686695278
2803;890;0,012875536480686695278
2803;1022;0,012875536480686695278
2803;1040;0,012875536480686695278
2803;1143;0,012875536480686695278
2803;1152;0,012875536480686695278
2803;1231;0,012875536480686695278
2803;1276;0,004291845493562231759
2803;1612;0,012875536480686695278
2803;1657;0,012875536480686695278
2803;1948;0,012875536480686695278
2803;2109;0,012875536480686695278
2803;2355;0,012875536480686695278
2803;2414;0,012875536480686695278
2803;2479;0,012875536480686695278
2803;2487;0,012875536480686695278
2803;2736;0,012875536480686695278
2803;2739;0,008583690987124463519
2803;2802;0,012875536480686695278
2803;3098;0,012875536480686695278
2803;3123;0,012875536480686695278
2803;3128;0,012875536480686695278
2803;3141;0,017167381974248927038
2803;3145;0,012875536480686695278
2803;3237;0,008583690987124463519
2803;3399;0,012875536480686695278
2803;3574;0,012875536480686695278
2803;3852;0,012875536480686695278
2803;3953;0,012875536480686695278
2803;3967;0,012875536480686695278
2803;3996;0,012875536480686695278
2803;4024;0,012875536480686695278
2803;4159;0,012875536480686695278
2803;4160;0,012875536480686695278
2803;4306;0,012875536480686695278
2803;4501;0,012875536480686695278
2803;4695;0,012875536480686695278
2803;4853;0,012875536480686695278
2803;5136;0,012875536480686695278
2803;5306;0,012875536480686695278
2803;5338;0,012875536480686695278
2803;5607;0,012875536480686695278
2803;6045;0,012875536480686695278
2803;6495;0,012875536480686695278
2803;6496;0,012875536480686695278
2803;6497;0,012875536480686695278
2803;6498;0,008583690987124463519
2803;6499;0,017167381974248927038
2803;6501;0,012875536480686695278
2803;6502;0,012875536480686695278
2803;6503;0,012875536480686695278
2803;6504;0,004291845493562231759
2803;6505;0,012875536480686695278
2803;6506;0,012875536480686695278
2803;6509;0,012875536480686695278
2803;6511;0,012875536480686695278
2803;6512;0,012875536480686695278
2803;6513;0,012875536480686695278
2803;6514;0,004291845493562231759
2803;6515;0,012875536480686695278
2803;6517;0,012875536480686695278
2803;6518;0,008583690987124463519
2803;6520;0,008583690987124463519
2803;6523;0,004291845493562231759
2803;6524;0,012875536480686695278
2803;6527;0,012875536480686695278
2803;7686;0,012875536480686695278
2803;8238;0,012875536480686695278
2803;93146;0,012875536480686695278
2803;140271;0,012875536480686695278
2803;743544;0,012875536480686695278
2825;2657;1,000000000000000000000
2828;7994;0,500000000000000000000
2828;752863;0,500000000000000000000
2832;9806;1,000000000000000000000
2834;468;0,333333333333333333333
2834;978;0,333333333333333333333
2834;8910;0,333333333333333333333
2838;885;0,666666666666666666666
2838;1831;0,333333333333333333333
2850;3911;1,000000000000000000000
2852;625;1,000000000000000000000
2865;854;0,666666666666666666666
2865;12964;0,333333333333333333333
2890;1565;1,000000000000000000000
2897;1092;1,000000000000000000000
2916;1301;0,021276595744680851063
2916;1681;0,021276595744680851063
2916;2910;0,021276595744680851063
2916;2911;0,021276595744680851063
2916;2912;0,021276595744680851063
2916;2913;0,021276595744680851063
2916;2914;0,021276595744680851063
2916;2915;0,021276595744680851063
2916;2917;0,021276595744680851063
2916;2918;0,021276595744680851063
2916;2919;0,021276595744680851063
2916;2920;0,021276595744680851063
2916;2922;0,021276595744680851063
2916;2923;0,021276595744680851063
2916;2924;0,021276595744680851063
2916;2925;0,021276595744680851063
2916;2927;0,021276595744680851063
2916;2928;0,021276595744680851063
2916;2929;0,021276595744680851063
2916;2930;0,021276595744680851063
2916;2931;0,021276595744680851063
2916;2932;0,021276595744680851063
2916;2933;0,021276595744680851063
2916;2934;0,021276595744680851063
2916;2935;0,021276595744680851063
2916;2936;0,021276595744680851063
2916;2938;0,021276595744680851063
2916;2939;0,021276595744680851063
2916;2940;0,021276595744680851063
2916;2941;0,021276595744680851063
2916;2942;0,021276595744680851063
2916;2943;0,021276595744680851063
2916;2944;0,021276595744680851063
2916;2945;0,021276595744680851063
2916;2947;0,021276595744680851063
2916;2948;0,021276595744680851063
2916;2949;0,021276595744680851063
2916;2950;0,021276595744680851063
2916;2951;0,021276595744680851063
2916;2952;0,021276595744680851063
2916;2953;0,021276595744680851063
2916;2954;0,021276595744680851063
2916;2955;0,021276595744680851063
2916;2956;0,021276595744680851063
2916;49722;0,021276595744680851063
2916;282900;0,021276595744680851063
2916;475686;0,021276595744680851063
2921;12387;1,000000000000000000000
2932;733;1,000000000000000000000
2939;733;0,500000000000000000000
2939;2948;0,250000000000000000000
2939;13537;0,250000000000000000000
2948;2916;1,000000000000000000000
2950;733;0,500000000000000000000
2950;2916;0,500000000000000000000
2961;1729;0,500000000000000000000
2961;21734;0,500000000000000000000
2972;1316;0,500000000000000000000
2972;125861;0,500000000000000000000
2976;2195;1,000000000000000000000
2990;285;0,428571428571428571428
2990;1448;0,142857142857142857142
2990;3393;0,142857142857142857142
2990;3838;0,142857142857142857142
2990;6723;0,142857142857142857142
2991;1065;0,125000000000000000000
2991;1316;0,125000000000000000000
2991;1946;0,125000000000000000000
2991;965643;0,625000000000000000000
3007;1393;1,000000000000000000000
3015;5061;0,500000000000000000000
3015;5528;0,500000000000000000000
3022;388;0,500000000000000000000
3022;8237;0,500000000000000000000
3029;36;0,142857142857142857142
3029;196;0,142857142857142857142
3029;334;0,285714285714285714285
3029;3557;0,142857142857142857142
3029;4215;0,142857142857142857142
3029;13041;0,142857142857142857142
3033;61;0,500000000000000000000
3033;975;0,500000000000000000000
3045;96;0,333333333333333333333
3045;249;0,166666666666666666666
3045;861;0,250000000000000000000
3045;1889;0,083333333333333333333
3045;2139;0,083333333333333333333
3045;2515;0,083333333333333333333
3049;415;0,250000000000000000000
3049;1698;0,250000000000000000000
3049;1727;0,250000000000000000000
3049;8957;0,250000000000000000000
3069;642;0,880000000000000000000
3069;4729;0,040000000000000000000
3069;5306;0,080000000000000000000
3085;960;0,050000000000000000000
3085;1401;0,050000000000000000000
3085;2071;0,050000000000000000000
3085;2697;0,100000000000000000000
3085;4146;0,100000000000000000000
3085;4147;0,100000000000000000000
3085;5367;0,100000000000000000000
3085;5691;0,050000000000000000000
3085;9356;0,200000000000000000000
3085;10658;0,100000000000000000000
3085;41776;0,100000000000000000000
3087;38;1,000000000000000000000
3098;6496;0,500000000000000000000
3098;140271;0,500000000000000000000
3103;1967;0,500000000000000000000
3103;6723;0,500000000000000000000
3105;1348;0,333333333333333333333
3105;3433;0,333333333333333333333
3105;112314;0,333333333333333333333
3123;277;0,200000000000000000000
3123;644;0,200000000000000000000
3123;1152;0,200000000000000000000
3123;4159;0,200000000000000000000
3123;41776;0,200000000000000000000
3141;2823;0,222222222222222222222
3141;3142;0,333333333333333333333
3141;6509;0,111111111111111111111
3141;333343;0,333333333333333333333
3142;373;1,000000000000000000000
3145;6503;1,000000000000000000000
3161;1439;1,000000000000000000000
3164;7920;1,000000000000000000000
3169;4991;0,500000000000000000000
3169;6929;0,500000000000000000000
3176;184987;1,000000000000000000000
3178;4145;1,000000000000000000000
3188;1556;0,333333333333333333333
3188;5012;0,333333333333333333333
3188;98068;0,333333333333333333333
3189;660;0,500000000000000000000
3189;2543;0,500000000000000000000
3209;418454;1,000000000000000000000
3214;411;0,500000000000000000000
3214;41565;0,500000000000000000000
3222;1092;1,000000000000000000000
3233;2091;1,000000000000000000000
3235;1307;1,000000000000000000000
3245;113392;1,000000000000000000000
3250;7624;1,000000000000000000000
3256;277;0,125000000000000000000
3256;4345;0,125000000000000000000
3256;8985;0,125000000000000000000
3256;41776;0,250000000000000000000
3256;666007;0,375000000000000000000
3260;613;0,500000000000000000000
3260;5921;0,500000000000000000000
3269;6316;1,000000000000000000000
3296;1101;1,000000000000000000000
3301;3105;1,000000000000000000000
3304;545;1,000000000000000000000
3315;870;0,500000000000000000000
3315;15643;0,500000000000000000000
3318;13704;1,000000000000000000000
3320;3811;0,333333333333333333333
3320;6349;0,333333333333333333333
3320;17248;0,333333333333333333333
3328;1667;1,000000000000000000000
3331;12964;1,000000000000000000000
3340;371;0,200000000000000000000
3340;588;0,100000000000000000000
3340;2129;0,100000000000000000000
3340;3342;0,300000000000000000000
3340;3345;0,100000000000000000000
3340;5083;0,100000000000000000000
3340;37815;0,100000000000000000000
3342;3340;1,000000000000000000000
3344;7713;1,000000000000000000000
3355;2779;1,000000000000000000000
3356;524;1,000000000000000000000
3359;2195;0,500000000000000000000
3359;7994;0,250000000000000000000
3359;529797;0,250000000000000000000
3362;1135;0,500000000000000000000
3362;3671;0,500000000000000000000
3381;283;0,500000000000000000000
3381;2714;0,500000000000000000000
3383;196;0,333333333333333333333
3383;251;0,166666666666666666666
3383;1963;0,166666666666666666666
3383;4787;0,333333333333333333333
3392;2472;1,000000000000000000000
3393;85;0,055555555555555555555
3393;285;0,055555555555555555555
3393;845;0,111111111111111111111
3393;1180;0,055555555555555555555
3393;1235;0,055555555555555555555
3393;1278;0,055555555555555555555
3393;1556;0,055555555555555555555
3393;1637;0,055555555555555555555
3393;1967;0,055555555555555555555
3393;2330;0,111111111111111111111
3393;2472;0,055555555555555555555
3393;2990;0,111111111111111111111
3393;3838;0,055555555555555555555
3393;6723;0,111111111111111111111
3394;1574;1,000000000000000000000
3395;131;0,166666666666666666666
3395;855;0,166666666666666666666
3395;1565;0,166666666666666666666
3395;20843;0,333333333333333333333
3395;29027;0,166666666666666666666
3399;1948;0,333333333333333333333
3399;2355;0,500000000000000000000
3399;4094;0,166666666666666666666
3408;1169;0,500000000000000000000
3408;66075;0,250000000000000000000
3408;119973;0,250000000000000000000
3414;4262;1,000000000000000000000
3418;183;1,000000000000000000000
3420;11138;0,923076923076923076923
3420;22211;0,076923076923076923076
3427;174;0,045454545454545454545
3427;277;0,045454545454545454545
3427;812;0,045454545454545454545
3427;1036;0,045454545454545454545
3427;1064;0,045454545454545454545
3427;1454;0,045454545454545454545
3427;1562;0,045454545454545454545
3427;1563;0,090909090909090909090
3427;1691;0,045454545454545454545
3427;1703;0,045454545454545454545
3427;1708;0,045454545454545454545
3427;1766;0,045454545454545454545
3427;2506;0,045454545454545454545
3427;3359;0,045454545454545454545
3427;6413;0,045454545454545454545
3427;8212;0,045454545454545454545
3427;8213;0,045454545454545454545
3427;8590;0,045454545454545454545
3427;25861;0,045454545454545454545
3427;114536;0,090909090909090909090
3429;251;1,000000000000000000000
3433;1462;1,000000000000000000000
3443;80;0,111111111111111111111
3443;502;0,111111111111111111111
3443;876;0,111111111111111111111
3443;1131;0,111111111111111111111
3443;1248;0,111111111111111111111
3443;2518;0,111111111111111111111
3443;3515;0,111111111111111111111
3443;3625;0,111111111111111111111
3443;321395;0,111111111111111111111
3446;1727;1,000000000000000000000
3449;11734;1,000000000000000000000
3450;4307;1,000000000000000000000
3465;2467;0,500000000000000000000
3465;5175;0,500000000000000000000
3485;615;1,000000000000000000000
3496;1135;1,000000000000000000000
3523;71;0,064516129032258064516
3523;138;0,032258064516129032258
3523;194;0,032258064516129032258
3523;529;0,032258064516129032258
3523;695;0,064516129032258064516
3523;1316;0,032258064516129032258
3523;1473;0,096774193548387096774
3523;1724;0,032258064516129032258
3523;1943;0,032258064516129032258
3523;3235;0,032258064516129032258
3523;4512;0,064516129032258064516
3523;12432;0,032258064516129032258
3523;12816;0,032258064516129032258
3523;59745;0,064516129032258064516
3523;63981;0,032258064516129032258
3523;98841;0,064516129032258064516
3523;366089;0,161290322580645161290
3523;906176;0,096774193548387096774
3528;42;0,666666666666666666666
3528;8489;0,333333333333333333333
3551;1293;1,000000000000000000000
3560;388;1,000000000000000000000
3574;4853;1,000000000000000000000
3575;8539;1,000000000000000000000
3586;5636;1,000000000000000000000
3588;2652;0,250000000000000000000
3588;4219;0,750000000000000000000
3590;793;1,000000000000000000000
3591;1101;0,166666666666666666666
3591;1667;0,166666666666666666666
3591;2271;0,166666666666666666666
3591;5214;0,333333333333333333333
3591;5564;0,166666666666666666666
3601;285;1,000000000000000000000
3604;512469;1,000000000000000000000
3608;2291;0,500000000000000000000
3608;37812;0,500000000000000000000
3625;502;0,375000000000000000000
3625;876;0,625000000000000000000
3633;4825;1,000000000000000000000
3656;1160;0,333333333333333333333
3656;3158;0,333333333333333333333
3656;283638;0,333333333333333333333
3665;4497;1,000000000000000000000
3671;621;0,500000000000000000000
3671;3362;0,500000000000000000000
3685;1082;0,090909090909090909090
3685;1083;0,181818181818181818181
3685;2337;0,090909090909090909090
3685;2484;0,090909090909090909090
3685;5627;0,090909090909090909090
3685;5635;0,090909090909090909090
3685;8267;0,090909090909090909090
3685;8306;0,090909090909090909090
3685;8348;0,090909090909090909090
3685;15643;0,090909090909090909090
3701;285;1,000000000000000000000
3714;2779;1,000000000000000000000
3738;758;1,000000000000000000000
3747;11890;1,000000000000000000000
3748;127;1,000000000000000000000
3753;96;0,111111111111111111111
3753;249;0,111111111111111111111
3753;1364;0,333333333333333333333
3753;5578;0,444444444444444444444
3800;8156;1,000000000000000000000
3802;1277;0,125000000000000000000
3802;1340;0,125000000000000000000
3802;2445;0,375000000000000000000
3802;2657;0,250000000000000000000
3802;10188;0,125000000000000000000
3811;3320;0,666666666666666666666
3811;4345;0,333333333333333333333
3825;1160;0,166666666666666666666
3825;1206;0,166666666666666666666
3825;2494;0,166666666666666666666
3825;3158;0,166666666666666666666
3825;3656;0,166666666666666666666
3825;6151;0,166666666666666666666
3827;1556;0,500000000000000000000
3827;8000;0,500000000000000000000
3829;689;1,000000000000000000000
3836;246;0,333333333333333333333
3836;2188;0,333333333333333333333
3836;8928;0,333333333333333333333
3838;2379;0,500000000000000000000
3838;3234;0,500000000000000000000
3842;1963;0,333333333333333333333
3842;5010;0,333333333333333333333
3842;5392;0,333333333333333333333
3844;1293;0,071428571428571428571
3844;2678;0,071428571428571428571
3844;3508;0,785714285714285714285
3844;14683;0,071428571428571428571
3859;689;0,666666666666666666666
3859;1522;0,333333333333333333333
3864;749;1,000000000000000000000
3867;96;0,500000000000000000000
3867;615;0,500000000000000000000
3871;360;0,333333333333333333333
3871;861;0,333333333333333333333
3871;608895;0,333333333333333333333
3872;8630;1,000000000000000000000
3876;2554;0,500000000000000000000
3876;2555;0,500000000000000000000
3877;39;0,500000000000000000000
3877;988;0,500000000000000000000
3891;652;0,222222222222222222222
3891;689;0,222222222222222222222
3891;844;0,222222222222222222222
3891;2015;0,222222222222222222222
3891;2884;0,111111111111111111111
3944;266;0,500000000000000000000
3944;6913;0,500000000000000000000
3971;2196;1,000000000000000000000
3978;288;0,666666666666666666666
3978;290;0,333333333333333333333
3980;4374;1,000000000000000000000
3996;2802;0,250000000000000000000
3996;4159;0,250000000000000000000
3996;499117;0,250000000000000000000
3996;608895;0,250000000000000000000
3998;1122;0,250000000000000000000
3998;3085;0,250000000000000000000
3998;3269;0,250000000000000000000
3998;6316;0,250000000000000000000
4004;689;1,000000000000000000000
4020;54;0,222222222222222222222
4020;1225;0,222222222222222222222
4020;1316;0,111111111111111111111
4020;2991;0,222222222222222222222
4020;8163;0,111111111111111111111
4020;12816;0,111111111111111111111
4041;1891;1,000000000000000000000
4058;5637;1,000000000000000000000
4059;1196;0,500000000000000000000
4059;3776;0,500000000000000000000
4080;1271;0,333333333333333333333
4080;2472;0,666666666666666666666
4081;3441;0,500000000000000000000
4081;10175;0,500000000000000000000
4091;8229;1,000000000000000000000
4094;3399;1,000000000000000000000
4108;3320;1,000000000000000000000
4145;80;0,100000000000000000000
4145;2175;0,200000000000000000000
4145;7072;0,100000000000000000000
4145;65998;0,500000000000000000000
4145;66075;0,100000000000000000000
4146;7747;0,250000000000000000000
4146;28250;0,500000000000000000000
4146;28264;0,250000000000000000000
4147;2146;0,318181818181818181818
4147;2147;0,045454545454545454545
4147;2697;0,272727272727272727272
4147;3085;0,090909090909090909090
4147;533247;0,272727272727272727272
4159;1152;0,100000000000000000000
4159;1840;0,100000000000000000000
4159;2995;0,400000000000000000000
4159;6496;0,200000000000000000000
4159;6497;0,200000000000000000000
4173;531;0,333333333333333333333
4173;668;0,333333333333333333333
4173;507180;0,333333333333333333333
4179;74;0,333333333333333333333
4179;2591;0,333333333333333333333
4179;671388;0,333333333333333333333
4187;455;0,333333333333333333333
4187;4020;0,666666666666666666666
4215;334;0,750000000000000000000
4215;2396;0,250000000000000000000
4225;520;0,312500000000000000000
4225;761;0,125000000000000000000
4225;1182;0,062500000000000000000
4225;1227;0,250000000000000000000
4225;2374;0,062500000000000000000
4225;4345;0,062500000000000000000
4225;6048;0,062500000000000000000
4225;8156;0,062500000000000000000
4228;793;1,000000000000000000000
4229;642;1,000000000000000000000
4240;1567;1,000000000000000000000
4245;1700;1,000000000000000000000
4257;727;0,333333333333333333333
4257;885;0,333333333333333333333
4257;2851;0,333333333333333333333
4262;3414;0,500000000000000000000
4262;4491;0,250000000000000000000
4262;659902;0,250000000000000000000
4268;115;1,000000000000000000000
4269;4861;1,000000000000000000000
4271;53012;1,000000000000000000000
4278;411;0,333333333333333333333
4278;1850;0,333333333333333333333
4278;7975;0,333333333333333333333
4280;1066;0,333333333333333333333
4280;4281;0,666666666666666666666
4283;4471;1,000000000000000000000
4299;163;0,666666666666666666666
4299;4465;0,333333333333333333333
4306;4160;0,333333333333333333333
4306;6511;0,666666666666666666666
4307;613;0,250000000000000000000
4307;3450;0,083333333333333333333
4307;4345;0,250000000000000000000
4307;5093;0,166666666666666666666
4307;6913;0,166666666666666666666
4307;9762;0,083333333333333333333
4313;11;0,500000000000000000000
4313;249;0,500000000000000000000
4334;1100;0,333333333333333333333
4334;5163;0,333333333333333333333
4334;12769;0,333333333333333333333
4345;428;0,100000000000000000000
4345;527;0,100000000000000000000
4345;1234;0,100000000000000000000
4345;3088;0,100000000000000000000
4345;3256;0,100000000000000000000
4345;3811;0,100000000000000000000
4345;4225;0,100000000000000000000
4345;4307;0,100000000000000000000
4345;22123;0,200000000000000000000
4355;2794;1,000000000000000000000
4361;2578;1,000000000000000000000
4376;1814;0,333333333333333333333
4376;1827;0,333333333333333333333
4376;3161;0,166666666666666666666
4376;189452;0,166666666666666666666
4386;3967;1,000000000000000000000
4398;251;0,166666666666666666666
4398;4592;0,833333333333333333333
4421;3809;0,090909090909090909090
4421;5013;0,181818181818181818181
4421;5470;0,727272727272727272727
4430;4299;1,000000000000000000000
4434;15887;1,000000000000000000000
4435;8348;0,500000000000000000000
4435;20476;0,500000000000000000000
4437;172;1,000000000000000000000
4438;163;1,000000000000000000000
4440;4424;1,000000000000000000000
4498;11138;1,000000000000000000000
4512;2364;0,333333333333333333333
4512;3523;0,666666666666666666666
4530;354;1,000000000000000000000
4533;26746;1,000000000000000000000
4552;41;0,500000000000000000000
4552;1261;0,500000000000000000000
4553;1154;0,250000000000000000000
4553;1981;0,250000000000000000000
4553;2302;0,250000000000000000000
4553;8786;0,250000000000000000000
4561;878;1,000000000000000000000
4576;11734;1,000000000000000000000
4578;3256;1,000000000000000000000
4592;251;0,111111111111111111111
4592;1515;0,222222222222222222222
4592;1591;0,111111111111111111111
4592;4398;0,555555555555555555555
4598;1639;1,000000000000000000000
4613;2379;0,500000000000000000000
4613;2713;0,500000000000000000000
4621;184;0,166666666666666666666
4621;1429;0,333333333333333333333
4621;1785;0,166666666666666666666
4621;10338;0,166666666666666666666
4621;357817;0,166666666666666666666
4622;4225;1,000000000000000000000
4625;3748;1,000000000000000000000
4627;4498;0,250000000000000000000
4627;7975;0,500000000000000000000
4627;17449;0,250000000000000000000
4639;3694;1,000000000000000000000
4713;251;1,000000000000000000000
4715;533247;1,000000000000000000000
4719;3208;0,125000000000000000000
4719;19199;0,125000000000000000000
4719;238453;0,125000000000000000000
4719;239963;0,250000000000000000000
4719;239965;0,125000000000000000000
4719;239969;0,125000000000000000000
4719;366672;0,125000000000000000000
4748;8633;1,000000000000000000000
4751;854;1,000000000000000000000
4772;1717;1,000000000000000000000
4777;846;0,500000000000000000000
4777;2512;0,500000000000000000000
4794;3360;0,333333333333333333333
4794;8268;0,666666666666666666666
4825;96;0,100000000000000000000
4825;237;0,100000000000000000000
4825;249;0,100000000000000000000
4825;1156;0,100000000000000000000
4825;1364;0,100000000000000000000
4825;1988;0,100000000000000000000
4825;2293;0,100000000000000000000
4825;3174;0,100000000000000000000
4825;3219;0,100000000000000000000
4825;4881;0,100000000000000000000
4852;4159;0,500000000000000000000
4852;12441;0,500000000000000000000
4853;6496;1,000000000000000000000
4861;4269;1,000000000000000000000
4876;4877;1,000000000000000000000
4885;738;0,500000000000000000000
4885;8648;0,500000000000000000000
4933;115;0,500000000000000000000
4933;367451;0,500000000000000000000
4935;579;1,000000000000000000000
4942;1448;1,000000000000000000000
5001;1314;1,000000000000000000000
5016;74;0,026315789473684210526
5016;214;0,026315789473684210526
5016;360;0,026315789473684210526
5016;420;0,026315789473684210526
5016;527;0,026315789473684210526
5016;652;0,026315789473684210526
5016;808;0,026315789473684210526
5016;839;0,026315789473684210526
5016;966;0,026315789473684210526
5016;972;0,026315789473684210526
5016;999;0,026315789473684210526
5016;1077;0,026315789473684210526
5016;1501;0,026315789473684210526
5016;1556;0,078947368421052631578
5016;1981;0,026315789473684210526
5016;1991;0,026315789473684210526
5016;2080;0,052631578947368421052
5016;2515;0,026315789473684210526
5016;3260;0,026315789473684210526
5016;3508;0,026315789473684210526
5016;3678;0,026315789473684210526
5016;3763;0,026315789473684210526
5016;4976;0,026315789473684210526
5016;6349;0,026315789473684210526
5016;7322;0,026315789473684210526
5016;8909;0,026315789473684210526
5016;9719;0,026315789473684210526
5016;9720;0,026315789473684210526
5016;9722;0,026315789473684210526
5016;13158;0,026315789473684210526
5016;15762;0,026315789473684210526
5016;37815;0,026315789473684210526
5016;42210;0,026315789473684210526
5016;248832;0,026315789473684210526
5016;653504;0,026315789473684210526
5061;163;0,181818181818181818181
5061;2834;0,181818181818181818181
5061;8062;0,090909090909090909090
5061;15302;0,545454545454545454545
5071;1391;1,000000000000000000000
5077;12591;1,000000000000000000000
5083;689;0,058823529411764705882
5083;1162;0,058823529411764705882
5083;1293;0,058823529411764705882
5083;2489;0,058823529411764705882
5083;2838;0,058823529411764705882
5083;2863;0,058823529411764705882
5083;3683;0,058823529411764705882
5083;5627;0,058823529411764705882
5083;7080;0,058823529411764705882
5083;7717;0,058823529411764705882
5083;8050;0,058823529411764705882
5083;15737;0,058823529411764705882
5083;24258;0,058823529411764705882
5083;27587;0,058823529411764705882
5083;28780;0,058823529411764705882
5083;28784;0,058823529411764705882
5083;508708;0,058823529411764705882
5089;131;0,500000000000000000000
5089;4837;0,500000000000000000000
5101;28822;0,500000000000000000000
5101;276780;0,250000000000000000000
5101;440497;0,250000000000000000000
5136;1152;0,500000000000000000000
5136;140271;0,500000000000000000000
5142;12876;1,000000000000000000000
5148;136664;1,000000000000000000000
5149;54;0,023809523809523809523
5149;119;0,023809523809523809523
5149;277;0,023809523809523809523
5149;322;0,023809523809523809523
5149;550;0,023809523809523809523
5149;658;0,023809523809523809523
5149;689;0,023809523809523809523
5149;1068;0,023809523809523809523
5149;1254;0,023809523809523809523
5149;1463;0,023809523809523809523
5149;1487;0,023809523809523809523
5149;1663;0,023809523809523809523
5149;1839;0,023809523809523809523
5149;2007;0,023809523809523809523
5149;2179;0,023809523809523809523
5149;2181;0,023809523809523809523
5149;2182;0,023809523809523809523
5149;2184;0,023809523809523809523
5149;2206;0,023809523809523809523
5149;2380;0,023809523809523809523
5149;2817;0,023809523809523809523
5149;3642;0,023809523809523809523
5149;3694;0,023809523809523809523
5149;4031;0,023809523809523809523
5149;4172;0,023809523809523809523
5149;5657;0,023809523809523809523
5149;5789;0,023809523809523809523
5149;5790;0,023809523809523809523
5149;6567;0,023809523809523809523
5149;7111;0,023809523809523809523
5149;7598;0,023809523809523809523
5149;7694;0,023809523809523809523
5149;8081;0,023809523809523809523
5149;9138;0,023809523809523809523
5149;9394;0,023809523809523809523
5149;9618;0,023809523809523809523
5149;12247;0,023809523809523809523
5149;14733;0,023809523809523809523
5149;15895;0,023809523809523809523
5149;20853;0,023809523809523809523
5149;21161;0,023809523809523809523
5149;28546;0,023809523809523809523
5158;182;0,333333333333333333333
5158;1667;0,166666666666666666666
5158;2272;0,166666666666666666666
5158;2847;0,166666666666666666666
5158;4890;0,166666666666666666666
5163;5682;0,333333333333333333333
5163;12769;0,666666666666666666666
5168;411;0,333333333333333333333
5168;1397;0,333333333333333333333
5168;1729;0,333333333333333333333
5174;285;1,000000000000000000000
5177;689;1,000000000000000000000
5214;192;0,333333333333333333333
5214;3591;0,666666666666666666666
5219;2046;0,250000000000000000000
5219;2271;0,250000000000000000000
5219;9402;0,250000000000000000000
5219;9418;0,250000000000000000000
5239;5591;1,000000000000000000000
5264;22;1,000000000000000000000
5289;285;1,000000000000000000000
5306;3069;1,000000000000000000000
5329;94073;1,000000000000000000000
5338;293;0,250000000000000000000
5338;4274;0,250000000000000000000
5338;8999;0,500000000000000000000
5350;8976;1,000000000000000000000
5367;41776;1,000000000000000000000
5392;2588;0,111111111111111111111
5392;3842;0,111111111111111111111
5392;3879;0,111111111111111111111
5392;4534;0,111111111111111111111
5392;5037;0,222222222222222222222
5392;6433;0,111111111111111111111
5392;12441;0,111111111111111111111
5392;28699;0,111111111111111111111
5437;5440;0,166666666666666666666
5437;18258;0,833333333333333333333
5440;5437;1,000000000000000000000
5445;127;0,500000000000000000000
5445;190;0,500000000000000000000
5464;380;0,285714285714285714285
5464;1963;0,142857142857142857142
5464;2296;0,142857142857142857142
5464;2429;0,142857142857142857142
5464;4293;0,142857142857142857142
5464;28569;0,142857142857142857142
5513;5591;1,000000000000000000000
5519;5441;0,333333333333333333333
5519;9438;0,333333333333333333333
5519;533247;0,333333333333333333333
5526;3096;1,000000000000000000000
5528;3015;0,800000000000000000000
5528;9356;0,200000000000000000000
5530;533247;1,000000000000000000000
5543;7701;0,500000000000000000000
5543;9905;0,500000000000000000000
5564;192;0,200000000000000000000
5564;689;0,200000000000000000000
5564;2017;0,100000000000000000000
5564;2046;0,200000000000000000000
5564;3591;0,200000000000000000000
5564;5698;0,100000000000000000000
5578;3753;1,000000000000000000000
5591;904;0,333333333333333333333
5591;5239;0,666666666666666666666
5603;2600;1,000000000000000000000
5607;6511;1,000000000000000000000
5610;714174;1,000000000000000000000
5613;23;0,017857142857142857142
5613;115;0,008928571428571428571
5613;176;0,004464285714285714285
5613;198;0,004464285714285714285
5613;201;0,004464285714285714285
5613;306;0,004464285714285714285
5613;360;0,004464285714285714285
5613;490;0,004464285714285714285
5613;543;0,008928571428571428571
5613;579;0,004464285714285714285
5613;607;0,004464285714285714285
5613;652;0,008928571428571428571
5613;727;0,004464285714285714285
5613;844;0,004464285714285714285
5613;855;0,008928571428571428571
5613;885;0,004464285714285714285
5613;886;0,008928571428571428571
5613;988;0,004464285714285714285
5613;1053;0,004464285714285714285
5613;1120;0,004464285714285714285
5613;1210;0,004464285714285714285
5613;1307;0,004464285714285714285
5613;1501;0,008928571428571428571
5613;1585;0,004464285714285714285
5613;1719;0,004464285714285714285
5613;1841;0,008928571428571428571
5613;1843;0,008928571428571428571
5613;1855;0,017857142857142857142
5613;1864;0,004464285714285714285
5613;1949;0,004464285714285714285
5613;1956;0,008928571428571428571
5613;2048;0,004464285714285714285
5613;2117;0,004464285714285714285
5613;2125;0,004464285714285714285
5613;2162;0,008928571428571428571
5613;2198;0,022321428571428571428
5613;2199;0,004464285714285714285
5613;2210;0,004464285714285714285
5613;2278;0,004464285714285714285
5613;2288;0,004464285714285714285
5613;2352;0,004464285714285714285
5613;2440;0,004464285714285714285
5613;2621;0,008928571428571428571
5613;2704;0,004464285714285714285
5613;2794;0,004464285714285714285
5613;2850;0,004464285714285714285
5613;2851;0,062500000000000000000
5613;2884;0,004464285714285714285
5613;3015;0,004464285714285714285
5613;3164;0,004464285714285714285
5613;3235;0,004464285714285714285
5613;3480;0,008928571428571428571
5613;3481;0,008928571428571428571
5613;3508;0,008928571428571428571
5613;3532;0,004464285714285714285
5613;3567;0,004464285714285714285
5613;3678;0,008928571428571428571
5613;3763;0,013392857142857142857
5613;3815;0,004464285714285714285
5613;3891;0,004464285714285714285
5613;3911;0,004464285714285714285
5613;4004;0,004464285714285714285
5613;4257;0,004464285714285714285
5613;4268;0,008928571428571428571
5613;4355;0,004464285714285714285
5613;4486;0,008928571428571428571
5613;4814;0,008928571428571428571
5613;4860;0,004464285714285714285
5613;4933;0,004464285714285714285
5613;4935;0,004464285714285714285
5613;5061;0,049107142857142857142
5613;5088;0,008928571428571428571
5613;5089;0,004464285714285714285
5613;5172;0,004464285714285714285
5613;5329;0,004464285714285714285
5613;5493;0,004464285714285714285
5613;5521;0,008928571428571428571
5613;5528;0,004464285714285714285
5613;6406;0,004464285714285714285
5613;6557;0,008928571428571428571
5613;6856;0,008928571428571428571
5613;6994;0,004464285714285714285
5613;6997;0,004464285714285714285
5613;7911;0,004464285714285714285
5613;7920;0,008928571428571428571
5613;8062;0,049107142857142857142
5613;8513;0,004464285714285714285
5613;8909;0,026785714285714285714
5613;9300;0,004464285714285714285
5613;9338;0,008928571428571428571
5613;9360;0,004464285714285714285
5613;9468;0,004464285714285714285
5613;9476;0,008928571428571428571
5613;9542;0,004464285714285714285
5613;10480;0,004464285714285714285
5613;10640;0,008928571428571428571
5613;12577;0,008928571428571428571
5613;13122;0,004464285714285714285
5613;13158;0,004464285714285714285
5613;13178;0,008928571428571428571
5613;13907;0,008928571428571428571
5613;14602;0,004464285714285714285
5613;14683;0,008928571428571428571
5613;14803;0,004464285714285714285
5613;14881;0,004464285714285714285
5613;15331;0,004464285714285714285
5613;15762;0,008928571428571428571
5613;15888;0,008928571428571428571
5613;16280;0,004464285714285714285
5613;17584;0,044642857142857142857
5613;17622;0,004464285714285714285
5613;17665;0,008928571428571428571
5613;17727;0,004464285714285714285
5613;18070;0,004464285714285714285
5613;18396;0,004464285714285714285
5613;21005;0,008928571428571428571
5613;22702;0,008928571428571428571
5613;22705;0,004464285714285714285
5613;22708;0,004464285714285714285
5613;22880;0,004464285714285714285
5613;23930;0,008928571428571428571
5613;23953;0,008928571428571428571
5613;23954;0,008928571428571428571
5613;72209;0,008928571428571428571
5613;73289;0,004464285714285714285
5613;508789;0,004464285714285714285
5616;978;1,000000000000000000000
5617;17611;0,500000000000000000000
5617;40028;0,500000000000000000000
5626;407;1,000000000000000000000
5628;261;0,111111111111111111111
5628;860;0,111111111111111111111
5628;1141;0,111111111111111111111
5628;3219;0,111111111111111111111
5628;4995;0,111111111111111111111
5628;24668;0,222222222222222222222
5628;27655;0,222222222222222222222
5629;2385;0,333333333333333333333
5629;5367;0,333333333333333333333
5629;533247;0,333333333333333333333
5632;841;1,000000000000000000000
5635;3685;0,250000000000000000000
5635;4877;0,500000000000000000000
5635;7748;0,250000000000000000000
5640;829;1,000000000000000000000
5646;23562;1,000000000000000000000
5660;89703;1,000000000000000000000
5666;5484;1,000000000000000000000
5753;1707;0,500000000000000000000
5753;659902;0,500000000000000000000
5852;519;1,000000000000000000000
5856;1053;0,500000000000000000000
5856;12798;0,500000000000000000000
5861;6535;1,000000000000000000000
5886;362;0,333333333333333333333
5886;1938;0,166666666666666666666
5886;4497;0,166666666666666666666
5886;6169;0,166666666666666666666
5886;8466;0,166666666666666666666
5918;738;1,000000000000000000000
5922;2436;1,000000000000000000000
5935;1182;1,000000000000000000000
6000;410;1,000000000000000000000
6007;980;1,000000000000000000000
6027;827;0,500000000000000000000
6027;2355;0,500000000000000000000
6045;10080;1,000000000000000000000
6068;1220;1,000000000000000000000
6113;42;0,666666666666666666666
6113;140175;0,333333333333333333333
6130;2792;0,500000000000000000000
6130;6567;0,500000000000000000000
6132;863;0,250000000000000000000
6132;1225;0,750000000000000000000
6144;1563;0,500000000000000000000
6144;752863;0,500000000000000000000
6169;1938;1,000000000000000000000
6189;5437;0,500000000000000000000
6189;259831;0,500000000000000000000
6203;122;0,200000000000000000000
6203;625;0,800000000000000000000
6213;10649;1,000000000000000000000
6234;1274;1,000000000000000000000
6262;12563;1,000000000000000000000
6297;3905;1,000000000000000000000
6316;5441;0,500000000000000000000
6316;9422;0,500000000000000000000
6320;669;0,333333333333333333333
6320;1866;0,666666666666666666666
6326;8445;0,500000000000000000000
6326;44336;0,500000000000000000000
6347;6535;1,000000000000000000000
6349;3320;1,000000000000000000000
6353;244;1,000000000000000000000
6354;1489;1,000000000000000000000
6372;689;1,000000000000000000000
6406;2489;1,000000000000000000000
6413;1321;0,500000000000000000000
6413;2427;0,500000000000000000000
6433;5392;1,000000000000000000000
6440;74;0,500000000000000000000
6440;1889;0,500000000000000000000
6461;2433;0,333333333333333333333
6461;6723;0,666666666666666666666
6468;490;1,000000000000000000000
6483;1180;0,200000000000000000000
6483;3905;0,200000000000000000000
6483;4292;0,200000000000000000000
6483;4976;0,200000000000000000000
6483;5016;0,200000000000000000000
6496;2648;1,000000000000000000000
6497;4159;1,000000000000000000000
6498;5168;1,000000000000000000000
6503;2736;0,200000000000000000000
6503;3145;0,200000000000000000000
6503;57838;0,200000000000000000000
6503;237945;0,200000000000000000000
6503;381254;0,200000000000000000000
6535;1889;0,250000000000000000000
6535;2713;0,250000000000000000000
6535;5861;0,250000000000000000000
6535;6347;0,250000000000000000000
6543;122;0,166666666666666666666
6543;2803;0,500000000000000000000
6543;5013;0,166666666666666666666
6543;8363;0,166666666666666666666
6567;13476;1,000000000000000000000
6581;18247;0,200000000000000000000
6581;20969;0,200000000000000000000
6581;28763;0,200000000000000000000
6581;533247;0,400000000000000000000
6602;74;1,000000000000000000000
6627;420;1,000000000000000000000
6630;2419;1,000000000000000000000
6635;1504;1,000000000000000000000
6641;1220;0,333333333333333333333
6641;2421;0,333333333333333333333
6641;13179;0,333333333333333333333
6694;545;0,666666666666666666666
6694;54879;0,333333333333333333333
6723;435;0,083333333333333333333
6723;1608;0,083333333333333333333
6723;1967;0,083333333333333333333
6723;2091;0,083333333333333333333
6723;2544;0,416666666666666666666
6723;3393;0,166666666666666666666
6723;651622;0,083333333333333333333
6765;2275;0,500000000000000000000
6765;2287;0,250000000000000000000
6765;2421;0,250000000000000000000
6773;681;1,000000000000000000000
6856;240;0,333333333333333333333
6856;793;0,666666666666666666666
6881;13850;1,000000000000000000000
6883;5013;1,000000000000000000000
6889;9805;1,000000000000000000000
6913;3944;0,500000000000000000000
6913;4307;0,500000000000000000000
6918;2287;1,000000000000000000000
6929;3169;1,000000000000000000000
6940;1609;1,000000000000000000000
6962;112062;1,000000000000000000000
7030;2863;0,166666666666666666666
7030;12563;0,166666666666666666666
7030;28557;0,166666666666666666666
7030;28560;0,166666666666666666666
7030;28561;0,166666666666666666666
7030;119973;0,166666666666666666666
7049;1583;1,000000000000000000000
7072;4145;1,000000000000000000000
7095;2494;0,166666666666666666666
7095;3178;0,166666666666666666666
7095;3197;0,166666666666666666666
7095;4145;0,333333333333333333333
7095;119973;0,166666666666666666666
7116;279;1,000000000000000000000
7130;1316;1,000000000000000000000
7131;3155;0,666666666666666666666
7131;10306;0,333333333333333333333
7142;85;0,555555555555555555555
7142;254;0,444444444444444444444
7209;320;1,000000000000000000000
7221;9184;1,000000000000000000000
7328;621;1,000000000000000000000
7389;4576;1,000000000000000000000
7434;4931;1,000000000000000000000
7543;551;0,019607843137254901960
7543;600;0,039215686274509803921
7543;1344;0,019607843137254901960
7543;1454;0,019607843137254901960
7543;1898;0,039215686274509803921
7543;2743;0,039215686274509803921
7543;2786;0,039215686274509803921
7543;3420;0,039215686274509803921
7543;3685;0,039215686274509803921
7543;4587;0,039215686274509803921
7543;5136;0,039215686274509803921
7543;7717;0,039215686274509803921
7543;7975;0,039215686274509803921
7543;8212;0,019607843137254901960
7543;12959;0,039215686274509803921
7543;15737;0,039215686274509803921
7543;27613;0,039215686274509803921
7543;152027;0,372549019607843137254
7543;329272;0,039215686274509803921
7560;275;0,500000000000000000000
7560;4748;0,500000000000000000000
7574;1139;1,000000000000000000000
7578;1182;0,600000000000000000000
7578;4379;0,200000000000000000000
7578;584314;0,200000000000000000000
7586;2041;1,000000000000000000000
7605;15643;1,000000000000000000000
7626;248840;1,000000000000000000000
7630;1754;1,000000000000000000000
7686;960642;1,000000000000000000000
7713;3344;1,000000000000000000000
7738;280033;1,000000000000000000000
7747;2054;1,000000000000000000000
7748;5635;0,500000000000000000000
7748;368117;0,500000000000000000000
7756;189;0,166666666666666666666
7756;1082;0,166666666666666666666
7756;1840;0,166666666666666666666
7756;4576;0,166666666666666666666
7756;6701;0,166666666666666666666
7756;18622;0,166666666666666666666
7759;497;0,142857142857142857142
7759;815;0,142857142857142857142
7759;977;0,142857142857142857142
7759;1109;0,142857142857142857142
7759;1780;0,142857142857142857142
7759;7747;0,142857142857142857142
7759;9208;0,142857142857142857142
7874;127;0,400000000000000000000
7874;1173;0,200000000000000000000
7874;2367;0,200000000000000000000
7874;2826;0,200000000000000000000
7906;388;0,500000000000000000000
7906;3560;0,500000000000000000000
7975;411;0,142857142857142857142
7975;904;0,142857142857142857142
7975;2993;0,142857142857142857142
7975;3465;0,142857142857142857142
7975;4278;0,142857142857142857142
7975;4627;0,142857142857142857142
7975;12959;0,142857142857142857142
7994;1453;0,125000000000000000000
7994;1705;0,250000000000000000000
7994;2828;0,250000000000000000000
7994;28777;0,125000000000000000000
7994;752863;0,250000000000000000000
8050;1162;0,055555555555555555555
8050;1293;0,055555555555555555555
8050;2489;0,055555555555555555555
8050;2838;0,055555555555555555555
8050;2863;0,055555555555555555555
8050;3683;0,055555555555555555555
8050;5083;0,111111111111111111111
8050;5627;0,055555555555555555555
8050;7080;0,055555555555555555555
8050;7717;0,055555555555555555555
8050;15737;0,055555555555555555555
8050;24258;0,055555555555555555555
8050;27587;0,055555555555555555555
8050;28780;0,055555555555555555555
8050;28783;0,055555555555555555555
8050;28784;0,055555555555555555555
8050;508708;0,055555555555555555555
8051;6952;1,000000000000000000000
8056;191488;1,000000000000000000000
8062;727;0,400000000000000000000
8062;4933;0,200000000000000000000
8062;5061;0,200000000000000000000
8062;37812;0,200000000000000000000
8090;4625;0,333333333333333333333
8090;259831;0,666666666666666666666
8109;219;0,200000000000000000000
8109;945;0,400000000000000000000
8109;7998;0,200000000000000000000
8109;8931;0,200000000000000000000
8156;4225;1,000000000000000000000
8164;1073;0,200000000000000000000
8164;1157;0,200000000000000000000
8164;1315;0,200000000000000000000
8164;1985;0,200000000000000000000
8164;9513;0,200000000000000000000
8229;4091;1,000000000000000000000
8255;564;0,021739130434782608695
8255;565;0,021739130434782608695
8255;1458;0,021739130434782608695
8255;1459;0,021739130434782608695
8255;1506;0,021739130434782608695
8255;1516;0,021739130434782608695
8255;1925;0,021739130434782608695
8255;1943;0,021739130434782608695
8255;2520;0,021739130434782608695
8255;2588;0,021739130434782608695
8255;2995;0,021739130434782608695
8255;3225;0,021739130434782608695
8255;3842;0,021739130434782608695
8255;3879;0,021739130434782608695
8255;3940;0,021739130434782608695
8255;4534;0,021739130434782608695
8255;4841;0,021739130434782608695
8255;4954;0,021739130434782608695
8255;5037;0,021739130434782608695
8255;5363;0,021739130434782608695
8255;5392;0,021739130434782608695
8255;5396;0,021739130434782608695
8255;6739;0,021739130434782608695
8255;6960;0,021739130434782608695
8255;7015;0,021739130434782608695
8255;7873;0,021739130434782608695
8255;8372;0,021739130434782608695
8255;8687;0,021739130434782608695
8255;8698;0,021739130434782608695
8255;8708;0,021739130434782608695
8255;10491;0,021739130434782608695
8255;12119;0,021739130434782608695
8255;12431;0,021739130434782608695
8255;12439;0,021739130434782608695
8255;12762;0,021739130434782608695
8255;12763;0,021739130434782608695
8255;12764;0,021739130434782608695
8255;12765;0,021739130434782608695
8255;12766;0,021739130434782608695
8255;12767;0,021739130434782608695
8255;12768;0,021739130434782608695
8255;12769;0,021739130434782608695
8255;12770;0,021739130434782608695
8255;12771;0,021739130434782608695
8255;12772;0,021739130434782608695
8255;56282;0,021739130434782608695
8267;3685;1,000000000000000000000
8268;4794;0,500000000000000000000
8268;393418;0,500000000000000000000
8348;246;0,040000000000000000000
8348;545;0,040000000000000000000
8348;1083;0,080000000000000000000
8348;1497;0,040000000000000000000
8348;1824;0,040000000000000000000
8348;2323;0,040000000000000000000
8348;2337;0,040000000000000000000
8348;2343;0,040000000000000000000
8348;2372;0,040000000000000000000
8348;2678;0,040000000000000000000
8348;3245;0,120000000000000000000
8348;3360;0,040000000000000000000
8348;3685;0,120000000000000000000
8348;3978;0,040000000000000000000
8348;4435;0,040000000000000000000
8348;4657;0,040000000000000000000
8348;4794;0,040000000000000000000
8348;11014;0,040000000000000000000
8348;12385;0,040000000000000000000
8348;14652;0,040000000000000000000
8373;778;1,000000000000000000000
8396;2467;1,000000000000000000000
8440;1182;0,833333333333333333333
8440;256951;0,166666666666666666666
8441;35;0,714285714285714285714
8441;3169;0,142857142857142857142
8441;8465;0,142857142857142857142
8445;1016;0,750000000000000000000
8445;6326;0,250000000000000000000
8447;418454;1,000000000000000000000
8461;434663;1,000000000000000000000
8464;4991;1,000000000000000000000
8465;41;0,007968127490039840637
8465;240;0,015936254980079681274
8465;362;0,015936254980079681274
8465;475;0,015936254980079681274
8465;479;0,015936254980079681274
8465;507;0,003984063745019920318
8465;520;0,015936254980079681274
8465;525;0,011952191235059760956
8465;642;0,003984063745019920318
8465;706;0,015936254980079681274
8465;742;0,003984063745019920318
8465;783;0,003984063745019920318
8465;793;0,015936254980079681274
8465;796;0,003984063745019920318
8465;826;0,003984063745019920318
8465;852;0,011952191235059760956
8465;975;0,003984063745019920318
8465;999;0,003984063745019920318
8465;1016;0,003984063745019920318
8465;1065;0,003984063745019920318
8465;1104;0,003984063745019920318
8465;1107;0,015936254980079681274
8465;1111;0,003984063745019920318
8465;1112;0,003984063745019920318
8465;1171;0,015936254980079681274
8465;1196;0,003984063745019920318
8465;1313;0,015936254980079681274
8465;1314;0,015936254980079681274
8465;1315;0,011952191235059760956
8465;1556;0,003984063745019920318
8465;1673;0,003984063745019920318
8465;1713;0,003984063745019920318
8465;1748;0,011952191235059760956
8465;1806;0,003984063745019920318
8465;1848;0,003984063745019920318
8465;1938;0,015936254980079681274
8465;1963;0,003984063745019920318
8465;2166;0,003984063745019920318
8465;2296;0,003984063745019920318
8465;2306;0,015936254980079681274
8465;2396;0,011952191235059760956
8465;2429;0,003984063745019920318
8465;2490;0,011952191235059760956
8465;2491;0,015936254980079681274
8465;2815;0,011952191235059760956
8465;3038;0,015936254980079681274
8465;3082;0,003984063745019920318
8465;3188;0,003984063745019920318
8465;3208;0,003984063745019920318
8465;3374;0,015936254980079681274
8465;3563;0,003984063745019920318
8465;3590;0,011952191235059760956
8465;3599;0,003984063745019920318
8465;3683;0,007968127490039840637
8465;3776;0,003984063745019920318
8465;3905;0,003984063745019920318
8465;4219;0,015936254980079681274
8465;4222;0,003984063745019920318
8465;4242;0,015936254980079681274
8465;4292;0,003984063745019920318
8465;4293;0,003984063745019920318
8465;4497;0,011952191235059760956
8465;4706;0,011952191235059760956
8465;4831;0,003984063745019920318
8465;4835;0,011952191235059760956
8465;4991;0,015936254980079681274
8465;4992;0,003984063745019920318
8465;4993;0,003984063745019920318
8465;4994;0,003984063745019920318
8465;4995;0,015936254980079681274
8465;4997;0,003984063745019920318
8465;4998;0,015936254980079681274
8465;4999;0,015936254980079681274
8465;5000;0,003984063745019920318
8465;5001;0,015936254980079681274
8465;5002;0,011952191235059760956
8465;5003;0,015936254980079681274
8465;5004;0,003984063745019920318
8465;5005;0,015936254980079681274
8465;5006;0,003984063745019920318
8465;5007;0,003984063745019920318
8465;5008;0,003984063745019920318
8465;5009;0,003984063745019920318
8465;5010;0,003984063745019920318
8465;5011;0,015936254980079681274
8465;5012;0,003984063745019920318
8465;5013;0,015936254980079681274
8465;5014;0,003984063745019920318
8465;5015;0,015936254980079681274
8465;5016;0,003984063745019920318
8465;5017;0,003984063745019920318
8465;5019;0,015936254980079681274
8465;5666;0,011952191235059760956
8465;5935;0,011952191235059760956
8465;8000;0,003984063745019920318
8465;8438;0,011952191235059760956
8465;8441;0,003984063745019920318
8465;8442;0,011952191235059760956
8465;8449;0,011952191235059760956
8465;8458;0,011952191235059760956
8465;8460;0,011952191235059760956
8465;8462;0,015936254980079681274
8465;8470;0,011952191235059760956
8465;8473;0,011952191235059760956
8465;8476;0,011952191235059760956
8465;8539;0,003984063745019920318
8465;10241;0,003984063745019920318
8465;21271;0,011952191235059760956
8465;248831;0,003984063745019920318
8465;310049;0,011952191235059760956
8465;347540;0,003984063745019920318
8466;4497;1,000000000000000000000
8478;5012;1,000000000000000000000
8489;3528;0,500000000000000000000
8489;8363;0,500000000000000000000
8513;490;1,000000000000000000000
8566;2877;0,200000000000000000000
8566;9468;0,800000000000000000000
8580;380;0,333333333333333333333
8580;2506;0,333333333333333333333
8580;10093;0,333333333333333333333
8611;4462;1,000000000000000000000
8623;9;0,020000000000000000000
8623;77;0,020000000000000000000
8623;90;0,020000000000000000000
8623;206;0,020000000000000000000
8623;521;0,020000000000000000000
8623;528;0,020000000000000000000
8623;529;0,020000000000000000000
8623;911;0,020000000000000000000
8623;1066;0,020000000000000000000
8623;1109;0,020000000000000000000
8623;1122;0,020000000000000000000
8623;1150;0,040000000000000000000
8623;1234;0,020000000000000000000
8623;1419;0,020000000000000000000
8623;1473;0,020000000000000000000
8623;1866;0,020000000000000000000
8623;1971;0,020000000000000000000
8623;2027;0,020000000000000000000
8623;2041;0,020000000000000000000
8623;2046;0,020000000000000000000
8623;2054;0,020000000000000000000
8623;2059;0,020000000000000000000
8623;2149;0,020000000000000000000
8623;2150;0,020000000000000000000
8623;2216;0,020000000000000000000
8623;2271;0,020000000000000000000
8623;2492;0,020000000000000000000
8623;3142;0,020000000000000000000
8623;3680;0,020000000000000000000
8623;3800;0,020000000000000000000
8623;4070;0,020000000000000000000
8623;5487;0,020000000000000000000
8623;5557;0,020000000000000000000
8623;5564;0,020000000000000000000
8623;5632;0,020000000000000000000
8623;6213;0,020000000000000000000
8623;6320;0,020000000000000000000
8623;8156;0,020000000000000000000
8623;9110;0,020000000000000000000
8623;9390;0,020000000000000000000
8623;9391;0,020000000000000000000
8623;9399;0,020000000000000000000
8623;9400;0,020000000000000000000
8623;9417;0,020000000000000000000
8623;9431;0,020000000000000000000
8623;9440;0,020000000000000000000
8623;11030;0,020000000000000000000
8623;18251;0,020000000000000000000
8623;352262;0,020000000000000000000
8630;101;0,010638297872340425531
8630;226;0,010638297872340425531
8630;241;0,010638297872340425531
8630;248;0,010638297872340425531
8630;250;0,010638297872340425531
8630;251;0,010638297872340425531
8630;274;0,010638297872340425531
8630;279;0,010638297872340425531
8630;284;0,010638297872340425531
8630;285;0,010638297872340425531
8630;455;0,010638297872340425531
8630;678;0,010638297872340425531
8630;698;0,010638297872340425531
8630;737;0,010638297872340425531
8630;781;0,010638297872340425531
8630;802;0,010638297872340425531
8630;861;0,010638297872340425531
8630;873;0,010638297872340425531
8630;912;0,010638297872340425531
8630;1271;0,010638297872340425531
8630;1499;0,010638297872340425531
8630;1513;0,021276595744680851063
8630;1515;0,010638297872340425531
8630;1520;0,010638297872340425531
8630;1583;0,010638297872340425531
8630;1591;0,010638297872340425531
8630;1710;0,010638297872340425531
8630;1741;0,010638297872340425531
8630;1814;0,010638297872340425531
8630;1827;0,010638297872340425531
8630;2009;0,010638297872340425531
8630;2087;0,010638297872340425531
8630;2139;0,010638297872340425531
8630;2398;0,010638297872340425531
8630;2455;0,010638297872340425531
8630;2472;0,010638297872340425531
8630;2474;0,010638297872340425531
8630;2510;0,010638297872340425531
8630;2515;0,010638297872340425531
8630;2523;0,010638297872340425531
8630;2655;0,010638297872340425531
8630;2661;0,010638297872340425531
8630;2706;0,010638297872340425531
8630;2713;0,010638297872340425531
8630;2714;0,010638297872340425531
8630;2990;0,010638297872340425531
8630;3045;0,010638297872340425531
8630;3103;0,010638297872340425531
8630;3383;0,010638297872340425531
8630;3392;0,010638297872340425531
8630;3429;0,010638297872340425531
8630;3459;0,010638297872340425531
8630;3473;0,010638297872340425531
8630;3601;0,010638297872340425531
8630;3619;0,010638297872340425531
8630;3701;0,010638297872340425531
8630;3838;0,010638297872340425531
8630;3866;0,010638297872340425531
8630;3867;0,010638297872340425531
8630;3870;0,010638297872340425531
8630;3871;0,010638297872340425531
8630;3872;0,010638297872340425531
8630;3873;0,010638297872340425531
8630;3992;0,010638297872340425531
8630;4187;0,010638297872340425531
8630;4313;0,010638297872340425531
8630;4337;0,010638297872340425531
8630;4398;0,010638297872340425531
8630;4592;0,010638297872340425531
8630;4613;0,010638297872340425531
8630;4787;0,010638297872340425531
8630;5430;0,010638297872340425531
8630;6007;0,010638297872340425531
8630;6008;0,010638297872340425531
8630;6105;0,010638297872340425531
8630;6347;0,010638297872340425531
8630;7160;0,010638297872340425531
8630;7334;0,010638297872340425531
8630;9212;0,010638297872340425531
8630;9258;0,010638297872340425531
8630;9330;0,010638297872340425531
8630;9514;0,010638297872340425531
8630;10019;0,010638297872340425531
8630;10021;0,010638297872340425531
8630;10197;0,010638297872340425531
8630;10595;0,010638297872340425531
8630;13294;0,010638297872340425531
8630;13670;0,010638297872340425531
8630;13671;0,010638297872340425531
8630;13673;0,010638297872340425531
8630;13675;0,010638297872340425531
8630;13676;0,010638297872340425531
8630;216172;0,010638297872340425531
8633;2385;0,666666666666666666666
8633;4748;0,333333333333333333333
8648;266;0,400000000000000000000
8648;4578;0,200000000000000000000
8648;4885;0,400000000000000000000
8715;277;0,250000000000000000000
8715;4583;0,250000000000000000000
8715;9898;0,250000000000000000000
8715;13074;0,250000000000000000000
8723;4240;1,000000000000000000000
8786;4553;0,500000000000000000000
8786;8363;0,250000000000000000000
8786;8787;0,250000000000000000000
8787;8786;1,000000000000000000000
8805;14733;1,000000000000000000000
8830;2421;1,000000000000000000000
8837;2421;1,000000000000000000000
8858;689;0,333333333333333333333
8858;8870;0,333333333333333333333
8858;23419;0,333333333333333333333
8870;689;0,250000000000000000000
8870;8858;0,250000000000000000000
8870;23419;0,250000000000000000000
8870;330168;0,250000000000000000000
8873;1913;0,500000000000000000000
8873;334473;0,500000000000000000000
8910;2198;0,333333333333333333333
8910;5061;0,333333333333333333333
8910;157662;0,333333333333333333333
8957;2352;1,000000000000000000000
8976;5350;1,000000000000000000000
8985;964;0,333333333333333333333
8985;3256;0,333333333333333333333
8985;3877;0,333333333333333333333
9065;2421;1,000000000000000000000
9068;2510;1,000000000000000000000
9110;878;1,000000000000000000000
9114;1824;1,000000000000000000000
9150;2129;0,333333333333333333333
9150;3091;0,333333333333333333333
9150;3891;0,333333333333333333333
9159;2322;1,000000000000000000000
9184;4715;0,166666666666666666666
9184;7221;0,833333333333333333333
9208;7759;1,000000000000000000000
9288;392;0,200000000000000000000
9288;1669;0,200000000000000000000
9288;1833;0,200000000000000000000
9288;3197;0,200000000000000000000
9288;65998;0,200000000000000000000
9296;2591;1,000000000000000000000
9338;360;0,545454545454545454545
9338;844;0,090909090909090909090
9338;13178;0,363636363636363636363
9350;260;0,200000000000000000000
9350;1145;0,200000000000000000000
9350;13584;0,200000000000000000000
9350;26479;0,200000000000000000000
9350;28894;0,200000000000000000000
9356;719;0,090909090909090909090
9356;3085;0,181818181818181818181
9356;3420;0,090909090909090909090
9356;5528;0,181818181818181818181
9356;9668;0,090909090909090909090
9356;22298;0,090909090909090909090
9356;25264;0,090909090909090909090
9356;28826;0,090909090909090909090
9356;37814;0,090909090909090909090
9367;14124;1,000000000000000000000
9392;6316;0,333333333333333333333
9392;533247;0,666666666666666666666
9393;1066;1,000000000000000000000
9395;689;1,000000000000000000000
9398;669;0,500000000000000000000
9398;6316;0,500000000000000000000
9409;1401;1,000000000000000000000
9430;5632;1,000000000000000000000
9442;1234;0,666666666666666666666
9442;9418;0,333333333333333333333
9476;2199;0,500000000000000000000
9476;9468;0,500000000000000000000
9483;557;0,100000000000000000000
9483;928;0,100000000000000000000
9483;1500;0,100000000000000000000
9483;2091;0,100000000000000000000
9483;4938;0,100000000000000000000
9483;6952;0,100000000000000000000
9483;7553;0,100000000000000000000
9483;12442;0,100000000000000000000
9483;16112;0,100000000000000000000
9483;19734;0,100000000000000000000
9510;157551;1,000000000000000000000
9651;8320;0,125000000000000000000
9651;24875;0,125000000000000000000
9651;27141;0,125000000000000000000
9651;29028;0,625000000000000000000
9668;39;0,125000000000000000000
9668;4179;0,125000000000000000000
9668;9356;0,250000000000000000000
9668;37812;0,250000000000000000000
9668;37814;0,125000000000000000000
9668;440497;0,125000000000000000000
9674;25230;1,000000000000000000000
9691;3811;1,000000000000000000000
9722;1227;1,000000000000000000000
9762;6913;0,333333333333333333333
9762;12159;0,666666666666666666666
9807;2503;0,666666666666666666666
9807;2780;0,333333333333333333333
9832;10658;1,000000000000000000000
9898;1524;0,500000000000000000000
9898;387438;0,500000000000000000000
9924;2129;1,000000000000000000000
9940;964;1,000000000000000000000
9951;437;0,857142857142857142857
9951;21396;0,142857142857142857142
9968;6027;1,000000000000000000000
10000;402245;1,000000000000000000000
10018;12907;1,000000000000000000000
10020;1710;0,500000000000000000000
10020;3838;0,333333333333333333333
10020;6105;0,166666666666666666666
10080;2438;0,250000000000000000000
10080;5506;0,250000000000000000000
10080;6045;0,250000000000000000000
10080;6498;0,250000000000000000000
10093;2367;0,333333333333333333333
10093;7994;0,333333333333333333333
10093;752863;0,333333333333333333333
10103;2423;1,000000000000000000000
10165;484;0,083333333333333333333
10165;635;0,083333333333333333333
10165;882;0,083333333333333333333
10165;1471;0,083333333333333333333
10165;1637;0,083333333333333333333
10165;2712;0,083333333333333333333
10165;41556;0,083333333333333333333
10165;47352;0,166666666666666666666
10165;50332;0,083333333333333333333
10165;50959;0,083333333333333333333
10165;95154;0,083333333333333333333
10188;845;0,125000000000000000000
10188;1116;0,125000000000000000000
10188;1262;0,125000000000000000000
10188;1591;0,125000000000000000000
10188;2111;0,125000000000000000000
10188;3325;0,125000000000000000000
10188;3393;0,125000000000000000000
10188;3802;0,125000000000000000000
10241;8465;1,000000000000000000000
10255;1082;0,500000000000000000000
10255;7648;0,500000000000000000000
10338;1439;0,428571428571428571428
10338;1785;0,285714285714285714285
10338;4621;0,285714285714285714285
10341;11734;1,000000000000000000000
10352;8928;1,000000000000000000000
10523;1293;1,000000000000000000000
10592;1220;0,500000000000000000000
10592;2421;0,500000000000000000000
10602;918;0,500000000000000000000
10602;54879;0,500000000000000000000
10649;9382;1,000000000000000000000
10724;1439;1,000000000000000000000
10763;140;1,000000000000000000000
10892;1516;0,333333333333333333333
10892;3251;0,333333333333333333333
10892;15975;0,333333333333333333333
10946;533247;1,000000000000000000000
11138;3420;0,750000000000000000000
11138;5536;0,250000000000000000000
11249;5647;0,500000000000000000000
11249;12889;0,250000000000000000000
11249;58270;0,250000000000000000000
11369;1042;0,027777777777777777777
11369;1220;0,027777777777777777777
11369;1771;0,055555555555555555555
11369;2275;0,083333333333333333333
11369;2287;0,027777777777777777777
11369;2421;0,027777777777777777777
11369;2424;0,027777777777777777777
11369;2425;0,250000000000000000000
11369;4222;0,027777777777777777777
11369;5782;0,027777777777777777777
11369;6068;0,027777777777777777777
11369;6630;0,027777777777777777777
11369;6734;0,027777777777777777777
11369;6881;0,027777777777777777777
11369;8820;0,027777777777777777777
11369;9067;0,027777777777777777777
11369;10606;0,027777777777777777777
11369;19627;0,027777777777777777777
11369;25230;0,027777777777777777777
11369;27063;0,027777777777777777777
11369;27067;0,027777777777777777777
11369;27175;0,027777777777777777777
11369;28195;0,027777777777777777777
11369;349155;0,027777777777777777777
11369;373677;0,027777777777777777777
11377;3871;1,000000000000000000000
11415;135123;1,000000000000000000000
11527;1596;1,000000000000000000000
11552;1439;0,666666666666666666666
11552;116409;0,333333333333333333333
11656;1434;0,200000000000000000000
11656;2433;0,200000000000000000000
11656;6461;0,200000000000000000000
11656;11734;0,200000000000000000000
11656;13642;0,200000000000000000000
11734;375;0,200000000000000000000
11734;3449;0,200000000000000000000
11734;4576;0,200000000000000000000
11734;10341;0,400000000000000000000
12026;1036;1,000000000000000000000
12156;772;0,035714285714285714285
12156;853;0,071428571428571428571
12156;1319;0,071428571428571428571
12156;1717;0,107142857142857142857
12156;2073;0,035714285714285714285
12156;4430;0,071428571428571428571
12156;4470;0,071428571428571428571
12156;4772;0,107142857142857142857
12156;5526;0,071428571428571428571
12156;8873;0,071428571428571428571
12156;9090;0,071428571428571428571
12156;13622;0,071428571428571428571
12156;27862;0,071428571428571428571
12156;122436;0,071428571428571428571
12159;2897;0,250000000000000000000
12159;3222;0,250000000000000000000
12159;9762;0,500000000000000000000
12333;1850;1,000000000000000000000
12356;504;0,500000000000000000000
12356;792462;0,500000000000000000000
12375;1220;1,000000000000000000000
12430;749;0,333333333333333333333
12430;3378;0,333333333333333333333
12430;7624;0,333333333333333333333
12435;528;1,000000000000000000000
12497;322;0,333333333333333333333
12497;550;0,333333333333333333333
12497;4281;0,333333333333333333333
12563;388;0,142857142857142857142
12563;400;0,142857142857142857142
12563;416;0,142857142857142857142
12563;1729;0,142857142857142857142
12563;3022;0,142857142857142857142
12563;6262;0,142857142857142857142
12563;12850;0,142857142857142857142
12698;8827;1,000000000000000000000
12706;1462;1,000000000000000000000
12768;3940;1,000000000000000000000
12850;14010;1,000000000000000000000
12864;472;0,666666666666666666666
12864;4890;0,333333333333333333333
12876;798;0,666666666666666666666
12876;5142;0,333333333333333333333
12936;689;0,250000000000000000000
12936;2510;0,250000000000000000000
12936;2591;0,250000000000000000000
12936;3859;0,250000000000000000000
12938;1439;0,500000000000000000000
12938;1445;0,500000000000000000000
12959;7975;1,000000000000000000000
12964;2865;0,333333333333333333333
12964;3331;0,666666666666666666666
13006;16644;1,000000000000000000000
13074;5660;0,250000000000000000000
13074;8715;0,500000000000000000000
13074;27830;0,250000000000000000000
13179;1220;0,500000000000000000000
13179;6641;0,500000000000000000000
13265;7650;1,000000000000000000000
13291;174;1,000000000000000000000
13329;199;0,500000000000000000000
13329;2179;0,500000000000000000000
13335;423;0,333333333333333333333
13335;2481;0,333333333333333333333
13335;4344;0,333333333333333333333
13372;7762;1,000000000000000000000
13482;668;1,000000000000000000000
13502;7660;0,500000000000000000000
13502;408414;0,500000000000000000000
13537;8687;1,000000000000000000000
13642;568;1,000000000000000000000
13704;3318;1,000000000000000000000
13814;266;1,000000000000000000000
13899;1082;1,000000000000000000000
14010;904;0,500000000000000000000
14010;1762;0,500000000000000000000
14050;689;1,000000000000000000000
14073;2503;0,500000000000000000000
14073;2504;0,500000000000000000000
14124;9367;0,500000000000000000000
14124;13335;0,500000000000000000000
14151;749;0,500000000000000000000
14151;1206;0,500000000000000000000
14266;19707;1,000000000000000000000
14269;6681;1,000000000000000000000
14323;228;1,000000000000000000000
14742;2364;1,000000000000000000000
15222;1041;0,500000000000000000000
15222;2275;0,500000000000000000000
15302;1171;0,181818181818181818181
15302;1406;0,090909090909090909090
15302;2863;0,363636363636363636363
15302;5061;0,363636363636363636363
15331;9300;1,000000000000000000000
15471;731;0,400000000000000000000
15471;95154;0,600000000000000000000
15643;354;0,500000000000000000000
15643;41776;0,500000000000000000000
15863;689;1,000000000000000000000
15867;271;0,500000000000000000000
15867;2678;0,500000000000000000000
15895;119;0,500000000000000000000
15895;596;0,500000000000000000000
15975;4876;0,500000000000000000000
15975;9905;0,500000000000000000000
16076;1997;1,000000000000000000000
16497;1041;0,166666666666666666666
16497;1220;0,166666666666666666666
16497;1771;0,166666666666666666666
16497;2422;0,166666666666666666666
16497;13850;0,166666666666666666666
16497;27062;0,166666666666666666666
16651;12769;1,000000000000000000000
16659;12769;1,000000000000000000000
16665;3155;0,333333333333333333333
16665;12433;0,333333333333333333333
16665;12436;0,333333333333333333333
16786;1239;0,500000000000000000000
16786;3180;0,500000000000000000000
16845;17268;1,000000000000000000000
17047;5831;1,000000000000000000000
17248;527;1,000000000000000000000
17276;54879;0,333333333333333333333
17276;440509;0,666666666666666666666
17278;898;1,000000000000000000000
17449;979;1,000000000000000000000
17549;3940;1,000000000000000000000
17584;360;0,500000000000000000000
17584;23952;0,500000000000000000000
17611;119973;1,000000000000000000000
17634;2374;0,200000000000000000000
17634;16527;0,400000000000000000000
17634;386794;0,400000000000000000000
17762;3189;1,000000000000000000000
18398;47032;0,500000000000000000000
18398;89703;0,500000000000000000000
18641;277;0,090909090909090909090
18641;1696;0,090909090909090909090
18641;1892;0,090909090909090909090
18641;5338;0,090909090909090909090
18641;7660;0,181818181818181818181
18641;13074;0,090909090909090909090
18641;23562;0,090909090909090909090
18641;41776;0,090909090909090909090
18641;131383;0,090909090909090909090
18641;440497;0,090909090909090909090
20216;5626;1,000000000000000000000
20393;27615;1,000000000000000000000
20476;4435;1,000000000000000000000
20666;2064;0,071428571428571428571
20666;2156;0,071428571428571428571
20666;6027;0,071428571428571428571
20666;10633;0,071428571428571428571
20666;27286;0,071428571428571428571
20666;29796;0,071428571428571428571
20666;239965;0,071428571428571428571
20666;248831;0,071428571428571428571
20666;255740;0,071428571428571428571
20666;283638;0,071428571428571428571
20666;331627;0,071428571428571428571
20666;365534;0,071428571428571428571
20666;365536;0,071428571428571428571
20666;388810;0,071428571428571428571
20843;2364;0,500000000000000000000
20843;3395;0,500000000000000000000
20915;1563;1,000000000000000000000
20969;6581;1,000000000000000000000
21396;9951;1,000000000000000000000
21697;983;0,200000000000000000000
21697;2149;0,800000000000000000000
21734;2961;1,000000000000000000000
22123;3811;1,000000000000000000000
22211;1439;1,000000000000000000000
22298;1439;0,666666666666666666666
22298;9356;0,333333333333333333333
23720;1370;0,428571428571428571428
23720;2237;0,571428571428571428571
23886;2254;1,000000000000000000000
24076;2001;1,000000000000000000000
24668;5628;1,000000000000000000000
25229;2287;0,500000000000000000000
25229;25230;0,500000000000000000000
25230;1862;0,076923076923076923076
25230;1894;0,076923076923076923076
25230;2421;0,076923076923076923076
25230;6918;0,153846153846153846153
25230;9674;0,230769230769230769230
25230;11369;0,076923076923076923076
25230;15222;0,076923076923076923076
25230;25229;0,230769230769230769230
25849;2059;1,000000000000000000000
25861;752863;1,000000000000000000000
26267;8928;1,000000000000000000000
27064;387437;1,000000000000000000000
27066;1771;1,000000000000000000000
27173;190;1,000000000000000000000
27175;2421;0,500000000000000000000
27175;15944;0,500000000000000000000
27349;5616;1,000000000000000000000
27610;27619;1,000000000000000000000
27619;27610;1,000000000000000000000
27633;27610;1,000000000000000000000
27707;12959;1,000000000000000000000
27852;810;1,000000000000000000000
27870;3905;1,000000000000000000000
27950;28017;1,000000000000000000000
28017;475;0,500000000000000000000
28017;499117;0,500000000000000000000
28018;28017;1,000000000000000000000
28109;3564;1,000000000000000000000
28213;1220;0,500000000000000000000
28213;2275;0,500000000000000000000
28397;35;0,600000000000000000000
28397;4137;0,200000000000000000000
28397;5007;0,200000000000000000000
28528;854;0,333333333333333333333
28528;1725;0,666666666666666666666
28557;3441;1,000000000000000000000
28567;163;1,000000000000000000000
28629;1083;1,000000000000000000000
28822;5101;0,666666666666666666666
28822;440497;0,333333333333333333333
28834;689;1,000000000000000000000
28853;144425;1,000000000000000000000
30415;2291;0,500000000000000000000
30415;2464;0,500000000000000000000
31343;96;0,500000000000000000000
31343;2293;0,500000000000000000000
36186;689;1,000000000000000000000
37812;1483;0,111111111111111111111
37812;3608;0,111111111111111111111
37812;8062;0,111111111111111111111
37812;9668;0,222222222222222222222
37812;10507;0,111111111111111111111
37812;17516;0,111111111111111111111
37812;37814;0,111111111111111111111
37812;37815;0,111111111111111111111
37813;434663;1,000000000000000000000
37814;9356;0,333333333333333333333
37814;9668;0,333333333333333333333
37814;37812;0,333333333333333333333
37815;3340;1,000000000000000000000
38589;472;0,035087719298245614035
38589;625;0,456140350877192982456
38589;635;0,026315789473684210526
38589;972;0,017543859649122807017
38589;6203;0,464912280701754385964
38738;116409;1,000000000000000000000
41565;1069;1,000000000000000000000
41776;283;0,038461538461538461538
41776;360;0,115384615384615384615
41776;513;0,153846153846153846153
41776;695;0,038461538461538461538
41776;1122;0,038461538461538461538
41776;2489;0,038461538461538461538
41776;3085;0,038461538461538461538
41776;3123;0,038461538461538461538
41776;3256;0,076923076923076923076
41776;3683;0,038461538461538461538
41776;4583;0,038461538461538461538
41776;5367;0,115384615384615384615
41776;8715;0,038461538461538461538
41776;15643;0,038461538461538461538
41776;18641;0,038461538461538461538
41776;59841;0,038461538461538461538
41776;131383;0,038461538461538461538
41776;393418;0,038461538461538461538
44336;1606;0,500000000000000000000
44336;6326;0,500000000000000000000
47352;689;0,375000000000000000000
47352;1439;0,500000000000000000000
47352;10165;0,125000000000000000000
48826;59745;1,000000000000000000000
48862;669;1,000000000000000000000
49722;733;1,000000000000000000000
50332;3607;1,000000000000000000000
50905;1439;1,000000000000000000000
53012;1263;1,000000000000000000000
54440;54;0,333333333333333333333
54440;1891;0,333333333333333333333
54440;2792;0,166666666666666666666
54440;4041;0,166666666666666666666
54879;10602;0,500000000000000000000
54879;276780;0,500000000000000000000
55134;5647;1,000000000000000000000
57838;6503;0,333333333333333333333
57838;259831;0,333333333333333333333
57838;352420;0,333333333333333333333
59745;43;0,050000000000000000000
59745;138;0,050000000000000000000
59745;291;0,050000000000000000000
59745;1169;0,050000000000000000000
59745;1939;0,050000000000000000000
59745;2498;0,050000000000000000000
59745;2657;0,050000000000000000000
59745;3523;0,050000000000000000000
59745;59841;0,350000000000000000000
59745;78108;0,150000000000000000000
59745;366089;0,100000000000000000000
59841;845;0,041666666666666666666
59841;846;0,708333333333333333333
59841;1098;0,041666666666666666666
59841;41776;0,041666666666666666666
59841;59745;0,166666666666666666666
59867;490;0,333333333333333333333
59867;899;0,666666666666666666666
63981;184646;1,000000000000000000000
65998;4145;0,692307692307692307692
65998;7095;0,076923076923076923076
65998;66075;0,230769230769230769230
66075;2175;0,333333333333333333333
66075;4145;0,333333333333333333333
66075;65998;0,333333333333333333333
75827;747;0,166666666666666666666
75827;748;0,333333333333333333333
75827;3607;0,166666666666666666666
75827;71411;0,166666666666666666666
75827;325646;0,166666666666666666666
77678;1016;1,000000000000000000000
78108;59745;0,250000000000000000000
78108;940328;0,750000000000000000000
81648;747;0,333333333333333333333
81648;71411;0,333333333333333333333
81648;99942;0,333333333333333333333
89703;4942;0,500000000000000000000
89703;18398;0,500000000000000000000
91818;427048;0,200000000000000000000
91818;442813;0,400000000000000000000
91818;442814;0,200000000000000000000
91818;471750;0,200000000000000000000
94073;5329;1,000000000000000000000
95154;15471;1,000000000000000000000
98068;747808;1,000000000000000000000
98841;96;0,090909090909090909090
98841;249;0,090909090909090909090
98841;352;0,090909090909090909090
98841;1122;0,090909090909090909090
98841;1340;0,090909090909090909090
98841;2184;0,090909090909090909090
98841;4530;0,090909090909090909090
98841;7660;0,090909090909090909090
98841;41776;0,181818181818181818181
98841;906176;0,090909090909090909090
99942;747;1,000000000000000000000
112062;6189;1,000000000000000000000
113365;2421;1,000000000000000000000
113392;131;0,083333333333333333333
113392;291;0,166666666666666666666
113392;846;0,250000000000000000000
113392;2371;0,083333333333333333333
113392;3245;0,250000000000000000000
113392;393418;0,083333333333333333333
113392;604246;0,083333333333333333333
113459;520;1,000000000000000000000
114536;313;0,125000000000000000000
114536;1564;0,125000000000000000000
114536;1688;0,125000000000000000000
114536;1702;0,125000000000000000000
114536;1706;0,250000000000000000000
114536;3427;0,125000000000000000000
114536;28777;0,125000000000000000000
116140;517;1,000000000000000000000
119483;899;1,000000000000000000000
119973;538;0,031250000000000000000
119973;1315;0,187500000000000000000
119973;1894;0,031250000000000000000
119973;2993;0,187500000000000000000
119973;3515;0,031250000000000000000
119973;4278;0,031250000000000000000
119973;12563;0,250000000000000000000
119973;17611;0,187500000000000000000
119973;184987;0,031250000000000000000
119973;687941;0,031250000000000000000
125861;2364;0,500000000000000000000
125861;2972;0,500000000000000000000
131383;41776;1,000000000000000000000
135596;22;1,000000000000000000000
136664;1692;1,000000000000000000000
139869;689;1,000000000000000000000
140175;6113;1,000000000000000000000
140271;3098;1,000000000000000000000
144425;2133;0,125000000000000000000
144425;3219;0,250000000000000000000
144425;3246;0,125000000000000000000
144425;4098;0,250000000000000000000
144425;28853;0,250000000000000000000
145389;2275;1,000000000000000000000
146462;1583;0,250000000000000000000
146462;1988;0,250000000000000000000
146462;3601;0,250000000000000000000
146462;4881;0,250000000000000000000
157662;883847;1,000000000000000000000
160268;1182;1,000000000000000000000
163510;846;1,000000000000000000000
173893;4039;1,000000000000000000000
179346;657;1,000000000000000000000
184987;898;0,400000000000000000000
184987;3176;0,200000000000000000000
184987;3962;0,200000000000000000000
184987;119973;0,200000000000000000000
189452;4376;0,400000000000000000000
189452;7713;0,200000000000000000000
189452;9898;0,200000000000000000000
189452;119973;0,200000000000000000000
191488;1175;0,048780487804878048780
191488;2277;0,048780487804878048780
191488;5354;0,048780487804878048780
191488;5511;0,048780487804878048780
191488;8056;0,048780487804878048780
191488;9350;0,048780487804878048780
191488;9898;0,048780487804878048780
191488;10941;0,048780487804878048780
191488;14072;0,048780487804878048780
191488;16880;0,024390243902439024390
191488;27929;0,048780487804878048780
191488;27949;0,048780487804878048780
191488;27953;0,048780487804878048780
191488;27968;0,048780487804878048780
191488;27973;0,048780487804878048780
191488;28017;0,048780487804878048780
191488;28019;0,048780487804878048780
191488;28022;0,048780487804878048780
191488;28023;0,048780487804878048780
191488;28030;0,048780487804878048780
191488;28032;0,048780487804878048780
192866;71;0,125000000000000000000
192866;845;0,250000000000000000000
192866;846;0,250000000000000000000
192866;1263;0,125000000000000000000
192866;2731;0,125000000000000000000
192866;623129;0,125000000000000000000
193005;846;0,600000000000000000000
193005;982;0,200000000000000000000
193005;1041;0,200000000000000000000
237945;2479;0,666666666666666666666
237945;6503;0,333333333333333333333
238453;239965;1,000000000000000000000
239964;1713;1,000000000000000000000
239965;238453;1,000000000000000000000
239969;239963;0,666666666666666666666
239969;239965;0,333333333333333333333
245879;1154;0,500000000000000000000
245879;2293;0,500000000000000000000
248334;35;0,005917159763313609467
248334;240;0,005917159763313609467
248334;362;0,005917159763313609467
248334;385;0,005917159763313609467
248334;475;0,005917159763313609467
248334;479;0,005917159763313609467
248334;520;0,005917159763313609467
248334;525;0,005917159763313609467
248334;706;0,005917159763313609467
248334;758;0,005917159763313609467
248334;761;0,005917159763313609467
248334;793;0,005917159763313609467
248334;833;0,005917159763313609467
248334;975;0,005917159763313609467
248334;1058;0,005917159763313609467
248334;1098;0,005917159763313609467
248334;1107;0,005917159763313609467
248334;1171;0,005917159763313609467
248334;1182;0,005917159763313609467
248334;1290;0,005917159763313609467
248334;1313;0,005917159763313609467
248334;1314;0,005917159763313609467
248334;1347;0,005917159763313609467
248334;1512;0,005917159763313609467
248334;1514;0,005917159763313609467
248334;1527;0,005917159763313609467
248334;1554;0,005917159763313609467
248334;1650;0,005917159763313609467
248334;1748;0,005917159763313609467
248334;1778;0,005917159763313609467
248334;1845;0,005917159763313609467
248334;1938;0,005917159763313609467
248334;2204;0,005917159763313609467
248334;2306;0,005917159763313609467
248334;2374;0,005917159763313609467
248334;2490;0,005917159763313609467
248334;2491;0,005917159763313609467
248334;2648;0,005917159763313609467
248334;2652;0,005917159763313609467
248334;2815;0,005917159763313609467
248334;3038;0,005917159763313609467
248334;3097;0,005917159763313609467
248334;3108;0,005917159763313609467
248334;3169;0,005917159763313609467
248334;3188;0,005917159763313609467
248334;3207;0,005917159763313609467
248334;3209;0,005917159763313609467
248334;3374;0,005917159763313609467
248334;3563;0,005917159763313609467
248334;3579;0,005917159763313609467
248334;3585;0,005917159763313609467
248334;3586;0,005917159763313609467
248334;3587;0,005917159763313609467
248334;3588;0,005917159763313609467
248334;3590;0,005917159763313609467
248334;3665;0,005917159763313609467
248334;3708;0,005917159763313609467
248334;3738;0,005917159763313609467
248334;3741;0,005917159763313609467
248334;3827;0,005917159763313609467
248334;4108;0,005917159763313609467
248334;4137;0,005917159763313609467
248334;4219;0,005917159763313609467
248334;4222;0,005917159763313609467
248334;4225;0,005917159763313609467
248334;4228;0,005917159763313609467
248334;4242;0,005917159763313609467
248334;4379;0,005917159763313609467
248334;4497;0,005917159763313609467
248334;4603;0,005917159763313609467
248334;4622;0,005917159763313609467
248334;4706;0,005917159763313609467
248334;4835;0,005917159763313609467
248334;4991;0,005917159763313609467
248334;4999;0,005917159763313609467
248334;5001;0,005917159763313609467
248334;5002;0,005917159763313609467
248334;5003;0,005917159763313609467
248334;5005;0,005917159763313609467
248334;5007;0,005917159763313609467
248334;5011;0,005917159763313609467
248334;5012;0,005917159763313609467
248334;5013;0,005917159763313609467
248334;5015;0,005917159763313609467
248334;5019;0,005917159763313609467
248334;5484;0,005917159763313609467
248334;5886;0,005917159763313609467
248334;5935;0,005917159763313609467
248334;5991;0,005917159763313609467
248334;6006;0,005917159763313609467
248334;6048;0,005917159763313609467
248334;6169;0,005917159763313609467
248334;6532;0,005917159763313609467
248334;6883;0,005917159763313609467
248334;6929;0,005917159763313609467
248334;7532;0,005917159763313609467
248334;7574;0,005917159763313609467
248334;7578;0,005917159763313609467
248334;7626;0,005917159763313609467
248334;7699;0,005917159763313609467
248334;7739;0,005917159763313609467
248334;8000;0,005917159763313609467
248334;8022;0,005917159763313609467
248334;8172;0,005917159763313609467
248334;8366;0,005917159763313609467
248334;8434;0,005917159763313609467
248334;8435;0,005917159763313609467
248334;8436;0,005917159763313609467
248334;8437;0,005917159763313609467
248334;8438;0,005917159763313609467
248334;8439;0,005917159763313609467
248334;8440;0,005917159763313609467
248334;8441;0,005917159763313609467
248334;8442;0,005917159763313609467
248334;8443;0,005917159763313609467
248334;8445;0,005917159763313609467
248334;8446;0,005917159763313609467
248334;8447;0,005917159763313609467
248334;8448;0,005917159763313609467
248334;8449;0,005917159763313609467
248334;8450;0,005917159763313609467
248334;8454;0,005917159763313609467
248334;8455;0,005917159763313609467
248334;8456;0,005917159763313609467
248334;8457;0,005917159763313609467
248334;8458;0,005917159763313609467
248334;8459;0,005917159763313609467
248334;8460;0,005917159763313609467
248334;8461;0,005917159763313609467
248334;8462;0,005917159763313609467
248334;8463;0,005917159763313609467
248334;8464;0,005917159763313609467
248334;8465;0,005917159763313609467
248334;8466;0,005917159763313609467
248334;8467;0,005917159763313609467
248334;8468;0,005917159763313609467
248334;8469;0,005917159763313609467
248334;8470;0,005917159763313609467
248334;8471;0,005917159763313609467
248334;8472;0,005917159763313609467
248334;8473;0,005917159763313609467
248334;8475;0,005917159763313609467
248334;8476;0,005917159763313609467
248334;8477;0,005917159763313609467
248334;8478;0,005917159763313609467
248334;8479;0,005917159763313609467
248334;8483;0,005917159763313609467
248334;8484;0,005917159763313609467
248334;52385;0,005917159763313609467
248334;54774;0,005917159763313609467
248334;248828;0,005917159763313609467
248334;248830;0,005917159763313609467
248334;248831;0,005917159763313609467
248334;248832;0,005917159763313609467
248334;248833;0,005917159763313609467
248334;248834;0,005917159763313609467
248334;248835;0,005917159763313609467
248334;248836;0,005917159763313609467
248334;248837;0,005917159763313609467
248334;248838;0,005917159763313609467
248334;248839;0,005917159763313609467
248334;248840;0,005917159763313609467
248334;248841;0,005917159763313609467
248334;256951;0,005917159763313609467
248334;278274;0,005917159763313609467
248334;310049;0,005917159763313609467
248334;317905;0,005917159763313609467
248334;418454;0,005917159763313609467
248334;759294;0,005917159763313609467
248832;5016;0,500000000000000000000
248832;347540;0,500000000000000000000
248834;5012;1,000000000000000000000
248835;4225;1,000000000000000000000
248836;2504;1,000000000000000000000
248838;761;0,500000000000000000000
248838;248835;0,500000000000000000000
248840;975;1,000000000000000000000
251238;1779;0,500000000000000000000
251238;7142;0,500000000000000000000
255740;2064;0,062500000000000000000
255740;2156;0,062500000000000000000
255740;5054;0,062500000000000000000
255740;6027;0,062500000000000000000
255740;10633;0,062500000000000000000
255740;14269;0,062500000000000000000
255740;20666;0,062500000000000000000
255740;27286;0,062500000000000000000
255740;29796;0,062500000000000000000
255740;239965;0,062500000000000000000
255740;248831;0,062500000000000000000
255740;283638;0,062500000000000000000
255740;331627;0,062500000000000000000
255740;365534;0,062500000000000000000
255740;365536;0,062500000000000000000
255740;388810;0,062500000000000000000
255899;284853;1,000000000000000000000
256951;5484;0,777777777777777777777
256951;8440;0,222222222222222222222
259831;1122;0,166666666666666666666
259831;4262;0,166666666666666666666
259831;6189;0,166666666666666666666
259831;8090;0,166666666666666666666
259831;57838;0,333333333333333333333
276780;5101;0,500000000000000000000
276780;44336;0,500000000000000000000
278351;706;0,800000000000000000000
278351;1142;0,200000000000000000000
280033;7738;0,500000000000000000000
280033;255899;0,500000000000000000000
282900;3390;1,000000000000000000000
283633;85;0,250000000000000000000
283633;2302;0,750000000000000000000
283636;85;0,014492753623188405797
283636;122;0,014492753623188405797
283636;181;0,014492753623188405797
283636;182;0,014492753623188405797
283636;210;0,014492753623188405797
283636;222;0,014492753623188405797
283636;247;0,014492753623188405797
283636;254;0,014492753623188405797
283636;472;0,014492753623188405797
283636;625;0,014492753623188405797
283636;798;0,014492753623188405797
283636;875;0,014492753623188405797
283636;972;0,014492753623188405797
283636;984;0,014492753623188405797
283636;1142;0,014492753623188405797
283636;1154;0,014492753623188405797
283636;1493;0,014492753623188405797
283636;1496;0,014492753623188405797
283636;1639;0,014492753623188405797
283636;1779;0,014492753623188405797
283636;1820;0,014492753623188405797
283636;1917;0,014492753623188405797
283636;1981;0,014492753623188405797
283636;1983;0,014492753623188405797
283636;2133;0,014492753623188405797
283636;2230;0,014492753623188405797
283636;2269;0,014492753623188405797
283636;2302;0,014492753623188405797
283636;2375;0,014492753623188405797
283636;2464;0,014492753623188405797
283636;2742;0,014492753623188405797
283636;2756;0,014492753623188405797
283636;2796;0,014492753623188405797
283636;2847;0,028985507246376811594
283636;2853;0,014492753623188405797
283636;3246;0,014492753623188405797
283636;3393;0,014492753623188405797
283636;3485;0,014492753623188405797
283636;3528;0,014492753623188405797
283636;3636;0,014492753623188405797
283636;4050;0,014492753623188405797
283636;4098;0,014492753623188405797
283636;4250;0,014492753623188405797
283636;4553;0,014492753623188405797
283636;5042;0,028985507246376811594
283636;5142;0,014492753623188405797
283636;5155;0,014492753623188405797
283636;5158;0,014492753623188405797
283636;5223;0,014492753623188405797
283636;5227;0,014492753623188405797
283636;5373;0,014492753623188405797
283636;6203;0,014492753623188405797
283636;6543;0,014492753623188405797
283636;6746;0,014492753623188405797
283636;7005;0,014492753623188405797
283636;8786;0,014492753623188405797
283636;8787;0,014492753623188405797
283636;9984;0,014492753623188405797
283636;10763;0,014492753623188405797
283636;12864;0,014492753623188405797
283636;12865;0,014492753623188405797
283636;52443;0,014492753623188405797
283636;144425;0,014492753623188405797
283636;257563;0,014492753623188405797
283636;283635;0,028985507246376811594
283636;283637;0,014492753623188405797
283638;615;0,500000000000000000000
283638;3656;0,250000000000000000000
283638;327099;0,250000000000000000000
283639;1048;1,000000000000000000000
286660;477;1,000000000000000000000
308968;163;1,000000000000000000000
321395;80;0,200000000000000000000
321395;1131;0,200000000000000000000
321395;119973;0,200000000000000000000
321395;608895;0,400000000000000000000
325286;740;0,666666666666666666666
325286;2421;0,333333333333333333333
326192;4372;0,500000000000000000000
326192;418454;0,500000000000000000000
330168;2421;0,714285714285714285714
330168;113365;0,142857142857142857142
330168;507584;0,142857142857142857142
333343;890;0,666666666666666666666
333343;1231;0,333333333333333333333
335189;115;1,000000000000000000000
336640;1637;1,000000000000000000000
343087;870;1,000000000000000000000
343358;115;0,666666666666666666666
343358;886;0,166666666666666666666
343358;3158;0,166666666666666666666
343424;4993;1,000000000000000000000
347540;248832;1,000000000000000000000
349041;194;0,200000000000000000000
349041;472;0,085714285714285714285
349041;628;0,228571428571428571428
349041;1563;0,057142857142857142857
349041;1754;0,028571428571428571428
349041;1939;0,028571428571428571428
349041;1940;0,371428571428571428571
352262;1121;0,600000000000000000000
352262;2147;0,200000000000000000000
352262;5487;0,200000000000000000000
352420;2052;1,000000000000000000000
353698;41565;1,000000000000000000000
357817;2080;0,500000000000000000000
357817;4621;0,250000000000000000000
357817;40961;0,250000000000000000000
366089;71;0,250000000000000000000
366089;3219;0,250000000000000000000
366089;59745;0,500000000000000000000
366347;136265;1,000000000000000000000
366672;796;1,000000000000000000000
366867;18695;1,000000000000000000000
367451;1949;1,000000000000000000000
368117;7748;1,000000000000000000000
373677;1042;0,333333333333333333333
373677;2275;0,333333333333333333333
373677;11369;0,333333333333333333333
374246;1035;0,500000000000000000000
374246;1422;0,166666666666666666666
374246;2825;0,166666666666666666666
374246;653504;0,166666666666666666666
381254;6503;1,000000000000000000000
386794;2374;0,333333333333333333333
386794;17634;0,666666666666666666666
387437;27064;1,000000000000000000000
387438;9898;0,400000000000000000000
387438;13850;0,600000000000000000000
389498;612;1,000000000000000000000
393418;37;0,238095238095238095238
393418;148;0,095238095238095238095
393418;288;0,095238095238095238095
393418;296;0,047619047619047619047
393418;660;0,047619047619047619047
393418;2678;0,047619047619047619047
393418;6461;0,047619047619047619047
393418;6991;0,047619047619047619047
393418;8268;0,047619047619047619047
393418;9376;0,047619047619047619047
393418;41776;0,047619047619047619047
393418;113392;0,190476190476190476190
398786;641;0,142857142857142857142
398786;1133;0,142857142857142857142
398786;3476;0,142857142857142857142
398786;3557;0,142857142857142857142
398786;4219;0,142857142857142857142
398786;5681;0,142857142857142857142
398786;589508;0,142857142857142857142
398787;398786;1,000000000000000000000
403195;747;1,000000000000000000000
408414;1169;0,555555555555555555555
408414;59745;0,333333333333333333333
408414;906176;0,111111111111111111111
409930;380;1,000000000000000000000
423971;2547;0,500000000000000000000
423971;28078;0,500000000000000000000
434991;440509;1,000000000000000000000
440509;687941;1,000000000000000000000
442813;13814;0,333333333333333333333
442813;91818;0,666666666666666666666
474028;2364;0,333333333333333333333
474028;3390;0,333333333333333333333
474028;13396;0,333333333333333333333
499117;65;0,083333333333333333333
499117;475;0,083333333333333333333
499117;682;0,083333333333333333333
499117;1169;0,250000000000000000000
499117;1397;0,166666666666666666666
499117;3996;0,083333333333333333333
499117;7160;0,083333333333333333333
499117;28017;0,166666666666666666666
507180;668;0,500000000000000000000
507180;4173;0,250000000000000000000
507180;9417;0,250000000000000000000
511019;1574;1,000000000000000000000
529797;621;0,090909090909090909090
529797;1064;0,090909090909090909090
529797;1122;0,181818181818181818181
529797;1563;0,181818181818181818181
529797;3085;0,090909090909090909090
529797;7994;0,090909090909090909090
529797;17502;0,090909090909090909090
529797;343087;0,090909090909090909090
529797;752863;0,090909090909090909090
533247;877;0,200000000000000000000
533247;4715;0,200000000000000000000
533247;6581;0,200000000000000000000
533247;9392;0,200000000000000000000
533247;10946;0,200000000000000000000
533535;237;1,000000000000000000000
547774;1355;0,666666666666666666666
547774;3650;0,333333333333333333333
584314;475;0,333333333333333333333
584314;1181;0,333333333333333333333
584314;7578;0,333333333333333333333
604246;113392;1,000000000000000000000
608895;39;0,008928571428571428571
608895;74;0,008928571428571428571
608895;83;0,008928571428571428571
608895;85;0,008928571428571428571
608895;115;0,008928571428571428571
608895;132;0,008928571428571428571
608895;222;0,008928571428571428571
608895;249;0,017857142857142857142
608895;261;0,008928571428571428571
608895;399;0,008928571428571428571
608895;404;0,008928571428571428571
608895;406;0,008928571428571428571
608895;407;0,008928571428571428571
608895;411;0,008928571428571428571
608895;417;0,008928571428571428571
608895;419;0,008928571428571428571
608895;458;0,008928571428571428571
608895;475;0,008928571428571428571
608895;502;0,008928571428571428571
608895;609;0,008928571428571428571
608895;612;0,008928571428571428571
608895;738;0,008928571428571428571
608895;793;0,008928571428571428571
608895;956;0,008928571428571428571
608895;972;0,008928571428571428571
608895;988;0,008928571428571428571
608895;1196;0,008928571428571428571
608895;1243;0,008928571428571428571
608895;1255;0,008928571428571428571
608895;1406;0,008928571428571428571
608895;1503;0,008928571428571428571
608895;1569;0,008928571428571428571
608895;1589;0,008928571428571428571
608895;1623;0,017857142857142857142
608895;1702;0,008928571428571428571
608895;1762;0,008928571428571428571
608895;1763;0,008928571428571428571
608895;1873;0,008928571428571428571
608895;1913;0,008928571428571428571
608895;1963;0,008928571428571428571
608895;2137;0,008928571428571428571
608895;2269;0,008928571428571428571
608895;2280;0,008928571428571428571
608895;2337;0,008928571428571428571
608895;2440;0,008928571428571428571
608895;2515;0,008928571428571428571
608895;2585;0,008928571428571428571
608895;2607;0,008928571428571428571
608895;2655;0,008928571428571428571
608895;2704;0,008928571428571428571
608895;3188;0,008928571428571428571
608895;3189;0,008928571428571428571
608895;3219;0,008928571428571428571
608895;3374;0,008928571428571428571
608895;3436;0,008928571428571428571
608895;3829;0,008928571428571428571
608895;3859;0,008928571428571428571
608895;3871;0,008928571428571428571
608895;3891;0,008928571428571428571
608895;3996;0,008928571428571428571
608895;4098;0,008928571428571428571
608895;4179;0,008928571428571428571
608895;4247;0,008928571428571428571
608895;4334;0,008928571428571428571
608895;4486;0,008928571428571428571
608895;4667;0,008928571428571428571
608895;5005;0,008928571428571428571
608895;5083;0,008928571428571428571
608895;5177;0,008928571428571428571
608895;5306;0,008928571428571428571
608895;5484;0,008928571428571428571
608895;5521;0,008928571428571428571
608895;5626;0,008928571428571428571
608895;5682;0,008928571428571428571
608895;6372;0,008928571428571428571
608895;6856;0,008928571428571428571
608895;7941;0,008928571428571428571
608895;7968;0,008928571428571428571
608895;8223;0,008928571428571428571
608895;8873;0,008928571428571428571
608895;9015;0,008928571428571428571
608895;9376;0,008928571428571428571
608895;9468;0,008928571428571428571
608895;12441;0,008928571428571428571
608895;12936;0,008928571428571428571
608895;13239;0,008928571428571428571
608895;14050;0,008928571428571428571
608895;15682;0,008928571428571428571
608895;15863;0,008928571428571428571
608895;16527;0,008928571428571428571
608895;25488;0,008928571428571428571
608895;27951;0,008928571428571428571
608895;28027;0,008928571428571428571
608895;28834;0,008928571428571428571
608895;47352;0,008928571428571428571
608895;50332;0,008928571428571428571
608895;50959;0,008928571428571428571
608895;54879;0,008928571428571428571
608895;98068;0,008928571428571428571
608895;119483;0,008928571428571428571
608895;239970;0,008928571428571428571
608895;283638;0,008928571428571428571
608895;284852;0,008928571428571428571
608895;321395;0,008928571428571428571
608895;334473;0,008928571428571428571
608895;366869;0,008928571428571428571
608895;367121;0,008928571428571428571
608895;386794;0,008928571428571428571
608895;389498;0,008928571428571428571
608895;427048;0,008928571428571428571
612735;478;1,000000000000000000000
623129;846;0,166666666666666666666
623129;1041;0,333333333333333333333
623129;1263;0,166666666666666666666
623129;192866;0,333333333333333333333
642255;530;0,062500000000000000000
642255;668;0,062500000000000000000
642255;876;0,812500000000000000000
642255;1248;0,062500000000000000000
651622;1867;1,000000000000000000000
653504;1439;1,000000000000000000000
671388;4179;0,333333333333333333333
671388;8830;0,333333333333333333333
671388;388810;0,333333333333333333333
693032;791903;1,000000000000000000000
704910;1117;1,000000000000000000000
714174;191488;1,000000000000000000000
715172;2175;0,333333333333333333333
715172;65998;0,333333333333333333333
715172;66075;0,333333333333333333333
725179;1124;1,000000000000000000000
747808;1079;0,125000000000000000000
747808;3427;0,125000000000000000000
747808;7598;0,125000000000000000000
747808;7626;0,125000000000000000000
747808;13799;0,125000000000000000000
747808;26347;0,125000000000000000000
747808;98068;0,250000000000000000000
752863;174;0,043478260869565217391
752863;232;0,043478260869565217391
752863;313;0,043478260869565217391
752863;1014;0,043478260869565217391
752863;1064;0,043478260869565217391
752863;1186;0,043478260869565217391
752863;1321;0,043478260869565217391
752863;1455;0,043478260869565217391
752863;1565;0,043478260869565217391
752863;1608;0,043478260869565217391
752863;1629;0,043478260869565217391
752863;1632;0,043478260869565217391
752863;1692;0,043478260869565217391
752863;1694;0,043478260869565217391
752863;1705;0,043478260869565217391
752863;1709;0,043478260869565217391
752863;1763;0,043478260869565217391
752863;1906;0,043478260869565217391
752863;2470;0,043478260869565217391
752863;7994;0,043478260869565217391
752863;21502;0,086956521739130434782
752863;114536;0,043478260869565217391
789157;475;1,000000000000000000000
791903;1370;0,666666666666666666666
791903;693032;0,333333333333333333333
792462;12356;1,000000000000000000000
851827;3318;1,000000000000000000000
883847;157662;1,000000000000000000000
886788;941;0,500000000000000000000
886788;2990;0,500000000000000000000
906176;695;0,095238095238095238095
906176;1169;0,047619047619047619047
906176;3523;0,285714285714285714285
906176;12817;0,047619047619047619047
906176;59745;0,047619047619047619047
906176;78108;0,095238095238095238095
906176;98841;0,047619047619047619047
906176;189452;0,047619047619047619047
906176;366089;0,047619047619047619047
906176;408414;0,047619047619047619047
906176;499117;0,047619047619047619047
906176;940328;0,142857142857142857142
931417;437;0,400000000000000000000
931417;1700;0,200000000000000000000
931417;1766;0,200000000000000000000
931417;6634;0,200000000000000000000
940328;78108;0,375000000000000000000
940328;906176;0,625000000000000000000
960642;7686;1,000000000000000000000
965643;2543;0,285714285714285714285
965643;2991;0,714285714285714285714
