2;1902;1,000000000000000000000
7;1135;0,250000000000000000000
7;6930;0,500000000000000000000
7;119973;0,250000000000000000000
22;190;0,333333333333333333333
22;2043;0,333333333333333333333
22;5167;0,333333333333333333333
32;19;1,000000000000000000000
39;585;0,250000000000000000000
39;1589;0,500000000000000000000
39;389498;0,250000000000000000000
48;178;0,750000000000000000000
48;2512;0,250000000000000000000
54;5395;0,500000000000000000000
54;7111;0,500000000000000000000
63;860;0,500000000000000000000
63;1141;0,500000000000000000000
65;475;0,250000000000000000000
65;2064;0,250000000000000000000
65;112062;0,250000000000000000000
65;333184;0,250000000000000000000
71;194;0,240000000000000000000
71;695;0,120000000000000000000
71;1276;0,040000000000000000000
71;1314;0,080000000000000000000
71;1827;0,040000000000000000000
71;1948;0,160000000000000000000
71;3399;0,040000000000000000000
71;3523;0,080000000000000000000
71;4512;0,040000000000000000000
71;6505;0,080000000000000000000
71;219164;0,040000000000000000000
71;366089;0,040000000000000000000
72;63981;1,000000000000000000000
74;17634;1,000000000000000000000
80;502;0,285714285714285714285
80;531;0,285714285714285714285
80;3443;0,142857142857142857142
80;321395;0,285714285714285714285
83;1504;0,333333333333333333333
83;5239;0,166666666666666666666
83;6635;0,333333333333333333333
83;119973;0,166666666666666666666
96;85;0,041666666666666666666
96;237;0,083333333333333333333
96;261;0,208333333333333333333
96;283;0,041666666666666666666
96;420;0,041666666666666666666
96;980;0,041666666666666666666
96;1141;0,041666666666666666666
96;1574;0,083333333333333333333
96;1754;0,041666666666666666666
96;1873;0,041666666666666666666
96;2293;0,041666666666666666666
96;3219;0,041666666666666666666
96;3857;0,125000000000000000000
96;4825;0,041666666666666666666
96;24460;0,041666666666666666666
96;283639;0,041666666666666666666
99;88976;1,000000000000000000000
100;71;0,333333333333333333333
100;135;0,333333333333333333333
100;4512;0,333333333333333333333
102;2517;0,500000000000000000000
102;157662;0,500000000000000000000
104;172;0,363636363636363636363
104;1498;0,272727272727272727272
104;1771;0,090909090909090909090
104;4453;0,181818181818181818181
104;27416;0,090909090909090909090
108;1340;0,500000000000000000000
108;440509;0,500000000000000000000
115;490;0,119047619047619047619
115;855;0,023809523809523809523
115;1855;0,023809523809523809523
115;1949;0,095238095238095238095
115;4269;0,095238095238095238095
115;6468;0,071428571428571428571
115;8818;0,095238095238095238095
115;13886;0,023809523809523809523
115;335189;0,142857142857142857142
115;343358;0,166666666666666666666
115;383630;0,095238095238095238095
115;484680;0,047619047619047619047
119;322;0,026315789473684210526
119;533;0,026315789473684210526
119;550;0,026315789473684210526
119;596;0,052631578947368421052
119;1254;0,026315789473684210526
119;1663;0,026315789473684210526
119;2021;0,026315789473684210526
119;2179;0,026315789473684210526
119;2182;0,026315789473684210526
119;2184;0,026315789473684210526
119;2206;0,026315789473684210526
119;2310;0,026315789473684210526
119;2726;0,026315789473684210526
119;3135;0,026315789473684210526
119;3372;0,026315789473684210526
119;3433;0,026315789473684210526
119;3471;0,026315789473684210526
119;3694;0,026315789473684210526
119;4031;0,026315789473684210526
119;4150;0,026315789473684210526
119;4172;0,026315789473684210526
119;4744;0,026315789473684210526
119;4931;0,052631578947368421052
119;5180;0,026315789473684210526
119;5212;0,026315789473684210526
119;5457;0,026315789473684210526
119;5657;0,026315789473684210526
119;6130;0,026315789473684210526
119;6472;0,026315789473684210526
119;6567;0,026315789473684210526
119;7111;0,026315789473684210526
119;8081;0,026315789473684210526
119;9226;0,026315789473684210526
119;12572;0,026315789473684210526
119;15895;0,026315789473684210526
119;28550;0,026315789473684210526
127;190;0,031250000000000000000
127;658;0,031250000000000000000
127;1109;0,093750000000000000000
127;1234;0,031250000000000000000
127;1692;0,031250000000000000000
127;2130;0,031250000000000000000
127;2147;0,031250000000000000000
127;2223;0,031250000000000000000
127;2403;0,031250000000000000000
127;2644;0,031250000000000000000
127;2825;0,062500000000000000000
127;2826;0,093750000000000000000
127;3748;0,062500000000000000000
127;3842;0,031250000000000000000
127;3998;0,062500000000000000000
127;4580;0,031250000000000000000
127;5439;0,031250000000000000000
127;5445;0,031250000000000000000
127;5522;0,031250000000000000000
127;9389;0,031250000000000000000
127;9409;0,031250000000000000000
127;9416;0,031250000000000000000
127;9436;0,031250000000000000000
127;14465;0,031250000000000000000
127;533247;0,031250000000000000000
132;596;0,200000000000000000000
132;658;0,400000000000000000000
132;873;0,200000000000000000000
132;3230;0,200000000000000000000
135;13;0,035714285714285714285
135;100;0,035714285714285714285
135;113;0,035714285714285714285
135;183;0,142857142857142857142
135;277;0,035714285714285714285
135;524;0,035714285714285714285
135;845;0,071428571428571428571
135;1135;0,035714285714285714285
135;1164;0,142857142857142857142
135;1439;0,071428571428571428571
135;1440;0,071428571428571428571
135;1967;0,035714285714285714285
135;3189;0,035714285714285714285
135;3340;0,035714285714285714285
135;4020;0,071428571428571428571
135;4219;0,071428571428571428571
135;6723;0,035714285714285714285
138;360;0,250000000000000000000
138;1065;0,250000000000000000000
138;3436;0,250000000000000000000
138;4206;0,250000000000000000000
148;38;0,500000000000000000000
148;113392;0,500000000000000000000
149;2196;1,000000000000000000000
151;327859;1,000000000000000000000
155;967;0,500000000000000000000
155;6554;0,500000000000000000000
162;266;1,000000000000000000000
163;4471;0,500000000000000000000
163;5061;0,500000000000000000000
172;104;0,666666666666666666666
172;2239;0,166666666666666666666
172;59745;0,166666666666666666666
174;232;0,050000000000000000000
174;437;0,100000000000000000000
174;1064;0,050000000000000000000
174;1171;0,100000000000000000000
174;1173;0,050000000000000000000
174;1563;0,100000000000000000000
174;1567;0,100000000000000000000
174;1608;0,050000000000000000000
174;1694;0,100000000000000000000
174;1906;0,050000000000000000000
174;2470;0,050000000000000000000
174;2826;0,050000000000000000000
174;6144;0,050000000000000000000
174;7994;0,050000000000000000000
174;21502;0,050000000000000000000
183;135;0,500000000000000000000
183;600;0,250000000000000000000
183;1745;0,250000000000000000000
184;458;1,000000000000000000000
189;5329;0,666666666666666666666
189;7756;0,333333333333333333333
190;2054;1,000000000000000000000
192;3591;0,200000000000000000000
192;5564;0,800000000000000000000
194;71;0,375000000000000000000
194;700;0,187500000000000000000
194;749;0,062500000000000000000
194;1667;0,062500000000000000000
194;1754;0,187500000000000000000
194;1940;0,062500000000000000000
194;366089;0,062500000000000000000
201;2199;1,000000000000000000000
206;9391;1,000000000000000000000
211;1162;0,500000000000000000000
211;4355;0,500000000000000000000
213;747;0,600000000000000000000
213;28517;0,100000000000000000000
213;76428;0,200000000000000000000
213;403195;0,100000000000000000000
214;8516;0,666666666666666666666
214;233872;0,333333333333333333333
219;351;0,166666666666666666666
219;933;0,166666666666666666666
219;2877;0,333333333333333333333
219;7072;0,166666666666666666666
219;8223;0,166666666666666666666
220;140;0,500000000000000000000
220;2196;0,500000000000000000000
226;2523;0,500000000000000000000
226;3234;0,500000000000000000000
232;1064;0,428571428571428571428
232;1608;0,142857142857142857142
232;1691;0,142857142857142857142
232;4085;0,142857142857142857142
232;12816;0,142857142857142857142
241;3872;1,000000000000000000000
242;841;0,333333333333333333333
242;2740;0,666666666666666666666
244;1925;0,125000000000000000000
244;2498;0,125000000000000000000
244;6132;0,125000000000000000000
244;6353;0,625000000000000000000
247;1154;0,666666666666666666666
247;9714;0,333333333333333333333
248;1149;0,200000000000000000000
248;1448;0,200000000000000000000
248;4592;0,400000000000000000000
248;9258;0,200000000000000000000
249;96;0,333333333333333333333
249;3045;0,666666666666666666666
250;1149;0,857142857142857142857
250;6347;0,142857142857142857142
253;2756;0,666666666666666666666
253;8489;0,333333333333333333333
256;208;1,000000000000000000000
261;63;0,100000000000000000000
261;96;0,500000000000000000000
261;237;0,100000000000000000000
261;1141;0,100000000000000000000
261;1364;0,100000000000000000000
261;3797;0,100000000000000000000
263;131;1,000000000000000000000
267;861;0,333333333333333333333
267;1889;0,333333333333333333333
267;3867;0,333333333333333333333
268;615;0,500000000000000000000
268;3045;0,500000000000000000000
269;1515;1,000000000000000000000
273;1997;0,500000000000000000000
273;442813;0,500000000000000000000
276;135;0,157894736842105263157
276;352;0,105263157894736842105
276;354;0,052631578947368421052
276;695;0,315789473684210526315
276;1945;0,052631578947368421052
276;4004;0,052631578947368421052
276;4530;0,105263157894736842105
276;7111;0,105263157894736842105
276;41776;0,052631578947368421052
282;731;0,333333333333333333333
282;15471;0,666666666666666666666
283;96;0,090909090909090909090
283;261;0,090909090909090909090
283;1156;0,090909090909090909090
283;1364;0,090909090909090909090
283;2145;0,090909090909090909090
283;2834;0,090909090909090909090
283;3045;0,090909090909090909090
283;8489;0,181818181818181818181
283;59745;0,090909090909090909090
283;245879;0,090909090909090909090
284;36;0,285714285714285714285
284;251;0,142857142857142857142
284;285;0,142857142857142857142
284;1149;0,142857142857142857142
284;1515;0,142857142857142857142
284;4777;0,142857142857142857142
287;14;0,666666666666666666666
287;1262;0,166666666666666666666
287;1829;0,166666666666666666666
288;294;0,200000000000000000000
288;317;0,200000000000000000000
288;2678;0,300000000000000000000
288;4794;0,200000000000000000000
288;8268;0,100000000000000000000
289;628;0,500000000000000000000
289;934;0,500000000000000000000
290;1288;0,500000000000000000000
290;3095;0,500000000000000000000
291;13;1,000000000000000000000
292;3417;1,000000000000000000000
294;288;1,000000000000000000000
295;1100;1,000000000000000000000
296;3212;1,000000000000000000000
309;1948;1,000000000000000000000
313;2008;1,000000000000000000000
315;295;1,000000000000000000000
317;288;0,500000000000000000000
317;294;0,250000000000000000000
317;4728;0,250000000000000000000
318;317;0,333333333333333333333
318;2099;0,333333333333333333333
318;2445;0,333333333333333333333
320;2792;1,000000000000000000000
324;219;0,500000000000000000000
324;1893;0,500000000000000000000
332;531;0,500000000000000000000
332;5071;0,500000000000000000000
334;1556;1,000000000000000000000
337;410;0,500000000000000000000
337;12563;0,500000000000000000000
341;742;0,882352941176470588235
341;4293;0,117647058823529411764
347;38;1,000000000000000000000
349;351;1,000000000000000000000
352;356;0,500000000000000000000
352;2547;0,500000000000000000000
354;276;0,333333333333333333333
354;1945;0,166666666666666666666
354;7755;0,333333333333333333333
354;41776;0,166666666666666666666
359;945;0,428571428571428571428
359;1945;0,285714285714285714285
359;41776;0,285714285714285714285
371;3340;1,000000000000000000000
380;859;0,333333333333333333333
380;1769;0,333333333333333333333
380;5464;0,333333333333333333333
382;1127;0,500000000000000000000
382;5125;0,500000000000000000000
384;875;1,000000000000000000000
385;852;0,500000000000000000000
385;1314;0,500000000000000000000
388;3022;0,333333333333333333333
388;12563;0,333333333333333333333
388;12850;0,333333333333333333333
389;410;1,000000000000000000000
391;394;0,062500000000000000000
391;396;0,062500000000000000000
391;398;0,125000000000000000000
391;405;0,062500000000000000000
391;411;0,062500000000000000000
391;412;0,062500000000000000000
391;417;0,062500000000000000000
391;502;0,062500000000000000000
391;869;0,062500000000000000000
391;1135;0,062500000000000000000
391;1340;0,062500000000000000000
391;1894;0,062500000000000000000
391;3317;0,062500000000000000000
391;3465;0,062500000000000000000
391;6262;0,062500000000000000000
392;410;1,000000000000000000000
395;410;0,333333333333333333333
395;1218;0,666666666666666666666
396;120;0,250000000000000000000
396;410;0,250000000000000000000
396;1727;0,250000000000000000000
396;3513;0,250000000000000000000
398;400;0,200000000000000000000
398;869;0,200000000000000000000
398;7906;0,200000000000000000000
398;11138;0,200000000000000000000
398;28357;0,200000000000000000000
399;3022;1,000000000000000000000
400;410;0,500000000000000000000
400;1218;0,500000000000000000000
401;2140;1,000000000000000000000
403;410;1,000000000000000000000
407;713;0,035714285714285714285
407;904;0,857142857142857142857
407;5626;0,071428571428571428571
407;14151;0,035714285714285714285
408;1218;0,500000000000000000000
408;28349;0,500000000000000000000
410;120;0,021276595744680851063
410;337;0,021276595744680851063
410;375;0,021276595744680851063
410;389;0,021276595744680851063
410;390;0,021276595744680851063
410;391;0,021276595744680851063
410;392;0,021276595744680851063
410;393;0,021276595744680851063
410;394;0,021276595744680851063
410;395;0,021276595744680851063
410;396;0,021276595744680851063
410;397;0,021276595744680851063
410;398;0,021276595744680851063
410;399;0,021276595744680851063
410;400;0,021276595744680851063
410;401;0,021276595744680851063
410;403;0,021276595744680851063
410;404;0,021276595744680851063
410;405;0,021276595744680851063
410;406;0,021276595744680851063
410;407;0,021276595744680851063
410;408;0,021276595744680851063
410;409;0,021276595744680851063
410;411;0,021276595744680851063
410;412;0,021276595744680851063
410;413;0,021276595744680851063
410;414;0,021276595744680851063
410;415;0,021276595744680851063
410;416;0,021276595744680851063
410;417;0,021276595744680851063
410;418;0,021276595744680851063
410;419;0,021276595744680851063
410;549;0,021276595744680851063
410;805;0,021276595744680851063
410;1138;0,021276595744680851063
410;1727;0,021276595744680851063
410;2140;0,021276595744680851063
410;2822;0,021276595744680851063
410;3024;0,021276595744680851063
410;3513;0,021276595744680851063
410;4078;0,021276595744680851063
410;6000;0,021276595744680851063
410;8237;0,021276595744680851063
410;8566;0,021276595744680851063
410;11235;0,021276595744680851063
410;13187;0,021276595744680851063
410;606725;0,021276595744680851063
411;410;0,166666666666666666666
411;1397;0,166666666666666666666
411;1762;0,166666666666666666666
411;5168;0,333333333333333333333
411;12563;0,166666666666666666666
412;410;1,000000000000000000000
414;410;1,000000000000000000000
416;410;1,000000000000000000000
419;37;1,000000000000000000000
420;96;0,105263157894736842105
420;122;0,052631578947368421052
420;427;0,052631578947368421052
420;846;0,210526315789473684210
420;982;0,105263157894736842105
420;1263;0,157894736842105263157
420;1700;0,052631578947368421052
420;2851;0,052631578947368421052
420;3260;0,052631578947368421052
420;3975;0,052631578947368421052
420;229072;0,052631578947368421052
420;385198;0,052631578947368421052
423;72;0,018181818181818181818
423;352;0,036363636363636363636
423;354;0,036363636363636363636
423;425;0,036363636363636363636
423;426;0,036363636363636363636
423;441;0,036363636363636363636
423;442;0,036363636363636363636
423;443;0,036363636363636363636
423;444;0,036363636363636363636
423;513;0,036363636363636363636
423;632;0,018181818181818181818
423;849;0,036363636363636363636
423;1117;0,036363636363636363636
423;1315;0,036363636363636363636
423;2555;0,036363636363636363636
423;2561;0,072727272727272727272
423;3394;0,036363636363636363636
423;3876;0,018181818181818181818
423;4510;0,018181818181818181818
423;5611;0,036363636363636363636
423;7605;0,036363636363636363636
423;12390;0,036363636363636363636
423;12418;0,036363636363636363636
423;13335;0,036363636363636363636
423;13482;0,036363636363636363636
423;29085;0,036363636363636363636
423;48826;0,036363636363636363636
423;184646;0,054545454545454545454
426;423;0,500000000000000000000
426;1574;0,500000000000000000000
428;955;0,333333333333333333333
428;1092;0,666666666666666666666
433;1455;0,500000000000000000000
433;19176;0,500000000000000000000
441;423;0,058823529411764705882
441;849;0,117647058823529411764
441;3394;0,117647058823529411764
441;3395;0,117647058823529411764
441;4344;0,058823529411764705882
441;4510;0,176470588235294117647
441;5077;0,058823529411764705882
441;7135;0,117647058823529411764
441;116140;0,176470588235294117647
442;1574;0,666666666666666666666
442;59745;0,333333333333333333333
444;352;0,500000000000000000000
444;4530;0,500000000000000000000
453;979;0,333333333333333333333
453;4299;0,333333333333333333333
453;4677;0,333333333333333333333
454;4206;1,000000000000000000000
468;2834;1,000000000000000000000
470;9814;1,000000000000000000000
472;1754;0,333333333333333333333
472;3503;0,333333333333333333333
472;4553;0,333333333333333333333
474;622;1,000000000000000000000
478;239966;1,000000000000000000000
479;525;0,333333333333333333333
479;3683;0,333333333333333333333
479;4219;0,333333333333333333333
484;2647;1,000000000000000000000
485;596;0,500000000000000000000
485;584969;0,500000000000000000000
490;59867;1,000000000000000000000
492;1282;1,000000000000000000000
496;192;0,500000000000000000000
496;497;0,500000000000000000000
497;373;0,062500000000000000000
497;496;0,125000000000000000000
497;766;0,062500000000000000000
497;1101;0,062500000000000000000
497;2037;0,062500000000000000000
497;2272;0,062500000000000000000
497;2738;0,062500000000000000000
497;3296;0,062500000000000000000
497;3591;0,062500000000000000000
497;4500;0,062500000000000000000
497;5219;0,062500000000000000000
497;9418;0,062500000000000000000
497;9432;0,062500000000000000000
497;9442;0,062500000000000000000
497;10946;0,062500000000000000000
498;12;0,023255813953488372093
498;13;0,023255813953488372093
498;74;0,023255813953488372093
498;404;0,046511627906976744186
498;499;0,023255813953488372093
498;737;0,023255813953488372093
498;1033;0,023255813953488372093
498;1118;0,023255813953488372093
498;1313;0,046511627906976744186
498;1482;0,023255813953488372093
498;2414;0,023255813953488372093
498;2961;0,023255813953488372093
498;3197;0,023255813953488372093
498;3449;0,046511627906976744186
498;3763;0,046511627906976744186
498;3876;0,023255813953488372093
498;3877;0,023255813953488372093
498;4463;0,023255813953488372093
498;4486;0,023255813953488372093
498;5438;0,023255813953488372093
498;5557;0,023255813953488372093
498;5638;0,023255813953488372093
498;6554;0,046511627906976744186
498;7183;0,023255813953488372093
498;8113;0,023255813953488372093
498;8738;0,023255813953488372093
498;8909;0,023255813953488372093
498;9066;0,023255813953488372093
498;12670;0,023255813953488372093
498;15906;0,023255813953488372093
498;16880;0,023255813953488372093
498;18622;0,023255813953488372093
498;24049;0,093023255813953488372
498;27848;0,023255813953488372093
498;28445;0,023255813953488372093
502;80;0,129629629629629629629
502;1131;0,129629629629629629629
502;1248;0,148148148148148148148
502;3443;0,148148148148148148148
502;3515;0,185185185185185185185
502;3625;0,148148148148148148148
502;17208;0,018518518518518518518
502;321395;0,092592592592592592592
504;17272;1,000000000000000000000
512;938;1,000000000000000000000
517;72;0,111111111111111111111
517;829;0,222222222222222222222
517;3395;0,111111111111111111111
517;116140;0,111111111111111111111
517;474028;0,444444444444444444444
519;1764;1,000000000000000000000
520;240;0,500000000000000000000
520;793;0,500000000000000000000
521;528;0,250000000000000000000
521;1286;0,250000000000000000000
521;1938;0,250000000000000000000
521;9391;0,250000000000000000000
524;135;0,250000000000000000000
524;526;0,250000000000000000000
524;3356;0,250000000000000000000
524;9807;0,250000000000000000000
526;8623;0,500000000000000000000
526;9396;0,500000000000000000000
527;190;0,100000000000000000000
527;3142;0,200000000000000000000
527;3811;0,100000000000000000000
527;4307;0,400000000000000000000
527;4345;0,100000000000000000000
527;10649;0,100000000000000000000
540;9090;1,000000000000000000000
543;727;0,400000000000000000000
543;2851;0,200000000000000000000
543;4004;0,400000000000000000000
545;2825;0,200000000000000000000
545;4172;0,200000000000000000000
545;4374;0,200000000000000000000
545;4794;0,200000000000000000000
545;6694;0,200000000000000000000
546;1122;0,500000000000000000000
546;727998;0,500000000000000000000
547;1162;0,500000000000000000000
547;5350;0,500000000000000000000
550;1319;0,200000000000000000000
550;1596;0,400000000000000000000
550;2509;0,200000000000000000000
550;256804;0,200000000000000000000
558;374246;1,000000000000000000000
571;725179;1,000000000000000000000
576;486;0,125000000000000000000
576;596;0,125000000000000000000
576;3458;0,125000000000000000000
576;3499;0,125000000000000000000
576;3694;0,125000000000000000000
576;4639;0,125000000000000000000
576;12572;0,125000000000000000000
576;13796;0,125000000000000000000
585;39;1,000000000000000000000
588;2129;1,000000000000000000000
594;977;1,000000000000000000000
600;1079;0,500000000000000000000
600;3007;0,250000000000000000000
600;6721;0,250000000000000000000
602;28118;1,000000000000000000000
608;1840;1,000000000000000000000
612;389498;1,000000000000000000000
613;527;0,285714285714285714285
613;2596;0,071428571428571428571
613;3811;0,285714285714285714285
613;4108;0,071428571428571428571
613;4307;0,142857142857142857142
613;17248;0,071428571428571428571
613;17302;0,071428571428571428571
615;4359;0,333333333333333333333
615;9714;0,333333333333333333333
615;27323;0,333333333333333333333
625;122;0,250000000000000000000
625;626;0,500000000000000000000
625;2847;0,125000000000000000000
625;4098;0,125000000000000000000
626;625;1,000000000000000000000
645;6509;0,333333333333333333333
645;7597;0,333333333333333333333
645;24875;0,333333333333333333333
648;12572;1,000000000000000000000
652;579;0,222222222222222222222
652;749;0,111111111111111111111
652;3164;0,222222222222222222222
652;7920;0,222222222222222222222
652;17727;0,222222222222222222222
657;119;0,500000000000000000000
657;17549;0,500000000000000000000
660;1681;0,500000000000000000000
660;3083;0,500000000000000000000
662;529;0,181818181818181818181
662;1944;0,090909090909090909090
662;3095;0,090909090909090909090
662;3523;0,181818181818181818181
662;78108;0,363636363636363636363
662;98841;0,090909090909090909090
668;667;0,200000000000000000000
668;754;0,200000000000000000000
668;3443;0,200000000000000000000
668;12617;0,400000000000000000000
669;65;0,016806722689075630252
669;71;0,008403361344537815126
669;73;0,008403361344537815126
669;90;0,008403361344537815126
669;109;0,008403361344537815126
669;127;0,008403361344537815126
669;249;0,008403361344537815126
669;307;0,008403361344537815126
669;313;0,008403361344537815126
669;360;0,008403361344537815126
669;375;0,008403361344537815126
669;396;0,008403361344537815126
669;408;0,008403361344537815126
669;418;0,008403361344537815126
669;522;0,008403361344537815126
669;529;0,008403361344537815126
669;657;0,008403361344537815126
669;658;0,008403361344537815126
669;877;0,008403361344537815126
669;878;0,008403361344537815126
669;930;0,008403361344537815126
669;970;0,008403361344537815126
669;990;0,008403361344537815126
669;1044;0,008403361344537815126
669;1060;0,008403361344537815126
669;1064;0,008403361344537815126
669;1143;0,008403361344537815126
669;1186;0,008403361344537815126
669;1234;0,008403361344537815126
669;1276;0,008403361344537815126
669;1393;0,008403361344537815126
669;1513;0,008403361344537815126
669;1694;0,008403361344537815126
669;1724;0,008403361344537815126
669;1840;0,008403361344537815126
669;1948;0,008403361344537815126
669;1996;0,008403361344537815126
669;2004;0,008403361344537815126
669;2008;0,016806722689075630252
669;2046;0,008403361344537815126
669;2071;0,008403361344537815126
669;2184;0,008403361344537815126
669;2216;0,008403361344537815126
669;2223;0,016806722689075630252
669;2355;0,008403361344537815126
669;2367;0,008403361344537815126
669;2369;0,008403361344537815126
669;2697;0,008403361344537815126
669;2998;0,008403361344537815126
669;3017;0,008403361344537815126
669;3087;0,008403361344537815126
669;3096;0,008403361344537815126
669;3100;0,008403361344537815126
669;3105;0,008403361344537815126
669;3143;0,008403361344537815126
669;3158;0,008403361344537815126
669;3235;0,008403361344537815126
669;3260;0,016806722689075630252
669;3268;0,008403361344537815126
669;3399;0,008403361344537815126
669;3574;0,008403361344537815126
669;3607;0,008403361344537815126
669;3642;0,008403361344537815126
669;4160;0,008403361344537815126
669;4240;0,008403361344537815126
669;4280;0,008403361344537815126
669;4281;0,008403361344537815126
669;4657;0,016806722689075630252
669;4853;0,008403361344537815126
669;5250;0,008403361344537815126
669;5442;0,008403361344537815126
669;5459;0,008403361344537815126
669;5530;0,008403361344537815126
669;5557;0,008403361344537815126
669;5564;0,008403361344537815126
669;5831;0,008403361344537815126
669;5892;0,008403361344537815126
669;6213;0,008403361344537815126
669;6320;0,016806722689075630252
669;6447;0,008403361344537815126
669;6496;0,008403361344537815126
669;6504;0,008403361344537815126
669;6517;0,008403361344537815126
669;6581;0,008403361344537815126
669;6604;0,008403361344537815126
669;7546;0,008403361344537815126
669;7939;0,008403361344537815126
669;7968;0,008403361344537815126
669;8051;0,008403361344537815126
669;8500;0,008403361344537815126
669;8623;0,016806722689075630252
669;8957;0,008403361344537815126
669;9261;0,008403361344537815126
669;9393;0,008403361344537815126
669;9395;0,008403361344537815126
669;9409;0,008403361344537815126
669;9422;0,008403361344537815126
669;9433;0,008403361344537815126
669;9483;0,008403361344537815126
669;12432;0,008403361344537815126
669;12435;0,008403361344537815126
669;13372;0,008403361344537815126
669;14653;0,008403361344537815126
669;17677;0,008403361344537815126
669;18525;0,008403361344537815126
669;20853;0,008403361344537815126
669;27494;0,008403361344537815126
669;27500;0,008403361344537815126
669;27512;0,008403361344537815126
669;28738;0,008403361344537815126
669;56738;0,008403361344537815126
669;179346;0,008403361344537815126
678;267;0,142857142857142857142
678;285;0,142857142857142857142
678;1448;0,142857142857142857142
678;1526;0,142857142857142857142
678;1889;0,142857142857142857142
678;3473;0,142857142857142857142
678;7116;0,142857142857142857142
682;681;0,500000000000000000000
682;6773;0,500000000000000000000
683;681;1,000000000000000000000
689;1250;0,200000000000000000000
689;28557;0,800000000000000000000
694;113;0,083333333333333333333
694;695;0,166666666666666666666
694;749;0,083333333333333333333
694;12563;0,250000000000000000000
694;95084;0,416666666666666666666
695;749;0,142857142857142857142
695;3523;0,142857142857142857142
695;4512;0,285714285714285714285
695;9693;0,142857142857142857142
695;59841;0,142857142857142857142
695;136664;0,142857142857142857142
698;802;0,142857142857142857142
698;1814;0,285714285714285714285
698;2087;0,142857142857142857142
698;4592;0,142857142857142857142
698;9762;0,142857142857142857142
698;23735;0,142857142857142857142
700;695;0,200000000000000000000
700;335189;0,200000000000000000000
700;453859;0,600000000000000000000
712;1910;0,333333333333333333333
712;8899;0,333333333333333333333
712;324897;0,333333333333333333333
713;458;0,500000000000000000000
713;1139;0,250000000000000000000
713;398786;0,250000000000000000000
724;1149;0,333333333333333333333
724;4376;0,666666666666666666666
731;282;0,285714285714285714285
731;1831;0,142857142857142857142
731;7560;0,285714285714285714285
731;9356;0,142857142857142857142
731;15471;0,142857142857142857142
733;108;0,333333333333333333333
733;2921;0,333333333333333333333
733;2939;0,333333333333333333333
737;1448;1,000000000000000000000
740;10941;0,500000000000000000000
740;27966;0,500000000000000000000
744;845;0,500000000000000000000
744;5136;0,166666666666666666666
744;192866;0,166666666666666666666
744;336640;0,166666666666666666666
747;213;0,153846153846153846153
747;748;0,230769230769230769230
747;1192;0,076923076923076923076
747;75827;0,076923076923076923076
747;325599;0,230769230769230769230
747;403195;0,230769230769230769230
748;747;0,125000000000000000000
748;1192;0,125000000000000000000
748;2176;0,250000000000000000000
748;2850;0,250000000000000000000
748;3342;0,250000000000000000000
749;845;0,250000000000000000000
749;846;0,500000000000000000000
749;1939;0,125000000000000000000
749;398786;0,125000000000000000000
752;1632;0,666666666666666666666
752;239964;0,333333333333333333333
758;2648;0,333333333333333333333
758;3738;0,666666666666666666666
761;2374;1,000000000000000000000
768;1498;0,333333333333333333333
768;1613;0,333333333333333333333
768;2578;0,333333333333333333333
774;3829;1,000000000000000000000
777;839;0,142857142857142857142
777;1598;0,285714285714285714285
777;4299;0,142857142857142857142
777;4432;0,142857142857142857142
777;4437;0,142857142857142857142
777;122436;0,142857142857142857142
778;3178;1,000000000000000000000
781;281;1,000000000000000000000
785;1162;1,000000000000000000000
787;36;0,111111111111111111111
787;285;0,333333333333333333333
787;1583;0,111111111111111111111
787;4117;0,111111111111111111111
787;4398;0,222222222222222222222
787;5174;0,111111111111111111111
794;7132;1,000000000000000000000
802;698;0,500000000000000000000
802;4592;0,500000000000000000000
815;19031;1,000000000000000000000
819;111;0,090909090909090909090
819;281;0,090909090909090909090
819;332;0,181818181818181818181
819;452;0,090909090909090909090
819;531;0,090909090909090909090
819;876;0,181818181818181818181
819;933;0,090909090909090909090
819;1370;0,090909090909090909090
819;1647;0,090909090909090909090
822;172;1,000000000000000000000
827;6496;1,000000000000000000000
835;1152;0,500000000000000000000
835;1657;0,500000000000000000000
839;113;0,076923076923076923076
839;878;0,076923076923076923076
839;1598;0,076923076923076923076
839;2054;0,076923076923076923076
839;2080;0,076923076923076923076
839;2515;0,153846153846153846153
839;3038;0,076923076923076923076
839;3170;0,076923076923076923076
839;4432;0,153846153846153846153
839;5016;0,153846153846153846153
841;497;0,090909090909090909090
841;1122;0,090909090909090909090
841;1234;0,181818181818181818181
841;1667;0,090909090909090909090
841;2147;0,090909090909090909090
841;2740;0,181818181818181818181
841;7759;0,272727272727272727272
844;360;0,444444444444444444444
844;2015;0,111111111111111111111
844;2210;0,111111111111111111111
844;3567;0,222222222222222222222
844;9338;0,111111111111111111111
845;131;0,035714285714285714285
845;135;0,035714285714285714285
845;744;0,071428571428571428571
845;846;0,178571428571428571428
845;982;0,035714285714285714285
845;1041;0,035714285714285714285
845;1316;0,035714285714285714285
845;1437;0,107142857142857142857
845;1724;0,107142857142857142857
845;2731;0,035714285714285714285
845;18641;0,035714285714285714285
845;26980;0,035714285714285714285
845;131383;0,035714285714285714285
845;192866;0,142857142857142857142
845;398787;0,071428571428571428571
846;283;0,029411764705882352941
846;420;0,029411764705882352941
846;744;0,117647058823529411764
846;749;0,088235294117647058823
846;845;0,264705882352941176470
846;1342;0,029411764705882352941
846;1437;0,088235294117647058823
846;2054;0,088235294117647058823
846;2697;0,029411764705882352941
846;2731;0,029411764705882352941
846;2786;0,029411764705882352941
846;2834;0,029411764705882352941
846;28560;0,029411764705882352941
846;59841;0,029411764705882352941
846;192866;0,088235294117647058823
849;423;0,333333333333333333333
849;1024;0,333333333333333333333
849;3395;0,333333333333333333333
851;59745;0,166666666666666666666
851;374246;0,833333333333333333333
853;3143;0,500000000000000000000
853;14151;0,500000000000000000000
854;1225;0,090909090909090909090
854;2659;0,090909090909090909090
854;2865;0,090909090909090909090
854;4247;0,090909090909090909090
854;4636;0,090909090909090909090
854;4751;0,090909090909090909090
854;6792;0,090909090909090909090
854;12339;0,090909090909090909090
854;12440;0,090909090909090909090
854;16659;0,090909090909090909090
854;28528;0,090909090909090909090
855;3340;0,500000000000000000000
855;3395;0,500000000000000000000
860;1156;1,000000000000000000000
861;85;0,071428571428571428571
861;267;0,142857142857142857142
861;1149;0,285714285714285714285
861;1154;0,071428571428571428571
861;1583;0,142857142857142857142
861;2139;0,071428571428571428571
861;2379;0,071428571428571428571
861;2398;0,071428571428571428571
861;2714;0,071428571428571428571
863;180;1,000000000000000000000
864;3212;1,000000000000000000000
866;977;1,000000000000000000000
869;119973;1,000000000000000000000
873;101;0,250000000000000000000
873;132;0,250000000000000000000
873;848;0,250000000000000000000
873;10021;0,250000000000000000000
885;2834;0,083333333333333333333
885;2851;0,083333333333333333333
885;3096;0,083333333333333333333
885;3340;0,083333333333333333333
885;5493;0,583333333333333333333
885;157662;0,083333333333333333333
886;3015;1,000000000000000000000
890;4501;0,500000000000000000000
890;333343;0,500000000000000000000
899;11415;1,000000000000000000000
904;80;0,010526315789473684210
904;184;0,010526315789473684210
904;218;0,010526315789473684210
904;224;0,010526315789473684210
904;324;0,021052631578947368421
904;337;0,010526315789473684210
904;346;0,010526315789473684210
904;363;0,010526315789473684210
904;713;0,010526315789473684210
904;778;0,010526315789473684210
904;805;0,010526315789473684210
904;918;0,010526315789473684210
904;1131;0,010526315789473684210
904;1137;0,010526315789473684210
904;1447;0,021052631578947368421
904;1466;0,010526315789473684210
904;1504;0,010526315789473684210
904;1510;0,010526315789473684210
904;1606;0,010526315789473684210
904;1616;0,010526315789473684210
904;1723;0,010526315789473684210
904;1833;0,010526315789473684210
904;1850;0,010526315789473684210
904;1893;0,010526315789473684210
904;2078;0,010526315789473684210
904;2119;0,010526315789473684210
904;2127;0,021052631578947368421
904;2516;0,010526315789473684210
904;2551;0,010526315789473684210
904;2887;0,021052631578947368421
904;2921;0,031578947368421052631
904;3053;0,010526315789473684210
904;3146;0,010526315789473684210
904;3214;0,010526315789473684210
904;3223;0,010526315789473684210
904;3465;0,010526315789473684210
904;3476;0,010526315789473684210
904;3477;0,010526315789473684210
904;3825;0,010526315789473684210
904;4078;0,010526315789473684210
904;5239;0,010526315789473684210
904;5833;0,010526315789473684210
904;5852;0,042105263157894736842
904;6151;0,010526315789473684210
904;6326;0,010526315789473684210
904;6635;0,010526315789473684210
904;6930;0,010526315789473684210
904;7574;0,010526315789473684210
904;8373;0,010526315789473684210
904;9982;0,021052631578947368421
904;10602;0,010526315789473684210
904;10604;0,010526315789473684210
904;10633;0,010526315789473684210
904;12333;0,010526315789473684210
904;12387;0,031578947368421052631
904;17209;0,010526315789473684210
904;17268;0,021052631578947368421
904;17274;0,010526315789473684210
904;26354;0,021052631578947368421
904;27079;0,010526315789473684210
904;28580;0,010526315789473684210
904;31885;0,010526315789473684210
904;41565;0,010526315789473684210
904;44336;0,010526315789473684210
904;259341;0,010526315789473684210
904;276780;0,010526315789473684210
904;283281;0,010526315789473684210
904;286988;0,010526315789473684210
904;318787;0,010526315789473684210
904;321395;0,010526315789473684210
904;353698;0,010526315789473684210
904;367121;0,010526315789473684210
904;373924;0,010526315789473684210
904;381254;0,010526315789473684210
904;381277;0,010526315789473684210
904;413321;0,010526315789473684210
904;432293;0,031578947368421052631
904;458190;0,010526315789473684210
904;589508;0,010526315789473684210
911;1114;0,142857142857142857142
911;1234;0,142857142857142857142
911;4262;0,428571428571428571428
911;16644;0,285714285714285714285
918;54879;1,000000000000000000000
920;12755;0,500000000000000000000
920;113392;0,500000000000000000000
925;1703;0,500000000000000000000
925;255863;0,500000000000000000000
930;1218;1,000000000000000000000
933;219;1,000000000000000000000
937;777;0,166666666666666666666
937;839;0,166666666666666666666
937;4299;0,166666666666666666666
937;245879;0,500000000000000000000
938;512;1,000000000000000000000
941;285;1,000000000000000000000
943;846;0,111111111111111111111
943;1979;0,111111111111111111111
943;2435;0,111111111111111111111
943;3683;0,333333333333333333333
943;59841;0,222222222222222222222
943;248835;0,111111111111111111111
945;359;0,076923076923076923076
945;904;0,076923076923076923076
945;1140;0,153846153846153846153
945;2127;0,153846153846153846153
945;3022;0,076923076923076923076
945;3095;0,153846153846153846153
945;5149;0,076923076923076923076
945;8109;0,153846153846153846153
945;41776;0,076923076923076923076
955;956;0,333333333333333333333
955;5623;0,666666666666666666666
956;955;0,750000000000000000000
956;1253;0,250000000000000000000
960;2150;0,166666666666666666666
960;2644;0,166666666666666666666
960;4281;0,166666666666666666666
960;6581;0,166666666666666666666
960;8500;0,166666666666666666666
960;9389;0,166666666666666666666
967;24769;1,000000000000000000000
970;524;0,100000000000000000000
970;621;0,100000000000000000000
970;866;0,100000000000000000000
970;977;0,100000000000000000000
970;1234;0,200000000000000000000
970;5443;0,400000000000000000000
972;11;0,250000000000000000000
972;1154;0,250000000000000000000
972;2847;0,250000000000000000000
972;4098;0,250000000000000000000
977;866;0,111111111111111111111
977;970;0,111111111111111111111
977;2738;0,111111111111111111111
977;4147;0,111111111111111111111
977;5691;0,111111111111111111111
977;7762;0,111111111111111111111
977;9158;0,222222222222222222222
977;10080;0,111111111111111111111
978;1162;0,200000000000000000000
978;2489;0,200000000000000000000
978;2559;0,200000000000000000000
978;2591;0,200000000000000000000
978;76428;0,200000000000000000000
980;96;0,105263157894736842105
980;1277;0,105263157894736842105
980;1591;0,052631578947368421052
980;1931;0,052631578947368421052
980;2684;0,105263157894736842105
980;3219;0,473684210526315789473
980;3601;0,052631578947368421052
980;10188;0,052631578947368421052
982;1118;0,500000000000000000000
982;193005;0,500000000000000000000
983;1118;0,142857142857142857142
983;4821;0,142857142857142857142
983;4906;0,142857142857142857142
983;59745;0,571428571428571428571
984;2852;1,000000000000000000000
990;1096;0,200000000000000000000
990;2744;0,200000000000000000000
990;3233;0,200000000000000000000
990;8666;0,200000000000000000000
990;14125;0,200000000000000000000
995;54;0,062500000000000000000
995;526;0,312500000000000000000
995;748;0,062500000000000000000
995;2269;0,250000000000000000000
995;3176;0,062500000000000000000
995;4179;0,250000000000000000000
1004;527;0,333333333333333333333
1004;6892;0,666666666666666666666
1010;216;0,125000000000000000000
1010;2001;0,125000000000000000000
1010;4374;0,125000000000000000000
1010;7748;0,250000000000000000000
1010;10523;0,125000000000000000000
1010;13504;0,125000000000000000000
1010;20770;0,125000000000000000000
1014;2367;0,666666666666666666666
1014;4085;0,333333333333333333333
1024;1574;0,333333333333333333333
1024;55134;0,666666666666666666666
1034;210;0,200000000000000000000
1034;875;0,200000000000000000000
1034;2269;0,200000000000000000000
1034;4336;0,200000000000000000000
1034;7005;0,200000000000000000000
1035;7866;0,333333333333333333333
1035;374246;0,666666666666666666666
1036;2367;1,000000000000000000000
1041;275;0,030303030303030303030
1041;744;0,030303030303030303030
1041;845;0,121212121212121212121
1041;982;0,242424242424242424242
1041;1042;0,060606060606060606060
1041;2287;0,030303030303030303030
1041;2422;0,030303030303030303030
1041;5782;0,030303030303030303030
1041;8163;0,030303030303030303030
1041;16497;0,242424242424242424242
1041;20307;0,030303030303030303030
1041;193005;0,090909090909090909090
1041;336640;0,030303030303030303030
1042;240;0,400000000000000000000
1042;1771;0,200000000000000000000
1042;2422;0,400000000000000000000
1043;122;1,000000000000000000000
1046;475;0,250000000000000000000
1046;1600;0,250000000000000000000
1046;18641;0,250000000000000000000
1046;59745;0,250000000000000000000
1048;558;0,250000000000000000000
1048;2657;0,250000000000000000000
1048;3045;0,250000000000000000000
1048;7116;0,250000000000000000000
1060;3271;1,000000000000000000000
1064;174;0,200000000000000000000
1064;232;0,600000000000000000000
1064;3427;0,200000000000000000000
1066;2147;1,000000000000000000000
1069;41565;1,000000000000000000000
1073;1157;0,083333333333333333333
1073;1315;0,125000000000000000000
1073;1984;0,083333333333333333333
1073;1985;0,125000000000000000000
1073;4918;0,083333333333333333333
1073;4919;0,125000000000000000000
1073;8109;0,125000000000000000000
1073;8164;0,125000000000000000000
1073;9513;0,125000000000000000000
1079;600;0,500000000000000000000
1079;1891;0,500000000000000000000
1082;891;0,500000000000000000000
1082;1293;0,166666666666666666666
1082;1840;0,333333333333333333333
1083;38;0,100000000000000000000
1083;189;0,100000000000000000000
1083;891;0,100000000000000000000
1083;1082;0,100000000000000000000
1083;1854;0,100000000000000000000
1083;2433;0,100000000000000000000
1083;3212;0,100000000000000000000
1083;4372;0,100000000000000000000
1083;13452;0,100000000000000000000
1083;13899;0,100000000000000000000
1085;2591;0,500000000000000000000
1085;8756;0,250000000000000000000
1085;9296;0,250000000000000000000
1094;1164;0,500000000000000000000
1094;25264;0,500000000000000000000
1100;163;0,117647058823529411764
1100;295;0,117647058823529411764
1100;1224;0,058823529411764705882
1100;1535;0,058823529411764705882
1100;2275;0,058823529411764705882
1100;4401;0,058823529411764705882
1100;7738;0,117647058823529411764
1100;12762;0,235294117647058823529
1100;16651;0,058823529411764705882
1100;122436;0,117647058823529411764
1101;622;0,500000000000000000000
1101;5219;0,500000000000000000000
1109;545;0,333333333333333333333
1109;9441;0,666666666666666666666
1117;2547;0,500000000000000000000
1117;5622;0,500000000000000000000
1118;529;0,333333333333333333333
1118;982;0,333333333333333333333
1118;98841;0,333333333333333333333
1121;285;0,142857142857142857142
1121;749;0,142857142857142857142
1121;2146;0,142857142857142857142
1121;3116;0,142857142857142857142
1121;5367;0,142857142857142857142
1121;327859;0,142857142857142857142
1121;329223;0,142857142857142857142
1123;8525;1,000000000000000000000
1124;1897;1,000000000000000000000
1131;321395;1,000000000000000000000
1135;6;0,012345679012345679012
1135;375;0,012345679012345679012
1135;391;0,012345679012345679012
1135;393;0,012345679012345679012
1135;394;0,012345679012345679012
1135;396;0,024691358024691358024
1135;399;0,012345679012345679012
1135;400;0,012345679012345679012
1135;405;0,012345679012345679012
1135;406;0,012345679012345679012
1135;407;0,012345679012345679012
1135;408;0,012345679012345679012
1135;409;0,012345679012345679012
1135;410;0,012345679012345679012
1135;411;0,012345679012345679012
1135;412;0,012345679012345679012
1135;413;0,012345679012345679012
1135;416;0,012345679012345679012
1135;417;0,012345679012345679012
1135;418;0,012345679012345679012
1135;419;0,012345679012345679012
1135;502;0,012345679012345679012
1135;519;0,012345679012345679012
1135;945;0,012345679012345679012
1135;1025;0,012345679012345679012
1135;1140;0,012345679012345679012
1135;1221;0,012345679012345679012
1135;1222;0,012345679012345679012
1135;1340;0,012345679012345679012
1135;1510;0,012345679012345679012
1135;1696;0,012345679012345679012
1135;1727;0,012345679012345679012
1135;1762;0,012345679012345679012
1135;1862;0,012345679012345679012
1135;1894;0,012345679012345679012
1135;2004;0,012345679012345679012
1135;2137;0,012345679012345679012
1135;2140;0,012345679012345679012
1135;2467;0,012345679012345679012
1135;2569;0,012345679012345679012
1135;2694;0,012345679012345679012
1135;2961;0,012345679012345679012
1135;3176;0,012345679012345679012
1135;3449;0,012345679012345679012
1135;3465;0,012345679012345679012
1135;3496;0,012345679012345679012
1135;3513;0,012345679012345679012
1135;5175;0,012345679012345679012
1135;5338;0,012345679012345679012
1135;5567;0,012345679012345679012
1135;5591;0,012345679012345679012
1135;6447;0,012345679012345679012
1135;7072;0,012345679012345679012
1135;7095;0,024691358024691358024
1135;7585;0,012345679012345679012
1135;8223;0,012345679012345679012
1135;8744;0,012345679012345679012
1135;9098;0,012345679012345679012
1135;9309;0,012345679012345679012
1135;10341;0,012345679012345679012
1135;10435;0,012345679012345679012
1135;11138;0,012345679012345679012
1135;11235;0,012345679012345679012
1135;12660;0,012345679012345679012
1135;12670;0,012345679012345679012
1135;13552;0,012345679012345679012
1135;17265;0,012345679012345679012
1135;17267;0,012345679012345679012
1135;17279;0,012345679012345679012
1135;23562;0,012345679012345679012
1135;27866;0,012345679012345679012
1135;28360;0,012345679012345679012
1135;28402;0,012345679012345679012
1135;28416;0,012345679012345679012
1135;28476;0,012345679012345679012
1135;34604;0,012345679012345679012
1135;283281;0,024691358024691358024
1135;687941;0,012345679012345679012
1141;42;0,030303030303030303030
1141;96;0,030303030303030303030
1141;237;0,030303030303030303030
1141;249;0,030303030303030303030
1141;261;0,030303030303030303030
1141;1156;0,030303030303030303030
1141;1364;0,030303030303030303030
1141;1873;0,030303030303030303030
1141;1988;0,030303030303030303030
1141;2145;0,030303030303030303030
1141;2293;0,060606060606060606060
1141;2461;0,030303030303030303030
1141;3000;0,030303030303030303030
1141;3174;0,030303030303030303030
1141;3219;0,030303030303030303030
1141;3245;0,030303030303030303030
1141;3633;0,030303030303030303030
1141;3753;0,030303030303030303030
1141;3857;0,030303030303030303030
1141;4323;0,030303030303030303030
1141;4881;0,030303030303030303030
1141;4927;0,030303030303030303030
1141;5578;0,030303030303030303030
1141;5628;0,030303030303030303030
1141;6113;0,030303030303030303030
1141;6666;0,030303030303030303030
1141;9805;0,030303030303030303030
1141;11690;0,030303030303030303030
1141;17720;0,030303030303030303030
1141;137801;0,030303030303030303030
1141;229072;0,030303030303030303030
1141;276695;0,030303030303030303030
1142;249;0,500000000000000000000
1142;5223;0,500000000000000000000
1143;2803;0,500000000000000000000
1143;6505;0,500000000000000000000
1149;250;0,166666666666666666666
1149;724;0,083333333333333333333
1149;861;0,166666666666666666666
1149;1591;0,083333333333333333333
1149;2379;0,083333333333333333333
1149;2510;0,083333333333333333333
1149;2661;0,083333333333333333333
1149;2714;0,166666666666666666666
1149;10595;0,083333333333333333333
1150;528;0,500000000000000000000
1150;1366;0,500000000000000000000
1153;2269;0,333333333333333333333
1153;9714;0,666666666666666666666
1154;85;0,055555555555555555555
1154;122;0,111111111111111111111
1154;182;0,055555555555555555555
1154;210;0,055555555555555555555
1154;1981;0,111111111111111111111
1154;2302;0,166666666666666666666
1154;3246;0,055555555555555555555
1154;4098;0,055555555555555555555
1154;4553;0,166666666666666666666
1154;5223;0,055555555555555555555
1154;5383;0,055555555555555555555
1154;8363;0,055555555555555555555
1160;1149;0,058823529411764705882
1160;2576;0,117647058823529411764
1160;2713;0,058823529411764705882
1160;3158;0,058823529411764705882
1160;3234;0,176470588235294117647
1160;3656;0,117647058823529411764
1160;6151;0,058823529411764705882
1160;6347;0,117647058823529411764
1160;41565;0,058823529411764705882
1160;283638;0,058823529411764705882
1160;353698;0,058823529411764705882
1160;359918;0,058823529411764705882
1164;135;0,333333333333333333333
1164;1094;0,666666666666666666666
1169;71;0,058823529411764705882
1169;100;0,058823529411764705882
1169;138;0,058823529411764705882
1169;276;0,058823529411764705882
1169;695;0,058823529411764705882
1169;1942;0,058823529411764705882
1169;1943;0,058823529411764705882
1169;1944;0,058823529411764705882
1169;1945;0,058823529411764705882
1169;1946;0,058823529411764705882
1169;3523;0,058823529411764705882
1169;4512;0,058823529411764705882
1169;13537;0,058823529411764705882
1169;59745;0,073529411764705882352
1169;59841;0,029411764705882352941
1169;78108;0,014705882352941176470
1169;98841;0,058823529411764705882
1169;131383;0,058823529411764705882
1190;1220;0,333333333333333333333
1190;2275;0,333333333333333333333
1190;15686;0,333333333333333333333
1192;747;1,000000000000000000000
1196;520;0,111111111111111111111
1196;1065;0,055555555555555555555
1196;1104;0,055555555555555555555
1196;2296;0,111111111111111111111
1196;3523;0,166666666666666666666
1196;4059;0,166666666666666666666
1196;5005;0,166666666666666666666
1196;8225;0,055555555555555555555
1196;727898;0,111111111111111111111
1198;14652;1,000000000000000000000
1205;747;0,500000000000000000000
1205;81648;0,500000000000000000000
1206;12745;1,000000000000000000000
1210;3911;1,000000000000000000000
1216;2742;1,000000000000000000000
1218;346;0,035714285714285714285
1218;375;0,035714285714285714285
1218;393;0,035714285714285714285
1218;395;0,035714285714285714285
1218;400;0,071428571428571428571
1218;408;0,035714285714285714285
1218;409;0,035714285714285714285
1218;418;0,035714285714285714285
1218;930;0,071428571428571428571
1218;967;0,035714285714285714285
1218;1178;0,035714285714285714285
1218;1451;0,035714285714285714285
1218;1466;0,035714285714285714285
1218;3476;0,035714285714285714285
1218;3477;0,035714285714285714285
1218;3697;0,035714285714285714285
1218;9340;0,035714285714285714285
1218;12660;0,035714285714285714285
1218;24769;0,035714285714285714285
1218;27079;0,035714285714285714285
1218;28337;0,035714285714285714285
1218;28408;0,035714285714285714285
1218;28416;0,035714285714285714285
1218;28420;0,035714285714285714285
1218;28422;0,035714285714285714285
1218;28720;0,035714285714285714285
1220;2275;0,250000000000000000000
1220;13179;0,250000000000000000000
1220;27065;0,500000000000000000000
1221;9309;0,500000000000000000000
1221;9960;0,500000000000000000000
1227;9722;0,333333333333333333333
1227;9762;0,666666666666666666666
1228;1487;1,000000000000000000000
1231;16;0,181818181818181818181
1231;3141;0,090909090909090909090
1231;3145;0,181818181818181818181
1231;5519;0,181818181818181818181
1231;6503;0,181818181818181818181
1231;57838;0,181818181818181818181
1234;127;0,045454545454545454545
1234;841;0,045454545454545454545
1234;911;0,090909090909090909090
1234;964;0,136363636363636363636
1234;970;0,090909090909090909090
1234;1235;0,090909090909090909090
1234;1236;0,136363636363636363636
1234;1237;0,045454545454545454545
1234;1277;0,181818181818181818181
1234;1340;0,045454545454545454545
1234;2181;0,045454545454545454545
1234;10188;0,045454545454545454545
1235;1236;0,181818181818181818181
1235;1237;0,090909090909090909090
1235;1277;0,272727272727272727272
1235;2684;0,090909090909090909090
1235;3393;0,090909090909090909090
1235;10188;0,181818181818181818181
1235;21154;0,090909090909090909090
1236;190;0,333333333333333333333
1236;1277;0,333333333333333333333
1236;3188;0,333333333333333333333
1237;1234;0,142857142857142857142
1237;1235;0,142857142857142857142
1237;1236;0,142857142857142857142
1237;1277;0,142857142857142857142
1237;2684;0,142857142857142857142
1237;21154;0,142857142857142857142
1237;602536;0,142857142857142857142
1243;681;0,125000000000000000000
1243;682;0,250000000000000000000
1243;683;0,125000000000000000000
1243;997;0,125000000000000000000
1243;1322;0,125000000000000000000
1243;3292;0,125000000000000000000
1243;4401;0,125000000000000000000
1248;80;1,000000000000000000000
1250;689;0,333333333333333333333
1250;59745;0,666666666666666666666
1254;119;0,166666666666666666666
1254;1184;0,166666666666666666666
1254;1663;0,166666666666666666666
1254;2184;0,166666666666666666666
1254;9274;0,166666666666666666666
1254;27951;0,166666666666666666666
1276;3098;1,000000000000000000000
1277;980;0,032258064516129032258
1277;1234;0,145161290322580645161
1277;1235;0,161290322580645161290
1277;1236;0,161290322580645161290
1277;1237;0,064516129032258064516
1277;1591;0,032258064516129032258
1277;2684;0,096774193548387096774
1277;10188;0,112903225806451612903
1277;21154;0,080645161290322580645
1277;602536;0,112903225806451612903
1286;127;0,071428571428571428571
1286;242;0,071428571428571428571
1286;521;0,071428571428571428571
1286;524;0,071428571428571428571
1286;526;0,071428571428571428571
1286;2434;0,142857142857142857142
1286;7941;0,071428571428571428571
1286;9806;0,071428571428571428571
1286;18251;0,071428571428571428571
1286;136664;0,285714285714285714285
1288;3212;0,500000000000000000000
1288;4629;0,500000000000000000000
1290;385;1,000000000000000000000
1293;891;0,200000000000000000000
1293;1082;0,200000000000000000000
1293;4000;0,400000000000000000000
1293;18300;0,200000000000000000000
1310;285;0,166666666666666666666
1310;1868;0,833333333333333333333
1316;352;1,000000000000000000000
1319;550;1,000000000000000000000
1321;2826;1,000000000000000000000
1322;863;1,000000000000000000000
1325;3188;0,333333333333333333333
1325;20307;0,666666666666666666666
1326;1333;1,000000000000000000000
1333;1335;1,000000000000000000000
1335;1333;1,000000000000000000000
1337;13545;1,000000000000000000000
1340;351;0,500000000000000000000
1340;1234;0,500000000000000000000
1364;237;0,857142857142857142857
1364;8225;0,142857142857142857142
1374;119;0,500000000000000000000
1374;12572;0,500000000000000000000
1393;4414;1,000000000000000000000
1419;432293;1,000000000000000000000
1429;1785;0,500000000000000000000
1429;10338;0,500000000000000000000
1434;288;0,064516129032258064516
1434;568;0,064516129032258064516
1434;1082;0,064516129032258064516
1434;1083;0,064516129032258064516
1434;2778;0,064516129032258064516
1434;3212;0,032258064516129032258
1434;3968;0,064516129032258064516
1434;5037;0,032258064516129032258
1434;6461;0,032258064516129032258
1434;6991;0,064516129032258064516
1434;6992;0,064516129032258064516
1434;7701;0,032258064516129032258
1434;9376;0,032258064516129032258
1434;11656;0,064516129032258064516
1434;13642;0,032258064516129032258
1434;16666;0,032258064516129032258
1434;17677;0,064516129032258064516
1434;17678;0,064516129032258064516
1434;18622;0,064516129032258064516
1437;744;0,125000000000000000000
1437;845;0,125000000000000000000
1437;846;0,250000000000000000000
1437;192866;0,500000000000000000000
1439;135;0,250000000000000000000
1439;748;0,250000000000000000000
1439;1440;0,250000000000000000000
1439;173893;0,250000000000000000000
1440;135;0,047619047619047619047
1440;635;0,047619047619047619047
1440;1439;0,047619047619047619047
1440;2080;0,047619047619047619047
1440;3091;0,047619047619047619047
1440;4476;0,095238095238095238095
1440;7711;0,095238095238095238095
1440;9356;0,095238095238095238095
1440;11552;0,047619047619047619047
1440;12938;0,047619047619047619047
1440;22298;0,047619047619047619047
1440;38738;0,095238095238095238095
1440;42210;0,095238095238095238095
1440;47352;0,047619047619047619047
1440;50332;0,047619047619047619047
1440;76428;0,047619047619047619047
1444;2287;0,666666666666666666666
1444;20307;0,333333333333333333333
1445;324897;1,000000000000000000000
1454;232;0,055555555555555555555
1454;577;0,055555555555555555555
1454;1064;0,055555555555555555555
1454;1563;0,055555555555555555555
1454;1564;0,055555555555555555555
1454;1632;0,055555555555555555555
1454;1689;0,055555555555555555555
1454;1692;0,055555555555555555555
1454;1698;0,055555555555555555555
1454;1699;0,055555555555555555555
1454;1703;0,055555555555555555555
1454;1705;0,055555555555555555555
1454;1706;0,055555555555555555555
1454;1708;0,055555555555555555555
1454;1709;0,055555555555555555555
1454;2008;0,055555555555555555555
1454;2826;0,055555555555555555555
1454;529797;0,055555555555555555555
1455;1686;0,333333333333333333333
1455;1692;0,333333333333333333333
1455;267368;0,333333333333333333333
1457;33843;1,000000000000000000000
1462;12247;0,500000000000000000000
1462;28597;0,500000000000000000000
1464;10165;1,000000000000000000000
1471;635;0,333333333333333333333
1471;1637;0,333333333333333333333
1471;336640;0,333333333333333333333
1473;9399;1,000000000000000000000
1487;909;0,142857142857142857142
1487;1089;0,142857142857142857142
1487;1228;0,714285714285714285714
1489;59745;1,000000000000000000000
1498;104;0,625000000000000000000
1498;768;0,125000000000000000000
1498;979;0,125000000000000000000
1498;4472;0,125000000000000000000
1503;3859;1,000000000000000000000
1504;83;1,000000000000000000000
1510;35;0,400000000000000000000
1510;4954;0,400000000000000000000
1510;321395;0,200000000000000000000
1513;1160;0,500000000000000000000
1513;1710;0,500000000000000000000
1515;1448;0,166666666666666666666
1515;1583;0,333333333333333333333
1515;2009;0,166666666666666666666
1515;4313;0,166666666666666666666
1515;4592;0,166666666666666666666
1521;1765;0,500000000000000000000
1521;12534;0,500000000000000000000
1526;285;0,666666666666666666666
1526;678;0,333333333333333333333
1533;178;0,250000000000000000000
1533;3519;0,500000000000000000000
1533;5006;0,250000000000000000000
1544;240;0,071428571428571428571
1544;479;0,142857142857142857142
1544;520;0,142857142857142857142
1544;1065;0,357142857142857142857
1544;1556;0,071428571428571428571
1544;1848;0,071428571428571428571
1544;2435;0,142857142857142857142
1545;1967;1,000000000000000000000
1547;472;0,200000000000000000000
1547;678;0,400000000000000000000
1547;3234;0,200000000000000000000
1547;29061;0,200000000000000000000
1554;793;1,000000000000000000000
1556;61;0,066666666666666666666
1556;334;0,066666666666666666666
1556;742;0,133333333333333333333
1556;975;0,066666666666666666666
1556;3188;0,066666666666666666666
1556;3519;0,200000000000000000000
1556;5012;0,200000000000000000000
1556;5016;0,066666666666666666666
1556;5636;0,066666666666666666666
1556;5681;0,066666666666666666666
1565;812;0,222222222222222222222
1565;1562;0,055555555555555555555
1565;1609;0,055555555555555555555
1565;1887;0,166666666666666666666
1565;2470;0,166666666666666666666
1565;2890;0,166666666666666666666
1565;3395;0,166666666666666666666
1567;174;0,333333333333333333333
1567;437;0,333333333333333333333
1567;9215;0,333333333333333333333
1570;285;0,500000000000000000000
1570;1448;0,500000000000000000000
1574;96;0,500000000000000000000
1574;442;0,250000000000000000000
1574;5640;0,250000000000000000000
1588;527;1,000000000000000000000
1589;39;0,250000000000000000000
1589;162;0,083333333333333333333
1589;738;0,166666666666666666666
1589;2274;0,166666666666666666666
1589;3256;0,083333333333333333333
1589;3877;0,083333333333333333333
1589;9356;0,083333333333333333333
1589;13261;0,083333333333333333333
1591;283;0,047619047619047619047
1591;698;0,047619047619047619047
1591;861;0,095238095238095238095
1591;1142;0,047619047619047619047
1591;1149;0,047619047619047619047
1591;1277;0,047619047619047619047
1591;2111;0,095238095238095238095
1591;2252;0,095238095238095238095
1591;3045;0,190476190476190476190
1591;3234;0,142857142857142857142
1591;4592;0,047619047619047619047
1591;6008;0,047619047619047619047
1591;7160;0,047619047619047619047
1596;550;0,200000000000000000000
1596;1058;0,200000000000000000000
1596;5440;0,400000000000000000000
1596;7209;0,200000000000000000000
1606;5175;1,000000000000000000000
1608;437;0,200000000000000000000
1608;812;0,200000000000000000000
1608;1700;0,200000000000000000000
1608;6940;0,200000000000000000000
1608;27269;0,200000000000000000000
1610;4085;1,000000000000000000000
1625;2147;1,000000000000000000000
1632;752;1,000000000000000000000
1637;213;0,090909090909090909090
1637;635;0,181818181818181818181
1637;1471;0,090909090909090909090
1637;2712;0,272727272727272727272
1637;13158;0,090909090909090909090
1637;47352;0,090909090909090909090
1637;76428;0,090909090909090909090
1637;336640;0,090909090909090909090
1639;2133;1,000000000000000000000
1644;1139;0,250000000000000000000
1644;3779;0,500000000000000000000
1644;333184;0,250000000000000000000
1657;1022;0,166666666666666666666
1657;3852;0,333333333333333333333
1657;6498;0,166666666666666666666
1657;6501;0,166666666666666666666
1657;6502;0,166666666666666666666
1662;1639;1,000000000000000000000
1663;2021;1,000000000000000000000
1667;194;0,250000000000000000000
1667;841;0,250000000000000000000
1667;1066;0,250000000000000000000
1667;2271;0,250000000000000000000
1681;2786;1,000000000000000000000
1684;518;0,500000000000000000000
1684;1440;0,500000000000000000000
1685;3359;1,000000000000000000000
1692;1455;0,500000000000000000000
1692;2196;0,500000000000000000000
1694;156500;1,000000000000000000000
1705;220;0,250000000000000000000
1705;1064;0,250000000000000000000
1705;1707;0,250000000000000000000
1705;529797;0,250000000000000000000
1706;266;0,333333333333333333333
1706;2825;0,333333333333333333333
1706;2826;0,333333333333333333333
1710;1513;0,166666666666666666666
1710;1967;0,166666666666666666666
1710;2398;0,166666666666666666666
1710;6723;0,333333333333333333333
1710;9258;0,166666666666666666666
1727;410;1,000000000000000000000
1729;4334;0,500000000000000000000
1729;41565;0,500000000000000000000
1731;20476;1,000000000000000000000
1744;466;0,500000000000000000000
1744;4240;0,500000000000000000000
1754;96;0,055555555555555555555
1754;472;0,055555555555555555555
1754;1563;0,055555555555555555555
1754;1708;0,055555555555555555555
1754;1827;0,055555555555555555555
1754;2021;0,055555555555555555555
1754;2844;0,055555555555555555555
1754;3680;0,111111111111111111111
1754;4613;0,111111111111111111111
1754;7030;0,055555555555555555555
1754;7630;0,055555555555555555555
1754;349041;0,222222222222222222222
1754;576277;0,055555555555555555555
1763;17426;1,000000000000000000000
1769;380;1,000000000000000000000
1771;1042;0,333333333333333333333
1771;2275;0,333333333333333333333
1771;3246;0,333333333333333333333
1778;5603;1,000000000000000000000
1785;1162;0,333333333333333333333
1785;4621;0,666666666666666666666
1799;310;1,000000000000000000000
1814;698;0,375000000000000000000
1814;2379;0,125000000000000000000
1814;2472;0,125000000000000000000
1814;2510;0,125000000000000000000
1814;2714;0,125000000000000000000
1814;3234;0,125000000000000000000
1824;3087;1,000000000000000000000
1831;484;0,083333333333333333333
1831;731;0,083333333333333333333
1831;1164;0,083333333333333333333
1831;5083;0,083333333333333333333
1831;5654;0,083333333333333333333
1831;7711;0,083333333333333333333
1831;8003;0,083333333333333333333
1831;11552;0,083333333333333333333
1831;12938;0,083333333333333333333
1831;22298;0,083333333333333333333
1831;38738;0,083333333333333333333
1831;42210;0,083333333333333333333
1838;2046;1,000000000000000000000
1839;584969;1,000000000000000000000
1840;37;0,066666666666666666666
1840;38;0,133333333333333333333
1840;189;0,066666666666666666666
1840;608;0,066666666666666666666
1840;609;0,066666666666666666666
1840;891;0,133333333333333333333
1840;1082;0,066666666666666666666
1840;1724;0,066666666666666666666
1840;1892;0,066666666666666666666
1840;4576;0,066666666666666666666
1840;6372;0,066666666666666666666
1840;6701;0,066666666666666666666
1840;11734;0,066666666666666666666
1850;538;0,500000000000000000000
1850;4278;0,500000000000000000000
1853;27269;1,000000000000000000000
1854;19402;1,000000000000000000000
1855;9542;1,000000000000000000000
1864;115;0,111111111111111111111
1864;475;0,222222222222222222222
1864;1210;0,111111111111111111111
1864;1949;0,111111111111111111111
1864;2794;0,111111111111111111111
1864;3235;0,111111111111111111111
1864;8513;0,111111111111111111111
1864;499117;0,111111111111111111111
1866;3811;0,500000000000000000000
1866;366867;0,500000000000000000000
1868;1310;0,800000000000000000000
1868;283638;0,200000000000000000000
1873;96;1,000000000000000000000
1877;331627;1,000000000000000000000
1889;267;0,153846153846153846153
1889;678;0,230769230769230769230
1889;698;0,076923076923076923076
1889;2661;0,076923076923076923076
1889;2713;0,153846153846153846153
1889;3429;0,076923076923076923076
1889;6440;0,076923076923076923076
1889;7116;0,076923076923076923076
1889;7160;0,076923076923076923076
1893;324;1,000000000000000000000
1897;528;0,083333333333333333333
1897;571;0,083333333333333333333
1897;1122;0,083333333333333333333
1897;1124;0,166666666666666666666
1897;1600;0,083333333333333333333
1897;3256;0,083333333333333333333
1897;5626;0,083333333333333333333
1897;6788;0,166666666666666666666
1897;78108;0,166666666666666666666
1898;615;0,333333333333333333333
1898;1342;0,333333333333333333333
1898;4747;0,333333333333333333333
1902;2;0,200000000000000000000
1902;5610;0,400000000000000000000
1902;5909;0,400000000000000000000
1906;4085;1,000000000000000000000
1910;48;0,333333333333333333333
1910;5440;0,333333333333333333333
1910;324897;0,333333333333333333333
1912;311;0,125000000000000000000
1912;739;0,062500000000000000000
1912;1903;0,062500000000000000000
1912;1913;0,062500000000000000000
1912;5960;0,062500000000000000000
1912;7630;0,062500000000000000000
1912;13074;0,312500000000000000000
1912;16873;0,062500000000000000000
1912;23228;0,187500000000000000000
1913;1912;0,666666666666666666666
1913;366869;0,333333333333333333333
1917;222;0,333333333333333333333
1917;472;0,333333333333333333333
1917;3503;0,333333333333333333333
1940;349041;1,000000000000000000000
1942;1316;0,500000000000000000000
1942;2990;0,500000000000000000000
1945;276;0,500000000000000000000
1945;354;0,500000000000000000000
1946;72;0,125000000000000000000
1946;127;0,125000000000000000000
1946;1692;0,125000000000000000000
1946;2277;0,125000000000000000000
1946;2825;0,125000000000000000000
1946;2991;0,125000000000000000000
1946;3395;0,125000000000000000000
1946;3523;0,125000000000000000000
1948;71;0,400000000000000000000
1948;309;0,600000000000000000000
1949;115;0,307692307692307692307
1949;1053;0,076923076923076923076
1949;4225;0,076923076923076923076
1949;4933;0,153846153846153846153
1949;9762;0,153846153846153846153
1949;335189;0,153846153846153846153
1949;367451;0,076923076923076923076
1951;2371;1,000000000000000000000
1967;1545;0,153846153846153846153
1967;1710;0,076923076923076923076
1967;3189;0,153846153846153846153
1967;6723;0,461538461538461538461
1967;75230;0,076923076923076923076
1967;84925;0,076923076923076923076
1974;23;0,333333333333333333333
1974;2254;0,666666666666666666666
1984;1985;1,000000000000000000000
1985;1984;0,333333333333333333333
1985;9513;0,666666666666666666666
1988;287;0,090909090909090909090
1988;846;0,090909090909090909090
1988;860;0,090909090909090909090
1988;1829;0,090909090909090909090
1988;3000;0,090909090909090909090
1988;4323;0,090909090909090909090
1988;4881;0,181818181818181818181
1988;6570;0,090909090909090909090
1988;6666;0,090909090909090909090
1988;370126;0,090909090909090909090
1991;2239;1,000000000000000000000
1997;8985;1,000000000000000000000
2004;488062;1,000000000000000000000
2005;519;0,333333333333333333333
2005;2264;0,666666666666666666666
2008;313;0,500000000000000000000
2008;613;0,500000000000000000000
2015;844;0,250000000000000000000
2015;3567;0,500000000000000000000
2015;3891;0,250000000000000000000
2027;2492;1,000000000000000000000
2046;1838;0,166666666666666666666
2046;5219;0,166666666666666666666
2046;5564;0,500000000000000000000
2046;9391;0,166666666666666666666
2064;65;0,500000000000000000000
2064;1263;0,500000000000000000000
2070;4262;1,000000000000000000000
2083;885;0,333333333333333333333
2083;8050;0,666666666666666666666
2087;698;0,500000000000000000000
2087;3392;0,500000000000000000000
2098;356;0,333333333333333333333
2098;8353;0,666666666666666666666
2099;3802;1,000000000000000000000
2105;5037;1,000000000000000000000
2111;826;0,055555555555555555555
2111;1235;0,222222222222222222222
2111;1236;0,166666666666666666666
2111;1237;0,111111111111111111111
2111;2684;0,222222222222222222222
2111;10188;0,055555555555555555555
2111;21154;0,166666666666666666666
2112;7626;1,000000000000000000000
2117;4355;1,000000000000000000000
2127;945;1,000000000000000000000
2128;3340;1,000000000000000000000
2130;3293;0,125000000000000000000
2130;4821;0,250000000000000000000
2130;27416;0,125000000000000000000
2130;373782;0,500000000000000000000
2139;615;1,000000000000000000000
2140;395;0,500000000000000000000
2140;6000;0,500000000000000000000
2146;1066;0,142857142857142857142
2146;2644;0,285714285714285714285
2146;4525;0,142857142857142857142
2146;5441;0,142857142857142857142
2146;6581;0,142857142857142857142
2146;533247;0,142857142857142857142
2147;878;0,125000000000000000000
2147;1122;0,125000000000000000000
2147;1401;0,250000000000000000000
2147;2385;0,125000000000000000000
2147;4281;0,125000000000000000000
2147;5632;0,125000000000000000000
2147;7759;0,125000000000000000000
2148;863;1,000000000000000000000
2164;1111;0,214285714285714285714
2164;2244;0,428571428571428571428
2164;2428;0,142857142857142857142
2164;2458;0,071428571428571428571
2164;3426;0,071428571428571428571
2164;239969;0,071428571428571428571
2175;4020;0,125000000000000000000
2175;4145;0,500000000000000000000
2175;65998;0,250000000000000000000
2175;66075;0,125000000000000000000
2176;748;0,166666666666666666666
2176;978;0,500000000000000000000
2176;2850;0,166666666666666666666
2176;3342;0,166666666666666666666
2188;4000;1,000000000000000000000
2195;4414;0,250000000000000000000
2195;5367;0,500000000000000000000
2195;11427;0,250000000000000000000
2196;220;0,500000000000000000000
2196;1692;0,500000000000000000000
2198;2200;0,500000000000000000000
2198;5061;0,500000000000000000000
2199;4257;1,000000000000000000000
2200;1162;0,500000000000000000000
2200;2198;0,500000000000000000000
2210;844;0,250000000000000000000
2210;2800;0,250000000000000000000
2210;3532;0,250000000000000000000
2210;13178;0,250000000000000000000
2212;1121;0,500000000000000000000
2212;3085;0,500000000000000000000
2216;5082;1,000000000000000000000
2223;3158;0,500000000000000000000
2223;13769;0,500000000000000000000
2239;172;0,375000000000000000000
2239;1991;0,250000000000000000000
2239;2504;0,250000000000000000000
2239;3328;0,125000000000000000000
2254;791;0,250000000000000000000
2254;1974;0,500000000000000000000
2254;8491;0,250000000000000000000
2264;1764;0,125000000000000000000
2264;2004;0,125000000000000000000
2264;2005;0,125000000000000000000
2264;2467;0,125000000000000000000
2264;2569;0,125000000000000000000
2264;3317;0,125000000000000000000
2264;7802;0,125000000000000000000
2264;17266;0,125000000000000000000
2269;237;0,368421052631578947368
2269;995;0,052631578947368421052
2269;1495;0,052631578947368421052
2269;2133;0,052631578947368421052
2269;2741;0,105263157894736842105
2269;2742;0,210526315789473684210
2269;4098;0,157894736842105263157
2271;13360;1,000000000000000000000
2274;571;0,166666666666666666666
2274;1589;0,333333333333333333333
2274;3791;0,166666666666666666666
2274;6788;0,166666666666666666666
2274;13398;0,166666666666666666666
2275;1100;0,043478260869565217391
2275;1190;0,043478260869565217391
2275;1220;0,086956521739130434782
2275;1681;0,043478260869565217391
2275;6765;0,173913043478260869565
2275;8205;0,130434782608695652173
2275;23180;0,043478260869565217391
2275;25220;0,043478260869565217391
2275;25229;0,043478260869565217391
2275;26251;0,043478260869565217391
2275;27478;0,130434782608695652173
2275;373677;0,086956521739130434782
2275;387438;0,086956521739130434782
2277;12339;1,000000000000000000000
2280;4901;0,500000000000000000000
2280;9184;0,500000000000000000000
2287;1041;0,250000000000000000000
2287;1444;0,500000000000000000000
2287;4058;0,250000000000000000000
2293;42;0,100000000000000000000
2293;1141;0,300000000000000000000
2293;1981;0,100000000000000000000
2293;3633;0,200000000000000000000
2293;5628;0,300000000000000000000
2310;2206;0,250000000000000000000
2310;3105;0,250000000000000000000
2310;5212;0,250000000000000000000
2310;7418;0,250000000000000000000
2322;7968;1,000000000000000000000
2326;295;0,200000000000000000000
2326;2844;0,600000000000000000000
2326;28528;0,200000000000000000000
2337;2438;1,000000000000000000000
2352;8957;1,000000000000000000000
2355;827;0,250000000000000000000
2355;6027;0,250000000000000000000
2355;6496;0,250000000000000000000
2355;9968;0,250000000000000000000
2371;290;0,333333333333333333333
2371;1288;0,333333333333333333333
2371;113392;0,333333333333333333333
2372;9992;1,000000000000000000000
2374;793;0,333333333333333333333
2374;1845;0,166666666666666666666
2374;4225;0,166666666666666666666
2374;16527;0,333333333333333333333
2379;96;0,005882352941176470588
2379;101;0,005882352941176470588
2379;226;0,011764705882352941176
2379;241;0,005882352941176470588
2379;248;0,005882352941176470588
2379;249;0,005882352941176470588
2379;250;0,005882352941176470588
2379;251;0,005882352941176470588
2379;267;0,005882352941176470588
2379;268;0,005882352941176470588
2379;274;0,005882352941176470588
2379;279;0,005882352941176470588
2379;284;0,005882352941176470588
2379;285;0,005882352941176470588
2379;455;0,005882352941176470588
2379;678;0,005882352941176470588
2379;698;0,005882352941176470588
2379;724;0,005882352941176470588
2379;737;0,005882352941176470588
2379;781;0,005882352941176470588
2379;787;0,005882352941176470588
2379;802;0,005882352941176470588
2379;861;0,011764705882352941176
2379;873;0,005882352941176470588
2379;912;0,005882352941176470588
2379;1142;0,005882352941176470588
2379;1149;0,017647058823529411764
2379;1160;0,005882352941176470588
2379;1271;0,005882352941176470588
2379;1448;0,005882352941176470588
2379;1499;0,011764705882352941176
2379;1513;0,005882352941176470588
2379;1515;0,005882352941176470588
2379;1520;0,005882352941176470588
2379;1523;0,005882352941176470588
2379;1526;0,005882352941176470588
2379;1547;0,005882352941176470588
2379;1570;0,005882352941176470588
2379;1583;0,011764705882352941176
2379;1591;0,011764705882352941176
2379;1710;0,005882352941176470588
2379;1741;0,005882352941176470588
2379;1814;0,005882352941176470588
2379;1827;0,005882352941176470588
2379;1868;0,005882352941176470588
2379;1889;0,005882352941176470588
2379;2009;0,005882352941176470588
2379;2087;0,005882352941176470588
2379;2139;0,005882352941176470588
2379;2237;0,005882352941176470588
2379;2252;0,005882352941176470588
2379;2455;0,005882352941176470588
2379;2472;0,005882352941176470588
2379;2510;0,005882352941176470588
2379;2515;0,005882352941176470588
2379;2523;0,005882352941176470588
2379;2655;0,005882352941176470588
2379;2661;0,005882352941176470588
2379;2706;0,005882352941176470588
2379;2713;0,005882352941176470588
2379;2714;0,023529411764705882352
2379;2716;0,005882352941176470588
2379;2990;0,005882352941176470588
2379;3005;0,005882352941176470588
2379;3045;0,005882352941176470588
2379;3103;0,005882352941176470588
2379;3234;0,070588235294117647058
2379;3332;0,005882352941176470588
2379;3392;0,005882352941176470588
2379;3429;0,005882352941176470588
2379;3459;0,005882352941176470588
2379;3473;0,005882352941176470588
2379;3500;0,005882352941176470588
2379;3601;0,005882352941176470588
2379;3619;0,005882352941176470588
2379;3701;0,005882352941176470588
2379;3838;0,005882352941176470588
2379;3866;0,005882352941176470588
2379;3867;0,005882352941176470588
2379;3869;0,005882352941176470588
2379;3870;0,005882352941176470588
2379;3871;0,005882352941176470588
2379;3872;0,005882352941176470588
2379;3873;0,005882352941176470588
2379;3992;0,011764705882352941176
2379;4117;0,005882352941176470588
2379;4187;0,017647058823529411764
2379;4313;0,005882352941176470588
2379;4337;0,005882352941176470588
2379;4359;0,005882352941176470588
2379;4376;0,005882352941176470588
2379;4398;0,005882352941176470588
2379;4513;0,005882352941176470588
2379;4592;0,005882352941176470588
2379;4613;0,005882352941176470588
2379;4713;0,005882352941176470588
2379;5174;0,005882352941176470588
2379;5289;0,005882352941176470588
2379;5430;0,005882352941176470588
2379;5500;0,005882352941176470588
2379;5861;0,005882352941176470588
2379;6007;0,005882352941176470588
2379;6008;0,005882352941176470588
2379;6105;0,005882352941176470588
2379;6347;0,005882352941176470588
2379;6535;0,005882352941176470588
2379;6979;0,005882352941176470588
2379;6980;0,005882352941176470588
2379;6981;0,005882352941176470588
2379;7049;0,005882352941176470588
2379;7116;0,005882352941176470588
2379;7160;0,005882352941176470588
2379;7334;0,005882352941176470588
2379;8095;0,005882352941176470588
2379;8630;0,005882352941176470588
2379;9125;0,005882352941176470588
2379;9258;0,005882352941176470588
2379;9330;0,005882352941176470588
2379;9691;0,005882352941176470588
2379;10018;0,005882352941176470588
2379;10019;0,005882352941176470588
2379;10020;0,005882352941176470588
2379;10021;0,005882352941176470588
2379;10197;0,005882352941176470588
2379;10595;0,005882352941176470588
2379;11680;0,011764705882352941176
2379;12907;0,005882352941176470588
2379;13294;0,005882352941176470588
2379;13671;0,005882352941176470588
2379;13673;0,005882352941176470588
2379;13674;0,005882352941176470588
2379;13675;0,005882352941176470588
2379;13676;0,005882352941176470588
2379;17388;0,005882352941176470588
2379;23419;0,005882352941176470588
2379;23646;0,005882352941176470588
2379;23719;0,005882352941176470588
2379;23720;0,005882352941176470588
2379;23735;0,005882352941176470588
2379;24370;0,005882352941176470588
2379;216172;0,005882352941176470588
2379;281067;0,005882352941176470588
2379;281170;0,005882352941176470588
2379;284426;0,005882352941176470588
2379;321112;0,005882352941176470588
2380;1839;1,000000000000000000000
2383;4885;1,000000000000000000000
2390;1520;0,500000000000000000000
2390;4592;0,500000000000000000000
2419;1771;0,076923076923076923076
2419;2826;0,076923076923076923076
2419;3473;0,076923076923076923076
2419;3823;0,076923076923076923076
2419;4222;0,153846153846153846153
2419;7874;0,076923076923076923076
2419;7994;0,230769230769230769230
2419;10176;0,230769230769230769230
2422;1041;0,250000000000000000000
2422;1042;0,500000000000000000000
2422;2275;0,250000000000000000000
2424;2275;1,000000000000000000000
2428;1111;0,500000000000000000000
2428;2164;0,500000000000000000000
2433;11656;1,000000000000000000000
2434;1286;1,000000000000000000000
2436;219;0,500000000000000000000
2436;2518;0,500000000000000000000
2438;6694;0,750000000000000000000
2438;10080;0,250000000000000000000
2440;7920;1,000000000000000000000
2445;318;0,142857142857142857142
2445;2099;0,142857142857142857142
2445;2191;0,142857142857142857142
2445;3802;0,571428571428571428571
2464;1142;0,125000000000000000000
2464;2741;0,125000000000000000000
2464;6027;0,125000000000000000000
2464;6543;0,125000000000000000000
2464;30415;0,250000000000000000000
2464;152076;0,250000000000000000000
2474;267;1,000000000000000000000
2479;2803;0,500000000000000000000
2479;3996;0,500000000000000000000
2484;4355;0,666666666666666666666
2484;5329;0,333333333333333333333
2488;317;1,000000000000000000000
2489;855;0,166666666666666666666
2489;1439;0,166666666666666666666
2489;1440;0,333333333333333333333
2489;3256;0,166666666666666666666
2489;7030;0,166666666666666666666
2498;244;0,250000000000000000000
2498;4538;0,500000000000000000000
2498;59745;0,250000000000000000000
2503;5367;1,000000000000000000000
2504;2239;0,166666666666666666666
2504;8143;0,333333333333333333333
2504;13265;0,166666666666666666666
2504;512736;0,333333333333333333333
2515;12907;1,000000000000000000000
2518;2436;0,500000000000000000000
2518;321395;0,500000000000000000000
2520;1459;1,000000000000000000000
2543;4100;0,500000000000000000000
2543;365534;0,500000000000000000000
2551;4621;0,500000000000000000000
2551;589508;0,500000000000000000000
2555;3876;0,666666666666666666666
2555;11231;0,333333333333333333333
2559;855;1,000000000000000000000
2569;3962;1,000000000000000000000
2576;38;0,500000000000000000000
2576;1160;0,500000000000000000000
2578;768;0,500000000000000000000
2578;4361;0,500000000000000000000
2585;407;1,000000000000000000000
2591;1085;0,300000000000000000000
2591;2176;0,100000000000000000000
2591;2559;0,300000000000000000000
2591;3859;0,200000000000000000000
2591;9296;0,100000000000000000000
2596;527;0,500000000000000000000
2596;613;0,250000000000000000000
2596;3320;0,250000000000000000000
2600;91818;0,500000000000000000000
2600;442814;0,500000000000000000000
2630;458;0,500000000000000000000
2630;3829;0,500000000000000000000
2639;39;1,000000000000000000000
2647;484;1,000000000000000000000
2655;285;0,250000000000000000000
2655;1515;0,250000000000000000000
2655;4117;0,500000000000000000000
2657;558;0,166666666666666666666
2657;851;0,333333333333333333333
2657;1035;0,333333333333333333333
2657;374246;0,166666666666666666666
2659;315;0,800000000000000000000
2659;1225;0,200000000000000000000
2661;1149;0,200000000000000000000
2661;4355;0,200000000000000000000
2661;5089;0,400000000000000000000
2661;7160;0,200000000000000000000
2678;288;0,052631578947368421052
2678;545;0,052631578947368421052
2678;891;0,052631578947368421052
2678;1497;0,052631578947368421052
2678;1824;0,052631578947368421052
2678;2337;0,052631578947368421052
2678;2343;0,052631578947368421052
2678;3978;0,052631578947368421052
2678;4657;0,052631578947368421052
2678;4794;0,052631578947368421052
2678;5915;0,052631578947368421052
2678;7859;0,052631578947368421052
2678;8348;0,157894736842105263157
2678;10860;0,157894736842105263157
2678;12385;0,052631578947368421052
2684;113;0,062500000000000000000
2684;826;0,062500000000000000000
2684;980;0,312500000000000000000
2684;1234;0,062500000000000000000
2684;1235;0,031250000000000000000
2684;1236;0,031250000000000000000
2684;1237;0,062500000000000000000
2684;1277;0,031250000000000000000
2684;1591;0,062500000000000000000
2684;1931;0,062500000000000000000
2684;2111;0,125000000000000000000
2684;4020;0,031250000000000000000
2684;10188;0,031250000000000000000
2684;21154;0,031250000000000000000
2694;375;0,333333333333333333333
2694;417;0,333333333333333333333
2694;1135;0,333333333333333333333
2697;846;0,166666666666666666666
2697;1066;0,166666666666666666666
2697;2146;0,166666666666666666666
2697;4147;0,166666666666666666666
2697;5459;0,166666666666666666666
2697;533247;0,166666666666666666666
2706;3234;1,000000000000000000000
2712;213;0,200000000000000000000
2712;1637;0,800000000000000000000
2713;250;0,047619047619047619047
2713;267;0,047619047619047619047
2713;1149;0,047619047619047619047
2713;1160;0,142857142857142857142
2713;1523;0,047619047619047619047
2713;1889;0,047619047619047619047
2713;2661;0,047619047619047619047
2713;2714;0,047619047619047619047
2713;3873;0,047619047619047619047
2713;4513;0,047619047619047619047
2713;4613;0,047619047619047619047
2713;5430;0,047619047619047619047
2713;5861;0,047619047619047619047
2713;6347;0,047619047619047619047
2713;6535;0,047619047619047619047
2713;7160;0,047619047619047619047
2713;7334;0,047619047619047619047
2713;10595;0,047619047619047619047
2713;28997;0,047619047619047619047
2714;250;0,029411764705882352941
2714;1149;0,117647058823529411764
2714;1160;0,029411764705882352941
2714;1513;0,029411764705882352941
2714;1523;0,029411764705882352941
2714;1814;0,029411764705882352941
2714;2379;0,176470588235294117647
2714;2398;0,058823529411764705882
2714;2661;0,029411764705882352941
2714;2713;0,029411764705882352941
2714;3838;0,058823529411764705882
2714;3873;0,029411764705882352941
2714;4187;0,029411764705882352941
2714;4513;0,029411764705882352941
2714;4613;0,029411764705882352941
2714;5430;0,029411764705882352941
2714;5861;0,029411764705882352941
2714;6008;0,029411764705882352941
2714;6347;0,029411764705882352941
2714;6535;0,029411764705882352941
2714;7160;0,029411764705882352941
2714;7334;0,029411764705882352941
2714;10595;0,029411764705882352941
2714;28997;0,029411764705882352941
2716;2523;0,250000000000000000000
2716;3381;0,250000000000000000000
2716;10197;0,500000000000000000000
2737;5530;1,000000000000000000000
2740;242;1,000000000000000000000
2741;11;0,250000000000000000000
2741;2756;0,250000000000000000000
2741;4553;0,250000000000000000000
2741;8489;0,250000000000000000000
2746;7699;1,000000000000000000000
2756;253;0,500000000000000000000
2756;9714;0,500000000000000000000
2772;5918;1,000000000000000000000
2778;1877;0,400000000000000000000
2778;3968;0,200000000000000000000
2778;11656;0,400000000000000000000
2786;965;0,625000000000000000000
2786;1162;0,125000000000000000000
2786;1681;0,125000000000000000000
2786;2512;0,125000000000000000000
2792;320;0,666666666666666666666
2792;4244;0,333333333333333333333
2800;2048;0,250000000000000000000
2800;2210;0,250000000000000000000
2800;5613;0,250000000000000000000
2800;283638;0,250000000000000000000
2802;3996;0,571428571428571428571
2802;4159;0,142857142857142857142
2802;6496;0,142857142857142857142
2802;16786;0,142857142857142857142
2803;16;0,011235955056179775280
2803;57;0,011235955056179775280
2803;71;0,011235955056179775280
2803;82;0,011235955056179775280
2803;89;0,011235955056179775280
2803;129;0,011235955056179775280
2803;234;0,011235955056179775280
2803;309;0,011235955056179775280
2803;369;0,016853932584269662921
2803;644;0,011235955056179775280
2803;645;0,011235955056179775280
2803;827;0,011235955056179775280
2803;835;0,011235955056179775280
2803;890;0,011235955056179775280
2803;1022;0,011235955056179775280
2803;1040;0,011235955056179775280
2803;1143;0,016853932584269662921
2803;1152;0,011235955056179775280
2803;1231;0,011235955056179775280
2803;1276;0,011235955056179775280
2803;1612;0,011235955056179775280
2803;1657;0,011235955056179775280
2803;1948;0,011235955056179775280
2803;2109;0,011235955056179775280
2803;2355;0,011235955056179775280
2803;2414;0,011235955056179775280
2803;2479;0,016853932584269662921
2803;2487;0,011235955056179775280
2803;2736;0,011235955056179775280
2803;2739;0,011235955056179775280
2803;2802;0,011235955056179775280
2803;3098;0,011235955056179775280
2803;3123;0,011235955056179775280
2803;3128;0,011235955056179775280
2803;3141;0,016853932584269662921
2803;3145;0,016853932584269662921
2803;3237;0,011235955056179775280
2803;3399;0,011235955056179775280
2803;3574;0,011235955056179775280
2803;3852;0,011235955056179775280
2803;3953;0,011235955056179775280
2803;3967;0,011235955056179775280
2803;3996;0,011235955056179775280
2803;4024;0,016853932584269662921
2803;4159;0,011235955056179775280
2803;4160;0,011235955056179775280
2803;4306;0,011235955056179775280
2803;4501;0,011235955056179775280
2803;4695;0,011235955056179775280
2803;4852;0,005617977528089887640
2803;4853;0,011235955056179775280
2803;5136;0,011235955056179775280
2803;5306;0,011235955056179775280
2803;5338;0,011235955056179775280
2803;5607;0,011235955056179775280
2803;6027;0,005617977528089887640
2803;6045;0,011235955056179775280
2803;6495;0,016853932584269662921
2803;6496;0,011235955056179775280
2803;6497;0,011235955056179775280
2803;6498;0,016853932584269662921
2803;6499;0,011235955056179775280
2803;6501;0,011235955056179775280
2803;6502;0,011235955056179775280
2803;6503;0,016853932584269662921
2803;6504;0,011235955056179775280
2803;6505;0,011235955056179775280
2803;6509;0,011235955056179775280
2803;6511;0,011235955056179775280
2803;6512;0,011235955056179775280
2803;6513;0,011235955056179775280
2803;6514;0,011235955056179775280
2803;6515;0,011235955056179775280
2803;6517;0,011235955056179775280
2803;6518;0,011235955056179775280
2803;6520;0,011235955056179775280
2803;6523;0,011235955056179775280
2803;6524;0,011235955056179775280
2803;6527;0,011235955056179775280
2803;7686;0,011235955056179775280
2803;8238;0,011235955056179775280
2803;9968;0,005617977528089887640
2803;16786;0,005617977528089887640
2803;33180;0,005617977528089887640
2803;44211;0,011235955056179775280
2803;140271;0,011235955056179775280
2803;237945;0,005617977528089887640
2803;328404;0,005617977528089887640
2807;1600;1,000000000000000000000
2826;127;0,250000000000000000000
2826;1020;0,083333333333333333333
2826;1321;0,250000000000000000000
2826;1706;0,083333333333333333333
2826;2825;0,333333333333333333333
2830;2738;0,500000000000000000000
2830;20801;0,500000000000000000000
2832;2657;0,200000000000000000000
2832;3748;0,200000000000000000000
2832;6316;0,400000000000000000000
2832;9438;0,200000000000000000000
2834;131;0,166666666666666666666
2834;292;0,166666666666666666666
2834;468;0,500000000000000000000
2834;846;0,166666666666666666666
2850;748;0,142857142857142857142
2850;1307;0,142857142857142857142
2850;1585;0,142857142857142857142
2850;2176;0,285714285714285714285
2850;3342;0,142857142857142857142
2850;3911;0,142857142857142857142
2852;984;1,000000000000000000000
2853;4553;1,000000000000000000000
2865;5054;0,333333333333333333333
2865;12826;0,333333333333333333333
2865;12964;0,333333333333333333333
2877;7072;1,000000000000000000000
2884;14013;1,000000000000000000000
2887;1606;1,000000000000000000000
2890;1565;0,500000000000000000000
2890;4085;0,166666666666666666666
2890;10177;0,333333333333333333333
2897;1092;0,666666666666666666666
2897;12159;0,333333333333333333333
2916;733;1,000000000000000000000
2921;3176;0,500000000000000000000
2921;184987;0,500000000000000000000
2929;2914;1,000000000000000000000
2939;733;0,428571428571428571428
2939;2948;0,428571428571428571428
2939;13537;0,142857142857142857142
2948;2939;0,500000000000000000000
2948;2950;0,500000000000000000000
2976;2196;0,500000000000000000000
2976;3359;0,500000000000000000000
2990;1448;0,333333333333333333333
2990;3235;0,333333333333333333333
2990;4777;0,333333333333333333333
3007;600;1,000000000000000000000
3015;543;1,000000000000000000000
3022;399;0,333333333333333333333
3022;411;0,333333333333333333333
3022;945;0,333333333333333333333
3024;1138;1,000000000000000000000
3033;1866;1,000000000000000000000
3045;249;0,214285714285714285714
3045;267;0,071428571428571428571
3045;1591;0,142857142857142857142
3045;2379;0,071428571428571428571
3045;2714;0,071428571428571428571
3045;7116;0,285714285714285714285
3045;10020;0,142857142857142857142
3049;8957;0,500000000000000000000
3049;114536;0,500000000000000000000
3085;960;0,041666666666666666666
3085;964;0,041666666666666666666
3085;1122;0,083333333333333333333
3085;1314;0,041666666666666666666
3085;1401;0,041666666666666666666
3085;1657;0,041666666666666666666
3085;1689;0,041666666666666666666
3085;2139;0,041666666666666666666
3085;2191;0,041666666666666666666
3085;2212;0,041666666666666666666
3085;2697;0,083333333333333333333
3085;4146;0,083333333333333333333
3085;4147;0,041666666666666666666
3085;5367;0,041666666666666666666
3085;5691;0,041666666666666666666
3085;7711;0,041666666666666666666
3085;8081;0,041666666666666666666
3085;9356;0,041666666666666666666
3085;10658;0,041666666666666666666
3085;17773;0,041666666666666666666
3085;26479;0,041666666666666666666
3087;1824;1,000000000000000000000
3095;249;0,043478260869565217391
3095;396;0,043478260869565217391
3095;522;0,043478260869565217391
3095;558;0,043478260869565217391
3095;891;0,043478260869565217391
3095;945;0,043478260869565217391
3095;964;0,043478260869565217391
3095;990;0,043478260869565217391
3095;1064;0,043478260869565217391
3095;1314;0,043478260869565217391
3095;2080;0,043478260869565217391
3095;2184;0,043478260869565217391
3095;2644;0,043478260869565217391
3095;3096;0,043478260869565217391
3095;3097;0,043478260869565217391
3095;3098;0,043478260869565217391
3095;3099;0,043478260869565217391
3095;3100;0,043478260869565217391
3095;22123;0,086956521739130434782
3095;41776;0,086956521739130434782
3095;59745;0,043478260869565217391
3096;5526;0,500000000000000000000
3096;13158;0,500000000000000000000
3098;835;0,400000000000000000000
3098;5440;0,200000000000000000000
3098;6496;0,200000000000000000000
3098;140271;0,200000000000000000000
3103;540;0,250000000000000000000
3103;1448;0,250000000000000000000
3103;3234;0,250000000000000000000
3103;245879;0,250000000000000000000
3104;9274;0,500000000000000000000
3104;28550;0,500000000000000000000
3105;1254;0,333333333333333333333
3105;4786;0,333333333333333333333
3105;119973;0,333333333333333333333
3118;2128;0,500000000000000000000
3118;3340;0,500000000000000000000
3123;1948;0,333333333333333333333
3123;3141;0,333333333333333333333
3123;4159;0,333333333333333333333
3141;309;0,166666666666666666666
3141;1231;0,166666666666666666666
3141;2736;0,166666666666666666666
3141;3142;0,166666666666666666666
3141;3268;0,166666666666666666666
3141;333343;0,166666666666666666666
3142;527;1,000000000000000000000
3143;853;0,250000000000000000000
3143;1280;0,250000000000000000000
3143;3273;0,250000000000000000000
3143;7416;0,250000000000000000000
3145;333343;1,000000000000000000000
3164;652;1,000000000000000000000
3169;35;0,250000000000000000000
3169;4991;0,250000000000000000000
3169;6929;0,500000000000000000000
3176;17281;0,500000000000000000000
3176;17521;0,500000000000000000000
3178;1425;0,125000000000000000000
3178;2494;0,125000000000000000000
3178;2877;0,125000000000000000000
3178;3197;0,062500000000000000000
3178;4145;0,062500000000000000000
3178;7072;0,125000000000000000000
3178;7095;0,125000000000000000000
3178;9288;0,062500000000000000000
3178;28462;0,062500000000000000000
3178;28465;0,125000000000000000000
3188;1325;1,000000000000000000000
3189;1724;0,200000000000000000000
3189;1967;0,200000000000000000000
3189;4020;0,200000000000000000000
3189;18641;0,200000000000000000000
3189;131383;0,200000000000000000000
3197;7095;0,500000000000000000000
3197;9288;0,500000000000000000000
3212;864;0,200000000000000000000
3212;1288;0,200000000000000000000
3212;4629;0,200000000000000000000
3212;13452;0,200000000000000000000
3212;28615;0,200000000000000000000
3214;8396;1,000000000000000000000
3222;1092;0,333333333333333333333
3222;2897;0,333333333333333333333
3222;12159;0,333333333333333333333
3230;132;0,266666666666666666666
3230;550;0,133333333333333333333
3230;596;0,066666666666666666666
3230;658;0,133333333333333333333
3230;1319;0,066666666666666666666
3230;2509;0,066666666666666666666
3230;2882;0,066666666666666666666
3230;4472;0,066666666666666666666
3230;256804;0,133333333333333333333
3233;244;0,250000000000000000000
3233;990;0,250000000000000000000
3233;6353;0,500000000000000000000
3245;2293;0,333333333333333333333
3245;3633;0,333333333333333333333
3245;283638;0,333333333333333333333
3250;1100;1,000000000000000000000
3251;10892;1,000000000000000000000
3256;1589;0,333333333333333333333
3256;2489;0,166666666666666666666
3256;3877;0,166666666666666666666
3256;9356;0,166666666666666666666
3256;666007;0,166666666666666666666
3260;420;0,166666666666666666666
3260;527;0,166666666666666666666
3260;669;0,333333333333333333333
3260;1080;0,166666666666666666666
3260;5016;0,166666666666666666666
3265;1713;0,800000000000000000000
3265;4293;0,200000000000000000000
3268;3141;1,000000000000000000000
3278;10255;1,000000000000000000000
3293;2130;1,000000000000000000000
3296;373;0,090909090909090909090
3296;496;0,090909090909090909090
3296;497;0,181818181818181818181
3296;1101;0,181818181818181818181
3296;2037;0,090909090909090909090
3296;4500;0,090909090909090909090
3296;5219;0,090909090909090909090
3296;9432;0,090909090909090909090
3296;10946;0,090909090909090909090
3301;3636;0,333333333333333333333
3301;7774;0,333333333333333333333
3301;11330;0,333333333333333333333
3318;5125;0,333333333333333333333
3318;7095;0,333333333333333333333
3318;13704;0,333333333333333333333
3320;527;0,200000000000000000000
3320;2596;0,400000000000000000000
3320;3811;0,200000000000000000000
3320;9668;0,200000000000000000000
3340;135;0,058823529411764705882
3340;371;0,235294117647058823529
3340;855;0,058823529411764705882
3340;885;0,058823529411764705882
3340;2128;0,058823529411764705882
3340;2489;0,176470588235294117647
3340;2647;0,058823529411764705882
3340;3118;0,058823529411764705882
3340;3348;0,058823529411764705882
3340;3891;0,176470588235294117647
3348;3340;1,000000000000000000000
3356;524;0,250000000000000000000
3356;866;0,250000000000000000000
3356;7939;0,250000000000000000000
3356;9026;0,250000000000000000000
3359;1321;0,068965517241379310344
3359;1685;0,172413793103448275862
3359;1707;0,034482758620689655172
3359;2195;0,206896551724137931034
3359;2506;0,172413793103448275862
3359;2991;0,034482758620689655172
3359;5753;0,137931034482758620689
3359;8071;0,068965517241379310344
3359;10093;0,034482758620689655172
3359;140271;0,068965517241379310344
3383;1515;1,000000000000000000000
3392;4777;1,000000000000000000000
3393;1235;0,500000000000000000000
3393;6723;0,500000000000000000000
3394;425;0,333333333333333333333
3394;441;0,333333333333333333333
3394;4510;0,333333333333333333333
3395;72;0,333333333333333333333
3395;517;0,333333333333333333333
3395;474028;0,333333333333333333333
3399;6505;1,000000000000000000000
3401;343424;1,000000000000000000000
3403;1549;1,000000000000000000000
3408;12664;1,000000000000000000000
3411;2578;1,000000000000000000000
3414;4262;1,000000000000000000000
3417;488062;1,000000000000000000000
3420;9356;1,000000000000000000000
3426;2164;0,333333333333333333333
3426;5005;0,333333333333333333333
3426;13385;0,333333333333333333333
3427;174;0,250000000000000000000
3427;934;0,125000000000000000000
3427;1064;0,125000000000000000000
3427;1454;0,125000000000000000000
3427;50905;0,125000000000000000000
3427;114536;0,250000000000000000000
3429;1149;0,333333333333333333333
3429;1889;0,333333333333333333333
3429;4613;0,333333333333333333333
3443;80;0,133333333333333333333
3443;502;0,133333333333333333333
3443;668;0,066666666666666666666
3443;876;0,066666666666666666666
3443;1131;0,066666666666666666666
3443;1248;0,066666666666666666666
3443;2518;0,066666666666666666666
3443;3515;0,066666666666666666666
3443;3625;0,066666666666666666666
3443;321395;0,266666666666666666666
3450;9019;1,000000000000000000000
3458;12572;0,500000000000000000000
3458;13796;0,500000000000000000000
3465;671;0,500000000000000000000
3465;904;0,500000000000000000000
3473;678;0,200000000000000000000
3473;3234;0,600000000000000000000
3473;4592;0,200000000000000000000
3476;1218;1,000000000000000000000
3477;1218;1,000000000000000000000
3485;615;0,500000000000000000000
3485;5042;0,500000000000000000000
3496;1135;1,000000000000000000000
3499;576;0,666666666666666666666
3499;12572;0,333333333333333333333
3500;4271;0,500000000000000000000
3500;12907;0,500000000000000000000
3515;502;0,666666666666666666666
3515;1754;0,333333333333333333333
3523;695;0,333333333333333333333
3523;1196;0,333333333333333333333
3523;1946;0,111111111111111111111
3523;59745;0,111111111111111111111
3523;98841;0,111111111111111111111
3528;42;0,200000000000000000000
3528;2464;0,200000000000000000000
3528;2741;0,200000000000000000000
3528;3219;0,200000000000000000000
3528;5373;0,200000000000000000000
3551;1010;0,500000000000000000000
3551;5800;0,500000000000000000000
3560;6000;1,000000000000000000000
3575;2;0,004524886877828054298
3575;510;0,004524886877828054298
3575;546;0,004524886877828054298
3575;740;0,004524886877828054298
3575;1145;0,004524886877828054298
3575;1175;0,004524886877828054298
3575;1267;0,004524886877828054298
3575;1352;0,004524886877828054298
3575;1408;0,004524886877828054298
3575;1524;0,004524886877828054298
3575;1569;0,004524886877828054298
3575;1902;0,004524886877828054298
3575;1903;0,004524886877828054298
3575;1913;0,004524886877828054298
3575;3100;0,004524886877828054298
3575;3153;0,004524886877828054298
3575;3463;0,004524886877828054298
3575;3975;0,004524886877828054298
3575;3976;0,004524886877828054298
3575;4058;0,004524886877828054298
3575;4305;0,004524886877828054298
3575;4583;0,004524886877828054298
3575;4803;0,004524886877828054298
3575;4942;0,004524886877828054298
3575;5349;0,004524886877828054298
3575;5354;0,004524886877828054298
3575;5386;0,004524886877828054298
3575;5511;0,004524886877828054298
3575;5610;0,004524886877828054298
3575;5660;0,004524886877828054298
3575;5851;0,004524886877828054298
3575;5909;0,004524886877828054298
3575;5960;0,013574660633484162895
3575;6622;0,004524886877828054298
3575;7260;0,004524886877828054298
3575;7630;0,004524886877828054298
3575;8056;0,004524886877828054298
3575;8715;0,004524886877828054298
3575;8762;0,004524886877828054298
3575;8829;0,004524886877828054298
3575;8834;0,004524886877828054298
3575;8838;0,004524886877828054298
3575;8840;0,004524886877828054298
3575;8849;0,004524886877828054298
3575;8859;0,004524886877828054298
3575;8860;0,004524886877828054298
3575;8861;0,004524886877828054298
3575;9015;0,004524886877828054298
3575;9350;0,004524886877828054298
3575;9665;0,004524886877828054298
3575;9898;0,004524886877828054298
3575;10719;0,004524886877828054298
3575;10941;0,004524886877828054298
3575;11675;0,004524886877828054298
3575;12165;0,004524886877828054298
3575;12579;0,004524886877828054298
3575;12698;0,004524886877828054298
3575;12805;0,004524886877828054298
3575;13074;0,004524886877828054298
3575;13239;0,004524886877828054298
3575;13472;0,004524886877828054298
3575;13502;0,004524886877828054298
3575;13579;0,004524886877828054298
3575;13580;0,004524886877828054298
3575;13582;0,004524886877828054298
3575;13584;0,004524886877828054298
3575;13644;0,004524886877828054298
3575;13809;0,004524886877828054298
3575;14048;0,004524886877828054298
3575;14072;0,004524886877828054298
3575;14184;0,004524886877828054298
3575;14266;0,004524886877828054298
3575;14827;0,004524886877828054298
3575;16815;0,004524886877828054298
3575;16873;0,004524886877828054298
3575;16880;0,004524886877828054298
3575;17352;0,004524886877828054298
3575;18398;0,004524886877828054298
3575;19328;0,004524886877828054298
3575;19332;0,004524886877828054298
3575;19582;0,004524886877828054298
3575;19707;0,004524886877828054298
3575;20403;0,004524886877828054298
3575;20476;0,004524886877828054298
3575;20668;0,004524886877828054298
3575;21507;0,004524886877828054298
3575;22690;0,004524886877828054298
3575;23228;0,004524886877828054298
3575;23759;0,004524886877828054298
3575;25653;0,004524886877828054298
3575;26149;0,004524886877828054298
3575;26479;0,004524886877828054298
3575;27170;0,004524886877828054298
3575;27239;0,004524886877828054298
3575;27480;0,004524886877828054298
3575;27640;0,004524886877828054298
3575;27671;0,004524886877828054298
3575;27699;0,004524886877828054298
3575;27807;0,004524886877828054298
3575;27811;0,004524886877828054298
3575;27812;0,004524886877828054298
3575;27813;0,004524886877828054298
3575;27814;0,004524886877828054298
3575;27815;0,004524886877828054298
3575;27819;0,004524886877828054298
3575;27821;0,004524886877828054298
3575;27822;0,004524886877828054298
3575;27823;0,004524886877828054298
3575;27824;0,004524886877828054298
3575;27825;0,004524886877828054298
3575;27826;0,004524886877828054298
3575;27830;0,004524886877828054298
3575;27831;0,004524886877828054298
3575;27832;0,004524886877828054298
3575;27836;0,004524886877828054298
3575;27839;0,004524886877828054298
3575;27927;0,004524886877828054298
3575;27929;0,004524886877828054298
3575;27930;0,004524886877828054298
3575;27931;0,004524886877828054298
3575;27932;0,004524886877828054298
3575;27935;0,004524886877828054298
3575;27936;0,004524886877828054298
3575;27945;0,004524886877828054298
3575;27946;0,004524886877828054298
3575;27947;0,004524886877828054298
3575;27948;0,004524886877828054298
3575;27949;0,004524886877828054298
3575;27950;0,004524886877828054298
3575;27951;0,004524886877828054298
3575;27952;0,004524886877828054298
3575;27953;0,004524886877828054298
3575;27955;0,004524886877828054298
3575;27957;0,004524886877828054298
3575;27958;0,004524886877828054298
3575;27959;0,004524886877828054298
3575;27960;0,004524886877828054298
3575;27962;0,004524886877828054298
3575;27963;0,004524886877828054298
3575;27965;0,004524886877828054298
3575;27966;0,004524886877828054298
3575;27967;0,004524886877828054298
3575;27968;0,004524886877828054298
3575;27971;0,004524886877828054298
3575;27973;0,004524886877828054298
3575;27974;0,004524886877828054298
3575;27975;0,004524886877828054298
3575;27976;0,004524886877828054298
3575;27977;0,004524886877828054298
3575;27978;0,004524886877828054298
3575;27979;0,004524886877828054298
3575;27982;0,004524886877828054298
3575;27983;0,004524886877828054298
3575;27984;0,004524886877828054298
3575;27986;0,004524886877828054298
3575;27987;0,004524886877828054298
3575;27988;0,004524886877828054298
3575;27989;0,004524886877828054298
3575;27990;0,004524886877828054298
3575;27993;0,004524886877828054298
3575;27995;0,004524886877828054298
3575;27997;0,004524886877828054298
3575;27998;0,004524886877828054298
3575;27999;0,004524886877828054298
3575;28002;0,004524886877828054298
3575;28003;0,004524886877828054298
3575;28004;0,004524886877828054298
3575;28005;0,004524886877828054298
3575;28009;0,004524886877828054298
3575;28010;0,004524886877828054298
3575;28011;0,004524886877828054298
3575;28012;0,004524886877828054298
3575;28013;0,004524886877828054298
3575;28014;0,004524886877828054298
3575;28017;0,004524886877828054298
3575;28018;0,004524886877828054298
3575;28019;0,004524886877828054298
3575;28021;0,004524886877828054298
3575;28022;0,004524886877828054298
3575;28023;0,004524886877828054298
3575;28026;0,004524886877828054298
3575;28027;0,004524886877828054298
3575;28028;0,004524886877828054298
3575;28029;0,004524886877828054298
3575;28030;0,004524886877828054298
3575;28031;0,004524886877828054298
3575;28032;0,004524886877828054298
3575;28033;0,004524886877828054298
3575;28036;0,004524886877828054298
3575;28037;0,004524886877828054298
3575;28038;0,004524886877828054298
3575;28039;0,004524886877828054298
3575;28040;0,004524886877828054298
3575;28043;0,004524886877828054298
3575;28048;0,004524886877828054298
3575;28049;0,004524886877828054298
3575;28050;0,004524886877828054298
3575;28051;0,004524886877828054298
3575;28073;0,004524886877828054298
3575;28074;0,004524886877828054298
3575;28075;0,004524886877828054298
3575;28076;0,004524886877828054298
3575;28077;0,004524886877828054298
3575;28078;0,004524886877828054298
3575;28079;0,004524886877828054298
3575;28081;0,004524886877828054298
3575;28157;0,004524886877828054298
3575;28742;0,004524886877828054298
3575;28859;0,004524886877828054298
3575;28860;0,004524886877828054298
3575;28886;0,004524886877828054298
3575;28894;0,004524886877828054298
3575;28922;0,004524886877828054298
3575;28931;0,004524886877828054298
3575;28932;0,004524886877828054298
3575;28934;0,004524886877828054298
3575;28936;0,004524886877828054298
3575;28940;0,004524886877828054298
3575;103474;0,004524886877828054298
3586;248834;1,000000000000000000000
3588;525;1,000000000000000000000
3591;192;0,428571428571428571428
3591;2272;0,142857142857142857142
3591;10946;0,428571428571428571428
3608;37812;1,000000000000000000000
3610;1939;1,000000000000000000000
3625;502;0,333333333333333333333
3625;3443;0,333333333333333333333
3625;321395;0,333333333333333333333
3633;3245;0,800000000000000000000
3633;283638;0,200000000000000000000
3656;1160;1,000000000000000000000
3680;1754;0,500000000000000000000
3680;1866;0,500000000000000000000
3685;5627;0,333333333333333333333
3685;8267;0,333333333333333333333
3685;8306;0,333333333333333333333
3697;1218;1,000000000000000000000
3748;4525;1,000000000000000000000
3753;237;0,083333333333333333333
3753;249;0,166666666666666666666
3753;5578;0,750000000000000000000
3763;727;0,250000000000000000000
3763;1307;0,250000000000000000000
3763;3508;0,250000000000000000000
3763;4004;0,250000000000000000000
3791;22123;1,000000000000000000000
3793;27175;1,000000000000000000000
3800;4755;1,000000000000000000000
3802;1949;0,125000000000000000000
3802;2099;0,125000000000000000000
3802;2445;0,375000000000000000000
3802;7866;0,125000000000000000000
3802;59745;0,125000000000000000000
3802;374246;0,125000000000000000000
3809;294;0,333333333333333333333
3809;1010;0,666666666666666666666
3811;527;0,500000000000000000000
3811;3320;0,500000000000000000000
3829;774;0,333333333333333333333
3829;882;0,333333333333333333333
3829;2630;0,333333333333333333333
3838;2714;0,333333333333333333333
3838;3234;0,166666666666666666666
3838;6723;0,500000000000000000000
3842;127;0,083333333333333333333
3842;5010;0,166666666666666666666
3842;5037;0,416666666666666666666
3842;5392;0,166666666666666666666
3842;6433;0,166666666666666666666
3850;1162;1,000000000000000000000
3852;645;0,333333333333333333333
3852;1657;0,666666666666666666666
3857;96;0,600000000000000000000
3857;3174;0,400000000000000000000
3859;1503;0,500000000000000000000
3859;2591;0,500000000000000000000
3867;267;0,500000000000000000000
3867;615;0,500000000000000000000
3869;2474;1,000000000000000000000
3872;241;1,000000000000000000000
3876;2555;1,000000000000000000000
3891;3340;1,000000000000000000000
3911;2850;1,000000000000000000000
3957;12706;1,000000000000000000000
3968;1877;0,500000000000000000000
3968;11656;0,500000000000000000000
3971;2976;1,000000000000000000000
3975;420;0,500000000000000000000
3975;1145;0,500000000000000000000
3980;4374;1,000000000000000000000
3996;2487;0,333333333333333333333
3996;2802;0,666666666666666666666
3998;9217;0,500000000000000000000
3998;9392;0,500000000000000000000
4000;1293;1,000000000000000000000
4020;135;0,250000000000000000000
4020;3189;0,250000000000000000000
4020;12816;0,500000000000000000000
4024;6496;1,000000000000000000000
4059;1196;1,000000000000000000000
4078;6000;1,000000000000000000000
4086;2043;1,000000000000000000000
4094;2916;0,333333333333333333333
4094;3399;0,666666666666666666666
4100;5481;1,000000000000000000000
4117;251;0,300000000000000000000
4117;284;0,100000000000000000000
4117;787;0,100000000000000000000
4117;2510;0,100000000000000000000
4117;2655;0,200000000000000000000
4117;3459;0,100000000000000000000
4117;4592;0,100000000000000000000
4132;12964;0,750000000000000000000
4132;27557;0,250000000000000000000
4145;2175;0,181818181818181818181
4145;7095;0,181818181818181818181
4145;65998;0,363636363636363636363
4145;66075;0,272727272727272727272
4146;4414;0,500000000000000000000
4146;28250;0,500000000000000000000
4147;965;0,083333333333333333333
4147;1066;0,083333333333333333333
4147;2146;0,166666666666666666666
4147;2697;0,416666666666666666666
4147;3085;0,083333333333333333333
4147;533247;0,166666666666666666666
4159;1171;0,500000000000000000000
4159;4274;0,500000000000000000000
4172;7866;1,000000000000000000000
4173;668;0,400000000000000000000
4173;933;0,200000000000000000000
4173;507180;0,400000000000000000000
4187;2379;1,000000000000000000000
4213;1515;0,250000000000000000000
4213;4398;0,250000000000000000000
4213;4777;0,250000000000000000000
4213;27674;0,250000000000000000000
4225;761;0,200000000000000000000
4225;1949;0,200000000000000000000
4225;4622;0,600000000000000000000
4228;793;1,000000000000000000000
4229;901;1,000000000000000000000
4240;5691;0,500000000000000000000
4240;8723;0,500000000000000000000
4244;2792;1,000000000000000000000
4245;1700;0,500000000000000000000
4245;4085;0,500000000000000000000
4257;2199;1,000000000000000000000
4262;911;0,125000000000000000000
4262;3414;0,812500000000000000000
4262;9184;0,062500000000000000000
4269;6468;0,500000000000000000000
4269;484680;0,500000000000000000000
4278;538;0,750000000000000000000
4278;1850;0,250000000000000000000
4280;4281;1,000000000000000000000
4281;9807;1,000000000000000000000
4299;937;0,666666666666666666666
4299;4283;0,333333333333333333333
4307;527;0,545454545454545454545
4307;613;0,181818181818181818181
4307;6812;0,181818181818181818181
4307;12159;0,090909090909090909090
4309;1162;1,000000000000000000000
4313;1448;0,200000000000000000000
4313;1515;0,200000000000000000000
4313;3459;0,200000000000000000000
4313;13676;0,200000000000000000000
4313;245879;0,200000000000000000000
4334;1729;0,666666666666666666666
4334;5163;0,333333333333333333333
4345;1600;1,000000000000000000000
4355;211;0,400000000000000000000
4355;2117;0,200000000000000000000
4355;2484;0,400000000000000000000
4361;2578;1,000000000000000000000
4376;251;0,166666666666666666666
4376;452;0,166666666666666666666
4376;615;0,166666666666666666666
4376;724;0,333333333333333333333
4376;11680;0,166666666666666666666
4377;2884;0,500000000000000000000
4377;5856;0,500000000000000000000
4384;380454;1,000000000000000000000
4398;251;0,200000000000000000000
4398;787;0,400000000000000000000
4398;4213;0,200000000000000000000
4398;4592;0,200000000000000000000
4401;564;0,500000000000000000000
4401;1100;0,500000000000000000000
4414;1393;1,000000000000000000000
4421;216;0,052631578947368421052
4421;1010;0,052631578947368421052
4421;1018;0,052631578947368421052
4421;2001;0,052631578947368421052
4421;3809;0,052631578947368421052
4421;4991;0,105263157894736842105
4421;5470;0,052631578947368421052
4421;6991;0,052631578947368421052
4421;6992;0,052631578947368421052
4421;10523;0,052631578947368421052
4421;13504;0,052631578947368421052
4421;18149;0,052631578947368421052
4421;18300;0,263157894736842105263
4421;21512;0,052631578947368421052
4430;8478;1,000000000000000000000
4434;3141;0,333333333333333333333
4434;15887;0,666666666666666666666
4435;1089;0,500000000000000000000
4435;22123;0,500000000000000000000
4440;846;1,000000000000000000000
4453;104;0,600000000000000000000
4453;1498;0,400000000000000000000
4472;3230;0,666666666666666666666
4472;27062;0,333333333333333333333
4476;1440;1,000000000000000000000
4491;4262;1,000000000000000000000
4501;4159;1,000000000000000000000
4512;71;1,000000000000000000000
4518;437;0,250000000000000000000
4518;2367;0,750000000000000000000
4525;2146;1,000000000000000000000
4530;444;0,500000000000000000000
4530;26980;0,500000000000000000000
4553;472;0,076923076923076923076
4553;1154;0,153846153846153846153
4553;1637;0,076923076923076923076
4553;1981;0,307692307692307692307
4553;2302;0,076923076923076923076
4553;2741;0,153846153846153846153
4553;2853;0,076923076923076923076
4553;5383;0,076923076923076923076
4561;5564;1,000000000000000000000
4576;1840;0,500000000000000000000
4576;11734;0,500000000000000000000
4592;248;0,107142857142857142857
4592;251;0,035714285714285714285
4592;698;0,071428571428571428571
4592;802;0,107142857142857142857
4592;1069;0,035714285714285714285
4592;1515;0,142857142857142857142
4592;1591;0,035714285714285714285
4592;1814;0,035714285714285714285
4592;2087;0,035714285714285714285
4592;2390;0,071428571428571428571
4592;2510;0,035714285714285714285
4592;3473;0,035714285714285714285
4592;4117;0,035714285714285714285
4592;4787;0,035714285714285714285
4592;9258;0,071428571428571428571
4592;9762;0,071428571428571428571
4592;23735;0,035714285714285714285
4603;852;1,000000000000000000000
4613;1754;0,333333333333333333333
4613;2713;0,333333333333333333333
4613;3234;0,333333333333333333333
4621;1785;0,666666666666666666666
4621;357817;0,333333333333333333333
4622;4225;1,000000000000000000000
4627;388;0,166666666666666666666
4627;628;0,166666666666666666666
4627;752;0,166666666666666666666
4627;6008;0,166666666666666666666
4627;6219;0,166666666666666666666
4627;12563;0,166666666666666666666
4639;576;1,000000000000000000000
4695;6527;1,000000000000000000000
4697;979;1,000000000000000000000
4713;398786;1,000000000000000000000
4715;621;0,500000000000000000000
4715;2385;0,500000000000000000000
4720;151009;1,000000000000000000000
4747;615;0,333333333333333333333
4747;1342;0,333333333333333333333
4747;1898;0,333333333333333333333
4748;2418;1,000000000000000000000
4750;288;1,000000000000000000000
4751;16651;1,000000000000000000000
4752;1162;1,000000000000000000000
4777;2742;0,333333333333333333333
4777;3083;0,333333333333333333333
4777;13671;0,333333333333333333333
4794;288;0,750000000000000000000
4794;545;0,250000000000000000000
4825;615;0,142857142857142857142
4825;2852;0,142857142857142857142
4825;4080;0,142857142857142857142
4825;4507;0,142857142857142857142
4825;5616;0,285714285714285714285
4825;7111;0,142857142857142857142
4861;1162;1,000000000000000000000
4885;2383;1,000000000000000000000
4918;1587;0,142857142857142857142
4918;1985;0,142857142857142857142
4918;4919;0,142857142857142857142
4918;8320;0,142857142857142857142
4918;9513;0,142857142857142857142
4918;20662;0,142857142857142857142
4918;24601;0,142857142857142857142
4933;1949;1,000000000000000000000
4935;579;1,000000000000000000000
4976;5016;0,833333333333333333333
4976;77678;0,166666666666666666666
4988;1898;0,333333333333333333333
4988;3203;0,666666666666666666666
5016;839;0,200000000000000000000
5016;1020;0,200000000000000000000
5016;1556;0,200000000000000000000
5016;2080;0,200000000000000000000
5016;2515;0,200000000000000000000
5061;163;1,000000000000000000000
5071;332;0,285714285714285714285
5071;2191;0,142857142857142857142
5071;2206;0,142857142857142857142
5071;7209;0,142857142857142857142
5071;12596;0,142857142857142857142
5071;16647;0,142857142857142857142
5077;8253;0,333333333333333333333
5077;12591;0,666666666666666666666
5082;2216;0,250000000000000000000
5082;27173;0,250000000000000000000
5082;28598;0,500000000000000000000
5083;277;1,000000000000000000000
5089;211;0,444444444444444444444
5089;1843;0,222222222222222222222
5089;2661;0,333333333333333333333
5092;7605;1,000000000000000000000
5093;527;1,000000000000000000000
5125;382;0,142857142857142857142
5125;2004;0,142857142857142857142
5125;3318;0,142857142857142857142
5125;5536;0,142857142857142857142
5125;7341;0,142857142857142857142
5125;7906;0,142857142857142857142
5125;11138;0,142857142857142857142
5142;85;1,000000000000000000000
5149;54;0,500000000000000000000
5149;7111;0,500000000000000000000
5163;2326;0,333333333333333333333
5163;12762;0,666666666666666666666
5167;4039;1,000000000000000000000
5168;3449;1,000000000000000000000
5171;1182;0,250000000000000000000
5171;2851;0,250000000000000000000
5171;11902;0,250000000000000000000
5171;13599;0,250000000000000000000
5174;284;0,500000000000000000000
5174;787;0,500000000000000000000
5177;2374;0,200000000000000000000
5177;3436;0,600000000000000000000
5177;5493;0,200000000000000000000
5214;192;1,000000000000000000000
5219;373;0,076923076923076923076
5219;496;0,076923076923076923076
5219;497;0,076923076923076923076
5219;2037;0,076923076923076923076
5219;2046;0,076923076923076923076
5219;3296;0,076923076923076923076
5219;3591;0,076923076923076923076
5219;4500;0,076923076923076923076
5219;5564;0,230769230769230769230
5219;9418;0,076923076923076923076
5219;9432;0,076923076923076923076
5232;3340;1,000000000000000000000
5264;2052;1,000000000000000000000
5329;189;0,500000000000000000000
5329;2484;0,500000000000000000000
5338;1724;1,000000000000000000000
5350;547;1,000000000000000000000
5360;392;0,250000000000000000000
5360;2127;0,250000000000000000000
5360;8566;0,250000000000000000000
5360;17268;0,250000000000000000000
5367;528;0,500000000000000000000
5367;2503;0,500000000000000000000
5383;1154;0,500000000000000000000
5383;267368;0,500000000000000000000
5392;5037;0,666666666666666666666
5392;12441;0,333333333333333333333
5430;4777;1,000000000000000000000
5437;18258;1,000000000000000000000
5440;3098;1,000000000000000000000
5442;5144;1,000000000000000000000
5443;596;1,000000000000000000000
5459;577;0,333333333333333333333
5459;878;0,666666666666666666666
5464;36;0,090909090909090909090
5464;380;0,090909090909090909090
5464;447;0,181818181818181818181
5464;810;0,090909090909090909090
5464;1806;0,090909090909090909090
5464;2429;0,090909090909090909090
5464;3082;0,090909090909090909090
5464;3208;0,090909090909090909090
5464;4293;0,090909090909090909090
5464;5004;0,090909090909090909090
5487;528;1,000000000000000000000
5500;163510;0,500000000000000000000
5500;283638;0,500000000000000000000
5513;1606;0,666666666666666666666
5513;119973;0,333333333333333333333
5519;4525;0,250000000000000000000
5519;5564;0,750000000000000000000
5526;157662;1,000000000000000000000
5530;526;0,250000000000000000000
5530;2737;0,250000000000000000000
5530;9184;0,250000000000000000000
5530;9396;0,250000000000000000000
5536;11138;0,333333333333333333333
5536;12563;0,333333333333333333333
5536;367121;0,333333333333333333333
5564;192;0,096774193548387096774
5564;2046;0,129032258064516129032
5564;2271;0,032258064516129032258
5564;4222;0,096774193548387096774
5564;4561;0,064516129032258064516
5564;5214;0,032258064516129032258
5564;5219;0,096774193548387096774
5564;5519;0,129032258064516129032
5564;6548;0,064516129032258064516
5564;10946;0,129032258064516129032
5564;333184;0,129032258064516129032
5578;237;0,250000000000000000000
5578;3753;0,750000000000000000000
5603;1778;0,500000000000000000000
5603;2600;0,500000000000000000000
5610;1902;0,500000000000000000000
5610;113365;0,500000000000000000000
5613;23;0,062500000000000000000
5613;306;0,125000000000000000000
5613;1855;0,125000000000000000000
5613;2800;0,125000000000000000000
5613;2851;0,250000000000000000000
5613;5061;0,125000000000000000000
5613;8062;0,062500000000000000000
5613;8909;0,062500000000000000000
5613;17584;0,062500000000000000000
5616;74;0,333333333333333333333
5616;978;0,166666666666666666666
5616;4179;0,500000000000000000000
5617;13704;1,000000000000000000000
5621;5679;1,000000000000000000000
5623;669;0,500000000000000000000
5623;955;0,500000000000000000000
5626;407;0,666666666666666666666
5626;2585;0,333333333333333333333
5628;615;0,111111111111111111111
5628;2145;0,111111111111111111111
5628;2293;0,333333333333333333333
5628;6113;0,111111111111111111111
5628;27655;0,111111111111111111111
5628;245879;0,222222222222222222222
5632;27763;1,000000000000000000000
5635;5470;1,000000000000000000000
5638;360;0,200000000000000000000
5638;983;0,200000000000000000000
5638;1169;0,400000000000000000000
5638;4350;0,200000000000000000000
5640;474028;1,000000000000000000000
5645;13396;1,000000000000000000000
5651;2491;1,000000000000000000000
5654;1831;0,142857142857142857142
5654;3091;0,142857142857142857142
5654;7920;0,142857142857142857142
5654;15331;0,142857142857142857142
5654;37815;0,142857142857142857142
5654;105800;0,142857142857142857142
5654;440497;0,142857142857142857142
5660;8843;1,000000000000000000000
5666;1938;0,333333333333333333333
5666;4219;0,333333333333333333333
5666;4293;0,333333333333333333333
5667;864;1,000000000000000000000
5681;1556;0,666666666666666666666
5681;5016;0,333333333333333333333
5691;878;1,000000000000000000000
5782;4938;1,000000000000000000000
5783;295;0,400000000000000000000
5783;315;0,200000000000000000000
5783;4749;0,200000000000000000000
5783;12964;0,200000000000000000000
5784;3650;1,000000000000000000000
5790;12706;1,000000000000000000000
5800;1293;1,000000000000000000000
5824;137801;1,000000000000000000000
5852;904;0,666666666666666666666
5852;7095;0,333333333333333333333
5861;1149;1,000000000000000000000
5886;362;1,000000000000000000000
5915;5506;0,500000000000000000000
5915;9159;0,500000000000000000000
5918;2772;0,750000000000000000000
5918;9762;0,250000000000000000000
5935;1182;1,000000000000000000000
5960;3575;1,000000000000000000000
6000;410;0,166666666666666666666
6000;2140;0,166666666666666666666
6000;3560;0,166666666666666666666
6000;4078;0,333333333333333333333
6000;8566;0,166666666666666666666
6010;8468;0,200000000000000000000
6010;173893;0,800000000000000000000
6027;2464;0,500000000000000000000
6027;6509;0,500000000000000000000
6048;1845;1,000000000000000000000
6058;1192;1,000000000000000000000
6068;9068;0,500000000000000000000
6068;9069;0,500000000000000000000
6102;6915;1,000000000000000000000
6130;2792;0,200000000000000000000
6130;12572;0,200000000000000000000
6130;13428;0,200000000000000000000
6130;13476;0,200000000000000000000
6130;276780;0,200000000000000000000
6144;13360;1,000000000000000000000
6151;391;0,166666666666666666666
6151;12356;0,666666666666666666666
6151;283638;0,166666666666666666666
6189;5437;1,000000000000000000000
6201;8013;1,000000000000000000000
6203;9714;1,000000000000000000000
6262;391;0,200000000000000000000
6262;4881;0,200000000000000000000
6262;12563;0,600000000000000000000
6267;20474;1,000000000000000000000
6316;622;0,333333333333333333333
6316;2146;0,333333333333333333333
6316;2832;0,333333333333333333333
6347;1160;0,428571428571428571428
6347;1889;0,142857142857142857142
6347;2713;0,142857142857142857142
6347;5861;0,142857142857142857142
6347;6535;0,142857142857142857142
6354;1925;0,666666666666666666666
6354;6960;0,333333333333333333333
6419;373677;1,000000000000000000000
6430;391;0,333333333333333333333
6430;12563;0,666666666666666666666
6447;519;1,000000000000000000000
6461;2778;0,666666666666666666666
6461;393418;0,333333333333333333333
6468;115;1,000000000000000000000
6483;5636;1,000000000000000000000
6496;3123;1,000000000000000000000
6502;181;1,000000000000000000000
6503;5935;0,500000000000000000000
6503;283638;0,500000000000000000000
6505;2657;0,500000000000000000000
6505;374246;0,500000000000000000000
6509;645;1,000000000000000000000
6511;8090;1,000000000000000000000
6535;1160;1,000000000000000000000
6543;2464;1,000000000000000000000
6548;5564;1,000000000000000000000
6567;475;0,500000000000000000000
6567;12572;0,500000000000000000000
6581;2146;0,166666666666666666666
6581;4281;0,500000000000000000000
6581;18247;0,166666666666666666666
6581;20969;0,166666666666666666666
6630;6068;1,000000000000000000000
6635;83;1,000000000000000000000
6693;3328;0,500000000000000000000
6693;12572;0,500000000000000000000
6694;545;1,000000000000000000000
6701;1840;0,333333333333333333333
6701;4374;0,333333333333333333333
6701;5700;0,333333333333333333333
6723;285;0,125000000000000000000
6723;1967;0,125000000000000000000
6723;2510;0,125000000000000000000
6723;3189;0,250000000000000000000
6723;3393;0,125000000000000000000
6723;3838;0,250000000000000000000
6746;144425;1,000000000000000000000
6788;306;0,250000000000000000000
6788;1897;0,750000000000000000000
6792;854;1,000000000000000000000
6812;4307;0,333333333333333333333
6812;12159;0,666666666666666666666
6892;527;0,250000000000000000000
6892;1004;0,500000000000000000000
6892;9019;0,250000000000000000000
6907;2127;1,000000000000000000000
6913;2605;1,000000000000000000000
6918;2275;0,333333333333333333333
6918;25205;0,666666666666666666666
6940;1609;0,333333333333333333333
6940;1906;0,333333333333333333333
6940;4085;0,333333333333333333333
6955;233872;1,000000000000000000000
6986;11330;0,333333333333333333333
6986;328526;0,333333333333333333333
6986;381254;0,333333333333333333333
6992;2190;1,000000000000000000000
7049;267;0,052631578947368421052
7049;861;0,052631578947368421052
7049;1448;0,052631578947368421052
7049;1570;0,105263157894736842105
7049;1583;0,263157894736842105263
7049;1591;0,052631578947368421052
7049;2379;0,052631578947368421052
7049;3045;0,052631578947368421052
7049;3234;0,052631578947368421052
7049;4376;0,052631578947368421052
7049;8095;0,052631578947368421052
7049;8630;0,052631578947368421052
7049;10020;0,052631578947368421052
7049;12907;0,052631578947368421052
7095;1425;0,076923076923076923076
7095;2494;0,076923076923076923076
7095;3178;0,153846153846153846153
7095;3197;0,076923076923076923076
7095;3318;0,076923076923076923076
7095;4145;0,153846153846153846153
7095;7072;0,076923076923076923076
7095;9288;0,230769230769230769230
7095;547708;0,076923076923076923076
7111;2021;0,500000000000000000000
7111;2817;0,500000000000000000000
7116;678;0,166666666666666666666
7116;1048;0,166666666666666666666
7116;3045;0,666666666666666666666
7131;9905;1,000000000000000000000
7135;441;0,500000000000000000000
7135;12591;0,500000000000000000000
7139;2275;1,000000000000000000000
7142;85;0,333333333333333333333
7142;3503;0,666666666666666666666
7160;1448;0,250000000000000000000
7160;2661;0,750000000000000000000
7209;1596;0,500000000000000000000
7209;2206;0,500000000000000000000
7259;1637;1,000000000000000000000
7341;1127;0,250000000000000000000
7341;5125;0,250000000000000000000
7341;367121;0,500000000000000000000
7389;4538;0,500000000000000000000
7389;59745;0,500000000000000000000
7418;2310;0,666666666666666666666
7418;13799;0,333333333333333333333
7480;4476;1,000000000000000000000
7543;551;0,028846153846153846153
7543;600;0,038461538461538461538
7543;859;0,028846153846153846153
7543;1344;0,028846153846153846153
7543;1454;0,028846153846153846153
7543;1898;0,028846153846153846153
7543;2435;0,028846153846153846153
7543;2743;0,028846153846153846153
7543;2786;0,028846153846153846153
7543;3256;0,009615384615384615384
7543;3420;0,028846153846153846153
7543;3683;0,028846153846153846153
7543;3685;0,028846153846153846153
7543;4587;0,019230769230769230769
7543;5136;0,028846153846153846153
7543;7717;0,028846153846153846153
7543;7975;0,028846153846153846153
7543;8212;0,028846153846153846153
7543;12959;0,028846153846153846153
7543;15737;0,028846153846153846153
7543;23759;0,028846153846153846153
7543;27613;0,019230769230769230769
7543;152027;0,365384615384615384615
7543;329272;0,028846153846153846153
7560;282;0,200000000000000000000
7560;731;0,600000000000000000000
7560;4748;0,200000000000000000000
7564;4380;1,000000000000000000000
7574;458;0,500000000000000000000
7574;5626;0,500000000000000000000
7578;1182;0,500000000000000000000
7578;10327;0,500000000000000000000
7586;151;1,000000000000000000000
7650;524;1,000000000000000000000
7686;89;1,000000000000000000000
7711;371;0,090909090909090909090
7711;1831;0,090909090909090909090
7711;5083;0,090909090909090909090
7711;6058;0,090909090909090909090
7711;6955;0,090909090909090909090
7711;7322;0,090909090909090909090
7711;7560;0,090909090909090909090
7711;12938;0,090909090909090909090
7711;38738;0,090909090909090909090
7711;42210;0,090909090909090909090
7711;45724;0,090909090909090909090
7738;1100;1,000000000000000000000
7748;545;0,105263157894736842105
7748;891;0,052631578947368421052
7748;1010;0,105263157894736842105
7748;3189;0,105263157894736842105
7748;3978;0,105263157894736842105
7748;4374;0,263157894736842105263
7748;5635;0,052631578947368421052
7748;6701;0,105263157894736842105
7748;6991;0,052631578947368421052
7748;6992;0,052631578947368421052
7755;2098;0,500000000000000000000
7755;7895;0,500000000000000000000
7756;568;1,000000000000000000000
7759;841;0,416666666666666666666
7759;1122;0,333333333333333333333
7759;5632;0,083333333333333333333
7759;284854;0,166666666666666666666
7774;3301;1,000000000000000000000
7906;12563;1,000000000000000000000
7920;4935;1,000000000000000000000
7968;475;0,666666666666666666666
7968;59745;0,333333333333333333333
7975;904;1,000000000000000000000
7983;1462;1,000000000000000000000
7994;2419;0,500000000000000000000
7994;5753;0,500000000000000000000
8003;1831;1,000000000000000000000
8050;2083;1,000000000000000000000
8051;557;1,000000000000000000000
8062;607;0,400000000000000000000
8062;5613;0,200000000000000000000
8062;14881;0,200000000000000000000
8062;37812;0,200000000000000000000
8090;2223;0,250000000000000000000
8090;3116;0,500000000000000000000
8090;6511;0,250000000000000000000
8095;284;0,250000000000000000000
8095;2510;0,250000000000000000000
8095;3045;0,500000000000000000000
8106;137;1,000000000000000000000
8109;671;0,125000000000000000000
8109;719;0,125000000000000000000
8109;918;0,125000000000000000000
8109;945;0,125000000000000000000
8109;1073;0,250000000000000000000
8109;7998;0,250000000000000000000
8143;2216;1,000000000000000000000
8156;528;1,000000000000000000000
8164;1315;1,000000000000000000000
8237;410;1,000000000000000000000
8255;564;0,022222222222222222222
8255;565;0,022222222222222222222
8255;1458;0,022222222222222222222
8255;1459;0,022222222222222222222
8255;1506;0,022222222222222222222
8255;1516;0,022222222222222222222
8255;1925;0,022222222222222222222
8255;1943;0,022222222222222222222
8255;2520;0,022222222222222222222
8255;2588;0,022222222222222222222
8255;2995;0,022222222222222222222
8255;3225;0,022222222222222222222
8255;3842;0,022222222222222222222
8255;3879;0,022222222222222222222
8255;3940;0,022222222222222222222
8255;4534;0,022222222222222222222
8255;4841;0,022222222222222222222
8255;4954;0,022222222222222222222
8255;5037;0,022222222222222222222
8255;5363;0,022222222222222222222
8255;5392;0,022222222222222222222
8255;5396;0,022222222222222222222
8255;6739;0,022222222222222222222
8255;6960;0,022222222222222222222
8255;7015;0,022222222222222222222
8255;7873;0,022222222222222222222
8255;8372;0,022222222222222222222
8255;8687;0,022222222222222222222
8255;8708;0,022222222222222222222
8255;10491;0,022222222222222222222
8255;12119;0,022222222222222222222
8255;12431;0,022222222222222222222
8255;12439;0,022222222222222222222
8255;12762;0,022222222222222222222
8255;12763;0,022222222222222222222
8255;12764;0,022222222222222222222
8255;12765;0,022222222222222222222
8255;12766;0,022222222222222222222
8255;12767;0,022222222222222222222
8255;12768;0,022222222222222222222
8255;12769;0,022222222222222222222
8255;12770;0,022222222222222222222
8255;12771;0,022222222222222222222
8255;12772;0,022222222222222222222
8255;56282;0,022222222222222222222
8268;37;0,333333333333333333333
8268;148;0,333333333333333333333
8268;4091;0,333333333333333333333
8281;59;1,000000000000000000000
8348;2678;0,250000000000000000000
8348;9159;0,750000000000000000000
8373;778;0,750000000000000000000
8373;7095;0,250000000000000000000
8396;1894;0,333333333333333333333
8396;3214;0,333333333333333333333
8396;8889;0,333333333333333333333
8440;1314;0,400000000000000000000
8440;2306;0,200000000000000000000
8440;8465;0,200000000000000000000
8440;440818;0,200000000000000000000
8445;1016;0,800000000000000000000
8445;1556;0,100000000000000000000
8445;9481;0,100000000000000000000
8461;434663;1,000000000000000000000
8464;1938;0,333333333333333333333
8464;3587;0,333333333333333333333
8464;4991;0,333333333333333333333
8465;131;0,011494252873563218390
8465;240;0,011494252873563218390
8465;362;0,011494252873563218390
8465;420;0,011494252873563218390
8465;447;0,011494252873563218390
8465;475;0,011494252873563218390
8465;479;0,011494252873563218390
8465;507;0,011494252873563218390
8465;520;0,011494252873563218390
8465;643;0,011494252873563218390
8465;706;0,011494252873563218390
8465;742;0,011494252873563218390
8465;783;0,011494252873563218390
8465;793;0,011494252873563218390
8465;796;0,011494252873563218390
8465;975;0,011494252873563218390
8465;999;0,011494252873563218390
8465;1016;0,011494252873563218390
8465;1065;0,011494252873563218390
8465;1104;0,011494252873563218390
8465;1107;0,011494252873563218390
8465;1111;0,011494252873563218390
8465;1112;0,011494252873563218390
8465;1171;0,011494252873563218390
8465;1196;0,011494252873563218390
8465;1263;0,017241379310344827586
8465;1313;0,011494252873563218390
8465;1314;0,011494252873563218390
8465;1315;0,011494252873563218390
8465;1556;0,011494252873563218390
8465;1673;0,011494252873563218390
8465;1713;0,011494252873563218390
8465;1806;0,011494252873563218390
8465;1848;0,011494252873563218390
8465;1938;0,011494252873563218390
8465;1963;0,011494252873563218390
8465;2166;0,011494252873563218390
8465;2296;0,011494252873563218390
8465;2306;0,011494252873563218390
8465;2429;0,011494252873563218390
8465;2491;0,011494252873563218390
8465;3038;0,011494252873563218390
8465;3082;0,011494252873563218390
8465;3188;0,011494252873563218390
8465;3208;0,011494252873563218390
8465;3374;0,011494252873563218390
8465;3563;0,011494252873563218390
8465;3599;0,011494252873563218390
8465;3683;0,011494252873563218390
8465;3776;0,011494252873563218390
8465;3905;0,011494252873563218390
8465;4219;0,011494252873563218390
8465;4222;0,011494252873563218390
8465;4242;0,011494252873563218390
8465;4292;0,011494252873563218390
8465;4293;0,011494252873563218390
8465;4831;0,011494252873563218390
8465;4991;0,011494252873563218390
8465;4992;0,011494252873563218390
8465;4993;0,011494252873563218390
8465;4994;0,011494252873563218390
8465;4995;0,011494252873563218390
8465;4997;0,011494252873563218390
8465;4998;0,011494252873563218390
8465;4999;0,011494252873563218390
8465;5000;0,011494252873563218390
8465;5001;0,011494252873563218390
8465;5003;0,011494252873563218390
8465;5004;0,011494252873563218390
8465;5005;0,011494252873563218390
8465;5006;0,011494252873563218390
8465;5007;0,011494252873563218390
8465;5008;0,011494252873563218390
8465;5009;0,011494252873563218390
8465;5010;0,011494252873563218390
8465;5011;0,011494252873563218390
8465;5012;0,011494252873563218390
8465;5013;0,011494252873563218390
8465;5014;0,011494252873563218390
8465;5015;0,011494252873563218390
8465;5016;0,011494252873563218390
8465;5017;0,011494252873563218390
8465;5019;0,011494252873563218390
8465;8462;0,011494252873563218390
8465;248831;0,011494252873563218390
8465;347540;0,011494252873563218390
8465;440818;0,005747126436781609195
8466;4995;1,000000000000000000000
8489;283;0,333333333333333333333
8489;2741;0,333333333333333333333
8489;278351;0,333333333333333333333
8513;1210;0,500000000000000000000
8513;1864;0,500000000000000000000
8516;214;0,500000000000000000000
8516;76428;0,500000000000000000000
8566;2140;0,500000000000000000000
8566;14010;0,500000000000000000000
8580;3323;1,000000000000000000000
8623;9;0,018518518518518518518
8623;77;0,018518518518518518518
8623;90;0,018518518518518518518
8623;206;0,018518518518518518518
8623;521;0,018518518518518518518
8623;526;0,018518518518518518518
8623;528;0,018518518518518518518
8623;529;0,018518518518518518518
8623;911;0,018518518518518518518
8623;1066;0,018518518518518518518
8623;1109;0,018518518518518518518
8623;1122;0,055555555555555555555
8623;1150;0,018518518518518518518
8623;1234;0,018518518518518518518
8623;1419;0,018518518518518518518
8623;1473;0,018518518518518518518
8623;1866;0,018518518518518518518
8623;1971;0,018518518518518518518
8623;2027;0,018518518518518518518
8623;2041;0,018518518518518518518
8623;2046;0,018518518518518518518
8623;2054;0,018518518518518518518
8623;2059;0,018518518518518518518
8623;2149;0,018518518518518518518
8623;2150;0,018518518518518518518
8623;2216;0,018518518518518518518
8623;2271;0,018518518518518518518
8623;2492;0,037037037037037037037
8623;3142;0,018518518518518518518
8623;3680;0,018518518518518518518
8623;3800;0,018518518518518518518
8623;4070;0,018518518518518518518
8623;5487;0,018518518518518518518
8623;5557;0,018518518518518518518
8623;5564;0,018518518518518518518
8623;5632;0,018518518518518518518
8623;6213;0,018518518518518518518
8623;6320;0,018518518518518518518
8623;8156;0,018518518518518518518
8623;9110;0,018518518518518518518
8623;9390;0,018518518518518518518
8623;9391;0,018518518518518518518
8623;9398;0,018518518518518518518
8623;9399;0,018518518518518518518
8623;9400;0,018518518518518518518
8623;9417;0,018518518518518518518
8623;9431;0,018518518518518518518
8623;9440;0,018518518518518518518
8623;11030;0,018518518518518518518
8623;18251;0,018518518518518518518
8623;352262;0,018518518518518518518
8715;1868;1,000000000000000000000
8774;453;1,000000000000000000000
8786;3104;1,000000000000000000000
8787;4890;1,000000000000000000000
8805;1265;0,500000000000000000000
8805;6567;0,500000000000000000000
8820;2275;1,000000000000000000000
8877;5660;1,000000000000000000000
8878;5660;1,000000000000000000000
8899;324897;1,000000000000000000000
8909;12577;1,000000000000000000000
8910;885;0,166666666666666666666
8910;1171;0,166666666666666666666
8910;1192;0,166666666666666666666
8910;5190;0,166666666666666666666
8910;9722;0,166666666666666666666
8910;12577;0,166666666666666666666
8928;3293;0,500000000000000000000
8928;703260;0,500000000000000000000
9019;1600;0,333333333333333333333
9019;3450;0,333333333333333333333
9019;6892;0,333333333333333333333
9067;26251;1,000000000000000000000
9068;2510;0,250000000000000000000
9068;28184;0,500000000000000000000
9068;651622;0,250000000000000000000
9114;2678;1,000000000000000000000
9158;977;1,000000000000000000000
9159;5915;0,333333333333333333333
9159;8348;0,666666666666666666666
9184;5530;1,000000000000000000000
9274;1254;0,500000000000000000000
9274;3642;0,500000000000000000000
9288;7095;1,000000000000000000000
9330;455;0,500000000000000000000
9330;4187;0,500000000000000000000
9340;1451;1,000000000000000000000
9356;1440;0,181818181818181818181
9356;3256;0,181818181818181818181
9356;3420;0,090909090909090909090
9356;4039;0,090909090909090909090
9356;9668;0,090909090909090909090
9356;11552;0,090909090909090909090
9356;28821;0,090909090909090909090
9356;28826;0,090909090909090909090
9356;37814;0,090909090909090909090
9376;689;0,500000000000000000000
9376;4657;0,500000000000000000000
9382;2146;1,000000000000000000000
9385;9807;1,000000000000000000000
9391;206;0,250000000000000000000
9391;528;0,250000000000000000000
9391;2046;0,500000000000000000000
9396;5530;1,000000000000000000000
9399;521;1,000000000000000000000
9406;4580;1,000000000000000000000
9421;22;0,500000000000000000000
9421;190;0,500000000000000000000
9431;1473;1,000000000000000000000
9442;3296;1,000000000000000000000
9481;8445;1,000000000000000000000
9483;2091;1,000000000000000000000
9513;1985;0,500000000000000000000
9513;24601;0,500000000000000000000
9514;1591;1,000000000000000000000
9668;1092;1,000000000000000000000
9686;28970;1,000000000000000000000
9720;2600;1,000000000000000000000
9722;520;0,200000000000000000000
9722;1227;0,400000000000000000000
9722;9762;0,400000000000000000000
9762;1227;0,333333333333333333333
9762;1949;0,333333333333333333333
9762;4592;0,333333333333333333333
9807;524;0,142857142857142857142
9807;526;0,142857142857142857142
9807;2214;0,142857142857142857142
9807;4748;0,142857142857142857142
9807;9184;0,142857142857142857142
9807;9385;0,142857142857142857142
9807;9436;0,142857142857142857142
9831;1162;1,000000000000000000000
9839;27790;1,000000000000000000000
9898;2;0,111111111111111111111
9898;442;0,111111111111111111111
9898;740;0,111111111111111111111
9898;1352;0,111111111111111111111
9898;3976;0,111111111111111111111
9898;5218;0,111111111111111111111
9898;5306;0,111111111111111111111
9898;14048;0,111111111111111111111
9898;189452;0,111111111111111111111
9941;287;1,000000000000000000000
9951;1563;0,200000000000000000000
9951;2367;0,800000000000000000000
9960;9309;1,000000000000000000000
9968;2355;0,333333333333333333333
9968;6027;0,333333333333333333333
9968;6509;0,333333333333333333333
9982;904;1,000000000000000000000
9992;2372;1,000000000000000000000
10020;698;0,125000000000000000000
10020;861;0,125000000000000000000
10020;1570;0,125000000000000000000
10020;1591;0,250000000000000000000
10020;3045;0,250000000000000000000
10020;8095;0,125000000000000000000
10021;873;1,000000000000000000000
10080;2438;1,000000000000000000000
10093;1706;1,000000000000000000000
10165;635;1,000000000000000000000
10176;1567;0,666666666666666666666
10176;27269;0,333333333333333333333
10188;1234;0,125000000000000000000
10188;1277;0,125000000000000000000
10188;2111;0,625000000000000000000
10188;474028;0,125000000000000000000
10241;4991;1,000000000000000000000
10341;12563;1,000000000000000000000
10409;10341;0,500000000000000000000
10409;12563;0,500000000000000000000
10523;1010;0,500000000000000000000
10523;1018;0,500000000000000000000
10595;1149;1,000000000000000000000
10602;918;0,333333333333333333333
10602;17276;0,333333333333333333333
10602;54879;0,333333333333333333333
10649;527;0,500000000000000000000
10649;5440;0,500000000000000000000
10658;635;0,058823529411764705882
10658;731;0,058823529411764705882
10658;748;0,058823529411764705882
10658;882;0,058823529411764705882
10658;1471;0,058823529411764705882
10658;1637;0,058823529411764705882
10658;1810;0,058823529411764705882
10658;1831;0,058823529411764705882
10658;3436;0,058823529411764705882
10658;3829;0,058823529411764705882
10658;5083;0,058823529411764705882
10658;8512;0,058823529411764705882
10658;10338;0,058823529411764705882
10658;22211;0,058823529411764705882
10658;37811;0,058823529411764705882
10658;76428;0,058823529411764705882
10658;173893;0,058823529411764705882
10860;2678;1,000000000000000000000
10892;283638;1,000000000000000000000
10926;17276;1,000000000000000000000
10941;740;1,000000000000000000000
10946;3591;0,333333333333333333333
10946;5564;0,666666666666666666666
11138;397;0,500000000000000000000
11138;21112;0,500000000000000000000
11213;22;1,000000000000000000000
11330;3301;1,000000000000000000000
11369;2275;0,925925925925925925925
11369;4222;0,037037037037037037037
11369;25230;0,037037037037037037037
11382;12762;1,000000000000000000000
11415;1162;1,000000000000000000000
11427;497739;1,000000000000000000000
11536;512;0,666666666666666666666
11536;3158;0,333333333333333333333
11552;1440;0,500000000000000000000
11552;9356;0,500000000000000000000
11656;568;0,055555555555555555555
11656;2433;0,166666666666666666666
11656;2778;0,111111111111111111111
11656;3968;0,111111111111111111111
11656;6461;0,111111111111111111111
11656;7648;0,222222222222222222222
11656;11734;0,111111111111111111111
11656;13642;0,111111111111111111111
11734;1840;0,333333333333333333333
11734;4576;0,666666666666666666666
12156;50;0,028571428571428571428
12156;547;0,028571428571428571428
12156;689;0,028571428571428571428
12156;853;0,085714285714285714285
12156;1319;0,085714285714285714285
12156;1717;0,057142857142857142857
12156;4425;0,028571428571428571428
12156;4430;0,085714285714285714285
12156;4470;0,057142857142857142857
12156;4772;0,085714285714285714285
12156;5526;0,057142857142857142857
12156;8568;0,028571428571428571428
12156;8873;0,085714285714285714285
12156;9090;0,057142857142857142857
12156;13622;0,085714285714285714285
12156;27862;0,057142857142857142857
12156;122436;0,028571428571428571428
12156;255863;0,028571428571428571428
12159;4307;0,250000000000000000000
12159;6812;0,750000000000000000000
12269;1122;1,000000000000000000000
12362;1600;1,000000000000000000000
12387;12670;1,000000000000000000000
12394;1625;1,000000000000000000000
12395;2057;0,055555555555555555555
12395;2235;0,055555555555555555555
12395;3019;0,055555555555555555555
12395;3155;0,055555555555555555555
12395;3378;0,055555555555555555555
12395;3840;0,055555555555555555555
12395;6594;0,055555555555555555555
12395;7624;0,055555555555555555555
12395;7941;0,055555555555555555555
12395;12432;0,055555555555555555555
12395;12433;0,055555555555555555555
12395;12436;0,055555555555555555555
12395;12762;0,055555555555555555555
12395;14269;0,055555555555555555555
12395;16652;0,055555555555555555555
12395;16658;0,055555555555555555555
12395;16665;0,055555555555555555555
12395;28034;0,055555555555555555555
12430;12826;1,000000000000000000000
12497;3694;0,500000000000000000000
12497;6581;0,500000000000000000000
12534;1497;1,000000000000000000000
12550;8928;1,000000000000000000000
12563;337;0,041666666666666666666
12563;375;0,041666666666666666666
12563;388;0,041666666666666666666
12563;392;0,041666666666666666666
12563;413;0,041666666666666666666
12563;418;0,041666666666666666666
12563;458;0,125000000000000000000
12563;805;0,041666666666666666666
12563;1137;0,041666666666666666666
12563;1171;0,083333333333333333333
12563;2140;0,041666666666666666666
12563;2512;0,041666666666666666666
12563;2822;0,041666666666666666666
12563;3022;0,041666666666666666666
12563;3560;0,041666666666666666666
12563;8566;0,041666666666666666666
12563;12850;0,083333333333333333333
12563;13187;0,041666666666666666666
12563;119973;0,083333333333333333333
12591;441;0,500000000000000000000
12591;4988;0,500000000000000000000
12706;322;0,090909090909090909090
12706;2184;0,090909090909090909090
12706;2206;0,181818181818181818181
12706;3694;0,090909090909090909090
12706;3957;0,090909090909090909090
12706;5790;0,272727272727272727272
12706;8805;0,090909090909090909090
12706;15895;0,090909090909090909090
12745;557;0,250000000000000000000
12745;1206;0,125000000000000000000
12745;12436;0,125000000000000000000
12745;12762;0,500000000000000000000
12768;3940;1,000000000000000000000
12775;1154;0,666666666666666666666
12775;283638;0,333333333333333333333
12817;852;1,000000000000000000000
12826;295;1,000000000000000000000
12850;410;0,333333333333333333333
12850;2585;0,166666666666666666666
12850;5125;0,166666666666666666666
12850;14010;0,333333333333333333333
12876;798;1,000000000000000000000
12936;2591;0,333333333333333333333
12936;8756;0,333333333333333333333
12936;9296;0,333333333333333333333
12938;59522;1,000000000000000000000
12964;295;0,222222222222222222222
12964;4132;0,555555555555555555555
12964;4636;0,111111111111111111111
12964;20474;0,111111111111111111111
13141;1724;0,250000000000000000000
13141;1892;0,250000000000000000000
13141;3518;0,250000000000000000000
13141;7521;0,250000000000000000000
13291;6940;1,000000000000000000000
13360;6144;1,000000000000000000000
13452;3212;1,000000000000000000000
13476;6130;0,333333333333333333333
13476;6567;0,666666666666666666666
13482;423;0,500000000000000000000
13482;24668;0,500000000000000000000
13502;9898;1,000000000000000000000
13504;1010;1,000000000000000000000
13537;2939;0,500000000000000000000
13537;366089;0,500000000000000000000
13545;1337;1,000000000000000000000
13622;295;1,000000000000000000000
13642;11656;1,000000000000000000000
13676;4313;1,000000000000000000000
13704;3318;1,000000000000000000000
13713;4150;1,000000000000000000000
13721;3694;1,000000000000000000000
13769;5148;1,000000000000000000000
13799;7418;1,000000000000000000000
13809;1912;1,000000000000000000000
13814;266;1,000000000000000000000
13850;2275;1,000000000000000000000
13886;115;1,000000000000000000000
14010;8566;1,000000000000000000000
14048;3975;0,250000000000000000000
14048;9898;0,250000000000000000000
14048;714174;0,500000000000000000000
14151;96;0,042253521126760563380
14151;122;0,007042253521126760563
14151;190;0,007042253521126760563
14151;229;0,007042253521126760563
14151;237;0,021126760563380281690
14151;337;0,007042253521126760563
14151;346;0,007042253521126760563
14151;375;0,014084507042253521126
14151;407;0,021126760563380281690
14151;410;0,007042253521126760563
14151;418;0,007042253521126760563
14151;1048;0,007042253521126760563
14151;1162;0,028169014084507042253
14151;1459;0,007042253521126760563
14151;1523;0,007042253521126760563
14151;1637;0,014084507042253521126
14151;1833;0,007042253521126760563
14151;2064;0,007042253521126760563
14151;2080;0,014084507042253521126
14151;2182;0,014084507042253521126
14151;2464;0,035211267605633802816
14151;2515;0,014084507042253521126
14151;2779;0,014084507042253521126
14151;3096;0,021126760563380281690
14151;3176;0,007042253521126760563
14151;3209;0,007042253521126760563
14151;3465;0,014084507042253521126
14151;3477;0,007042253521126760563
14151;3485;0,035211267605633802816
14151;3850;0,007042253521126760563
14151;3873;0,014084507042253521126
14151;3891;0,007042253521126760563
14151;3978;0,007042253521126760563
14151;4039;0,007042253521126760563
14151;4269;0,007042253521126760563
14151;5009;0,007042253521126760563
14151;5042;0,049295774647887323943
14151;5852;0,007042253521126760563
14151;6027;0,007042253521126760563
14151;6746;0,007042253521126760563
14151;6781;0,021126760563380281690
14151;7095;0,021126760563380281690
14151;7259;0,007042253521126760563
14151;7574;0,014084507042253521126
14151;7748;0,035211267605633802816
14151;8447;0,007042253521126760563
14151;9805;0,021126760563380281690
14151;9831;0,021126760563380281690
14151;11415;0,014084507042253521126
14151;12938;0,021126760563380281690
14151;14826;0,007042253521126760563
14151;26354;0,007042253521126760563
14151;27938;0,007042253521126760563
14151;28405;0,014084507042253521126
14151;31885;0,007042253521126760563
14151;41565;0,007042253521126760563
14151;42210;0,028169014084507042253
14151;76428;0,014084507042253521126
14151;83231;0,028169014084507042253
14151;152076;0,021126760563380281690
14151;173893;0,007042253521126760563
14151;239964;0,007042253521126760563
14151;239966;0,007042253521126760563
14151;251573;0,007042253521126760563
14151;255463;0,007042253521126760563
14151;278190;0,007042253521126760563
14151;283281;0,007042253521126760563
14151;283633;0,007042253521126760563
14151;283636;0,007042253521126760563
14151;283638;0,007042253521126760563
14151;283639;0,007042253521126760563
14151;286988;0,007042253521126760563
14151;336063;0,007042253521126760563
14151;336640;0,007042253521126760563
14151;353698;0,007042253521126760563
14151;353914;0,014084507042253521126
14151;368117;0,007042253521126760563
14151;373924;0,007042253521126760563
14151;381277;0,007042253521126760563
14184;5851;1,000000000000000000000
14323;3940;1,000000000000000000000
14465;3142;1,000000000000000000000
14826;1162;0,166666666666666666666
14826;20307;0,333333333333333333333
14826;336640;0,500000000000000000000
15302;2834;1,000000000000000000000
15471;275;0,125000000000000000000
15471;282;0,250000000000000000000
15471;731;0,250000000000000000000
15471;9356;0,125000000000000000000
15471;37811;0,125000000000000000000
15471;38738;0,125000000000000000000
15643;276;0,142857142857142857142
15643;354;0,142857142857142857142
15643;427;0,142857142857142857142
15643;443;0,285714285714285714285
15643;7605;0,142857142857142857142
15643;41776;0,142857142857142857142
15863;132;1,000000000000000000000
15867;271;1,000000000000000000000
15887;4434;1,000000000000000000000
16076;527;1,000000000000000000000
16497;1041;0,769230769230769230769
16497;1771;0,153846153846153846153
16497;349155;0,076923076923076923076
16527;2374;0,200000000000000000000
16527;17634;0,400000000000000000000
16527;385198;0,200000000000000000000
16527;386794;0,200000000000000000000
16644;1109;1,000000000000000000000
16651;4751;0,500000000000000000000
16651;12769;0,500000000000000000000
16659;854;1,000000000000000000000
16665;12436;1,000000000000000000000
16786;2802;1,000000000000000000000
16921;12959;1,000000000000000000000
17266;3197;1,000000000000000000000
17267;119973;1,000000000000000000000
17268;904;1,000000000000000000000
17269;434991;1,000000000000000000000
17270;504;1,000000000000000000000
17276;351;1,000000000000000000000
17281;1762;0,500000000000000000000
17281;8396;0,500000000000000000000
17302;613;1,000000000000000000000
17323;525330;1,000000000000000000000
17426;1763;1,000000000000000000000
17549;657;0,500000000000000000000
17549;1678;0,500000000000000000000
17727;5350;1,000000000000000000000
17918;168;1,000000000000000000000
18247;2023;0,111111111111111111111
18247;4280;0,111111111111111111111
18247;4281;0,111111111111111111111
18247;5351;0,111111111111111111111
18247;5892;0,111111111111111111111
18247;6581;0,111111111111111111111
18247;9384;0,111111111111111111111
18247;10080;0,111111111111111111111
18247;20969;0,111111111111111111111
18251;1866;0,500000000000000000000
18251;2027;0,500000000000000000000
18300;1293;0,200000000000000000000
18300;4421;0,800000000000000000000
18398;13579;1,000000000000000000000
18641;352;0,142857142857142857142
18641;845;0,142857142857142857142
18641;1046;0,285714285714285714285
18641;3189;0,142857142857142857142
18641;4530;0,142857142857142857142
18641;26980;0,142857142857142857142
19031;815;1,000000000000000000000
19176;433;1,000000000000000000000
19402;1082;1,000000000000000000000
19582;4435;1,000000000000000000000
20307;1041;0,142857142857142857142
20307;1325;0,285714285714285714285
20307;2419;0,142857142857142857142
20307;2422;0,142857142857142857142
20307;12375;0,142857142857142857142
20307;14826;0,142857142857142857142
20474;228;0,200000000000000000000
20474;293;0,200000000000000000000
20474;1225;0,200000000000000000000
20474;6267;0,200000000000000000000
20474;12964;0,200000000000000000000
20801;2830;1,000000000000000000000
20969;6581;0,500000000000000000000
20969;18247;0,500000000000000000000
21005;855;1,000000000000000000000
21112;415;0,666666666666666666666
21112;11138;0,333333333333333333333
21594;7759;1,000000000000000000000
21684;1162;1,000000000000000000000
21734;3111;1,000000000000000000000
22123;3095;0,200000000000000000000
22123;3791;0,400000000000000000000
22123;4435;0,200000000000000000000
22123;8985;0,200000000000000000000
22211;1439;0,500000000000000000000
22211;9356;0,500000000000000000000
22298;1440;0,500000000000000000000
22298;11552;0,500000000000000000000
23058;4306;0,500000000000000000000
23058;7968;0,500000000000000000000
23173;352;0,500000000000000000000
23173;4530;0,500000000000000000000
23228;1912;0,750000000000000000000
23228;3393;0,250000000000000000000
23720;281;0,333333333333333333333
23720;1370;0,333333333333333333333
23720;2237;0,333333333333333333333
24536;326192;1,000000000000000000000
24601;3007;1,000000000000000000000
24668;356;0,500000000000000000000
24668;8353;0,500000000000000000000
25205;2275;0,500000000000000000000
25205;6918;0,500000000000000000000
25220;2275;1,000000000000000000000
25221;2275;1,000000000000000000000
25226;2275;1,000000000000000000000
25227;2275;1,000000000000000000000
25229;25205;0,500000000000000000000
25229;25223;0,500000000000000000000
25230;2275;0,500000000000000000000
25230;11369;0,500000000000000000000
25264;437540;1,000000000000000000000
25488;40;0,500000000000000000000
25488;8223;0,500000000000000000000
25849;2027;1,000000000000000000000
26251;59745;1,000000000000000000000
26502;27512;1,000000000000000000000
27065;1220;0,333333333333333333333
27065;2422;0,333333333333333333333
27065;28184;0,333333333333333333333
27173;5082;1,000000000000000000000
27175;28853;1,000000000000000000000
27269;812;0,250000000000000000000
27269;1014;0,250000000000000000000
27269;1853;0,250000000000000000000
27269;10176;0,250000000000000000000
27323;615;1,000000000000000000000
27416;5449;1,000000000000000000000
27442;104;1,000000000000000000000
27478;26251;1,000000000000000000000
27557;3292;1,000000000000000000000
27592;352;1,000000000000000000000
27655;5628;1,000000000000000000000
27674;17549;1,000000000000000000000
27693;934;1,000000000000000000000
27763;5632;1,000000000000000000000
27862;176;0,500000000000000000000
27862;1162;0,500000000000000000000
27938;9300;1,000000000000000000000
27966;740;1,000000000000000000000
28017;740;0,500000000000000000000
28017;9015;0,500000000000000000000
28092;474028;1,000000000000000000000
28118;1685;0,500000000000000000000
28118;12685;0,500000000000000000000
28143;28128;1,000000000000000000000
28156;291;1,000000000000000000000
28199;2275;1,000000000000000000000
28202;2275;1,000000000000000000000
28344;1221;0,500000000000000000000
28344;1222;0,500000000000000000000
28420;1218;1,000000000000000000000
28557;689;1,000000000000000000000
28560;846;0,500000000000000000000
28560;8910;0,500000000000000000000
28598;5082;0,800000000000000000000
28598;9681;0,200000000000000000000
28601;3251;1,000000000000000000000
28615;3212;0,666666666666666666666
28615;13452;0,333333333333333333333
28780;1162;1,000000000000000000000
28853;27175;1,000000000000000000000
28857;2275;1,000000000000000000000
28970;1867;1,000000000000000000000
29081;2543;1,000000000000000000000
29376;1162;1,000000000000000000000
30415;2464;1,000000000000000000000
30696;1162;1,000000000000000000000
31343;2145;1,000000000000000000000
36186;635;1,000000000000000000000
37811;15471;1,000000000000000000000
37812;1483;0,250000000000000000000
37812;3608;0,250000000000000000000
37812;8062;0,250000000000000000000
37812;37814;0,250000000000000000000
37814;1853;0,166666666666666666666
37814;9356;0,333333333333333333333
37814;9668;0,166666666666666666666
37814;37812;0,333333333333333333333
38738;5654;0,500000000000000000000
38738;173893;0,500000000000000000000
41565;1729;1,000000000000000000000
41776;276;0,080000000000000000000
41776;277;0,080000000000000000000
41776;354;0,120000000000000000000
41776;359;0,080000000000000000000
41776;695;0,120000000000000000000
41776;1945;0,040000000000000000000
41776;1946;0,120000000000000000000
41776;3095;0,040000000000000000000
41776;4586;0,120000000000000000000
41776;4918;0,080000000000000000000
41776;4919;0,080000000000000000000
41776;15643;0,040000000000000000000
45604;1164;0,333333333333333333333
45604;4621;0,333333333333333333333
45604;90666;0,333333333333333333333
47352;1440;1,000000000000000000000
48862;1162;1,000000000000000000000
53012;2492;1,000000000000000000000
55134;1024;1,000000000000000000000
57838;151009;1,000000000000000000000
59745;194;0,030303030303030303030
59745;283;0,030303030303030303030
59745;442;0,030303030303030303030
59745;983;0,151515151515151515151
59745;1046;0,090909090909090909090
59745;1169;0,090909090909090909090
59745;1489;0,030303030303030303030
59745;2127;0,030303030303030303030
59745;3095;0,090909090909090909090
59745;3802;0,030303030303030303030
59745;7389;0,030303030303030303030
59745;7968;0,030303030303030303030
59745;45724;0,030303030303030303030
59745;59841;0,121212121212121212121
59745;184646;0,090909090909090909090
59745;366089;0,030303030303030303030
59745;393418;0,030303030303030303030
59745;408414;0,030303030303030303030
59841;127;0,055555555555555555555
59841;602;0,083333333333333333333
59841;695;0,083333333333333333333
59841;846;0,111111111111111111111
59841;943;0,027777777777777777777
59841;1098;0,027777777777777777777
59841;1169;0,250000000000000000000
59841;4148;0,027777777777777777777
59841;59745;0,083333333333333333333
59841;366089;0,083333333333333333333
59841;408414;0,083333333333333333333
59841;499117;0,083333333333333333333
66075;4145;1,000000000000000000000
71411;748;1,000000000000000000000
75230;1967;0,200000000000000000000
75230;6723;0,800000000000000000000
75827;71411;0,500000000000000000000
75827;76428;0,500000000000000000000
75828;748;1,000000000000000000000
76428;213;0,500000000000000000000
76428;75827;0,500000000000000000000
77678;27763;1,000000000000000000000
78108;662;0,090909090909090909090
78108;826;0,363636363636363636363
78108;1169;0,363636363636363636363
78108;59745;0,181818181818181818181
81648;2734;0,500000000000000000000
81648;28819;0,250000000000000000000
81648;75827;0,250000000000000000000
83103;2296;0,500000000000000000000
83103;2798;0,500000000000000000000
84925;1967;1,000000000000000000000
85346;2512;1,000000000000000000000
90123;8648;1,000000000000000000000
90666;45604;1,000000000000000000000
91818;442813;1,000000000000000000000
94073;885;0,333333333333333333333
94073;1162;0,333333333333333333333
94073;9360;0,333333333333333333333
95154;275;1,000000000000000000000
98068;1058;1,000000000000000000000
98841;520;0,250000000000000000000
98841;529;0,250000000000000000000
98841;1118;0,250000000000000000000
98841;1234;0,250000000000000000000
113392;920;0,500000000000000000000
113392;2371;0,500000000000000000000
114536;437;0,500000000000000000000
114536;1171;0,125000000000000000000
114536;1563;0,250000000000000000000
114536;3049;0,125000000000000000000
116140;441;0,052631578947368421052
116140;517;0,210526315789473684210
116140;632;0,052631578947368421052
116140;854;0,052631578947368421052
116140;1117;0,210526315789473684210
116140;3395;0,052631578947368421052
116140;8253;0,263157894736842105263
116140;125861;0,052631578947368421052
116140;474028;0,052631578947368421052
119973;7;0,022471910112359550561
119973;80;0,011235955056179775280
119973;83;0,022471910112359550561
119973;108;0,011235955056179775280
119973;219;0,011235955056179775280
119973;349;0,011235955056179775280
119973;351;0,022471910112359550561
119973;502;0,011235955056179775280
119973;519;0,011235955056179775280
119973;538;0,011235955056179775280
119973;638;0,011235955056179775280
119973;869;0,011235955056179775280
119973;1135;0,011235955056179775280
119973;1140;0,011235955056179775280
119973;1315;0,033707865168539325842
119973;1340;0,011235955056179775280
119973;1425;0,011235955056179775280
119973;1764;0,011235955056179775280
119973;1765;0,011235955056179775280
119973;1822;0,011235955056179775280
119973;1894;0,011235955056179775280
119973;2004;0,011235955056179775280
119973;2005;0,011235955056179775280
119973;2264;0,011235955056179775280
119973;2467;0,011235955056179775280
119973;2494;0,011235955056179775280
119973;2517;0,011235955056179775280
119973;2569;0,011235955056179775280
119973;2592;0,011235955056179775280
119973;2594;0,011235955056179775280
119973;2664;0,011235955056179775280
119973;2877;0,022471910112359550561
119973;3178;0,011235955056179775280
119973;3197;0,011235955056179775280
119973;3284;0,011235955056179775280
119973;3317;0,011235955056179775280
119973;3362;0,011235955056179775280
119973;3408;0,011235955056179775280
119973;3465;0,011235955056179775280
119973;3515;0,011235955056179775280
119973;3667;0,011235955056179775280
119973;3671;0,011235955056179775280
119973;3986;0,011235955056179775280
119973;4145;0,011235955056179775280
119973;4278;0,011235955056179775280
119973;4786;0,011235955056179775280
119973;5175;0,011235955056179775280
119973;5513;0,011235955056179775280
119973;5591;0,011235955056179775280
119973;7072;0,011235955056179775280
119973;7095;0,011235955056179775280
119973;7585;0,022471910112359550561
119973;7802;0,011235955056179775280
119973;8223;0,022471910112359550561
119973;8396;0,011235955056179775280
119973;9288;0,011235955056179775280
119973;12563;0,067415730337078651685
119973;17208;0,011235955056179775280
119973;17260;0,011235955056179775280
119973;17262;0,011235955056179775280
119973;17266;0,011235955056179775280
119973;17267;0,011235955056179775280
119973;17270;0,022471910112359550561
119973;17272;0,011235955056179775280
119973;17280;0,011235955056179775280
119973;17281;0,011235955056179775280
119973;28460;0,011235955056179775280
119973;28464;0,011235955056179775280
119973;28475;0,011235955056179775280
119973;54879;0,011235955056179775280
119973;184987;0,044943820224719101123
119973;321395;0,011235955056179775280
122436;1100;1,000000000000000000000
131383;1065;0,333333333333333333333
131383;1724;0,333333333333333333333
131383;18641;0,333333333333333333333
134008;4281;1,000000000000000000000
135123;365536;1,000000000000000000000
136664;1025;0,250000000000000000000
136664;1277;0,125000000000000000000
136664;1286;0,125000000000000000000
136664;1692;0,250000000000000000000
136664;5148;0,125000000000000000000
136664;13769;0,125000000000000000000
137801;5824;0,500000000000000000000
137801;283638;0,500000000000000000000
139869;95084;1,000000000000000000000
140175;144425;1,000000000000000000000
140271;1152;0,500000000000000000000
140271;1276;0,500000000000000000000
144425;6746;0,500000000000000000000
144425;140175;0,500000000000000000000
146462;625;0,111111111111111111111
146462;860;0,222222222222222222222
146462;4313;0,111111111111111111111
146462;4881;0,333333333333333333333
146462;6666;0,111111111111111111111
146462;370126;0,111111111111111111111
151009;4720;0,333333333333333333333
151009;57838;0,666666666666666666666
152076;1160;0,333333333333333333333
152076;9714;0,333333333333333333333
152076;283639;0,333333333333333333333
156500;2196;0,500000000000000000000
156500;4085;0,500000000000000000000
157662;5526;1,000000000000000000000
160268;1182;1,000000000000000000000
163510;5500;1,000000000000000000000
173893;1831;0,111111111111111111111
173893;4476;0,111111111111111111111
173893;6010;0,222222222222222222222
173893;7711;0,111111111111111111111
173893;9356;0,222222222222222222222
173893;38738;0,222222222222222222222
179346;1681;0,166666666666666666666
179346;7671;0,833333333333333333333
184646;423;0,333333333333333333333
184646;59745;0,666666666666666666666
184987;119973;1,000000000000000000000
189452;442;0,500000000000000000000
189452;9898;0,500000000000000000000
191488;714174;1,000000000000000000000
192866;845;0,538461538461538461538
192866;846;0,076923076923076923076
192866;1263;0,076923076923076923076
192866;1437;0,230769230769230769230
192866;336640;0,076923076923076923076
193005;982;0,250000000000000000000
193005;1041;0,750000000000000000000
219132;3234;1,000000000000000000000
229072;420;1,000000000000000000000
233872;1719;0,250000000000000000000
233872;5083;0,250000000000000000000
233872;6955;0,250000000000000000000
233872;50332;0,250000000000000000000
237945;2487;1,000000000000000000000
239964;752;0,500000000000000000000
239964;1713;0,500000000000000000000
239965;4293;1,000000000000000000000
239967;36;1,000000000000000000000
239969;2164;0,142857142857142857142
239969;2458;0,142857142857142857142
239969;239963;0,714285714285714285714
245879;85;0,023809523809523809523
245879;122;0,023809523809523809523
245879;237;0,023809523809523809523
245879;247;0,023809523809523809523
245879;248;0,023809523809523809523
245879;250;0,023809523809523809523
245879;251;0,023809523809523809523
245879;285;0,023809523809523809523
245879;781;0,023809523809523809523
245879;937;0,166666666666666666666
245879;1142;0,023809523809523809523
245879;1154;0,023809523809523809523
245879;1342;0,023809523809523809523
245879;1898;0,023809523809523809523
245879;1988;0,047619047619047619047
245879;2252;0,023809523809523809523
245879;2293;0,023809523809523809523
245879;2398;0,023809523809523809523
245879;2464;0,023809523809523809523
245879;2510;0,023809523809523809523
245879;2515;0,023809523809523809523
245879;3045;0,023809523809523809523
245879;3103;0,023809523809523809523
245879;3866;0,023809523809523809523
245879;3867;0,023809523809523809523
245879;3870;0,023809523809523809523
245879;3871;0,023809523809523809523
245879;3872;0,023809523809523809523
245879;3873;0,023809523809523809523
245879;4313;0,023809523809523809523
245879;5042;0,023809523809523809523
245879;5628;0,047619047619047619047
245879;12391;0,023809523809523809523
245879;14013;0,023809523809523809523
248831;5005;0,666666666666666666666
248831;365536;0,333333333333333333333
248834;3586;1,000000000000000000000
248835;3038;1,000000000000000000000
248837;240;0,333333333333333333333
248837;525;0,666666666666666666666
248838;274;0,333333333333333333333
248838;475;0,166666666666666666666
248838;761;0,166666666666666666666
248838;2374;0,166666666666666666666
248838;248835;0,166666666666666666666
255463;9714;1,000000000000000000000
255899;1100;1,000000000000000000000
256804;132;1,000000000000000000000
256951;5484;1,000000000000000000000
257324;3748;1,000000000000000000000
259831;3991;1,000000000000000000000
267368;254;1,000000000000000000000
276780;3223;0,500000000000000000000
276780;6130;0,250000000000000000000
276780;54879;0,250000000000000000000
276963;328526;1,000000000000000000000
278190;122;1,000000000000000000000
279623;4498;1,000000000000000000000
280033;12430;1,000000000000000000000
283281;1135;0,600000000000000000000
283281;3496;0,400000000000000000000
283633;7142;1,000000000000000000000
283636;1983;1,000000000000000000000
283638;1160;0,045454545454545454545
283638;1637;0,022727272727272727272
283638;1868;0,045454545454545454545
283638;1976;0,022727272727272727272
283638;2464;0,022727272727272727272
283638;2800;0,068181818181818181818
283638;3245;0,022727272727272727272
283638;3633;0,045454545454545454545
283638;3656;0,022727272727272727272
283638;5500;0,022727272727272727272
283638;5523;0,022727272727272727272
283638;6151;0,068181818181818181818
283638;6503;0,045454545454545454545
283638;9714;0,022727272727272727272
283638;10892;0,045454545454545454545
283638;12775;0,045454545454545454545
283638;27512;0,022727272727272727272
283638;28034;0,022727272727272727272
283638;40961;0,022727272727272727272
283638;41565;0,022727272727272727272
283638;48862;0,045454545454545454545
283638;137801;0,022727272727272727272
283638;239966;0,022727272727272727272
283638;239970;0,022727272727272727272
283638;281170;0,022727272727272727272
283638;329223;0,022727272727272727272
283638;336640;0,022727272727272727272
283638;353698;0,045454545454545454545
283638;365524;0,022727272727272727272
283638;365536;0,045454545454545454545
283638;368117;0,022727272727272727272
283639;96;0,333333333333333333333
283639;9714;0,333333333333333333333
283639;152076;0,333333333333333333333
284852;1913;1,000000000000000000000
284854;7759;1,000000000000000000000
306994;458;1,000000000000000000000
309580;1459;1,000000000000000000000
321395;80;0,071428571428571428571
321395;349;0,071428571428571428571
321395;876;0,071428571428571428571
321395;1131;0,142857142857142857142
321395;1248;0,071428571428571428571
321395;1510;0,071428571428571428571
321395;2518;0,142857142857142857142
321395;3443;0,142857142857142857142
321395;3515;0,142857142857142857142
321395;3625;0,071428571428571428571
324897;1910;0,333333333333333333333
324897;2799;0,333333333333333333333
324897;409930;0,333333333333333333333
327099;283281;0,500000000000000000000
327099;687941;0,500000000000000000000
333184;65;0,250000000000000000000
333184;5564;0,750000000000000000000
333343;16;0,083333333333333333333
333343;890;0,083333333333333333333
333343;1231;0,083333333333333333333
333343;2736;0,083333333333333333333
333343;2739;0,083333333333333333333
333343;3141;0,166666666666666666666
333343;3145;0,166666666666666666666
333343;4501;0,083333333333333333333
333343;6503;0,083333333333333333333
333343;6514;0,083333333333333333333
335189;115;0,500000000000000000000
335189;484680;0,500000000000000000000
336063;749;0,333333333333333333333
336063;1162;0,666666666666666666666
336640;744;0,125000000000000000000
336640;1041;0,125000000000000000000
336640;1471;0,250000000000000000000
336640;1637;0,375000000000000000000
336640;14826;0,125000000000000000000
343358;115;0,250000000000000000000
343358;2352;0,250000000000000000000
343358;5528;0,250000000000000000000
343358;335189;0,250000000000000000000
343424;6812;1,000000000000000000000
349041;194;0,181818181818181818181
349041;628;0,136363636363636363636
349041;1754;0,318181818181818181818
349041;1940;0,227272727272727272727
349041;5250;0,045454545454545454545
349041;9067;0,045454545454545454545
349041;26251;0,045454545454545454545
349155;16497;1,000000000000000000000
353698;1160;0,166666666666666666666
353698;3158;0,166666666666666666666
353698;3656;0,166666666666666666666
353698;6151;0,166666666666666666666
353698;41565;0,166666666666666666666
353698;283638;0,166666666666666666666
355336;941;0,333333333333333333333
355336;3383;0,333333333333333333333
355336;4787;0,333333333333333333333
357817;1162;0,500000000000000000000
357817;4621;0,500000000000000000000
359918;131;0,500000000000000000000
359918;1160;0,500000000000000000000
365534;5481;1,000000000000000000000
365536;248831;1,000000000000000000000
366089;71;0,142857142857142857142
366089;194;0,142857142857142857142
366089;1065;0,285714285714285714285
366089;1169;0,142857142857142857142
366089;59745;0,142857142857142857142
366089;98841;0,142857142857142857142
366867;1866;0,105263157894736842105
366867;3811;0,263157894736842105263
366867;4307;0,052631578947368421052
366867;6913;0,052631578947368421052
366867;584749;0,526315789473684210526
367451;1949;1,000000000000000000000
368117;7748;1,000000000000000000000
373677;2275;1,000000000000000000000
374246;558;0,428571428571428571428
374246;851;0,214285714285714285714
374246;1035;0,142857142857142857142
374246;1116;0,071428571428571428571
374246;3802;0,142857142857142857142
375788;59;1,000000000000000000000
377026;9714;1,000000000000000000000
377520;2275;1,000000000000000000000
380454;4384;1,000000000000000000000
381254;6986;1,000000000000000000000
383065;2275;1,000000000000000000000
387437;27066;1,000000000000000000000
387438;2275;1,000000000000000000000
389498;612;1,000000000000000000000
393418;37;0,181818181818181818181
393418;148;0,181818181818181818181
393418;5627;0,090909090909090909090
393418;6461;0,090909090909090909090
393418;8268;0,090909090909090909090
393418;59745;0,090909090909090909090
393418;113392;0,272727272727272727272
398786;713;0,250000000000000000000
398786;3766;0,250000000000000000000
398786;4713;0,250000000000000000000
398786;398787;0,250000000000000000000
398787;845;1,000000000000000000000
403195;747;1,000000000000000000000
408414;1169;0,500000000000000000000
408414;59745;0,500000000000000000000
432293;904;1,000000000000000000000
434991;1340;1,000000000000000000000
437540;1162;1,000000000000000000000
442813;162;0,111111111111111111111
442813;266;0,111111111111111111111
442813;273;0,111111111111111111111
442813;738;0,111111111111111111111
442813;5257;0,111111111111111111111
442813;8648;0,111111111111111111111
442813;13398;0,111111111111111111111
442813;13814;0,111111111111111111111
442813;91818;0,111111111111111111111
443599;1154;0,500000000000000000000
443599;2302;0,500000000000000000000
453859;700;1,000000000000000000000
474028;829;0,125000000000000000000
474028;3395;0,625000000000000000000
474028;10188;0,125000000000000000000
474028;28092;0,125000000000000000000
484680;1162;0,333333333333333333333
484680;1949;0,333333333333333333333
484680;2112;0,333333333333333333333
488062;3417;1,000000000000000000000
507180;668;1,000000000000000000000
508708;2863;0,333333333333333333333
508708;9150;0,333333333333333333333
508708;157662;0,333333333333333333333
510908;109;1,000000000000000000000
511019;1024;0,250000000000000000000
511019;55134;0,750000000000000000000
529797;220;0,250000000000000000000
529797;1064;0,500000000000000000000
529797;1705;0,250000000000000000000
533247;2146;0,500000000000000000000
533247;6316;0,500000000000000000000
533535;237;0,333333333333333333333
533535;4881;0,666666666666666666666
547708;3178;0,250000000000000000000
547708;7072;0,250000000000000000000
547708;7095;0,500000000000000000000
547774;2190;1,000000000000000000000
584314;8438;0,500000000000000000000
584314;8467;0,500000000000000000000
584969;485;0,250000000000000000000
584969;1839;0,500000000000000000000
584969;15895;0,250000000000000000000
602536;1277;0,500000000000000000000
602536;2111;0,500000000000000000000
604246;454;1,000000000000000000000
604484;17389;1,000000000000000000000
606566;131;0,333333333333333333333
606566;721;0,333333333333333333333
606566;4538;0,333333333333333333333
606725;410;0,500000000000000000000
606725;2140;0,500000000000000000000
608895;360;0,200000000000000000000
608895;2374;0,200000000000000000000
608895;16527;0,200000000000000000000
608895;321395;0,200000000000000000000
608895;367121;0,200000000000000000000
622466;653116;1,000000000000000000000
640335;7759;1,000000000000000000000
653116;622466;1,000000000000000000000
665791;668;0,142857142857142857142
665791;754;0,142857142857142857142
665791;876;0,142857142857142857142
665791;933;0,142857142857142857142
665791;4173;0,142857142857142857142
665791;507180;0,142857142857142857142
665791;642255;0,142857142857142857142
687941;7;1,000000000000000000000
714174;14048;0,500000000000000000000
714174;191488;0,500000000000000000000
725179;571;1,000000000000000000000
727998;546;1,000000000000000000000
