46;7994;1,000000000000000000000
48;178;0,333333333333333333333
48;4831;0,666666666666666666666
54;541;0,166666666666666666666
54;763;0,166666666666666666666
54;1116;0,166666666666666666666
54;1565;0,166666666666666666666
54;2792;0,333333333333333333333
65;127;0,041666666666666666666
65;1066;0,083333333333333333333
65;1122;0,208333333333333333333
65;1286;0,166666666666666666666
65;1754;0,083333333333333333333
65;1943;0,041666666666666666666
65;3085;0,166666666666666666666
65;5440;0,083333333333333333333
65;9421;0,041666666666666666666
65;48255;0,041666666666666666666
65;59745;0,041666666666666666666
71;100;0,037037037037037037037
71;194;0,074074074074074074074
71;240;0,037037037037037037037
71;454;0,037037037037037037037
71;644;0,037037037037037037037
71;645;0,037037037037037037037
71;846;0,148148148148148148148
71;1169;0,185185185185185185185
71;1696;0,037037037037037037037
71;1724;0,037037037037037037037
71;1948;0,037037037037037037037
71;2731;0,074074074074074074074
71;3523;0,037037037037037037037
71;3574;0,037037037037037037037
71;3619;0,037037037037037037037
71;4160;0,037037037037037037037
71;59745;0,037037037037037037037
71;59841;0,037037037037037037037
72;830;0,222222222222222222222
72;1117;0,111111111111111111111
72;1361;0,222222222222222222222
72;2203;0,111111111111111111111
72;2972;0,222222222222222222222
72;3395;0,111111111111111111111
73;1462;1,000000000000000000000
77;131;1,000000000000000000000
80;876;1,000000000000000000000
90;57838;1,000000000000000000000
96;11;0,068965517241379310344
96;85;0,275862068965517241379
96;249;0,068965517241379310344
96;615;0,068965517241379310344
96;625;0,172413793103448275862
96;3219;0,103448275862068965517
96;3857;0,034482758620689655172
96;4825;0,034482758620689655172
96;5628;0,068965517241379310344
96;13646;0,034482758620689655172
96;24460;0,034482758620689655172
96;42210;0,034482758620689655172
100;71;1,000000000000000000000
102;4476;1,000000000000000000000
108;1340;1,000000000000000000000
115;392;0,250000000000000000000
115;490;0,250000000000000000000
115;6468;0,250000000000000000000
115;136664;0,250000000000000000000
120;5360;1,000000000000000000000
135;111;0,021276595744680851063
135;183;0,106382978723404255319
135;332;0,042553191489361702127
135;380;0,042553191489361702127
135;749;0,021276595744680851063
135;992;0,042553191489361702127
135;1116;0,021276595744680851063
135;1278;0,191489361702127659574
135;1316;0,021276595744680851063
135;1361;0,021276595744680851063
135;1815;0,085106382978723404255
135;1931;0,042553191489361702127
135;2111;0,021276595744680851063
135;2175;0,042553191489361702127
135;2684;0,021276595744680851063
135;4020;0,042553191489361702127
135;5679;0,085106382978723404255
135;7577;0,021276595744680851063
135;8163;0,021276595744680851063
135;21396;0,085106382978723404255
138;419;0,285714285714285714285
138;1143;0,285714285714285714285
138;1768;0,142857142857142857142
138;1840;0,142857142857142857142
138;4205;0,142857142857142857142
148;37;0,013157894736842105263
148;38;0,013157894736842105263
148;189;0,013157894736842105263
148;246;0,013157894736842105263
148;290;0,013157894736842105263
148;296;0,013157894736842105263
148;454;0,026315789473684210526
148;523;0,013157894736842105263
148;545;0,013157894736842105263
148;608;0,013157894736842105263
148;609;0,013157894736842105263
148;688;0,013157894736842105263
148;891;0,013157894736842105263
148;1010;0,013157894736842105263
148;1082;0,013157894736842105263
148;1293;0,013157894736842105263
148;1497;0,013157894736842105263
148;1581;0,013157894736842105263
148;1696;0,013157894736842105263
148;1701;0,013157894736842105263
148;1724;0,013157894736842105263
148;1824;0,013157894736842105263
148;1854;0,013157894736842105263
148;1892;0,013157894736842105263
148;2337;0,013157894736842105263
148;2343;0,013157894736842105263
148;2350;0,013157894736842105263
148;2484;0,013157894736842105263
148;2576;0,013157894736842105263
148;2678;0,013157894736842105263
148;3087;0,013157894736842105263
148;3189;0,013157894736842105263
148;3212;0,013157894736842105263
148;3551;0,013157894736842105263
148;3685;0,013157894736842105263
148;3705;0,013157894736842105263
148;3844;0,013157894736842105263
148;3978;0,013157894736842105263
148;4091;0,013157894736842105263
148;4372;0,013157894736842105263
148;4374;0,013157894736842105263
148;4421;0,013157894736842105263
148;4657;0,013157894736842105263
148;4794;0,013157894736842105263
148;4877;0,013157894736842105263
148;5338;0,013157894736842105263
148;5481;0,013157894736842105263
148;5635;0,013157894736842105263
148;5800;0,013157894736842105263
148;5915;0,013157894736842105263
148;6461;0,013157894736842105263
148;6701;0,013157894736842105263
148;7215;0,013157894736842105263
148;7648;0,013157894736842105263
148;7748;0,013157894736842105263
148;7968;0,013157894736842105263
148;8268;0,013157894736842105263
148;9376;0,013157894736842105263
148;11458;0,013157894736842105263
148;11734;0,013157894736842105263
148;12385;0,013157894736842105263
148;13452;0,013157894736842105263
148;13899;0,013157894736842105263
148;14050;0,013157894736842105263
148;17762;0,013157894736842105263
148;18622;0,013157894736842105263
148;21511;0,013157894736842105263
148;21513;0,013157894736842105263
148;21515;0,013157894736842105263
148;21541;0,013157894736842105263
148;21542;0,013157894736842105263
148;22575;0,013157894736842105263
148;23251;0,013157894736842105263
148;28631;0,013157894736842105263
148;28635;0,013157894736842105263
149;1694;0,500000000000000000000
149;2196;0,500000000000000000000
151;5530;1,000000000000000000000
163;768;0,250000000000000000000
163;937;0,250000000000000000000
163;4299;0,250000000000000000000
163;5061;0,250000000000000000000
172;1055;1,000000000000000000000
174;4518;0,250000000000000000000
174;114536;0,750000000000000000000
179;37;1,000000000000000000000
189;891;0,166666666666666666666
189;1082;0,333333333333333333333
189;4576;0,166666666666666666666
189;140271;0,333333333333333333333
190;5679;0,666666666666666666666
190;9416;0,333333333333333333333
194;71;0,200000000000000000000
194;628;0,200000000000000000000
194;1169;0,200000000000000000000
194;1940;0,200000000000000000000
194;59745;0,200000000000000000000
199;485;0,166666666666666666666
199;3105;0,833333333333333333333
206;1971;0,500000000000000000000
206;2046;0,500000000000000000000
211;179;1,000000000000000000000
213;747;0,666666666666666666666
213;75828;0,333333333333333333333
218;2140;1,000000000000000000000
220;1563;0,904761904761904761904
220;1910;0,047619047619047619047
220;2367;0,047619047619047619047
232;492;0,500000000000000000000
232;1064;0,500000000000000000000
248;2474;0,250000000000000000000
248;2523;0,750000000000000000000
249;283;0,666666666666666666666
249;245879;0,333333333333333333333
250;2713;1,000000000000000000000
256;18276;1,000000000000000000000
263;131;0,200000000000000000000
263;420;0,200000000000000000000
263;846;0,200000000000000000000
263;982;0,200000000000000000000
263;7130;0,200000000000000000000
266;2383;1,000000000000000000000
267;2713;1,000000000000000000000
269;84925;1,000000000000000000000
276;135;0,153846153846153846153
276;194;0,076923076923076923076
276;695;0,307692307692307692307
276;59745;0,076923076923076923076
276;59841;0,230769230769230769230
276;131383;0,076923076923076923076
276;245879;0,076923076923076923076
279;101;0,333333333333333333333
279;1271;0,666666666666666666666
283;249;0,105263157894736842105
283;1142;0,157894736842105263157
283;1169;0,052631578947368421052
283;1342;0,315789473684210526315
283;4747;0,315789473684210526315
283;9714;0,052631578947368421052
284;251;0,166666666666666666666
284;6981;0,833333333333333333333
287;14;0,200000000000000000000
287;886;0,100000000000000000000
287;1216;0,300000000000000000000
287;1829;0,100000000000000000000
287;1988;0,100000000000000000000
287;2073;0,200000000000000000000
293;1224;1,000000000000000000000
295;12964;1,000000000000000000000
306;5613;0,333333333333333333333
306;6788;0,666666666666666666666
313;8568;0,500000000000000000000
313;8957;0,500000000000000000000
332;452;0,470588235294117647058
332;1174;0,117647058823529411764
332;1647;0,058823529411764705882
332;5071;0,352941176470588235294
334;36;0,142857142857142857142
334;196;0,142857142857142857142
334;756;0,142857142857142857142
334;3029;0,142857142857142857142
334;3557;0,142857142857142857142
334;4215;0,142857142857142857142
334;13041;0,142857142857142857142
339;423;1,000000000000000000000
341;742;0,611111111111111111111
341;3519;0,277777777777777777777
341;4293;0,111111111111111111111
346;3477;1,000000000000000000000
349;1027;1,000000000000000000000
352;5679;1,000000000000000000000
353;779;1,000000000000000000000
365;3143;1,000000000000000000000
379;380;0,500000000000000000000
379;1117;0,250000000000000000000
379;27652;0,250000000000000000000
380;379;0,400000000000000000000
380;1282;0,400000000000000000000
380;1769;0,200000000000000000000
391;10067;1,000000000000000000000
392;115;0,500000000000000000000
392;396;0,500000000000000000000
396;120;0,111111111111111111111
396;392;0,111111111111111111111
396;411;0,111111111111111111111
396;419;0,111111111111111111111
396;2822;0,222222222222222222222
396;4078;0,222222222222222222222
396;5360;0,111111111111111111111
410;337;0,400000000000000000000
410;396;0,200000000000000000000
410;13187;0,400000000000000000000
411;1447;0,333333333333333333333
411;2961;0,333333333333333333333
411;3214;0,333333333333333333333
412;2127;0,500000000000000000000
412;9098;0,250000000000000000000
412;12563;0,250000000000000000000
415;3446;1,000000000000000000000
419;138;0,071428571428571428571
419;375;0,071428571428571428571
419;396;0,071428571428571428571
419;399;0,071428571428571428571
419;418;0,071428571428571428571
419;945;0,071428571428571428571
419;1221;0,071428571428571428571
419;1894;0,071428571428571428571
419;2140;0,071428571428571428571
419;3420;0,142857142857142857142
419;3465;0,071428571428571428571
419;8396;0,071428571428571428571
419;59841;0,071428571428571428571
420;263;0,095238095238095238095
420;617;0,047619047619047619047
420;22173;0,809523809523809523809
420;184646;0,047619047619047619047
427;8774;1,000000000000000000000
443;423;0,333333333333333333333
443;1117;0,333333333333333333333
443;12817;0,333333333333333333333
453;839;0,200000000000000000000
453;1498;0,300000000000000000000
453;1717;0,200000000000000000000
453;4432;0,200000000000000000000
453;4459;0,100000000000000000000
454;71;0,500000000000000000000
454;148;0,250000000000000000000
454;1169;0,250000000000000000000
455;1893;1,000000000000000000000
464;8762;1,000000000000000000000
470;911;0,500000000000000000000
470;16644;0,500000000000000000000
484;1831;1,000000000000000000000
485;199;0,125000000000000000000
485;648;0,125000000000000000000
485;867;0,250000000000000000000
485;1681;0,125000000000000000000
485;4931;0,375000000000000000000
492;1282;1,000000000000000000000
498;74;1,000000000000000000000
502;80;0,080000000000000000000
502;224;0,160000000000000000000
502;876;0,040000000000000000000
502;1130;0,040000000000000000000
502;1131;0,080000000000000000000
502;1248;0,080000000000000000000
502;1765;0,080000000000000000000
502;2664;0,080000000000000000000
502;3443;0,080000000000000000000
502;3515;0,080000000000000000000
502;3625;0,080000000000000000000
502;8698;0,040000000000000000000
502;9660;0,080000000000000000000
519;857;1,000000000000000000000
520;529;0,071428571428571428571
520;1314;0,071428571428571428571
520;1600;0,071428571428571428571
520;1938;0,071428571428571428571
520;4225;0,071428571428571428571
520;5679;0,642857142857142857142
521;528;0,058823529411764705882
521;793;0,058823529411764705882
521;1150;0,058823529411764705882
521;1554;0,058823529411764705882
521;1866;0,176470588235294117647
521;1938;0,058823529411764705882
521;3680;0,058823529411764705882
521;3800;0,117647058823529411764
521;4237;0,058823529411764705882
521;6320;0,058823529411764705882
521;8156;0,117647058823529411764
521;9390;0,058823529411764705882
521;9399;0,058823529411764705882
526;3607;0,200000000000000000000
526;5530;0,800000000000000000000
527;4108;0,500000000000000000000
527;17248;0,500000000000000000000
538;10602;1,000000000000000000000
541;54;0,428571428571428571428
541;550;0,142857142857142857142
541;551;0,142857142857142857142
541;3372;0,142857142857142857142
541;3694;0,142857142857142857142
543;886;0,333333333333333333333
543;2352;0,333333333333333333333
543;5528;0,333333333333333333333
545;6512;0,500000000000000000000
545;14602;0,500000000000000000000
546;547;1,000000000000000000000
547;546;1,000000000000000000000
550;541;0,250000000000000000000
550;596;0,750000000000000000000
551;132;0,250000000000000000000
551;541;0,250000000000000000000
551;5149;0,500000000000000000000
558;2657;1,000000000000000000000
567;738;1,000000000000000000000
568;4;0,500000000000000000000
568;7648;0,500000000000000000000
573;2484;1,000000000000000000000
576;3458;0,500000000000000000000
576;4639;0,500000000000000000000
594;977;1,000000000000000000000
600;2098;0,200000000000000000000
600;3007;0,200000000000000000000
600;6940;0,200000000000000000000
600;7130;0,400000000000000000000
612;9762;1,000000000000000000000
613;22123;1,000000000000000000000
617;420;0,500000000000000000000
617;9982;0,500000000000000000000
621;866;0,200000000000000000000
621;938;0,200000000000000000000
621;5444;0,400000000000000000000
621;13545;0,200000000000000000000
625;11;0,250000000000000000000
625;96;0,625000000000000000000
625;626;0,125000000000000000000
628;194;0,083333333333333333333
628;360;0,166666666666666666666
628;1939;0,083333333333333333333
628;1940;0,416666666666666666666
628;3122;0,083333333333333333333
628;4627;0,166666666666666666666
632;263;0,250000000000000000000
632;8253;0,750000000000000000000
641;3557;1,000000000000000000000
644;71;0,333333333333333333333
644;3098;0,333333333333333333333
644;6511;0,333333333333333333333
645;3123;1,000000000000000000000
648;5149;0,333333333333333333333
648;6986;0,666666666666666666666
652;7920;1,000000000000000000000
662;1944;0,500000000000000000000
662;78108;0,500000000000000000000
667;668;0,750000000000000000000
667;1288;0,062500000000000000000
667;29028;0,187500000000000000000
668;80;0,181818181818181818181
668;530;0,181818181818181818181
668;667;0,272727272727272727272
668;876;0,181818181818181818181
668;933;0,181818181818181818181
669;1500;0,090909090909090909090
669;1513;0,090909090909090909090
669;1939;0,090909090909090909090
669;1956;0,272727272727272727272
669;2191;0,090909090909090909090
669;2506;0,090909090909090909090
669;4245;0,090909090909090909090
669;4268;0,181818181818181818181
675;281;0,571428571428571428571
675;1278;0,142857142857142857142
675;1370;0,285714285714285714285
678;11;0,090909090909090909090
678;385;0,090909090909090909090
678;978;0,181818181818181818181
678;992;0,090909090909090909090
678;1027;0,181818181818181818181
678;1167;0,181818181818181818181
678;1297;0,181818181818181818181
683;681;0,500000000000000000000
683;6773;0,500000000000000000000
689;1945;0,500000000000000000000
689;16921;0,500000000000000000000
695;59745;1,000000000000000000000
698;2087;1,000000000000000000000
700;1754;0,500000000000000000000
700;8172;0,250000000000000000000
700;59745;0,250000000000000000000
708;2991;1,000000000000000000000
731;37814;1,000000000000000000000
733;1397;1,000000000000000000000
739;4334;1,000000000000000000000
744;845;0,666666666666666666666
744;846;0,333333333333333333333
747;213;0,370370370370370370370
747;748;0,037037037037037037037
747;71411;0,074074074074074074074
747;75827;0,407407407407407407407
747;75828;0,074074074074074074074
747;76428;0,037037037037037037037
748;213;0,222222222222222222222
748;747;0,111111111111111111111
748;71411;0,222222222222222222222
748;75827;0,222222222222222222222
748;75828;0,111111111111111111111
748;76428;0,111111111111111111111
749;1168;0,750000000000000000000
749;12430;0,250000000000000000000
758;3374;0,400000000000000000000
758;3563;0,600000000000000000000
763;54;0,181818181818181818181
763;1234;0,090909090909090909090
763;1235;0,090909090909090909090
763;1237;0,272727272727272727272
763;1277;0,181818181818181818181
763;1721;0,090909090909090909090
763;2792;0,090909090909090909090
765;518;1,000000000000000000000
768;822;0,166666666666666666666
768;1613;0,166666666666666666666
768;2448;0,166666666666666666666
768;4283;0,166666666666666666666
768;6148;0,166666666666666666666
768;8633;0,166666666666666666666
779;3395;0,444444444444444444444
779;4989;0,333333333333333333333
779;125861;0,222222222222222222222
791;277;1,000000000000000000000
815;7759;1,000000000000000000000
822;768;0,500000000000000000000
822;4430;0,500000000000000000000
829;1988;0,285714285714285714285
829;2203;0,142857142857142857142
829;3395;0,571428571428571428571
830;1476;0,200000000000000000000
830;2203;0,200000000000000000000
830;3395;0,600000000000000000000
837;194;0,333333333333333333333
837;7577;0,666666666666666666666
839;1313;1,000000000000000000000
841;747;1,000000000000000000000
845;744;0,076923076923076923076
845;846;0,538461538461538461538
845;1263;0,076923076923076923076
845;192866;0,307692307692307692307
846;71;0,042253521126760563380
846;283;0,028169014084507042253
846;293;0,014084507042253521126
846;296;0,028169014084507042253
846;744;0,028169014084507042253
846;845;0,140845070422535211267
846;1342;0,014084507042253521126
846;1344;0,014084507042253521126
846;1437;0,056338028169014084507
846;2435;0,014084507042253521126
846;2697;0,028169014084507042253
846;2731;0,084507042253521126760
846;2744;0,028169014084507042253
846;2786;0,014084507042253521126
846;2863;0,028169014084507042253
846;3123;0,014084507042253521126
846;3256;0,028169014084507042253
846;3427;0,028169014084507042253
846;3683;0,028169014084507042253
846;5149;0,028169014084507042253
846;7030;0,014084507042253521126
846;7975;0,028169014084507042253
846;8715;0,028169014084507042253
846;17549;0,014084507042253521126
846;59841;0,112676056338028169014
846;179346;0,070422535211267605633
846;192866;0,028169014084507042253
846;245879;0,014084507042253521126
849;2713;0,666666666666666666666
849;3395;0,333333333333333333333
851;3053;1,000000000000000000000
855;23;0,007812500000000000000
855;115;0,007812500000000000000
855;140;0,007812500000000000000
855;176;0,015625000000000000000
855;198;0,007812500000000000000
855;201;0,007812500000000000000
855;360;0,007812500000000000000
855;490;0,007812500000000000000
855;543;0,015625000000000000000
855;579;0,007812500000000000000
855;607;0,007812500000000000000
855;652;0,007812500000000000000
855;727;0,007812500000000000000
855;844;0,007812500000000000000
855;885;0,007812500000000000000
855;886;0,007812500000000000000
855;923;0,007812500000000000000
855;988;0,007812500000000000000
855;1053;0,007812500000000000000
855;1120;0,007812500000000000000
855;1210;0,007812500000000000000
855;1307;0,007812500000000000000
855;1416;0,007812500000000000000
855;1501;0,007812500000000000000
855;1585;0,007812500000000000000
855;1719;0,007812500000000000000
855;1841;0,007812500000000000000
855;1843;0,007812500000000000000
855;1855;0,007812500000000000000
855;1864;0,007812500000000000000
855;1923;0,007812500000000000000
855;1949;0,007812500000000000000
855;1956;0,007812500000000000000
855;2048;0,007812500000000000000
855;2117;0,007812500000000000000
855;2125;0,007812500000000000000
855;2162;0,007812500000000000000
855;2198;0,007812500000000000000
855;2199;0,007812500000000000000
855;2210;0,007812500000000000000
855;2278;0,007812500000000000000
855;2288;0,007812500000000000000
855;2352;0,007812500000000000000
855;2469;0,007812500000000000000
855;2621;0,007812500000000000000
855;2704;0,007812500000000000000
855;2794;0,007812500000000000000
855;2850;0,007812500000000000000
855;2851;0,007812500000000000000
855;2884;0,007812500000000000000
855;3015;0,007812500000000000000
855;3235;0,007812500000000000000
855;3480;0,007812500000000000000
855;3481;0,007812500000000000000
855;3482;0,007812500000000000000
855;3508;0,007812500000000000000
855;3532;0,007812500000000000000
855;3567;0,007812500000000000000
855;3678;0,007812500000000000000
855;3763;0,007812500000000000000
855;3815;0,007812500000000000000
855;3891;0,007812500000000000000
855;3911;0,007812500000000000000
855;4004;0,007812500000000000000
855;4268;0,007812500000000000000
855;4355;0,007812500000000000000
855;4486;0,007812500000000000000
855;4814;0,007812500000000000000
855;4860;0,007812500000000000000
855;5061;0,007812500000000000000
855;5088;0,007812500000000000000
855;5089;0,007812500000000000000
855;5172;0,007812500000000000000
855;5493;0,007812500000000000000
855;5521;0,007812500000000000000
855;5613;0,007812500000000000000
855;5719;0,007812500000000000000
855;6406;0,007812500000000000000
855;6557;0,007812500000000000000
855;6856;0,007812500000000000000
855;6994;0,007812500000000000000
855;6997;0,007812500000000000000
855;7009;0,007812500000000000000
855;7911;0,007812500000000000000
855;7920;0,007812500000000000000
855;8062;0,007812500000000000000
855;8909;0,007812500000000000000
855;9300;0,007812500000000000000
855;9338;0,007812500000000000000
855;9360;0,007812500000000000000
855;9468;0,007812500000000000000
855;9476;0,007812500000000000000
855;9542;0,007812500000000000000
855;10480;0,007812500000000000000
855;10640;0,007812500000000000000
855;10988;0,007812500000000000000
855;12577;0,007812500000000000000
855;13122;0,007812500000000000000
855;13158;0,007812500000000000000
855;13178;0,007812500000000000000
855;13907;0,007812500000000000000
855;14602;0,007812500000000000000
855;14683;0,007812500000000000000
855;14803;0,007812500000000000000
855;14881;0,007812500000000000000
855;15331;0,007812500000000000000
855;15762;0,007812500000000000000
855;15888;0,007812500000000000000
855;16280;0,007812500000000000000
855;17584;0,007812500000000000000
855;17585;0,007812500000000000000
855;17622;0,007812500000000000000
855;17665;0,007812500000000000000
855;18070;0,007812500000000000000
855;18071;0,007812500000000000000
855;18396;0,007812500000000000000
855;20801;0,007812500000000000000
855;21005;0,007812500000000000000
855;22702;0,007812500000000000000
855;22705;0,007812500000000000000
855;22880;0,007812500000000000000
855;23930;0,007812500000000000000
855;23952;0,007812500000000000000
855;23953;0,007812500000000000000
855;23954;0,007812500000000000000
855;251782;0,007812500000000000000
860;2469;1,000000000000000000000
861;267;0,500000000000000000000
861;4507;0,500000000000000000000
866;970;1,000000000000000000000
867;485;0,500000000000000000000
867;551;0,500000000000000000000
870;2254;1,000000000000000000000
877;5679;1,000000000000000000000
883;4765;1,000000000000000000000
885;306;0,333333333333333333333
885;2117;0,333333333333333333333
885;2863;0,333333333333333333333
886;287;0,250000000000000000000
886;543;0,375000000000000000000
886;607;0,125000000000000000000
886;1262;0,125000000000000000000
886;3015;0,125000000000000000000
899;490;1,000000000000000000000
911;470;0,142857142857142857142
911;960;0,142857142857142857142
911;4281;0,142857142857142857142
911;6581;0,142857142857142857142
911;8500;0,142857142857142857142
911;9409;0,142857142857142857142
911;57838;0,142857142857142857142
918;1027;0,400000000000000000000
918;3204;0,200000000000000000000
918;3223;0,200000000000000000000
918;10649;0,200000000000000000000
925;1520;0,333333333333333333333
925;4099;0,333333333333333333333
925;19707;0,333333333333333333333
930;3697;1,000000000000000000000
933;80;0,166666666666666666666
933;452;0,166666666666666666666
933;718;0,166666666666666666666
933;2516;0,333333333333333333333
933;3515;0,166666666666666666666
938;621;0,111111111111111111111
938;5679;0,888888888888888888888
945;1169;0,500000000000000000000
945;7975;0,500000000000000000000
955;1253;1,000000000000000000000
960;911;0,200000000000000000000
960;4281;0,200000000000000000000
960;6581;0,200000000000000000000
960;8500;0,200000000000000000000
960;9409;0,200000000000000000000
965;2147;0,500000000000000000000
965;2786;0,500000000000000000000
970;866;1,000000000000000000000
977;866;0,923076923076923076923
977;2740;0,076923076923076923076
980;1277;1,000000000000000000000
982;263;0,333333333333333333333
982;845;0,333333333333333333333
982;1041;0,333333333333333333333
983;1169;0,142857142857142857142
983;21697;0,857142857142857142857
990;7377;1,000000000000000000000
992;113;0,074074074074074074074
992;678;0,037037037037037037037
992;1234;0,037037037037037037037
992;1237;0,037037037037037037037
992;1591;0,037037037037037037037
992;1647;0,185185185185185185185
992;1931;0,037037037037037037037
992;2661;0,037037037037037037037
992;2684;0,111111111111111111111
992;6962;0,074074074074074074074
992;48255;0,037037037037037037037
992;115105;0,296296296296296296296
995;54;0,100000000000000000000
995;189;0,400000000000000000000
995;281;0,100000000000000000000
995;658;0,200000000000000000000
995;1866;0,100000000000000000000
995;8602;0,100000000000000000000
1010;216;0,200000000000000000000
1010;2001;0,200000000000000000000
1010;3809;0,400000000000000000000
1010;13504;0,200000000000000000000
1014;437;1,000000000000000000000
1024;339;0,333333333333333333333
1024;849;0,333333333333333333333
1024;28752;0,333333333333333333333
1030;3685;1,000000000000000000000
1034;2741;1,000000000000000000000
1041;420;0,250000000000000000000
1041;845;0,250000000000000000000
1041;982;0,500000000000000000000
1044;2215;0,666666666666666666666
1044;10740;0,333333333333333333333
1046;1253;0,250000000000000000000
1046;4424;0,250000000000000000000
1046;9720;0,250000000000000000000
1046;9730;0,250000000000000000000
1050;15507;1,000000000000000000000
1055;172;0,250000000000000000000
1055;8928;0,250000000000000000000
1055;20393;0,500000000000000000000
1058;3188;1,000000000000000000000
1060;3271;1,000000000000000000000
1064;232;0,636363636363636363636
1064;1563;0,272727272727272727272
1064;4085;0,090909090909090909090
1066;65;0,250000000000000000000
1066;1169;0,250000000000000000000
1066;1681;0,375000000000000000000
1066;2786;0,125000000000000000000
1069;2961;1,000000000000000000000
1073;770;0,333333333333333333333
1073;1315;0,111111111111111111111
1073;8164;0,111111111111111111111
1073;8165;0,111111111111111111111
1073;9513;0,333333333333333333333
1076;2551;1,000000000000000000000
1079;8568;1,000000000000000000000
1082;4;0,032258064516129032258
1082;37;0,032258064516129032258
1082;38;0,032258064516129032258
1082;189;0,064516129032258064516
1082;609;0,032258064516129032258
1082;891;0,129032258064516129032
1082;1083;0,096774193548387096774
1082;1724;0,032258064516129032258
1082;1840;0,032258064516129032258
1082;1854;0,032258064516129032258
1082;2433;0,032258064516129032258
1082;2778;0,032258064516129032258
1082;3518;0,032258064516129032258
1082;4372;0,032258064516129032258
1082;4374;0,032258064516129032258
1082;4522;0,064516129032258064516
1082;6701;0,032258064516129032258
1082;7756;0,032258064516129032258
1082;10255;0,032258064516129032258
1082;11656;0,032258064516129032258
1082;11734;0,032258064516129032258
1082;13141;0,032258064516129032258
1082;13899;0,032258064516129032258
1082;18622;0,032258064516129032258
1083;38;0,066666666666666666666
1083;1082;0,533333333333333333333
1083;4435;0,333333333333333333333
1083;7954;0,066666666666666666666
1109;2146;1,000000000000000000000
1114;1325;1,000000000000000000000
1117;72;0,083333333333333333333
1117;379;0,083333333333333333333
1117;443;0,083333333333333333333
1117;1169;0,083333333333333333333
1117;2972;0,083333333333333333333
1117;8253;0,250000000000000000000
1117;116140;0,333333333333333333333
1121;4450;0,333333333333333333333
1121;5082;0,333333333333333333333
1121;5367;0,333333333333333333333
1123;2119;1,000000000000000000000
1142;283;0,125000000000000000000
1142;1141;0,125000000000000000000
1142;2714;0,125000000000000000000
1142;3246;0,125000000000000000000
1142;3872;0,125000000000000000000
1142;5223;0,375000000000000000000
1143;138;0,750000000000000000000
1143;644;0,250000000000000000000
1150;521;0,333333333333333333333
1150;2916;0,666666666666666666666
1153;9657;1,000000000000000000000
1154;1981;0,222222222222222222222
1154;2302;0,444444444444444444444
1154;4553;0,222222222222222222222
1154;12775;0,111111111111111111111
1160;1190;0,200000000000000000000
1160;1513;0,400000000000000000000
1160;6634;0,400000000000000000000
1165;102;0,111111111111111111111
1165;748;0,111111111111111111111
1165;1637;0,222222222222222222222
1165;2734;0,111111111111111111111
1165;11552;0,444444444444444444444
1168;628;0,333333333333333333333
1168;1939;0,333333333333333333333
1168;1940;0,333333333333333333333
1169;71;0,084415584415584415584
1169;100;0,051948051948051948051
1169;194;0,006493506493506493506
1169;276;0,051948051948051948051
1169;283;0,006493506493506493506
1169;420;0,006493506493506493506
1169;628;0,006493506493506493506
1169;695;0,058441558441558441558
1169;696;0,051948051948051948051
1169;945;0,006493506493506493506
1169;982;0,006493506493506493506
1169;983;0,006493506493506493506
1169;1066;0,006493506493506493506
1169;1939;0,006493506493506493506
1169;1942;0,051948051948051948051
1169;1943;0,051948051948051948051
1169;1944;0,051948051948051948051
1169;1945;0,051948051948051948051
1169;1946;0,045454545454545454545
1169;2863;0,012987012987012987012
1169;3123;0,006493506493506493506
1169;3256;0,006493506493506493506
1169;3427;0,006493506493506493506
1169;3523;0,051948051948051948051
1169;3683;0,006493506493506493506
1169;4512;0,051948051948051948051
1169;4874;0,006493506493506493506
1169;5149;0,006493506493506493506
1169;8715;0,006493506493506493506
1169;59745;0,155844155844155844155
1169;59841;0,019480519480519480519
1169;98841;0,051948051948051948051
1174;531;0,200000000000000000000
1174;718;0,200000000000000000000
1174;754;0,200000000000000000000
1174;876;0,200000000000000000000
1174;1361;0,200000000000000000000
1178;1762;1,000000000000000000000
1184;1254;1,000000000000000000000
1190;1160;1,000000000000000000000
1198;2745;1,000000000000000000000
1206;13;0,600000000000000000000
1206;6250;0,200000000000000000000
1206;13236;0,200000000000000000000
1210;211;1,000000000000000000000
1216;287;1,000000000000000000000
1220;9215;1,000000000000000000000
1221;10480;1,000000000000000000000
1224;59841;1,000000000000000000000
1231;3145;0,142857142857142857142
1231;4306;0,142857142857142857142
1231;6511;0,142857142857142857142
1231;7686;0,571428571428571428571
1234;1236;0,333333333333333333333
1234;1277;0,666666666666666666666
1235;1277;0,600000000000000000000
1235;3393;0,400000000000000000000
1236;520;0,090909090909090909090
1236;521;0,090909090909090909090
1236;527;0,181818181818181818181
1236;621;0,090909090909090909090
1236;1234;0,090909090909090909090
1236;1277;0,090909090909090909090
1236;5012;0,090909090909090909090
1236;21154;0,272727272727272727272
1237;763;0,400000000000000000000
1237;992;0,200000000000000000000
1237;1234;0,200000000000000000000
1237;1277;0,200000000000000000000
1246;2897;0,400000000000000000000
1246;3225;0,400000000000000000000
1246;9686;0,200000000000000000000
1248;3443;1,000000000000000000000
1253;955;0,400000000000000000000
1253;1046;0,200000000000000000000
1253;22123;0,400000000000000000000
1254;1184;0,750000000000000000000
1254;190971;0,250000000000000000000
1261;4890;1,000000000000000000000
1265;1462;1,000000000000000000000
1277;826;0,095238095238095238095
1277;980;0,095238095238095238095
1277;1234;0,333333333333333333333
1277;1235;0,238095238095238095238
1277;1236;0,095238095238095238095
1277;1237;0,047619047619047619047
1277;1278;0,095238095238095238095
1278;135;0,571428571428571428571
1278;675;0,142857142857142857142
1278;1277;0,142857142857142857142
1278;1996;0,142857142857142857142
1282;380;1,000000000000000000000
1286;65;0,400000000000000000000
1286;1754;0,100000000000000000000
1286;7941;0,500000000000000000000
1297;678;1,000000000000000000000
1310;2991;1,000000000000000000000
1319;596;1,000000000000000000000
1324;1335;1,000000000000000000000
1325;1114;0,400000000000000000000
1325;1838;0,400000000000000000000
1325;2153;0,200000000000000000000
1330;1332;0,083333333333333333333
1330;5679;0,916666666666666666666
1333;1325;0,333333333333333333333
1333;1327;0,333333333333333333333
1333;1332;0,333333333333333333333
1335;1200;0,050000000000000000000
1335;1324;0,050000000000000000000
1335;5367;0,100000000000000000000
1335;17047;0,800000000000000000000
1340;351;0,500000000000000000000
1340;3362;0,500000000000000000000
1342;283;0,222222222222222222222
1342;846;0,222222222222222222222
1342;4747;0,444444444444444444444
1342;163510;0,111111111111111111111
1344;179346;1,000000000000000000000
1348;109;1,000000000000000000000
1370;281;0,333333333333333333333
1370;452;0,666666666666666666666
1372;4852;1,000000000000000000000
1397;241;0,095238095238095238095
1397;591;0,095238095238095238095
1397;1096;0,047619047619047619047
1397;1915;0,095238095238095238095
1397;2239;0,095238095238095238095
1397;3481;0,095238095238095238095
1397;4386;0,095238095238095238095
1397;4931;0,095238095238095238095
1397;5457;0,095238095238095238095
1397;9226;0,095238095238095238095
1397;14765;0,095238095238095238095
1416;543;0,880952380952380952380
1416;5061;0,119047619047619047619
1427;1991;1,000000000000000000000
1432;3570;0,333333333333333333333
1432;17549;0,666666666666666666666
1434;1694;0,333333333333333333333
1434;6515;0,333333333333333333333
1434;7873;0,333333333333333333333
1437;846;0,875000000000000000000
1437;192866;0,125000000000000000000
1443;2146;1,000000000000000000000
1446;1447;0,400000000000000000000
1446;2112;0,600000000000000000000
1453;9693;1,000000000000000000000
1462;73;0,250000000000000000000
1462;596;0,250000000000000000000
1462;1265;0,250000000000000000000
1462;5149;0,250000000000000000000
1464;1637;1,000000000000000000000
1468;85;0,089285714285714285714
1468;359;0,071428571428571428571
1468;397;0,107142857142857142857
1468;1485;0,107142857142857142857
1468;2609;0,107142857142857142857
1468;5440;0,071428571428571428571
1468;7694;0,107142857142857142857
1468;9066;0,125000000000000000000
1468;9437;0,107142857142857142857
1468;27066;0,107142857142857142857
1471;5449;1,000000000000000000000
1473;529;0,333333333333333333333
1473;1150;0,333333333333333333333
1473;9110;0,333333333333333333333
1476;830;1,000000000000000000000
1485;5679;1,000000000000000000000
1512;35;0,333333333333333333333
1512;1719;0,333333333333333333333
1512;5011;0,333333333333333333333
1513;669;0,200000000000000000000
1513;1160;0,400000000000000000000
1513;4080;0,200000000000000000000
1513;6008;0,200000000000000000000
1544;1979;0,250000000000000000000
1544;2435;0,500000000000000000000
1544;5679;0,250000000000000000000
1545;1768;0,250000000000000000000
1545;1967;0,250000000000000000000
1545;2543;0,500000000000000000000
1554;521;0,200000000000000000000
1554;793;0,600000000000000000000
1554;6048;0,200000000000000000000
1565;54;0,125000000000000000000
1565;1684;0,125000000000000000000
1565;2511;0,125000000000000000000
1565;2802;0,125000000000000000000
1565;2972;0,125000000000000000000
1565;4000;0,250000000000000000000
1565;7630;0,125000000000000000000
1567;114536;1,000000000000000000000
1570;1931;1,000000000000000000000
1589;738;1,000000000000000000000
1591;3234;0,500000000000000000000
1591;3381;0,250000000000000000000
1591;10020;0,250000000000000000000
1597;20390;1,000000000000000000000
1606;6524;1,000000000000000000000
1610;1609;1,000000000000000000000
1613;768;0,333333333333333333333
1613;2291;0,333333333333333333333
1613;5682;0,333333333333333333333
1637;1165;0,375000000000000000000
1637;1464;0,500000000000000000000
1637;2712;0,125000000000000000000
1639;8147;0,666666666666666666666
1639;9350;0,333333333333333333333
1644;407;0,500000000000000000000
1644;904;0,500000000000000000000
1657;6502;1,000000000000000000000
1671;2434;1,000000000000000000000
1681;302;0,045454545454545454545
1681;660;0,045454545454545454545
1681;704;0,045454545454545454545
1681;738;0,045454545454545454545
1681;835;0,045454545454545454545
1681;1066;0,090909090909090909090
1681;2435;0,045454545454545454545
1681;2786;0,045454545454545454545
1681;2834;0,045454545454545454545
1681;3105;0,045454545454545454545
1681;3256;0,045454545454545454545
1681;3427;0,045454545454545454545
1681;3683;0,045454545454545454545
1681;5638;0,181818181818181818181
1681;8229;0,045454545454545454545
1681;8715;0,045454545454545454545
1681;245879;0,045454545454545454545
1681;282900;0,045454545454545454545
1710;9258;1,000000000000000000000
1717;649;0,200000000000000000000
1717;839;0,200000000000000000000
1717;2073;0,400000000000000000000
1717;4772;0,200000000000000000000
1723;417;1,000000000000000000000
1728;1137;0,250000000000000000000
1728;1397;0,250000000000000000000
1728;1729;0,250000000000000000000
1728;1762;0,250000000000000000000
1729;4334;1,000000000000000000000
1744;15887;1,000000000000000000000
1754;65;0,038461538461538461538
1754;194;0,038461538461538461538
1754;628;0,076923076923076923076
1754;652;0,038461538461538461538
1754;700;0,038461538461538461538
1754;837;0,038461538461538461538
1754;1079;0,038461538461538461538
1754;1286;0,076923076923076923076
1754;1762;0,076923076923076923076
1754;2115;0,038461538461538461538
1754;2188;0,038461538461538461538
1754;2296;0,038461538461538461538
1754;3829;0,038461538461538461538
1754;3916;0,038461538461538461538
1754;4699;0,038461538461538461538
1754;7215;0,076923076923076923076
1754;7598;0,038461538461538461538
1754;7626;0,038461538461538461538
1754;7630;0,038461538461538461538
1754;13799;0,038461538461538461538
1754;26347;0,038461538461538461538
1754;98068;0,038461538461538461538
1762;1178;0,250000000000000000000
1762;1754;0,250000000000000000000
1762;2961;0,250000000000000000000
1762;5657;0,250000000000000000000
1768;138;1,000000000000000000000
1769;380;1,000000000000000000000
1771;2275;0,333333333333333333333
1771;4217;0,333333333333333333333
1771;20307;0,333333333333333333333
1778;2948;1,000000000000000000000
1810;11;0,111111111111111111111
1810;983;0,111111111111111111111
1810;1459;0,111111111111111111111
1810;1562;0,111111111111111111111
1810;1917;0,111111111111111111111
1810;2057;0,111111111111111111111
1810;2502;0,111111111111111111111
1810;3579;0,111111111111111111111
1810;3591;0,111111111111111111111
1814;2087;1,000000000000000000000
1815;1277;1,000000000000000000000
1831;484;1,000000000000000000000
1838;1325;1,000000000000000000000
1840;608;0,500000000000000000000
1840;1082;0,500000000000000000000
1864;1210;1,000000000000000000000
1866;521;0,200000000000000000000
1866;995;0,200000000000000000000
1866;3800;0,200000000000000000000
1866;6320;0,200000000000000000000
1866;8156;0,200000000000000000000
1868;13502;1,000000000000000000000
1889;2713;0,750000000000000000000
1889;6440;0,250000000000000000000
1893;455;1,000000000000000000000
1897;571;0,250000000000000000000
1897;3141;0,750000000000000000000
1901;15906;1,000000000000000000000
1913;3100;0,500000000000000000000
1913;7660;0,500000000000000000000
1931;992;0,166666666666666666666
1931;1570;0,166666666666666666666
1931;2684;0,333333333333333333333
1931;115105;0,333333333333333333333
1945;360;1,000000000000000000000
1946;2277;1,000000000000000000000
1948;71;0,500000000000000000000
1948;3123;0,500000000000000000000
1951;9992;1,000000000000000000000
1956;669;1,000000000000000000000
1967;1545;0,285714285714285714285
1967;6723;0,142857142857142857142
1967;8139;0,285714285714285714285
1967;75230;0,285714285714285714285
1976;111;1,000000000000000000000
1983;27652;1,000000000000000000000
1988;237;0,111111111111111111111
1988;287;0,111111111111111111111
1988;827;0,111111111111111111111
1988;829;0,111111111111111111111
1988;1033;0,222222222222222222222
1988;3005;0,111111111111111111111
1988;6991;0,111111111111111111111
1988;6992;0,111111111111111111111
1991;224;0,304347826086956521739
1991;1427;0,347826086956521739130
1991;6517;0,347826086956521739130
2005;519;1,000000000000000000000
2017;2064;0,500000000000000000000
2017;8623;0,500000000000000000000
2021;3241;0,500000000000000000000
2021;4821;0,250000000000000000000
2021;13799;0,250000000000000000000
2023;18247;1,000000000000000000000
2039;2046;1,000000000000000000000
2043;14;1,000000000000000000000
2046;2039;1,000000000000000000000
2064;2017;0,500000000000000000000
2064;8623;0,333333333333333333333
2064;9395;0,166666666666666666666
2073;1717;1,000000000000000000000
2086;5679;1,000000000000000000000
2087;698;0,500000000000000000000
2087;1814;0,500000000000000000000
2098;600;0,600000000000000000000
2098;7130;0,400000000000000000000
2109;172;0,333333333333333333333
2109;855;0,333333333333333333333
2109;5619;0,333333333333333333333
2111;1235;1,000000000000000000000
2112;1277;1,000000000000000000000
2117;885;1,000000000000000000000
2119;1123;1,000000000000000000000
2127;16921;1,000000000000000000000
2137;11869;1,000000000000000000000
2139;5071;1,000000000000000000000
2140;388;0,125000000000000000000
2140;419;0,125000000000000000000
2140;549;0,125000000000000000000
2140;805;0,125000000000000000000
2140;904;0,125000000000000000000
2140;2127;0,125000000000000000000
2140;3697;0,125000000000000000000
2140;4078;0,125000000000000000000
2146;1109;0,200000000000000000000
2146;1443;0,200000000000000000000
2146;2786;0,600000000000000000000
2147;190971;1,000000000000000000000
2164;2602;1,000000000000000000000
2175;4145;0,130434782608695652173
2175;6236;0,043478260869565217391
2175;65998;0,826086956521739130434
2191;14;0,047619047619047619047
2191;249;0,047619047619047619047
2191;621;0,047619047619047619047
2191;862;0,047619047619047619047
2191;1002;0,047619047619047619047
2191;1463;0,047619047619047619047
2191;1515;0,047619047619047619047
2191;2181;0,047619047619047619047
2191;2213;0,047619047619047619047
2191;2293;0,047619047619047619047
2191;3315;0,047619047619047619047
2191;3408;0,047619047619047619047
2191;3953;0,047619047619047619047
2191;4501;0,047619047619047619047
2191;5071;0,047619047619047619047
2191;5449;0,047619047619047619047
2191;8738;0,047619047619047619047
2191;9112;0,047619047619047619047
2191;9394;0,047619047619047619047
2191;10178;0,047619047619047619047
2191;14733;0,047619047619047619047
2199;1719;1,000000000000000000000
2200;5089;1,000000000000000000000
2203;72;0,500000000000000000000
2203;1182;0,500000000000000000000
2204;3188;1,000000000000000000000
2215;1044;0,250000000000000000000
2215;2214;0,250000000000000000000
2215;10740;0,500000000000000000000
2216;351;0,500000000000000000000
2216;4232;0,500000000000000000000
2218;12098;1,000000000000000000000
2223;135596;1,000000000000000000000
2239;1598;1,000000000000000000000
2254;870;1,000000000000000000000
2269;237;0,187500000000000000000
2269;2742;0,125000000000000000000
2269;2847;0,062500000000000000000
2269;3246;0,437500000000000000000
2269;8147;0,187500000000000000000
2272;192;1,000000000000000000000
2280;4491;1,000000000000000000000
2287;6567;1,000000000000000000000
2310;320;0,500000000000000000000
2310;648;0,500000000000000000000
2330;3393;0,500000000000000000000
2330;9419;0,500000000000000000000
2337;2438;0,333333333333333333333
2337;3071;0,333333333333333333333
2337;4657;0,333333333333333333333
2350;148;0,250000000000000000000
2350;891;0,750000000000000000000
2355;827;0,250000000000000000000
2355;3098;0,750000000000000000000
2364;779;0,272727272727272727272
2364;1135;0,090909090909090909090
2364;3395;0,090909090909090909090
2364;4989;0,272727272727272727272
2364;5679;0,181818181818181818181
2364;125861;0,090909090909090909090
2369;1274;1,000000000000000000000
2374;689;1,000000000000000000000
2379;3234;1,000000000000000000000
2383;266;1,000000000000000000000
2422;5782;1,000000000000000000000
2424;47;0,100000000000000000000
2424;1669;0,100000000000000000000
2424;2176;0,100000000000000000000
2424;2659;0,100000000000000000000
2424;2897;0,150000000000000000000
2424;3570;0,150000000000000000000
2424;5654;0,100000000000000000000
2424;6088;0,100000000000000000000
2424;12387;0,100000000000000000000
2434;611;0,500000000000000000000
2434;5119;0,500000000000000000000
2448;768;1,000000000000000000000
2450;4510;1,000000000000000000000
2461;3633;1,000000000000000000000
2464;85;0,333333333333333333333
2464;2741;0,333333333333333333333
2464;5824;0,333333333333333333333
2469;860;0,333333333333333333333
2469;3155;0,333333333333333333333
2469;20662;0,333333333333333333333
2474;248;1,000000000000000000000
2484;573;1,000000000000000000000
2489;1637;1,000000000000000000000
2498;2895;0,500000000000000000000
2498;6316;0,500000000000000000000
2504;643;0,500000000000000000000
2504;9138;0,500000000000000000000
2516;904;0,333333333333333333333
2516;933;0,333333333333333333333
2516;1248;0,333333333333333333333
2520;8281;1,000000000000000000000
2523;248;1,000000000000000000000
2543;1282;0,166666666666666666666
2543;1768;0,500000000000000000000
2543;2778;0,166666666666666666666
2543;6723;0,166666666666666666666
2551;1076;0,250000000000000000000
2551;2175;0,250000000000000000000
2551;7030;0,250000000000000000000
2551;27686;0,250000000000000000000
2554;3876;1,000000000000000000000
2555;2923;1,000000000000000000000
2585;660;0,277777777777777777777
2585;1965;0,055555555555555555555
2585;4639;0,277777777777777777777
2585;13720;0,388888888888888888888
2591;21697;1,000000000000000000000
2592;2761;1,000000000000000000000
2609;1468;1,000000000000000000000
2614;2080;1,000000000000000000000
2630;7574;1,000000000000000000000
2647;484;1,000000000000000000000
2657;8525;1,000000000000000000000
2678;290;1,000000000000000000000
2684;113;0,050000000000000000000
2684;135;0,050000000000000000000
2684;992;0,250000000000000000000
2684;1235;0,100000000000000000000
2684;1236;0,050000000000000000000
2684;1931;0,200000000000000000000
2684;115105;0,300000000000000000000
2706;267;0,142857142857142857142
2706;1583;0,714285714285714285714
2706;3045;0,142857142857142857142
2712;1637;1,000000000000000000000
2713;250;0,777777777777777777777
2713;849;0,111111111111111111111
2713;17720;0,111111111111111111111
2714;250;0,222222222222222222222
2714;1142;0,111111111111111111111
2714;8345;0,333333333333333333333
2714;10606;0,333333333333333333333
2734;1165;1,000000000000000000000
2741;722;0,500000000000000000000
2741;5223;0,500000000000000000000
2761;2592;1,000000000000000000000
2778;1082;1,000000000000000000000
2779;3714;1,000000000000000000000
2786;846;0,125000000000000000000
2786;965;0,250000000000000000000
2786;1066;0,125000000000000000000
2786;1681;0,125000000000000000000
2786;13795;0,375000000000000000000
2788;24;1,000000000000000000000
2792;763;1,000000000000000000000
2800;3636;1,000000000000000000000
2803;2109;0,333333333333333333333
2803;5306;0,594202898550724637681
2803;140271;0,072463768115942028985
2822;396;1,000000000000000000000
2825;7873;1,000000000000000000000
2826;2825;0,153846153846153846153
2826;3268;0,076923076923076923076
2826;7183;0,076923076923076923076
2826;7874;0,538461538461538461538
2826;27708;0,153846153846153846153
2834;846;0,285714285714285714285
2834;1681;0,142857142857142857142
2834;4777;0,285714285714285714285
2834;5638;0,285714285714285714285
2850;3911;1,000000000000000000000
2865;2844;1,000000000000000000000
2893;5660;1,000000000000000000000
2897;1092;0,500000000000000000000
2897;1246;0,500000000000000000000
2916;158;0,083333333333333333333
2916;391;0,166666666666666666666
2916;854;0,083333333333333333333
2916;1150;0,083333333333333333333
2916;1938;0,166666666666666666666
2916;2433;0,083333333333333333333
2916;2445;0,166666666666666666666
2916;6581;0,166666666666666666666
2923;12;0,062500000000000000000
2923;135;0,062500000000000000000
2923;146;0,062500000000000000000
2923;422;0,062500000000000000000
2923;1254;0,062500000000000000000
2923;1301;0,062500000000000000000
2923;1620;0,062500000000000000000
2923;2555;0,062500000000000000000
2923;3427;0,062500000000000000000
2923;4361;0,062500000000000000000
2923;4444;0,062500000000000000000
2923;4445;0,062500000000000000000
2923;4446;0,062500000000000000000
2923;5896;0,062500000000000000000
2923;11427;0,062500000000000000000
2923;12489;0,062500000000000000000
2925;733;1,000000000000000000000
2932;129;1,000000000000000000000
2948;4;0,400000000000000000000
2948;1778;0,600000000000000000000
2961;411;0,400000000000000000000
2961;1069;0,200000000000000000000
2961;1762;0,400000000000000000000
2962;84925;1,000000000000000000000
2990;681;1,000000000000000000000
2991;1310;0,500000000000000000000
2991;1868;0,500000000000000000000
3005;1988;0,500000000000000000000
3005;3601;0,500000000000000000000
3007;609;0,500000000000000000000
3007;708;0,500000000000000000000
3022;2815;0,250000000000000000000
3022;5530;0,250000000000000000000
3022;5614;0,250000000000000000000
3022;12745;0,250000000000000000000
3033;45;0,250000000000000000000
3033;61;0,250000000000000000000
3033;1556;0,250000000000000000000
3033;5636;0,250000000000000000000
3049;415;0,333333333333333333333
3049;1727;0,333333333333333333333
3049;8957;0,333333333333333333333
3085;65;0,011235955056179775280
3085;960;0,101123595505617977528
3085;1401;0,067415730337078651685
3085;1443;0,089887640449438202247
3085;2146;0,011235955056179775280
3085;2697;0,101123595505617977528
3085;4146;0,101123595505617977528
3085;4147;0,101123595505617977528
3085;5367;0,101123595505617977528
3085;5679;0,022471910112359550561
3085;5691;0,044943820224719101123
3085;10658;0,089887640449438202247
3085;14899;0,101123595505617977528
3085;17323;0,033707865168539325842
3085;169356;0,022471910112359550561
3087;891;1,000000000000000000000
3096;1165;1,000000000000000000000
3098;2355;0,200000000000000000000
3098;3123;0,400000000000000000000
3098;140271;0,400000000000000000000
3100;4435;1,000000000000000000000
3122;5679;1,000000000000000000000
3123;283;0,032258064516129032258
3123;296;0,032258064516129032258
3123;645;0,161290322580645161290
3123;846;0,032258064516129032258
3123;1152;0,193548387096774193548
3123;1169;0,032258064516129032258
3123;1948;0,032258064516129032258
3123;2435;0,032258064516129032258
3123;2697;0,032258064516129032258
3123;2863;0,032258064516129032258
3123;3098;0,064516129032258064516
3123;3256;0,032258064516129032258
3123;3427;0,032258064516129032258
3123;3683;0,032258064516129032258
3123;5149;0,032258064516129032258
3123;7975;0,032258064516129032258
3123;8715;0,032258064516129032258
3123;12959;0,032258064516129032258
3123;14481;0,032258064516129032258
3123;59841;0,064516129032258064516
3141;1897;0,375000000000000000000
3141;2736;0,250000000000000000000
3141;3145;0,125000000000000000000
3141;57838;0,250000000000000000000
3143;365;1,000000000000000000000
3145;1231;0,125000000000000000000
3145;2736;0,125000000000000000000
3145;3141;0,375000000000000000000
3145;3414;0,125000000000000000000
3145;4219;0,250000000000000000000
3169;8441;1,000000000000000000000
3176;2467;0,200000000000000000000
3176;17278;0,600000000000000000000
3176;184987;0,200000000000000000000
3188;2204;1,000000000000000000000
3204;3205;1,000000000000000000000
3205;3204;1,000000000000000000000
3212;13452;1,000000000000000000000
3214;411;1,000000000000000000000
3222;1092;1,000000000000000000000
3223;351;1,000000000000000000000
3233;2326;0,500000000000000000000
3233;14653;0,500000000000000000000
3235;71;0,166666666666666666666
3235;2851;0,166666666666666666666
3235;4355;0,166666666666666666666
3235;5440;0,166666666666666666666
3235;6406;0,333333333333333333333
3241;4906;1,000000000000000000000
3245;14151;1,000000000000000000000
3251;59;1,000000000000000000000
3256;1169;0,250000000000000000000
3256;1171;0,250000000000000000000
3256;24254;0,250000000000000000000
3256;59841;0,250000000000000000000
3268;2826;1,000000000000000000000
3271;1060;1,000000000000000000000
3284;10103;1,000000000000000000000
3318;9288;1,000000000000000000000
3359;161;0,500000000000000000000
3359;3427;0,500000000000000000000
3383;196;0,750000000000000000000
3383;4787;0,250000000000000000000
3393;1235;0,333333333333333333333
3393;2330;0,333333333333333333333
3393;2741;0,166666666666666666666
3393;8489;0,166666666666666666666
3395;72;0,125000000000000000000
3395;779;0,500000000000000000000
3395;2280;0,125000000000000000000
3395;3570;0,125000000000000000000
3395;20648;0,125000000000000000000
3403;2214;1,000000000000000000000
3411;4424;0,500000000000000000000
3411;12591;0,500000000000000000000
3414;4262;1,000000000000000000000
3420;419;0,500000000000000000000
3420;3318;0,500000000000000000000
3426;178;1,000000000000000000000
3427;174;0,133333333333333333333
3427;1064;0,066666666666666666666
3427;1454;0,133333333333333333333
3427;1563;0,066666666666666666666
3427;8212;0,233333333333333333333
3427;8213;0,200000000000000000000
3427;59841;0,033333333333333333333
3427;114536;0,133333333333333333333
3429;6371;1,000000000000000000000
3446;415;0,400000000000000000000
3446;21986;0,600000000000000000000
3450;295;0,200000000000000000000
3450;3359;0,200000000000000000000
3450;9019;0,200000000000000000000
3450;9722;0,200000000000000000000
3450;140271;0,200000000000000000000
3458;576;1,000000000000000000000
3477;346;1,000000000000000000000
3496;638;1,000000000000000000000
3500;2403;0,500000000000000000000
3500;9832;0,500000000000000000000
3523;276;0,500000000000000000000
3523;354;0,500000000000000000000
3528;1034;1,000000000000000000000
3574;71;1,000000000000000000000
3586;5012;0,200000000000000000000
3586;7699;0,600000000000000000000
3586;48255;0,200000000000000000000
3587;8464;1,000000000000000000000
3591;1810;1,000000000000000000000
3615;392;1,000000000000000000000
3618;3978;0,500000000000000000000
3618;9992;0,500000000000000000000
3633;2461;1,000000000000000000000
3636;2800;0,500000000000000000000
3636;5142;0,500000000000000000000
3637;17190;1,000000000000000000000
3678;3840;1,000000000000000000000
3685;891;0,100000000000000000000
3685;1030;0,200000000000000000000
3685;5627;0,200000000000000000000
3685;8267;0,200000000000000000000
3685;8306;0,200000000000000000000
3685;15643;0,100000000000000000000
3736;8090;1,000000000000000000000
3774;1985;1,000000000000000000000
3800;521;0,333333333333333333333
3800;1866;0,333333333333333333333
3800;8156;0,333333333333333333333
3802;5071;1,000000000000000000000
3811;90123;1,000000000000000000000
3842;5010;0,166666666666666666666
3842;5037;0,666666666666666666666
3842;12441;0,166666666666666666666
3852;6498;1,000000000000000000000
3867;529;1,000000000000000000000
3876;13;0,400000000000000000000
3876;2554;0,200000000000000000000
3876;7328;0,200000000000000000000
3876;140271;0,200000000000000000000
3911;2850;1,000000000000000000000
3916;7260;0,666666666666666666666
3916;8859;0,333333333333333333333
3944;3557;1,000000000000000000000
3957;7209;0,500000000000000000000
3957;7418;0,500000000000000000000
3968;20303;1,000000000000000000000
3978;3618;1,000000000000000000000
3985;1991;1,000000000000000000000
3998;189;1,000000000000000000000
3999;3284;1,000000000000000000000
4004;1307;1,000000000000000000000
4020;135;0,666666666666666666666
4020;2991;0,333333333333333333333
4041;54;1,000000000000000000000
4058;8827;0,125000000000000000000
4058;8865;0,125000000000000000000
4058;12430;0,125000000000000000000
4058;16815;0,125000000000000000000
4058;28027;0,125000000000000000000
4058;48255;0,375000000000000000000
4085;232;0,032258064516129032258
4085;812;0,032258064516129032258
4085;1014;0,032258064516129032258
4085;1036;0,032258064516129032258
4085;1167;0,032258064516129032258
4085;1561;0,032258064516129032258
4085;1562;0,032258064516129032258
4085;1563;0,032258064516129032258
4085;1564;0,032258064516129032258
4085;1565;0,032258064516129032258
4085;1567;0,032258064516129032258
4085;1608;0,032258064516129032258
4085;1609;0,032258064516129032258
4085;1610;0,032258064516129032258
4085;1691;0,032258064516129032258
4085;1700;0,032258064516129032258
4085;1702;0,032258064516129032258
4085;1766;0,032258064516129032258
4085;1883;0,032258064516129032258
4085;1887;0,032258064516129032258
4085;1906;0,032258064516129032258
4085;2470;0,032258064516129032258
4085;2890;0,032258064516129032258
4085;4245;0,032258064516129032258
4085;4518;0,032258064516129032258
4085;6940;0,032258064516129032258
4085;10176;0,032258064516129032258
4085;10177;0,032258064516129032258
4085;10178;0,032258064516129032258
4085;10179;0,032258064516129032258
4085;27731;0,032258064516129032258
4099;4453;1,000000000000000000000
4100;4522;1,000000000000000000000
4108;4307;1,000000000000000000000
4145;2175;0,461538461538461538461
4145;8373;0,153846153846153846153
4145;65998;0,384615384615384615384
4146;4271;0,292682926829268292682
4146;4414;0,390243902439024390243
4146;28264;0,317073170731707317073
4181;74;1,000000000000000000000
4215;4621;1,000000000000000000000
4217;1771;1,000000000000000000000
4225;520;0,400000000000000000000
4225;1227;0,400000000000000000000
4225;6169;0,200000000000000000000
4232;2216;1,000000000000000000000
4237;521;1,000000000000000000000
4262;3414;1,000000000000000000000
4268;1180;1,000000000000000000000
4281;911;0,100000000000000000000
4281;960;0,200000000000000000000
4281;4280;0,300000000000000000000
4281;5097;0,100000000000000000000
4281;6581;0,100000000000000000000
4281;8500;0,100000000000000000000
4281;9409;0,100000000000000000000
4299;163;1,000000000000000000000
4306;1231;1,000000000000000000000
4307;5093;1,000000000000000000000
4323;4881;1,000000000000000000000
4334;1729;0,250000000000000000000
4334;8341;0,500000000000000000000
4334;27951;0,250000000000000000000
4384;41;0,333333333333333333333
4384;1235;0,333333333333333333333
4384;2198;0,333333333333333333333
4386;1397;1,000000000000000000000
4388;12744;1,000000000000000000000
4430;1637;1,000000000000000000000
4434;839;1,000000000000000000000
4435;1055;0,100000000000000000000
4435;1083;0,400000000000000000000
4435;1379;0,100000000000000000000
4435;1949;0,100000000000000000000
4435;3100;0,100000000000000000000
4435;4451;0,100000000000000000000
4435;6923;0,100000000000000000000
4438;8928;1,000000000000000000000
4443;122436;1,000000000000000000000
4451;4435;1,000000000000000000000
4453;2427;0,333333333333333333333
4453;4099;0,666666666666666666666
4458;979;1,000000000000000000000
4461;172;1,000000000000000000000
4483;453;1,000000000000000000000
4491;4262;1,000000000000000000000
4497;6499;1,000000000000000000000
4500;7759;1,000000000000000000000
4507;861;1,000000000000000000000
4510;2450;1,000000000000000000000
4518;174;1,000000000000000000000
4522;1082;1,000000000000000000000
4526;1565;1,000000000000000000000
4533;26746;0,666666666666666666666
4533;48255;0,333333333333333333333
4552;41;0,500000000000000000000
4552;1261;0,500000000000000000000
4553;254;1,000000000000000000000
4561;4364;1,000000000000000000000
4576;11734;1,000000000000000000000
4586;4587;0,500000000000000000000
4586;27613;0,500000000000000000000
4627;628;1,000000000000000000000
4663;8512;1,000000000000000000000
4681;955;0,666666666666666666666
4681;956;0,333333333333333333333
4686;519;1,000000000000000000000
4697;9261;1,000000000000000000000
4713;1526;1,000000000000000000000
4772;772;0,333333333333333333333
4772;839;0,333333333333333333333
4772;1476;0,333333333333333333333
4777;283;0,250000000000000000000
4777;2834;0,250000000000000000000
4777;13646;0,500000000000000000000
4780;658;1,000000000000000000000
4787;3383;1,000000000000000000000
4821;983;1,000000000000000000000
4852;1372;0,500000000000000000000
4852;6045;0,500000000000000000000
4853;3098;1,000000000000000000000
4861;9230;0,500000000000000000000
4861;9231;0,500000000000000000000
4877;4000;1,000000000000000000000
4901;2280;0,333333333333333333333
4901;6940;0,666666666666666666666
4933;28;0,500000000000000000000
4933;1416;0,500000000000000000000
4935;7626;1,000000000000000000000
4989;779;0,769230769230769230769
4989;830;0,076923076923076923076
4989;2364;0,153846153846153846153
5061;2390;1,000000000000000000000
5071;332;0,714285714285714285714
5071;3802;0,142857142857142857142
5071;3871;0,142857142857142857142
5077;8253;1,000000000000000000000
5097;3683;0,500000000000000000000
5097;9184;0,500000000000000000000
5117;779;1,000000000000000000000
5119;2434;1,000000000000000000000
5142;85;0,333333333333333333333
5142;3636;0,666666666666666666666
5148;136664;1,000000000000000000000
5149;54;0,041666666666666666666
5149;657;0,500000000000000000000
5149;846;0,125000000000000000000
5149;1344;0,208333333333333333333
5149;1462;0,083333333333333333333
5149;59841;0,041666666666666666666
5175;793;0,500000000000000000000
5175;3000;0,500000000000000000000
5306;1315;1,000000000000000000000
5309;4538;1,000000000000000000000
5360;120;0,500000000000000000000
5360;396;0,500000000000000000000
5367;1121;0,200000000000000000000
5367;1335;0,200000000000000000000
5367;2195;0,600000000000000000000
5392;3842;0,500000000000000000000
5392;5037;0,250000000000000000000
5392;24441;0,250000000000000000000
5395;1462;1,000000000000000000000
5437;18258;1,000000000000000000000
5440;65;0,500000000000000000000
5440;1475;0,500000000000000000000
5444;621;1,000000000000000000000
5449;7711;1,000000000000000000000
5469;5440;1,000000000000000000000
5506;5915;1,000000000000000000000
5528;5061;0,500000000000000000000
5528;5329;0,500000000000000000000
5530;151;0,333333333333333333333
5530;526;0,666666666666666666666
5543;4538;1,000000000000000000000
5564;192;0,200000000000000000000
5564;815;0,200000000000000000000
5564;1122;0,200000000000000000000
5564;2272;0,200000000000000000000
5564;29061;0,200000000000000000000
5591;5239;1,000000000000000000000
5607;140271;1,000000000000000000000
5613;1719;1,000000000000000000000
5614;3022;1,000000000000000000000
5617;5679;1,000000000000000000000
5628;96;0,666666666666666666666
5628;5679;0,333333333333333333333
5630;232;0,018181818181818181818
5630;437;0,018181818181818181818
5630;752;0,018181818181818181818
5630;812;0,018181818181818181818
5630;1014;0,018181818181818181818
5630;1036;0,018181818181818181818
5630;1064;0,018181818181818181818
5630;1167;0,018181818181818181818
5630;1560;0,018181818181818181818
5630;1561;0,018181818181818181818
5630;1562;0,018181818181818181818
5630;1563;0,018181818181818181818
5630;1565;0,018181818181818181818
5630;1567;0,018181818181818181818
5630;1608;0,018181818181818181818
5630;1609;0,018181818181818181818
5630;1610;0,018181818181818181818
5630;1691;0,018181818181818181818
5630;1700;0,018181818181818181818
5630;1702;0,018181818181818181818
5630;1766;0,018181818181818181818
5630;1883;0,018181818181818181818
5630;1887;0,018181818181818181818
5630;1906;0,018181818181818181818
5630;2470;0,018181818181818181818
5630;2607;0,018181818181818181818
5630;2890;0,018181818181818181818
5630;3647;0,018181818181818181818
5630;3648;0,018181818181818181818
5630;3768;0,018181818181818181818
5630;4085;0,018181818181818181818
5630;4245;0,018181818181818181818
5630;4518;0,018181818181818181818
5630;4526;0,018181818181818181818
5630;5601;0,018181818181818181818
5630;6072;0,018181818181818181818
5630;6634;0,018181818181818181818
5630;6940;0,018181818181818181818
5630;7146;0,018181818181818181818
5630;9694;0,036363636363636363636
5630;10176;0,018181818181818181818
5630;10177;0,018181818181818181818
5630;10178;0,018181818181818181818
5630;10179;0,018181818181818181818
5630;11476;0,018181818181818181818
5630;13291;0,018181818181818181818
5630;19176;0,018181818181818181818
5630;19177;0,018181818181818181818
5630;20915;0,018181818181818181818
5630;21396;0,018181818181818181818
5630;21750;0,018181818181818181818
5630;24209;0,018181818181818181818
5630;24810;0,018181818181818181818
5630;27731;0,018181818181818181818
5632;644;0,142857142857142857142
5632;1769;0,285714285714285714285
5632;10941;0,285714285714285714285
5632;20790;0,285714285714285714285
5635;3685;0,500000000000000000000
5635;5679;0,500000000000000000000
5638;360;0,166666666666666666666
5638;1065;0,166666666666666666666
5638;1681;0,500000000000000000000
5638;24259;0,166666666666666666666
5640;2972;1,000000000000000000000
5643;5679;1,000000000000000000000
5651;2491;1,000000000000000000000
5666;2491;1,000000000000000000000
5693;997;0,333333333333333333333
5693;8407;0,333333333333333333333
5693;9436;0,333333333333333333333
5753;2506;0,500000000000000000000
5753;3359;0,500000000000000000000
5782;2422;0,333333333333333333333
5782;8453;0,666666666666666666666
5824;2464;1,000000000000000000000
5856;1949;1,000000000000000000000
5886;7578;1,000000000000000000000
5915;5506;1,000000000000000000000
5991;2145;0,500000000000000000000
5991;27828;0,500000000000000000000
6048;1845;1,000000000000000000000
6132;59;0,100000000000000000000
6132;854;0,100000000000000000000
6132;863;0,200000000000000000000
6132;990;0,100000000000000000000
6132;1225;0,100000000000000000000
6132;2865;0,100000000000000000000
6132;3292;0,100000000000000000000
6132;5682;0,100000000000000000000
6132;12964;0,100000000000000000000
6151;826;0,500000000000000000000
6151;1206;0,500000000000000000000
6213;90;0,333333333333333333333
6213;2146;0,333333333333333333333
6213;2385;0,333333333333333333333
6353;2744;0,250000000000000000000
6353;6354;0,750000000000000000000
6371;3429;1,000000000000000000000
6433;3842;0,333333333333333333333
6433;5037;0,666666666666666666666
6468;115;0,250000000000000000000
6468;490;0,750000000000000000000
6499;1278;0,333333333333333333333
6499;4497;0,333333333333333333333
6499;8460;0,333333333333333333333
6501;1657;1,000000000000000000000
6502;1657;1,000000000000000000000
6509;440;0,500000000000000000000
6509;4299;0,500000000000000000000
6511;644;0,500000000000000000000
6511;1231;0,500000000000000000000
6524;1606;1,000000000000000000000
6567;2287;0,666666666666666666666
6567;48255;0,333333333333333333333
6570;3080;0,500000000000000000000
6570;3528;0,500000000000000000000
6581;4281;0,500000000000000000000
6581;5097;0,500000000000000000000
6622;13074;1,000000000000000000000
6624;878;1,000000000000000000000
6634;27639;1,000000000000000000000
6723;1545;0,250000000000000000000
6723;3393;0,250000000000000000000
6723;7095;0,250000000000000000000
6723;9288;0,250000000000000000000
6788;306;0,857142857142857142857
6788;1897;0,142857142857142857142
6881;1612;0,500000000000000000000
6881;3414;0,333333333333333333333
6881;28060;0,166666666666666666666
6913;4307;1,000000000000000000000
6923;9090;1,000000000000000000000
6940;830;0,153846153846153846153
6940;1035;0,153846153846153846153
6940;1503;0,076923076923076923076
6940;2841;0,153846153846153846153
6940;4901;0,461538461538461538461
6962;992;0,250000000000000000000
6962;8827;0,250000000000000000000
6962;48255;0,250000000000000000000
6962;112062;0,250000000000000000000
6981;284;1,000000000000000000000
6992;4583;1,000000000000000000000
7049;267;0,055555555555555555555
7049;861;0,055555555555555555555
7049;1448;0,055555555555555555555
7049;1570;0,055555555555555555555
7049;1583;0,222222222222222222222
7049;1591;0,055555555555555555555
7049;2379;0,055555555555555555555
7049;3045;0,055555555555555555555
7049;3234;0,055555555555555555555
7049;3381;0,055555555555555555555
7049;4376;0,055555555555555555555
7049;8095;0,055555555555555555555
7049;8630;0,055555555555555555555
7049;10020;0,055555555555555555555
7049;12907;0,055555555555555555555
7095;6723;0,500000000000000000000
7095;65998;0,500000000000000000000
7116;279;1,000000000000000000000
7130;96;0,083333333333333333333
7130;600;0,333333333333333333333
7130;1989;0,250000000000000000000
7130;2098;0,083333333333333333333
7130;12963;0,250000000000000000000
7131;14528;1,000000000000000000000
7135;441;0,333333333333333333333
7135;2500;0,333333333333333333333
7135;3395;0,333333333333333333333
7151;14269;1,000000000000000000000
7183;2826;0,500000000000000000000
7183;28689;0,500000000000000000000
7209;3957;1,000000000000000000000
7328;322;0,090909090909090909090
7328;403;0,090909090909090909090
7328;478;0,090909090909090909090
7328;1695;0,090909090909090909090
7328;3219;0,090909090909090909090
7328;3237;0,090909090909090909090
7328;3876;0,090909090909090909090
7328;4268;0,090909090909090909090
7328;4461;0,090909090909090909090
7328;5536;0,090909090909090909090
7328;27943;0,090909090909090909090
7377;990;1,000000000000000000000
7418;3957;1,000000000000000000000
7434;2182;1,000000000000000000000
7521;568;0,038461538461538461538
7521;3212;0,192307692307692307692
7521;4576;0,192307692307692307692
7521;4629;0,192307692307692307692
7521;6461;0,192307692307692307692
7521;13141;0,192307692307692307692
7543;152027;1,000000000000000000000
7560;3161;1,000000000000000000000
7572;2190;1,000000000000000000000
7574;2630;0,500000000000000000000
7574;7780;0,500000000000000000000
7586;151;1,000000000000000000000
7626;975;1,000000000000000000000
7630;1754;1,000000000000000000000
7686;1231;1,000000000000000000000
7711;9356;1,000000000000000000000
7759;815;0,142857142857142857142
7759;1263;0,142857142857142857142
7759;4500;0,142857142857142857142
7759;6548;0,142857142857142857142
7759;9208;0,428571428571428571428
7780;7574;1,000000000000000000000
7859;2678;1,000000000000000000000
7874;2826;0,750000000000000000000
7874;156500;0,250000000000000000000
7886;5174;0,500000000000000000000
7886;9159;0,500000000000000000000
7920;4268;1,000000000000000000000
7954;1083;0,250000000000000000000
7954;3565;0,250000000000000000000
7954;11943;0,250000000000000000000
7954;20307;0,250000000000000000000
7968;891;1,000000000000000000000
7975;419;0,312500000000000000000
7975;704;0,062500000000000000000
7975;846;0,187500000000000000000
7975;12959;0,437500000000000000000
7994;46;1,000000000000000000000
8044;2826;1,000000000000000000000
8062;37812;1,000000000000000000000
8081;1721;1,000000000000000000000
8090;2223;1,000000000000000000000
8095;1310;1,000000000000000000000
8109;1073;0,600000000000000000000
8109;7998;0,400000000000000000000
8139;1545;0,500000000000000000000
8139;1967;0,250000000000000000000
8139;2962;0,250000000000000000000
8156;521;1,000000000000000000000
8172;700;1,000000000000000000000
8276;1197;1,000000000000000000000
8281;59;0,250000000000000000000
8281;2520;0,750000000000000000000
8348;2678;1,000000000000000000000
8440;1182;1,000000000000000000000
8441;3169;1,000000000000000000000
8447;248334;1,000000000000000000000
8453;822;0,181818181818181818181
8453;995;0,090909090909090909090
8453;2099;0,181818181818181818181
8453;4427;0,181818181818181818181
8453;4428;0,181818181818181818181
8453;5782;0,181818181818181818181
8464;1938;0,200000000000000000000
8464;3169;0,200000000000000000000
8464;3587;0,200000000000000000000
8464;4991;0,400000000000000000000
8512;67;0,062500000000000000000
8512;568;0,125000000000000000000
8512;628;0,125000000000000000000
8512;1355;0,062500000000000000000
8512;1925;0,062500000000000000000
8512;1945;0,125000000000000000000
8512;4458;0,062500000000000000000
8512;4459;0,125000000000000000000
8512;4460;0,125000000000000000000
8512;10928;0,125000000000000000000
8525;2657;1,000000000000000000000
8568;313;1,000000000000000000000
8590;4852;1,000000000000000000000
8623;2017;0,500000000000000000000
8623;2064;0,500000000000000000000
8630;678;1,000000000000000000000
8633;768;0,500000000000000000000
8633;2214;0,500000000000000000000
8715;1169;0,250000000000000000000
8715;3123;0,250000000000000000000
8715;7660;0,250000000000000000000
8715;59841;0,250000000000000000000
8723;20822;1,000000000000000000000
8774;427;1,000000000000000000000
8827;1168;0,333333333333333333333
8827;6962;0,333333333333333333333
8827;8862;0,333333333333333333333
8830;13239;1,000000000000000000000
8871;14151;1,000000000000000000000
8873;1913;1,000000000000000000000
8909;189452;1,000000000000000000000
9090;777;0,750000000000000000000
9090;9686;0,250000000000000000000
9098;3667;0,500000000000000000000
9098;8109;0,500000000000000000000
9110;1473;1,000000000000000000000
9138;2504;1,000000000000000000000
9158;977;0,500000000000000000000
9158;11680;0,500000000000000000000
9184;5097;1,000000000000000000000
9208;7759;1,000000000000000000000
9215;1220;1,000000000000000000000
9226;13713;1,000000000000000000000
9338;844;0,500000000000000000000
9338;3508;0,500000000000000000000
9356;4892;0,333333333333333333333
9356;22211;0,666666666666666666666
9395;2064;1,000000000000000000000
9399;521;1,000000000000000000000
9415;28718;1,000000000000000000000
9416;190;1,000000000000000000000
9418;9442;1,000000000000000000000
9419;2330;1,000000000000000000000
9421;65;0,500000000000000000000
9421;5167;0,500000000000000000000
9429;190;1,000000000000000000000
9434;3704;0,500000000000000000000
9434;4765;0,500000000000000000000
9451;898;1,000000000000000000000
9506;54;1,000000000000000000000
9567;101;1,000000000000000000000
9657;1153;1,000000000000000000000
9660;10630;1,000000000000000000000
9668;1439;0,500000000000000000000
9668;1440;0,500000000000000000000
9686;1246;1,000000000000000000000
9693;1453;1,000000000000000000000
9707;11734;1,000000000000000000000
9721;3256;1,000000000000000000000
9730;1046;1,000000000000000000000
9832;85;0,333333333333333333333
9832;3500;0,666666666666666666666
9846;27343;1,000000000000000000000
9895;1613;1,000000000000000000000
9941;287;1,000000000000000000000
9982;617;1,000000000000000000000
10084;8276;1,000000000000000000000
10093;3359;1,000000000000000000000
10103;3284;1,000000000000000000000
10122;10338;1,000000000000000000000
10338;10122;1,000000000000000000000
10602;351;0,250000000000000000000
10602;538;0,250000000000000000000
10602;17276;0,500000000000000000000
10606;2714;1,000000000000000000000
10649;90;1,000000000000000000000
10860;2678;1,000000000000000000000
10941;5632;1,000000000000000000000
11552;1165;0,500000000000000000000
11552;38738;0,500000000000000000000
11656;1082;1,000000000000000000000
11680;9158;1,000000000000000000000
11734;1082;0,500000000000000000000
11734;4576;0,500000000000000000000
11869;5617;1,000000000000000000000
12159;1092;1,000000000000000000000
12257;38;0,080000000000000000000
12257;189;0,040000000000000000000
12257;891;0,040000000000000000000
12257;920;0,040000000000000000000
12257;1018;0,040000000000000000000
12257;1082;0,040000000000000000000
12257;1264;0,040000000000000000000
12257;1854;0,040000000000000000000
12257;1877;0,040000000000000000000
12257;1892;0,040000000000000000000
12257;2188;0,040000000000000000000
12257;2563;0,040000000000000000000
12257;2576;0,040000000000000000000
12257;3518;0,040000000000000000000
12257;3809;0,040000000000000000000
12257;3980;0,040000000000000000000
12257;4372;0,040000000000000000000
12257;4374;0,040000000000000000000
12257;6723;0,040000000000000000000
12257;7015;0,040000000000000000000
12257;7215;0,040000000000000000000
12257;9254;0,040000000000000000000
12257;13504;0,040000000000000000000
12257;13899;0,040000000000000000000
12269;426;0,500000000000000000000
12269;3876;0,500000000000000000000
12418;12817;0,500000000000000000000
12418;28752;0,250000000000000000000
12418;29667;0,250000000000000000000
12430;192;0,125000000000000000000
12430;303;0,125000000000000000000
12430;499;0,125000000000000000000
12430;749;0,125000000000000000000
12430;1498;0,125000000000000000000
12430;2121;0,125000000000000000000
12430;2214;0,125000000000000000000
12430;9722;0,125000000000000000000
12591;4988;0,333333333333333333333
12591;7135;0,666666666666666666666
12744;4388;1,000000000000000000000
12775;1154;0,500000000000000000000
12775;251573;0,500000000000000000000
12817;12418;1,000000000000000000000
12850;411;0,333333333333333333333
12850;418;0,333333333333333333333
12850;4627;0,333333333333333333333
12959;293;0,500000000000000000000
12959;59841;0,500000000000000000000
12964;295;1,000000000000000000000
13006;16652;1,000000000000000000000
13095;839;0,181818181818181818181
13095;5657;0,121212121212121212121
13095;5753;0,212121212121212121212
13095;6250;0,121212121212121212121
13095;8568;0,181818181818181818181
13095;20648;0,181818181818181818181
13122;1855;1,000000000000000000000
13187;8641;1,000000000000000000000
13236;1206;1,000000000000000000000
13239;4206;1,000000000000000000000
13253;261;0,050000000000000000000
13253;1364;0,100000000000000000000
13253;1988;0,050000000000000000000
13253;3005;0,300000000000000000000
13253;4881;0,500000000000000000000
13335;2481;0,230769230769230769230
13335;5117;0,076923076923076923076
13335;13396;0,230769230769230769230
13335;28092;0,461538461538461538461
13427;160;1,000000000000000000000
13452;3212;1,000000000000000000000
13545;621;1,000000000000000000000
13599;13206;1,000000000000000000000
13646;96;0,285714285714285714285
13646;237;0,285714285714285714285
13646;4777;0,428571428571428571428
13720;2585;1,000000000000000000000
13795;2786;0,666666666666666666666
13795;3704;0,333333333333333333333
13809;475;1,000000000000000000000
14151;9;0,001288659793814432989
14151;46;0,001288659793814432989
14151;47;0,001288659793814432989
14151;48;0,001288659793814432989
14151;96;0,001288659793814432989
14151;102;0,001288659793814432989
14151;137;0,001288659793814432989
14151;151;0,001288659793814432989
14151;162;0,001288659793814432989
14151;178;0,001288659793814432989
14151;179;0,001288659793814432989
14151;184;0,001288659793814432989
14151;206;0,001288659793814432989
14151;211;0,001288659793814432989
14151;212;0,001288659793814432989
14151;213;0,001288659793814432989
14151;218;0,001288659793814432989
14151;224;0,001288659793814432989
14151;229;0,001288659793814432989
14151;253;0,001288659793814432989
14151;268;0,001288659793814432989
14151;273;0,001288659793814432989
14151;275;0,001288659793814432989
14151;299;0,001288659793814432989
14151;306;0,001288659793814432989
14151;307;0,001288659793814432989
14151;324;0,001288659793814432989
14151;337;0,001288659793814432989
14151;341;0,001288659793814432989
14151;346;0,001288659793814432989
14151;347;0,001288659793814432989
14151;363;0,001288659793814432989
14151;367;0,001288659793814432989
14151;380;0,001288659793814432989
14151;385;0,001288659793814432989
14151;387;0,001288659793814432989
14151;407;0,003865979381443298969
14151;433;0,001288659793814432989
14151;437;0,001288659793814432989
14151;460;0,001288659793814432989
14151;467;0,001288659793814432989
14151;477;0,001288659793814432989
14151;540;0,001288659793814432989
14151;547;0,001288659793814432989
14151;571;0,001288659793814432989
14151;591;0,001288659793814432989
14151;612;0,001288659793814432989
14151;626;0,001288659793814432989
14151;641;0,001288659793814432989
14151;675;0,001288659793814432989
14151;683;0,001288659793814432989
14151;689;0,001288659793814432989
14151;712;0,001288659793814432989
14151;713;0,001288659793814432989
14151;724;0,001288659793814432989
14151;750;0,001288659793814432989
14151;752;0,001288659793814432989
14151;761;0,001288659793814432989
14151;763;0,001288659793814432989
14151;778;0,001288659793814432989
14151;785;0,001288659793814432989
14151;805;0,001288659793814432989
14151;826;0,001288659793814432989
14151;833;0,001288659793814432989
14151;897;0,001288659793814432989
14151;899;0,001288659793814432989
14151;918;0,001288659793814432989
14151;941;0,001288659793814432989
14151;980;0,001288659793814432989
14151;984;0,001288659793814432989
14151;1043;0,001288659793814432989
14151;1044;0,001288659793814432989
14151;1048;0,001288659793814432989
14151;1058;0,001288659793814432989
14151;1079;0,001288659793814432989
14151;1131;0,001288659793814432989
14151;1133;0,001288659793814432989
14151;1137;0,001288659793814432989
14151;1153;0,001288659793814432989
14151;1154;0,002577319587628865979
14151;1160;0,001288659793814432989
14151;1206;0,001288659793814432989
14151;1246;0,001288659793814432989
14151;1267;0,001288659793814432989
14151;1274;0,001288659793814432989
14151;1290;0,001288659793814432989
14151;1295;0,001288659793814432989
14151;1297;0,001288659793814432989
14151;1303;0,001288659793814432989
14151;1310;0,001288659793814432989
14151;1319;0,001288659793814432989
14151;1322;0,001288659793814432989
14151;1325;0,001288659793814432989
14151;1327;0,001288659793814432989
14151;1329;0,001288659793814432989
14151;1331;0,001288659793814432989
14151;1332;0,001288659793814432989
14151;1334;0,001288659793814432989
14151;1337;0,001288659793814432989
14151;1338;0,001288659793814432989
14151;1419;0,001288659793814432989
14151;1445;0,001288659793814432989
14151;1447;0,001288659793814432989
14151;1457;0,001288659793814432989
14151;1458;0,001288659793814432989
14151;1464;0,001288659793814432989
14151;1466;0,001288659793814432989
14151;1504;0,001288659793814432989
14151;1505;0,001288659793814432989
14151;1510;0,001288659793814432989
14151;1512;0,001288659793814432989
14151;1516;0,001288659793814432989
14151;1523;0,001288659793814432989
14151;1524;0,001288659793814432989
14151;1526;0,001288659793814432989
14151;1527;0,001288659793814432989
14151;1533;0,001288659793814432989
14151;1549;0,001288659793814432989
14151;1554;0,001288659793814432989
14151;1560;0,001288659793814432989
14151;1606;0,001288659793814432989
14151;1616;0,001288659793814432989
14151;1643;0,001288659793814432989
14151;1650;0,001288659793814432989
14151;1676;0,001288659793814432989
14151;1723;0,001288659793814432989
14151;1785;0,001288659793814432989
14151;1833;0,001288659793814432989
14151;1838;0,001288659793814432989
14151;1850;0,001288659793814432989
14151;1868;0,001288659793814432989
14151;1873;0,001288659793814432989
14151;1877;0,001288659793814432989
14151;1889;0,001288659793814432989
14151;1891;0,001288659793814432989
14151;1893;0,001288659793814432989
14151;1910;0,001288659793814432989
14151;1923;0,001288659793814432989
14151;1939;0,001288659793814432989
14151;1976;0,001288659793814432989
14151;2015;0,001288659793814432989
14151;2017;0,001288659793814432989
14151;2039;0,001288659793814432989
14151;2041;0,001288659793814432989
14151;2050;0,001288659793814432989
14151;2064;0,001288659793814432989
14151;2066;0,001288659793814432989
14151;2070;0,001288659793814432989
14151;2078;0,001288659793814432989
14151;2119;0,001288659793814432989
14151;2128;0,001288659793814432989
14151;2131;0,001288659793814432989
14151;2136;0,001288659793814432989
14151;2152;0,001288659793814432989
14151;2156;0,001288659793814432989
14151;2164;0,001288659793814432989
14151;2200;0,001288659793814432989
14151;2204;0,001288659793814432989
14151;2214;0,001288659793814432989
14151;2215;0,001288659793814432989
14151;2227;0,001288659793814432989
14151;2318;0,001288659793814432989
14151;2330;0,001288659793814432989
14151;2349;0,001288659793814432989
14151;2374;0,001288659793814432989
14151;2383;0,001288659793814432989
14151;2416;0,001288659793814432989
14151;2428;0,001288659793814432989
14151;2438;0,001288659793814432989
14151;2461;0,001288659793814432989
14151;2479;0,001288659793814432989
14151;2511;0,001288659793814432989
14151;2514;0,001288659793814432989
14151;2516;0,001288659793814432989
14151;2520;0,001288659793814432989
14151;2551;0,001288659793814432989
14151;2576;0,001288659793814432989
14151;2588;0,001288659793814432989
14151;2598;0,001288659793814432989
14151;2605;0,001288659793814432989
14151;2607;0,001288659793814432989
14151;2614;0,002577319587628865979
14151;2632;0,001288659793814432989
14151;2636;0,001288659793814432989
14151;2652;0,001288659793814432989
14151;2677;0,001288659793814432989
14151;2679;0,001288659793814432989
14151;2761;0,001288659793814432989
14151;2778;0,001288659793814432989
14151;2786;0,001288659793814432989
14151;2794;0,001288659793814432989
14151;2799;0,001288659793814432989
14151;2800;0,001288659793814432989
14151;2830;0,001288659793814432989
14151;2841;0,001288659793814432989
14151;2882;0,001288659793814432989
14151;2887;0,001288659793814432989
14151;2893;0,001288659793814432989
14151;2921;0,001288659793814432989
14151;3019;0,001288659793814432989
14151;3029;0,001288659793814432989
14151;3053;0,002577319587628865979
14151;3071;0,001288659793814432989
14151;3145;0,001288659793814432989
14151;3146;0,001288659793814432989
14151;3147;0,001288659793814432989
14151;3158;0,001288659793814432989
14151;3164;0,001288659793814432989
14151;3182;0,001288659793814432989
14151;3204;0,001288659793814432989
14151;3205;0,001288659793814432989
14151;3209;0,001288659793814432989
14151;3214;0,001288659793814432989
14151;3223;0,001288659793814432989
14151;3225;0,001288659793814432989
14151;3230;0,001288659793814432989
14151;3245;0,001288659793814432989
14151;3265;0,001288659793814432989
14151;3301;0,001288659793814432989
14151;3304;0,001288659793814432989
14151;3323;0,001288659793814432989
14151;3332;0,001288659793814432989
14151;3355;0,001288659793814432989
14151;3403;0,002577319587628865979
14151;3418;0,001288659793814432989
14151;3426;0,001288659793814432989
14151;3457;0,001288659793814432989
14151;3458;0,001288659793814432989
14151;3465;0,001288659793814432989
14151;3476;0,001288659793814432989
14151;3477;0,001288659793814432989
14151;3485;0,001288659793814432989
14151;3499;0,001288659793814432989
14151;3503;0,001288659793814432989
14151;3519;0,001288659793814432989
14151;3557;0,001288659793814432989
14151;3560;0,001288659793814432989
14151;3615;0,001288659793814432989
14151;3618;0,001288659793814432989
14151;3625;0,001288659793814432989
14151;3633;0,001288659793814432989
14151;3647;0,001288659793814432989
14151;3648;0,001288659793814432989
14151;3656;0,001288659793814432989
14151;3657;0,001288659793814432989
14151;3665;0,001288659793814432989
14151;3714;0,001288659793814432989
14151;3722;0,001288659793814432989
14151;3728;0,001288659793814432989
14151;3736;0,001288659793814432989
14151;3747;0,001288659793814432989
14151;3753;0,001288659793814432989
14151;3768;0,001288659793814432989
14151;3788;0,001288659793814432989
14151;3791;0,001288659793814432989
14151;3793;0,001288659793814432989
14151;3800;0,001288659793814432989
14151;3811;0,001288659793814432989
14151;3825;0,001288659793814432989
14151;3827;0,001288659793814432989
14151;3834;0,001288659793814432989
14151;3840;0,001288659793814432989
14151;3850;0,001288659793814432989
14151;3857;0,001288659793814432989
14151;3862;0,001288659793814432989
14151;3864;0,001288659793814432989
14151;3916;0,001288659793814432989
14151;3944;0,001288659793814432989
14151;3957;0,001288659793814432989
14151;3968;0,001288659793814432989
14151;3983;0,001288659793814432989
14151;4018;0,001288659793814432989
14151;4021;0,001288659793814432989
14151;4024;0,001288659793814432989
14151;4039;0,001288659793814432989
14151;4041;0,001288659793814432989
14151;4059;0,001288659793814432989
14151;4070;0,001288659793814432989
14151;4078;0,001288659793814432989
14151;4101;0,001288659793814432989
14151;4102;0,001288659793814432989
14151;4108;0,001288659793814432989
14151;4148;0,001288659793814432989
14151;4217;0,001288659793814432989
14151;4225;0,001288659793814432989
14151;4228;0,001288659793814432989
14151;4244;0,001288659793814432989
14151;4257;0,001288659793814432989
14151;4269;0,001288659793814432989
14151;4307;0,001288659793814432989
14151;4309;0,001288659793814432989
14151;4323;0,001288659793814432989
14151;4349;0,001288659793814432989
14151;4377;0,001288659793814432989
14151;4497;0,001288659793814432989
14151;4513;0,001288659793814432989
14151;4526;0,001288659793814432989
14151;4578;0,001288659793814432989
14151;4598;0,001288659793814432989
14151;4621;0,001288659793814432989
14151;4625;0,001288659793814432989
14151;4636;0,001288659793814432989
14151;4681;0,001288659793814432989
14151;4697;0,001288659793814432989
14151;4720;0,001288659793814432989
14151;4722;0,001288659793814432989
14151;4748;0,001288659793814432989
14151;4749;0,001288659793814432989
14151;4750;0,001288659793814432989
14151;4751;0,001288659793814432989
14151;4752;0,001288659793814432989
14151;4754;0,001288659793814432989
14151;4755;0,001288659793814432989
14151;4803;0,001288659793814432989
14151;4852;0,001288659793814432989
14151;4861;0,001288659793814432989
14151;4876;0,001288659793814432989
14151;4927;0,001288659793814432989
14151;4935;0,001288659793814432989
14151;4979;0,001288659793814432989
14151;5029;0,001288659793814432989
14151;5053;0,001288659793814432989
14151;5082;0,001288659793814432989
14151;5093;0,001288659793814432989
14151;5097;0,001288659793814432989
14151;5101;0,001288659793814432989
14151;5138;0,001288659793814432989
14151;5142;0,001288659793814432989
14151;5144;0,001288659793814432989
14151;5174;0,001288659793814432989
14151;5180;0,001288659793814432989
14151;5214;0,001288659793814432989
14151;5232;0,001288659793814432989
14151;5239;0,001288659793814432989
14151;5250;0,001288659793814432989
14151;5289;0,001288659793814432989
14151;5304;0,003865979381443298969
14151;5309;0,001288659793814432989
14151;5329;0,001288659793814432989
14151;5350;0,001288659793814432989
14151;5351;0,001288659793814432989
14151;5383;0,001288659793814432989
14151;5408;0,001288659793814432989
14151;5500;0,001288659793814432989
14151;5506;0,001288659793814432989
14151;5523;0,001288659793814432989
14151;5526;0,001288659793814432989
14151;5528;0,001288659793814432989
14151;5530;0,001288659793814432989
14151;5534;0,001288659793814432989
14151;5543;0,001288659793814432989
14151;5578;0,001288659793814432989
14151;5601;0,001288659793814432989
14151;5603;0,001288659793814432989
14151;5651;0,001288659793814432989
14151;5681;0,001288659793814432989
14151;5693;0,001288659793814432989
14151;5700;0,001288659793814432989
14151;5784;0,001288659793814432989
14151;5824;0,001288659793814432989
14151;5827;0,001288659793814432989
14151;5831;0,001288659793814432989
14151;5833;0,001288659793814432989
14151;5852;0,001288659793814432989
14151;5854;0,001288659793814432989
14151;5856;0,001288659793814432989
14151;5861;0,001288659793814432989
14151;5886;0,001288659793814432989
14151;5892;0,001288659793814432989
14151;5922;0,001288659793814432989
14151;5935;0,001288659793814432989
14151;5967;0,001288659793814432989
14151;6048;0,001288659793814432989
14151;6072;0,001288659793814432989
14151;6150;0,001288659793814432989
14151;6151;0,001288659793814432989
14151;6169;0,001288659793814432989
14151;6192;0,001288659793814432989
14151;6234;0,001288659793814432989
14151;6267;0,001288659793814432989
14151;6326;0,001288659793814432989
14151;6440;0,001288659793814432989
14151;6444;0,001288659793814432989
14151;6465;0,001288659793814432989
14151;6468;0,001288659793814432989
14151;6498;0,001288659793814432989
14151;6503;0,001288659793814432989
14151;6535;0,001288659793814432989
14151;6594;0,001288659793814432989
14151;6604;0,001288659793814432989
14151;6624;0,001288659793814432989
14151;6634;0,001288659793814432989
14151;6635;0,001288659793814432989
14151;6666;0,001288659793814432989
14151;6681;0,001288659793814432989
14151;6694;0,001288659793814432989
14151;6723;0,001288659793814432989
14151;6732;0,001288659793814432989
14151;6733;0,001288659793814432989
14151;6746;0,001288659793814432989
14151;6781;0,001288659793814432989
14151;6788;0,001288659793814432989
14151;6792;0,001288659793814432989
14151;6828;0,001288659793814432989
14151;6883;0,001288659793814432989
14151;6913;0,001288659793814432989
14151;6930;0,001288659793814432989
14151;6952;0,001288659793814432989
14151;6979;0,001288659793814432989
14151;6980;0,001288659793814432989
14151;6981;0,001288659793814432989
14151;6986;0,001288659793814432989
14151;7126;0,001288659793814432989
14151;7131;0,001288659793814432989
14151;7142;0,001288659793814432989
14151;7146;0,001288659793814432989
14151;7151;0,001288659793814432989
14151;7209;0,001288659793814432989
14151;7240;0,001288659793814432989
14151;7259;0,001288659793814432989
14151;7260;0,001288659793814432989
14151;7278;0,001288659793814432989
14151;7328;0,001288659793814432989
14151;7418;0,001288659793814432989
14151;7546;0,001288659793814432989
14151;7564;0,001288659793814432989
14151;7574;0,001288659793814432989
14151;7578;0,001288659793814432989
14151;7586;0,001288659793814432989
14151;7626;0,001288659793814432989
14151;7738;0,001288659793814432989
14151;7739;0,001288659793814432989
14151;7774;0,001288659793814432989
14151;7788;0,001288659793814432989
14151;7859;0,001288659793814432989
14151;7862;0,001288659793814432989
14151;7957;0,001288659793814432989
14151;7963;0,001288659793814432989
14151;7979;0,001288659793814432989
14151;8044;0,001288659793814432989
14151;8106;0,001288659793814432989
14151;8146;0,001288659793814432989
14151;8225;0,001288659793814432989
14151;8281;0,001288659793814432989
14151;8366;0,001288659793814432989
14151;8373;0,001288659793814432989
14151;8407;0,001288659793814432989
14151;8440;0,001288659793814432989
14151;8445;0,001288659793814432989
14151;8447;0,001288659793814432989
14151;8454;0,001288659793814432989
14151;8464;0,001288659793814432989
14151;8478;0,001288659793814432989
14151;8484;0,001288659793814432989
14151;8498;0,001288659793814432989
14151;8618;0,001288659793814432989
14151;8641;0,001288659793814432989
14151;8648;0,001288659793814432989
14151;8705;0,001288659793814432989
14151;8730;0,001288659793814432989
14151;8762;0,001288659793814432989
14151;8826;0,001288659793814432989
14151;8827;0,001288659793814432989
14151;8828;0,001288659793814432989
14151;8829;0,001288659793814432989
14151;8830;0,001288659793814432989
14151;8831;0,001288659793814432989
14151;8832;0,001288659793814432989
14151;8833;0,001288659793814432989
14151;8834;0,001288659793814432989
14151;8835;0,001288659793814432989
14151;8836;0,001288659793814432989
14151;8837;0,001288659793814432989
14151;8838;0,001288659793814432989
14151;8839;0,001288659793814432989
14151;8840;0,001288659793814432989
14151;8841;0,001288659793814432989
14151;8842;0,001288659793814432989
14151;8843;0,001288659793814432989
14151;8844;0,001288659793814432989
14151;8845;0,001288659793814432989
14151;8846;0,001288659793814432989
14151;8847;0,001288659793814432989
14151;8849;0,001288659793814432989
14151;8850;0,001288659793814432989
14151;8852;0,001288659793814432989
14151;8853;0,001288659793814432989
14151;8854;0,001288659793814432989
14151;8855;0,001288659793814432989
14151;8856;0,001288659793814432989
14151;8858;0,001288659793814432989
14151;8859;0,001288659793814432989
14151;8860;0,001288659793814432989
14151;8861;0,001288659793814432989
14151;8862;0,001288659793814432989
14151;8863;0,001288659793814432989
14151;8865;0,001288659793814432989
14151;8866;0,001288659793814432989
14151;8867;0,001288659793814432989
14151;8869;0,001288659793814432989
14151;8870;0,001288659793814432989
14151;8871;0,001288659793814432989
14151;8872;0,001288659793814432989
14151;8873;0,001288659793814432989
14151;8874;0,001288659793814432989
14151;8875;0,001288659793814432989
14151;8877;0,001288659793814432989
14151;8878;0,001288659793814432989
14151;8879;0,001288659793814432989
14151;8899;0,001288659793814432989
14151;8902;0,001288659793814432989
14151;8933;0,001288659793814432989
14151;8949;0,001288659793814432989
14151;9088;0,001288659793814432989
14151;9114;0,001288659793814432989
14151;9159;0,001288659793814432989
14151;9208;0,001288659793814432989
14151;9230;0,001288659793814432989
14151;9231;0,001288659793814432989
14151;9274;0,001288659793814432989
14151;9345;0,001288659793814432989
14151;9371;0,001288659793814432989
14151;9385;0,001288659793814432989
14151;9396;0,001288659793814432989
14151;9405;0,001288659793814432989
14151;9416;0,001288659793814432989
14151;9419;0,001288659793814432989
14151;9421;0,001288659793814432989
14151;9429;0,001288659793814432989
14151;9451;0,001288659793814432989
14151;9510;0,001288659793814432989
14151;9554;0,001288659793814432989
14151;9657;0,001288659793814432989
14151;9665;0,001288659793814432989
14151;9681;0,001288659793814432989
14151;9691;0,001288659793814432989
14151;9762;0,001288659793814432989
14151;9805;0,001288659793814432989
14151;9831;0,001288659793814432989
14151;9832;0,001288659793814432989
14151;9940;0,001288659793814432989
14151;9968;0,001288659793814432989
14151;9982;0,001288659793814432989
14151;9984;0,001288659793814432989
14151;10000;0,001288659793814432989
14151;10080;0,001288659793814432989
14151;10084;0,001288659793814432989
14151;10085;0,001288659793814432989
14151;10169;0,001288659793814432989
14151;10251;0,001288659793814432989
14151;10390;0,001288659793814432989
14151;10491;0,001288659793814432989
14151;10602;0,001288659793814432989
14151;10633;0,001288659793814432989
14151;10649;0,001288659793814432989
14151;10682;0,001288659793814432989
14151;10740;0,001288659793814432989
14151;10823;0,001288659793814432989
14151;10892;0,001288659793814432989
14151;11007;0,001288659793814432989
14151;11030;0,001288659793814432989
14151;11132;0,001288659793814432989
14151;11213;0,001288659793814432989
14151;11263;0,001288659793814432989
14151;11330;0,001288659793814432989
14151;11382;0,001288659793814432989
14151;11415;0,001288659793814432989
14151;11476;0,001288659793814432989
14151;11536;0,001288659793814432989
14151;11690;0,001288659793814432989
14151;11902;0,001288659793814432989
14151;11999;0,001288659793814432989
14151;12159;0,001288659793814432989
14151;12176;0,001288659793814432989
14151;12333;0,001288659793814432989
14151;12362;0,001288659793814432989
14151;12372;0,001288659793814432989
14151;12387;0,001288659793814432989
14151;12395;0,001288659793814432989
14151;12486;0,001288659793814432989
14151;12500;0,001288659793814432989
14151;12534;0,001288659793814432989
14151;12712;0,001288659793814432989
14151;12768;0,001288659793814432989
14151;12775;0,001288659793814432989
14151;12798;0,001288659793814432989
14151;12876;0,001288659793814432989
14151;12880;0,001288659793814432989
14151;12882;0,001288659793814432989
14151;13006;0,001288659793814432989
14151;13035;0,001288659793814432989
14151;13041;0,001288659793814432989
14151;13054;0,001288659793814432989
14151;13206;0,001288659793814432989
14151;13236;0,001288659793814432989
14151;13270;0,001288659793814432989
14151;13291;0,001288659793814432989
14151;13292;0,001288659793814432989
14151;13310;0,001288659793814432989
14151;13369;0,001288659793814432989
14151;13372;0,001288659793814432989
14151;13398;0,001288659793814432989
14151;13496;0,001288659793814432989
14151;13713;0,001288659793814432989
14151;13794;0,001288659793814432989
14151;13795;0,001288659793814432989
14151;13796;0,001288659793814432989
14151;13798;0,001288659793814432989
14151;13799;0,001288659793814432989
14151;13814;0,001288659793814432989
14151;13886;0,002577319587628865979
14151;14073;0,001288659793814432989
14151;14269;0,001288659793814432989
14151;14465;0,001288659793814432989
14151;14826;0,001288659793814432989
14151;14827;0,001288659793814432989
14151;15207;0,001288659793814432989
14151;15437;0,001288659793814432989
14151;15722;0,001288659793814432989
14151;15889;0,001288659793814432989
14151;15975;0,001288659793814432989
14151;16487;0,001288659793814432989
14151;16644;0,001288659793814432989
14151;16786;0,001288659793814432989
14151;16866;0,001288659793814432989
14151;16974;0,001288659793814432989
14151;17047;0,001288659793814432989
14151;17209;0,001288659793814432989
14151;17273;0,001288659793814432989
14151;17274;0,001288659793814432989
14151;17426;0,001288659793814432989
14151;17554;0,001288659793814432989
14151;17587;0,001288659793814432989
14151;17603;0,001288659793814432989
14151;17609;0,001288659793814432989
14151;17720;0,001288659793814432989
14151;17727;0,001288659793814432989
14151;17826;0,001288659793814432989
14151;17930;0,001288659793814432989
14151;18247;0,001288659793814432989
14151;18258;0,001288659793814432989
14151;18979;0,001288659793814432989
14151;19031;0,001288659793814432989
14151;19176;0,001288659793814432989
14151;19177;0,001288659793814432989
14151;19186;0,001288659793814432989
14151;19195;0,001288659793814432989
14151;19197;0,001288659793814432989
14151;19198;0,001288659793814432989
14151;20666;0,001288659793814432989
14151;20668;0,001288659793814432989
14151;20770;0,001288659793814432989
14151;20801;0,001288659793814432989
14151;20915;0,001288659793814432989
14151;21396;0,001288659793814432989
14151;21470;0,001288659793814432989
14151;21496;0,001288659793814432989
14151;21514;0,001288659793814432989
14151;21597;0,001288659793814432989
14151;21684;0,001288659793814432989
14151;21750;0,001288659793814432989
14151;22495;0,001288659793814432989
14151;23096;0,001288659793814432989
14151;23419;0,001288659793814432989
14151;23928;0,001288659793814432989
14151;23932;0,001288659793814432989
14151;24076;0,001288659793814432989
14151;24209;0,001288659793814432989
14151;24370;0,001288659793814432989
14151;24371;0,001288659793814432989
14151;24536;0,001288659793814432989
14151;24837;0,001288659793814432989
14151;24838;0,001288659793814432989
14151;24839;0,001288659793814432989
14151;25653;0,001288659793814432989
14151;25849;0,001288659793814432989
14151;26347;0,001288659793814432989
14151;26354;0,002577319587628865979
14151;26502;0,001288659793814432989
14151;27079;0,001288659793814432989
14151;27173;0,001288659793814432989
14151;27286;0,001288659793814432989
14151;27390;0,001288659793814432989
14151;27422;0,001288659793814432989
14151;27427;0,001288659793814432989
14151;27480;0,001288659793814432989
14151;27494;0,001288659793814432989
14151;27500;0,001288659793814432989
14151;27512;0,001288659793814432989
14151;27557;0,001288659793814432989
14151;27588;0,001288659793814432989
14151;27620;0,001288659793814432989
14151;27639;0,001288659793814432989
14151;27640;0,001288659793814432989
14151;27699;0,001288659793814432989
14151;27783;0,001288659793814432989
14151;27807;0,001288659793814432989
14151;27813;0,001288659793814432989
14151;27837;0,001288659793814432989
14151;27841;0,001288659793814432989
14151;27857;0,001288659793814432989
14151;27862;0,001288659793814432989
14151;27865;0,001288659793814432989
14151;27892;0,001288659793814432989
14151;27893;0,001288659793814432989
14151;27902;0,001288659793814432989
14151;27938;0,001288659793814432989
14151;27984;0,001288659793814432989
14151;28034;0,001288659793814432989
14151;28372;0,001288659793814432989
14151;28405;0,001288659793814432989
14151;28434;0,001288659793814432989
14151;28457;0,001288659793814432989
14151;28463;0,001288659793814432989
14151;28467;0,001288659793814432989
14151;28523;0,001288659793814432989
14151;28530;0,001288659793814432989
14151;28544;0,001288659793814432989
14151;28580;0,001288659793814432989
14151;28598;0,001288659793814432989
14151;29014;0,001288659793814432989
14151;29376;0,002577319587628865979
14151;31885;0,001288659793814432989
14151;34696;0,001288659793814432989
14151;54440;0,001288659793814432989
14151;56195;0,001288659793814432989
14151;56282;0,001288659793814432989
14151;58138;0,001288659793814432989
14151;67591;0,001288659793814432989
14151;67593;0,001288659793814432989
14151;116409;0,001288659793814432989
14151;144425;0,002577319587628865979
14151;219132;0,001288659793814432989
14151;229072;0,001288659793814432989
14151;238453;0,001288659793814432989
14151;247698;0,001288659793814432989
14151;248334;0,001288659793814432989
14151;248834;0,001288659793814432989
14151;248836;0,001288659793814432989
14151;248837;0,001288659793814432989
14151;251573;0,001288659793814432989
14151;255463;0,001288659793814432989
14151;255726;0,001288659793814432989
14151;255740;0,001288659793814432989
14151;255741;0,001288659793814432989
14151;255863;0,001288659793814432989
14151;255899;0,001288659793814432989
14151;256235;0,001288659793814432989
14151;256804;0,001288659793814432989
14151;257158;0,001288659793814432989
14151;257324;0,001288659793814432989
14151;259339;0,001288659793814432989
14151;259341;0,001288659793814432989
14151;276505;0,001288659793814432989
14151;276695;0,001288659793814432989
14151;276780;0,001288659793814432989
14151;280033;0,001288659793814432989
14151;281067;0,001288659793814432989
14151;281170;0,001288659793814432989
14151;284852;0,001288659793814432989
14151;284853;0,001288659793814432989
14151;284854;0,001288659793814432989
14151;284855;0,001288659793814432989
14151;284856;0,001288659793814432989
14526;388;1,000000000000000000000
15207;178;1,000000000000000000000
15643;1149;0,166666666666666666666
15643;1180;0,166666666666666666666
15643;2445;0,166666666666666666666
15643;2504;0,166666666666666666666
15643;3685;0,166666666666666666666
15643;4344;0,166666666666666666666
15737;157662;1,000000000000000000000
15906;82;0,083333333333333333333
15906;160;0,083333333333333333333
15906;234;0,083333333333333333333
15906;1321;0,083333333333333333333
15906;1901;0,083333333333333333333
15906;2091;0,166666666666666666666
15906;2335;0,083333333333333333333
15906;3164;0,083333333333333333333
15906;4715;0,083333333333333333333
15906;7301;0,166666666666666666666
16644;470;0,500000000000000000000
16644;4262;0,500000000000000000000
16652;13006;1,000000000000000000000
16921;292;1,000000000000000000000
17190;3637;0,166666666666666666666
17190;4877;0,500000000000000000000
17190;20813;0,333333333333333333333
17208;66075;1,000000000000000000000
17248;527;1,000000000000000000000
17549;1432;1,000000000000000000000
17584;885;0,500000000000000000000
17584;8062;0,500000000000000000000
17634;74;0,666666666666666666666
17634;29376;0,333333333333333333333
18641;277;0,750000000000000000000
18641;1118;0,250000000000000000000
19582;1913;1,000000000000000000000
20235;138;0,500000000000000000000
20235;454;0,500000000000000000000
20303;104;0,125000000000000000000
20303;265;0,125000000000000000000
20303;945;0,250000000000000000000
20303;975;0,125000000000000000000
20303;1476;0,125000000000000000000
20303;3968;0,125000000000000000000
20303;6892;0,125000000000000000000
20307;1771;0,500000000000000000000
20307;7478;0,500000000000000000000
20390;1597;1,000000000000000000000
20393;285;0,166666666666666666666
20393;1055;0,166666666666666666666
20393;4442;0,166666666666666666666
20393;13850;0,500000000000000000000
20801;5945;1,000000000000000000000
20822;427;0,060606060606060606060
20822;486;0,090909090909090909090
20822;533;0,060606060606060606060
20822;861;0,030303030303030303030
20822;1064;0,030303030303030303030
20822;1142;0,090909090909090909090
20822;1466;0,090909090909090909090
20822;1867;0,030303030303030303030
20822;2182;0,030303030303030303030
20822;5262;0,030303030303030303030
20822;5363;0,060606060606060606060
20822;6472;0,060606060606060606060
20822;8723;0,090909090909090909090
20822;8999;0,060606060606060606060
20822;15860;0,060606060606060606060
20822;16657;0,030303030303030303030
20822;20843;0,030303030303030303030
20822;20853;0,060606060606060606060
21096;4647;1,000000000000000000000
21154;1236;0,500000000000000000000
21154;2111;0,500000000000000000000
21268;4998;1,000000000000000000000
21396;135;0,800000000000000000000
21396;4085;0,200000000000000000000
21697;983;0,714285714285714285714
21697;1397;0,142857142857142857142
21697;2591;0,142857142857142857142
21750;13291;1,000000000000000000000
22173;420;0,595238095238095238095
22173;2877;0,404761904761904761904
22211;9356;1,000000000000000000000
22534;4280;0,250000000000000000000
22534;4430;0,250000000000000000000
22534;4431;0,250000000000000000000
22534;4432;0,250000000000000000000
23720;452;0,500000000000000000000
23720;718;0,500000000000000000000
23730;1265;1,000000000000000000000
23886;1563;1,000000000000000000000
24254;738;1,000000000000000000000
24460;96;1,000000000000000000000
25052;27476;1,000000000000000000000
25849;2059;1,000000000000000000000
26347;1754;1,000000000000000000000
26354;1521;1,000000000000000000000
26786;189452;1,000000000000000000000
27198;427;1,000000000000000000000
27510;6056;1,000000000000000000000
27592;21490;1,000000000000000000000
27639;6634;1,000000000000000000000
27652;379;0,500000000000000000000
27652;1983;0,500000000000000000000
27674;4454;1,000000000000000000000
27708;2826;0,500000000000000000000
27708;7874;0,250000000000000000000
27708;21697;0,250000000000000000000
27826;89703;1,000000000000000000000
27828;5991;1,000000000000000000000
27830;89703;1,000000000000000000000
27852;3256;1,000000000000000000000
28092;779;1,000000000000000000000
28171;5622;1,000000000000000000000
28397;35;1,000000000000000000000
28528;315;0,500000000000000000000
28528;4841;0,500000000000000000000
28629;1083;0,250000000000000000000
28629;9707;0,250000000000000000000
28629;13452;0,250000000000000000000
28629;17678;0,250000000000000000000
28661;4039;1,000000000000000000000
28914;2962;1,000000000000000000000
28930;551;0,050000000000000000000
28930;1344;0,050000000000000000000
28930;1454;0,050000000000000000000
28930;1898;0,033333333333333333333
28930;2743;0,050000000000000000000
28930;2786;0,033333333333333333333
28930;3256;0,016666666666666666666
28930;3420;0,050000000000000000000
28930;3685;0,033333333333333333333
28930;5136;0,033333333333333333333
28930;7975;0,050000000000000000000
28930;8212;0,050000000000000000000
28930;12959;0,050000000000000000000
28930;23759;0,033333333333333333333
28930;24259;0,033333333333333333333
28930;152027;0,383333333333333333333
29028;9651;1,000000000000000000000
29081;1768;0,500000000000000000000
29081;1967;0,500000000000000000000
29082;27766;1,000000000000000000000
29376;3772;0,166666666666666666666
29376;4181;0,166666666666666666666
29376;6061;0,166666666666666666666
29376;17634;0,333333333333333333333
29376;25334;0,166666666666666666666
45686;63783;1,000000000000000000000
48255;65;0,040816326530612244897
48255;452;0,040816326530612244897
48255;475;0,040816326530612244897
48255;689;0,040816326530612244897
48255;768;0,040816326530612244897
48255;992;0,020408163265306122448
48255;1046;0,040816326530612244897
48255;1703;0,040816326530612244897
48255;1864;0,040816326530612244897
48255;1939;0,020408163265306122448
48255;2287;0,061224489795918367346
48255;2661;0,061224489795918367346
48255;3214;0,020408163265306122448
48255;3586;0,020408163265306122448
48255;3996;0,040816326530612244897
48255;4058;0,081632653061224489795
48255;6567;0,040816326530612244897
48255;6962;0,020408163265306122448
48255;7160;0,040816326530612244897
48255;7968;0,040816326530612244897
48255;8460;0,040816326530612244897
48255;12430;0,040816326530612244897
48255;15586;0,040816326530612244897
48255;17302;0,040816326530612244897
48255;28538;0,040816326530612244897
56738;199;0,083333333333333333333
56738;302;0,083333333333333333333
56738;704;0,083333333333333333333
56738;738;0,083333333333333333333
56738;835;0,083333333333333333333
56738;1544;0,083333333333333333333
56738;3256;0,083333333333333333333
56738;3427;0,083333333333333333333
56738;8229;0,083333333333333333333
56738;67356;0,083333333333333333333
56738;67709;0,083333333333333333333
56738;245879;0,083333333333333333333
57838;90;0,333333333333333333333
57838;911;0,333333333333333333333
57838;3141;0,333333333333333333333
58138;955;0,500000000000000000000
58138;4681;0,500000000000000000000
59522;12938;1,000000000000000000000
59745;65;0,035714285714285714285
59745;277;0,142857142857142857142
59745;360;0,071428571428571428571
59745;558;0,035714285714285714285
59745;695;0,035714285714285714285
59745;700;0,035714285714285714285
59745;983;0,035714285714285714285
59745;1169;0,571428571428571428571
59745;59841;0,035714285714285714285
59841;71;0,025000000000000000000
59841;276;0,012500000000000000000
59841;283;0,037500000000000000000
59841;296;0,043750000000000000000
59841;419;0,006250000000000000000
59841;602;0,062500000000000000000
59841;695;0,037500000000000000000
59841;846;0,143750000000000000000
59841;983;0,006250000000000000000
59841;1065;0,012500000000000000000
59841;1066;0,006250000000000000000
59841;1142;0,006250000000000000000
59841;1169;0,056250000000000000000
59841;1224;0,018750000000000000000
59841;1432;0,006250000000000000000
59841;1563;0,006250000000000000000
59841;1657;0,006250000000000000000
59841;2083;0,006250000000000000000
59841;2435;0,018750000000000000000
59841;2697;0,037500000000000000000
59841;2731;0,012500000000000000000
59841;2863;0,037500000000000000000
59841;3123;0,037500000000000000000
59841;3256;0,037500000000000000000
59841;3427;0,037500000000000000000
59841;3683;0,043750000000000000000
59841;4274;0,006250000000000000000
59841;4874;0,006250000000000000000
59841;5149;0,037500000000000000000
59841;5789;0,006250000000000000000
59841;7975;0,043750000000000000000
59841;8268;0,006250000000000000000
59841;8715;0,037500000000000000000
59841;9721;0,006250000000000000000
59841;12959;0,018750000000000000000
59841;13502;0,006250000000000000000
59841;14481;0,037500000000000000000
59841;24259;0,006250000000000000000
59841;59745;0,018750000000000000000
63783;1745;0,750000000000000000000
63783;45686;0,250000000000000000000
65998;2175;0,833333333333333333333
65998;7095;0,166666666666666666666
66075;65998;1,000000000000000000000
73857;1988;0,500000000000000000000
73857;5449;0,500000000000000000000
74054;706;1,000000000000000000000
75230;1967;1,000000000000000000000
75827;213;0,052631578947368421052
75827;747;0,421052631578947368421
75827;748;0,052631578947368421052
75827;28826;0,157894736842105263157
75827;71411;0,052631578947368421052
75827;75828;0,052631578947368421052
75827;76428;0,210526315789473684210
75828;75827;1,000000000000000000000
76428;213;0,142857142857142857142
76428;747;0,142857142857142857142
76428;748;0,142857142857142857142
76428;71411;0,142857142857142857142
76428;75827;0,428571428571428571428
84925;1768;0,333333333333333333333
84925;2009;0,666666666666666666666
88069;2670;1,000000000000000000000
89874;5012;1,000000000000000000000
112062;826;1,000000000000000000000
113392;1974;0,333333333333333333333
113392;2350;0,333333333333333333333
113392;3685;0,333333333333333333333
113459;2435;1,000000000000000000000
114536;174;0,500000000000000000000
114536;1567;0,166666666666666666666
114536;3427;0,166666666666666666666
114536;8212;0,166666666666666666666
115105;763;0,066666666666666666666
115105;992;0,400000000000000000000
115105;1931;0,200000000000000000000
115105;2684;0,333333333333333333333
116140;517;0,200000000000000000000
116140;1840;0,200000000000000000000
116140;3212;0,200000000000000000000
116140;8253;0,200000000000000000000
116140;125861;0,200000000000000000000
122436;4425;1,000000000000000000000
125861;779;1,000000000000000000000
131383;18641;1,000000000000000000000
136664;115;1,000000000000000000000
140271;189;0,250000000000000000000
140271;3876;0,250000000000000000000
140271;5607;0,250000000000000000000
140271;5659;0,250000000000000000000
159122;1967;1,000000000000000000000
160268;1182;0,500000000000000000000
160268;4225;0,500000000000000000000
169356;3085;0,875000000000000000000
169356;9806;0,125000000000000000000
179346;846;0,933333333333333333333
179346;1344;0,066666666666666666666
184646;420;1,000000000000000000000
189452;978;0,142857142857142857142
189452;8909;0,428571428571428571428
189452;9898;0,142857142857142857142
189452;26786;0,285714285714285714285
190971;189452;1,000000000000000000000
192866;845;0,750000000000000000000
192866;846;0,250000000000000000000
237304;2657;1,000000000000000000000
240182;6723;1,000000000000000000000
245879;846;0,058823529411764705882
245879;1342;0,470588235294117647058
245879;1898;0,058823529411764705882
245879;2962;0,058823529411764705882
245879;4747;0,176470588235294117647
245879;24259;0,176470588235294117647
248841;1556;1,000000000000000000000
251573;12775;1,000000000000000000000
276963;1253;1,000000000000000000000
281170;2515;1,000000000000000000000
282773;282;1,000000000000000000000
284426;749;1,000000000000000000000
