7;1135;0,333333333333333333333
7;3496;0,666666666666666666666
9;1838;1,000000000000000000000
22;2043;1,000000000000000000000
32;19;1,000000000000000000000
39;612;0,600000000000000000000
39;3256;0,200000000000000000000
39;8985;0,200000000000000000000
46;1445;0,666666666666666666666
46;7994;0,333333333333333333333
48;810;0,142857142857142857142
48;2578;0,142857142857142857142
48;2798;0,285714285714285714285
48;5004;0,142857142857142857142
48;7037;0,142857142857142857142
48;283638;0,142857142857142857142
54;1089;0,125000000000000000000
54;1116;0,250000000000000000000
54;1891;0,125000000000000000000
54;4041;0,250000000000000000000
54;5395;0,125000000000000000000
54;7111;0,125000000000000000000
57;890;1,000000000000000000000
65;1286;0,363636363636363636363
65;1754;0,090909090909090909090
65;2064;0,181818181818181818181
65;2697;0,090909090909090909090
65;5367;0,090909090909090909090
65;9381;0,090909090909090909090
65;747808;0,090909090909090909090
71;628;0,333333333333333333333
71;1948;0,333333333333333333333
71;192866;0,333333333333333333333
77;846;0,333333333333333333333
77;6320;0,666666666666666666666
80;668;1,000000000000000000000
83;418;0,153846153846153846153
83;1504;0,230769230769230769230
83;1862;0,076923076923076923076
83;6635;0,538461538461538461538
90;13265;0,500000000000000000000
90;151009;0,500000000000000000000
96;85;0,027027027027027027027
96;122;0,027027027027027027027
96;237;0,054054054054054054054
96;248;0,027027027027027027027
96;249;0,054054054054054054054
96;251;0,027027027027027027027
96;615;0,162162162162162162162
96;845;0,027027027027027027027
96;1141;0,108108108108108108108
96;1364;0,027027027027027027027
96;1988;0,054054054054054054054
96;2293;0,081081081081081081081
96;2510;0,054054054054054054054
96;3045;0,108108108108108108108
96;3219;0,027027027027027027027
96;3753;0,054054054054054054054
96;3857;0,081081081081081081081
100;194;1,000000000000000000000
101;1499;1,000000000000000000000
104;163;0,125000000000000000000
104;172;0,500000000000000000000
104;1476;0,125000000000000000000
104;1498;0,250000000000000000000
108;7;0,066666666666666666666
108;349;0,266666666666666666666
108;351;0,066666666666666666666
108;1340;0,200000000000000000000
108;2594;0,133333333333333333333
108;3362;0,066666666666666666666
108;5360;0,066666666666666666666
108;17207;0,133333333333333333333
115;1949;0,187500000000000000000
115;4268;0,062500000000000000000
115;6468;0,125000000000000000000
115;8818;0,125000000000000000000
115;343358;0,062500000000000000000
115;374246;0,062500000000000000000
115;383630;0,250000000000000000000
115;484680;0,125000000000000000000
119;596;0,200000000000000000000
119;1840;0,200000000000000000000
119;1925;0,200000000000000000000
119;3105;0,200000000000000000000
119;7111;0,200000000000000000000
127;2825;0,666666666666666666666
127;2826;0,333333333333333333333
132;550;0,200000000000000000000
132;658;0,400000000000000000000
132;3230;0,200000000000000000000
132;9386;0,200000000000000000000
135;13;0,021276595744680851063
135;183;0,106382978723404255319
135;980;0,085106382978723404255
135;1234;0,085106382978723404255
135;1277;0,021276595744680851063
135;1278;0,106382978723404255319
135;1925;0,021276595744680851063
135;1931;0,085106382978723404255
135;1939;0,085106382978723404255
135;2111;0,085106382978723404255
135;2204;0,021276595744680851063
135;2850;0,021276595744680851063
135;4020;0,021276595744680851063
135;4098;0,021276595744680851063
135;5012;0,021276595744680851063
135;5679;0,085106382978723404255
135;8539;0,021276595744680851063
135;10188;0,085106382978723404255
138;391;0,250000000000000000000
138;41776;0,250000000000000000000
138;366089;0,500000000000000000000
148;2371;0,333333333333333333333
148;2576;0,333333333333333333333
148;5635;0,333333333333333333333
155;967;0,250000000000000000000
155;983;0,250000000000000000000
155;1278;0,250000000000000000000
155;6554;0,250000000000000000000
163;104;0,142857142857142857142
163;172;0,285714285714285714285
163;494;0,285714285714285714285
163;1498;0,142857142857142857142
163;4283;0,142857142857142857142
172;104;0,285714285714285714285
172;163;0,142857142857142857142
172;1498;0,500000000000000000000
172;59745;0,071428571428571428571
174;220;0,017241379310344827586
174;232;0,017241379310344827586
174;289;0,017241379310344827586
174;313;0,017241379310344827586
174;437;0,017241379310344827586
174;577;0,017241379310344827586
174;870;0,017241379310344827586
174;1014;0,017241379310344827586
174;1064;0,034482758620689655172
174;1321;0,017241379310344827586
174;1402;0,017241379310344827586
174;1455;0,017241379310344827586
174;1563;0,017241379310344827586
174;1564;0,017241379310344827586
174;1566;0,017241379310344827586
174;1608;0,034482758620689655172
174;1632;0,017241379310344827586
174;1685;0,017241379310344827586
174;1687;0,017241379310344827586
174;1688;0,017241379310344827586
174;1689;0,017241379310344827586
174;1690;0,017241379310344827586
174;1691;0,017241379310344827586
174;1692;0,017241379310344827586
174;1694;0,017241379310344827586
174;1696;0,017241379310344827586
174;1697;0,017241379310344827586
174;1698;0,017241379310344827586
174;1699;0,017241379310344827586
174;1700;0,017241379310344827586
174;1702;0,017241379310344827586
174;1703;0,017241379310344827586
174;1705;0,017241379310344827586
174;1706;0,017241379310344827586
174;1707;0,017241379310344827586
174;1708;0,017241379310344827586
174;1709;0,017241379310344827586
174;1763;0,017241379310344827586
174;1769;0,017241379310344827586
174;2008;0,017241379310344827586
174;2196;0,017241379310344827586
174;2470;0,017241379310344827586
174;2825;0,017241379310344827586
174;2826;0,017241379310344827586
174;3359;0,017241379310344827586
174;3427;0,017241379310344827586
174;4697;0,017241379310344827586
174;5753;0,017241379310344827586
174;7994;0,017241379310344827586
174;8580;0,017241379310344827586
174;23562;0,017241379310344827586
174;28777;0,017241379310344827586
174;529797;0,017241379310344827586
174;747847;0,017241379310344827586
174;764124;0,017241379310344827586
174;931417;0,017241379310344827586
179;37;1,000000000000000000000
183;111;0,200000000000000000000
183;1278;0,200000000000000000000
183;3219;0,400000000000000000000
183;13796;0,200000000000000000000
184;381254;1,000000000000000000000
186;1894;0,500000000000000000000
186;6892;0,500000000000000000000
190;1625;0,076923076923076923076
190;2146;0,076923076923076923076
190;4625;0,076923076923076923076
190;5679;0,230769230769230769230
190;13265;0,076923076923076923076
190;352262;0,153846153846153846153
190;366867;0,076923076923076923076
190;423622;0,076923076923076923076
190;533247;0,153846153846153846153
192;497;0,333333333333333333333
192;4281;0,333333333333333333333
192;7759;0,166666666666666666666
192;13265;0,166666666666666666666
194;71;0,058823529411764705882
194;100;0,117647058823529411764
194;155;0,117647058823529411764
194;628;0,176470588235294117647
194;700;0,117647058823529411764
194;1754;0,117647058823529411764
194;1943;0,058823529411764705882
194;2500;0,058823529411764705882
194;59745;0,058823529411764705882
194;349041;0,058823529411764705882
194;453859;0,058823529411764705882
199;657;0,500000000000000000000
199;3105;0,500000000000000000000
211;5493;1,000000000000000000000
213;747;0,750000000000000000000
213;76428;0,250000000000000000000
218;11235;1,000000000000000000000
219;8223;1,000000000000000000000
220;1454;1,000000000000000000000
232;1064;0,200000000000000000000
232;1563;0,200000000000000000000
232;1608;0,200000000000000000000
232;10176;0,200000000000000000000
232;931417;0,200000000000000000000
241;274;0,111111111111111111111
241;781;0,111111111111111111111
241;873;0,111111111111111111111
241;1710;0,222222222222222222222
241;3103;0,111111111111111111111
241;6105;0,111111111111111111111
241;9212;0,111111111111111111111
241;13673;0,111111111111111111111
242;373;0,142857142857142857142
242;594;0,142857142857142857142
242;1625;0,285714285714285714285
242;13265;0,142857142857142857142
242;369262;0,285714285714285714285
244;1225;0,500000000000000000000
244;12388;0,500000000000000000000
246;1840;1,000000000000000000000
248;96;1,000000000000000000000
249;96;0,062500000000000000000
249;122;0,031250000000000000000
249;251;0,187500000000000000000
249;283;0,125000000000000000000
249;529;0,031250000000000000000
249;625;0,031250000000000000000
249;1116;0,062500000000000000000
249;1154;0,031250000000000000000
249;1314;0,031250000000000000000
249;1526;0,093750000000000000000
249;1724;0,031250000000000000000
249;1988;0,062500000000000000000
249;3045;0,125000000000000000000
249;245879;0,093750000000000000000
261;96;0,142857142857142857142
261;237;0,285714285714285714285
261;1364;0,285714285714285714285
261;3219;0,285714285714285714285
263;131;0,250000000000000000000
263;420;0,250000000000000000000
263;1263;0,500000000000000000000
266;3320;0,400000000000000000000
266;4345;0,200000000000000000000
266;5603;0,200000000000000000000
266;471750;0,200000000000000000000
267;248;0,050000000000000000000
267;250;0,050000000000000000000
267;251;0,050000000000000000000
267;861;0,050000000000000000000
267;1513;0,050000000000000000000
267;2139;0,050000000000000000000
267;2252;0,050000000000000000000
267;2398;0,050000000000000000000
267;2515;0,050000000000000000000
267;3045;0,100000000000000000000
267;3867;0,200000000000000000000
267;4187;0,150000000000000000000
267;4507;0,100000000000000000000
268;267;0,500000000000000000000
268;615;0,500000000000000000000
269;251;0,333333333333333333333
269;1583;0,666666666666666666666
271;1288;1,000000000000000000000
273;1997;0,666666666666666666666
273;28184;0,333333333333333333333
276;695;0,500000000000000000000
276;1942;0,250000000000000000000
276;26705;0,250000000000000000000
279;7116;1,000000000000000000000
283;3872;0,500000000000000000000
283;5638;0,500000000000000000000
284;285;0,666666666666666666666
284;1281;0,166666666666666666666
284;1515;0,166666666666666666666
287;1216;0,200000000000000000000
287;1829;0,400000000000000000000
287;2073;0,200000000000000000000
287;9941;0,200000000000000000000
288;296;0,181818181818181818181
288;568;0,181818181818181818181
288;1293;0,090909090909090909090
288;2001;0,090909090909090909090
288;2337;0,090909090909090909090
288;4728;0,090909090909090909090
288;6701;0,090909090909090909090
288;11695;0,090909090909090909090
288;113392;0,090909090909090909090
290;246;0,040816326530612244897
290;545;0,040816326530612244897
290;1030;0,040816326530612244897
290;1497;0,040816326530612244897
290;1824;0,040816326530612244897
290;2323;0,020408163265306122448
290;2337;0,040816326530612244897
290;2343;0,040816326530612244897
290;2371;0,040816326530612244897
290;2678;0,061224489795918367346
290;3978;0,040816326530612244897
290;4657;0,040816326530612244897
290;4728;0,061224489795918367346
290;4794;0,040816326530612244897
290;5679;0,081632653061224489795
290;5915;0,040816326530612244897
290;8348;0,040816326530612244897
290;9376;0,040816326530612244897
290;10860;0,040816326530612244897
290;12385;0,040816326530612244897
290;17677;0,040816326530612244897
290;17773;0,040816326530612244897
290;27527;0,040816326530612244897
294;288;0,500000000000000000000
294;3978;0,500000000000000000000
295;5679;1,000000000000000000000
296;288;0,666666666666666666666
296;113392;0,333333333333333333333
299;1806;1,000000000000000000000
302;157662;1,000000000000000000000
306;727;0,333333333333333333333
306;1307;0,222222222222222222222
306;4355;0,333333333333333333333
306;5329;0,111111111111111111111
307;378;0,055555555555555555555
307;1240;0,055555555555555555555
307;1325;0,055555555555555555555
307;1327;0,055555555555555555555
307;1328;0,055555555555555555555
307;1329;0,055555555555555555555
307;1331;0,055555555555555555555
307;1332;0,055555555555555555555
307;1335;0,055555555555555555555
307;1336;0,111111111111111111111
307;1337;0,111111111111111111111
307;2152;0,055555555555555555555
307;5831;0,055555555555555555555
307;7278;0,111111111111111111111
307;27808;0,055555555555555555555
310;1799;0,428571428571428571428
310;8539;0,571428571428571428571
313;492;0,500000000000000000000
313;8568;0,500000000000000000000
317;318;0,866666666666666666666
317;4728;0,133333333333333333333
320;864;0,222222222222222222222
320;1596;0,111111111111111111111
320;2792;0,555555555555555555555
320;8912;0,111111111111111111111
324;219;0,500000000000000000000
324;1893;0,500000000000000000000
334;1963;0,333333333333333333333
334;3557;0,333333333333333333333
334;4215;0,333333333333333333333
337;120;0,500000000000000000000
337;396;0,500000000000000000000
341;742;0,428571428571428571428
341;749;0,142857142857142857142
341;4831;0,285714285714285714285
341;5005;0,142857142857142857142
346;6326;1,000000000000000000000
347;494;1,000000000000000000000
349;108;0,333333333333333333333
349;538;0,333333333333333333333
349;440509;0,333333333333333333333
363;5626;1,000000000000000000000
365;3143;1,000000000000000000000
375;293;0,500000000000000000000
375;398;0,500000000000000000000
379;2547;1,000000000000000000000
388;218;0,187500000000000000000
388;375;0,062500000000000000000
388;391;0,125000000000000000000
388;394;0,062500000000000000000
388;399;0,062500000000000000000
388;405;0,062500000000000000000
388;409;0,062500000000000000000
388;411;0,187500000000000000000
388;419;0,062500000000000000000
388;1218;0,062500000000000000000
388;6262;0,062500000000000000000
390;397;0,500000000000000000000
390;28404;0,500000000000000000000
391;138;0,500000000000000000000
391;6151;0,500000000000000000000
392;410;0,333333333333333333333
392;12563;0,666666666666666666666
395;83;0,125000000000000000000
395;409;0,125000000000000000000
395;418;0,250000000000000000000
395;3477;0,375000000000000000000
395;12563;0,125000000000000000000
396;2140;1,000000000000000000000
398;12563;1,000000000000000000000
399;1894;1,000000000000000000000
401;415;1,000000000000000000000
403;2822;1,000000000000000000000
404;407;1,000000000000000000000
405;388;0,500000000000000000000
405;1894;0,500000000000000000000
407;404;0,187500000000000000000
407;458;0,125000000000000000000
407;520;0,062500000000000000000
407;2571;0,062500000000000000000
407;2585;0,125000000000000000000
407;2630;0,187500000000000000000
407;3779;0,062500000000000000000
407;5626;0,187500000000000000000
410;388;0,333333333333333333333
410;2140;0,333333333333333333333
410;8566;0,333333333333333333333
412;3560;1,000000000000000000000
415;21112;1,000000000000000000000
418;83;0,250000000000000000000
418;292;0,125000000000000000000
418;865;0,125000000000000000000
418;2694;0,125000000000000000000
418;12563;0,125000000000000000000
418;851827;0,250000000000000000000
419;388;0,052631578947368421052
419;396;0,157894736842105263157
419;418;0,105263157894736842105
419;945;0,105263157894736842105
419;1221;0,105263157894736842105
419;1894;0,105263157894736842105
419;1999;0,052631578947368421052
419;3465;0,105263157894736842105
419;7975;0,105263157894736842105
419;12959;0,105263157894736842105
420;1864;0,058823529411764705882
420;2090;0,411764705882352941176
420;2515;0,117647058823529411764
420;5016;0,117647058823529411764
420;6960;0,235294117647058823529
420;8465;0,058823529411764705882
423;352;0,061224489795918367346
423;425;0,061224489795918367346
423;426;0,061224489795918367346
423;441;0,061224489795918367346
423;442;0,061224489795918367346
423;443;0,020408163265306122448
423;444;0,061224489795918367346
423;849;0,061224489795918367346
423;2500;0,061224489795918367346
423;2555;0,040816326530612244897
423;3394;0,061224489795918367346
423;3876;0,020408163265306122448
423;4510;0,061224489795918367346
423;5611;0,061224489795918367346
423;13335;0,061224489795918367346
423;13482;0,061224489795918367346
423;184646;0,061224489795918367346
423;511019;0,061224489795918367346
424;443;0,500000000000000000000
424;48826;0,500000000000000000000
427;8539;1,000000000000000000000
428;3088;0,200000000000000000000
428;4345;0,400000000000000000000
428;8985;0,200000000000000000000
428;725179;0,200000000000000000000
441;423;0,058823529411764705882
441;849;0,058823529411764705882
441;3394;0,058823529411764705882
441;3395;0,058823529411764705882
441;4510;0,058823529411764705882
441;5077;0,411764705882352941176
441;7135;0,235294117647058823529
441;12591;0,058823529411764705882
443;423;0,272727272727272727272
443;424;0,090909090909090909090
443;7605;0,636363636363636363636
453;326;0,040000000000000000000
453;777;0,040000000000000000000
453;822;0,040000000000000000000
453;839;0,240000000000000000000
453;1717;0,240000000000000000000
453;4432;0,280000000000000000000
453;13498;0,120000000000000000000
464;1085;1,000000000000000000000
466;5691;0,500000000000000000000
466;13265;0,500000000000000000000
467;5167;1,000000000000000000000
469;172;0,111111111111111111111
469;265;0,111111111111111111111
469;1476;0,111111111111111111111
469;4428;0,111111111111111111111
469;4433;0,111111111111111111111
469;4437;0,111111111111111111111
469;4466;0,111111111111111111111
469;4772;0,111111111111111111111
469;8489;0,111111111111111111111
472;798;0,500000000000000000000
472;984;0,500000000000000000000
474;13265;1,000000000000000000000
477;286660;1,000000000000000000000
479;5013;0,333333333333333333333
479;8473;0,333333333333333333333
479;891311;0,333333333333333333333
484;1374;0,500000000000000000000
484;6567;0,500000000000000000000
485;54;0,500000000000000000000
485;642;0,500000000000000000000
492;313;1,000000000000000000000
494;3836;1,000000000000000000000
497;192;0,250000000000000000000
497;2271;0,083333333333333333333
497;7759;0,333333333333333333333
497;9389;0,083333333333333333333
497;13265;0,083333333333333333333
497;533247;0,166666666666666666666
498;1083;0,166666666666666666666
498;3763;0,166666666666666666666
498;5679;0,666666666666666666666
504;6150;0,222222222222222222222
504;12356;0,666666666666666666666
504;17269;0,111111111111111111111
512;938;1,000000000000000000000
513;7135;1,000000000000000000000
517;72;0,142857142857142857142
517;829;0,142857142857142857142
517;2364;0,142857142857142857142
517;3395;0,142857142857142857142
517;116140;0,142857142857142857142
517;474028;0,285714285714285714285
519;2005;0,333333333333333333333
519;2494;0,333333333333333333333
519;5591;0,333333333333333333333
520;407;0,071428571428571428571
520;527;0,071428571428571428571
520;1234;0,142857142857142857142
520;1278;0,071428571428571428571
520;4108;0,071428571428571428571
520;4379;0,357142857142857142857
520;4991;0,071428571428571428571
520;366089;0,142857142857142857142
521;192;0,111111111111111111111
521;520;0,111111111111111111111
521;878;0,111111111111111111111
521;3800;0,333333333333333333333
521;4281;0,222222222222222222222
521;8156;0,111111111111111111111
524;2385;0,125000000000000000000
524;2683;0,250000000000000000000
524;2779;0,125000000000000000000
524;3355;0,125000000000000000000
524;3356;0,125000000000000000000
524;7939;0,125000000000000000000
524;9418;0,125000000000000000000
526;2779;0,500000000000000000000
526;3116;0,250000000000000000000
526;9436;0,250000000000000000000
527;520;1,000000000000000000000
529;1234;0,142857142857142857142
529;1316;0,142857142857142857142
529;1340;0,142857142857142857142
529;1724;0,142857142857142857142
529;3523;0,142857142857142857142
529;3852;0,142857142857142857142
529;12432;0,142857142857142857142
538;349;0,400000000000000000000
538;2592;0,200000000000000000000
538;4278;0,200000000000000000000
538;119973;0,200000000000000000000
540;615;1,000000000000000000000
545;609;0,125000000000000000000
545;1498;0,125000000000000000000
545;2322;0,125000000000000000000
545;2482;0,125000000000000000000
545;3087;0,250000000000000000000
545;8348;0,250000000000000000000
547;2851;1,000000000000000000000
550;132;0,071428571428571428571
550;596;0,071428571428571428571
550;658;0,071428571428571428571
550;1319;0,071428571428571428571
550;2509;0,142857142857142857142
550;2882;0,071428571428571428571
550;3230;0,285714285714285714285
550;6130;0,071428571428571428571
550;256804;0,142857142857142857142
551;5149;0,500000000000000000000
551;7111;0,500000000000000000000
558;794;0,100000000000000000000
558;851;0,100000000000000000000
558;1035;0,100000000000000000000
558;1596;0,100000000000000000000
558;2657;0,100000000000000000000
558;2825;0,100000000000000000000
558;5440;0,100000000000000000000
558;7132;0,100000000000000000000
558;7866;0,100000000000000000000
558;374246;0,100000000000000000000
571;1897;0,400000000000000000000
571;3256;0,200000000000000000000
571;3548;0,400000000000000000000
573;2484;1,000000000000000000000
576;3694;1,000000000000000000000
594;242;0,200000000000000000000
594;5679;0,800000000000000000000
600;425;0,250000000000000000000
600;1079;0,250000000000000000000
600;2070;0,250000000000000000000
600;623129;0,250000000000000000000
602;1967;1,000000000000000000000
605;886;1,000000000000000000000
612;39;0,666666666666666666666
612;3256;0,333333333333333333333
613;527;0,200000000000000000000
613;3088;0,200000000000000000000
613;3811;0,200000000000000000000
613;4307;0,200000000000000000000
613;6913;0,200000000000000000000
615;96;0,500000000000000000000
615;268;0,166666666666666666666
615;540;0,166666666666666666666
615;281170;0,166666666666666666666
621;2385;0,750000000000000000000
621;5444;0,250000000000000000000
622;1109;0,250000000000000000000
622;2147;0,250000000000000000000
622;2359;0,125000000000000000000
622;3680;0,125000000000000000000
622;5437;0,125000000000000000000
622;7762;0,125000000000000000000
625;122;0,035714285714285714285
625;222;0,071428571428571428571
625;249;0,035714285714285714285
625;635;0,071428571428571428571
625;771;0,035714285714285714285
625;798;0,107142857142857142857
625;1154;0,035714285714285714285
625;2302;0,035714285714285714285
625;3393;0,107142857142857142857
625;3528;0,178571428571428571428
625;6203;0,178571428571428571428
625;8786;0,035714285714285714285
625;10188;0,035714285714285714285
625;38589;0,035714285714285714285
628;71;0,200000000000000000000
628;194;0,100000000000000000000
628;567;0,100000000000000000000
628;749;0,100000000000000000000
628;1042;0,100000000000000000000
628;1064;0,100000000000000000000
628;1563;0,100000000000000000000
628;1939;0,200000000000000000000
635;625;0,166666666666666666666
635;1637;0,833333333333333333333
644;6509;0,666666666666666666666
644;140271;0,333333333333333333333
652;1263;0,500000000000000000000
652;1949;0,500000000000000000000
657;1344;1,000000000000000000000
662;78108;1,000000000000000000000
668;80;0,166666666666666666666
668;530;0,041666666666666666666
668;531;0,208333333333333333333
668;876;0,083333333333333333333
668;1129;0,083333333333333333333
668;1131;0,041666666666666666666
668;1248;0,041666666666666666666
668;3515;0,041666666666666666666
668;3625;0,083333333333333333333
668;507180;0,083333333333333333333
668;642255;0,125000000000000000000
669;528;0,100000000000000000000
669;878;0,100000000000000000000
669;1225;0,300000000000000000000
669;4657;0,100000000000000000000
669;4877;0,100000000000000000000
669;9436;0,100000000000000000000
669;48862;0,200000000000000000000
671;1894;1,000000000000000000000
678;615;0,100000000000000000000
678;1278;0,100000000000000000000
678;1547;0,100000000000000000000
678;2515;0,100000000000000000000
678;3234;0,100000000000000000000
678;3473;0,200000000000000000000
678;10020;0,200000000000000000000
678;216172;0,100000000000000000000
689;749;0,500000000000000000000
689;846;0,500000000000000000000
694;1894;0,500000000000000000000
694;17267;0,500000000000000000000
695;194;0,333333333333333333333
695;906176;0,666666666666666666666
698;1814;1,000000000000000000000
700;695;0,166666666666666666666
700;1754;0,166666666666666666666
700;1940;0,166666666666666666666
700;349041;0,166666666666666666666
700;453859;0,166666666666666666666
700;747808;0,166666666666666666666
712;1445;1,000000000000000000000
713;407;0,333333333333333333333
713;458;0,333333333333333333333
713;306994;0,333333333333333333333
731;15471;1,000000000000000000000
740;8858;1,000000000000000000000
747;213;0,666666666666666666666
747;8516;0,111111111111111111111
747;81648;0,222222222222222222222
748;75827;1,000000000000000000000
749;277;0,090909090909090909090
749;689;0,090909090909090909090
749;1939;0,454545454545454545454
749;2112;0,090909090909090909090
749;5679;0,272727272727272727272
750;343424;1,000000000000000000000
752;417;0,200000000000000000000
752;1445;0,100000000000000000000
752;1632;0,400000000000000000000
752;1723;0,200000000000000000000
752;2607;0,100000000000000000000
761;248838;1,000000000000000000000
766;13265;1,000000000000000000000
771;2291;0,333333333333333333333
771;3234;0,083333333333333333333
771;8928;0,416666666666666666666
771;9627;0,083333333333333333333
771;28112;0,083333333333333333333
774;3829;1,000000000000000000000
777;3675;0,500000000000000000000
777;4471;0,500000000000000000000
778;7095;0,500000000000000000000
778;66075;0,500000000000000000000
787;36;0,125000000000000000000
787;1710;0,250000000000000000000
787;2398;0,125000000000000000000
787;3459;0,375000000000000000000
787;4376;0,125000000000000000000
791;2254;1,000000000000000000000
794;1596;0,285714285714285714285
794;2993;0,142857142857142857142
794;5367;0,142857142857142857142
794;5440;0,285714285714285714285
794;7866;0,142857142857142857142
808;1227;0,250000000000000000000
808;9722;0,500000000000000000000
808;9729;0,250000000000000000000
815;373;0,500000000000000000000
815;13265;0,500000000000000000000
817;349;1,000000000000000000000
819;111;0,047619047619047619047
819;452;0,142857142857142857142
819;531;0,190476190476190476190
819;933;0,285714285714285714285
819;1391;0,095238095238095238095
819;1596;0,095238095238095238095
819;1745;0,047619047619047619047
819;4173;0,047619047619047619047
819;5440;0,047619047619047619047
827;6496;1,000000000000000000000
829;1117;0,500000000000000000000
829;2364;0,500000000000000000000
835;1152;0,200000000000000000000
835;3122;0,100000000000000000000
835;3123;0,200000000000000000000
835;5136;0,100000000000000000000
835;5679;0,400000000000000000000
839;74;0,200000000000000000000
839;1498;0,600000000000000000000
839;1598;0,200000000000000000000
841;2271;1,000000000000000000000
844;360;0,750000000000000000000
844;1719;0,125000000000000000000
844;3508;0,125000000000000000000
845;71;0,033333333333333333333
845;96;0,033333333333333333333
845;846;0,233333333333333333333
845;1041;0,033333333333333333333
845;1437;0,033333333333333333333
845;1724;0,100000000000000000000
845;2731;0,033333333333333333333
845;131383;0,100000000000000000000
845;192866;0,166666666666666666666
845;193005;0,033333333333333333333
845;336640;0,033333333333333333333
845;398787;0,133333333333333333333
845;623129;0,033333333333333333333
846;77;0,029411764705882352941
846;689;0,029411764705882352941
846;845;0,352941176470588235294
846;1065;0,029411764705882352941
846;1263;0,058823529411764705882
846;1437;0,088235294117647058823
846;1681;0,029411764705882352941
846;2731;0,029411764705882352941
846;2834;0,029411764705882352941
846;3683;0,029411764705882352941
846;59841;0,058823529411764705882
846;131383;0,029411764705882352941
846;192866;0,176470588235294117647
846;623129;0,029411764705882352941
851;558;1,000000000000000000000
853;5783;1,000000000000000000000
854;1725;1,000000000000000000000
855;4004;0,250000000000000000000
855;14803;0,250000000000000000000
855;18396;0,250000000000000000000
855;21005;0,250000000000000000000
860;1988;1,000000000000000000000
861;267;0,133333333333333333333
861;678;0,066666666666666666666
861;1591;0,133333333333333333333
861;2398;0,066666666666666666666
861;2713;0,066666666666666666666
861;3045;0,400000000000000000000
861;41776;0,133333333333333333333
864;320;1,000000000000000000000
866;5564;1,000000000000000000000
869;292;0,100000000000000000000
869;648;0,100000000000000000000
869;1663;0,100000000000000000000
869;1862;0,100000000000000000000
869;2961;0,100000000000000000000
869;3284;0,100000000000000000000
869;3408;0,100000000000000000000
869;3694;0,100000000000000000000
869;4992;0,100000000000000000000
869;6986;0,100000000000000000000
877;1044;0,142857142857142857142
877;5367;0,142857142857142857142
877;5679;0,571428571428571428571
877;13265;0,142857142857142857142
882;3161;1,000000000000000000000
883;5437;1,000000000000000000000
885;5329;1,000000000000000000000
886;543;0,333333333333333333333
886;605;0,333333333333333333333
886;1864;0,333333333333333333333
887;13265;1,000000000000000000000
890;57;0,500000000000000000000
890;4159;0,500000000000000000000
899;490;0,200000000000000000000
899;1206;0,200000000000000000000
899;2850;0,200000000000000000000
899;11415;0,200000000000000000000
899;13537;0,200000000000000000000
904;2200;0,500000000000000000000
904;743909;0,500000000000000000000
911;4262;0,250000000000000000000
911;16644;0,500000000000000000000
911;352420;0,250000000000000000000
912;113;1,000000000000000000000
933;819;1,000000000000000000000
937;1483;0,200000000000000000000
937;1498;0,200000000000000000000
937;3306;0,200000000000000000000
937;4299;0,200000000000000000000
937;8928;0,200000000000000000000
938;512;0,250000000000000000000
938;866;0,125000000000000000000
938;5679;0,500000000000000000000
938;13265;0,125000000000000000000
945;418;0,142857142857142857142
945;865;0,142857142857142857142
945;1140;0,142857142857142857142
945;3318;0,071428571428571428571
945;5679;0,285714285714285714285
945;14010;0,071428571428571428571
945;851827;0,142857142857142857142
956;955;0,166666666666666666666
956;1253;0,166666666666666666666
956;4108;0,166666666666666666666
956;4681;0,166666666666666666666
956;9729;0,166666666666666666666
956;22123;0,166666666666666666666
960;911;0,200000000000000000000
960;1401;0,200000000000000000000
960;1744;0,200000000000000000000
960;4240;0,200000000000000000000
960;20235;0,200000000000000000000
966;2786;1,000000000000000000000
970;621;0,142857142857142857142
970;866;0,142857142857142857142
970;2385;0,285714285714285714285
970;2683;0,142857142857142857142
970;5367;0,142857142857142857142
970;13265;0,142857142857142857142
972;182;0,166666666666666666666
972;2591;0,333333333333333333333
972;2756;0,166666666666666666666
972;3636;0,166666666666666666666
972;6543;0,166666666666666666666
977;474;0,111111111111111111111
977;866;0,222222222222222222222
977;970;0,111111111111111111111
977;993;0,111111111111111111111
977;3798;0,111111111111111111111
977;4147;0,111111111111111111111
977;4280;0,111111111111111111111
977;5691;0,111111111111111111111
978;74;0,035714285714285714285
978;464;0,035714285714285714285
978;1085;0,035714285714285714285
978;1406;0,035714285714285714285
978;1503;0,035714285714285714285
978;2176;0,035714285714285714285
978;2559;0,071428571428571428571
978;2591;0,035714285714285714285
978;3096;0,035714285714285714285
978;3610;0,035714285714285714285
978;3859;0,035714285714285714285
978;4179;0,035714285714285714285
978;5449;0,035714285714285714285
978;5526;0,035714285714285714285
978;6440;0,035714285714285714285
978;8756;0,035714285714285714285
978;9296;0,035714285714285714285
978;9356;0,071428571428571428571
978;9554;0,035714285714285714285
978;12936;0,035714285714285714285
978;16527;0,035714285714285714285
978;29376;0,035714285714285714285
978;50332;0,035714285714285714285
978;385198;0,035714285714285714285
978;386794;0,035714285714285714285
978;608594;0,035714285714285714285
979;1991;1,000000000000000000000
980;2684;0,200000000000000000000
980;3219;0,600000000000000000000
980;5719;0,200000000000000000000
982;277;0,166666666666666666666
982;845;0,166666666666666666666
982;1041;0,500000000000000000000
982;767166;0,166666666666666666666
983;155;0,200000000000000000000
983;513;0,200000000000000000000
983;59745;0,200000000000000000000
983;349041;0,200000000000000000000
983;366089;0,200000000000000000000
984;96;0,200000000000000000000
984;472;0,400000000000000000000
984;3503;0,200000000000000000000
984;7577;0,200000000000000000000
990;1225;0,500000000000000000000
990;3095;0,500000000000000000000
995;237;0,200000000000000000000
995;984;0,200000000000000000000
995;2204;0,200000000000000000000
995;5009;0,200000000000000000000
995;5214;0,200000000000000000000
997;6267;1,000000000000000000000
1010;1018;0,200000000000000000000
1010;2001;0,800000000000000000000
1018;20770;1,000000000000000000000
1022;6496;1,000000000000000000000
1030;2343;1,000000000000000000000
1033;2269;0,333333333333333333333
1033;2775;0,333333333333333333333
1033;5155;0,333333333333333333333
1034;222;0,333333333333333333333
1034;6203;0,333333333333333333333
1034;14013;0,333333333333333333333
1041;845;0,111111111111111111111
1041;982;0,166666666666666666666
1041;1042;0,055555555555555555555
1041;1220;0,055555555555555555555
1041;1263;0,055555555555555555555
1041;2287;0,055555555555555555555
1041;193005;0,055555555555555555555
1041;373677;0,166666666666666666666
1041;767166;0,277777777777777777777
1042;982;0,750000000000000000000
1042;1220;0,250000000000000000000
1044;878;0,090909090909090909090
1044;883;0,181818181818181818181
1044;5459;0,090909090909090909090
1044;9382;0,090909090909090909090
1044;9434;0,272727272727272727272
1044;9436;0,090909090909090909090
1044;12798;0,090909090909090909090
1044;525330;0,090909090909090909090
1046;1751;1,000000000000000000000
1048;3045;0,600000000000000000000
1048;14151;0,400000000000000000000
1058;833;0,125000000000000000000
1058;1512;0,125000000000000000000
1058;2204;0,125000000000000000000
1058;3188;0,125000000000000000000
1058;10682;0,125000000000000000000
1058;48255;0,125000000000000000000
1058;98068;0,250000000000000000000
1060;3271;1,000000000000000000000
1064;174;0,125000000000000000000
1064;232;0,125000000000000000000
1064;1321;0,125000000000000000000
1064;1563;0,125000000000000000000
1064;3427;0,250000000000000000000
1064;6634;0,125000000000000000000
1064;529797;0,125000000000000000000
1066;622;0,142857142857142857142
1066;878;0,142857142857142857142
1066;1122;0,142857142857142857142
1066;2697;0,142857142857142857142
1066;5367;0,142857142857142857142
1066;9806;0,142857142857142857142
1066;352262;0,142857142857142857142
1069;606725;1,000000000000000000000
1077;3905;1,000000000000000000000
1082;891;0,500000000000000000000
1082;5800;0,500000000000000000000
1083;8348;1,000000000000000000000
1085;464;0,272727272727272727272
1085;2591;0,090909090909090909090
1085;3610;0,272727272727272727272
1085;8756;0,090909090909090909090
1085;9296;0,181818181818181818181
1085;9554;0,090909090909090909090
1094;2489;0,142857142857142857142
1094;3420;0,142857142857142857142
1094;7322;0,142857142857142857142
1094;7711;0,142857142857142857142
1094;25264;0,285714285714285714285
1094;45604;0,142857142857142857142
1100;5245;1,000000000000000000000
1109;622;0,166666666666666666666
1109;1625;0,166666666666666666666
1109;2017;0,166666666666666666666
1109;2146;0,166666666666666666666
1109;9441;0,166666666666666666666
1109;13372;0,166666666666666666666
1117;2364;0,200000000000000000000
1117;3212;0,200000000000000000000
1117;5622;0,200000000000000000000
1117;8253;0,200000000000000000000
1117;474028;0,200000000000000000000
1118;529;0,166666666666666666666
1118;5679;0,500000000000000000000
1118;1064740;0,333333333333333333333
1121;285;0,250000000000000000000
1121;975;0,125000000000000000000
1121;2147;0,125000000000000000000
1121;5367;0,250000000000000000000
1121;9405;0,125000000000000000000
1121;13265;0,125000000000000000000
1123;9615;1,000000000000000000000
1124;6788;1,000000000000000000000
1127;399;1,000000000000000000000
1131;80;0,250000000000000000000
1131;502;0,250000000000000000000
1131;668;0,250000000000000000000
1131;27175;0,250000000000000000000
1135;17269;1,000000000000000000000
1138;375;1,000000000000000000000
1141;96;0,300000000000000000000
1141;2293;0,400000000000000000000
1141;3633;0,200000000000000000000
1141;3753;0,100000000000000000000
1142;241;0,125000000000000000000
1142;771;0,125000000000000000000
1142;1515;0,125000000000000000000
1142;2741;0,250000000000000000000
1142;3246;0,250000000000000000000
1142;59841;0,125000000000000000000
1149;2713;1,000000000000000000000
1150;878;0,500000000000000000000
1150;13265;0,500000000000000000000
1153;5158;1,000000000000000000000
1154;625;0,166666666666666666666
1154;972;0,166666666666666666666
1154;3528;0,333333333333333333333
1154;4553;0,166666666666666666666
1154;12775;0,166666666666666666666
1160;1513;1,000000000000000000000
1169;71;0,058823529411764705882
1169;100;0,058823529411764705882
1169;138;0,058823529411764705882
1169;276;0,058823529411764705882
1169;695;0,058823529411764705882
1169;1942;0,058823529411764705882
1169;1943;0,058823529411764705882
1169;1945;0,058823529411764705882
1169;1946;0,058823529411764705882
1169;4512;0,058823529411764705882
1169;13537;0,029411764705882352941
1169;41776;0,058823529411764705882
1169;59745;0,102941176470588235294
1169;59841;0,014705882352941176470
1169;98841;0,058823529411764705882
1169;131383;0,058823529411764705882
1169;408414;0,029411764705882352941
1169;604246;0,058823529411764705882
1181;852;0,333333333333333333333
1181;584314;0,666666666666666666666
1186;1709;1,000000000000000000000
1190;373677;1,000000000000000000000
1192;9234;1,000000000000000000000
1196;4059;0,500000000000000000000
1196;5005;0,250000000000000000000
1196;727898;0,250000000000000000000
1206;1246;1,000000000000000000000
1210;198;0,333333333333333333333
1210;3096;0,666666666666666666666
1216;5042;1,000000000000000000000
1220;1041;0,037735849056603773584
1220;1190;0,018867924528301886792
1220;1771;0,018867924528301886792
1220;2275;0,056603773584905660377
1220;2419;0,018867924528301886792
1220;2422;0,037735849056603773584
1220;2423;0,018867924528301886792
1220;2424;0,018867924528301886792
1220;3426;0,018867924528301886792
1220;5782;0,018867924528301886792
1220;6068;0,018867924528301886792
1220;6419;0,018867924528301886792
1220;6630;0,018867924528301886792
1220;6641;0,018867924528301886792
1220;6881;0,018867924528301886792
1220;7478;0,018867924528301886792
1220;7954;0,037735849056603773584
1220;9068;0,018867924528301886792
1220;10592;0,018867924528301886792
1220;11826;0,018867924528301886792
1220;12375;0,018867924528301886792
1220;13179;0,018867924528301886792
1220;13850;0,018867924528301886792
1220;15686;0,018867924528301886792
1220;15944;0,018867924528301886792
1220;16497;0,018867924528301886792
1220;20307;0,018867924528301886792
1220;21159;0,018867924528301886792
1220;22534;0,018867924528301886792
1220;27063;0,018867924528301886792
1220;27064;0,018867924528301886792
1220;27065;0,018867924528301886792
1220;27066;0,018867924528301886792
1220;27067;0,018867924528301886792
1220;27175;0,018867924528301886792
1220;28184;0,037735849056603773584
1220;28210;0,018867924528301886792
1220;28853;0,018867924528301886792
1220;108876;0,018867924528301886792
1220;349155;0,018867924528301886792
1220;373677;0,037735849056603773584
1220;377520;0,018867924528301886792
1220;383065;0,018867924528301886792
1220;383066;0,018867924528301886792
1220;387437;0,018867924528301886792
1220;387438;0,018867924528301886792
1225;244;0,200000000000000000000
1225;315;0,200000000000000000000
1225;669;0,200000000000000000000
1225;990;0,200000000000000000000
1225;78108;0,200000000000000000000
1228;2509;1,000000000000000000000
1231;642;0,200000000000000000000
1231;826;0,200000000000000000000
1231;2736;0,200000000000000000000
1231;3141;0,200000000000000000000
1231;191508;0,200000000000000000000
1234;135;0,050000000000000000000
1234;520;0,250000000000000000000
1234;527;0,050000000000000000000
1234;980;0,050000000000000000000
1234;1745;0,050000000000000000000
1234;2111;0,400000000000000000000
1234;3523;0,050000000000000000000
1234;4561;0,100000000000000000000
1235;3393;1,000000000000000000000
1236;2684;1,000000000000000000000
1243;1100;0,500000000000000000000
1243;4538;0,500000000000000000000
1250;657;0,052631578947368421052
1250;689;0,052631578947368421052
1250;835;0,052631578947368421052
1250;859;0,052631578947368421052
1250;3427;0,052631578947368421052
1250;4147;0,052631578947368421052
1250;8213;0,052631578947368421052
1250;8229;0,052631578947368421052
1250;16921;0,052631578947368421052
1250;23759;0,052631578947368421052
1250;24254;0,052631578947368421052
1250;24258;0,052631578947368421052
1250;28557;0,052631578947368421052
1250;28784;0,052631578947368421052
1250;283638;0,052631578947368421052
1250;307900;0,052631578947368421052
1250;329272;0,105263157894736842105
1250;653116;0,052631578947368421052
1254;119;1,000000000000000000000
1255;689;1,000000000000000000000
1261;13;0,200000000000000000000
1261;41;0,200000000000000000000
1261;160;0,200000000000000000000
1261;649;0,200000000000000000000
1261;4890;0,200000000000000000000
1265;5212;1,000000000000000000000
1276;835;0,333333333333333333333
1276;3098;0,333333333333333333333
1276;6524;0,333333333333333333333
1277;135;0,076923076923076923076
1277;845;0,076923076923076923076
1277;1235;0,153846153846153846153
1277;1591;0,076923076923076923076
1277;1814;0,076923076923076923076
1277;3392;0,076923076923076923076
1277;10188;0,076923076923076923076
1277;59745;0,076923076923076923076
1277;602536;0,230769230769230769230
1277;653504;0,076923076923076923076
1278;135;0,062500000000000000000
1278;183;0,125000000000000000000
1278;520;0,125000000000000000000
1278;526;0,062500000000000000000
1278;528;0,062500000000000000000
1278;2064;0,062500000000000000000
1278;3219;0,187500000000000000000
1278;3891;0,062500000000000000000
1278;10188;0,187500000000000000000
1278;59745;0,062500000000000000000
1282;2543;1,000000000000000000000
1286;65;0,428571428571428571428
1286;1754;0,142857142857142857142
1286;2434;0,142857142857142857142
1286;747808;0,285714285714285714285
1288;246;0,016393442622950819672
1288;271;0,016393442622950819672
1288;288;0,016393442622950819672
1288;290;0,016393442622950819672
1288;294;0,016393442622950819672
1288;317;0,016393442622950819672
1288;545;0,016393442622950819672
1288;1030;0,016393442622950819672
1288;1197;0,016393442622950819672
1288;1198;0,016393442622950819672
1288;1497;0,016393442622950819672
1288;1696;0,016393442622950819672
1288;1824;0,016393442622950819672
1288;1901;0,016393442622950819672
1288;1951;0,016393442622950819672
1288;2322;0,016393442622950819672
1288;2323;0,032786885245901639344
1288;2337;0,016393442622950819672
1288;2343;0,016393442622950819672
1288;2371;0,016393442622950819672
1288;2372;0,016393442622950819672
1288;2438;0,016393442622950819672
1288;2678;0,016393442622950819672
1288;2679;0,016393442622950819672
1288;3245;0,032786885245901639344
1288;3360;0,016393442622950819672
1288;3618;0,016393442622950819672
1288;3731;0,016393442622950819672
1288;3844;0,016393442622950819672
1288;3978;0,016393442622950819672
1288;4657;0,016393442622950819672
1288;4728;0,016393442622950819672
1288;4794;0,016393442622950819672
1288;5915;0,016393442622950819672
1288;6694;0,016393442622950819672
1288;7968;0,016393442622950819672
1288;8348;0,016393442622950819672
1288;8635;0,016393442622950819672
1288;9376;0,016393442622950819672
1288;9462;0,016393442622950819672
1288;9992;0,016393442622950819672
1288;10860;0,016393442622950819672
1288;11014;0,016393442622950819672
1288;12385;0,016393442622950819672
1288;14652;0,016393442622950819672
1288;15867;0,016393442622950819672
1288;17677;0,016393442622950819672
1288;17773;0,016393442622950819672
1288;17789;0,016393442622950819672
1288;23561;0,016393442622950819672
1288;23562;0,016393442622950819672
1288;23563;0,016393442622950819672
1288;26101;0,016393442622950819672
1288;27527;0,016393442622950819672
1288;27531;0,016393442622950819672
1288;27535;0,016393442622950819672
1288;27537;0,016393442622950819672
1288;27539;0,016393442622950819672
1288;455165;0,016393442622950819672
1290;4225;1,000000000000000000000
1293;4000;0,333333333333333333333
1293;4877;0,333333333333333333333
1293;28661;0,333333333333333333333
1307;306;1,000000000000000000000
1310;285;1,000000000000000000000
1319;3230;1,000000000000000000000
1321;1064;0,333333333333333333333
1321;1402;0,166666666666666666666
1321;1563;0,333333333333333333333
1321;3427;0,166666666666666666666
1332;307;0,066666666666666666666
1332;378;0,066666666666666666666
1332;1240;0,066666666666666666666
1332;1325;0,066666666666666666666
1332;1327;0,133333333333333333333
1332;1328;0,066666666666666666666
1332;1329;0,066666666666666666666
1332;1331;0,066666666666666666666
1332;1335;0,066666666666666666666
1332;2152;0,066666666666666666666
1332;5831;0,066666666666666666666
1332;7278;0,066666666666666666666
1332;15437;0,066666666666666666666
1332;27808;0,066666666666666666666
1335;13265;1,000000000000000000000
1336;13265;1,000000000000000000000
1337;307;1,000000000000000000000
1340;351;0,142857142857142857142
1340;1116;0,142857142857142857142
1340;1510;0,142857142857142857142
1340;2664;0,142857142857142857142
1340;434991;0,428571428571428571428
1342;4747;1,000000000000000000000
1344;5679;0,666666666666666666666
1344;179346;0,333333333333333333333
1364;96;0,111111111111111111111
1364;237;0,444444444444444444444
1364;261;0,333333333333333333333
1364;3219;0,111111111111111111111
1370;281;0,071428571428571428571
1370;452;0,142857142857142857142
1370;1025;0,142857142857142857142
1370;1116;0,142857142857142857142
1370;1129;0,071428571428571428571
1370;23720;0,071428571428571428571
1370;693032;0,142857142857142857142
1370;791903;0,214285714285714285714
1374;6130;0,500000000000000000000
1374;20436;0,500000000000000000000
1379;1597;1,000000000000000000000
1397;945;1,000000000000000000000
1427;8095;1,000000000000000000000
1432;1482;0,666666666666666666666
1432;13265;0,333333333333333333333
1434;288;0,090909090909090909090
1434;568;0,090909090909090909090
1434;608;0,090909090909090909090
1434;1082;0,090909090909090909090
1434;1083;0,090909090909090909090
1434;3212;0,090909090909090909090
1434;3968;0,090909090909090909090
1434;5037;0,090909090909090909090
1434;11656;0,090909090909090909090
1434;17677;0,090909090909090909090
1434;17678;0,090909090909090909090
1437;846;0,500000000000000000000
1437;59841;0,500000000000000000000
1439;3420;0,083333333333333333333
1439;5679;0,333333333333333333333
1439;7711;0,083333333333333333333
1439;9356;0,083333333333333333333
1439;28819;0,166666666666666666666
1439;28826;0,083333333333333333333
1439;38738;0,083333333333333333333
1439;45604;0,083333333333333333333
1445;712;0,666666666666666666666
1445;752;0,166666666666666666666
1445;2385;0,166666666666666666666
1454;749;0,142857142857142857142
1454;1563;0,142857142857142857142
1454;1565;0,142857142857142857142
1454;1689;0,142857142857142857142
1454;1692;0,142857142857142857142
1454;1698;0,142857142857142857142
1454;3971;0,142857142857142857142
1457;109;0,500000000000000000000
1457;2131;0,500000000000000000000
1462;13476;1,000000000000000000000
1464;2712;1,000000000000000000000
1471;22211;1,000000000000000000000
1476;829;1,000000000000000000000
1479;2743;0,250000000000000000000
1479;8928;0,750000000000000000000
1480;8928;1,000000000000000000000
1483;937;0,125000000000000000000
1483;3648;0,125000000000000000000
1483;8928;0,125000000000000000000
1483;9150;0,250000000000000000000
1483;10507;0,125000000000000000000
1483;17516;0,125000000000000000000
1483;37812;0,125000000000000000000
1497;1288;1,000000000000000000000
1498;104;0,135135135135135135135
1498;163;0,027027027027027027027
1498;172;0,216216216216216216216
1498;545;0,027027027027027027027
1498;839;0,081081081081081081081
1498;937;0,081081081081081081081
1498;2427;0,027027027027027027027
1498;3675;0,216216216216216216216
1498;4432;0,027027027027027027027
1498;4471;0,054054054054054054054
1498;4472;0,108108108108108108108
1499;101;1,000000000000000000000
1503;2591;1,000000000000000000000
1504;83;1,000000000000000000000
1508;8381;0,333333333333333333333
1508;13265;0,333333333333333333333
1508;179346;0,333333333333333333333
1510;35;0,360000000000000000000
1510;538;0,080000000000000000000
1510;1340;0,160000000000000000000
1510;1629;0,040000000000000000000
1510;2664;0,040000000000000000000
1510;3169;0,040000000000000000000
1510;3362;0,040000000000000000000
1510;4954;0,040000000000000000000
1510;10633;0,040000000000000000000
1510;17207;0,040000000000000000000
1510;28397;0,040000000000000000000
1510;54879;0,080000000000000000000
1513;669;0,200000000000000000000
1513;1160;0,200000000000000000000
1513;4313;0,200000000000000000000
1513;6008;0,200000000000000000000
1513;13253;0,200000000000000000000
1515;4592;0,500000000000000000000
1515;12423;0,500000000000000000000
1517;930;1,000000000000000000000
1526;249;1,000000000000000000000
1533;7765;1,000000000000000000000
1544;943;0,333333333333333333333
1544;5679;0,666666666666666666666
1547;678;0,333333333333333333333
1547;2515;0,333333333333333333333
1547;2714;0,333333333333333333333
1554;793;0,777777777777777777777
1554;1845;0,222222222222222222222
1556;1016;0,142857142857142857142
1556;1986;0,285714285714285714285
1556;2728;0,285714285714285714285
1556;7914;0,285714285714285714285
1560;3647;1,000000000000000000000
1565;812;0,090909090909090909090
1565;1036;0,090909090909090909090
1565;1562;0,090909090909090909090
1565;1688;0,090909090909090909090
1565;2470;0,090909090909090909090
1565;2890;0,090909090909090909090
1565;3395;0,090909090909090909090
1565;6940;0,090909090909090909090
1565;27269;0,272727272727272727272
1567;1867;0,250000000000000000000
1567;3189;0,250000000000000000000
1567;9226;0,250000000000000000000
1567;931417;0,250000000000000000000
1569;4512;0,333333333333333333333
1569;13809;0,333333333333333333333
1569;474028;0,333333333333333333333
1570;3045;0,142857142857142857142
1570;3872;0,285714285714285714285
1570;5679;0,571428571428571428571
1588;3320;1,000000000000000000000
1589;40;0,076923076923076923076
1589;266;0,076923076923076923076
1589;527;0,076923076923076923076
1589;738;0,076923076923076923076
1589;956;0,076923076923076923076
1589;964;0,076923076923076923076
1589;1678;0,076923076923076923076
1589;1897;0,076923076923076923076
1589;1997;0,076923076923076923076
1589;2834;0,076923076923076923076
1589;3256;0,076923076923076923076
1589;9729;0,076923076923076923076
1589;725179;0,076923076923076923076
1591;283;0,058823529411764705882
1591;861;0,117647058823529411764
1591;1142;0,058823529411764705882
1591;1277;0,058823529411764705882
1591;2291;0,058823529411764705882
1591;2398;0,058823529411764705882
1591;3045;0,058823529411764705882
1591;3234;0,235294117647058823529
1591;4592;0,117647058823529411764
1591;7030;0,058823529411764705882
1591;10188;0,058823529411764705882
1591;41776;0,058823529411764705882
1596;794;0,333333333333333333333
1596;819;0,666666666666666666666
1606;119973;1,000000000000000000000
1608;174;0,250000000000000000000
1608;1700;0,500000000000000000000
1608;931417;0,250000000000000000000
1609;812;0,500000000000000000000
1609;13291;0,500000000000000000000
1625;190;0,500000000000000000000
1625;979;0,500000000000000000000
1629;3971;0,500000000000000000000
1629;4472;0,500000000000000000000
1632;752;0,666666666666666666666
1632;1563;0,333333333333333333333
1637;635;0,363636363636363636363
1637;1831;0,090909090909090909090
1637;2712;0,181818181818181818181
1637;5029;0,181818181818181818181
1637;7711;0,090909090909090909090
1637;173893;0,090909090909090909090
1639;182;0,400000000000000000000
1639;771;0,200000000000000000000
1639;1662;0,200000000000000000000
1639;2375;0,200000000000000000000
1644;517;1,000000000000000000000
1657;4159;1,000000000000000000000
1662;1639;1,000000000000000000000
1663;54;1,000000000000000000000
1667;192;0,333333333333333333333
1667;964;0,333333333333333333333
1667;13265;0,333333333333333333333
1671;11527;1,000000000000000000000
1676;3204;0,250000000000000000000
1676;4748;0,250000000000000000000
1676;5441;0,250000000000000000000
1676;9398;0,250000000000000000000
1678;277;0,250000000000000000000
1678;1589;0,250000000000000000000
1678;3189;0,250000000000000000000
1678;27674;0,250000000000000000000
1681;17665;1,000000000000000000000
1689;1694;0,333333333333333333333
1689;3499;0,333333333333333333333
1689;434991;0,333333333333333333333
1692;1402;0,250000000000000000000
1692;1454;0,250000000000000000000
1692;5071;0,250000000000000000000
1692;136664;0,250000000000000000000
1694;289;0,111111111111111111111
1694;1566;0,111111111111111111111
1694;1689;0,111111111111111111111
1694;1690;0,111111111111111111111
1694;1763;0,111111111111111111111
1694;2254;0,111111111111111111111
1694;5478;0,111111111111111111111
1694;9955;0,111111111111111111111
1694;156500;0,111111111111111111111
1699;3971;1,000000000000000000000
1700;433;0,035714285714285714285
1700;437;0,071428571428571428571
1700;1608;0,142857142857142857142
1700;1695;0,035714285714285714285
1700;1967;0,035714285714285714285
1700;2139;0,035714285714285714285
1700;3251;0,035714285714285714285
1700;3648;0,071428571428571428571
1700;4172;0,035714285714285714285
1700;4518;0,035714285714285714285
1700;6940;0,071428571428571428571
1700;7968;0,035714285714285714285
1700;9951;0,071428571428571428571
1700;10177;0,071428571428571428571
1700;14733;0,035714285714285714285
1700;27269;0,107142857142857142857
1700;38588;0,035714285714285714285
1700;283638;0,035714285714285714285
1708;2506;1,000000000000000000000
1709;1186;0,333333333333333333333
1709;1402;0,333333333333333333333
1709;18517;0,333333333333333333333
1710;241;0,125000000000000000000
1710;787;0,250000000000000000000
1710;2398;0,250000000000000000000
1710;9258;0,375000000000000000000
1723;752;0,666666666666666666666
1723;4991;0,333333333333333333333
1725;854;1,000000000000000000000
1741;2714;1,000000000000000000000
1754;194;0,133333333333333333333
1754;700;0,066666666666666666666
1754;1286;0,066666666666666666666
1754;1762;0,200000000000000000000
1754;2021;0,066666666666666666666
1754;4991;0,066666666666666666666
1754;257158;0,066666666666666666666
1754;349041;0,066666666666666666666
1754;453859;0,066666666666666666666
1754;747808;0,200000000000000000000
1762;39;0,047619047619047619047
1762;65;0,047619047619047619047
1762;472;0,047619047619047619047
1762;507;0,047619047619047619047
1762;748;0,047619047619047619047
1762;1276;0,047619047619047619047
1762;1286;0,047619047619047619047
1762;1708;0,047619047619047619047
1762;1754;0,142857142857142857142
1762;2021;0,047619047619047619047
1762;2844;0,047619047619047619047
1762;2993;0,047619047619047619047
1762;4613;0,047619047619047619047
1762;4991;0,047619047619047619047
1762;7215;0,047619047619047619047
1762;7630;0,047619047619047619047
1762;8910;0,047619047619047619047
1762;393418;0,047619047619047619047
1762;747808;0,047619047619047619047
1763;1699;1,000000000000000000000
1769;2008;1,000000000000000000000
1771;1042;0,333333333333333333333
1771;7954;0,666666666666666666666
1778;5935;1,000000000000000000000
1779;85;1,000000000000000000000
1780;13265;1,000000000000000000000
1785;40;0,076923076923076923076
1785;1192;0,076923076923076923076
1785;1429;0,076923076923076923076
1785;2080;0,076923076923076923076
1785;2083;0,076923076923076923076
1785;2614;0,076923076923076923076
1785;4621;0,076923076923076923076
1785;8003;0,076923076923076923076
1785;10338;0,153846153846153846153
1785;25488;0,076923076923076923076
1785;40961;0,076923076923076923076
1785;357817;0,076923076923076923076
1814;3234;1,000000000000000000000
1824;1288;1,000000000000000000000
1831;113;0,100000000000000000000
1831;652;0,100000000000000000000
1831;885;0,100000000000000000000
1831;1637;0,100000000000000000000
1831;2335;0,100000000000000000000
1831;2664;0,100000000000000000000
1831;3096;0,100000000000000000000
1831;10658;0,100000000000000000000
1831;12938;0,200000000000000000000
1838;9;1,000000000000000000000
1840;119;0,333333333333333333333
1840;4159;0,666666666666666666666
1844;428;0,500000000000000000000
1844;6788;0,500000000000000000000
1850;4278;1,000000000000000000000
1853;2731;0,666666666666666666666
1853;3797;0,333333333333333333333
1866;3033;1,000000000000000000000
1877;749;1,000000000000000000000
1879;27416;1,000000000000000000000
1883;20915;1,000000000000000000000
1889;7116;1,000000000000000000000
1891;54;1,000000000000000000000
1893;324;0,250000000000000000000
1893;4992;0,250000000000000000000
1893;119973;0,500000000000000000000
1894;395;0,071428571428571428571
1894;405;0,071428571428571428571
1894;411;0,071428571428571428571
1894;502;0,214285714285714285714
1894;1591;0,071428571428571428571
1894;2264;0,071428571428571428571
1894;2569;0,071428571428571428571
1894;4627;0,071428571428571428571
1894;7906;0,071428571428571428571
1894;9258;0,071428571428571428571
1894;119973;0,142857142857142857142
1897;3256;1,000000000000000000000
1910;2367;1,000000000000000000000
1917;472;0,285714285714285714285
1917;771;0,142857142857142857142
1917;3503;0,428571428571428571428
1917;4890;0,142857142857142857142
1940;349041;0,166666666666666666666
1940;1036379;0,833333333333333333333
1942;135;0,250000000000000000000
1942;5679;0,750000000000000000000
1946;2277;0,500000000000000000000
1946;4205;0,250000000000000000000
1946;91656;0,250000000000000000000
1948;57;0,333333333333333333333
1948;71;0,333333333333333333333
1948;5338;0,333333333333333333333
1949;520;0,250000000000000000000
1949;4101;0,250000000000000000000
1949;4860;0,250000000000000000000
1949;367451;0,250000000000000000000
1967;2510;0,166666666666666666666
1967;3459;0,166666666666666666666
1967;6105;0,166666666666666666666
1967;6723;0,333333333333333333333
1967;75230;0,166666666666666666666
1974;23;1,000000000000000000000
1983;771;1,000000000000000000000
1985;1984;1,000000000000000000000
1988;96;0,040000000000000000000
1988;237;0,020000000000000000000
1988;249;0,020000000000000000000
1988;287;0,020000000000000000000
1988;771;0,040000000000000000000
1988;846;0,020000000000000000000
1988;860;0,040000000000000000000
1988;1583;0,040000000000000000000
1988;1829;0,020000000000000000000
1988;3000;0,020000000000000000000
1988;3219;0,020000000000000000000
1988;3857;0,020000000000000000000
1988;4881;0,480000000000000000000
1988;6570;0,020000000000000000000
1988;6666;0,040000000000000000000
1988;13253;0,060000000000000000000
1988;370126;0,040000000000000000000
1988;778335;0,040000000000000000000
1991;979;0,500000000000000000000
1991;2239;0,250000000000000000000
1991;4431;0,250000000000000000000
1997;273;0,500000000000000000000
1997;1600;0,500000000000000000000
1999;412;0,666666666666666666666
1999;419;0,333333333333333333333
2005;519;1,000000000000000000000
2007;1462;0,500000000000000000000
2007;12706;0,500000000000000000000
2008;1769;1,000000000000000000000
2015;2884;0,666666666666666666666
2015;3891;0,333333333333333333333
2017;530;0,250000000000000000000
2017;719;0,250000000000000000000
2017;876;0,250000000000000000000
2017;8933;0,250000000000000000000
2021;119;0,200000000000000000000
2021;1754;0,400000000000000000000
2021;3105;0,200000000000000000000
2021;12709;0,200000000000000000000
2027;3356;0,500000000000000000000
2027;8268;0,500000000000000000000
2034;4639;1,000000000000000000000
2043;22;0,500000000000000000000
2043;604246;0,500000000000000000000
2046;28;1,000000000000000000000
2050;13265;1,000000000000000000000
2052;190;0,333333333333333333333
2052;4625;0,333333333333333333333
2052;13265;0,333333333333333333333
2059;841;0,250000000000000000000
2059;25849;0,250000000000000000000
2059;533247;0,500000000000000000000
2064;65;0,428571428571428571428
2064;1278;0,285714285714285714285
2064;9395;0,285714285714285714285
2078;7;1,000000000000000000000
2080;10338;1,000000000000000000000
2083;302;1,000000000000000000000
2099;4004;0,666666666666666666666
2099;434991;0,333333333333333333333
2105;172;0,076923076923076923076
2105;770;0,076923076923076923076
2105;868;0,076923076923076923076
2105;1355;0,153846153846153846153
2105;3842;0,076923076923076923076
2105;5037;0,230769230769230769230
2105;8009;0,076923076923076923076
2105;8165;0,076923076923076923076
2105;8698;0,076923076923076923076
2105;16076;0,076923076923076923076
2111;113;0,250000000000000000000
2111;1234;0,375000000000000000000
2111;10188;0,125000000000000000000
2111;602536;0,125000000000000000000
2111;653504;0,125000000000000000000
2117;306;0,333333333333333333333
2117;727;0,666666666666666666666
2119;405;0,500000000000000000000
2119;1563;0,500000000000000000000
2130;13367;0,250000000000000000000
2130;27416;0,750000000000000000000
2131;1457;1,000000000000000000000
2139;3872;0,500000000000000000000
2139;434991;0,500000000000000000000
2140;1894;1,000000000000000000000
2145;2293;1,000000000000000000000
2146;190;0,250000000000000000000
2146;2147;0,250000000000000000000
2146;7759;0,250000000000000000000
2146;13265;0,250000000000000000000
2147;622;0,500000000000000000000
2147;3116;0,500000000000000000000
2150;878;1,000000000000000000000
2152;307;0,076923076923076923076
2152;378;0,076923076923076923076
2152;1240;0,076923076923076923076
2152;1325;0,076923076923076923076
2152;1327;0,076923076923076923076
2152;1328;0,076923076923076923076
2152;1329;0,076923076923076923076
2152;1331;0,076923076923076923076
2152;1332;0,076923076923076923076
2152;1335;0,076923076923076923076
2152;5831;0,076923076923076923076
2152;7278;0,076923076923076923076
2152;27808;0,076923076923076923076
2153;1336;1,000000000000000000000
2156;621;1,000000000000000000000
2164;1111;0,750000000000000000000
2164;2244;0,250000000000000000000
2175;65998;0,500000000000000000000
2175;66075;0,500000000000000000000
2176;74;0,500000000000000000000
2176;4179;0,500000000000000000000
2184;1462;1,000000000000000000000
2191;1096;1,000000000000000000000
2196;1692;0,333333333333333333333
2196;3971;0,333333333333333333333
2196;5478;0,333333333333333333333
2200;904;0,500000000000000000000
2200;5089;0,500000000000000000000
2210;1945;0,500000000000000000000
2210;98841;0,500000000000000000000
2216;13265;1,000000000000000000000
2223;13265;0,333333333333333333333
2223;135596;0,666666666666666666666
2239;1991;0,142857142857142857142
2239;3675;0,714285714285714285714
2239;4440;0,142857142857142857142
2249;8666;1,000000000000000000000
2264;119973;1,000000000000000000000
2269;237;0,333333333333333333333
2269;2742;0,666666666666666666666
2271;497;1,000000000000000000000
2272;533247;1,000000000000000000000
2274;442813;1,000000000000000000000
2275;749;0,052631578947368421052
2275;1042;0,052631578947368421052
2275;1220;0,578947368421052631578
2275;1444;0,052631578947368421052
2275;8820;0,105263157894736842105
2275;15222;0,052631578947368421052
2275;28195;0,052631578947368421052
2275;28858;0,052631578947368421052
2287;277;0,500000000000000000000
2287;20307;0,500000000000000000000
2293;96;0,250000000000000000000
2293;168;0,333333333333333333333
2293;237;0,083333333333333333333
2293;1141;0,083333333333333333333
2293;1827;0,166666666666666666666
2293;2461;0,083333333333333333333
2322;545;0,666666666666666666666
2322;1288;0,333333333333333333333
2335;2489;0,500000000000000000000
2335;608594;0,500000000000000000000
2337;288;0,500000000000000000000
2337;2371;0,500000000000000000000
2350;3685;1,000000000000000000000
2352;8957;1,000000000000000000000
2355;827;1,000000000000000000000
2359;622;0,333333333333333333333
2359;1335;0,333333333333333333333
2359;352262;0,333333333333333333333
2364;829;0,111111111111111111111
2364;1117;0,111111111111111111111
2364;2972;0,111111111111111111111
2364;5679;0,444444444444444444444
2364;20843;0,111111111111111111111
2364;431565;0,111111111111111111111
2369;13265;1,000000000000000000000
2371;148;0,200000000000000000000
2371;1288;0,200000000000000000000
2371;2337;0,200000000000000000000
2371;2678;0,200000000000000000000
2371;3245;0,200000000000000000000
2374;793;0,285714285714285714285
2374;1845;0,285714285714285714285
2374;4225;0,238095238095238095238
2374;4228;0,047619047619047619047
2374;5886;0,047619047619047619047
2374;6048;0,047619047619047619047
2374;759294;0,047619047619047619047
2379;96;0,006993006993006993006
2379;101;0,006993006993006993006
2379;241;0,006993006993006993006
2379;248;0,006993006993006993006
2379;249;0,006993006993006993006
2379;250;0,006993006993006993006
2379;251;0,006993006993006993006
2379;267;0,006993006993006993006
2379;268;0,006993006993006993006
2379;274;0,006993006993006993006
2379;279;0,006993006993006993006
2379;284;0,006993006993006993006
2379;285;0,006993006993006993006
2379;455;0,006993006993006993006
2379;678;0,006993006993006993006
2379;698;0,006993006993006993006
2379;724;0,006993006993006993006
2379;737;0,006993006993006993006
2379;781;0,006993006993006993006
2379;787;0,006993006993006993006
2379;802;0,006993006993006993006
2379;861;0,006993006993006993006
2379;873;0,006993006993006993006
2379;937;0,006993006993006993006
2379;1142;0,006993006993006993006
2379;1149;0,006993006993006993006
2379;1160;0,006993006993006993006
2379;1271;0,006993006993006993006
2379;1448;0,013986013986013986013
2379;1499;0,006993006993006993006
2379;1513;0,006993006993006993006
2379;1515;0,006993006993006993006
2379;1520;0,006993006993006993006
2379;1523;0,006993006993006993006
2379;1526;0,006993006993006993006
2379;1547;0,006993006993006993006
2379;1570;0,006993006993006993006
2379;1583;0,006993006993006993006
2379;1591;0,006993006993006993006
2379;1710;0,006993006993006993006
2379;1741;0,006993006993006993006
2379;1814;0,006993006993006993006
2379;1827;0,006993006993006993006
2379;1868;0,006993006993006993006
2379;1889;0,006993006993006993006
2379;2009;0,006993006993006993006
2379;2087;0,006993006993006993006
2379;2139;0,006993006993006993006
2379;2237;0,006993006993006993006
2379;2252;0,006993006993006993006
2379;2398;0,006993006993006993006
2379;2455;0,006993006993006993006
2379;2472;0,006993006993006993006
2379;2510;0,006993006993006993006
2379;2515;0,006993006993006993006
2379;2523;0,006993006993006993006
2379;2655;0,006993006993006993006
2379;2661;0,006993006993006993006
2379;2706;0,006993006993006993006
2379;2713;0,006993006993006993006
2379;2714;0,006993006993006993006
2379;2716;0,006993006993006993006
2379;2990;0,006993006993006993006
2379;3005;0,006993006993006993006
2379;3045;0,013986013986013986013
2379;3103;0,006993006993006993006
2379;3234;0,027972027972027972027
2379;3392;0,006993006993006993006
2379;3429;0,006993006993006993006
2379;3459;0,006993006993006993006
2379;3473;0,006993006993006993006
2379;3500;0,006993006993006993006
2379;3601;0,006993006993006993006
2379;3619;0,006993006993006993006
2379;3701;0,006993006993006993006
2379;3838;0,006993006993006993006
2379;3867;0,006993006993006993006
2379;3869;0,006993006993006993006
2379;3870;0,006993006993006993006
2379;3871;0,006993006993006993006
2379;3872;0,006993006993006993006
2379;3873;0,006993006993006993006
2379;3992;0,006993006993006993006
2379;4117;0,006993006993006993006
2379;4187;0,006993006993006993006
2379;4313;0,006993006993006993006
2379;4337;0,006993006993006993006
2379;4376;0,006993006993006993006
2379;4398;0,006993006993006993006
2379;4513;0,006993006993006993006
2379;4592;0,006993006993006993006
2379;4613;0,006993006993006993006
2379;4713;0,006993006993006993006
2379;4787;0,006993006993006993006
2379;5174;0,006993006993006993006
2379;5289;0,006993006993006993006
2379;5430;0,006993006993006993006
2379;5500;0,006993006993006993006
2379;5861;0,006993006993006993006
2379;6007;0,006993006993006993006
2379;6008;0,006993006993006993006
2379;6105;0,006993006993006993006
2379;6347;0,006993006993006993006
2379;6535;0,006993006993006993006
2379;6979;0,006993006993006993006
2379;6980;0,006993006993006993006
2379;6981;0,006993006993006993006
2379;7030;0,006993006993006993006
2379;7049;0,006993006993006993006
2379;7116;0,006993006993006993006
2379;7160;0,006993006993006993006
2379;8095;0,006993006993006993006
2379;8630;0,006993006993006993006
2379;9258;0,006993006993006993006
2379;9330;0,006993006993006993006
2379;9514;0,006993006993006993006
2379;10018;0,006993006993006993006
2379;10019;0,006993006993006993006
2379;10020;0,006993006993006993006
2379;10021;0,006993006993006993006
2379;10197;0,006993006993006993006
2379;10595;0,006993006993006993006
2379;11680;0,006993006993006993006
2379;12907;0,006993006993006993006
2379;13294;0,006993006993006993006
2379;13671;0,006993006993006993006
2379;13673;0,006993006993006993006
2379;13674;0,006993006993006993006
2379;13675;0,006993006993006993006
2379;13676;0,006993006993006993006
2379;17388;0,006993006993006993006
2379;23419;0,006993006993006993006
2379;23646;0,006993006993006993006
2379;23720;0,006993006993006993006
2379;216172;0,006993006993006993006
2379;281067;0,006993006993006993006
2379;281170;0,006993006993006993006
2379;321112;0,006993006993006993006
2385;512;0,061224489795918367346
2385;524;0,061224489795918367346
2385;526;0,061224489795918367346
2385;621;0,061224489795918367346
2385;883;0,061224489795918367346
2385;970;0,061224489795918367346
2385;2644;0,020408163265306122448
2385;2779;0,061224489795918367346
2385;2780;0,061224489795918367346
2385;2998;0,040816326530612244897
2385;3269;0,020408163265306122448
2385;3998;0,020408163265306122448
2385;4493;0,020408163265306122448
2385;4525;0,020408163265306122448
2385;4765;0,020408163265306122448
2385;5437;0,061224489795918367346
2385;5441;0,020408163265306122448
2385;5442;0,061224489795918367346
2385;5629;0,061224489795918367346
2385;6213;0,061224489795918367346
2385;7478;0,020408163265306122448
2385;8500;0,020408163265306122448
2385;9409;0,020408163265306122448
2385;533247;0,020408163265306122448
2390;1515;1,000000000000000000000
2398;267;0,142857142857142857142
2398;787;0,142857142857142857142
2398;861;0,285714285714285714285
2398;1591;0,142857142857142857142
2398;3103;0,142857142857142857142
2398;9258;0,142857142857142857142
2418;2780;0,500000000000000000000
2418;3998;0,500000000000000000000
2419;4625;0,333333333333333333333
2419;28184;0,333333333333333333333
2419;327859;0,333333333333333333333
2425;1107;1,000000000000000000000
2427;163;1,000000000000000000000
2428;2296;1,000000000000000000000
2436;2518;0,500000000000000000000
2436;642255;0,500000000000000000000
2438;1288;0,272727272727272727272
2438;2337;0,272727272727272727272
2438;3071;0,454545454545454545454
2445;2099;0,466666666666666666666
2445;3802;0,333333333333333333333
2445;15895;0,066666666666666666666
2445;434991;0,133333333333333333333
2450;41776;1,000000000000000000000
2461;2293;0,142857142857142857142
2461;3753;0,142857142857142857142
2461;3857;0,428571428571428571428
2461;5628;0,142857142857142857142
2461;31343;0,142857142857142857142
2464;1495;0,500000000000000000000
2464;3528;0,500000000000000000000
2467;28337;1,000000000000000000000
2470;174;0,500000000000000000000
2470;931417;0,500000000000000000000
2474;248;0,090909090909090909090
2474;2523;0,363636363636363636363
2474;2716;0,181818181818181818181
2474;3869;0,090909090909090909090
2474;10018;0,090909090909090909090
2474;13253;0,181818181818181818181
2484;573;0,500000000000000000000
2484;3685;0,500000000000000000000
2487;89;0,500000000000000000000
2487;5659;0,500000000000000000000
2489;1171;0,250000000000000000000
2489;2512;0,500000000000000000000
2489;608594;0,250000000000000000000
2492;13265;1,000000000000000000000
2494;547708;1,000000000000000000000
2498;13265;1,000000000000000000000
2500;72;0,285714285714285714285
2500;194;0,428571428571428571428
2500;2561;0,285714285714285714285
2503;841;0,500000000000000000000
2503;13265;0,500000000000000000000
2504;77;0,200000000000000000000
2504;9381;0,200000000000000000000
2504;13265;0,400000000000000000000
2504;284854;0,200000000000000000000
2506;1697;0,333333333333333333333
2506;2828;0,333333333333333333333
2506;5753;0,333333333333333333333
2509;550;0,166666666666666666666
2509;1228;0,166666666666666666666
2509;1457;0,166666666666666666666
2509;2318;0,333333333333333333333
2509;5530;0,166666666666666666666
2515;27517;1,000000000000000000000
2523;2474;1,000000000000000000000
2543;249;0,333333333333333333333
2543;10255;0,666666666666666666666
2549;468;0,200000000000000000000
2549;3180;0,200000000000000000000
2549;3346;0,200000000000000000000
2549;3348;0,200000000000000000000
2549;3350;0,200000000000000000000
2551;2731;1,000000000000000000000
2554;5611;1,000000000000000000000
2555;5679;1,000000000000000000000
2576;38;0,500000000000000000000
2576;148;0,500000000000000000000
2578;2779;1,000000000000000000000
2585;407;1,000000000000000000000
2586;242;0,142857142857142857142
2586;878;0,142857142857142857142
2586;2355;0,142857142857142857142
2586;2740;0,142857142857142857142
2586;2823;0,142857142857142857142
2586;4281;0,142857142857142857142
2586;13265;0,142857142857142857142
2591;1154;0,125000000000000000000
2591;1406;0,125000000000000000000
2591;4179;0,250000000000000000000
2591;5029;0,375000000000000000000
2591;11966;0,125000000000000000000
2594;2559;1,000000000000000000000
2607;764124;1,000000000000000000000
2630;407;1,000000000000000000000
2644;2832;1,000000000000000000000
2652;5886;1,000000000000000000000
2657;266;0,250000000000000000000
2657;851;0,250000000000000000000
2657;8513;0,250000000000000000000
2657;98841;0,250000000000000000000
2659;244;1,000000000000000000000
2661;2714;0,333333333333333333333
2661;7160;0,666666666666666666666
2664;113;0,250000000000000000000
2664;1340;0,500000000000000000000
2664;1831;0,250000000000000000000
2678;290;0,090909090909090909090
2678;2337;0,090909090909090909090
2678;2371;0,090909090909090909090
2678;3978;0,181818181818181818181
2678;7859;0,090909090909090909090
2678;10860;0,272727272727272727272
2678;365536;0,181818181818181818181
2679;2678;1,000000000000000000000
2683;970;1,000000000000000000000
2684;980;0,125000000000000000000
2684;1236;0,250000000000000000000
2684;1278;0,125000000000000000000
2684;1931;0,250000000000000000000
2684;10188;0,125000000000000000000
2684;21154;0,125000000000000000000
2694;418;0,250000000000000000000
2694;14526;0,750000000000000000000
2697;65;0,100000000000000000000
2697;622;0,100000000000000000000
2697;1066;0,100000000000000000000
2697;2146;0,100000000000000000000
2697;2147;0,100000000000000000000
2697;4147;0,100000000000000000000
2697;5459;0,100000000000000000000
2697;13265;0,100000000000000000000
2697;59745;0,100000000000000000000
2697;533247;0,100000000000000000000
2704;1210;1,000000000000000000000
2706;1271;0,333333333333333333333
2706;3234;0,333333333333333333333
2706;3429;0,333333333333333333333
2712;1464;0,142857142857142857142
2712;1637;0,714285714285714285714
2712;3214;0,142857142857142857142
2713;861;0,142857142857142857142
2713;1149;0,142857142857142857142
2713;3234;0,285714285714285714285
2713;5171;0,428571428571428571428
2714;1741;1,000000000000000000000
2716;248;1,000000000000000000000
2739;2736;1,000000000000000000000
2741;182;0,250000000000000000000
2741;972;0,125000000000000000000
2741;1142;0,125000000000000000000
2741;2756;0,250000000000000000000
2741;6543;0,250000000000000000000
2756;972;0,500000000000000000000
2756;5449;0,500000000000000000000
2778;11656;1,000000000000000000000
2779;526;0,250000000000000000000
2779;2385;0,250000000000000000000
2779;2578;0,500000000000000000000
2786;611;0,090909090909090909090
2786;965;0,454545454545454545454
2786;966;0,090909090909090909090
2786;2147;0,090909090909090909090
2786;3704;0,090909090909090909090
2786;5367;0,090909090909090909090
2786;13265;0,090909090909090909090
2792;320;0,300000000000000000000
2792;4041;0,200000000000000000000
2792;4244;0,400000000000000000000
2792;54440;0,100000000000000000000
2796;1496;0,555555555555555555555
2796;8786;0,444444444444444444444
2800;3891;1,000000000000000000000
2803;16;0,012269938650306748466
2803;57;0,012269938650306748466
2803;71;0,012269938650306748466
2803;82;0,012269938650306748466
2803;89;0,012269938650306748466
2803;234;0,012269938650306748466
2803;309;0,012269938650306748466
2803;369;0,012269938650306748466
2803;644;0,012269938650306748466
2803;645;0,012269938650306748466
2803;827;0,012269938650306748466
2803;835;0,012269938650306748466
2803;890;0,012269938650306748466
2803;1022;0,012269938650306748466
2803;1040;0,012269938650306748466
2803;1143;0,012269938650306748466
2803;1152;0,012269938650306748466
2803;1231;0,012269938650306748466
2803;1276;0,012269938650306748466
2803;1612;0,012269938650306748466
2803;1657;0,012269938650306748466
2803;1948;0,012269938650306748466
2803;2109;0,012269938650306748466
2803;2355;0,012269938650306748466
2803;2414;0,012269938650306748466
2803;2479;0,012269938650306748466
2803;2487;0,012269938650306748466
2803;2736;0,012269938650306748466
2803;2739;0,012269938650306748466
2803;2802;0,012269938650306748466
2803;3098;0,012269938650306748466
2803;3123;0,012269938650306748466
2803;3128;0,012269938650306748466
2803;3141;0,012269938650306748466
2803;3145;0,012269938650306748466
2803;3237;0,012269938650306748466
2803;3399;0,012269938650306748466
2803;3574;0,012269938650306748466
2803;3852;0,012269938650306748466
2803;3953;0,012269938650306748466
2803;3967;0,012269938650306748466
2803;3996;0,012269938650306748466
2803;4024;0,012269938650306748466
2803;4159;0,012269938650306748466
2803;4160;0,012269938650306748466
2803;4306;0,012269938650306748466
2803;4501;0,012269938650306748466
2803;4695;0,012269938650306748466
2803;4853;0,012269938650306748466
2803;5136;0,012269938650306748466
2803;5306;0,012269938650306748466
2803;5338;0,012269938650306748466
2803;5607;0,012269938650306748466
2803;6045;0,012269938650306748466
2803;6495;0,012269938650306748466
2803;6496;0,012269938650306748466
2803;6497;0,012269938650306748466
2803;6498;0,012269938650306748466
2803;6499;0,012269938650306748466
2803;6501;0,012269938650306748466
2803;6502;0,012269938650306748466
2803;6503;0,012269938650306748466
2803;6504;0,012269938650306748466
2803;6505;0,012269938650306748466
2803;6506;0,012269938650306748466
2803;6509;0,012269938650306748466
2803;6511;0,012269938650306748466
2803;6512;0,012269938650306748466
2803;6513;0,012269938650306748466
2803;6514;0,006134969325153374233
2803;6515;0,012269938650306748466
2803;6517;0,012269938650306748466
2803;6518;0,012269938650306748466
2803;6520;0,012269938650306748466
2803;6523;0,012269938650306748466
2803;6524;0,012269938650306748466
2803;6527;0,012269938650306748466
2803;7686;0,012269938650306748466
2803;8238;0,012269938650306748466
2803;93146;0,012269938650306748466
2803;140271;0,012269938650306748466
2803;743544;0,012269938650306748466
2825;127;0,250000000000000000000
2825;1278;0,250000000000000000000
2825;2657;0,250000000000000000000
2825;2826;0,250000000000000000000
2826;127;0,166666666666666666666
2826;1402;0,166666666666666666666
2826;2825;0,166666666666666666666
2826;7874;0,166666666666666666666
2826;8044;0,333333333333333333333
2832;5691;1,000000000000000000000
2834;283;0,333333333333333333333
2834;468;0,333333333333333333333
2834;4777;0,333333333333333333333
2838;885;0,500000000000000000000
2838;1171;0,500000000000000000000
2850;135;0,250000000000000000000
2850;306;0,250000000000000000000
2850;855;0,250000000000000000000
2850;2851;0,250000000000000000000
2852;984;1,000000000000000000000
2853;1496;1,000000000000000000000
2884;2015;1,000000000000000000000
2893;5660;1,000000000000000000000
2897;1092;1,000000000000000000000
2943;733;1,000000000000000000000
2961;399;0,500000000000000000000
2961;21734;0,500000000000000000000
2972;1719;0,500000000000000000000
2972;2364;0,500000000000000000000
2976;149;0,500000000000000000000
2976;2196;0,500000000000000000000
2991;4020;0,333333333333333333333
2991;965643;0,666666666666666666666
2993;794;1,000000000000000000000
2998;2385;0,333333333333333333333
2998;13265;0,333333333333333333333
2998;151009;0,333333333333333333333
3000;42;1,000000000000000000000
3007;1393;1,000000000000000000000
3015;3500;1,000000000000000000000
3022;21112;0,800000000000000000000
3022;306994;0,200000000000000000000
3033;286660;1,000000000000000000000
3045;96;0,210526315789473684210
3045;249;0,210526315789473684210
3045;251;0,052631578947368421052
3045;267;0,105263157894736842105
3045;861;0,105263157894736842105
3045;1048;0,105263157894736842105
3045;1448;0,052631578947368421052
3045;3872;0,052631578947368421052
3045;7116;0,105263157894736842105
3071;2438;1,000000000000000000000
3085;960;0,108108108108108108108
3085;1401;0,108108108108108108108
3085;4146;0,108108108108108108108
3085;4147;0,027027027027027027027
3085;5367;0,081081081081081081081
3085;5679;0,108108108108108108108
3085;9356;0,135135135135135135135
3085;10658;0,081081081081081081081
3085;13265;0,054054054054054054054
3085;27763;0,027027027027027027027
3085;41776;0,081081081081081081081
3085;151009;0,081081081081081081081
3087;38;0,250000000000000000000
3087;545;0,500000000000000000000
3087;891;0,250000000000000000000
3088;8985;1,000000000000000000000
3095;249;0,060344827586206896551
3095;276;0,008620689655172413793
3095;396;0,060344827586206896551
3095;522;0,060344827586206896551
3095;891;0,068965517241379310344
3095;945;0,017241379310344827586
3095;990;0,068965517241379310344
3095;1064;0,060344827586206896551
3095;1314;0,060344827586206896551
3095;2080;0,060344827586206896551
3095;2184;0,068965517241379310344
3095;2644;0,060344827586206896551
3095;3096;0,060344827586206896551
3095;3097;0,060344827586206896551
3095;3098;0,060344827586206896551
3095;3099;0,060344827586206896551
3095;3100;0,060344827586206896551
3095;41776;0,025862068965517241379
3095;245879;0,017241379310344827586
3096;1210;1,000000000000000000000
3098;3095;1,000000000000000000000
3100;14048;1,000000000000000000000
3103;1710;0,100000000000000000000
3103;2398;0,200000000000000000000
3103;5171;0,200000000000000000000
3103;6723;0,200000000000000000000
3103;13673;0,200000000000000000000
3103;651622;0,100000000000000000000
3105;485;0,500000000000000000000
3105;657;0,166666666666666666666
3105;3301;0,166666666666666666666
3105;9618;0,166666666666666666666
3118;2549;0,500000000000000000000
3118;3340;0,500000000000000000000
3122;2435;1,000000000000000000000
3123;71;0,034482758620689655172
3123;189;0,034482758620689655172
3123;644;0,034482758620689655172
3123;1022;0,034482758620689655172
3123;1276;0,034482758620689655172
3123;1657;0,034482758620689655172
3123;2414;0,034482758620689655172
3123;2736;0,034482758620689655172
3123;3098;0,034482758620689655172
3123;3141;0,206896551724137931034
3123;3852;0,034482758620689655172
3123;3996;0,034482758620689655172
3123;4159;0,034482758620689655172
3123;4501;0,034482758620689655172
3123;5306;0,034482758620689655172
3123;5338;0,034482758620689655172
3123;5659;0,034482758620689655172
3123;6496;0,034482758620689655172
3123;6497;0,034482758620689655172
3123;6514;0,034482758620689655172
3123;6515;0,034482758620689655172
3123;6517;0,034482758620689655172
3123;6523;0,034482758620689655172
3123;6527;0,034482758620689655172
3141;749;0,086956521739130434782
3141;1231;0,086956521739130434782
3141;1286;0,043478260869565217391
3141;2736;0,043478260869565217391
3141;2739;0,043478260869565217391
3141;3123;0,130434782608695652173
3141;3145;0,260869565217391304347
3141;3235;0,043478260869565217391
3141;4159;0,086956521739130434782
3141;6503;0,043478260869565217391
3141;7686;0,043478260869565217391
3141;8090;0,086956521739130434782
3142;242;0,250000000000000000000
3142;2823;0,500000000000000000000
3142;5698;0,250000000000000000000
3143;365;1,000000000000000000000
3145;2736;0,285714285714285714285
3145;3141;0,428571428571428571428
3145;6045;0,142857142857142857142
3145;7941;0,142857142857142857142
3146;11527;1,000000000000000000000
3158;2223;0,666666666666666666666
3158;13369;0,333333333333333333333
3169;4991;0,428571428571428571428
3169;6929;0,142857142857142857142
3169;8441;0,142857142857142857142
3169;1060716;0,285714285714285714285
3176;3986;0,333333333333333333333
3176;17280;0,666666666666666666666
3180;3343;1,000000000000000000000
3189;1678;0,500000000000000000000
3189;3393;0,500000000000000000000
3203;7135;1,000000000000000000000
3204;6316;1,000000000000000000000
3209;8447;1,000000000000000000000
3212;1117;0,125000000000000000000
3212;4629;0,375000000000000000000
3212;17678;0,375000000000000000000
3212;113392;0,125000000000000000000
3223;351;0,666666666666666666666
3223;5360;0,166666666666666666666
3223;54879;0,166666666666666666666
3230;132;0,500000000000000000000
3230;596;0,500000000000000000000
3235;3523;1,000000000000000000000
3241;13265;1,000000000000000000000
3245;1141;0,333333333333333333333
3245;1288;0,333333333333333333333
3245;2371;0,333333333333333333333
3251;59;0,230769230769230769230
3251;2865;0,076923076923076923076
3251;4874;0,153846153846153846153
3251;10892;0,307692307692307692307
3251;14946;0,153846153846153846153
3251;284853;0,076923076923076923076
3256;571;0,428571428571428571428
3256;612;0,285714285714285714285
3256;1897;0,142857142857142857142
3256;8985;0,142857142857142857142
3269;2385;0,500000000000000000000
3269;13265;0,500000000000000000000
3271;1060;0,666666666666666666666
3271;4364;0,333333333333333333333
3292;180;1,000000000000000000000
3293;8928;1,000000000000000000000
3296;5564;0,500000000000000000000
3296;5679;0,500000000000000000000
3301;3105;0,500000000000000000000
3301;7774;0,500000000000000000000
3306;937;1,000000000000000000000
3318;5360;0,500000000000000000000
3318;14010;0,500000000000000000000
3320;266;0,285714285714285714285
3320;1588;0,285714285714285714285
3320;17248;0,428571428571428571428
3328;1044;1,000000000000000000000
3340;371;0,033333333333333333333
3340;468;0,033333333333333333333
3340;588;0,033333333333333333333
3340;952;0,033333333333333333333
3340;1284;0,033333333333333333333
3340;2128;0,033333333333333333333
3340;2335;0,033333333333333333333
3340;2408;0,033333333333333333333
3340;2549;0,033333333333333333333
3340;2647;0,033333333333333333333
3340;2804;0,033333333333333333333
3340;3118;0,033333333333333333333
3340;3170;0,066666666666666666666
3340;3180;0,033333333333333333333
3340;3341;0,033333333333333333333
3340;3342;0,033333333333333333333
3340;3343;0,033333333333333333333
3340;3345;0,033333333333333333333
3340;3346;0,033333333333333333333
3340;3347;0,033333333333333333333
3340;3348;0,033333333333333333333
3340;3349;0,033333333333333333333
3340;3350;0,033333333333333333333
3340;5232;0,033333333333333333333
3340;5679;0,133333333333333333333
3340;7367;0,033333333333333333333
3342;748;1,000000000000000000000
3343;468;0,166666666666666666666
3343;952;0,166666666666666666666
3343;3180;0,333333333333333333333
3343;3348;0,333333333333333333333
3344;61;1,000000000000000000000
3348;2549;0,500000000000000000000
3348;3343;0,500000000000000000000
3350;2549;1,000000000000000000000
3360;839;1,000000000000000000000
3362;10926;1,000000000000000000000
3383;196;0,833333333333333333333
3383;251;0,166666666666666666666
3393;122;0,250000000000000000000
3393;625;0,250000000000000000000
3393;845;0,250000000000000000000
3393;1235;0,250000000000000000000
3394;517;0,500000000000000000000
3394;887;0,500000000000000000000
3395;2972;0,250000000000000000000
3395;3390;0,250000000000000000000
3395;5640;0,500000000000000000000
3399;1948;0,666666666666666666666
3399;2355;0,333333333333333333333
3414;2385;0,166666666666666666666
3414;4262;0,833333333333333333333
3417;1138;0,250000000000000000000
3417;8539;0,500000000000000000000
3417;10409;0,250000000000000000000
3418;375;1,000000000000000000000
3420;1094;1,000000000000000000000
3426;1220;0,250000000000000000000
3426;2512;0,500000000000000000000
3426;7478;0,250000000000000000000
3427;174;0,090909090909090909090
3427;1064;0,045454545454545454545
3427;1454;0,136363636363636363636
3427;1563;0,045454545454545454545
3427;4435;0,045454545454545454545
3427;6413;0,045454545454545454545
3427;8212;0,181818181818181818181
3427;8213;0,090909090909090909090
3427;19188;0,045454545454545454545
3427;23886;0,045454545454545454545
3427;59745;0,045454545454545454545
3427;114536;0,181818181818181818181
3429;937;0,166666666666666666666
3429;2706;0,166666666666666666666
3429;4398;0,166666666666666666666
3429;4613;0,333333333333333333333
3429;9258;0,166666666666666666666
3449;404;0,166666666666666666666
3449;409;0,166666666666666666666
3449;1517;0,166666666666666666666
3449;1671;0,166666666666666666666
3449;10341;0,166666666666666666666
3449;16866;0,166666666666666666666
3458;6986;1,000000000000000000000
3473;678;0,500000000000000000000
3473;1448;0,250000000000000000000
3473;5071;0,250000000000000000000
3496;7;1,000000000000000000000
3499;1689;0,500000000000000000000
3499;12572;0,500000000000000000000
3500;3015;1,000000000000000000000
3515;502;0,333333333333333333333
3515;1894;0,333333333333333333333
3515;119973;0,333333333333333333333
3523;71;0,040000000000000000000
3523;1234;0,080000000000000000000
3523;1946;0,040000000000000000000
3523;2657;0,040000000000000000000
3523;3235;0,120000000000000000000
3523;59745;0,040000000000000000000
3523;78108;0,160000000000000000000
3523;98841;0,160000000000000000000
3523;366089;0,120000000000000000000
3523;906176;0,120000000000000000000
3523;940328;0,080000000000000000000
3528;625;0,400000000000000000000
3528;2302;0,200000000000000000000
3528;2464;0,200000000000000000000
3528;8489;0,200000000000000000000
3585;248840;1,000000000000000000000
3588;525;0,333333333333333333333
3588;4219;0,666666666666666666666
3591;1101;0,500000000000000000000
3591;533247;0,500000000000000000000
3604;1328;0,500000000000000000000
3604;22893;0,500000000000000000000
3610;1085;0,750000000000000000000
3610;5526;0,250000000000000000000
3618;271;0,333333333333333333333
3618;3978;0,333333333333333333333
3618;15867;0,333333333333333333333
3619;2991;1,000000000000000000000
3625;502;0,250000000000000000000
3625;668;0,500000000000000000000
3625;642255;0,250000000000000000000
3647;1560;0,500000000000000000000
3647;1609;0,500000000000000000000
3648;27269;1,000000000000000000000
3656;13398;1,000000000000000000000
3665;8623;1,000000000000000000000
3675;1498;0,500000000000000000000
3675;2239;0,250000000000000000000
3675;4424;0,083333333333333333333
3675;4442;0,083333333333333333333
3675;4471;0,083333333333333333333
3685;5627;0,333333333333333333333
3685;8267;0,333333333333333333333
3685;8306;0,333333333333333333333
3697;1517;1,000000000000000000000
3753;74;0,250000000000000000000
3753;96;0,250000000000000000000
3753;2461;0,500000000000000000000
3779;606725;1,000000000000000000000
3791;1600;1,000000000000000000000
3797;1853;1,000000000000000000000
3800;521;0,750000000000000000000
3800;985164;0,250000000000000000000
3802;727;0,875000000000000000000
3802;5679;0,125000000000000000000
3809;1010;0,400000000000000000000
3809;13504;0,400000000000000000000
3809;20770;0,200000000000000000000
3811;527;0,500000000000000000000
3811;4345;0,500000000000000000000
3825;5264;1,000000000000000000000
3829;774;0,500000000000000000000
3829;1085;0,333333333333333333333
3829;15471;0,166666666666666666666
3836;2484;0,111111111111111111111
3836;3618;0,111111111111111111111
3836;3978;0,111111111111111111111
3836;6527;0,222222222222222222222
3836;8493;0,111111111111111111111
3836;8928;0,111111111111111111111
3836;703260;0,222222222222222222222
3838;1894;1,000000000000000000000
3842;1946;0,142857142857142857142
3842;2105;0,142857142857142857142
3842;5010;0,142857142857142857142
3842;5037;0,428571428571428571428
3842;6433;0,142857142857142857142
3852;1657;0,500000000000000000000
3852;4159;0,500000000000000000000
3857;96;0,400000000000000000000
3857;1988;0,100000000000000000000
3857;2461;0,200000000000000000000
3857;13253;0,100000000000000000000
3857;283638;0,200000000000000000000
3859;1522;0,500000000000000000000
3859;2559;0,500000000000000000000
3864;13265;1,000000000000000000000
3867;267;0,500000000000000000000
3867;20915;0,500000000000000000000
3872;283;0,222222222222222222222
3872;1448;0,222222222222222222222
3872;1570;0,333333333333333333333
3872;2139;0,111111111111111111111
3872;3045;0,111111111111111111111
3876;5092;1,000000000000000000000
3877;988;0,333333333333333333333
3877;1589;0,333333333333333333333
3877;666007;0,333333333333333333333
3891;1864;0,250000000000000000000
3891;2015;0,250000000000000000000
3891;2800;0,250000000000000000000
3891;2884;0,250000000000000000000
3944;1080;0,333333333333333333333
3944;9762;0,666666666666666666666
3957;54;0,333333333333333333333
3957;2206;0,333333333333333333333
3957;7418;0,166666666666666666666
3957;12706;0,166666666666666666666
3962;184987;1,000000000000000000000
3968;1877;1,000000000000000000000
3971;1454;0,100000000000000000000
3971;1629;0,200000000000000000000
3971;1699;0,200000000000000000000
3971;2196;0,300000000000000000000
3971;3049;0,100000000000000000000
3971;8957;0,100000000000000000000
3978;288;0,250000000000000000000
3978;2678;0,250000000000000000000
3978;3618;0,250000000000000000000
3978;3836;0,250000000000000000000
3980;4374;0,500000000000000000000
3980;8493;0,500000000000000000000
3996;1016;1,000000000000000000000
3998;965;0,333333333333333333333
3998;2385;0,333333333333333333333
3998;9386;0,333333333333333333333
4000;4877;0,750000000000000000000
4000;13504;0,250000000000000000000
4004;855;0,500000000000000000000
4004;2099;0,500000000000000000000
4020;2991;0,166666666666666666666
4020;5640;0,166666666666666666666
4020;5679;0,666666666666666666666
4031;240;1,000000000000000000000
4041;54;0,500000000000000000000
4041;2792;0,500000000000000000000
4052;131;0,500000000000000000000
4052;420;0,500000000000000000000
4059;1196;0,500000000000000000000
4059;2296;0,500000000000000000000
4101;1949;1,000000000000000000000
4102;1949;1,000000000000000000000
4108;520;0,500000000000000000000
4108;17248;0,500000000000000000000
4145;65998;1,000000000000000000000
4146;4271;0,181818181818181818181
4146;4414;0,090909090909090909090
4146;7747;0,272727272727272727272
4146;13265;0,090909090909090909090
4146;28250;0,272727272727272727272
4146;28264;0,090909090909090909090
4147;2146;0,190476190476190476190
4147;2147;0,047619047619047619047
4147;2697;0,285714285714285714285
4147;3085;0,285714285714285714285
4147;533247;0,190476190476190476190
4148;59841;1,000000000000000000000
4159;1143;0,250000000000000000000
4159;1840;0,250000000000000000000
4159;3399;0,250000000000000000000
4159;3852;0,125000000000000000000
4159;16786;0,125000000000000000000
4172;14733;1,000000000000000000000
4173;111;0,074074074074074074074
4173;452;0,074074074074074074074
4173;531;0,111111111111111111111
4173;668;0,037037037037037037037
4173;819;0,111111111111111111111
4173;876;0,111111111111111111111
4173;933;0,074074074074074074074
4173;1130;0,074074074074074074074
4173;1391;0,074074074074074074074
4173;507180;0,037037037037037037037
4173;642255;0,074074074074074074074
4173;665791;0,148148148148148148148
4179;2591;0,500000000000000000000
4179;3096;0,500000000000000000000
4187;267;1,000000000000000000000
4197;13265;1,000000000000000000000
4205;1946;1,000000000000000000000
4213;7030;0,500000000000000000000
4213;10020;0,500000000000000000000
4215;334;0,166666666666666666666
4215;2396;0,166666666666666666666
4215;4621;0,166666666666666666666
4215;13041;0,500000000000000000000
4225;1290;0,166666666666666666666
4225;2374;0,666666666666666666666
4225;4379;0,166666666666666666666
4228;2374;1,000000000000000000000
4240;960;0,500000000000000000000
4240;13265;0,500000000000000000000
4244;2792;1,000000000000000000000
4245;1561;1,000000000000000000000
4262;911;0,166666666666666666666
4262;3414;0,666666666666666666666
4262;4240;0,166666666666666666666
4268;4269;0,500000000000000000000
4268;4976;0,250000000000000000000
4268;5089;0,250000000000000000000
4269;4268;0,750000000000000000000
4269;484680;0,250000000000000000000
4278;538;0,500000000000000000000
4278;817;0,125000000000000000000
4278;1340;0,375000000000000000000
4280;4281;1,000000000000000000000
4281;192;0,222222222222222222222
4281;521;0,222222222222222222222
4281;5679;0,444444444444444444444
4281;13265;0,111111111111111111111
4299;494;0,166666666666666666666
4299;937;0,333333333333333333333
4299;1483;0,166666666666666666666
4299;8049;0,166666666666666666666
4299;8754;0,166666666666666666666
4307;613;0,333333333333333333333
4307;4345;0,333333333333333333333
4307;6913;0,333333333333333333333
4313;11;0,166666666666666666666
4313;251;0,166666666666666666666
4313;1513;0,166666666666666666666
4313;1515;0,166666666666666666666
4313;2009;0,166666666666666666666
4313;4713;0,166666666666666666666
4317;5679;1,000000000000000000000
4323;5628;1,000000000000000000000
4334;5163;1,000000000000000000000
4345;266;0,285714285714285714285
4345;428;0,142857142857142857142
4345;527;0,142857142857142857142
4345;3811;0,142857142857142857142
4345;22123;0,285714285714285714285
4355;306;0,666666666666666666666
4355;727;0,333333333333333333333
4359;1271;0,250000000000000000000
4359;2510;0,250000000000000000000
4359;3234;0,500000000000000000000
4361;17;0,333333333333333333333
4361;265;0,333333333333333333333
4361;422;0,333333333333333333333
4364;2272;0,333333333333333333333
4364;13265;0,333333333333333333333
4364;352262;0,333333333333333333333
4376;678;0,071428571428571428571
4376;781;0,142857142857142857142
4376;912;0,071428571428571428571
4376;1448;0,071428571428571428571
4376;1495;0,071428571428571428571
4376;2379;0,071428571428571428571
4376;4787;0,142857142857142857142
4376;9330;0,071428571428571428571
4376;9514;0,071428571428571428571
4376;12907;0,071428571428571428571
4376;17388;0,071428571428571428571
4376;189452;0,071428571428571428571
4398;4592;1,000000000000000000000
4431;1991;1,000000000000000000000
4432;98841;1,000000000000000000000
4435;3427;0,333333333333333333333
4435;12497;0,333333333333333333333
4435;22123;0,333333333333333333333
4442;9668;1,000000000000000000000
4470;122436;1,000000000000000000000
4471;937;0,166666666666666666666
4471;1498;0,333333333333333333333
4471;3675;0,166666666666666666666
4471;5545;0,333333333333333333333
4472;1498;0,666666666666666666666
4472;1629;0,333333333333333333333
4476;1439;0,250000000000000000000
4476;17826;0,500000000000000000000
4476;42210;0,250000000000000000000
4483;453;0,500000000000000000000
4483;4462;0,500000000000000000000
4491;2146;1,000000000000000000000
4498;1127;1,000000000000000000000
4500;13265;1,000000000000000000000
4507;4080;1,000000000000000000000
4512;71;0,200000000000000000000
4512;100;0,200000000000000000000
4512;1569;0,400000000000000000000
4512;474028;0,200000000000000000000
4518;437;0,333333333333333333333
4518;1563;0,333333333333333333333
4518;2470;0,333333333333333333333
4525;2385;0,500000000000000000000
4525;276505;0,500000000000000000000
4526;1560;0,250000000000000000000
4526;1567;0,250000000000000000000
4526;6634;0,250000000000000000000
4526;21750;0,250000000000000000000
4553;74;0,083333333333333333333
4553;464;0,083333333333333333333
4553;1085;0,083333333333333333333
4553;1154;0,166666666666666666666
4553;1406;0,083333333333333333333
4553;2591;0,083333333333333333333
4553;3096;0,083333333333333333333
4553;3610;0,083333333333333333333
4553;4179;0,083333333333333333333
4553;9296;0,083333333333333333333
4553;443599;0,083333333333333333333
4561;878;1,000000000000000000000
4572;8489;1,000000000000000000000
4583;3975;1,000000000000000000000
4592;1069;0,142857142857142857142
4592;1591;0,428571428571428571428
4592;5782;0,142857142857142857142
4592;6105;0,142857142857142857142
4592;6236;0,142857142857142857142
4610;1959;1,000000000000000000000
4613;3429;1,000000000000000000000
4621;3557;0,500000000000000000000
4621;4215;0,500000000000000000000
4639;1089;0,800000000000000000000
4639;2034;0,200000000000000000000
4657;17789;1,000000000000000000000
4695;1231;1,000000000000000000000
4697;3418;1,000000000000000000000
4715;7221;1,000000000000000000000
4719;380;0,057692307692307692307
4719;859;0,019230769230769230769
4719;2512;0,557692307692307692307
4719;4293;0,019230769230769230769
4719;4396;0,019230769230769230769
4719;5464;0,019230769230769230769
4719;59841;0,153846153846153846153
4719;192866;0,153846153846153846153
4720;1121;0,200000000000000000000
4720;5437;0,200000000000000000000
4720;5629;0,200000000000000000000
4720;6604;0,200000000000000000000
4720;151009;0,200000000000000000000
4728;288;0,111111111111111111111
4728;290;0,111111111111111111111
4728;317;0,222222222222222222222
4728;4657;0,111111111111111111111
4728;5915;0,111111111111111111111
4728;12385;0,111111111111111111111
4728;17789;0,111111111111111111111
4728;23562;0,111111111111111111111
4729;2487;0,750000000000000000000
4729;4159;0,250000000000000000000
4747;283;1,000000000000000000000
4751;20474;1,000000000000000000000
4777;2834;1,000000000000000000000
4787;3383;1,000000000000000000000
4794;1288;1,000000000000000000000
4821;1925;0,500000000000000000000
4821;18641;0,500000000000000000000
4825;2852;0,333333333333333333333
4825;3753;0,333333333333333333333
4825;5578;0,333333333333333333333
4852;8590;1,000000000000000000000
4861;2112;1,000000000000000000000
4874;3251;1,000000000000000000000
4876;1516;0,200000000000000000000
4876;8440;0,200000000000000000000
4876;76695;0,200000000000000000000
4876;248840;0,200000000000000000000
4876;382779;0,200000000000000000000
4877;4000;0,250000000000000000000
4877;4090;0,750000000000000000000
4918;7209;1,000000000000000000000
4933;3164;0,333333333333333333333
4933;367451;0,666666666666666666666
4935;2288;1,000000000000000000000
4976;61;0,037037037037037037037
4976;294;0,037037037037037037037
4976;458;0,018518518518518518518
4976;1002;0,037037037037037037037
4976;1012;0,018518518518518518518
4976;1016;0,037037037037037037037
4976;1020;0,037037037037037037037
4976;1077;0,037037037037037037037
4976;1180;0,037037037037037037037
4976;1227;0,037037037037037037037
4976;2469;0,037037037037037037037
4976;2499;0,037037037037037037037
4976;3180;0,037037037037037037037
4976;3347;0,037037037037037037037
4976;3905;0,037037037037037037037
4976;4268;0,037037037037037037037
4976;4292;0,037037037037037037037
4976;4750;0,037037037037037037037
4976;5016;0,037037037037037037037
4976;5921;0,037037037037037037037
4976;9376;0,037037037037037037037
4976;9718;0,037037037037037037037
4976;11014;0,018518518518518518518
4976;13141;0,037037037037037037037
4976;14652;0,018518518518518518518
4976;17773;0,037037037037037037037
4976;23561;0,037037037037037037037
4976;23562;0,037037037037037037037
4976;70862;0,037037037037037037037
5016;1065;1,000000000000000000000
5029;484;0,333333333333333333333
5029;2591;0,666666666666666666666
5054;255740;1,000000000000000000000
5061;8062;1,000000000000000000000
5071;1391;0,608695652173913043478
5071;1692;0,021739130434782608695
5071;3473;0,043478260869565217391
5071;3802;0,304347826086956521739
5071;4278;0,021739130434782608695
5077;7135;0,333333333333333333333
5077;12591;0,666666666666666666666
5082;6634;1,000000000000000000000
5083;50959;1,000000000000000000000
5089;211;0,250000000000000000000
5089;2200;0,500000000000000000000
5089;4268;0,250000000000000000000
5092;3876;1,000000000000000000000
5093;12362;1,000000000000000000000
5107;352;0,500000000000000000000
5107;4530;0,500000000000000000000
5119;16076;1,000000000000000000000
5125;3560;1,000000000000000000000
5144;2786;1,000000000000000000000
5149;54;0,024390243902439024390
5149;119;0,024390243902439024390
5149;322;0,024390243902439024390
5149;550;0,024390243902439024390
5149;658;0,024390243902439024390
5149;689;0,024390243902439024390
5149;1068;0,024390243902439024390
5149;1254;0,024390243902439024390
5149;1463;0,024390243902439024390
5149;1487;0,024390243902439024390
5149;1663;0,024390243902439024390
5149;1839;0,024390243902439024390
5149;2007;0,024390243902439024390
5149;2181;0,024390243902439024390
5149;2182;0,024390243902439024390
5149;2184;0,024390243902439024390
5149;2206;0,024390243902439024390
5149;2380;0,024390243902439024390
5149;2817;0,024390243902439024390
5149;3642;0,024390243902439024390
5149;3694;0,024390243902439024390
5149;4031;0,024390243902439024390
5149;4172;0,024390243902439024390
5149;5457;0,024390243902439024390
5149;5657;0,024390243902439024390
5149;5789;0,024390243902439024390
5149;5790;0,024390243902439024390
5149;6567;0,024390243902439024390
5149;7111;0,024390243902439024390
5149;7598;0,024390243902439024390
5149;7694;0,024390243902439024390
5149;8081;0,024390243902439024390
5149;9138;0,024390243902439024390
5149;9394;0,024390243902439024390
5149;9618;0,024390243902439024390
5149;12247;0,024390243902439024390
5149;14733;0,024390243902439024390
5149;15895;0,024390243902439024390
5149;20853;0,024390243902439024390
5149;21161;0,024390243902439024390
5149;28546;0,024390243902439024390
5158;1153;0,571428571428571428571
5158;2302;0,142857142857142857142
5158;2847;0,285714285714285714285
5163;5682;1,000000000000000000000
5167;467;1,000000000000000000000
5171;3532;0,333333333333333333333
5171;8022;0,333333333333333333333
5171;336063;0,333333333333333333333
5177;3436;0,800000000000000000000
5177;4621;0,200000000000000000000
5214;995;0,500000000000000000000
5214;355594;0,500000000000000000000
5239;3496;0,333333333333333333333
5239;5591;0,333333333333333333333
5239;6930;0,333333333333333333333
5264;3071;0,111111111111111111111
5264;3301;0,111111111111111111111
5264;3825;0,222222222222222222222
5264;6130;0,111111111111111111111
5264;8826;0,111111111111111111111
5264;9230;0,111111111111111111111
5264;276780;0,111111111111111111111
5264;331627;0,111111111111111111111
5289;285;1,000000000000000000000
5306;2487;1,000000000000000000000
5309;564;0,333333333333333333333
5309;4538;0,666666666666666666666
5338;1278;0,500000000000000000000
5338;4274;0,500000000000000000000
5351;977;1,000000000000000000000
5360;1521;0,500000000000000000000
5360;1894;0,500000000000000000000
5367;65;0,090909090909090909090
5367;794;0,090909090909090909090
5367;877;0,090909090909090909090
5367;970;0,090909090909090909090
5367;2195;0,181818181818181818181
5367;4493;0,090909090909090909090
5367;5922;0,272727272727272727272
5367;9806;0,090909090909090909090
5392;5037;1,000000000000000000000
5440;794;0,500000000000000000000
5440;819;0,250000000000000000000
5440;374246;0,250000000000000000000
5442;2385;1,000000000000000000000
5443;13265;1,000000000000000000000
5444;621;1,000000000000000000000
5449;2756;1,000000000000000000000
5459;13265;1,000000000000000000000
5464;196;0,076923076923076923076
5464;796;0,230769230769230769230
5464;1104;0,076923076923076923076
5464;1111;0,076923076923076923076
5464;1196;0,076923076923076923076
5464;1713;0,076923076923076923076
5464;1806;0,076923076923076923076
5464;1963;0,076923076923076923076
5464;2429;0,076923076923076923076
5464;3383;0,076923076923076923076
5464;19199;0,076923076923076923076
5469;5440;1,000000000000000000000
5470;216;0,200000000000000000000
5470;864;0,200000000000000000000
5470;2484;0,200000000000000000000
5470;5635;0,200000000000000000000
5470;17762;0,200000000000000000000
5481;288;0,500000000000000000000
5481;608;0,500000000000000000000
5519;4525;0,500000000000000000000
5519;9438;0,500000000000000000000
5526;3610;1,000000000000000000000
5530;2509;0,500000000000000000000
5530;13265;0,500000000000000000000
5536;7585;1,000000000000000000000
5545;4471;1,000000000000000000000
5564;192;0,100000000000000000000
5564;2046;0,100000000000000000000
5564;3296;0,100000000000000000000
5564;5219;0,100000000000000000000
5564;6320;0,100000000000000000000
5564;6548;0,200000000000000000000
5564;10946;0,200000000000000000000
5564;20801;0,100000000000000000000
5603;3320;0,500000000000000000000
5603;6812;0,500000000000000000000
5610;1902;0,500000000000000000000
5610;59745;0,500000000000000000000
5611;1942;1,000000000000000000000
5616;1085;0,333333333333333333333
5616;5679;0,666666666666666666666
5617;1221;0,250000000000000000000
5617;5679;0,750000000000000000000
5622;1117;1,000000000000000000000
5626;407;0,333333333333333333333
5626;1085;0,666666666666666666666
5628;283;0,100000000000000000000
5628;860;0,100000000000000000000
5628;4825;0,100000000000000000000
5628;4995;0,100000000000000000000
5628;5679;0,400000000000000000000
5628;8489;0,100000000000000000000
5628;9714;0,100000000000000000000
5629;2385;0,833333333333333333333
5629;13265;0,166666666666666666666
5635;148;0,250000000000000000000
5635;216;0,125000000000000000000
5635;2001;0,125000000000000000000
5635;5470;0,125000000000000000000
5635;5679;0,375000000000000000000
5638;360;0,333333333333333333333
5638;2287;0,333333333333333333333
5638;2422;0,333333333333333333333
5640;244;0,062500000000000000000
5640;296;0,062500000000000000000
5640;428;0,062500000000000000000
5640;517;0,062500000000000000000
5640;855;0,062500000000000000000
5640;859;0,062500000000000000000
5640;860;0,062500000000000000000
5640;870;0,062500000000000000000
5640;3294;0,062500000000000000000
5640;3318;0,062500000000000000000
5640;4583;0,062500000000000000000
5640;5395;0,062500000000000000000
5640;5691;0,062500000000000000000
5640;6511;0,062500000000000000000
5640;8999;0,062500000000000000000
5640;20648;0,062500000000000000000
5643;5679;1,000000000000000000000
5651;859;0,500000000000000000000
5651;4137;0,500000000000000000000
5691;866;0,200000000000000000000
5691;2146;0,200000000000000000000
5691;2697;0,200000000000000000000
5691;3085;0,200000000000000000000
5691;9807;0,200000000000000000000
5698;3142;0,333333333333333333333
5698;3268;0,333333333333333333333
5698;7759;0,333333333333333333333
5753;7994;1,000000000000000000000
5782;4592;1,000000000000000000000
5783;3250;1,000000000000000000000
5831;307;0,111111111111111111111
5831;378;0,111111111111111111111
5831;1240;0,111111111111111111111
5831;1327;0,111111111111111111111
5831;1329;0,111111111111111111111
5831;1335;0,055555555555555555555
5831;2152;0,111111111111111111111
5831;7278;0,111111111111111111111
5831;27808;0,111111111111111111111
5831;418454;0,055555555555555555555
5854;135596;1,000000000000000000000
5856;1949;0,500000000000000000000
5856;8909;0,500000000000000000000
5861;3045;1,000000000000000000000
5886;362;0,285714285714285714285
5886;2374;0,142857142857142857142
5886;2652;0,285714285714285714285
5886;4222;0,285714285714285714285
5892;6581;1,000000000000000000000
5915;4728;0,500000000000000000000
5915;9159;0,500000000000000000000
5935;520;1,000000000000000000000
5991;475;1,000000000000000000000
6007;1029086;1,000000000000000000000
6008;3234;1,000000000000000000000
6048;793;1,000000000000000000000
6072;9694;1,000000000000000000000
6144;752863;1,000000000000000000000
6150;504;1,000000000000000000000
6151;391;1,000000000000000000000
6169;1938;1,000000000000000000000
6203;625;1,000000000000000000000
6213;2385;0,666666666666666666666
6213;151009;0,333333333333333333333
6267;564;0,500000000000000000000
6267;997;0,500000000000000000000
6316;1121;0,500000000000000000000
6316;3204;0,500000000000000000000
6326;346;1,000000000000000000000
6347;101;0,500000000000000000000
6347;5896;0,500000000000000000000
6349;4108;1,000000000000000000000
6413;497739;1,000000000000000000000
6430;12356;1,000000000000000000000
6440;12936;1,000000000000000000000
6442;2897;1,000000000000000000000
6461;1082;1,000000000000000000000
6468;115;1,000000000000000000000
6502;140271;1,000000000000000000000
6503;3141;1,000000000000000000000
6509;644;1,000000000000000000000
6524;1276;1,000000000000000000000
6535;1149;1,000000000000000000000
6543;182;0,250000000000000000000
6543;771;0,250000000000000000000
6543;2741;0,500000000000000000000
6548;5564;1,000000000000000000000
6567;484;1,000000000000000000000
6581;13265;0,500000000000000000000
6581;18247;0,500000000000000000000
6627;5679;1,000000000000000000000
6634;1064;0,400000000000000000000
6634;1563;0,100000000000000000000
6634;3867;0,100000000000000000000
6634;5082;0,100000000000000000000
6634;20915;0,300000000000000000000
6635;5239;0,500000000000000000000
6635;5591;0,500000000000000000000
6641;6604;1,000000000000000000000
6681;564;1,000000000000000000000
6694;2438;0,333333333333333333333
6694;5506;0,333333333333333333333
6694;13310;0,333333333333333333333
6701;288;1,000000000000000000000
6723;1156;0,500000000000000000000
6723;1967;0,250000000000000000000
6723;2510;0,250000000000000000000
6746;4098;1,000000000000000000000
6773;681;0,500000000000000000000
6773;13176;0,500000000000000000000
6788;1124;0,200000000000000000000
6788;1844;0,800000000000000000000
6792;2659;1,000000000000000000000
6812;750;0,333333333333333333333
6812;5603;0,333333333333333333333
6812;343424;0,333333333333333333333
6856;1864;1,000000000000000000000
6883;5005;0,500000000000000000000
6883;5013;0,500000000000000000000
6892;186;1,000000000000000000000
6913;3811;0,500000000000000000000
6913;4345;0,500000000000000000000
6929;3169;1,000000000000000000000
7030;283;0,500000000000000000000
7030;1515;0,500000000000000000000
7049;1583;0,200000000000000000000
7049;4337;0,800000000000000000000
7080;2834;0,333333333333333333333
7080;2863;0,333333333333333333333
7080;157662;0,333333333333333333333
7095;292;0,250000000000000000000
7095;778;0,250000000000000000000
7095;547708;0,500000000000000000000
7111;485;1,000000000000000000000
7116;279;0,714285714285714285714
7116;1889;0,142857142857142857142
7116;3045;0,142857142857142857142
7130;1538;0,250000000000000000000
7130;2246;0,250000000000000000000
7130;3007;0,250000000000000000000
7130;6721;0,250000000000000000000
7135;441;0,333333333333333333333
7135;513;0,333333333333333333333
7135;3203;0,333333333333333333333
7142;85;1,000000000000000000000
7160;2661;1,000000000000000000000
7209;320;0,500000000000000000000
7209;7418;0,500000000000000000000
7278;1328;0,500000000000000000000
7278;1329;0,500000000000000000000
7301;13265;1,000000000000000000000
7322;1094;0,500000000000000000000
7322;6955;0,500000000000000000000
7341;399;0,333333333333333333333
7341;367121;0,666666666666666666666
7418;1891;0,125000000000000000000
7418;2206;0,750000000000000000000
7418;3957;0,125000000000000000000
7478;749;0,500000000000000000000
7478;1939;0,500000000000000000000
7543;600;0,043478260869565217391
7543;1454;0,021739130434782608695
7543;1898;0,043478260869565217391
7543;2743;0,043478260869565217391
7543;2786;0,021739130434782608695
7543;3420;0,043478260869565217391
7543;3685;0,021739130434782608695
7543;4587;0,043478260869565217391
7543;5136;0,043478260869565217391
7543;7717;0,021739130434782608695
7543;7975;0,043478260869565217391
7543;8212;0,021739130434782608695
7543;12959;0,043478260869565217391
7543;15737;0,021739130434782608695
7543;23759;0,043478260869565217391
7543;27613;0,043478260869565217391
7543;152027;0,391304347826086956521
7543;329272;0,043478260869565217391
7560;4748;1,000000000000000000000
7564;2029;1,000000000000000000000
7574;407;0,333333333333333333333
7574;2630;0,333333333333333333333
7574;5626;0,166666666666666666666
7574;7886;0,166666666666666666666
7578;1182;0,666666666666666666666
7578;5935;0,333333333333333333333
7585;83;1,000000000000000000000
7597;645;1,000000000000000000000
7626;248840;0,500000000000000000000
7626;747808;0,500000000000000000000
7694;1462;0,500000000000000000000
7694;12706;0,500000000000000000000
7716;19199;0,666666666666666666666
7716;366672;0,333333333333333333333
7747;3800;0,500000000000000000000
7747;7759;0,500000000000000000000
7748;296;0,333333333333333333333
7748;6991;0,333333333333333333333
7748;8199;0,333333333333333333333
7759;19031;0,142857142857142857142
7759;284854;0,285714285714285714285
7759;308238;0,571428571428571428571
7767;13265;1,000000000000000000000
7774;3301;1,000000000000000000000
7802;31885;1,000000000000000000000
7859;2678;1,000000000000000000000
7874;2826;1,000000000000000000000
7895;7755;1,000000000000000000000
7954;1771;1,000000000000000000000
7968;2322;1,000000000000000000000
7983;13265;1,000000000000000000000
7994;5753;1,000000000000000000000
8044;2367;0,333333333333333333333
8044;2826;0,666666666666666666666
8062;5061;0,333333333333333333333
8062;8928;0,666666666666666666666
8081;132;1,000000000000000000000
8090;3141;1,000000000000000000000
8095;245879;1,000000000000000000000
8106;859;1,000000000000000000000
8156;521;0,500000000000000000000
8156;389498;0,500000000000000000000
8229;8636;0,250000000000000000000
8229;113392;0,750000000000000000000
8268;2027;0,250000000000000000000
8268;5627;0,250000000000000000000
8268;8267;0,250000000000000000000
8268;8306;0,250000000000000000000
8348;545;0,272727272727272727272
8348;1083;0,727272727272727272727
8366;5011;1,000000000000000000000
8441;35;0,500000000000000000000
8441;3169;0,500000000000000000000
8442;4379;0,500000000000000000000
8442;744732;0,500000000000000000000
8461;434663;1,000000000000000000000
8462;5622;1,000000000000000000000
8464;4497;0,500000000000000000000
8464;4991;0,500000000000000000000
8465;385;0,666666666666666666666
8465;420;0,333333333333333333333
8473;479;1,000000000000000000000
8478;4292;1,000000000000000000000
8489;85;0,166666666666666666666
8489;1820;0,166666666666666666666
8489;2741;0,166666666666666666666
8489;4572;0,166666666666666666666
8489;5628;0,166666666666666666666
8489;9714;0,166666666666666666666
8493;148;1,000000000000000000000
8513;135596;0,333333333333333333333
8513;335189;0,333333333333333333333
8513;604246;0,333333333333333333333
8566;410;0,333333333333333333333
8566;2822;0,333333333333333333333
8566;6000;0,333333333333333333333
8580;2367;0,500000000000000000000
8580;324897;0,500000000000000000000
8611;1122;1,000000000000000000000
8636;113392;0,500000000000000000000
8636;393418;0,500000000000000000000
8641;120;0,037037037037037037037
8641;337;0,037037037037037037037
8641;388;0,037037037037037037037
8641;392;0,037037037037037037037
8641;396;0,037037037037037037037
8641;401;0,037037037037037037037
8641;410;0,037037037037037037037
8641;414;0,037037037037037037037
8641;415;0,037037037037037037037
8641;805;0,037037037037037037037
8641;1138;0,037037037037037037037
8641;1727;0,037037037037037037037
8641;2140;0,037037037037037037037
8641;2822;0,037037037037037037037
8641;3022;0,037037037037037037037
8641;3024;0,037037037037037037037
8641;3513;0,037037037037037037037
8641;4078;0,037037037037037037037
8641;6000;0,037037037037037037037
8641;8017;0,037037037037037037037
8641;8237;0,037037037037037037037
8641;8566;0,037037037037037037037
8641;13187;0,037037037037037037037
8641;14010;0,037037037037037037037
8641;25274;0,037037037037037037037
8641;353698;0,037037037037037037037
8641;606725;0,037037037037037037037
8648;266;0,800000000000000000000
8648;2600;0,200000000000000000000
8723;13265;1,000000000000000000000
8756;4179;1,000000000000000000000
8786;625;0,333333333333333333333
8786;1496;0,333333333333333333333
8786;2796;0,333333333333333333333
8820;2275;0,666666666666666666666
8820;383070;0,333333333333333333333
8826;5264;1,000000000000000000000
8858;740;0,300000000000000000000
8858;5610;0,400000000000000000000
8858;45837;0,300000000000000000000
8873;608895;1,000000000000000000000
8889;7095;1,000000000000000000000
8909;899;0,045454545454545454545
8909;2489;0,045454545454545454545
8909;4269;0,045454545454545454545
8909;5350;0,045454545454545454545
8909;5856;0,045454545454545454545
8909;6468;0,045454545454545454545
8909;8818;0,045454545454545454545
8909;9230;0,045454545454545454545
8909;9419;0,045454545454545454545
8909;11415;0,045454545454545454545
8909;13886;0,045454545454545454545
8909;24837;0,045454545454545454545
8909;27862;0,045454545454545454545
8909;27938;0,045454545454545454545
8909;30696;0,045454545454545454545
8909;94073;0,045454545454545454545
8909;335189;0,045454545454545454545
8909;343358;0,045454545454545454545
8909;367451;0,045454545454545454545
8909;484680;0,045454545454545454545
8909;666066;0,045454545454545454545
8909;834579;0,045454545454545454545
8910;885;0,500000000000000000000
8910;2863;0,500000000000000000000
8928;163;0,022727272727272727272
8928;494;0,045454545454545454545
8928;771;0,022727272727272727272
8928;937;0,022727272727272727272
8928;1477;0,022727272727272727272
8928;1478;0,022727272727272727272
8928;1479;0,022727272727272727272
8928;1480;0,022727272727272727272
8928;1481;0,022727272727272727272
8928;1482;0,022727272727272727272
8928;2105;0,045454545454545454545
8928;2276;0,022727272727272727272
8928;3293;0,022727272727272727272
8928;3463;0,022727272727272727272
8928;3836;0,022727272727272727272
8928;4283;0,022727272727272727272
8928;4471;0,022727272727272727272
8928;5545;0,022727272727272727272
8928;6413;0,022727272727272727272
8928;7650;0,022727272727272727272
8928;8049;0,022727272727272727272
8928;8062;0,022727272727272727272
8928;8203;0,022727272727272727272
8928;10202;0,022727272727272727272
8928;10352;0,022727272727272727272
8928;11863;0,022727272727272727272
8928;12026;0,022727272727272727272
8928;12497;0,022727272727272727272
8928;12550;0,022727272727272727272
8928;13265;0,022727272727272727272
8928;13428;0,022727272727272727272
8928;17584;0,022727272727272727272
8928;17585;0,022727272727272727272
8928;18098;0,022727272727272727272
8928;18102;0,022727272727272727272
8928;20204;0,022727272727272727272
8928;20206;0,022727272727272727272
8928;26267;0,022727272727272727272
8928;28970;0,045454545454545454545
8928;37812;0,022727272727272727272
8928;415787;0,022727272727272727272
8957;313;1,000000000000000000000
9019;1894;1,000000000000000000000
9107;1065;0,500000000000000000000
9107;13622;0,500000000000000000000
9110;878;0,500000000000000000000
9110;13265;0,500000000000000000000
9114;1824;1,000000000000000000000
9138;1180;0,500000000000000000000
9138;9226;0,500000000000000000000
9159;545;0,500000000000000000000
9159;5915;0,500000000000000000000
9184;9807;1,000000000000000000000
9226;9138;1,000000000000000000000
9230;11415;1,000000000000000000000
9274;3642;1,000000000000000000000
9296;978;0,500000000000000000000
9296;1085;0,500000000000000000000
9356;719;0,166666666666666666666
9356;1439;0,166666666666666666666
9356;3085;0,166666666666666666666
9356;28826;0,333333333333333333333
9356;157662;0,166666666666666666666
9367;276;1,000000000000000000000
9381;65;0,100000000000000000000
9381;190;0,100000000000000000000
9381;1109;0,100000000000000000000
9381;1625;0,100000000000000000000
9381;2071;0,100000000000000000000
9381;2212;0,100000000000000000000
9381;2216;0,100000000000000000000
9381;2223;0,100000000000000000000
9381;2504;0,100000000000000000000
9381;5632;0,100000000000000000000
9382;13265;0,500000000000000000000
9382;151009;0,500000000000000000000
9385;9807;1,000000000000000000000
9387;13265;1,000000000000000000000
9389;497;1,000000000000000000000
9393;2998;1,000000000000000000000
9395;2064;1,000000000000000000000
9398;1676;1,000000000000000000000
9399;13265;1,000000000000000000000
9402;13265;1,000000000000000000000
9405;5367;0,500000000000000000000
9405;13265;0,500000000000000000000
9406;2385;1,000000000000000000000
9407;13265;1,000000000000000000000
9409;960;0,250000000000000000000
9409;2385;0,500000000000000000000
9409;13041;0,250000000000000000000
9418;13360;1,000000000000000000000
9419;2851;1,000000000000000000000
9429;190;1,000000000000000000000
9430;13265;1,000000000000000000000
9431;98841;0,500000000000000000000
9431;382779;0,500000000000000000000
9433;9407;0,333333333333333333333
9433;9410;0,666666666666666666666
9438;13265;1,000000000000000000000
9483;3189;0,500000000000000000000
9483;7553;0,500000000000000000000
9514;6723;1,000000000000000000000
9657;771;1,000000000000000000000
9660;17208;1,000000000000000000000
9668;4442;1,000000000000000000000
9681;28598;1,000000000000000000000
9686;2578;1,000000000000000000000
9691;3234;1,000000000000000000000
9722;22123;1,000000000000000000000
9729;9722;1,000000000000000000000
9762;612;0,200000000000000000000
9762;1227;0,200000000000000000000
9762;3944;0,200000000000000000000
9762;12159;0,200000000000000000000
9762;389498;0,200000000000000000000
9806;2147;0,250000000000000000000
9806;5367;0,750000000000000000000
9807;4281;0,250000000000000000000
9807;9184;0,250000000000000000000
9807;9385;0,250000000000000000000
9807;13265;0,250000000000000000000
9831;9832;1,000000000000000000000
9832;9831;1,000000000000000000000
9846;1931;1,000000000000000000000
9898;1171;1,000000000000000000000
9940;964;0,600000000000000000000
9940;5626;0,200000000000000000000
9940;388810;0,200000000000000000000
9951;1700;0,500000000000000000000
9951;27269;0,500000000000000000000
9968;2355;1,000000000000000000000
10020;678;1,000000000000000000000
10093;1685;1,000000000000000000000
10176;232;1,000000000000000000000
10188;1278;0,250000000000000000000
10188;2111;0,583333333333333333333
10188;59745;0,083333333333333333333
10188;653504;0,083333333333333333333
10255;7648;1,000000000000000000000
10338;1429;0,500000000000000000000
10338;2080;0,500000000000000000000
10352;8928;1,000000000000000000000
10409;3417;1,000000000000000000000
10523;3809;1,000000000000000000000
10612;4610;1,000000000000000000000
10633;1510;1,000000000000000000000
10649;6213;1,000000000000000000000
10682;3585;1,000000000000000000000
10763;771;1,000000000000000000000
10860;2678;1,000000000000000000000
10892;3251;0,750000000000000000000
10892;276505;0,250000000000000000000
10926;3362;0,500000000000000000000
10926;54879;0,500000000000000000000
10946;5564;1,000000000000000000000
11004;4374;1,000000000000000000000
11014;4976;1,000000000000000000000
11213;22;1,000000000000000000000
11369;1042;0,500000000000000000000
11369;373677;0,500000000000000000000
11377;3234;1,000000000000000000000
11382;12964;1,000000000000000000000
11415;899;0,050000000000000000000
11415;4269;0,050000000000000000000
11415;5350;0,050000000000000000000
11415;5856;0,050000000000000000000
11415;6468;0,050000000000000000000
11415;8818;0,050000000000000000000
11415;9230;0,050000000000000000000
11415;9419;0,050000000000000000000
11415;13886;0,050000000000000000000
11415;24837;0,050000000000000000000
11415;27862;0,050000000000000000000
11415;27938;0,050000000000000000000
11415;30696;0,050000000000000000000
11415;94073;0,050000000000000000000
11415;335189;0,050000000000000000000
11415;343358;0,050000000000000000000
11415;367451;0,050000000000000000000
11415;484680;0,050000000000000000000
11415;666066;0,050000000000000000000
11415;834579;0,050000000000000000000
11527;1123;0,500000000000000000000
11527;1671;0,500000000000000000000
11536;512;1,000000000000000000000
11656;1434;0,142857142857142857142
11656;2433;0,142857142857142857142
11656;3705;0,142857142857142857142
11656;3968;0,142857142857142857142
11656;6461;0,142857142857142857142
11656;11734;0,142857142857142857142
11656;13642;0,142857142857142857142
11695;288;1,000000000000000000000
11966;2559;0,500000000000000000000
11966;5616;0,500000000000000000000
12026;979;0,333333333333333333333
12026;12550;0,333333333333333333333
12026;18098;0,333333333333333333333
12156;547;0,026315789473684210526
12156;689;0,026315789473684210526
12156;853;0,078947368421052631578
12156;1319;0,078947368421052631578
12156;1717;0,052631578947368421052
12156;4336;0,026315789473684210526
12156;4425;0,026315789473684210526
12156;4430;0,078947368421052631578
12156;4470;0,052631578947368421052
12156;4772;0,078947368421052631578
12156;5526;0,052631578947368421052
12156;7480;0,026315789473684210526
12156;8568;0,026315789473684210526
12156;8873;0,078947368421052631578
12156;9090;0,052631578947368421052
12156;13622;0,078947368421052631578
12156;27862;0,052631578947368421052
12156;40028;0,026315789473684210526
12156;122436;0,078947368421052631578
12159;1246;0,500000000000000000000
12159;9762;0,500000000000000000000
12333;1894;1,000000000000000000000
12356;504;1,000000000000000000000
12385;76695;1,000000000000000000000
12387;407;0,333333333333333333333
12387;12670;0,666666666666666666666
12388;9367;1,000000000000000000000
12430;255740;1,000000000000000000000
12435;1943;1,000000000000000000000
12497;550;0,200000000000000000000
12497;8928;0,400000000000000000000
12497;28567;0,400000000000000000000
12550;8928;0,750000000000000000000
12550;12026;0,250000000000000000000
12563;403;0,166666666666666666666
12563;1894;0,166666666666666666666
12563;3465;0,166666666666666666666
12563;119973;0,500000000000000000000
12591;4988;1,000000000000000000000
12596;1016;0,200000000000000000000
12596;1180;0,800000000000000000000
12698;8843;1,000000000000000000000
12706;3957;1,000000000000000000000
12745;1925;1,000000000000000000000
12775;1154;0,500000000000000000000
12775;13253;0,500000000000000000000
12798;1044;1,000000000000000000000
12876;85;1,000000000000000000000
12936;3096;0,333333333333333333333
12936;4179;0,333333333333333333333
12936;6440;0,333333333333333333333
12938;1439;1,000000000000000000000
12964;683;0,025000000000000000000
12964;1322;0,025000000000000000000
12964;1505;0,025000000000000000000
12964;2416;0,025000000000000000000
12964;2865;0,025000000000000000000
12964;3862;0,025000000000000000000
12964;4349;0,025000000000000000000
12964;4636;0,025000000000000000000
12964;4749;0,025000000000000000000
12964;4751;0,025000000000000000000
12964;5693;0,025000000000000000000
12964;5700;0,025000000000000000000
12964;6267;0,025000000000000000000
12964;6773;0,025000000000000000000
12964;6792;0,025000000000000000000
12964;7206;0,025000000000000000000
12964;7738;0,025000000000000000000
12964;8281;0,025000000000000000000
12964;9088;0,025000000000000000000
12964;10892;0,025000000000000000000
12964;11382;0,050000000000000000000
12964;13054;0,025000000000000000000
12964;16487;0,050000000000000000000
12964;16866;0,025000000000000000000
12964;20666;0,025000000000000000000
12964;21470;0,025000000000000000000
12964;22645;0,025000000000000000000
12964;27422;0,025000000000000000000
12964;27557;0,025000000000000000000
12964;247698;0,025000000000000000000
12964;255740;0,025000000000000000000
12964;255863;0,025000000000000000000
12964;255899;0,025000000000000000000
12964;280033;0,025000000000000000000
12964;284853;0,025000000000000000000
12964;394755;0,025000000000000000000
12964;399420;0,025000000000000000000
12964;459252;0,025000000000000000000
13141;4976;0,333333333333333333333
13141;12755;0,666666666666666666666
13179;1220;1,000000000000000000000
13187;5626;0,500000000000000000000
13187;20216;0,500000000000000000000
13253;285;0,023809523809523809523
13253;1048;0,023809523809523809523
13253;1156;0,047619047619047619047
13253;1495;0,023809523809523809523
13253;1513;0,023809523809523809523
13253;1868;0,023809523809523809523
13253;1873;0,023809523809523809523
13253;1988;0,166666666666666666666
13253;2145;0,023809523809523809523
13253;2375;0,023809523809523809523
13253;2474;0,071428571428571428571
13253;2515;0,047619047619047619047
13253;2742;0,023809523809523809523
13253;3174;0,047619047619047619047
13253;3753;0,023809523809523809523
13253;3857;0,023809523809523809523
13253;3872;0,023809523809523809523
13253;4553;0,023809523809523809523
13253;5223;0,023809523809523809523
13253;5578;0,095238095238095238095
13253;6666;0,023809523809523809523
13253;12775;0,047619047619047619047
13253;22211;0,047619047619047619047
13253;276695;0,023809523809523809523
13253;281170;0,023809523809523809523
13253;355336;0,023809523809523809523
13265;9;0,001651073197578425976
13265;22;0,001651073197578425976
13265;65;0,001651073197578425976
13265;77;0,001651073197578425976
13265;78;0,001651073197578425976
13265;90;0,001651073197578425976
13265;127;0,001651073197578425976
13265;151;0,001651073197578425976
13265;184;0,001651073197578425976
13265;190;0,001651073197578425976
13265;192;0,002201430930104567969
13265;206;0,001651073197578425976
13265;235;0,001651073197578425976
13265;242;0,001651073197578425976
13265;307;0,001651073197578425976
13265;373;0,001651073197578425976
13265;378;0,001651073197578425976
13265;466;0,001651073197578425976
13265;467;0,001651073197578425976
13265;474;0,001651073197578425976
13265;496;0,001651073197578425976
13265;497;0,001651073197578425976
13265;512;0,001651073197578425976
13265;521;0,001651073197578425976
13265;524;0,001651073197578425976
13265;526;0,001651073197578425976
13265;528;0,001651073197578425976
13265;529;0,001651073197578425976
13265;577;0,001651073197578425976
13265;594;0,001651073197578425976
13265;611;0,001651073197578425976
13265;620;0,001651073197578425976
13265;621;0,001651073197578425976
13265;622;0,001651073197578425976
13265;766;0,001651073197578425976
13265;815;0,001651073197578425976
13265;841;0,001651073197578425976
13265;866;0,001651073197578425976
13265;877;0,001651073197578425976
13265;878;0,001651073197578425976
13265;883;0,001651073197578425976
13265;887;0,001651073197578425976
13265;906;0,001651073197578425976
13265;911;0,001651073197578425976
13265;938;0,001651073197578425976
13265;960;0,001651073197578425976
13265;965;0,001651073197578425976
13265;966;0,001651073197578425976
13265;970;0,001651073197578425976
13265;977;0,001651073197578425976
13265;1044;0,001651073197578425976
13265;1060;0,001651073197578425976
13265;1066;0,001651073197578425976
13265;1101;0,001651073197578425976
13265;1109;0,002201430930104567969
13265;1114;0,001651073197578425976
13265;1121;0,001651073197578425976
13265;1122;0,001651073197578425976
13265;1150;0,001651073197578425976
13265;1234;0,001651073197578425976
13265;1240;0,001651073197578425976
13265;1263;0,001651073197578425976
13265;1274;0,001651073197578425976
13265;1286;0,001651073197578425976
13265;1325;0,001651073197578425976
13265;1327;0,001651073197578425976
13265;1328;0,001651073197578425976
13265;1329;0,001651073197578425976
13265;1331;0,001651073197578425976
13265;1332;0,001651073197578425976
13265;1335;0,001651073197578425976
13265;1336;0,001651073197578425976
13265;1337;0,001651073197578425976
13265;1393;0,001651073197578425976
13265;1401;0,001651073197578425976
13265;1419;0,001651073197578425976
13265;1432;0,001651073197578425976
13265;1443;0,001651073197578425976
13265;1473;0,001651073197578425976
13265;1475;0,001651073197578425976
13265;1508;0,001651073197578425976
13265;1525;0,001651073197578425976
13265;1549;0,001651073197578425976
13265;1625;0,001651073197578425976
13265;1632;0,001651073197578425976
13265;1667;0,001651073197578425976
13265;1676;0,001651073197578425976
13265;1743;0,001651073197578425976
13265;1744;0,001651073197578425976
13265;1780;0,001651073197578425976
13265;1838;0,001651073197578425976
13265;1856;0,001651073197578425976
13265;1866;0,001651073197578425976
13265;1971;0,001651073197578425976
13265;2017;0,001651073197578425976
13265;2023;0,001651073197578425976
13265;2027;0,001651073197578425976
13265;2029;0,001651073197578425976
13265;2037;0,001651073197578425976
13265;2039;0,001651073197578425976
13265;2041;0,001651073197578425976
13265;2043;0,001651073197578425976
13265;2046;0,001651073197578425976
13265;2050;0,001651073197578425976
13265;2052;0,001651073197578425976
13265;2054;0,001651073197578425976
13265;2059;0,001651073197578425976
13265;2064;0,001651073197578425976
13265;2066;0,001651073197578425976
13265;2070;0,001651073197578425976
13265;2071;0,001651073197578425976
13265;2146;0,001651073197578425976
13265;2147;0,001651073197578425976
13265;2150;0,001651073197578425976
13265;2152;0,001651073197578425976
13265;2153;0,001651073197578425976
13265;2156;0,001651073197578425976
13265;2212;0,001651073197578425976
13265;2213;0,001651073197578425976
13265;2215;0,001651073197578425976
13265;2216;0,001651073197578425976
13265;2223;0,001651073197578425976
13265;2271;0,001651073197578425976
13265;2272;0,001651073197578425976
13265;2280;0,001651073197578425976
13265;2312;0,001651073197578425976
13265;2349;0,001651073197578425976
13265;2359;0,001651073197578425976
13265;2369;0,001651073197578425976
13265;2385;0,001651073197578425976
13265;2403;0,001651073197578425976
13265;2418;0,001651073197578425976
13265;2434;0,001651073197578425976
13265;2492;0,001651073197578425976
13265;2498;0,001651073197578425976
13265;2503;0,001651073197578425976
13265;2504;0,001651073197578425976
13265;2586;0,001651073197578425976
13265;2644;0,001651073197578425976
13265;2683;0,001651073197578425976
13265;2697;0,001651073197578425976
13265;2737;0,001651073197578425976
13265;2738;0,001651073197578425976
13265;2740;0,001651073197578425976
13265;2779;0,001651073197578425976
13265;2780;0,001651073197578425976
13265;2786;0,001651073197578425976
13265;2823;0,001651073197578425976
13265;2830;0,001651073197578425976
13265;2832;0,001651073197578425976
13265;2998;0,001651073197578425976
13265;3017;0,001651073197578425976
13265;3085;0,001651073197578425976
13265;3116;0,001651073197578425976
13265;3142;0,001651073197578425976
13265;3147;0,001651073197578425976
13265;3158;0,001651073197578425976
13265;3204;0,001651073197578425976
13265;3205;0,001651073197578425976
13265;3241;0,001651073197578425976
13265;3268;0,001651073197578425976
13265;3269;0,001651073197578425976
13265;3271;0,001651073197578425976
13265;3296;0,001651073197578425976
13265;3311;0,001651073197578425976
13265;3328;0,001651073197578425976
13265;3355;0,001651073197578425976
13265;3356;0,001651073197578425976
13265;3394;0,001651073197578425976
13265;3403;0,001651073197578425976
13265;3414;0,001651073197578425976
13265;3535;0,001651073197578425976
13265;3591;0,001651073197578425976
13265;3680;0,001651073197578425976
13265;3703;0,001651073197578425976
13265;3704;0,001651073197578425976
13265;3714;0,001651073197578425976
13265;3736;0,001651073197578425976
13265;3748;0,001651073197578425976
13265;3781;0,001651073197578425976
13265;3798;0,001651073197578425976
13265;3800;0,001651073197578425976
13265;3864;0,001651073197578425976
13265;3983;0,001651073197578425976
13265;3991;0,001651073197578425976
13265;3998;0,001651073197578425976
13265;4048;0,001651073197578425976
13265;4064;0,001651073197578425976
13265;4070;0,001651073197578425976
13265;4086;0,001651073197578425976
13265;4146;0,001651073197578425976
13265;4147;0,001651073197578425976
13265;4197;0,001651073197578425976
13265;4208;0,001651073197578425976
13265;4237;0,001651073197578425976
13265;4240;0,001651073197578425976
13265;4262;0,001651073197578425976
13265;4271;0,001651073197578425976
13265;4280;0,001651073197578425976
13265;4281;0,001651073197578425976
13265;4364;0,001651073197578425976
13265;4380;0,001651073197578425976
13265;4414;0,001651073197578425976
13265;4491;0,001651073197578425976
13265;4493;0,001651073197578425976
13265;4500;0,001651073197578425976
13265;4525;0,001651073197578425976
13265;4533;0,001651073197578425976
13265;4561;0,001651073197578425976
13265;4580;0,001651073197578425976
13265;4625;0,001651073197578425976
13265;4715;0,001651073197578425976
13265;4720;0,001651073197578425976
13265;4748;0,001651073197578425976
13265;4755;0,001651073197578425976
13265;4758;0,001651073197578425976
13265;4765;0,001651073197578425976
13265;4829;0,001651073197578425976
13265;4979;0,001651073197578425976
13265;5082;0,001651073197578425976
13265;5097;0,001651073197578425976
13265;5119;0,001651073197578425976
13265;5144;0,001651073197578425976
13265;5167;0,001651073197578425976
13265;5214;0,001651073197578425976
13265;5219;0,001651073197578425976
13265;5250;0,001651073197578425976
13265;5264;0,001651073197578425976
13265;5351;0,001651073197578425976
13265;5367;0,001651073197578425976
13265;5437;0,001651073197578425976
13265;5438;0,001651073197578425976
13265;5439;0,001651073197578425976
13265;5441;0,001651073197578425976
13265;5442;0,001651073197578425976
13265;5443;0,001651073197578425976
13265;5444;0,001651073197578425976
13265;5445;0,001651073197578425976
13265;5446;0,001651073197578425976
13265;5459;0,001651073197578425976
13265;5469;0,001651073197578425976
13265;5487;0,001651073197578425976
13265;5513;0,001651073197578425976
13265;5519;0,001651073197578425976
13265;5522;0,001651073197578425976
13265;5530;0,001651073197578425976
13265;5545;0,001651073197578425976
13265;5557;0,001651073197578425976
13265;5564;0,001651073197578425976
13265;5629;0,001651073197578425976
13265;5632;0,001651073197578425976
13265;5691;0,001651073197578425976
13265;5698;0,001651073197578425976
13265;5762;0,001651073197578425976
13265;5831;0,001651073197578425976
13265;5892;0,001651073197578425976
13265;5922;0,001651073197578425976
13265;5944;0,001651073197578425976
13265;6189;0,001651073197578425976
13265;6213;0,001651073197578425976
13265;6234;0,001651073197578425976
13265;6316;0,001651073197578425976
13265;6320;0,001651073197578425976
13265;6465;0,001651073197578425976
13265;6472;0,001651073197578425976
13265;6548;0,001651073197578425976
13265;6581;0,001651073197578425976
13265;6604;0,001651073197578425976
13265;6624;0,001651073197578425976
13265;6693;0,001651073197578425976
13265;6759;0,001651073197578425976
13265;6781;0,001651073197578425976
13265;6827;0,001651073197578425976
13265;6828;0,001651073197578425976
13265;7221;0,001651073197578425976
13265;7278;0,001651073197578425976
13265;7301;0,001651073197578425976
13265;7328;0,001651073197578425976
13265;7546;0,001651073197578425976
13265;7564;0,001651073197578425976
13265;7586;0,001651073197578425976
13265;7650;0,001651073197578425976
13265;7747;0,001651073197578425976
13265;7759;0,001651073197578425976
13265;7762;0,001651073197578425976
13265;7767;0,001651073197578425976
13265;7780;0,001651073197578425976
13265;7788;0,001651073197578425976
13265;7939;0,001651073197578425976
13265;7979;0,001651073197578425976
13265;7983;0,001651073197578425976
13265;8090;0,001651073197578425976
13265;8143;0,001651073197578425976
13265;8156;0,001651073197578425976
13265;8293;0,001651073197578425976
13265;8381;0,001651073197578425976
13265;8500;0,001651073197578425976
13265;8611;0,001651073197578425976
13265;8618;0,001651073197578425976
13265;8623;0,001651073197578425976
13265;8633;0,001651073197578425976
13265;8723;0,001651073197578425976
13265;8730;0,001651073197578425976
13265;8933;0,001651073197578425976
13265;9026;0,001651073197578425976
13265;9110;0,001651073197578425976
13265;9184;0,001651073197578425976
13265;9208;0,001651073197578425976
13265;9217;0,001651073197578425976
13265;9371;0,001651073197578425976
13265;9381;0,001651073197578425976
13265;9382;0,001651073197578425976
13265;9384;0,001651073197578425976
13265;9385;0,001651073197578425976
13265;9386;0,001651073197578425976
13265;9387;0,001651073197578425976
13265;9389;0,001651073197578425976
13265;9390;0,001651073197578425976
13265;9391;0,001651073197578425976
13265;9392;0,001651073197578425976
13265;9393;0,001651073197578425976
13265;9395;0,001651073197578425976
13265;9396;0,001651073197578425976
13265;9398;0,001651073197578425976
13265;9399;0,001651073197578425976
13265;9400;0,001651073197578425976
13265;9401;0,001651073197578425976
13265;9402;0,001651073197578425976
13265;9403;0,001651073197578425976
13265;9405;0,001651073197578425976
13265;9406;0,001651073197578425976
13265;9407;0,001651073197578425976
13265;9408;0,001651073197578425976
13265;9409;0,001651073197578425976
13265;9410;0,001651073197578425976
13265;9411;0,001651073197578425976
13265;9412;0,001651073197578425976
13265;9413;0,001651073197578425976
13265;9414;0,001651073197578425976
13265;9415;0,001651073197578425976
13265;9416;0,001651073197578425976
13265;9417;0,001651073197578425976
13265;9418;0,001651073197578425976
13265;9420;0,001651073197578425976
13265;9421;0,001651073197578425976
13265;9422;0,001651073197578425976
13265;9423;0,001651073197578425976
13265;9424;0,001651073197578425976
13265;9425;0,001651073197578425976
13265;9426;0,001651073197578425976
13265;9430;0,001651073197578425976
13265;9431;0,001651073197578425976
13265;9432;0,001651073197578425976
13265;9433;0,001651073197578425976
13265;9434;0,001651073197578425976
13265;9435;0,001651073197578425976
13265;9436;0,001651073197578425976
13265;9437;0,001651073197578425976
13265;9438;0,001651073197578425976
13265;9439;0,001651073197578425976
13265;9441;0,001651073197578425976
13265;9442;0,001651073197578425976
13265;9624;0,001651073197578425976
13265;9681;0,001651073197578425976
13265;9806;0,001651073197578425976
13265;9807;0,001651073197578425976
13265;9839;0,001651073197578425976
13265;10000;0,001651073197578425976
13265;10080;0,001651073197578425976
13265;10169;0,001651073197578425976
13265;10649;0,001651073197578425976
13265;10740;0,001651073197578425976
13265;10946;0,001651073197578425976
13265;11030;0,001651073197578425976
13265;11213;0,001651073197578425976
13265;11536;0,001651073197578425976
13265;11839;0,001651073197578425976
13265;11999;0,001651073197578425976
13265;12001;0,001651073197578425976
13265;12098;0,001651073197578425976
13265;12394;0,001651073197578425976
13265;12523;0,001651073197578425976
13265;12612;0,001651073197578425976
13265;12717;0,001651073197578425976
13265;12798;0,001651073197578425976
13265;13006;0,001651073197578425976
13265;13026;0,001651073197578425976
13265;13369;0,001651073197578425976
13265;13372;0,001651073197578425976
13265;13545;0,001651073197578425976
13265;13560;0,001651073197578425976
13265;14073;0,001651073197578425976
13265;14151;0,001651073197578425976
13265;14465;0,001651073197578425976
13265;14839;0,001651073197578425976
13265;15437;0,001651073197578425976
13265;15890;0,001651073197578425976
13265;16644;0,001651073197578425976
13265;17323;0,001651073197578425976
13265;17453;0,001651073197578425976
13265;17502;0,001651073197578425976
13265;17530;0,001651073197578425976
13265;17603;0,001651073197578425976
13265;18145;0,001651073197578425976
13265;18247;0,001651073197578425976
13265;18251;0,001651073197578425976
13265;18258;0,001651073197578425976
13265;18264;0,001651073197578425976
13265;18577;0,001651073197578425976
13265;19031;0,001651073197578425976
13265;20235;0,001651073197578425976
13265;20662;0,001651073197578425976
13265;20669;0,001651073197578425976
13265;20801;0,001651073197578425976
13265;20969;0,001651073197578425976
13265;21594;0,001651073197578425976
13265;21839;0,001651073197578425976
13265;25849;0,001651073197578425976
13265;25899;0,001651073197578425976
13265;26502;0,001651073197578425976
13265;26746;0,001651073197578425976
13265;27173;0,001651073197578425976
13265;27286;0,001651073197578425976
13265;27312;0,001651073197578425976
13265;27315;0,001651073197578425976
13265;27316;0,001651073197578425976
13265;27317;0,001651073197578425976
13265;27320;0,001651073197578425976
13265;27321;0,001651073197578425976
13265;27324;0,001651073197578425976
13265;27325;0,001651073197578425976
13265;27330;0,001651073197578425976
13265;27332;0,001651073197578425976
13265;27335;0,001651073197578425976
13265;27337;0,001651073197578425976
13265;27340;0,001651073197578425976
13265;27456;0,001651073197578425976
13265;27494;0,001651073197578425976
13265;27500;0,001651073197578425976
13265;27512;0,001651073197578425976
13265;27636;0,001651073197578425976
13265;27761;0,001651073197578425976
13265;27762;0,001651073197578425976
13265;27764;0,001651073197578425976
13265;27765;0,001651073197578425976
13265;27767;0,001651073197578425976
13265;27768;0,001651073197578425976
13265;27770;0,001651073197578425976
13265;27771;0,001651073197578425976
13265;27773;0,001651073197578425976
13265;27774;0,001651073197578425976
13265;27778;0,001651073197578425976
13265;27779;0,001651073197578425976
13265;27781;0,001651073197578425976
13265;27782;0,001651073197578425976
13265;27788;0,001651073197578425976
13265;27789;0,001651073197578425976
13265;27790;0,001651073197578425976
13265;27791;0,001651073197578425976
13265;27793;0,001651073197578425976
13265;27797;0,001651073197578425976
13265;27799;0,001651073197578425976
13265;27800;0,001651073197578425976
13265;27803;0,001651073197578425976
13265;27808;0,001651073197578425976
13265;27837;0,001651073197578425976
13265;27854;0,001651073197578425976
13265;27863;0,001651073197578425976
13265;27865;0,001651073197578425976
13265;27870;0,001651073197578425976
13265;27891;0,001651073197578425976
13265;27892;0,001651073197578425976
13265;27893;0,001651073197578425976
13265;27902;0,001651073197578425976
13265;27928;0,001651073197578425976
13265;28159;0,001651073197578425976
13265;28227;0,001651073197578425976
13265;28234;0,001651073197578425976
13265;28235;0,001651073197578425976
13265;28239;0,001651073197578425976
13265;28240;0,001651073197578425976
13265;28241;0,001651073197578425976
13265;28242;0,001651073197578425976
13265;28245;0,001651073197578425976
13265;28248;0,001651073197578425976
13265;28250;0,001651073197578425976
13265;28254;0,001651073197578425976
13265;28257;0,001651073197578425976
13265;28258;0,001651073197578425976
13265;28259;0,001651073197578425976
13265;28260;0,001651073197578425976
13265;28261;0,001651073197578425976
13265;28264;0,001651073197578425976
13265;28270;0,001651073197578425976
13265;28273;0,001651073197578425976
13265;28274;0,001651073197578425976
13265;28275;0,001651073197578425976
13265;28277;0,001651073197578425976
13265;28279;0,001651073197578425976
13265;28286;0,001651073197578425976
13265;28442;0,001651073197578425976
13265;28513;0,001651073197578425976
13265;28593;0,001651073197578425976
13265;28598;0,001651073197578425976
13265;28738;0,001651073197578425976
13265;28815;0,001651073197578425976
13265;28866;0,001651073197578425976
13265;28867;0,001651073197578425976
13265;28868;0,001651073197578425976
13265;28869;0,001651073197578425976
13265;28871;0,001651073197578425976
13265;28872;0,001651073197578425976
13265;28873;0,001651073197578425976
13265;28875;0,001651073197578425976
13265;28877;0,001651073197578425976
13265;28879;0,001651073197578425976
13265;28887;0,001651073197578425976
13265;28899;0,001651073197578425976
13265;28902;0,001651073197578425976
13265;28903;0,001651073197578425976
13265;28905;0,001651073197578425976
13265;28906;0,001651073197578425976
13265;28907;0,001651073197578425976
13265;28908;0,001651073197578425976
13265;28909;0,001651073197578425976
13265;28910;0,001651073197578425976
13265;28911;0,001651073197578425976
13265;28912;0,001651073197578425976
13265;28925;0,001651073197578425976
13265;29061;0,001651073197578425976
13265;29068;0,001651073197578425976
13265;44981;0,001651073197578425976
13265;50625;0,001651073197578425976
13265;53012;0,001651073197578425976
13265;56195;0,001651073197578425976
13265;57838;0,001651073197578425976
13265;62135;0,001651073197578425976
13265;67566;0,001651073197578425976
13265;71224;0,001651073197578425976
13265;78275;0,001651073197578425976
13265;92556;0,001651073197578425976
13265;99818;0,001651073197578425976
13265;112062;0,001651073197578425976
13265;134008;0,001651073197578425976
13265;135596;0,001651073197578425976
13265;137497;0,001651073197578425976
13265;139139;0,001651073197578425976
13265;151009;0,001651073197578425976
13265;151929;0,001651073197578425976
13265;169356;0,001651073197578425976
13265;170451;0,001651073197578425976
13265;173632;0,001651073197578425976
13265;219255;0,001651073197578425976
13265;255445;0,001651073197578425976
13265;257324;0,001651073197578425976
13265;259831;0,001651073197578425976
13265;276505;0,001651073197578425976
13265;284854;0,001651073197578425976
13265;286660;0,001651073197578425976
13265;287409;0,001651073197578425976
13265;308238;0,001651073197578425976
13265;309580;0,001651073197578425976
13265;325535;0,001651073197578425976
13265;326597;0,001651073197578425976
13265;327535;0,001651073197578425976
13265;327858;0,001651073197578425976
13265;327859;0,001651073197578425976
13265;327860;0,001651073197578425976
13265;329223;0,001651073197578425976
13265;329359;0,001651073197578425976
13265;330934;0,001651073197578425976
13265;333184;0,001651073197578425976
13265;334818;0,001651073197578425976
13265;343719;0,001651073197578425976
13265;352262;0,001651073197578425976
13265;352420;0,001651073197578425976
13265;353446;0,001651073197578425976
13265;355594;0,001651073197578425976
13265;365524;0,001651073197578425976
13265;368482;0,001651073197578425976
13265;369262;0,001651073197578425976
13265;377275;0,001651073197578425976
13265;379234;0,001651073197578425976
13265;382779;0,001651073197578425976
13265;402244;0,001651073197578425976
13265;402245;0,001651073197578425976
13265;402247;0,001651073197578425976
13265;409094;0,001651073197578425976
13265;455454;0,001651073197578425976
13265;455455;0,001651073197578425976
13265;455456;0,001651073197578425976
13265;455457;0,001651073197578425976
13265;455458;0,001651073197578425976
13265;455459;0,001651073197578425976
13265;455460;0,001651073197578425976
13265;455461;0,001651073197578425976
13265;455462;0,001651073197578425976
13265;455463;0,001651073197578425976
13265;525330;0,001651073197578425976
13265;533247;0,001651073197578425976
13265;640335;0,001651073197578425976
13265;708789;0,001651073197578425976
13265;810172;0,001651073197578425976
13265;985164;0,001651073197578425976
13265;995380;0,001651073197578425976
13310;6694;1,000000000000000000000
13335;2481;0,333333333333333333333
13335;4344;0,500000000000000000000
13335;125861;0,166666666666666666666
13360;9418;1,000000000000000000000
13369;3158;1,000000000000000000000
13372;13265;1,000000000000000000000
13398;2383;0,500000000000000000000
13398;3656;0,500000000000000000000
13504;1010;0,400000000000000000000
13504;3809;0,400000000000000000000
13504;4000;0,200000000000000000000
13537;899;1,000000000000000000000
13545;13265;1,000000000000000000000
13623;5682;1,000000000000000000000
13644;12165;1,000000000000000000000
13671;12396;1,000000000000000000000
13673;274;0,500000000000000000000
13673;651622;0,500000000000000000000
13796;183;1,000000000000000000000
13799;5657;0,500000000000000000000
13799;7418;0,500000000000000000000
13886;4269;1,000000000000000000000
13899;5053;1,000000000000000000000
14010;945;0,333333333333333333333
14010;3318;0,333333333333333333333
14010;4078;0,333333333333333333333
14048;3100;0,666666666666666666666
14048;714174;0,333333333333333333333
14151;9;0,001373626373626373626
14151;46;0,001373626373626373626
14151;47;0,001373626373626373626
14151;48;0,001373626373626373626
14151;80;0,001373626373626373626
14151;137;0,001373626373626373626
14151;178;0,001373626373626373626
14151;179;0,001373626373626373626
14151;184;0,001373626373626373626
14151;206;0,001373626373626373626
14151;211;0,001373626373626373626
14151;218;0,001373626373626373626
14151;229;0,001373626373626373626
14151;253;0,001373626373626373626
14151;268;0,001373626373626373626
14151;273;0,001373626373626373626
14151;275;0,001373626373626373626
14151;299;0,001373626373626373626
14151;307;0,001373626373626373626
14151;324;0,001373626373626373626
14151;337;0,001373626373626373626
14151;341;0,001373626373626373626
14151;346;0,001373626373626373626
14151;363;0,001373626373626373626
14151;378;0,001373626373626373626
14151;385;0,001373626373626373626
14151;433;0,001373626373626373626
14151;460;0,001373626373626373626
14151;467;0,001373626373626373626
14151;477;0,001373626373626373626
14151;540;0,001373626373626373626
14151;547;0,001373626373626373626
14151;571;0,001373626373626373626
14151;591;0,001373626373626373626
14151;612;0,001373626373626373626
14151;626;0,001373626373626373626
14151;641;0,001373626373626373626
14151;683;0,001373626373626373626
14151;689;0,001373626373626373626
14151;712;0,001373626373626373626
14151;713;0,001373626373626373626
14151;724;0,001373626373626373626
14151;750;0,001373626373626373626
14151;752;0,001373626373626373626
14151;761;0,001373626373626373626
14151;763;0,001373626373626373626
14151;774;0,001373626373626373626
14151;778;0,001373626373626373626
14151;785;0,001373626373626373626
14151;805;0,001373626373626373626
14151;833;0,001373626373626373626
14151;853;0,001373626373626373626
14151;897;0,001373626373626373626
14151;899;0,001373626373626373626
14151;904;0,001373626373626373626
14151;918;0,001373626373626373626
14151;941;0,001373626373626373626
14151;980;0,001373626373626373626
14151;984;0,001373626373626373626
14151;1044;0,001373626373626373626
14151;1048;0,001373626373626373626
14151;1058;0,001373626373626373626
14151;1079;0,001373626373626373626
14151;1121;0,001373626373626373626
14151;1131;0,001373626373626373626
14151;1133;0,001373626373626373626
14151;1137;0,001373626373626373626
14151;1153;0,001373626373626373626
14151;1160;0,001373626373626373626
14151;1206;0,001373626373626373626
14151;1246;0,001373626373626373626
14151;1274;0,001373626373626373626
14151;1310;0,001373626373626373626
14151;1319;0,001373626373626373626
14151;1322;0,001373626373626373626
14151;1327;0,001373626373626373626
14151;1329;0,001373626373626373626
14151;1332;0,001373626373626373626
14151;1337;0,001373626373626373626
14151;1344;0,001373626373626373626
14151;1419;0,001373626373626373626
14151;1445;0,001373626373626373626
14151;1447;0,001373626373626373626
14151;1454;0,001373626373626373626
14151;1457;0,001373626373626373626
14151;1458;0,001373626373626373626
14151;1464;0,001373626373626373626
14151;1466;0,001373626373626373626
14151;1504;0,001373626373626373626
14151;1505;0,001373626373626373626
14151;1510;0,001373626373626373626
14151;1512;0,001373626373626373626
14151;1516;0,001373626373626373626
14151;1523;0,001373626373626373626
14151;1524;0,001373626373626373626
14151;1526;0,001373626373626373626
14151;1527;0,001373626373626373626
14151;1533;0,001373626373626373626
14151;1549;0,001373626373626373626
14151;1560;0,001373626373626373626
14151;1606;0,001373626373626373626
14151;1676;0,001373626373626373626
14151;1723;0,001373626373626373626
14151;1785;0,001373626373626373626
14151;1833;0,001373626373626373626
14151;1838;0,001373626373626373626
14151;1850;0,001373626373626373626
14151;1868;0,001373626373626373626
14151;1873;0,001373626373626373626
14151;1877;0,001373626373626373626
14151;1889;0,001373626373626373626
14151;1891;0,001373626373626373626
14151;1893;0,001373626373626373626
14151;1910;0,001373626373626373626
14151;1939;0,001373626373626373626
14151;1976;0,001373626373626373626
14151;2015;0,001373626373626373626
14151;2017;0,001373626373626373626
14151;2039;0,001373626373626373626
14151;2041;0,001373626373626373626
14151;2050;0,001373626373626373626
14151;2064;0,001373626373626373626
14151;2066;0,001373626373626373626
14151;2078;0,001373626373626373626
14151;2119;0,001373626373626373626
14151;2128;0,001373626373626373626
14151;2136;0,001373626373626373626
14151;2152;0,001373626373626373626
14151;2156;0,001373626373626373626
14151;2164;0,001373626373626373626
14151;2200;0,001373626373626373626
14151;2204;0,001373626373626373626
14151;2318;0,001373626373626373626
14151;2349;0,001373626373626373626
14151;2383;0,001373626373626373626
14151;2388;0,001373626373626373626
14151;2416;0,001373626373626373626
14151;2428;0,001373626373626373626
14151;2438;0,001373626373626373626
14151;2461;0,001373626373626373626
14151;2479;0,001373626373626373626
14151;2511;0,001373626373626373626
14151;2516;0,001373626373626373626
14151;2520;0,001373626373626373626
14151;2551;0,001373626373626373626
14151;2576;0,001373626373626373626
14151;2588;0,001373626373626373626
14151;2598;0,001373626373626373626
14151;2605;0,001373626373626373626
14151;2607;0,001373626373626373626
14151;2614;0,001373626373626373626
14151;2652;0,001373626373626373626
14151;2677;0,001373626373626373626
14151;2679;0,001373626373626373626
14151;2786;0,001373626373626373626
14151;2799;0,001373626373626373626
14151;2800;0,001373626373626373626
14151;2887;0,001373626373626373626
14151;2893;0,001373626373626373626
14151;2921;0,001373626373626373626
14151;3019;0,001373626373626373626
14151;3029;0,001373626373626373626
14151;3053;0,001373626373626373626
14151;3071;0,001373626373626373626
14151;3123;0,001373626373626373626
14151;3145;0,001373626373626373626
14151;3146;0,001373626373626373626
14151;3158;0,001373626373626373626
14151;3182;0,001373626373626373626
14151;3204;0,001373626373626373626
14151;3209;0,001373626373626373626
14151;3214;0,001373626373626373626
14151;3223;0,001373626373626373626
14151;3225;0,001373626373626373626
14151;3230;0,001373626373626373626
14151;3245;0,001373626373626373626
14151;3265;0,001373626373626373626
14151;3301;0,001373626373626373626
14151;3304;0,001373626373626373626
14151;3323;0,001373626373626373626
14151;3355;0,001373626373626373626
14151;3403;0,001373626373626373626
14151;3418;0,001373626373626373626
14151;3426;0,001373626373626373626
14151;3457;0,001373626373626373626
14151;3458;0,001373626373626373626
14151;3476;0,001373626373626373626
14151;3477;0,001373626373626373626
14151;3485;0,001373626373626373626
14151;3499;0,001373626373626373626
14151;3503;0,001373626373626373626
14151;3519;0,001373626373626373626
14151;3557;0,001373626373626373626
14151;3615;0,001373626373626373626
14151;3618;0,001373626373626373626
14151;3633;0,001373626373626373626
14151;3647;0,001373626373626373626
14151;3648;0,001373626373626373626
14151;3656;0,001373626373626373626
14151;3657;0,001373626373626373626
14151;3665;0,001373626373626373626
14151;3714;0,001373626373626373626
14151;3736;0,001373626373626373626
14151;3747;0,001373626373626373626
14151;3753;0,001373626373626373626
14151;3768;0,001373626373626373626
14151;3788;0,001373626373626373626
14151;3791;0,001373626373626373626
14151;3793;0,001373626373626373626
14151;3800;0,001373626373626373626
14151;3811;0,001373626373626373626
14151;3825;0,001373626373626373626
14151;3827;0,001373626373626373626
14151;3840;0,001373626373626373626
14151;3850;0,001373626373626373626
14151;3857;0,001373626373626373626
14151;3862;0,001373626373626373626
14151;3864;0,001373626373626373626
14151;3916;0,001373626373626373626
14151;3944;0,001373626373626373626
14151;3957;0,001373626373626373626
14151;3968;0,001373626373626373626
14151;3983;0,001373626373626373626
14151;4018;0,001373626373626373626
14151;4021;0,001373626373626373626
14151;4024;0,001373626373626373626
14151;4039;0,001373626373626373626
14151;4059;0,001373626373626373626
14151;4070;0,001373626373626373626
14151;4078;0,001373626373626373626
14151;4102;0,001373626373626373626
14151;4148;0,001373626373626373626
14151;4225;0,001373626373626373626
14151;4228;0,001373626373626373626
14151;4244;0,001373626373626373626
14151;4269;0,001373626373626373626
14151;4293;0,002747252747252747252
14151;4307;0,001373626373626373626
14151;4309;0,001373626373626373626
14151;4323;0,001373626373626373626
14151;4349;0,001373626373626373626
14151;4377;0,001373626373626373626
14151;4497;0,001373626373626373626
14151;4513;0,001373626373626373626
14151;4526;0,001373626373626373626
14151;4578;0,001373626373626373626
14151;4598;0,001373626373626373626
14151;4621;0,001373626373626373626
14151;4625;0,001373626373626373626
14151;4636;0,001373626373626373626
14151;4681;0,001373626373626373626
14151;4697;0,001373626373626373626
14151;4713;0,001373626373626373626
14151;4720;0,001373626373626373626
14151;4722;0,001373626373626373626
14151;4748;0,001373626373626373626
14151;4749;0,001373626373626373626
14151;4751;0,001373626373626373626
14151;4752;0,001373626373626373626
14151;4754;0,001373626373626373626
14151;4755;0,001373626373626373626
14151;4803;0,001373626373626373626
14151;4852;0,001373626373626373626
14151;4861;0,001373626373626373626
14151;4876;0,001373626373626373626
14151;4935;0,001373626373626373626
14151;4979;0,001373626373626373626
14151;5029;0,001373626373626373626
14151;5053;0,001373626373626373626
14151;5093;0,001373626373626373626
14151;5101;0,001373626373626373626
14151;5138;0,001373626373626373626
14151;5144;0,001373626373626373626
14151;5174;0,001373626373626373626
14151;5180;0,001373626373626373626
14151;5214;0,001373626373626373626
14151;5239;0,001373626373626373626
14151;5250;0,001373626373626373626
14151;5289;0,001373626373626373626
14151;5304;0,001373626373626373626
14151;5309;0,001373626373626373626
14151;5350;0,001373626373626373626
14151;5351;0,001373626373626373626
14151;5383;0,001373626373626373626
14151;5500;0,001373626373626373626
14151;5506;0,001373626373626373626
14151;5523;0,001373626373626373626
14151;5526;0,001373626373626373626
14151;5534;0,001373626373626373626
14151;5543;0,001373626373626373626
14151;5578;0,001373626373626373626
14151;5660;0,001373626373626373626
14151;5681;0,001373626373626373626
14151;5693;0,001373626373626373626
14151;5700;0,001373626373626373626
14151;5784;0,001373626373626373626
14151;5824;0,001373626373626373626
14151;5831;0,001373626373626373626
14151;5833;0,001373626373626373626
14151;5852;0,001373626373626373626
14151;5854;0,001373626373626373626
14151;5856;0,001373626373626373626
14151;5861;0,001373626373626373626
14151;5886;0,001373626373626373626
14151;5892;0,001373626373626373626
14151;5922;0,001373626373626373626
14151;5935;0,001373626373626373626
14151;5967;0,001373626373626373626
14151;6027;0,001373626373626373626
14151;6048;0,001373626373626373626
14151;6151;0,001373626373626373626
14151;6169;0,001373626373626373626
14151;6192;0,001373626373626373626
14151;6234;0,001373626373626373626
14151;6267;0,001373626373626373626
14151;6326;0,001373626373626373626
14151;6440;0,001373626373626373626
14151;6444;0,001373626373626373626
14151;6465;0,001373626373626373626
14151;6468;0,001373626373626373626
14151;6498;0,001373626373626373626
14151;6503;0,001373626373626373626
14151;6535;0,001373626373626373626
14151;6594;0,001373626373626373626
14151;6604;0,001373626373626373626
14151;6624;0,001373626373626373626
14151;6634;0,001373626373626373626
14151;6635;0,001373626373626373626
14151;6666;0,001373626373626373626
14151;6681;0,001373626373626373626
14151;6694;0,001373626373626373626
14151;6746;0,001373626373626373626
14151;6781;0,001373626373626373626
14151;6788;0,001373626373626373626
14151;6828;0,001373626373626373626
14151;6883;0,001373626373626373626
14151;6913;0,001373626373626373626
14151;6930;0,001373626373626373626
14151;6952;0,001373626373626373626
14151;6979;0,001373626373626373626
14151;6980;0,001373626373626373626
14151;6981;0,001373626373626373626
14151;6986;0,001373626373626373626
14151;7131;0,001373626373626373626
14151;7142;0,001373626373626373626
14151;7151;0,001373626373626373626
14151;7209;0,001373626373626373626
14151;7240;0,001373626373626373626
14151;7259;0,001373626373626373626
14151;7260;0,001373626373626373626
14151;7278;0,001373626373626373626
14151;7328;0,001373626373626373626
14151;7418;0,001373626373626373626
14151;7546;0,001373626373626373626
14151;7564;0,001373626373626373626
14151;7574;0,001373626373626373626
14151;7578;0,001373626373626373626
14151;7586;0,001373626373626373626
14151;7626;0,001373626373626373626
14151;7738;0,001373626373626373626
14151;7774;0,001373626373626373626
14151;7788;0,001373626373626373626
14151;7859;0,001373626373626373626
14151;7979;0,001373626373626373626
14151;8044;0,001373626373626373626
14151;8106;0,001373626373626373626
14151;8281;0,001373626373626373626
14151;8373;0,001373626373626373626
14151;8440;0,001373626373626373626
14151;8445;0,001373626373626373626
14151;8447;0,001373626373626373626
14151;8454;0,001373626373626373626
14151;8464;0,001373626373626373626
14151;8478;0,001373626373626373626
14151;8484;0,001373626373626373626
14151;8493;0,001373626373626373626
14151;8618;0,001373626373626373626
14151;8648;0,001373626373626373626
14151;8705;0,001373626373626373626
14151;8730;0,001373626373626373626
14151;8762;0,001373626373626373626
14151;8818;0,001373626373626373626
14151;8826;0,001373626373626373626
14151;8827;0,001373626373626373626
14151;8828;0,001373626373626373626
14151;8829;0,001373626373626373626
14151;8830;0,001373626373626373626
14151;8831;0,001373626373626373626
14151;8832;0,001373626373626373626
14151;8833;0,001373626373626373626
14151;8834;0,001373626373626373626
14151;8835;0,001373626373626373626
14151;8836;0,001373626373626373626
14151;8838;0,001373626373626373626
14151;8839;0,001373626373626373626
14151;8840;0,001373626373626373626
14151;8841;0,001373626373626373626
14151;8842;0,001373626373626373626
14151;8843;0,001373626373626373626
14151;8844;0,001373626373626373626
14151;8845;0,001373626373626373626
14151;8847;0,001373626373626373626
14151;8849;0,001373626373626373626
14151;8850;0,001373626373626373626
14151;8852;0,001373626373626373626
14151;8853;0,001373626373626373626
14151;8854;0,001373626373626373626
14151;8855;0,001373626373626373626
14151;8856;0,001373626373626373626
14151;8858;0,001373626373626373626
14151;8859;0,001373626373626373626
14151;8860;0,001373626373626373626
14151;8861;0,001373626373626373626
14151;8862;0,001373626373626373626
14151;8863;0,001373626373626373626
14151;8865;0,001373626373626373626
14151;8866;0,001373626373626373626
14151;8867;0,001373626373626373626
14151;8869;0,001373626373626373626
14151;8870;0,001373626373626373626
14151;8871;0,001373626373626373626
14151;8872;0,001373626373626373626
14151;8873;0,001373626373626373626
14151;8874;0,001373626373626373626
14151;8875;0,001373626373626373626
14151;8877;0,001373626373626373626
14151;8878;0,001373626373626373626
14151;8879;0,001373626373626373626
14151;8899;0,001373626373626373626
14151;8902;0,001373626373626373626
14151;8933;0,001373626373626373626
14151;9088;0,001373626373626373626
14151;9114;0,001373626373626373626
14151;9159;0,001373626373626373626
14151;9208;0,001373626373626373626
14151;9230;0,001373626373626373626
14151;9274;0,001373626373626373626
14151;9345;0,001373626373626373626
14151;9385;0,001373626373626373626
14151;9396;0,001373626373626373626
14151;9405;0,001373626373626373626
14151;9419;0,001373626373626373626
14151;9421;0,001373626373626373626
14151;9510;0,001373626373626373626
14151;9554;0,001373626373626373626
14151;9657;0,001373626373626373626
14151;9665;0,001373626373626373626
14151;9681;0,001373626373626373626
14151;9762;0,001373626373626373626
14151;9805;0,001373626373626373626
14151;9831;0,001373626373626373626
14151;9832;0,001373626373626373626
14151;9940;0,001373626373626373626
14151;9951;0,001373626373626373626
14151;9968;0,001373626373626373626
14151;9982;0,001373626373626373626
14151;10000;0,001373626373626373626
14151;10080;0,001373626373626373626
14151;10085;0,001373626373626373626
14151;10169;0,001373626373626373626
14151;10390;0,001373626373626373626
14151;10602;0,001373626373626373626
14151;10604;0,001373626373626373626
14151;10633;0,002747252747252747252
14151;10649;0,001373626373626373626
14151;10682;0,001373626373626373626
14151;10740;0,001373626373626373626
14151;10823;0,001373626373626373626
14151;10892;0,001373626373626373626
14151;11213;0,001373626373626373626
14151;11263;0,001373626373626373626
14151;11330;0,001373626373626373626
14151;11382;0,001373626373626373626
14151;11415;0,001373626373626373626
14151;11476;0,001373626373626373626
14151;11536;0,001373626373626373626
14151;11902;0,001373626373626373626
14151;11999;0,001373626373626373626
14151;12159;0,001373626373626373626
14151;12176;0,001373626373626373626
14151;12333;0,001373626373626373626
14151;12362;0,001373626373626373626
14151;12372;0,001373626373626373626
14151;12387;0,001373626373626373626
14151;12395;0,001373626373626373626
14151;12500;0,001373626373626373626
14151;12712;0,001373626373626373626
14151;12768;0,001373626373626373626
14151;12775;0,001373626373626373626
14151;12798;0,001373626373626373626
14151;12820;0,001373626373626373626
14151;12876;0,001373626373626373626
14151;12880;0,001373626373626373626
14151;13006;0,001373626373626373626
14151;13035;0,001373626373626373626
14151;13041;0,001373626373626373626
14151;13054;0,001373626373626373626
14151;13291;0,001373626373626373626
14151;13292;0,001373626373626373626
14151;13310;0,001373626373626373626
14151;13369;0,001373626373626373626
14151;13372;0,001373626373626373626
14151;13398;0,001373626373626373626
14151;13496;0,001373626373626373626
14151;13713;0,001373626373626373626
14151;13796;0,001373626373626373626
14151;13799;0,001373626373626373626
14151;13814;0,001373626373626373626
14151;13886;0,001373626373626373626
14151;14073;0,001373626373626373626
14151;14269;0,001373626373626373626
14151;14465;0,001373626373626373626
14151;14826;0,001373626373626373626
14151;14827;0,001373626373626373626
14151;15207;0,001373626373626373626
14151;15437;0,001373626373626373626
14151;15889;0,001373626373626373626
14151;15975;0,001373626373626373626
14151;16487;0,001373626373626373626
14151;16644;0,001373626373626373626
14151;16786;0,001373626373626373626
14151;16815;0,001373626373626373626
14151;16866;0,001373626373626373626
14151;17268;0,001373626373626373626
14151;17274;0,001373626373626373626
14151;17426;0,001373626373626373626
14151;17587;0,001373626373626373626
14151;17603;0,001373626373626373626
14151;17720;0,001373626373626373626
14151;17826;0,001373626373626373626
14151;17930;0,001373626373626373626
14151;18247;0,001373626373626373626
14151;18258;0,001373626373626373626
14151;18979;0,001373626373626373626
14151;19031;0,001373626373626373626
14151;19176;0,001373626373626373626
14151;19186;0,001373626373626373626
14151;19198;0,001373626373626373626
14151;20666;0,001373626373626373626
14151;20668;0,001373626373626373626
14151;20770;0,001373626373626373626
14151;20801;0,001373626373626373626
14151;20915;0,001373626373626373626
14151;21396;0,001373626373626373626
14151;21470;0,001373626373626373626
14151;21496;0,001373626373626373626
14151;21597;0,001373626373626373626
14151;21684;0,001373626373626373626
14151;21750;0,001373626373626373626
14151;23096;0,001373626373626373626
14151;23419;0,001373626373626373626
14151;23928;0,001373626373626373626
14151;24370;0,001373626373626373626
14151;24371;0,001373626373626373626
14151;24536;0,001373626373626373626
14151;24837;0,001373626373626373626
14151;24838;0,001373626373626373626
14151;24839;0,001373626373626373626
14151;25653;0,001373626373626373626
14151;26347;0,001373626373626373626
14151;26354;0,001373626373626373626
14151;26502;0,001373626373626373626
14151;27079;0,001373626373626373626
14151;27173;0,001373626373626373626
14151;27286;0,001373626373626373626
14151;27390;0,001373626373626373626
14151;27422;0,001373626373626373626
14151;27512;0,001373626373626373626
14151;27557;0,001373626373626373626
14151;27588;0,001373626373626373626
14151;27639;0,001373626373626373626
14151;27837;0,001373626373626373626
14151;27841;0,001373626373626373626
14151;27857;0,001373626373626373626
14151;27862;0,001373626373626373626
14151;27865;0,001373626373626373626
14151;27892;0,001373626373626373626
14151;27893;0,001373626373626373626
14151;27938;0,001373626373626373626
14151;27984;0,001373626373626373626
14151;28372;0,001373626373626373626
14151;28405;0,001373626373626373626
14151;28457;0,001373626373626373626
14151;28467;0,001373626373626373626
14151;28523;0,001373626373626373626
14151;28544;0,001373626373626373626
14151;28580;0,001373626373626373626
14151;28598;0,001373626373626373626
14151;28914;0,001373626373626373626
14151;28993;0,001373626373626373626
14151;29014;0,001373626373626373626
14151;29376;0,001373626373626373626
14151;29796;0,001373626373626373626
14151;31885;0,001373626373626373626
14151;34696;0,001373626373626373626
14151;41565;0,001373626373626373626
14151;44336;0,001373626373626373626
14151;45837;0,001373626373626373626
14151;48862;0,001373626373626373626
14151;53224;0,001373626373626373626
14151;54440;0,001373626373626373626
14151;56195;0,001373626373626373626
14151;56282;0,001373626373626373626
14151;58138;0,001373626373626373626
14151;59522;0,001373626373626373626
14151;67275;0,001373626373626373626
14151;67591;0,001373626373626373626
14151;67593;0,001373626373626373626
14151;76695;0,001373626373626373626
14151;94073;0,001373626373626373626
14151;113365;0,001373626373626373626
14151;119483;0,001373626373626373626
14151;135123;0,001373626373626373626
14151;137801;0,001373626373626373626
14151;144425;0,002747252747252747252
14151;146155;0,001373626373626373626
14151;152076;0,001373626373626373626
14151;157551;0,001373626373626373626
14151;219132;0,001373626373626373626
14151;219255;0,001373626373626373626
14151;238453;0,001373626373626373626
14151;239963;0,001373626373626373626
14151;239964;0,001373626373626373626
14151;239965;0,001373626373626373626
14151;239966;0,001373626373626373626
14151;239969;0,001373626373626373626
14151;247698;0,001373626373626373626
14151;248831;0,001373626373626373626
14151;248834;0,001373626373626373626
14151;248835;0,001373626373626373626
14151;248836;0,001373626373626373626
14151;248837;0,001373626373626373626
14151;248841;0,001373626373626373626
14151;251573;0,001373626373626373626
14151;253384;0,001373626373626373626
14151;255463;0,001373626373626373626
14151;255726;0,001373626373626373626
14151;255740;0,001373626373626373626
14151;255741;0,001373626373626373626
14151;255863;0,001373626373626373626
14151;255899;0,001373626373626373626
14151;256235;0,001373626373626373626
14151;256804;0,001373626373626373626
14151;256951;0,001373626373626373626
14151;257158;0,001373626373626373626
14151;257324;0,001373626373626373626
14151;259341;0,001373626373626373626
14151;259342;0,001373626373626373626
14151;276505;0,001373626373626373626
14151;276695;0,001373626373626373626
14151;276780;0,001373626373626373626
14151;276963;0,001373626373626373626
14151;278192;0,001373626373626373626
14151;278351;0,001373626373626373626
14151;280033;0,001373626373626373626
14151;281067;0,001373626373626373626
14151;281170;0,001373626373626373626
14151;283281;0,001373626373626373626
14151;283633;0,001373626373626373626
14151;283635;0,001373626373626373626
14151;283636;0,001373626373626373626
14151;283638;0,001373626373626373626
14151;283639;0,001373626373626373626
14151;284852;0,001373626373626373626
14151;284853;0,001373626373626373626
14151;284854;0,001373626373626373626
14151;284855;0,001373626373626373626
14151;284856;0,001373626373626373626
14151;286660;0,001373626373626373626
14151;286988;0,001373626373626373626
14151;308238;0,001373626373626373626
14151;309580;0,001373626373626373626
14151;313473;0,001373626373626373626
14151;318787;0,001373626373626373626
14151;321112;0,001373626373626373626
14151;321395;0,001373626373626373626
14151;324897;0,001373626373626373626
14151;325286;0,001373626373626373626
14151;325535;0,001373626373626373626
14151;326192;0,001373626373626373626
14151;327099;0,001373626373626373626
14151;327858;0,001373626373626373626
14151;327859;0,001373626373626373626
14151;328526;0,001373626373626373626
14151;330168;0,001373626373626373626
14151;331627;0,001373626373626373626
14151;334818;0,001373626373626373626
14151;334820;0,001373626373626373626
14151;335189;0,001373626373626373626
14151;336063;0,001373626373626373626
14151;336640;0,001373626373626373626
14151;343358;0,001373626373626373626
14151;343424;0,001373626373626373626
14151;352262;0,001373626373626373626
14151;353698;0,001373626373626373626
14151;353914;0,001373626373626373626
14151;355336;0,001373626373626373626
14151;357817;0,001373626373626373626
14151;365524;0,001373626373626373626
14151;365531;0,001373626373626373626
14151;365532;0,001373626373626373626
14151;365533;0,001373626373626373626
14151;365534;0,001373626373626373626
14151;365535;0,001373626373626373626
14151;365536;0,001373626373626373626
14151;366869;0,001373626373626373626
14151;367121;0,001373626373626373626
14151;367451;0,001373626373626373626
14151;368117;0,001373626373626373626
14151;372528;0,001373626373626373626
14151;373924;0,001373626373626373626
14151;377026;0,001373626373626373626
14151;381254;0,001373626373626373626
14151;382779;0,001373626373626373626
14151;409930;0,001373626373626373626
14151;413321;0,001373626373626373626
14151;418454;0,001373626373626373626
14151;423622;0,001373626373626373626
14151;432293;0,001373626373626373626
14151;437540;0,001373626373626373626
14151;440566;0,001373626373626373626
14151;458190;0,001373626373626373626
14151;589508;0,001373626373626373626
14151;636487;0,001373626373626373626
14151;657590;0,001373626373626373626
14269;2932;1,000000000000000000000
14526;2694;1,000000000000000000000
14803;3567;1,000000000000000000000
14899;6903;1,000000000000000000000
15048;5171;1,000000000000000000000
15444;334;1,000000000000000000000
15471;731;0,583333333333333333333
15471;3829;0,250000000000000000000
15471;95154;0,166666666666666666666
15643;427;0,500000000000000000000
15643;20235;0,500000000000000000000
15867;3618;1,000000000000000000000
15975;9905;1,000000000000000000000
16076;5119;0,500000000000000000000
16076;9720;0,500000000000000000000
16487;12964;1,000000000000000000000
16497;1041;0,200000000000000000000
16497;1771;0,400000000000000000000
16497;6881;0,200000000000000000000
16497;27062;0,200000000000000000000
16644;911;0,666666666666666666666
16644;1109;0,333333333333333333333
17047;1329;0,200000000000000000000
17047;5831;0,600000000000000000000
17047;9431;0,200000000000000000000
17248;3320;1,000000000000000000000
17269;418;0,500000000000000000000
17269;851827;0,500000000000000000000
17270;504;1,000000000000000000000
17549;27674;1,000000000000000000000
17584;8928;1,000000000000000000000
17596;12816;1,000000000000000000000
17634;16527;1,000000000000000000000
17665;1681;1,000000000000000000000
17678;3212;1,000000000000000000000
17727;988;0,500000000000000000000
17727;5350;0,500000000000000000000
17762;2794;1,000000000000000000000
18247;6581;1,000000000000000000000
18258;5437;1,000000000000000000000
18517;1187;0,500000000000000000000
18517;1709;0,500000000000000000000
18641;1406;0,090909090909090909090
18641;1591;0,090909090909090909090
18641;2863;0,090909090909090909090
18641;3045;0,090909090909090909090
18641;4821;0,090909090909090909090
18641;8630;0,090909090909090909090
18641;9721;0,090909090909090909090
18641;13599;0,090909090909090909090
18641;26705;0,090909090909090909090
18641;59745;0,181818181818181818181
19031;2919;0,500000000000000000000
19031;7759;0,500000000000000000000
19176;4876;1,000000000000000000000
20216;5626;1,000000000000000000000
20235;391;0,090909090909090909090
20235;443;0,090909090909090909090
20235;911;0,045454545454545454545
20235;960;0,045454545454545454545
20235;1278;0,045454545454545454545
20235;4491;0,045454545454545454545
20235;10188;0,090909090909090909090
20235;13265;0,045454545454545454545
20235;15643;0,181818181818181818181
20235;134008;0,272727272727272727272
20235;219164;0,045454545454545454545
20307;2287;0,666666666666666666666
20307;9068;0,333333333333333333333
20436;4374;1,000000000000000000000
20474;5693;0,500000000000000000000
20474;15726;0,500000000000000000000
20843;2364;1,000000000000000000000
20915;1563;0,200000000000000000000
20915;3867;0,200000000000000000000
20915;6634;0,200000000000000000000
20915;27810;0,400000000000000000000
21112;14010;1,000000000000000000000
21734;2961;1,000000000000000000000
22123;4435;0,500000000000000000000
22123;8985;0,500000000000000000000
22211;1471;1,000000000000000000000
23886;437;0,500000000000000000000
23886;3427;0,500000000000000000000
24049;983;0,100000000000000000000
24049;1033;0,100000000000000000000
24049;1118;0,100000000000000000000
24049;1482;0,100000000000000000000
24049;2445;0,100000000000000000000
24049;3876;0,100000000000000000000
24049;3877;0,100000000000000000000
24049;4463;0,100000000000000000000
24049;8050;0,100000000000000000000
24049;28570;0,100000000000000000000
24254;3256;0,666666666666666666666
24254;9019;0,333333333333333333333
24536;7015;0,500000000000000000000
24536;326192;0,500000000000000000000
25264;1094;0,500000000000000000000
25264;4476;0,500000000000000000000
25849;14;0,200000000000000000000
25849;2059;0,400000000000000000000
25849;9406;0,200000000000000000000
25849;9686;0,200000000000000000000
26267;8928;1,000000000000000000000
27062;4472;1,000000000000000000000
27175;1131;0,500000000000000000000
27175;1220;0,500000000000000000000
27269;1014;0,166666666666666666666
27269;1700;0,333333333333333333333
27269;1883;0,166666666666666666666
27269;3648;0,166666666666666666666
27269;9951;0,166666666666666666666
27558;131;1,000000000000000000000
27619;27603;0,500000000000000000000
27619;27610;0,500000000000000000000
27672;4359;1,000000000000000000000
27674;1678;0,500000000000000000000
27674;17549;0,500000000000000000000
27700;2195;1,000000000000000000000
27763;65;0,071428571428571428571
27763;190;0,071428571428571428571
27763;877;0,071428571428571428571
27763;878;0,071428571428571428571
27763;1109;0,071428571428571428571
27763;2071;0,071428571428571428571
27763;2212;0,071428571428571428571
27763;2216;0,071428571428571428571
27763;2223;0,071428571428571428571
27763;2504;0,071428571428571428571
27763;3085;0,071428571428571428571
27763;9424;0,071428571428571428571
27763;17502;0,071428571428571428571
27763;151009;0,071428571428571428571
27810;20915;1,000000000000000000000
27861;955;1,000000000000000000000
28184;273;0,500000000000000000000
28184;1220;0,500000000000000000000
28250;13265;1,000000000000000000000
28397;35;1,000000000000000000000
28464;239964;1,000000000000000000000
28602;1089;1,000000000000000000000
28699;5392;1,000000000000000000000
28780;2863;1,000000000000000000000
28822;4476;1,000000000000000000000
28826;2489;0,500000000000000000000
28826;157662;0,500000000000000000000
28970;8928;1,000000000000000000000
29376;671388;1,000000000000000000000
29796;19199;1,000000000000000000000
30696;2850;0,500000000000000000000
30696;11415;0,250000000000000000000
30696;94073;0,250000000000000000000
31343;2461;1,000000000000000000000
31885;3176;0,444444444444444444444
31885;7802;0,111111111111111111111
31885;184987;0,444444444444444444444
33843;1228;1,000000000000000000000
37811;30811;1,000000000000000000000
37812;8928;0,285714285714285714285
37812;9668;0,714285714285714285714
37815;30811;1,000000000000000000000
38588;3235;1,000000000000000000000
38589;625;0,362068965517241379310
38589;3528;0,172413793103448275862
38589;6203;0,465517241379310344827
38738;11552;1,000000000000000000000
41776;138;0,142857142857142857142
41776;861;0,285714285714285714285
41776;1591;0,142857142857142857142
41776;1945;0,142857142857142857142
41776;2450;0,142857142857142857142
41776;26479;0,142857142857142857142
42103;651622;1,000000000000000000000
42210;1439;1,000000000000000000000
44336;2664;1,000000000000000000000
45604;1439;1,000000000000000000000
45724;404510;1,000000000000000000000
45837;5610;0,500000000000000000000
45837;8858;0,500000000000000000000
47352;1439;0,500000000000000000000
47352;95154;0,500000000000000000000
48255;66;1,000000000000000000000
48862;669;1,000000000000000000000
50332;978;1,000000000000000000000
50959;5083;1,000000000000000000000
53224;4861;0,333333333333333333333
53224;11415;0,333333333333333333333
53224;484680;0,333333333333333333333
54879;2445;1,000000000000000000000
59745;172;0,176470588235294117647
59745;277;0,088235294117647058823
59745;444;0,029411764705882352941
59745;689;0,029411764705882352941
59745;1169;0,147058823529411764705
59745;1250;0,029411764705882352941
59745;1277;0,029411764705882352941
59745;2697;0,029411764705882352941
59745;2744;0,029411764705882352941
59745;2863;0,029411764705882352941
59745;3427;0,029411764705882352941
59745;10359;0,029411764705882352941
59745;18641;0,058823529411764705882
59745;59841;0,058823529411764705882
59745;78108;0,029411764705882352941
59745;112314;0,058823529411764705882
59745;349041;0,058823529411764705882
59745;366089;0,029411764705882352941
59745;408414;0,029411764705882352941
59841;602;0,021276595744680851063
59841;846;0,042553191489361702127
59841;1169;0,021276595744680851063
59841;1171;0,021276595744680851063
59841;1250;0,021276595744680851063
59841;2512;0,234042553191489361702
59841;2863;0,021276595744680851063
59841;4719;0,085106382978723404255
59841;8715;0,021276595744680851063
59841;59745;0,042553191489361702127
59841;131383;0,021276595744680851063
59841;192866;0,382978723404255319148
59841;764124;0,063829787234042553191
65998;2175;0,250000000000000000000
65998;4145;0,416666666666666666666
65998;66075;0,250000000000000000000
65998;715172;0,083333333333333333333
66075;715172;1,000000000000000000000
71224;13265;1,000000000000000000000
71411;75828;1,000000000000000000000
75827;748;0,333333333333333333333
75827;75828;0,666666666666666666666
75828;71411;0,800000000000000000000
75828;75827;0,200000000000000000000
76428;28517;1,000000000000000000000
78108;1225;0,400000000000000000000
78108;906176;0,200000000000000000000
78108;940328;0,400000000000000000000
94073;30696;1,000000000000000000000
95154;15471;0,500000000000000000000
95154;47352;0,500000000000000000000
98841;517;0,166666666666666666666
98841;1944;0,166666666666666666666
98841;3095;0,500000000000000000000
98841;3523;0,166666666666666666666
110738;727;1,000000000000000000000
112062;749;1,000000000000000000000
112314;3105;0,250000000000000000000
112314;27615;0,500000000000000000000
112314;59745;0,250000000000000000000
113365;5610;1,000000000000000000000
113392;131;0,250000000000000000000
113392;148;0,250000000000000000000
113392;288;0,125000000000000000000
113392;642;0,125000000000000000000
113392;3212;0,250000000000000000000
113459;520;1,000000000000000000000
114536;437;0,500000000000000000000
114536;8213;0,250000000000000000000
114536;12865;0,250000000000000000000
116140;441;0,066666666666666666666
116140;517;0,133333333333333333333
116140;1117;0,133333333333333333333
116140;3395;0,066666666666666666666
116140;5679;0,266666666666666666666
116140;8253;0,133333333333333333333
116140;474028;0,066666666666666666666
116140;704910;0,133333333333333333333
119973;1833;0,066666666666666666666
119973;1893;0,066666666666666666666
119973;1894;0,066666666666666666666
119973;2264;0,066666666666666666666
119973;2493;0,066666666666666666666
119973;2494;0,066666666666666666666
119973;2877;0,066666666666666666666
119973;2993;0,133333333333333333333
119973;3496;0,066666666666666666666
119973;3515;0,066666666666666666666
119973;3825;0,066666666666666666666
119973;8373;0,066666666666666666666
119973;12563;0,066666666666666666666
119973;373924;0,066666666666666666666
125861;431565;1,000000000000000000000
131383;846;0,500000000000000000000
131383;743909;0,500000000000000000000
135596;2223;0,666666666666666666666
135596;13265;0,333333333333333333333
136664;281;0,666666666666666666666
136664;1692;0,333333333333333333333
137801;1141;1,000000000000000000000
139869;3465;1,000000000000000000000
140271;644;1,000000000000000000000
144425;3219;1,000000000000000000000
151009;90;0,071428571428571428571
151009;906;0,071428571428571428571
151009;1475;0,071428571428571428571
151009;2998;0,071428571428571428571
151009;3991;0,071428571428571428571
151009;4720;0,071428571428571428571
151009;5437;0,071428571428571428571
151009;5629;0,071428571428571428571
151009;9382;0,071428571428571428571
151009;9393;0,071428571428571428571
151009;9839;0,071428571428571428571
151009;10649;0,071428571428571428571
151009;18258;0,071428571428571428571
151009;57838;0,071428571428571428571
156500;934;0,500000000000000000000
156500;7874;0,500000000000000000000
157662;2834;1,000000000000000000000
160268;759294;1,000000000000000000000
163510;1342;1,000000000000000000000
173893;50332;1,000000000000000000000
179346;1508;1,000000000000000000000
184646;2500;1,000000000000000000000
184987;3962;1,000000000000000000000
189452;1171;0,750000000000000000000
189452;4376;0,250000000000000000000
192866;71;0,023809523809523809523
192866;845;0,095238095238095238095
192866;846;0,190476190476190476190
192866;2512;0,071428571428571428571
192866;4719;0,238095238095238095238
192866;59841;0,380952380952380952380
193005;336640;1,000000000000000000000
238453;1065;1,000000000000000000000
239964;28464;1,000000000000000000000
239965;1065;0,250000000000000000000
239965;19198;0,125000000000000000000
239965;19199;0,250000000000000000000
239965;29796;0,125000000000000000000
239965;239963;0,250000000000000000000
239969;796;0,090909090909090909090
239969;3082;0,090909090909090909090
239969;19199;0,090909090909090909090
239969;239963;0,636363636363636363636
239969;764124;0,090909090909090909090
239970;1065;1,000000000000000000000
245879;1154;0,125000000000000000000
245879;1342;0,250000000000000000000
245879;1898;0,125000000000000000000
245879;2293;0,125000000000000000000
245879;3045;0,125000000000000000000
245879;4747;0,250000000000000000000
248831;248834;0,500000000000000000000
248831;328526;0,500000000000000000000
248832;248836;1,000000000000000000000
248835;3741;1,000000000000000000000
248836;6006;1,000000000000000000000
248838;761;1,000000000000000000000
248840;520;0,500000000000000000000
248840;1314;0,500000000000000000000
248841;66;1,000000000000000000000
254306;772;1,000000000000000000000
255740;5054;0,500000000000000000000
255740;12430;0,500000000000000000000
255863;1516;1,000000000000000000000
256235;28021;1,000000000000000000000
256804;4451;1,000000000000000000000
256951;3169;1,000000000000000000000
259831;13265;1,000000000000000000000
276505;5367;1,000000000000000000000
276695;237;1,000000000000000000000
276780;817;0,250000000000000000000
276780;918;0,250000000000000000000
276780;3204;0,250000000000000000000
276780;5264;0,250000000000000000000
278351;706;0,500000000000000000000
278351;74054;0,500000000000000000000
281067;1499;1,000000000000000000000
281170;285;0,333333333333333333333
281170;615;0,333333333333333333333
281170;2515;0,333333333333333333333
283281;687941;1,000000000000000000000
283633;182;1,000000000000000000000
283636;283635;1,000000000000000000000
283638;48;0,200000000000000000000
283638;85;0,200000000000000000000
283638;254;0,200000000000000000000
283638;771;0,200000000000000000000
283638;3857;0,200000000000000000000
284854;2504;0,666666666666666666666
284854;7759;0,333333333333333333333
286660;3033;0,500000000000000000000
286660;9390;0,500000000000000000000
308238;7759;0,833333333333333333333
308238;13265;0,166666666666666666666
309580;5632;1,000000000000000000000
311584;622466;1,000000000000000000000
321395;3515;1,000000000000000000000
326192;4;0,666666666666666666666
326192;4374;0,333333333333333333333
327859;2419;1,000000000000000000000
328526;49722;1,000000000000000000000
331627;38;1,000000000000000000000
333184;13265;1,000000000000000000000
335189;2794;0,333333333333333333333
335189;484680;0,666666666666666666666
336063;5171;1,000000000000000000000
336640;1637;1,000000000000000000000
343424;6812;0,500000000000000000000
343424;442813;0,500000000000000000000
343719;13265;1,000000000000000000000
349041;194;0,086956521739130434782
349041;983;0,086956521739130434782
349041;1754;0,086956521739130434782
349041;59745;0,130434782608695652173
349041;1036379;0,608695652173913043478
352262;190;0,285714285714285714285
352262;1066;0,285714285714285714285
352262;1121;0,142857142857142857142
352262;2359;0,285714285714285714285
352420;911;1,000000000000000000000
353446;13265;1,000000000000000000000
355594;5214;1,000000000000000000000
357817;40;0,083333333333333333333
357817;1192;0,083333333333333333333
357817;1429;0,083333333333333333333
357817;1785;0,083333333333333333333
357817;2080;0,083333333333333333333
357817;2083;0,083333333333333333333
357817;2614;0,083333333333333333333
357817;4621;0,083333333333333333333
357817;8003;0,083333333333333333333
357817;10338;0,083333333333333333333
357817;25488;0,083333333333333333333
357817;40961;0,083333333333333333333
365536;2678;1,000000000000000000000
366089;138;0,222222222222222222222
366089;454;0,111111111111111111111
366089;520;0,111111111111111111111
366089;983;0,111111111111111111111
366089;3523;0,111111111111111111111
366089;59745;0,333333333333333333333
366867;190;0,090909090909090909090
366867;1182;0,090909090909090909090
366867;1600;0,090909090909090909090
366867;1997;0,090909090909090909090
366867;2600;0,090909090909090909090
366867;3142;0,090909090909090909090
366867;4345;0,090909090909090909090
366867;6189;0,090909090909090909090
366867;6213;0,090909090909090909090
366867;10649;0,090909090909090909090
366867;18695;0,090909090909090909090
367121;1127;1,000000000000000000000
367451;1949;0,500000000000000000000
367451;4933;0,500000000000000000000
368117;7399;0,333333333333333333333
368117;7748;0,666666666666666666666
372528;3104;1,000000000000000000000
373677;1041;0,142857142857142857142
373677;1042;0,142857142857142857142
373677;1190;0,142857142857142857142
373677;1220;0,285714285714285714285
373677;2275;0,285714285714285714285
374246;135;0,200000000000000000000
374246;266;0,200000000000000000000
374246;558;0,200000000000000000000
374246;2657;0,200000000000000000000
374246;5440;0,200000000000000000000
380454;494193;1,000000000000000000000
381277;407;1,000000000000000000000
387437;6881;0,500000000000000000000
387437;13850;0,500000000000000000000
388810;964;0,333333333333333333333
388810;9940;0,666666666666666666666
393418;37;0,300000000000000000000
393418;296;0,400000000000000000000
393418;891;0,300000000000000000000
398787;749;0,400000000000000000000
398787;845;0,200000000000000000000
398787;1724;0,200000000000000000000
398787;398786;0,200000000000000000000
403195;747;1,000000000000000000000
404510;45724;1,000000000000000000000
408414;289;0,050000000000000000000
408414;475;0,050000000000000000000
408414;812;0,050000000000000000000
408414;1064;0,050000000000000000000
408414;1169;0,200000000000000000000
408414;1563;0,050000000000000000000
408414;1610;0,050000000000000000000
408414;1705;0,050000000000000000000
408414;2196;0,050000000000000000000
408414;2506;0,050000000000000000000
408414;2826;0,050000000000000000000
408414;7994;0,050000000000000000000
408414;8580;0,050000000000000000000
408414;59745;0,100000000000000000000
408414;529797;0,050000000000000000000
408414;764124;0,050000000000000000000
411116;13048;1,000000000000000000000
412984;19190;1,000000000000000000000
423971;4583;1,000000000000000000000
431565;2364;0,333333333333333333333
431565;20648;0,333333333333333333333
431565;125861;0,333333333333333333333
434991;454;0,045454545454545454545
434991;520;0,045454545454545454545
434991;964;0,045454545454545454545
434991;1340;0,090909090909090909090
434991;1689;0,045454545454545454545
434991;1949;0,045454545454545454545
434991;2099;0,045454545454545454545
434991;2139;0,045454545454545454545
434991;2182;0,045454545454545454545
434991;2191;0,045454545454545454545
434991;2445;0,045454545454545454545
434991;2657;0,045454545454545454545
434991;3189;0,045454545454545454545
434991;3235;0,045454545454545454545
434991;4501;0,045454545454545454545
434991;5800;0,045454545454545454545
434991;6213;0,045454545454545454545
434991;7660;0,045454545454545454545
434991;27870;0,045454545454545454545
434991;54879;0,090909090909090909090
442813;266;0,571428571428571428571
442813;2274;0,142857142857142857142
442813;13814;0,142857142857142857142
442813;343424;0,142857142857142857142
453859;700;1,000000000000000000000
459252;1239;1,000000000000000000000
471750;266;0,500000000000000000000
471750;738;0,500000000000000000000
484680;115;0,666666666666666666666
484680;689;0,333333333333333333333
494193;380454;1,000000000000000000000
507180;668;0,333333333333333333333
507180;719;0,666666666666666666666
511019;1117;1,000000000000000000000
525330;877;0,055555555555555555555
525330;878;0,055555555555555555555
525330;883;0,055555555555555555555
525330;887;0,055555555555555555555
525330;1044;0,055555555555555555555
525330;2214;0,055555555555555555555
525330;2215;0,055555555555555555555
525330;3403;0,055555555555555555555
525330;4765;0,055555555555555555555
525330;5459;0,055555555555555555555
525330;6624;0,055555555555555555555
525330;7780;0,055555555555555555555
525330;9434;0,055555555555555555555
525330;10740;0,055555555555555555555
525330;12798;0,055555555555555555555
525330;20669;0,055555555555555555555
525330;173632;0,055555555555555555555
525330;329359;0,055555555555555555555
529797;174;0,333333333333333333333
529797;1402;0,333333333333333333333
529797;343087;0,333333333333333333333
533247;190;0,125000000000000000000
533247;497;0,125000000000000000000
533247;2059;0,125000000000000000000
533247;2272;0,125000000000000000000
533247;2385;0,125000000000000000000
533247;5367;0,250000000000000000000
533247;9441;0,125000000000000000000
547774;3143;1,000000000000000000000
559679;3085;1,000000000000000000000
584314;1181;0,666666666666666666666
584314;5013;0,166666666666666666666
584314;21268;0,166666666666666666666
604246;2043;0,333333333333333333333
604246;2731;0,333333333333333333333
604246;8513;0,333333333333333333333
604484;131;1,000000000000000000000
606566;2844;0,500000000000000000000
606566;3747;0,500000000000000000000
606725;865;1,000000000000000000000
612735;6960;0,500000000000000000000
612735;27672;0,500000000000000000000
622466;642;0,750000000000000000000
622466;311584;0,250000000000000000000
623129;277;0,153846153846153846153
623129;845;0,384615384615384615384
623129;982;0,153846153846153846153
623129;1041;0,076923076923076923076
623129;1065;0,153846153846153846153
623129;131383;0,076923076923076923076
642255;111;0,026315789473684210526
642255;281;0,026315789473684210526
642255;452;0,026315789473684210526
642255;530;0,026315789473684210526
642255;668;0,157894736842105263157
642255;719;0,026315789473684210526
642255;819;0,026315789473684210526
642255;876;0,184210526315789473684
642255;1025;0,026315789473684210526
642255;1116;0,026315789473684210526
642255;1129;0,105263157894736842105
642255;1130;0,026315789473684210526
642255;1370;0,026315789473684210526
642255;1391;0,026315789473684210526
642255;1647;0,052631578947368421052
642255;2436;0,078947368421052631578
642255;4173;0,052631578947368421052
642255;23720;0,026315789473684210526
642255;693032;0,026315789473684210526
642255;791903;0,026315789473684210526
653504;885;0,066666666666666666666
653504;1340;0,066666666666666666666
653504;1831;0,066666666666666666666
653504;1963;0,066666666666666666666
653504;2111;0,200000000000000000000
653504;3235;0,066666666666666666666
653504;3557;0,066666666666666666666
653504;5329;0,066666666666666666666
653504;10188;0,133333333333333333333
653504;37815;0,133333333333333333333
653504;38738;0,066666666666666666666
665791;642255;1,000000000000000000000
671388;29376;1,000000000000000000000
687941;7;0,066666666666666666666
687941;638;0,066666666666666666666
687941;1587;0,066666666666666666666
687941;2078;0,066666666666666666666
687941;3496;0,066666666666666666666
687941;3667;0,066666666666666666666
687941;6930;0,066666666666666666666
687941;7585;0,066666666666666666666
687941;17260;0,066666666666666666666
687941;17262;0,066666666666666666666
687941;17267;0,066666666666666666666
687941;28475;0,066666666666666666666
687941;28506;0,066666666666666666666
687941;283281;0,066666666666666666666
687941;327099;0,066666666666666666666
693032;1116;0,214285714285714285714
693032;1129;0,071428571428571428571
693032;1370;0,357142857142857142857
693032;23720;0,142857142857142857142
693032;791903;0,214285714285714285714
708789;866;1,000000000000000000000
714174;1352;1,000000000000000000000
715172;66075;1,000000000000000000000
725179;1589;1,000000000000000000000
743909;945;0,333333333333333333333
743909;17280;0,333333333333333333333
743909;131383;0,333333333333333333333
744171;1591;1,000000000000000000000
744732;1182;0,200000000000000000000
744732;8442;0,400000000000000000000
744732;160268;0,400000000000000000000
747808;65;0,111111111111111111111
747808;1286;0,222222222222222222222
747808;1754;0,333333333333333333333
747808;1762;0,111111111111111111111
747808;7626;0,111111111111111111111
747808;257158;0,111111111111111111111
758567;17665;1,000000000000000000000
764124;1589;0,125000000000000000000
764124;2607;0,125000000000000000000
764124;16527;0,125000000000000000000
764124;59841;0,250000000000000000000
764124;98068;0,125000000000000000000
764124;119483;0,125000000000000000000
764124;239969;0,125000000000000000000
765984;2115;1,000000000000000000000
791903;281;0,142857142857142857142
791903;1129;0,142857142857142857142
791903;1370;0,428571428571428571428
791903;693032;0,285714285714285714285
851827;865;0,666666666666666666666
851827;945;0,166666666666666666666
851827;659899;0,166666666666666666666
883847;157662;1,000000000000000000000
891311;479;1,000000000000000000000
898658;2800;0,500000000000000000000
898658;2851;0,500000000000000000000
906176;695;0,117647058823529411764
906176;3523;0,176470588235294117647
906176;78108;0,117647058823529411764
906176;366089;0,117647058823529411764
906176;940328;0,470588235294117647058
931417;232;0,142857142857142857142
931417;1562;0,142857142857142857142
931417;1567;0,142857142857142857142
931417;1883;0,142857142857142857142
931417;2470;0,142857142857142857142
931417;6634;0,142857142857142857142
931417;6940;0,142857142857142857142
940328;3523;0,333333333333333333333
940328;78108;0,333333333333333333333
940328;98841;0,333333333333333333333
965643;2991;1,000000000000000000000
985164;3800;1,000000000000000000000
1022270;17248;1,000000000000000000000
1036379;1940;0,571428571428571428571
1036379;349041;0,428571428571428571428
1060716;3169;1,000000000000000000000
1071327;2166;0,500000000000000000000
1071327;5004;0,500000000000000000000
