2;1902;0,500000000000000000000
2;5909;0,500000000000000000000
17;1696;1,000000000000000000000
39;649;0,600000000000000000000
39;1864;0,200000000000000000000
39;2639;0,200000000000000000000
48;4831;0,800000000000000000000
48;5464;0,200000000000000000000
54;256;0,095238095238095238095
54;995;0,190476190476190476190
54;1116;0,047619047619047619047
54;1663;0,047619047619047619047
54;1891;0,047619047619047619047
54;2792;0,047619047619047619047
54;4150;0,095238095238095238095
54;5149;0,238095238095238095238
54;12698;0,142857142857142857142
54;28602;0,047619047619047619047
65;190;0,150000000000000000000
65;1286;0,150000000000000000000
65;1754;0,300000000000000000000
65;2064;0,100000000000000000000
65;2434;0,050000000000000000000
65;4274;0,150000000000000000000
65;5643;0,050000000000000000000
65;112062;0,050000000000000000000
72;517;0,333333333333333333333
72;1946;0,166666666666666666666
72;1967;0,166666666666666666666
72;2500;0,166666666666666666666
72;3395;0,166666666666666666666
73;3105;1,000000000000000000000
77;529;0,142857142857142857142
77;1717;0,142857142857142857142
77;2578;0,142857142857142857142
77;6320;0,571428571428571428571
80;531;0,333333333333333333333
80;1131;0,333333333333333333333
80;65998;0,333333333333333333333
83;1504;0,250000000000000000000
83;1862;0,250000000000000000000
83;5239;0,250000000000000000000
83;6635;0,250000000000000000000
90;826;0,100000000000000000000
90;9393;0,200000000000000000000
90;57838;0,200000000000000000000
90;151009;0,500000000000000000000
96;122;0,031250000000000000000
96;249;0,031250000000000000000
96;261;0,125000000000000000000
96;615;0,093750000000000000000
96;845;0,031250000000000000000
96;1967;0,031250000000000000000
96;1988;0,062500000000000000000
96;2145;0,062500000000000000000
96;2293;0,062500000000000000000
96;2510;0,187500000000000000000
96;3219;0,031250000000000000000
96;5628;0,062500000000000000000
96;6889;0,031250000000000000000
96;13253;0,031250000000000000000
96;31343;0,093750000000000000000
96;283638;0,031250000000000000000
99;40;1,000000000000000000000
100;194;1,000000000000000000000
101;3234;1,000000000000000000000
102;1162;1,000000000000000000000
104;163;0,285714285714285714285
104;1498;0,571428571428571428571
104;4472;0,142857142857142857142
108;349;0,333333333333333333333
108;1340;0,500000000000000000000
108;440509;0,166666666666666666666
115;490;0,029411764705882352941
115;1210;0,058823529411764705882
115;1855;0,029411764705882352941
115;1864;0,029411764705882352941
115;6468;0,176470588235294117647
115;8818;0,235294117647058823529
115;335189;0,147058823529411764705
115;343358;0,117647058823529411764
115;383630;0,176470588235294117647
119;54;0,021978021978021978021
119;109;0,021978021978021978021
119;322;0,010989010989010989010
119;550;0,021978021978021978021
119;596;0,032967032967032967032
119;1184;0,010989010989010989010
119;1255;0,010989010989010989010
119;1348;0,021978021978021978021
119;1374;0,065934065934065934065
119;1663;0,021978021978021978021
119;2021;0,043956043956043956043
119;2181;0,010989010989010989010
119;2182;0,021978021978021978021
119;2184;0,021978021978021978021
119;2206;0,021978021978021978021
119;2310;0,021978021978021978021
119;2726;0,021978021978021978021
119;2792;0,010989010989010989010
119;3104;0,010989010989010989010
119;3105;0,010989010989010989010
119;3135;0,021978021978021978021
119;3372;0,065934065934065934065
119;3433;0,021978021978021978021
119;3471;0,021978021978021978021
119;3694;0,021978021978021978021
119;4150;0,021978021978021978021
119;4172;0,032967032967032967032
119;4244;0,010989010989010989010
119;4744;0,043956043956043956043
119;4931;0,032967032967032967032
119;5457;0,010989010989010989010
119;5657;0,010989010989010989010
119;6472;0,021978021978021978021
119;6567;0,021978021978021978021
119;7716;0,010989010989010989010
119;8081;0,032967032967032967032
119;8671;0,010989010989010989010
119;9226;0,021978021978021978021
119;9618;0,010989010989010989010
119;12466;0,010989010989010989010
119;12572;0,021978021978021978021
119;13329;0,010989010989010989010
119;13721;0,021978021978021978021
119;15895;0,021978021978021978021
119;28550;0,021978021978021978021
127;3748;1,000000000000000000000
132;550;0,230769230769230769230
132;596;0,153846153846153846153
132;689;0,461538461538461538461
132;3230;0,153846153846153846153
135;183;0,075757575757575757575
135;198;0,030303030303030303030
135;282;0,030303030303030303030
135;287;0,015151515151515151515
135;352;0,015151515151515151515
135;706;0,015151515151515151515
135;772;0,030303030303030303030
135;980;0,075757575757575757575
135;995;0,015151515151515151515
135;1025;0,015151515151515151515
135;1117;0,015151515151515151515
135;1278;0,090909090909090909090
135;1316;0,015151515151515151515
135;1402;0,015151515151515151515
135;1931;0,075757575757575757575
135;2111;0,090909090909090909090
135;2484;0,015151515151515151515
135;2684;0,075757575757575757575
135;2850;0,060606060606060606060
135;3142;0,045454545454545454545
135;4020;0,015151515151515151515
135;4530;0,015151515151515151515
135;5012;0,045454545454545454545
135;5679;0,075757575757575757575
135;6567;0,015151515151515151515
135;7577;0,015151515151515151515
138;528;1,000000000000000000000
148;609;0,200000000000000000000
148;26408;0,200000000000000000000
148;393418;0,600000000000000000000
149;1694;1,000000000000000000000
151;7586;1,000000000000000000000
163;104;0,117647058823529411764
163;172;0,058823529411764705882
163;768;0,058823529411764705882
163;822;0,058823529411764705882
163;937;0,117647058823529411764
163;1076;0,058823529411764705882
163;1613;0,058823529411764705882
163;1717;0,058823529411764705882
163;4283;0,058823529411764705882
163;4424;0,058823529411764705882
163;4432;0,058823529411764705882
163;4442;0,058823529411764705882
163;4471;0,117647058823529411764
163;6520;0,058823529411764705882
166;5679;1,000000000000000000000
172;17;0,037037037037037037037
172;163;0,074074074074074074074
172;166;0,037037037037037037037
172;839;0,074074074074074074074
172;1476;0,037037037037037037037
172;1498;0,259259259259259259259
172;1598;0,037037037037037037037
172;1991;0,148148148148148148148
172;2239;0,037037037037037037037
172;4361;0,037037037037037037037
172;4424;0,111111111111111111111
172;4431;0,037037037037037037037
172;59745;0,037037037037037037037
172;356607;0,037037037037037037037
174;46;0,004878048780487804878
174;149;0,004878048780487804878
174;220;0,009756097560975609756
174;232;0,009756097560975609756
174;289;0,009756097560975609756
174;313;0,009756097560975609756
174;380;0,004878048780487804878
174;433;0,004878048780487804878
174;437;0,004878048780487804878
174;492;0,004878048780487804878
174;577;0,009756097560975609756
174;712;0,004878048780487804878
174;752;0,004878048780487804878
174;812;0,004878048780487804878
174;846;0,009756097560975609756
174;870;0,004878048780487804878
174;934;0,009756097560975609756
174;1014;0,009756097560975609756
174;1036;0,004878048780487804878
174;1064;0,009756097560975609756
174;1167;0,004878048780487804878
174;1173;0,004878048780487804878
174;1186;0,004878048780487804878
174;1187;0,004878048780487804878
174;1282;0,004878048780487804878
174;1321;0,014634146341463414634
174;1402;0,004878048780487804878
174;1424;0,004878048780487804878
174;1445;0,004878048780487804878
174;1453;0,004878048780487804878
174;1454;0,004878048780487804878
174;1455;0,009756097560975609756
174;1560;0,004878048780487804878
174;1561;0,004878048780487804878
174;1562;0,004878048780487804878
174;1563;0,009756097560975609756
174;1564;0,009756097560975609756
174;1565;0,004878048780487804878
174;1566;0,009756097560975609756
174;1567;0,004878048780487804878
174;1608;0,009756097560975609756
174;1609;0,004878048780487804878
174;1610;0,004878048780487804878
174;1629;0,004878048780487804878
174;1632;0,009756097560975609756
174;1685;0,004878048780487804878
174;1686;0,004878048780487804878
174;1687;0,004878048780487804878
174;1688;0,004878048780487804878
174;1689;0,009756097560975609756
174;1690;0,004878048780487804878
174;1691;0,009756097560975609756
174;1692;0,009756097560975609756
174;1693;0,009756097560975609756
174;1694;0,009756097560975609756
174;1695;0,004878048780487804878
174;1696;0,004878048780487804878
174;1697;0,009756097560975609756
174;1698;0,009756097560975609756
174;1699;0,009756097560975609756
174;1700;0,009756097560975609756
174;1702;0,014634146341463414634
174;1703;0,009756097560975609756
174;1705;0,009756097560975609756
174;1706;0,009756097560975609756
174;1707;0,004878048780487804878
174;1708;0,009756097560975609756
174;1709;0,009756097560975609756
174;1763;0,009756097560975609756
174;1766;0,004878048780487804878
174;1769;0,009756097560975609756
174;1883;0,004878048780487804878
174;1887;0,004878048780487804878
174;1906;0,004878048780487804878
174;1910;0,004878048780487804878
174;2008;0,009756097560975609756
174;2196;0,004878048780487804878
174;2254;0,004878048780487804878
174;2470;0,004878048780487804878
174;2506;0,004878048780487804878
174;2607;0,004878048780487804878
174;2799;0,004878048780487804878
174;2825;0,009756097560975609756
174;2826;0,009756097560975609756
174;2828;0,004878048780487804878
174;2890;0,004878048780487804878
174;2968;0,004878048780487804878
174;2976;0,004878048780487804878
174;3049;0,004878048780487804878
174;3323;0,004878048780487804878
174;3359;0,004878048780487804878
174;3364;0,004878048780487804878
174;3418;0,004878048780487804878
174;3427;0,014634146341463414634
174;3647;0,004878048780487804878
174;3648;0,004878048780487804878
174;3768;0,004878048780487804878
174;3823;0,004878048780487804878
174;3971;0,004878048780487804878
174;4245;0,004878048780487804878
174;4386;0,004878048780487804878
174;4518;0,004878048780487804878
174;4526;0,004878048780487804878
174;4697;0,009756097560975609756
174;5478;0,004878048780487804878
174;6072;0,004878048780487804878
174;6144;0,004878048780487804878
174;6634;0,004878048780487804878
174;6940;0,004878048780487804878
174;7146;0,004878048780487804878
174;7168;0,004878048780487804878
174;7874;0,004878048780487804878
174;7994;0,004878048780487804878
174;8044;0,004878048780487804878
174;8580;0,004878048780487804878
174;8590;0,004878048780487804878
174;8899;0,004878048780487804878
174;8902;0,004878048780487804878
174;8957;0,004878048780487804878
174;9261;0,004878048780487804878
174;9694;0,004878048780487804878
174;9951;0,004878048780487804878
174;9955;0,004878048780487804878
174;10093;0,004878048780487804878
174;10176;0,004878048780487804878
174;10177;0,004878048780487804878
174;10178;0,004878048780487804878
174;10179;0,004878048780487804878
174;11476;0,004878048780487804878
174;12372;0,004878048780487804878
174;13195;0,004878048780487804878
174;13291;0,004878048780487804878
174;13360;0,004878048780487804878
174;14653;0,004878048780487804878
174;18517;0,004878048780487804878
174;18525;0,004878048780487804878
174;18641;0,004878048780487804878
174;19176;0,004878048780487804878
174;19177;0,004878048780487804878
174;20915;0,004878048780487804878
174;21396;0,004878048780487804878
174;21502;0,004878048780487804878
174;21750;0,004878048780487804878
174;23562;0,004878048780487804878
174;24536;0,004878048780487804878
174;24810;0,004878048780487804878
174;25861;0,004878048780487804878
174;27708;0,004878048780487804878
174;27715;0,004878048780487804878
174;28457;0,004878048780487804878
174;28463;0,004878048780487804878
174;28467;0,004878048780487804878
174;28777;0,009756097560975609756
174;257158;0,004878048780487804878
174;284855;0,004878048780487804878
174;284856;0,004878048780487804878
174;324897;0,004878048780487804878
174;383629;0,004878048780487804878
174;409930;0,004878048780487804878
174;529797;0,009756097560975609756
174;747847;0,009756097560975609756
179;37;0,545454545454545454545
179;211;0,363636363636363636363
179;12755;0,090909090909090909090
181;122;0,333333333333333333333
181;6502;0,666666666666666666666
184;7574;0,250000000000000000000
184;381254;0,750000000000000000000
189;609;0,050000000000000000000
189;1082;0,100000000000000000000
189;1581;0,050000000000000000000
189;1840;0,100000000000000000000
189;3087;0,050000000000000000000
189;4576;0,100000000000000000000
189;5053;0,050000000000000000000
189;6701;0,100000000000000000000
189;7756;0,300000000000000000000
189;18622;0,100000000000000000000
190;65;0,272727272727272727272
190;521;0,090909090909090909090
190;1337;0,181818181818181818181
190;1667;0,090909090909090909090
190;2054;0,090909090909090909090
190;4434;0,090909090909090909090
190;5679;0,090909090909090909090
190;27173;0,090909090909090909090
192;496;0,046511627906976744186
192;1122;0,011627906976744186046
192;1667;0,058139534883720930232
192;2037;0,046511627906976744186
192;2271;0,046511627906976744186
192;2272;0,046511627906976744186
192;2359;0,046511627906976744186
192;3296;0,046511627906976744186
192;3591;0,081395348837209302325
192;4364;0,046511627906976744186
192;4561;0,046511627906976744186
192;5214;0,046511627906976744186
192;5564;0,069767441860465116279
192;7759;0,011627906976744186046
192;7762;0,046511627906976744186
192;9387;0,011627906976744186046
192;9413;0,046511627906976744186
192;9432;0,046511627906976744186
192;10946;0,058139534883720930232
192;13372;0,046511627906976744186
192;355594;0,046511627906976744186
192;379234;0,046511627906976744186
194;72;0,027027027027027027027
194;100;0,054054054054054054054
194;628;0,135135135135135135135
194;700;0,054054054054054054054
194;837;0,027027027027027027027
194;995;0,054054054054054054054
194;1479;0,027027027027027027027
194;1754;0,081081081081081081081
194;1892;0,054054054054054054054
194;1939;0,027027027027027027027
194;1940;0,135135135135135135135
194;2500;0,027027027027027027027
194;2561;0,027027027027027027027
194;4640;0,027027027027027027027
194;349041;0,162162162162162162162
194;453859;0,054054054054054054054
194;747808;0,027027027027027027027
201;16647;1,000000000000000000000
206;4070;0,500000000000000000000
206;9391;0,500000000000000000000
211;179;0,400000000000000000000
211;1210;0,200000000000000000000
211;2199;0,200000000000000000000
211;5089;0,200000000000000000000
213;747;0,714285714285714285714
213;28517;0,071428571428571428571
213;71411;0,142857142857142857142
213;75827;0,071428571428571428571
218;411;1,000000000000000000000
219;324;0,111111111111111111111
219;754;0,111111111111111111111
219;3443;0,111111111111111111111
219;3515;0,222222222222222222222
219;119973;0,222222222222222222222
219;440509;0,111111111111111111111
219;642255;0,111111111111111111111
232;19176;1,000000000000000000000
241;284;0,090909090909090909090
241;1156;0,090909090909090909090
241;1547;0,090909090909090909090
241;2293;0,090909090909090909090
241;2474;0,090909090909090909090
241;2510;0,090909090909090909090
241;2796;0,090909090909090909090
241;3234;0,090909090909090909090
241;3701;0,090909090909090909090
241;6007;0,090909090909090909090
241;6347;0,090909090909090909090
242;2736;0,800000000000000000000
242;2739;0,100000000000000000000
242;2740;0,100000000000000000000
244;854;0,083333333333333333333
244;1096;0,166666666666666666666
244;2498;0,166666666666666666666
244;2865;0,083333333333333333333
244;6353;0,166666666666666666666
244;8975;0,166666666666666666666
244;10306;0,083333333333333333333
244;20984;0,083333333333333333333
246;288;0,333333333333333333333
246;8348;0,666666666666666666666
247;237;0,833333333333333333333
247;1779;0,166666666666666666666
249;96;0,100000000000000000000
249;2293;0,100000000000000000000
249;3344;0,100000000000000000000
249;4313;0,100000000000000000000
249;5628;0,200000000000000000000
249;245879;0,400000000000000000000
250;2713;0,333333333333333333333
250;6347;0,666666666666666666666
256;54;0,375000000000000000000
256;208;0,125000000000000000000
256;513;0,125000000000000000000
256;517;0,125000000000000000000
256;1560;0,125000000000000000000
256;28970;0,125000000000000000000
261;96;0,600000000000000000000
261;249;0,200000000000000000000
261;1364;0,200000000000000000000
263;131;0,272727272727272727272
263;420;0,181818181818181818181
263;425;0,181818181818181818181
263;845;0,181818181818181818181
263;846;0,181818181818181818181
266;2383;0,500000000000000000000
266;5603;0,500000000000000000000
267;861;0,333333333333333333333
267;2139;0,333333333333333333333
267;4713;0,333333333333333333333
268;615;1,000000000000000000000
269;251;1,000000000000000000000
273;442813;1,000000000000000000000
276;135;0,090909090909090909090
276;354;0,090909090909090909090
276;695;0,272727272727272727272
276;1118;0,090909090909090909090
276;1945;0,090909090909090909090
276;1946;0,090909090909090909090
276;41776;0,181818181818181818181
276;59745;0,090909090909090909090
279;3234;0,200000000000000000000
279;7116;0,800000000000000000000
283;11;0,047619047619047619047
283;96;0,047619047619047619047
283;249;0,047619047619047619047
283;472;0,095238095238095238095
283;479;0,047619047619047619047
283;1141;0,095238095238095238095
283;2293;0,047619047619047619047
283;2512;0,047619047619047619047
283;2741;0,095238095238095238095
283;2834;0,047619047619047619047
283;3045;0,047619047619047619047
283;4777;0,095238095238095238095
283;5628;0,047619047619047619047
283;10020;0,142857142857142857142
283;189452;0,047619047619047619047
284;241;0,200000000000000000000
284;285;0,600000000000000000000
284;3234;0,200000000000000000000
287;14;0,230769230769230769230
287;1216;0,076923076923076923076
287;1262;0,153846153846153846153
287;1829;0,076923076923076923076
287;2073;0,076923076923076923076
287;9941;0,384615384615384615384
288;609;0,090909090909090909090
288;1293;0,090909090909090909090
288;2678;0,545454545454545454545
288;2746;0,090909090909090909090
288;4091;0,090909090909090909090
288;393418;0,090909090909090909090
289;174;0,200000000000000000000
289;1453;0,200000000000000000000
289;1694;0,600000000000000000000
290;246;0,020000000000000000000
290;271;0,020000000000000000000
290;288;0,020000000000000000000
290;294;0,020000000000000000000
290;317;0,020000000000000000000
290;545;0,020000000000000000000
290;1030;0,020000000000000000000
290;1288;0,020000000000000000000
290;1497;0,020000000000000000000
290;1696;0,020000000000000000000
290;1824;0,020000000000000000000
290;1901;0,020000000000000000000
290;1951;0,020000000000000000000
290;2323;0,010000000000000000000
290;2337;0,020000000000000000000
290;2343;0,020000000000000000000
290;2371;0,020000000000000000000
290;2372;0,020000000000000000000
290;2678;0,020000000000000000000
290;3360;0,020000000000000000000
290;3731;0,020000000000000000000
290;3978;0,020000000000000000000
290;4657;0,020000000000000000000
290;4728;0,020000000000000000000
290;4794;0,020000000000000000000
290;5679;0,050000000000000000000
290;5915;0,020000000000000000000
290;7968;0,020000000000000000000
290;8348;0,020000000000000000000
290;8635;0,020000000000000000000
290;9376;0,020000000000000000000
290;9992;0,020000000000000000000
290;10860;0,020000000000000000000
290;11014;0,020000000000000000000
290;12385;0,020000000000000000000
290;14652;0,020000000000000000000
290;15867;0,020000000000000000000
290;17677;0,020000000000000000000
290;17773;0,020000000000000000000
290;17789;0,020000000000000000000
290;23561;0,020000000000000000000
290;23562;0,020000000000000000000
290;23563;0,020000000000000000000
290;26101;0,020000000000000000000
290;27527;0,020000000000000000000
290;27531;0,020000000000000000000
290;27535;0,020000000000000000000
290;27537;0,020000000000000000000
290;27539;0,020000000000000000000
291;13;0,333333333333333333333
291;59745;0,500000000000000000000
291;659899;0,166666666666666666666
292;846;0,545454545454545454545
292;956;0,090909090909090909090
292;1123;0,090909090909090909090
292;1171;0,090909090909090909090
292;1514;0,090909090909090909090
292;8455;0,090909090909090909090
293;8306;0,250000000000000000000
293;9998;0,500000000000000000000
293;12563;0,250000000000000000000
294;3809;1,000000000000000000000
295;297;0,066666666666666666666
295;315;0,133333333333333333333
295;667;0,200000000000000000000
295;1100;0,066666666666666666666
295;3450;0,066666666666666666666
295;5679;0,333333333333333333333
295;9367;0,066666666666666666666
295;14124;0,066666666666666666666
296;3095;1,000000000000000000000
297;295;0,166666666666666666666
297;5679;0,833333333333333333333
302;157662;1,000000000000000000000
303;3637;1,000000000000000000000
306;2851;0,333333333333333333333
306;4576;0,666666666666666666666
307;1332;1,000000000000000000000
309;1948;1,000000000000000000000
310;1799;0,500000000000000000000
310;2851;0,500000000000000000000
315;295;0,500000000000000000000
315;854;0,500000000000000000000
317;318;0,875000000000000000000
317;4728;0,062500000000000000000
317;10359;0,062500000000000000000
318;317;0,375000000000000000000
318;352;0,125000000000000000000
318;3836;0,250000000000000000000
318;4530;0,125000000000000000000
318;8904;0,125000000000000000000
320;2792;0,166666666666666666666
320;5415;0,166666666666666666666
320;7209;0,666666666666666666666
324;219;0,200000000000000000000
324;440509;0,800000000000000000000
332;111;0,500000000000000000000
332;452;0,500000000000000000000
334;2435;1,000000000000000000000
341;742;1,000000000000000000000
349;108;0,500000000000000000000
349;434991;0,500000000000000000000
352;600;0,400000000000000000000
352;602;0,200000000000000000000
352;5679;0,200000000000000000000
352;7577;0,100000000000000000000
352;15643;0,100000000000000000000
359;1374;0,200000000000000000000
359;1945;0,200000000000000000000
359;4313;0,200000000000000000000
359;4765;0,200000000000000000000
359;7322;0,200000000000000000000
363;5012;1,000000000000000000000
365;6250;1,000000000000000000000
373;3142;1,000000000000000000000
380;1769;0,363636363636363636363
380;4719;0,181818181818181818181
380;5464;0,272727272727272727272
380;409930;0,181818181818181818181
384;336640;1,000000000000000000000
388;6430;1,000000000000000000000
389;498;1,000000000000000000000
390;410;1,000000000000000000000
391;38;0,100000000000000000000
391;396;0,100000000000000000000
391;411;0,100000000000000000000
391;945;0,100000000000000000000
391;1894;0,100000000000000000000
391;2140;0,100000000000000000000
391;3465;0,200000000000000000000
391;8268;0,100000000000000000000
391;12563;0,100000000000000000000
392;3615;1,000000000000000000000
393;3049;1,000000000000000000000
396;410;0,500000000000000000000
396;8566;0,500000000000000000000
397;411;1,000000000000000000000
398;101;0,333333333333333333333
398;502;0,333333333333333333333
398;1276;0,333333333333333333333
400;1451;0,250000000000000000000
400;9340;0,750000000000000000000
410;396;0,125000000000000000000
410;411;0,125000000000000000000
410;412;0,125000000000000000000
410;805;0,125000000000000000000
410;3513;0,125000000000000000000
410;4435;0,125000000000000000000
410;6000;0,125000000000000000000
410;8566;0,125000000000000000000
411;391;0,125000000000000000000
411;410;0,125000000000000000000
411;689;0,125000000000000000000
411;1637;0,125000000000000000000
411;1894;0,125000000000000000000
411;3449;0,125000000000000000000
411;7341;0,125000000000000000000
411;7906;0,125000000000000000000
412;410;0,500000000000000000000
412;1397;0,500000000000000000000
418;1466;1,000000000000000000000
419;388;0,125000000000000000000
419;689;0,375000000000000000000
419;1762;0,125000000000000000000
419;2434;0,125000000000000000000
419;2694;0,125000000000000000000
419;3465;0,125000000000000000000
420;39;0,024390243902439024390
420;42;0,024390243902439024390
420;89;0,146341463414634146341
420;131;0,048780487804878048780
420;282;0,024390243902439024390
420;425;0,024390243902439024390
420;845;0,073170731707317073170
420;1864;0,024390243902439024390
420;2731;0,024390243902439024390
420;5016;0,024390243902439024390
420;6960;0,512195121951219512195
420;398787;0,024390243902439024390
420;494193;0,024390243902439024390
423;424;0,500000000000000000000
423;427;0,500000000000000000000
426;423;1,000000000000000000000
427;695;1,000000000000000000000
441;353;0,041666666666666666666
441;423;0,041666666666666666666
441;425;0,041666666666666666666
441;513;0,041666666666666666666
441;849;0,041666666666666666666
441;1117;0,041666666666666666666
441;1574;0,041666666666666666666
441;2364;0,041666666666666666666
441;3394;0,041666666666666666666
441;3395;0,041666666666666666666
441;3664;0,041666666666666666666
441;4510;0,041666666666666666666
441;5077;0,166666666666666666666
441;6627;0,041666666666666666666
441;7135;0,083333333333333333333
441;116140;0,041666666666666666666
441;125861;0,083333333333333333333
441;431565;0,041666666666666666666
441;559679;0,041666666666666666666
442;444;0,666666666666666666666
442;1574;0,333333333333333333333
443;423;0,272727272727272727272
443;424;0,272727272727272727272
443;7605;0,363636363636363636363
443;29085;0,090909090909090909090
444;442;1,000000000000000000000
453;839;0,240000000000000000000
453;1717;0,360000000000000000000
453;4299;0,040000000000000000000
453;4432;0,240000000000000000000
453;4677;0,040000000000000000000
453;13498;0,080000000000000000000
464;1085;0,600000000000000000000
464;2591;0,200000000000000000000
464;11966;0,200000000000000000000
466;5679;1,000000000000000000000
469;468;0,400000000000000000000
469;1717;0,200000000000000000000
469;8489;0,400000000000000000000
472;283;0,333333333333333333333
472;984;0,666666666666666666666
474;1856;1,000000000000000000000
479;1171;0,333333333333333333333
479;1314;0,083333333333333333333
479;4379;0,083333333333333333333
479;5013;0,166666666666666666666
479;8442;0,083333333333333333333
479;8460;0,083333333333333333333
479;8473;0,166666666666666666666
485;322;0,500000000000000000000
485;584969;0,500000000000000000000
488;28763;1,000000000000000000000
492;1321;1,000000000000000000000
494;8928;1,000000000000000000000
496;466;0,071428571428571428571
496;497;0,071428571428571428571
496;2037;0,071428571428571428571
496;2272;0,071428571428571428571
496;2359;0,071428571428571428571
496;3296;0,071428571428571428571
496;3591;0,071428571428571428571
496;7759;0,142857142857142857142
496;7762;0,071428571428571428571
496;9402;0,071428571428571428571
496;9403;0,071428571428571428571
496;9413;0,071428571428571428571
496;9432;0,071428571428571428571
497;7759;1,000000000000000000000
498;12;0,004702194357366771159
498;13;0,004702194357366771159
498;14;0,001567398119122257053
498;17;0,001567398119122257053
498;24;0,003134796238244514106
498;54;0,001567398119122257053
498;65;0,001567398119122257053
498;82;0,001567398119122257053
498;104;0,001567398119122257053
498;115;0,001567398119122257053
498;132;0,001567398119122257053
498;146;0,001567398119122257053
498;155;0,003134796238244514106
498;160;0,001567398119122257053
498;181;0,001567398119122257053
498;186;0,001567398119122257053
498;234;0,001567398119122257053
498;246;0,003134796238244514106
498;250;0,001567398119122257053
498;260;0,001567398119122257053
498;304;0,001567398119122257053
498;311;0,001567398119122257053
498;375;0,001567398119122257053
498;389;0,003134796238244514106
498;396;0,001567398119122257053
498;400;0,001567398119122257053
498;403;0,001567398119122257053
498;404;0,001567398119122257053
498;405;0,001567398119122257053
498;410;0,001567398119122257053
498;411;0,001567398119122257053
498;418;0,003134796238244514106
498;427;0,003134796238244514106
498;428;0,001567398119122257053
498;440;0,001567398119122257053
498;454;0,001567398119122257053
498;478;0,001567398119122257053
498;494;0,001567398119122257053
498;497;0,001567398119122257053
498;507;0,001567398119122257053
498;522;0,001567398119122257053
498;523;0,001567398119122257053
498;533;0,001567398119122257053
498;543;0,001567398119122257053
498;558;0,001567398119122257053
498;602;0,001567398119122257053
498;609;0,001567398119122257053
498;617;0,001567398119122257053
498;652;0,001567398119122257053
498;681;0,001567398119122257053
498;685;0,001567398119122257053
498;706;0,001567398119122257053
498;737;0,001567398119122257053
498;768;0,001567398119122257053
498;781;0,003134796238244514106
498;784;0,001567398119122257053
498;798;0,001567398119122257053
498;808;0,001567398119122257053
498;812;0,001567398119122257053
498;828;0,001567398119122257053
498;839;0,001567398119122257053
498;851;0,001567398119122257053
498;855;0,001567398119122257053
498;864;0,001567398119122257053
498;869;0,001567398119122257053
498;883;0,001567398119122257053
498;886;0,001567398119122257053
498;891;0,001567398119122257053
498;914;0,001567398119122257053
498;937;0,001567398119122257053
498;952;0,001567398119122257053
498;956;0,001567398119122257053
498;964;0,001567398119122257053
498;967;0,001567398119122257053
498;993;0,001567398119122257053
498;1004;0,001567398119122257053
498;1016;0,001567398119122257053
498;1020;0,003134796238244514106
498;1022;0,001567398119122257053
498;1033;0,001567398119122257053
498;1034;0,001567398119122257053
498;1035;0,001567398119122257053
498;1036;0,001567398119122257053
498;1042;0,001567398119122257053
498;1046;0,001567398119122257053
498;1069;0,001567398119122257053
498;1082;0,001567398119122257053
498;1083;0,001567398119122257053
498;1092;0,001567398119122257053
498;1098;0,001567398119122257053
498;1118;0,001567398119122257053
498;1124;0,001567398119122257053
498;1140;0,001567398119122257053
498;1145;0,001567398119122257053
498;1221;0,001567398119122257053
498;1225;0,001567398119122257053
498;1239;0,001567398119122257053
498;1254;0,001567398119122257053
498;1261;0,001567398119122257053
498;1313;0,003134796238244514106
498;1335;0,001567398119122257053
498;1347;0,001567398119122257053
498;1352;0,001567398119122257053
498;1393;0,001567398119122257053
498;1401;0,001567398119122257053
498;1405;0,001567398119122257053
498;1439;0,001567398119122257053
498;1454;0,001567398119122257053
498;1476;0,001567398119122257053
498;1482;0,001567398119122257053
498;1495;0,001567398119122257053
498;1497;0,001567398119122257053
498;1498;0,001567398119122257053
498;1501;0,001567398119122257053
498;1517;0,001567398119122257053
498;1561;0,001567398119122257053
498;1563;0,001567398119122257053
498;1565;0,001567398119122257053
498;1600;0,001567398119122257053
498;1608;0,001567398119122257053
498;1609;0,001567398119122257053
498;1612;0,001567398119122257053
498;1634;0,004702194357366771159
498;1657;0,001567398119122257053
498;1664;0,001567398119122257053
498;1667;0,001567398119122257053
498;1685;0,001567398119122257053
498;1690;0,001567398119122257053
498;1696;0,001567398119122257053
498;1699;0,001567398119122257053
498;1702;0,001567398119122257053
498;1705;0,001567398119122257053
498;1706;0,001567398119122257053
498;1713;0,001567398119122257053
498;1724;0,001567398119122257053
498;1727;0,001567398119122257053
498;1762;0,001567398119122257053
498;1810;0,001567398119122257053
498;1841;0,001567398119122257053
498;1844;0,001567398119122257053
498;1854;0,001567398119122257053
498;1855;0,001567398119122257053
498;1862;0,001567398119122257053
498;1892;0,003134796238244514106
498;1897;0,001567398119122257053
498;1906;0,001567398119122257053
498;1915;0,003134796238244514106
498;1956;0,001567398119122257053
498;1974;0,003134796238244514106
498;1979;0,001567398119122257053
498;1985;0,001567398119122257053
498;1997;0,001567398119122257053
498;2004;0,001567398119122257053
498;2059;0,001567398119122257053
498;2066;0,001567398119122257053
498;2080;0,001567398119122257053
498;2091;0,001567398119122257053
498;2150;0,001567398119122257053
498;2179;0,001567398119122257053
498;2188;0,001567398119122257053
498;2191;0,001567398119122257053
498;2216;0,003134796238244514106
498;2264;0,003134796238244514106
498;2280;0,001567398119122257053
498;2337;0,001567398119122257053
498;2371;0,001567398119122257053
498;2414;0,003134796238244514106
498;2423;0,001567398119122257053
498;2427;0,001567398119122257053
498;2433;0,001567398119122257053
498;2440;0,001567398119122257053
498;2445;0,003134796238244514106
498;2455;0,003134796238244514106
498;2464;0,001567398119122257053
498;2482;0,003134796238244514106
498;2494;0,001567398119122257053
498;2498;0,003134796238244514106
498;2515;0,003134796238244514106
498;2554;0,001567398119122257053
498;2555;0,001567398119122257053
498;2657;0,001567398119122257053
498;2678;0,001567398119122257053
498;2731;0,001567398119122257053
498;2746;0,001567398119122257053
498;2823;0,001567398119122257053
498;2832;0,003134796238244514106
498;2847;0,001567398119122257053
498;2916;0,001567398119122257053
498;2932;0,001567398119122257053
498;2950;0,001567398119122257053
498;2961;0,001567398119122257053
498;2990;0,001567398119122257053
498;3088;0,001567398119122257053
498;3100;0,001567398119122257053
498;3116;0,001567398119122257053
498;3123;0,001567398119122257053
498;3128;0,001567398119122257053
498;3142;0,001567398119122257053
498;3178;0,001567398119122257053
498;3180;0,001567398119122257053
498;3189;0,001567398119122257053
498;3197;0,001567398119122257053
498;3241;0,001567398119122257053
498;3249;0,001567398119122257053
498;3250;0,001567398119122257053
498;3273;0,003134796238244514106
498;3284;0,001567398119122257053
498;3315;0,003134796238244514106
498;3328;0,001567398119122257053
498;3347;0,001567398119122257053
498;3372;0,001567398119122257053
498;3408;0,001567398119122257053
498;3420;0,001567398119122257053
498;3441;0,001567398119122257053
498;3446;0,001567398119122257053
498;3449;0,001567398119122257053
498;3463;0,001567398119122257053
498;3473;0,003134796238244514106
498;3480;0,001567398119122257053
498;3481;0,001567398119122257053
498;3535;0,001567398119122257053
498;3567;0,001567398119122257053
498;3590;0,003134796238244514106
498;3610;0,001567398119122257053
498;3650;0,001567398119122257053
498;3678;0,003134796238244514106
498;3763;0,003134796238244514106
498;3829;0,003134796238244514106
498;3836;0,001567398119122257053
498;3869;0,001567398119122257053
498;3870;0,001567398119122257053
498;3876;0,001567398119122257053
498;3877;0,001567398119122257053
498;3960;0,001567398119122257053
498;3971;0,001567398119122257053
498;3999;0,001567398119122257053
498;4080;0,001567398119122257053
498;4081;0,003134796238244514106
498;4089;0,001567398119122257053
498;4091;0,001567398119122257053
498;4145;0,001567398119122257053
498;4146;0,001567398119122257053
498;4160;0,001567398119122257053
498;4205;0,001567398119122257053
498;4245;0,001567398119122257053
498;4268;0,001567398119122257053
498;4281;0,001567398119122257053
498;4299;0,001567398119122257053
498;4350;0,001567398119122257053
498;4372;0,003134796238244514106
498;4374;0,003134796238244514106
498;4380;0,001567398119122257053
498;4401;0,001567398119122257053
498;4424;0,001567398119122257053
498;4429;0,003134796238244514106
498;4430;0,001567398119122257053
498;4433;0,001567398119122257053
498;4434;0,001567398119122257053
498;4453;0,001567398119122257053
498;4463;0,001567398119122257053
498;4464;0,001567398119122257053
498;4467;0,001567398119122257053
498;4472;0,003134796238244514106
498;4474;0,001567398119122257053
498;4475;0,001567398119122257053
498;4476;0,001567398119122257053
498;4486;0,001567398119122257053
498;4493;0,001567398119122257053
498;4570;0,001567398119122257053
498;4609;0,001567398119122257053
498;4728;0,001567398119122257053
498;4786;0,001567398119122257053
498;4814;0,001567398119122257053
498;4874;0,001567398119122257053
498;4877;0,001567398119122257053
498;4919;0,001567398119122257053
498;4991;0,001567398119122257053
498;5003;0,001567398119122257053
498;5008;0,001567398119122257053
498;5013;0,001567398119122257053
498;5016;0,001567398119122257053
498;5037;0,001567398119122257053
498;5042;0,001567398119122257053
498;5061;0,001567398119122257053
498;5088;0,001567398119122257053
498;5119;0,001567398119122257053
498;5125;0,001567398119122257053
498;5155;0,001567398119122257053
498;5175;0,001567398119122257053
498;5227;0,001567398119122257053
498;5245;0,001567398119122257053
498;5306;0,003134796238244514106
498;5354;0,001567398119122257053
498;5438;0,003134796238244514106
498;5459;0,003134796238244514106
498;5470;0,001567398119122257053
498;5481;0,003134796238244514106
498;5487;0,001567398119122257053
498;5521;0,001567398119122257053
498;5557;0,003134796238244514106
498;5571;0,001567398119122257053
498;5613;0,001567398119122257053
498;5638;0,001567398119122257053
498;5667;0,003134796238244514106
498;5679;0,007836990595611285266
498;5790;0,001567398119122257053
498;5800;0,001567398119122257053
498;5896;0,001567398119122257053
498;5918;0,001567398119122257053
498;5921;0,001567398119122257053
498;6132;0,001567398119122257053
498;6297;0,001567398119122257053
498;6349;0,001567398119122257053
498;6372;0,001567398119122257053
498;6472;0,001567398119122257053
498;6513;0,001567398119122257053
498;6532;0,001567398119122257053
498;6554;0,004702194357366771159
498;6557;0,001567398119122257053
498;6734;0,001567398119122257053
498;6856;0,001567398119122257053
498;6892;0,001567398119122257053
498;6915;0,001567398119122257053
498;6918;0,001567398119122257053
498;6991;0,001567398119122257053
498;7030;0,001567398119122257053
498;7072;0,001567398119122257053
498;7215;0,001567398119122257053
498;7281;0,003134796238244514106
498;7521;0,001567398119122257053
498;7532;0,001567398119122257053
498;7571;0,001567398119122257053
498;7630;0,001567398119122257053
498;7650;0,001567398119122257053
498;7717;0,001567398119122257053
498;7802;0,001567398119122257053
498;7895;0,001567398119122257053
498;7920;0,003134796238244514106
498;8003;0,001567398119122257053
498;8050;0,001567398119122257053
498;8062;0,001567398119122257053
498;8095;0,001567398119122257053
498;8113;0,001567398119122257053
498;8163;0,001567398119122257053
498;8200;0,001567398119122257053
498;8201;0,001567398119122257053
498;8203;0,003134796238244514106
498;8348;0,001567398119122257053
498;8353;0,001567398119122257053
498;8383;0,001567398119122257053
498;8396;0,003134796238244514106
498;8437;0,001567398119122257053
498;8443;0,001567398119122257053
498;8450;0,001567398119122257053
498;8467;0,001567398119122257053
498;8475;0,001567398119122257053
498;8510;0,001567398119122257053
498;8525;0,001567398119122257053
498;8698;0,001567398119122257053
498;8723;0,001567398119122257053
498;8738;0,003134796238244514106
498;8754;0,001567398119122257053
498;8909;0,001567398119122257053
498;8912;0,001567398119122257053
498;8985;0,001567398119122257053
498;9112;0,001567398119122257053
498;9226;0,001567398119122257053
498;9296;0,001567398119122257053
498;9330;0,001567398119122257053
498;9338;0,001567398119122257053
498;9376;0,001567398119122257053
498;9382;0,001567398119122257053
498;9393;0,001567398119122257053
498;9409;0,001567398119122257053
498;9422;0,001567398119122257053
498;9436;0,001567398119122257053
498;9437;0,003134796238244514106
498;9476;0,001567398119122257053
498;9489;0,003134796238244514106
498;9660;0,003134796238244514106
498;9718;0,001567398119122257053
498;9719;0,001567398119122257053
498;9720;0,001567398119122257053
498;9729;0,001567398119122257053
498;9908;0,001567398119122257053
498;9910;0,001567398119122257053
498;9960;0,001567398119122257053
498;10019;0,001567398119122257053
498;10175;0,001567398119122257053
498;10177;0,001567398119122257053
498;10341;0,001567398119122257053
498;10606;0,001567398119122257053
498;10640;0,001567398119122257053
498;10724;0,001567398119122257053
498;10744;0,001567398119122257053
498;10941;0,001567398119122257053
498;11004;0,001567398119122257053
498;11231;0,001567398119122257053
498;11869;0,001567398119122257053
498;11921;0,001567398119122257053
498;12165;0,001567398119122257053
498;12247;0,003134796238244514106
498;12393;0,001567398119122257053
498;12418;0,001567398119122257053
498;12441;0,001567398119122257053
498;12664;0,001567398119122257053
498;12670;0,001567398119122257053
498;12685;0,001567398119122257053
498;12755;0,001567398119122257053
498;12769;0,001567398119122257053
498;12772;0,001567398119122257053
498;12964;0,001567398119122257053
498;13095;0,001567398119122257053
498;13158;0,001567398119122257053
498;13178;0,001567398119122257053
498;13239;0,001567398119122257053
498;13367;0,001567398119122257053
498;13428;0,001567398119122257053
498;13429;0,001567398119122257053
498;13452;0,001567398119122257053
498;13537;0,001567398119122257053
498;13545;0,001567398119122257053
498;13580;0,001567398119122257053
498;13583;0,001567398119122257053
498;13623;0,001567398119122257053
498;13907;0,001567398119122257053
498;14050;0,001567398119122257053
498;14072;0,003134796238244514106
498;14179;0,001567398119122257053
498;14323;0,001567398119122257053
498;14653;0,003134796238244514106
498;14683;0,001567398119122257053
498;15762;0,001567398119122257053
498;15888;0,001567398119122257053
498;15906;0,001567398119122257053
498;16076;0,001567398119122257053
498;16649;0,001567398119122257053
498;16654;0,001567398119122257053
498;16658;0,001567398119122257053
498;16815;0,001567398119122257053
498;16873;0,001567398119122257053
498;16937;0,001567398119122257053
498;17248;0,001567398119122257053
498;17263;0,003134796238244514106
498;17270;0,001567398119122257053
498;17278;0,001567398119122257053
498;17279;0,001567398119122257053
498;17281;0,003134796238244514106
498;17388;0,001567398119122257053
498;17449;0,001567398119122257053
498;17584;0,001567398119122257053
498;17596;0,001567398119122257053
498;17665;0,001567398119122257053
498;17678;0,001567398119122257053
498;17789;0,001567398119122257053
498;18525;0,003134796238244514106
498;18622;0,003134796238244514106
498;19188;0,001567398119122257053
498;19419;0,003134796238244514106
498;20414;0,001567398119122257053
498;20436;0,003134796238244514106
498;20984;0,003134796238244514106
498;21005;0,001567398119122257053
498;21374;0,001567398119122257053
498;21490;0,001567398119122257053
498;21986;0,001567398119122257053
498;22298;0,001567398119122257053
498;23562;0,001567398119122257053
498;23930;0,001567398119122257053
498;23953;0,001567398119122257053
498;23954;0,001567398119122257053
498;24049;0,001567398119122257053
498;24113;0,001567398119122257053
498;24258;0,001567398119122257053
498;26095;0,001567398119122257053
498;27170;0,001567398119122257053
498;27239;0,001567398119122257053
498;27356;0,001567398119122257053
498;27425;0,001567398119122257053
498;27433;0,001567398119122257053
498;27442;0,001567398119122257053
498;27468;0,001567398119122257053
498;27489;0,001567398119122257053
498;27522;0,001567398119122257053
498;27527;0,001567398119122257053
498;27587;0,001567398119122257053
498;27601;0,001567398119122257053
498;27610;0,003134796238244514106
498;27611;0,001567398119122257053
498;27657;0,001567398119122257053
498;27761;0,001567398119122257053
498;27762;0,001567398119122257053
498;27779;0,001567398119122257053
498;27781;0,001567398119122257053
498;27842;0,001567398119122257053
498;27848;0,001567398119122257053
498;27861;0,001567398119122257053
498;27864;0,001567398119122257053
498;27866;0,001567398119122257053
498;27887;0,003134796238244514106
498;27929;0,001567398119122257053
498;27946;0,001567398119122257053
498;28030;0,003134796238244514106
498;28038;0,001567398119122257053
498;28111;0,001567398119122257053
498;28128;0,001567398119122257053
498;28143;0,001567398119122257053
498;28194;0,001567398119122257053
498;28226;0,001567398119122257053
498;28245;0,001567398119122257053
498;28272;0,001567398119122257053
498;28339;0,001567398119122257053
498;28342;0,001567398119122257053
498;28344;0,001567398119122257053
498;28400;0,001567398119122257053
498;28411;0,001567398119122257053
498;28445;0,001567398119122257053
498;28471;0,001567398119122257053
498;28479;0,001567398119122257053
498;28482;0,001567398119122257053
498;28495;0,001567398119122257053
498;28506;0,001567398119122257053
498;28533;0,001567398119122257053
498;28570;0,001567398119122257053
498;28586;0,001567398119122257053
498;28602;0,001567398119122257053
498;28610;0,001567398119122257053
498;28615;0,001567398119122257053
498;28625;0,001567398119122257053
498;28627;0,001567398119122257053
498;28647;0,001567398119122257053
498;28661;0,001567398119122257053
498;28697;0,001567398119122257053
498;28705;0,003134796238244514106
498;28716;0,001567398119122257053
498;28726;0,001567398119122257053
498;28727;0,001567398119122257053
498;28731;0,003134796238244514106
498;28751;0,001567398119122257053
498;28780;0,001567398119122257053
498;28784;0,001567398119122257053
498;28797;0,001567398119122257053
498;28798;0,001567398119122257053
498;28806;0,001567398119122257053
498;28821;0,001567398119122257053
498;28826;0,001567398119122257053
498;28851;0,001567398119122257053
498;28879;0,001567398119122257053
498;28925;0,001567398119122257053
498;28933;0,001567398119122257053
498;29667;0,001567398119122257053
498;30811;0,001567398119122257053
498;37811;0,001567398119122257053
498;40028;0,001567398119122257053
498;45711;0,001567398119122257053
498;45724;0,001567398119122257053
498;52385;0,001567398119122257053
498;62135;0,001567398119122257053
498;73134;0,001567398119122257053
498;145389;0,001567398119122257053
498;317905;0,001567398119122257053
498;374246;0,001567398119122257053
498;440497;0,001567398119122257053
498;606725;0,001567398119122257053
502;80;0,031250000000000000000
502;219;0,031250000000000000000
502;379;0,031250000000000000000
502;531;0,062500000000000000000
502;876;0,156250000000000000000
502;1131;0,093750000000000000000
502;1248;0,031250000000000000000
502;3443;0,093750000000000000000
502;3515;0,125000000000000000000
502;3625;0,218750000000000000000
502;17269;0,031250000000000000000
502;119973;0,031250000000000000000
502;321395;0,031250000000000000000
502;642255;0,031250000000000000000
504;416;0,111111111111111111111
504;6430;0,111111111111111111111
504;8223;0,222222222222222222222
504;12356;0,333333333333333333333
504;119973;0,222222222222222222222
510;3463;1,000000000000000000000
513;256;0,500000000000000000000
513;983;0,500000000000000000000
517;72;0,071428571428571428571
517;256;0,071428571428571428571
517;829;0,071428571428571428571
517;2364;0,142857142857142857142
517;3395;0,142857142857142857142
517;5395;0,142857142857142857142
517;20843;0,071428571428571428571
517;116140;0,214285714285714285714
517;474028;0,071428571428571428571
519;2494;1,000000000000000000000
520;135;0,045454545454545454545
520;527;0,045454545454545454545
520;1182;0,363636363636363636363
520;1748;0,045454545454545454545
520;1778;0,045454545454545454545
520;1848;0,045454545454545454545
520;4225;0,136363636363636363636
520;4379;0,045454545454545454545
520;4991;0,045454545454545454545
520;5012;0,045454545454545454545
520;5935;0,045454545454545454545
520;9722;0,045454545454545454545
520;98841;0,045454545454545454545
521;652;0,200000000000000000000
521;3800;0,600000000000000000000
521;8156;0,200000000000000000000
523;1293;1,000000000000000000000
524;2779;0,250000000000000000000
524;3356;0,500000000000000000000
524;7939;0,250000000000000000000
526;1286;0,200000000000000000000
526;2147;0,200000000000000000000
526;3116;0,400000000000000000000
526;326597;0,200000000000000000000
527;4307;0,250000000000000000000
527;4345;0,250000000000000000000
527;5093;0,250000000000000000000
527;7741;0,250000000000000000000
529;77;0,250000000000000000000
529;1234;0,500000000000000000000
529;3523;0,250000000000000000000
538;119973;1,000000000000000000000
543;131;0,250000000000000000000
543;2851;0,500000000000000000000
543;5613;0,250000000000000000000
545;3304;0,333333333333333333333
545;5915;0,166666666666666666666
545;6694;0,333333333333333333333
545;7968;0,166666666666666666666
547;652;0,250000000000000000000
547;761;0,250000000000000000000
547;3158;0,250000000000000000000
547;5856;0,250000000000000000000
550;73;0,066666666666666666666
550;132;0,200000000000000000000
550;596;0,200000000000000000000
550;658;0,066666666666666666666
550;1319;0,066666666666666666666
550;2882;0,066666666666666666666
550;3230;0,066666666666666666666
550;12706;0,066666666666666666666
550;28602;0,066666666666666666666
550;256804;0,133333333333333333333
551;320;0,250000000000000000000
551;1839;0,250000000000000000000
551;2131;0,250000000000000000000
551;7434;0,250000000000000000000
558;794;0,096153846153846153846
558;851;0,096153846153846153846
558;1035;0,096153846153846153846
558;1596;0,096153846153846153846
558;2657;0,115384615384615384615
558;2825;0,096153846153846153846
558;5440;0,096153846153846153846
558;5679;0,019230769230769230769
558;7132;0,096153846153846153846
558;7866;0,096153846153846153846
558;374246;0,096153846153846153846
571;1844;0,444444444444444444444
571;1897;0,222222222222222222222
571;3791;0,333333333333333333333
573;1082;0,166666666666666666666
573;1293;0,666666666666666666666
573;8268;0,166666666666666666666
576;3499;0,125000000000000000000
576;3694;0,250000000000000000000
576;4639;0,500000000000000000000
576;12572;0,125000000000000000000
585;39;0,500000000000000000000
585;16647;0,500000000000000000000
588;748;1,000000000000000000000
594;5679;1,000000000000000000000
600;1079;0,333333333333333333333
600;3007;0,666666666666666666666
602;352;0,285714285714285714285
602;4530;0,285714285714285714285
602;6723;0,285714285714285714285
602;84925;0,142857142857142857142
608;609;1,000000000000000000000
611;621;0,500000000000000000000
611;2434;0,500000000000000000000
612;3811;0,333333333333333333333
612;8156;0,666666666666666666666
613;4307;0,750000000000000000000
613;8440;0,250000000000000000000
615;96;0,016129032258064516129
615;251;0,005376344086021505376
615;253;0,010752688172043010752
615;268;0,016129032258064516129
615;540;0,010752688172043010752
615;626;0,010752688172043010752
615;724;0,010752688172043010752
615;941;0,010752688172043010752
615;980;0,010752688172043010752
615;984;0,010752688172043010752
615;1048;0,010752688172043010752
615;1153;0,010752688172043010752
615;1160;0,010752688172043010752
615;1310;0,010752688172043010752
615;1523;0,010752688172043010752
615;1526;0,010752688172043010752
615;1868;0,010752688172043010752
615;1873;0,010752688172043010752
615;1889;0,010752688172043010752
615;1898;0,010752688172043010752
615;1988;0,010752688172043010752
615;2136;0,010752688172043010752
615;2461;0,010752688172043010752
615;3245;0,010752688172043010752
615;3485;0,010752688172043010752
615;3503;0,010752688172043010752
615;3633;0,010752688172043010752
615;3753;0,010752688172043010752
615;3857;0,010752688172043010752
615;4018;0,010752688172043010752
615;4080;0,010752688172043010752
615;4323;0,010752688172043010752
615;4513;0,010752688172043010752
615;4598;0,010752688172043010752
615;4713;0,010752688172043010752
615;4722;0,010752688172043010752
615;5174;0,010752688172043010752
615;5289;0,010752688172043010752
615;5304;0,010752688172043010752
615;5383;0,010752688172043010752
615;5500;0,010752688172043010752
615;5578;0,010752688172043010752
615;5824;0,010752688172043010752
615;5861;0,010752688172043010752
615;6444;0,010752688172043010752
615;6535;0,010752688172043010752
615;6666;0,010752688172043010752
615;6746;0,010752688172043010752
615;6781;0,010752688172043010752
615;6979;0,010752688172043010752
615;6980;0,010752688172043010752
615;6981;0,010752688172043010752
615;7142;0,010752688172043010752
615;9657;0,010752688172043010752
615;9691;0,010752688172043010752
615;9805;0,010752688172043010752
615;10823;0,010752688172043010752
615;12712;0,010752688172043010752
615;12775;0,010752688172043010752
615;12876;0,010752688172043010752
615;12880;0,010752688172043010752
615;17720;0,010752688172043010752
615;23419;0,010752688172043010752
615;24370;0,010752688172043010752
615;24371;0,010752688172043010752
615;27588;0,010752688172043010752
615;28405;0,010752688172043010752
615;28914;0,010752688172043010752
615;28993;0,010752688172043010752
615;34696;0,010752688172043010752
615;67275;0,010752688172043010752
615;137801;0,016129032258064516129
615;144425;0,021505376344086021505
615;146155;0,010752688172043010752
615;152076;0,010752688172043010752
615;219132;0,010752688172043010752
615;251573;0,016129032258064516129
615;253384;0,010752688172043010752
615;255463;0,016129032258064516129
615;276695;0,010752688172043010752
615;278351;0,010752688172043010752
615;281067;0,010752688172043010752
615;281170;0,010752688172043010752
615;283633;0,010752688172043010752
615;283636;0,010752688172043010752
615;283638;0,010752688172043010752
615;283639;0,010752688172043010752
615;321112;0,010752688172043010752
615;355336;0,010752688172043010752
615;377026;0,010752688172043010752
617;28344;1,000000000000000000000
621;512;0,038461538461538461538
621;611;0,038461538461538461538
621;877;0,038461538461538461538
621;970;0,038461538461538461538
621;1856;0,038461538461538461538
621;2029;0,038461538461538461538
621;2147;0,038461538461538461538
621;2385;0,115384615384615384615
621;2434;0,038461538461538461538
621;3268;0,038461538461538461538
621;4380;0,038461538461538461538
621;4829;0,038461538461538461538
621;5119;0,038461538461538461538
621;5438;0,038461538461538461538
621;5439;0,038461538461538461538
621;5441;0,038461538461538461538
621;5442;0,038461538461538461538
621;5443;0,038461538461538461538
621;5444;0,038461538461538461538
621;5445;0,038461538461538461538
621;7328;0,038461538461538461538
621;8293;0,038461538461538461538
621;9412;0,038461538461538461538
621;28738;0,038461538461538461538
622;877;0,200000000000000000000
622;1121;0,400000000000000000000
622;2385;0,200000000000000000000
622;9402;0,200000000000000000000
625;122;0,217391304347826086956
625;254;0,086956521739130434782
625;626;0,130434782608695652173
625;635;0,043478260869565217391
625;798;0,086956521739130434782
625;1154;0,086956521739130434782
625;2302;0,217391304347826086956
625;6203;0,130434782608695652173
626;122;0,500000000000000000000
626;615;0,111111111111111111111
626;625;0,388888888888888888888
635;2712;1,000000000000000000000
644;645;0,125000000000000000000
644;3098;0,375000000000000000000
644;4512;0,250000000000000000000
644;6497;0,125000000000000000000
644;140271;0,125000000000000000000
645;369;0,666666666666666666666
645;1143;0,333333333333333333333
648;2380;1,000000000000000000000
652;521;0,090909090909090909090
652;547;0,181818181818181818181
652;579;0,090909090909090909090
652;1949;0,090909090909090909090
652;2800;0,090909090909090909090
652;3164;0,181818181818181818181
652;5061;0,090909090909090909090
652;7920;0,181818181818181818181
657;485;0,500000000000000000000
657;1344;0,500000000000000000000
660;288;1,000000000000000000000
667;468;0,125000000000000000000
667;469;0,125000000000000000000
667;668;0,500000000000000000000
667;10207;0,125000000000000000000
667;157749;0,125000000000000000000
668;219;0,045454545454545454545
668;502;0,022727272727272727272
668;530;0,090909090909090909090
668;531;0,022727272727272727272
668;667;0,068181818181818181818
668;876;0,045454545454545454545
668;1116;0,045454545454545454545
668;1129;0,045454545454545454545
668;1131;0,090909090909090909090
668;1248;0,090909090909090909090
668;1893;0,022727272727272727272
668;2436;0,022727272727272727272
668;2516;0,022727272727272727272
668;3443;0,022727272727272727272
668;3625;0,022727272727272727272
668;4173;0,068181818181818181818
668;13482;0,090909090909090909090
668;507180;0,113636363636363636363
668;642255;0,045454545454545454545
669;24;0,375000000000000000000
669;689;0,062500000000000000000
669;706;0,062500000000000000000
669;1225;0,062500000000000000000
669;1513;0,062500000000000000000
669;2223;0,062500000000000000000
669;5175;0,062500000000000000000
669;12435;0,062500000000000000000
669;48862;0,125000000000000000000
669;59745;0,062500000000000000000
678;285;0,250000000000000000000
678;1448;0,250000000000000000000
678;3189;0,125000000000000000000
678;3601;0,125000000000000000000
678;23646;0,125000000000000000000
678;216172;0,125000000000000000000
683;315;1,000000000000000000000
689;411;0,076923076923076923076
689;419;0,153846153846153846153
689;1255;0,076923076923076923076
689;1432;0,230769230769230769230
689;1497;0,076923076923076923076
689;2374;0,076923076923076923076
689;2515;0,076923076923076923076
689;3829;0,076923076923076923076
689;3859;0,076923076923076923076
689;28557;0,076923076923076923076
694;695;0,166666666666666666666
694;749;0,166666666666666666666
694;5618;0,166666666666666666666
694;12563;0,166666666666666666666
694;95084;0,166666666666666666666
694;119973;0,166666666666666666666
695;71;0,125000000000000000000
695;100;0,250000000000000000000
695;3523;0,250000000000000000000
695;4512;0,250000000000000000000
695;59841;0,125000000000000000000
713;407;0,230769230769230769230
713;458;0,692307692307692307692
713;5626;0,076923076923076923076
731;15471;1,000000000000000000000
733;2948;1,000000000000000000000
747;213;0,187500000000000000000
747;748;0,187500000000000000000
747;2734;0,062500000000000000000
747;28517;0,062500000000000000000
747;76428;0,187500000000000000000
747;81648;0,062500000000000000000
747;99942;0,062500000000000000000
747;325599;0,062500000000000000000
747;403195;0,125000000000000000000
748;40;0,076923076923076923076
748;747;0,307692307692307692307
748;885;0,076923076923076923076
748;1754;0,076923076923076923076
748;4991;0,076923076923076923076
748;76428;0,307692307692307692307
748;81163;0,076923076923076923076
749;277;0,031250000000000000000
749;1118;0,062500000000000000000
749;1939;0,218750000000000000000
749;2054;0,187500000000000000000
749;2112;0,093750000000000000000
749;2991;0,062500000000000000000
749;4219;0,093750000000000000000
749;5679;0,156250000000000000000
749;398786;0,062500000000000000000
749;398787;0,031250000000000000000
750;3401;0,285714285714285714285
750;6812;0,571428571428571428571
750;343424;0,142857142857142857142
758;3289;1,000000000000000000000
761;547;0,333333333333333333333
761;3738;0,166666666666666666666
761;4225;0,166666666666666666666
761;6048;0,166666666666666666666
761;248838;0,166666666666666666666
765;518;0,500000000000000000000
765;3158;0,500000000000000000000
766;5564;1,000000000000000000000
771;85;0,166666666666666666666
771;2464;0,166666666666666666666
771;4117;0,166666666666666666666
771;8928;0,333333333333333333333
771;12775;0,166666666666666666666
772;1717;1,000000000000000000000
774;7478;1,000000000000000000000
777;937;0,500000000000000000000
777;4437;0,500000000000000000000
778;20801;1,000000000000000000000
787;36;0,333333333333333333333
787;285;0,333333333333333333333
787;4376;0,333333333333333333333
794;1596;0,333333333333333333333
794;5440;0,333333333333333333333
794;7132;0,111111111111111111111
794;7866;0,222222222222222222222
802;1814;0,500000000000000000000
802;3234;0,500000000000000000000
805;5626;0,250000000000000000000
805;13187;0,250000000000000000000
805;20216;0,250000000000000000000
805;353698;0,250000000000000000000
808;9722;1,000000000000000000000
815;685;0,500000000000000000000
815;7759;0,500000000000000000000
817;351;0,200000000000000000000
817;918;0,200000000000000000000
817;10602;0,200000000000000000000
817;17276;0,200000000000000000000
817;276780;0,200000000000000000000
819;452;0,187500000000000000000
819;531;0,187500000000000000000
819;933;0,062500000000000000000
819;1116;0,437500000000000000000
819;642255;0,125000000000000000000
822;453;0,500000000000000000000
822;839;0,500000000000000000000
827;2355;0,166666666666666666666
827;3098;0,166666666666666666666
827;4159;0,333333333333333333333
827;6504;0,333333333333333333333
835;4159;0,111111111111111111111
835;5136;0,222222222222222222222
835;5679;0,555555555555555555555
835;6504;0,111111111111111111111
839;172;0,214285714285714285714
839;822;0,071428571428571428571
839;1498;0,285714285714285714285
839;3560;0,071428571428571428571
839;4432;0,214285714285714285714
839;4472;0,142857142857142857142
841;622;0,200000000000000000000
841;2830;0,200000000000000000000
841;4179;0,600000000000000000000
844;201;0,038461538461538461538
844;360;0,153846153846153846153
844;1719;0,038461538461538461538
844;1855;0,038461538461538461538
844;2015;0,153846153846153846153
844;2800;0,038461538461538461538
844;3567;0,384615384615384615384
844;3891;0,076923076923076923076
844;13158;0,038461538461538461538
844;14013;0,038461538461538461538
845;71;0,017543859649122807017
845;72;0,017543859649122807017
845;96;0,017543859649122807017
845;131;0,105263157894736842105
845;263;0,035087719298245614035
845;277;0,017543859649122807017
845;360;0,017543859649122807017
845;420;0,087719298245614035087
845;846;0,122807017543859649122
845;982;0,035087719298245614035
845;1041;0,035087719298245614035
845;1065;0,017543859649122807017
845;1235;0,017543859649122807017
845;1263;0,017543859649122807017
845;1316;0,017543859649122807017
845;1437;0,035087719298245614035
845;1724;0,052631578947368421052
845;2731;0,052631578947368421052
845;3393;0,052631578947368421052
845;10020;0,017543859649122807017
845;26980;0,017543859649122807017
845;59841;0,017543859649122807017
845;131383;0,035087719298245614035
845;192866;0,017543859649122807017
845;193005;0,017543859649122807017
845;398787;0,087719298245614035087
845;623129;0,017543859649122807017
846;263;0,046511627906976744186
846;277;0,046511627906976744186
846;283;0,023255813953488372093
846;296;0,023255813953488372093
846;845;0,116279069767441860465
846;904;0,023255813953488372093
846;982;0,023255813953488372093
846;1041;0,023255813953488372093
846;1263;0,023255813953488372093
846;1437;0,093023255813953488372
846;1754;0,023255813953488372093
846;2697;0,023255813953488372093
846;2731;0,023255813953488372093
846;2744;0,023255813953488372093
846;2863;0,023255813953488372093
846;3105;0,023255813953488372093
846;3123;0,023255813953488372093
846;3256;0,023255813953488372093
846;3427;0,023255813953488372093
846;3683;0,046511627906976744186
846;5149;0,023255813953488372093
846;5638;0,023255813953488372093
846;7975;0,023255813953488372093
846;8715;0,023255813953488372093
846;59841;0,046511627906976744186
846;192866;0,139534883720930232558
846;512469;0,023255813953488372093
849;5647;1,000000000000000000000
851;374246;1,000000000000000000000
853;499;0,500000000000000000000
853;1458;0,500000000000000000000
854;315;0,083333333333333333333
854;990;0,166666666666666666666
854;1946;0,083333333333333333333
854;2744;0,083333333333333333333
854;4538;0,083333333333333333333
854;4751;0,083333333333333333333
854;9090;0,083333333333333333333
854;12432;0,083333333333333333333
854;28528;0,166666666666666666666
854;116140;0,083333333333333333333
855;23;0,008000000000000000000
855;115;0,008000000000000000000
855;176;0,008000000000000000000
855;198;0,008000000000000000000
855;201;0,008000000000000000000
855;360;0,008000000000000000000
855;490;0,008000000000000000000
855;543;0,008000000000000000000
855;579;0,008000000000000000000
855;607;0,008000000000000000000
855;652;0,008000000000000000000
855;727;0,008000000000000000000
855;844;0,008000000000000000000
855;885;0,008000000000000000000
855;886;0,008000000000000000000
855;988;0,008000000000000000000
855;1053;0,008000000000000000000
855;1120;0,008000000000000000000
855;1210;0,008000000000000000000
855;1284;0,024000000000000000000
855;1307;0,008000000000000000000
855;1501;0,008000000000000000000
855;1585;0,008000000000000000000
855;1719;0,008000000000000000000
855;1841;0,008000000000000000000
855;1843;0,008000000000000000000
855;1855;0,008000000000000000000
855;1864;0,008000000000000000000
855;1949;0,008000000000000000000
855;1956;0,008000000000000000000
855;2048;0,008000000000000000000
855;2117;0,008000000000000000000
855;2125;0,008000000000000000000
855;2162;0,008000000000000000000
855;2198;0,008000000000000000000
855;2199;0,008000000000000000000
855;2210;0,008000000000000000000
855;2278;0,008000000000000000000
855;2288;0,008000000000000000000
855;2352;0,008000000000000000000
855;2440;0,008000000000000000000
855;2621;0,008000000000000000000
855;2704;0,008000000000000000000
855;2794;0,008000000000000000000
855;2850;0,008000000000000000000
855;2851;0,008000000000000000000
855;2884;0,008000000000000000000
855;3015;0,008000000000000000000
855;3164;0,008000000000000000000
855;3235;0,008000000000000000000
855;3480;0,008000000000000000000
855;3481;0,008000000000000000000
855;3508;0,008000000000000000000
855;3532;0,008000000000000000000
855;3567;0,008000000000000000000
855;3678;0,008000000000000000000
855;3763;0,008000000000000000000
855;3815;0,008000000000000000000
855;3891;0,008000000000000000000
855;3911;0,008000000000000000000
855;4004;0,008000000000000000000
855;4257;0,008000000000000000000
855;4268;0,008000000000000000000
855;4355;0,008000000000000000000
855;4486;0,008000000000000000000
855;4814;0,008000000000000000000
855;4860;0,008000000000000000000
855;4933;0,008000000000000000000
855;4935;0,008000000000000000000
855;5061;0,008000000000000000000
855;5088;0,008000000000000000000
855;5089;0,008000000000000000000
855;5172;0,008000000000000000000
855;5329;0,008000000000000000000
855;5493;0,008000000000000000000
855;5521;0,008000000000000000000
855;5528;0,008000000000000000000
855;5613;0,008000000000000000000
855;6406;0,008000000000000000000
855;6557;0,008000000000000000000
855;6856;0,008000000000000000000
855;6994;0,008000000000000000000
855;6997;0,008000000000000000000
855;7920;0,008000000000000000000
855;8062;0,008000000000000000000
855;8513;0,008000000000000000000
855;8909;0,008000000000000000000
855;9300;0,008000000000000000000
855;9338;0,008000000000000000000
855;9360;0,008000000000000000000
855;9468;0,008000000000000000000
855;9476;0,008000000000000000000
855;9542;0,008000000000000000000
855;10480;0,008000000000000000000
855;12577;0,008000000000000000000
855;13122;0,008000000000000000000
855;13158;0,008000000000000000000
855;13178;0,008000000000000000000
855;13907;0,008000000000000000000
855;14602;0,008000000000000000000
855;14683;0,008000000000000000000
855;14803;0,008000000000000000000
855;14881;0,008000000000000000000
855;15331;0,008000000000000000000
855;15762;0,008000000000000000000
855;15888;0,008000000000000000000
855;16280;0,008000000000000000000
855;17584;0,008000000000000000000
855;17622;0,008000000000000000000
855;17665;0,008000000000000000000
855;17727;0,008000000000000000000
855;18070;0,008000000000000000000
855;18396;0,008000000000000000000
855;21005;0,008000000000000000000
855;22702;0,008000000000000000000
855;22705;0,008000000000000000000
855;22708;0,008000000000000000000
855;22880;0,008000000000000000000
855;23930;0,008000000000000000000
855;23953;0,008000000000000000000
855;23954;0,008000000000000000000
855;72209;0,008000000000000000000
855;508789;0,008000000000000000000
861;267;0,235294117647058823529
861;1513;0,058823529411764705882
861;1583;0,058823529411764705882
861;1591;0,117647058823529411764
861;1678;0,058823529411764705882
861;2139;0,235294117647058823529
861;2398;0,058823529411764705882
861;3045;0,117647058823529411764
861;8095;0,058823529411764705882
863;4132;1,000000000000000000000
864;2371;1,000000000000000000000
869;1894;0,666666666666666666666
869;2569;0,083333333333333333333
869;7906;0,166666666666666666666
869;119973;0,083333333333333333333
870;1454;0,500000000000000000000
870;3315;0,500000000000000000000
877;524;0,076923076923076923076
877;622;0,076923076923076923076
877;883;0,076923076923076923076
877;887;0,076923076923076923076
877;1044;0,153846153846153846153
877;1066;0,076923076923076923076
877;5440;0,076923076923076923076
877;5557;0,076923076923076923076
877;5679;0,307692307692307692307
883;5513;1,000000000000000000000
885;748;0,250000000000000000000
885;2198;0,125000000000000000000
885;5493;0,250000000000000000000
885;5613;0,125000000000000000000
885;9360;0,125000000000000000000
885;94073;0,125000000000000000000
886;607;0,142857142857142857142
886;1623;0,142857142857142857142
886;2129;0,142857142857142857142
886;2863;0,142857142857142857142
886;3015;0,142857142857142857142
886;5061;0,142857142857142857142
886;45724;0,142857142857142857142
887;877;0,666666666666666666666
887;3394;0,333333333333333333333
890;1231;0,800000000000000000000
890;93146;0,200000000000000000000
899;1160;1,000000000000000000000
904;292;0,083333333333333333333
904;407;0,083333333333333333333
904;846;0,250000000000000000000
904;945;0,083333333333333333333
904;2200;0,083333333333333333333
904;10604;0,083333333333333333333
904;12333;0,083333333333333333333
904;12563;0,083333333333333333333
904;119973;0,166666666666666666666
911;1236;0,125000000000000000000
911;3142;0,125000000000000000000
911;3414;0,125000000000000000000
911;9681;0,250000000000000000000
911;10188;0,125000000000000000000
911;259831;0,250000000000000000000
918;351;0,125000000000000000000
918;817;0,125000000000000000000
918;3158;0,250000000000000000000
918;3204;0,125000000000000000000
918;4803;0,125000000000000000000
918;13369;0,125000000000000000000
918;54879;0,125000000000000000000
925;1974;0,250000000000000000000
925;2517;0,250000000000000000000
925;10491;0,250000000000000000000
925;14323;0,250000000000000000000
933;819;0,333333333333333333333
933;2516;0,333333333333333333333
933;276505;0,333333333333333333333
937;163;0,034482758620689655172
937;285;0,017241379310344827586
937;768;0,034482758620689655172
937;777;0,034482758620689655172
937;822;0,034482758620689655172
937;1149;0,017241379310344827586
937;1427;0,034482758620689655172
937;1476;0,034482758620689655172
937;1482;0,034482758620689655172
937;1483;0,034482758620689655172
937;1717;0,034482758620689655172
937;1749;0,034482758620689655172
937;1915;0,034482758620689655172
937;1991;0,034482758620689655172
937;3306;0,034482758620689655172
937;3675;0,034482758620689655172
937;4080;0,017241379310344827586
937;4283;0,034482758620689655172
937;4361;0,034482758620689655172
937;4432;0,051724137931034482758
937;4439;0,034482758620689655172
937;4462;0,034482758620689655172
937;4463;0,051724137931034482758
937;4464;0,034482758620689655172
937;4471;0,051724137931034482758
937;6903;0,034482758620689655172
937;8611;0,034482758620689655172
937;17516;0,034482758620689655172
937;40028;0,034482758620689655172
938;5679;1,000000000000000000000
945;388;0,052631578947368421052
945;391;0,052631578947368421052
945;407;0,052631578947368421052
945;719;0,052631578947368421052
945;1135;0,052631578947368421052
945;2140;0,052631578947368421052
945;3095;0,052631578947368421052
945;5679;0,263157894736842105263
945;7975;0,157894736842105263157
945;12959;0,157894736842105263157
945;17282;0,052631578947368421052
955;1751;0,333333333333333333333
955;3877;0,333333333333333333333
955;4681;0,333333333333333333333
960;911;0,052631578947368421052
960;1401;0,052631578947368421052
960;1744;0,052631578947368421052
960;2280;0,052631578947368421052
960;3142;0,052631578947368421052
960;3414;0,052631578947368421052
960;4240;0,052631578947368421052
960;4262;0,052631578947368421052
960;4491;0,052631578947368421052
960;4715;0,052631578947368421052
960;4758;0,052631578947368421052
960;5530;0,052631578947368421052
960;6604;0,052631578947368421052
960;7221;0,052631578947368421052
960;7301;0,052631578947368421052
960;8723;0,052631578947368421052
960;9184;0,052631578947368421052
960;9409;0,052631578947368421052
960;9806;0,052631578947368421052
965;2147;0,500000000000000000000
965;5144;0,500000000000000000000
967;409;1,000000000000000000000
970;621;0,100000000000000000000
970;2385;0,100000000000000000000
970;7650;0,400000000000000000000
970;9386;0,100000000000000000000
970;13265;0,300000000000000000000
972;11;0,333333333333333333333
972;1154;0,333333333333333333333
972;4553;0,333333333333333333333
977;151;0,100000000000000000000
977;866;0,200000000000000000000
977;1744;0,100000000000000000000
977;2644;0,100000000000000000000
977;5564;0,200000000000000000000
977;5691;0,100000000000000000000
977;9158;0,100000000000000000000
977;9184;0,100000000000000000000
979;50;0,500000000000000000000
979;6535;0,500000000000000000000
980;113;0,125000000000000000000
980;1234;0,125000000000000000000
980;1237;0,062500000000000000000
980;1277;0,312500000000000000000
980;1278;0,062500000000000000000
980;2111;0,062500000000000000000
980;3219;0,125000000000000000000
980;10188;0,125000000000000000000
982;845;0,125000000000000000000
982;1041;0,500000000000000000000
982;2731;0,125000000000000000000
982;9483;0,125000000000000000000
982;623129;0,125000000000000000000
983;138;0,024390243902439024390
983;155;0,024390243902439024390
983;161;0,024390243902439024390
983;194;0,024390243902439024390
983;427;0,024390243902439024390
983;454;0,024390243902439024390
983;498;0,024390243902439024390
983;513;0,024390243902439024390
983;588;0,024390243902439024390
983;695;0,024390243902439024390
983;920;0,024390243902439024390
983;1118;0,024390243902439024390
983;1122;0,024390243902439024390
983;1841;0,024390243902439024390
983;2445;0,024390243902439024390
983;2504;0,024390243902439024390
983;2544;0,024390243902439024390
983;2744;0,024390243902439024390
983;2823;0,024390243902439024390
983;3233;0,024390243902439024390
983;4004;0,024390243902439024390
983;4205;0,024390243902439024390
983;4206;0,024390243902439024390
983;4553;0,024390243902439024390
983;4627;0,024390243902439024390
983;4821;0,024390243902439024390
983;4906;0,073170731707317073170
983;9693;0,024390243902439024390
983;21697;0,243902439024390243902
983;27848;0,024390243902439024390
984;472;0,266666666666666666666
984;1917;0,400000000000000000000
984;3528;0,133333333333333333333
984;4553;0,200000000000000000000
990;854;0,200000000000000000000
990;2744;0,200000000000000000000
990;3095;0,200000000000000000000
990;8666;0,200000000000000000000
990;16653;0,200000000000000000000
995;39;0,016393442622950819672
995;54;0,081967213114754098360
995;190;0,032786885245901639344
995;362;0,065573770491803278688
995;467;0,032786885245901639344
995;681;0,032786885245901639344
995;682;0,032786885245901639344
995;887;0,016393442622950819672
995;1058;0,049180327868852459016
995;1264;0,065573770491803278688
995;1419;0,065573770491803278688
995;1554;0,016393442622950819672
995;1891;0,049180327868852459016
995;2052;0,032786885245901639344
995;2054;0,016393442622950819672
995;2728;0,016393442622950819672
995;3029;0,016393442622950819672
995;3082;0,032786885245901639344
995;3980;0,032786885245901639344
995;3983;0,065573770491803278688
995;4237;0,016393442622950819672
995;4374;0,016393442622950819672
995;5167;0,032786885245901639344
995;5854;0,016393442622950819672
995;6048;0,032786885245901639344
995;7259;0,032786885245901639344
995;7882;0,016393442622950819672
995;8156;0,016393442622950819672
995;8513;0,016393442622950819672
995;8623;0,016393442622950819672
995;10338;0,016393442622950819672
997;3940;1,000000000000000000000
1004;3877;0,200000000000000000000
1004;6892;0,800000000000000000000
1010;1018;0,285714285714285714285
1010;1293;0,285714285714285714285
1010;2001;0,142857142857142857142
1010;3809;0,285714285714285714285
1014;232;0,142857142857142857142
1014;437;0,142857142857142857142
1014;1064;0,142857142857142857142
1014;1321;0,428571428571428571428
1014;6072;0,142857142857142857142
1018;37;0,083333333333333333333
1018;216;0,166666666666666666666
1018;1010;0,083333333333333333333
1018;1293;0,083333333333333333333
1018;2001;0,083333333333333333333
1018;3809;0,166666666666666666666
1018;4421;0,083333333333333333333
1018;5470;0,083333333333333333333
1018;6461;0,083333333333333333333
1018;10523;0,083333333333333333333
1022;1657;1,000000000000000000000
1024;5647;0,500000000000000000000
1024;12817;0,500000000000000000000
1030;3685;1,000000000000000000000
1033;1639;1,000000000000000000000
1034;1033;0,166666666666666666666
1034;4553;0,166666666666666666666
1034;5679;0,666666666666666666666
1037;13769;1,000000000000000000000
1040;4513;0,500000000000000000000
1040;6554;0,500000000000000000000
1041;845;0,103448275862068965517
1041;982;0,413793103448275862068
1041;1263;0,103448275862068965517
1041;2287;0,034482758620689655172
1041;2422;0,103448275862068965517
1041;16497;0,034482758620689655172
1041;26251;0,034482758620689655172
1041;193005;0,034482758620689655172
1041;767166;0,137931034482758620689
1042;1771;0,500000000000000000000
1042;2425;0,500000000000000000000
1044;877;0,666666666666666666666
1044;12798;0,333333333333333333333
1048;3045;1,000000000000000000000
1053;5856;1,000000000000000000000
1058;1236;0,400000000000000000000
1058;1335;0,200000000000000000000
1058;98068;0,400000000000000000000
1060;3271;0,500000000000000000000
1060;533247;0,500000000000000000000
1064;174;0,214285714285714285714
1064;220;0,071428571428571428571
1064;249;0,071428571428571428571
1064;1321;0,142857142857142857142
1064;3427;0,428571428571428571428
1064;6634;0,071428571428571428571
1066;9;0,001644736842105263157
1066;22;0,001644736842105263157
1066;65;0,001644736842105263157
1066;77;0,001644736842105263157
1066;78;0,001644736842105263157
1066;90;0,001644736842105263157
1066;127;0,001644736842105263157
1066;151;0,001644736842105263157
1066;184;0,001644736842105263157
1066;190;0,001644736842105263157
1066;192;0,001644736842105263157
1066;206;0,001644736842105263157
1066;235;0,001644736842105263157
1066;242;0,001644736842105263157
1066;307;0,001644736842105263157
1066;373;0,001644736842105263157
1066;378;0,001644736842105263157
1066;466;0,001644736842105263157
1066;467;0,001644736842105263157
1066;474;0,001644736842105263157
1066;496;0,001644736842105263157
1066;497;0,001644736842105263157
1066;521;0,001644736842105263157
1066;524;0,001644736842105263157
1066;526;0,001644736842105263157
1066;528;0,001644736842105263157
1066;529;0,001644736842105263157
1066;577;0,001644736842105263157
1066;594;0,001644736842105263157
1066;611;0,001644736842105263157
1066;620;0,001644736842105263157
1066;621;0,001644736842105263157
1066;622;0,001644736842105263157
1066;766;0,001644736842105263157
1066;815;0,001644736842105263157
1066;841;0,001644736842105263157
1066;866;0,001644736842105263157
1066;877;0,001644736842105263157
1066;878;0,001644736842105263157
1066;883;0,001644736842105263157
1066;887;0,001644736842105263157
1066;906;0,001644736842105263157
1066;938;0,001644736842105263157
1066;960;0,001644736842105263157
1066;965;0,001644736842105263157
1066;966;0,001644736842105263157
1066;970;0,001644736842105263157
1066;977;0,001644736842105263157
1066;1044;0,001644736842105263157
1066;1060;0,001644736842105263157
1066;1101;0,001644736842105263157
1066;1109;0,001644736842105263157
1066;1114;0,001644736842105263157
1066;1121;0,001644736842105263157
1066;1122;0,001644736842105263157
1066;1150;0,001644736842105263157
1066;1234;0,001644736842105263157
1066;1240;0,001644736842105263157
1066;1263;0,001644736842105263157
1066;1274;0,001644736842105263157
1066;1286;0,001644736842105263157
1066;1325;0,001644736842105263157
1066;1327;0,001644736842105263157
1066;1328;0,001644736842105263157
1066;1329;0,001644736842105263157
1066;1331;0,001644736842105263157
1066;1332;0,001644736842105263157
1066;1335;0,001644736842105263157
1066;1336;0,001644736842105263157
1066;1337;0,001644736842105263157
1066;1393;0,001644736842105263157
1066;1401;0,001644736842105263157
1066;1419;0,001644736842105263157
1066;1432;0,001644736842105263157
1066;1473;0,001644736842105263157
1066;1475;0,001644736842105263157
1066;1508;0,001644736842105263157
1066;1525;0,001644736842105263157
1066;1549;0,001644736842105263157
1066;1625;0,001644736842105263157
1066;1632;0,001644736842105263157
1066;1667;0,003289473684210526315
1066;1676;0,001644736842105263157
1066;1743;0,001644736842105263157
1066;1744;0,001644736842105263157
1066;1780;0,001644736842105263157
1066;1838;0,001644736842105263157
1066;1856;0,001644736842105263157
1066;1866;0,001644736842105263157
1066;1971;0,001644736842105263157
1066;2017;0,001644736842105263157
1066;2023;0,001644736842105263157
1066;2027;0,001644736842105263157
1066;2029;0,001644736842105263157
1066;2037;0,001644736842105263157
1066;2039;0,001644736842105263157
1066;2041;0,001644736842105263157
1066;2043;0,001644736842105263157
1066;2046;0,001644736842105263157
1066;2050;0,001644736842105263157
1066;2052;0,001644736842105263157
1066;2054;0,001644736842105263157
1066;2059;0,001644736842105263157
1066;2064;0,001644736842105263157
1066;2066;0,001644736842105263157
1066;2070;0,001644736842105263157
1066;2071;0,001644736842105263157
1066;2146;0,001644736842105263157
1066;2147;0,006578947368421052631
1066;2150;0,001644736842105263157
1066;2152;0,001644736842105263157
1066;2153;0,001644736842105263157
1066;2156;0,001644736842105263157
1066;2212;0,001644736842105263157
1066;2213;0,001644736842105263157
1066;2215;0,001644736842105263157
1066;2216;0,001644736842105263157
1066;2223;0,001644736842105263157
1066;2271;0,001644736842105263157
1066;2272;0,001644736842105263157
1066;2280;0,001644736842105263157
1066;2312;0,001644736842105263157
1066;2349;0,001644736842105263157
1066;2359;0,001644736842105263157
1066;2369;0,001644736842105263157
1066;2385;0,001644736842105263157
1066;2403;0,001644736842105263157
1066;2418;0,001644736842105263157
1066;2434;0,001644736842105263157
1066;2492;0,001644736842105263157
1066;2498;0,001644736842105263157
1066;2503;0,001644736842105263157
1066;2504;0,001644736842105263157
1066;2586;0,001644736842105263157
1066;2644;0,001644736842105263157
1066;2683;0,001644736842105263157
1066;2697;0,001644736842105263157
1066;2737;0,001644736842105263157
1066;2738;0,001644736842105263157
1066;2740;0,001644736842105263157
1066;2779;0,001644736842105263157
1066;2780;0,001644736842105263157
1066;2786;0,003289473684210526315
1066;2823;0,001644736842105263157
1066;2830;0,001644736842105263157
1066;2832;0,001644736842105263157
1066;2998;0,001644736842105263157
1066;3017;0,001644736842105263157
1066;3085;0,001644736842105263157
1066;3116;0,001644736842105263157
1066;3142;0,001644736842105263157
1066;3147;0,001644736842105263157
1066;3158;0,001644736842105263157
1066;3204;0,001644736842105263157
1066;3205;0,001644736842105263157
1066;3241;0,001644736842105263157
1066;3268;0,001644736842105263157
1066;3269;0,001644736842105263157
1066;3271;0,001644736842105263157
1066;3296;0,001644736842105263157
1066;3311;0,001644736842105263157
1066;3328;0,001644736842105263157
1066;3355;0,001644736842105263157
1066;3356;0,001644736842105263157
1066;3394;0,001644736842105263157
1066;3403;0,001644736842105263157
1066;3414;0,001644736842105263157
1066;3535;0,001644736842105263157
1066;3591;0,001644736842105263157
1066;3680;0,001644736842105263157
1066;3703;0,001644736842105263157
1066;3704;0,001644736842105263157
1066;3714;0,001644736842105263157
1066;3736;0,001644736842105263157
1066;3748;0,001644736842105263157
1066;3781;0,001644736842105263157
1066;3798;0,001644736842105263157
1066;3800;0,001644736842105263157
1066;3864;0,001644736842105263157
1066;3983;0,001644736842105263157
1066;3991;0,001644736842105263157
1066;3998;0,001644736842105263157
1066;4048;0,001644736842105263157
1066;4064;0,001644736842105263157
1066;4070;0,001644736842105263157
1066;4086;0,001644736842105263157
1066;4146;0,001644736842105263157
1066;4147;0,001644736842105263157
1066;4197;0,001644736842105263157
1066;4208;0,001644736842105263157
1066;4237;0,001644736842105263157
1066;4240;0,001644736842105263157
1066;4262;0,001644736842105263157
1066;4271;0,001644736842105263157
1066;4280;0,001644736842105263157
1066;4281;0,001644736842105263157
1066;4364;0,001644736842105263157
1066;4380;0,001644736842105263157
1066;4414;0,001644736842105263157
1066;4491;0,001644736842105263157
1066;4493;0,001644736842105263157
1066;4500;0,001644736842105263157
1066;4525;0,001644736842105263157
1066;4533;0,001644736842105263157
1066;4561;0,001644736842105263157
1066;4580;0,001644736842105263157
1066;4625;0,001644736842105263157
1066;4715;0,001644736842105263157
1066;4720;0,001644736842105263157
1066;4748;0,001644736842105263157
1066;4755;0,001644736842105263157
1066;4758;0,001644736842105263157
1066;4765;0,001644736842105263157
1066;4829;0,001644736842105263157
1066;4979;0,001644736842105263157
1066;5082;0,001644736842105263157
1066;5097;0,001644736842105263157
1066;5119;0,001644736842105263157
1066;5144;0,001644736842105263157
1066;5167;0,001644736842105263157
1066;5214;0,001644736842105263157
1066;5219;0,001644736842105263157
1066;5250;0,001644736842105263157
1066;5264;0,001644736842105263157
1066;5351;0,001644736842105263157
1066;5367;0,001644736842105263157
1066;5437;0,001644736842105263157
1066;5438;0,001644736842105263157
1066;5439;0,001644736842105263157
1066;5441;0,001644736842105263157
1066;5442;0,001644736842105263157
1066;5443;0,001644736842105263157
1066;5444;0,001644736842105263157
1066;5445;0,001644736842105263157
1066;5446;0,001644736842105263157
1066;5459;0,003289473684210526315
1066;5469;0,001644736842105263157
1066;5487;0,001644736842105263157
1066;5513;0,001644736842105263157
1066;5519;0,001644736842105263157
1066;5522;0,001644736842105263157
1066;5530;0,001644736842105263157
1066;5545;0,001644736842105263157
1066;5557;0,001644736842105263157
1066;5564;0,001644736842105263157
1066;5629;0,001644736842105263157
1066;5632;0,001644736842105263157
1066;5691;0,001644736842105263157
1066;5698;0,001644736842105263157
1066;5762;0,001644736842105263157
1066;5831;0,001644736842105263157
1066;5892;0,001644736842105263157
1066;5922;0,001644736842105263157
1066;5944;0,001644736842105263157
1066;6189;0,001644736842105263157
1066;6213;0,001644736842105263157
1066;6234;0,001644736842105263157
1066;6316;0,001644736842105263157
1066;6320;0,001644736842105263157
1066;6465;0,001644736842105263157
1066;6472;0,001644736842105263157
1066;6548;0,001644736842105263157
1066;6581;0,001644736842105263157
1066;6604;0,001644736842105263157
1066;6624;0,001644736842105263157
1066;6693;0,001644736842105263157
1066;6781;0,001644736842105263157
1066;6827;0,001644736842105263157
1066;6828;0,001644736842105263157
1066;7221;0,001644736842105263157
1066;7278;0,001644736842105263157
1066;7301;0,001644736842105263157
1066;7328;0,001644736842105263157
1066;7546;0,001644736842105263157
1066;7564;0,001644736842105263157
1066;7586;0,001644736842105263157
1066;7650;0,001644736842105263157
1066;7747;0,001644736842105263157
1066;7759;0,001644736842105263157
1066;7762;0,001644736842105263157
1066;7767;0,001644736842105263157
1066;7780;0,001644736842105263157
1066;7788;0,001644736842105263157
1066;7939;0,001644736842105263157
1066;7979;0,001644736842105263157
1066;7983;0,001644736842105263157
1066;8090;0,001644736842105263157
1066;8143;0,001644736842105263157
1066;8156;0,001644736842105263157
1066;8293;0,001644736842105263157
1066;8381;0,001644736842105263157
1066;8500;0,001644736842105263157
1066;8611;0,001644736842105263157
1066;8618;0,001644736842105263157
1066;8623;0,001644736842105263157
1066;8633;0,001644736842105263157
1066;8723;0,001644736842105263157
1066;8730;0,001644736842105263157
1066;8933;0,001644736842105263157
1066;9026;0,001644736842105263157
1066;9110;0,001644736842105263157
1066;9158;0,001644736842105263157
1066;9184;0,001644736842105263157
1066;9208;0,001644736842105263157
1066;9217;0,001644736842105263157
1066;9371;0,001644736842105263157
1066;9381;0,001644736842105263157
1066;9382;0,001644736842105263157
1066;9384;0,001644736842105263157
1066;9386;0,001644736842105263157
1066;9387;0,001644736842105263157
1066;9389;0,001644736842105263157
1066;9390;0,001644736842105263157
1066;9391;0,001644736842105263157
1066;9392;0,001644736842105263157
1066;9393;0,001644736842105263157
1066;9395;0,001644736842105263157
1066;9396;0,001644736842105263157
1066;9398;0,001644736842105263157
1066;9399;0,001644736842105263157
1066;9400;0,001644736842105263157
1066;9401;0,001644736842105263157
1066;9402;0,001644736842105263157
1066;9403;0,001644736842105263157
1066;9405;0,001644736842105263157
1066;9406;0,001644736842105263157
1066;9407;0,001644736842105263157
1066;9408;0,001644736842105263157
1066;9409;0,001644736842105263157
1066;9410;0,001644736842105263157
1066;9411;0,001644736842105263157
1066;9412;0,001644736842105263157
1066;9413;0,001644736842105263157
1066;9414;0,001644736842105263157
1066;9415;0,001644736842105263157
1066;9416;0,001644736842105263157
1066;9417;0,001644736842105263157
1066;9418;0,001644736842105263157
1066;9420;0,001644736842105263157
1066;9421;0,001644736842105263157
1066;9422;0,001644736842105263157
1066;9424;0,001644736842105263157
1066;9425;0,001644736842105263157
1066;9426;0,001644736842105263157
1066;9431;0,001644736842105263157
1066;9432;0,001644736842105263157
1066;9433;0,001644736842105263157
1066;9434;0,001644736842105263157
1066;9435;0,001644736842105263157
1066;9436;0,001644736842105263157
1066;9437;0,001644736842105263157
1066;9438;0,001644736842105263157
1066;9439;0,001644736842105263157
1066;9441;0,001644736842105263157
1066;9442;0,001644736842105263157
1066;9624;0,001644736842105263157
1066;9681;0,001644736842105263157
1066;9806;0,001644736842105263157
1066;9807;0,001644736842105263157
1066;9839;0,001644736842105263157
1066;9994;0,001644736842105263157
1066;10000;0,001644736842105263157
1066;10080;0,001644736842105263157
1066;10169;0,001644736842105263157
1066;10649;0,001644736842105263157
1066;10740;0,001644736842105263157
1066;10946;0,001644736842105263157
1066;11030;0,001644736842105263157
1066;11213;0,001644736842105263157
1066;11536;0,001644736842105263157
1066;11839;0,001644736842105263157
1066;11999;0,001644736842105263157
1066;12001;0,001644736842105263157
1066;12098;0,001644736842105263157
1066;12394;0,001644736842105263157
1066;12523;0,001644736842105263157
1066;12612;0,001644736842105263157
1066;12717;0,001644736842105263157
1066;12798;0,001644736842105263157
1066;13006;0,001644736842105263157
1066;13026;0,001644736842105263157
1066;13265;0,001644736842105263157
1066;13369;0,001644736842105263157
1066;13372;0,001644736842105263157
1066;13545;0,001644736842105263157
1066;13560;0,001644736842105263157
1066;14073;0,001644736842105263157
1066;14151;0,001644736842105263157
1066;14465;0,001644736842105263157
1066;14839;0,001644736842105263157
1066;15437;0,001644736842105263157
1066;15890;0,001644736842105263157
1066;16644;0,001644736842105263157
1066;17323;0,001644736842105263157
1066;17453;0,001644736842105263157
1066;17502;0,001644736842105263157
1066;17530;0,001644736842105263157
1066;17603;0,001644736842105263157
1066;18145;0,001644736842105263157
1066;18247;0,001644736842105263157
1066;18251;0,001644736842105263157
1066;18258;0,001644736842105263157
1066;18264;0,001644736842105263157
1066;18577;0,001644736842105263157
1066;19031;0,001644736842105263157
1066;20235;0,001644736842105263157
1066;20662;0,001644736842105263157
1066;20669;0,001644736842105263157
1066;20801;0,001644736842105263157
1066;20969;0,001644736842105263157
1066;21594;0,001644736842105263157
1066;21839;0,001644736842105263157
1066;25849;0,001644736842105263157
1066;25899;0,001644736842105263157
1066;26502;0,001644736842105263157
1066;26746;0,001644736842105263157
1066;27173;0,001644736842105263157
1066;27286;0,001644736842105263157
1066;27312;0,001644736842105263157
1066;27315;0,001644736842105263157
1066;27316;0,001644736842105263157
1066;27317;0,001644736842105263157
1066;27320;0,001644736842105263157
1066;27321;0,001644736842105263157
1066;27324;0,001644736842105263157
1066;27325;0,001644736842105263157
1066;27330;0,001644736842105263157
1066;27332;0,001644736842105263157
1066;27335;0,001644736842105263157
1066;27337;0,001644736842105263157
1066;27340;0,001644736842105263157
1066;27456;0,001644736842105263157
1066;27494;0,001644736842105263157
1066;27500;0,001644736842105263157
1066;27512;0,001644736842105263157
1066;27636;0,001644736842105263157
1066;27761;0,001644736842105263157
1066;27762;0,001644736842105263157
1066;27764;0,001644736842105263157
1066;27765;0,001644736842105263157
1066;27767;0,001644736842105263157
1066;27768;0,001644736842105263157
1066;27770;0,001644736842105263157
1066;27771;0,001644736842105263157
1066;27773;0,001644736842105263157
1066;27774;0,001644736842105263157
1066;27778;0,001644736842105263157
1066;27779;0,001644736842105263157
1066;27781;0,001644736842105263157
1066;27782;0,001644736842105263157
1066;27788;0,001644736842105263157
1066;27789;0,001644736842105263157
1066;27790;0,001644736842105263157
1066;27791;0,001644736842105263157
1066;27793;0,001644736842105263157
1066;27797;0,001644736842105263157
1066;27799;0,001644736842105263157
1066;27800;0,001644736842105263157
1066;27803;0,001644736842105263157
1066;27808;0,001644736842105263157
1066;27837;0,001644736842105263157
1066;27854;0,001644736842105263157
1066;27863;0,001644736842105263157
1066;27865;0,001644736842105263157
1066;27870;0,001644736842105263157
1066;27884;0,001644736842105263157
1066;27891;0,001644736842105263157
1066;27892;0,001644736842105263157
1066;27893;0,001644736842105263157
1066;27902;0,001644736842105263157
1066;27928;0,001644736842105263157
1066;28159;0,001644736842105263157
1066;28227;0,001644736842105263157
1066;28234;0,001644736842105263157
1066;28235;0,001644736842105263157
1066;28239;0,001644736842105263157
1066;28240;0,001644736842105263157
1066;28241;0,001644736842105263157
1066;28242;0,001644736842105263157
1066;28245;0,001644736842105263157
1066;28248;0,001644736842105263157
1066;28250;0,001644736842105263157
1066;28254;0,001644736842105263157
1066;28257;0,001644736842105263157
1066;28258;0,001644736842105263157
1066;28259;0,001644736842105263157
1066;28260;0,001644736842105263157
1066;28261;0,001644736842105263157
1066;28264;0,001644736842105263157
1066;28270;0,001644736842105263157
1066;28272;0,001644736842105263157
1066;28273;0,001644736842105263157
1066;28274;0,001644736842105263157
1066;28275;0,001644736842105263157
1066;28277;0,001644736842105263157
1066;28279;0,001644736842105263157
1066;28281;0,001644736842105263157
1066;28286;0,001644736842105263157
1066;28442;0,001644736842105263157
1066;28513;0,001644736842105263157
1066;28593;0,001644736842105263157
1066;28598;0,001644736842105263157
1066;28738;0,001644736842105263157
1066;28815;0,001644736842105263157
1066;28866;0,001644736842105263157
1066;28867;0,001644736842105263157
1066;28868;0,001644736842105263157
1066;28869;0,001644736842105263157
1066;28871;0,001644736842105263157
1066;28872;0,001644736842105263157
1066;28873;0,001644736842105263157
1066;28875;0,001644736842105263157
1066;28877;0,001644736842105263157
1066;28879;0,001644736842105263157
1066;28887;0,001644736842105263157
1066;28899;0,001644736842105263157
1066;28902;0,001644736842105263157
1066;28903;0,001644736842105263157
1066;28905;0,001644736842105263157
1066;28906;0,001644736842105263157
1066;28907;0,001644736842105263157
1066;28908;0,001644736842105263157
1066;28909;0,001644736842105263157
1066;28910;0,001644736842105263157
1066;28911;0,001644736842105263157
1066;28912;0,001644736842105263157
1066;28925;0,001644736842105263157
1066;29061;0,001644736842105263157
1066;29068;0,001644736842105263157
1066;44981;0,001644736842105263157
1066;50625;0,001644736842105263157
1066;53012;0,001644736842105263157
1066;56195;0,001644736842105263157
1066;57838;0,001644736842105263157
1066;62135;0,001644736842105263157
1066;67566;0,001644736842105263157
1066;71224;0,001644736842105263157
1066;78275;0,001644736842105263157
1066;92556;0,001644736842105263157
1066;99818;0,001644736842105263157
1066;112062;0,001644736842105263157
1066;134008;0,001644736842105263157
1066;135596;0,001644736842105263157
1066;137497;0,001644736842105263157
1066;139139;0,001644736842105263157
1066;151009;0,001644736842105263157
1066;151929;0,001644736842105263157
1066;169356;0,001644736842105263157
1066;170451;0,001644736842105263157
1066;173632;0,001644736842105263157
1066;219255;0,001644736842105263157
1066;255445;0,001644736842105263157
1066;257324;0,001644736842105263157
1066;259831;0,001644736842105263157
1066;276505;0,001644736842105263157
1066;284854;0,001644736842105263157
1066;286660;0,001644736842105263157
1066;287409;0,001644736842105263157
1066;308238;0,001644736842105263157
1066;309580;0,001644736842105263157
1066;325535;0,001644736842105263157
1066;326597;0,001644736842105263157
1066;327535;0,001644736842105263157
1066;327858;0,001644736842105263157
1066;327859;0,001644736842105263157
1066;327860;0,001644736842105263157
1066;329223;0,001644736842105263157
1066;329359;0,001644736842105263157
1066;330934;0,001644736842105263157
1066;333184;0,001644736842105263157
1066;334818;0,001644736842105263157
1066;343719;0,001644736842105263157
1066;352262;0,003289473684210526315
1066;352420;0,001644736842105263157
1066;353446;0,001644736842105263157
1066;355594;0,001644736842105263157
1066;365524;0,001644736842105263157
1066;368482;0,001644736842105263157
1066;369262;0,001644736842105263157
1066;377275;0,001644736842105263157
1066;379234;0,001644736842105263157
1066;382779;0,001644736842105263157
1066;402244;0,001644736842105263157
1066;402245;0,001644736842105263157
1066;402247;0,001644736842105263157
1066;409094;0,001644736842105263157
1066;455454;0,001644736842105263157
1066;455455;0,001644736842105263157
1066;455456;0,001644736842105263157
1066;455457;0,001644736842105263157
1066;455458;0,001644736842105263157
1066;455459;0,001644736842105263157
1066;455460;0,001644736842105263157
1066;455461;0,001644736842105263157
1066;455462;0,001644736842105263157
1066;455463;0,001644736842105263157
1066;525330;0,001644736842105263157
1066;533247;0,001644736842105263157
1066;640335;0,001644736842105263157
1066;708789;0,001644736842105263157
1066;810172;0,001644736842105263157
1069;2961;1,000000000000000000000
1073;770;0,083333333333333333333
1073;1315;0,250000000000000000000
1073;1984;0,083333333333333333333
1073;1985;0,083333333333333333333
1073;4918;0,083333333333333333333
1073;4919;0,083333333333333333333
1073;8109;0,166666666666666666666
1073;9513;0,166666666666666666666
1077;1020;0,500000000000000000000
1077;5921;0,500000000000000000000
1079;2509;0,666666666666666666666
1079;12706;0,333333333333333333333
1082;38;0,100000000000000000000
1082;189;0,100000000000000000000
1082;573;0,050000000000000000000
1082;609;0,150000000000000000000
1082;1854;0,050000000000000000000
1082;2433;0,100000000000000000000
1082;4372;0,100000000000000000000
1082;7756;0,100000000000000000000
1082;10255;0,050000000000000000000
1082;12755;0,050000000000000000000
1082;13899;0,100000000000000000000
1082;19402;0,050000000000000000000
1083;38;0,285714285714285714285
1083;4372;0,142857142857142857142
1083;5148;0,428571428571428571428
1083;13899;0,142857142857142857142
1085;464;0,111111111111111111111
1085;2591;0,222222222222222222222
1085;3610;0,222222222222222222222
1085;8756;0,222222222222222222222
1085;9296;0,222222222222222222222
1094;1164;0,666666666666666666666
1094;38738;0,333333333333333333333
1100;295;1,000000000000000000000
1101;2046;1,000000000000000000000
1109;192;0,083333333333333333333
1109;841;0,083333333333333333333
1109;1122;0,083333333333333333333
1109;1597;0,083333333333333333333
1109;2059;0,083333333333333333333
1109;2212;0,083333333333333333333
1109;2223;0,083333333333333333333
1109;2492;0,083333333333333333333
1109;2504;0,083333333333333333333
1109;7762;0,083333333333333333333
1109;9391;0,083333333333333333333
1109;9402;0,083333333333333333333
1117;2547;0,384615384615384615384
1117;7135;0,076923076923076923076
1117;8253;0,230769230769230769230
1117;12591;0,076923076923076923076
1117;704910;0,230769230769230769230
1118;5679;0,833333333333333333333
1118;12432;0,166666666666666666666
1121;190;0,047619047619047619047
1121;192;0,047619047619047619047
1121;285;0,047619047619047619047
1121;524;0,047619047619047619047
1121;526;0,047619047619047619047
1121;621;0,047619047619047619047
1121;841;0,047619047619047619047
1121;877;0,047619047619047619047
1121;1109;0,047619047619047619047
1121;2147;0,190476190476190476190
1121;3085;0,047619047619047619047
1121;4281;0,047619047619047619047
1121;4720;0,047619047619047619047
1121;5367;0,047619047619047619047
1121;5441;0,047619047619047619047
1121;5632;0,047619047619047619047
1121;7759;0,047619047619047619047
1121;10169;0,047619047619047619047
1123;292;0,250000000000000000000
1123;405;0,250000000000000000000
1123;9615;0,250000000000000000000
1123;44336;0,250000000000000000000
1131;80;0,200000000000000000000
1131;668;0,200000000000000000000
1131;876;0,400000000000000000000
1131;440509;0,200000000000000000000
1133;2362;1,000000000000000000000
1135;1596;0,166666666666666666666
1135;1606;0,666666666666666666666
1135;687941;0,166666666666666666666
1140;5591;1,000000000000000000000
1141;283;0,222222222222222222222
1141;2293;0,333333333333333333333
1141;5628;0,444444444444444444444
1142;283;0,200000000000000000000
1142;861;0,200000000000000000000
1142;1591;0,200000000000000000000
1142;2714;0,100000000000000000000
1142;3045;0,200000000000000000000
1142;4747;0,100000000000000000000
1143;645;0,200000000000000000000
1143;2803;0,200000000000000000000
1143;5338;0,400000000000000000000
1143;6527;0,200000000000000000000
1149;937;0,600000000000000000000
1149;5430;0,400000000000000000000
1150;77;0,250000000000000000000
1150;1122;0,250000000000000000000
1150;2054;0,250000000000000000000
1150;2150;0,250000000000000000000
1152;846;0,250000000000000000000
1152;2834;0,250000000000000000000
1152;6496;0,250000000000000000000
1152;6501;0,250000000000000000000
1153;5158;1,000000000000000000000
1154;625;0,071428571428571428571
1154;626;0,071428571428571428571
1154;972;0,071428571428571428571
1154;1637;0,071428571428571428571
1154;1853;0,142857142857142857142
1154;2302;0,285714285714285714285
1154;4553;0,071428571428571428571
1154;12775;0,071428571428571428571
1154;283633;0,071428571428571428571
1154;307900;0,071428571428571428571
1160;749;0,062500000000000000000
1160;899;0,062500000000000000000
1160;1391;0,062500000000000000000
1160;1513;0,125000000000000000000
1160;1696;0,062500000000000000000
1160;2054;0,062500000000000000000
1160;3158;0,125000000000000000000
1160;3234;0,062500000000000000000
1160;3656;0,062500000000000000000
1160;6151;0,062500000000000000000
1160;6347;0,062500000000000000000
1160;41565;0,062500000000000000000
1160;283638;0,062500000000000000000
1160;353698;0,062500000000000000000
1164;1094;1,000000000000000000000
1169;71;0,050724637681159420289
1169;100;0,050724637681159420289
1169;138;0,050724637681159420289
1169;276;0,050724637681159420289
1169;695;0,050724637681159420289
1169;1432;0,007246376811594202898
1169;1939;0,014492753623188405797
1169;1942;0,050724637681159420289
1169;1943;0,050724637681159420289
1169;1944;0,050724637681159420289
1169;1945;0,050724637681159420289
1169;1946;0,050724637681159420289
1169;3523;0,050724637681159420289
1169;4206;0,007246376811594202898
1169;4512;0,050724637681159420289
1169;13537;0,050724637681159420289
1169;41776;0,050724637681159420289
1169;59745;0,108695652173913043478
1169;59841;0,007246376811594202898
1169;98841;0,050724637681159420289
1169;131383;0,050724637681159420289
1169;133828;0,021739130434782608695
1169;366089;0,007246376811594202898
1169;408414;0,007246376811594202898
1169;499117;0,007246376811594202898
1181;2306;0,166666666666666666666
1181;17607;0,166666666666666666666
1181;584314;0,666666666666666666666
1196;1111;0,040000000000000000000
1196;1713;0,040000000000000000000
1196;1963;0,040000000000000000000
1196;2429;0,040000000000000000000
1196;2563;0,040000000000000000000
1196;3523;0,040000000000000000000
1196;3683;0,040000000000000000000
1196;3722;0,040000000000000000000
1196;4059;0,160000000000000000000
1196;4293;0,040000000000000000000
1196;7765;0,080000000000000000000
1196;8225;0,120000000000000000000
1196;349041;0,040000000000000000000
1196;727898;0,240000000000000000000
1198;14652;1,000000000000000000000
1210;115;0,300000000000000000000
1210;211;0,100000000000000000000
1210;1864;0,200000000000000000000
1210;2704;0,100000000000000000000
1210;9468;0,300000000000000000000
1216;2742;1,000000000000000000000
1220;530;0,166666666666666666666
1220;1771;0,333333333333333333333
1220;2419;0,166666666666666666666
1220;13179;0,166666666666666666666
1220;20307;0,166666666666666666666
1225;12430;1,000000000000000000000
1231;890;0,375000000000000000000
1231;2736;0,125000000000000000000
1231;2803;0,125000000000000000000
1231;3141;0,125000000000000000000
1231;3268;0,125000000000000000000
1231;333343;0,125000000000000000000
1234;1092;0,166666666666666666666
1234;2111;0,333333333333333333333
1234;4039;0,166666666666666666666
1234;8623;0,166666666666666666666
1234;9442;0,166666666666666666666
1235;845;0,250000000000000000000
1235;2111;0,125000000000000000000
1235;3393;0,500000000000000000000
1235;21154;0,125000000000000000000
1236;190;0,041666666666666666666
1236;407;0,041666666666666666666
1236;911;0,041666666666666666666
1236;1058;0,083333333333333333333
1236;1109;0,041666666666666666666
1236;1277;0,041666666666666666666
1236;2204;0,208333333333333333333
1236;3188;0,250000000000000000000
1236;3325;0,041666666666666666666
1236;4086;0,041666666666666666666
1236;5469;0,041666666666666666666
1236;9424;0,041666666666666666666
1236;10188;0,041666666666666666666
1236;21154;0,041666666666666666666
1237;1092;0,285714285714285714285
1237;1234;0,428571428571428571428
1237;1277;0,142857142857142857142
1237;2684;0,142857142857142857142
1246;6250;1,000000000000000000000
1250;657;0,111111111111111111111
1250;835;0,055555555555555555555
1250;859;0,111111111111111111111
1250;904;0,055555555555555555555
1250;1121;0,055555555555555555555
1250;2834;0,111111111111111111111
1250;8213;0,055555555555555555555
1250;8229;0,111111111111111111111
1250;24258;0,111111111111111111111
1250;28784;0,111111111111111111111
1250;307900;0,055555555555555555555
1250;329272;0,055555555555555555555
1254;119;0,200000000000000000000
1254;4172;0,100000000000000000000
1254;5149;0,200000000000000000000
1254;5180;0,100000000000000000000
1254;189452;0,200000000000000000000
1254;190971;0,200000000000000000000
1261;41;0,142857142857142857142
1261;158;0,285714285714285714285
1261;159;0,142857142857142857142
1261;160;0,285714285714285714285
1261;275;0,142857142857142857142
1265;1867;0,333333333333333333333
1265;4172;0,333333333333333333333
1265;28970;0,333333333333333333333
1276;4159;0,333333333333333333333
1276;6524;0,333333333333333333333
1276;6527;0,333333333333333333333
1277;113;0,026315789473684210526
1277;352;0,052631578947368421052
1277;980;0,026315789473684210526
1277;1058;0,026315789473684210526
1277;1116;0,026315789473684210526
1277;1234;0,026315789473684210526
1277;1235;0,078947368421052631578
1277;1236;0,078947368421052631578
1277;1237;0,026315789473684210526
1277;1570;0,026315789473684210526
1277;1591;0,026315789473684210526
1277;2684;0,052631578947368421052
1277;3802;0,026315789473684210526
1277;4530;0,052631578947368421052
1277;10188;0,289473684210526315789
1277;21154;0,078947368421052631578
1277;602536;0,078947368421052631578
1278;2;0,047619047619047619047
1278;113;0,071428571428571428571
1278;520;0,023809523809523809523
1278;678;0,023809523809523809523
1278;749;0,023809523809523809523
1278;912;0,047619047619047619047
1278;980;0,047619047619047619047
1278;1591;0,047619047619047619047
1278;1814;0,095238095238095238095
1278;1889;0,023809523809523809523
1278;1902;0,047619047619047619047
1278;1931;0,047619047619047619047
1278;2046;0,023809523809523809523
1278;2661;0,023809523809523809523
1278;2684;0,023809523809523809523
1278;2713;0,023809523809523809523
1278;3392;0,119047619047619047619
1278;4001;0,047619047619047619047
1278;5218;0,047619047619047619047
1278;5909;0,047619047619047619047
1278;13472;0,047619047619047619047
1278;259831;0,023809523809523809523
1278;587057;0,023809523809523809523
1282;2543;1,000000000000000000000
1284;855;1,000000000000000000000
1286;65;0,157894736842105263157
1286;452;0,105263157894736842105
1286;526;0,105263157894736842105
1286;938;0,052631578947368421052
1286;970;0,052631578947368421052
1286;1754;0,052631578947368421052
1286;2434;0,157894736842105263157
1286;3116;0,052631578947368421052
1286;7747;0,105263157894736842105
1286;13545;0,105263157894736842105
1286;57838;0,052631578947368421052
1288;2371;0,500000000000000000000
1288;2438;0,250000000000000000000
1288;3978;0,250000000000000000000
1293;216;0,030303030303030303030
1293;523;0,030303030303030303030
1293;573;0,030303030303030303030
1293;1010;0,030303030303030303030
1293;1018;0,030303030303030303030
1293;2001;0,030303030303030303030
1293;2188;0,030303030303030303030
1293;2484;0,030303030303030303030
1293;3189;0,030303030303030303030
1293;3551;0,060606060606060606060
1293;3809;0,030303030303030303030
1293;4000;0,030303030303030303030
1293;4001;0,030303030303030303030
1293;4090;0,030303030303030303030
1293;4091;0,030303030303030303030
1293;4421;0,030303030303030303030
1293;4877;0,030303030303030303030
1293;5470;0,030303030303030303030
1293;5800;0,030303030303030303030
1293;6372;0,030303030303030303030
1293;6991;0,030303030303030303030
1293;7748;0,030303030303030303030
1293;8268;0,030303030303030303030
1293;10523;0,030303030303030303030
1293;13504;0,060606060606060606060
1293;14050;0,030303030303030303030
1293;17148;0,030303030303030303030
1293;18149;0,030303030303030303030
1293;18300;0,030303030303030303030
1293;20436;0,030303030303030303030
1293;21512;0,030303030303030303030
1301;1681;1,000000000000000000000
1307;727;0,250000000000000000000
1307;4004;0,750000000000000000000
1310;285;0,142857142857142857142
1310;1868;0,142857142857142857142
1310;4020;0,571428571428571428571
1310;7886;0,142857142857142857142
1316;7577;1,000000000000000000000
1319;550;0,166666666666666666666
1319;3458;0,166666666666666666666
1319;12706;0,666666666666666666666
1321;437;0,043478260869565217391
1321;492;0,043478260869565217391
1321;1014;0,217391304347826086956
1321;1064;0,043478260869565217391
1321;1563;0,173913043478260869565
1321;3359;0,130434782608695652173
1321;3427;0,304347826086956521739
1321;6072;0,043478260869565217391
1322;863;1,000000000000000000000
1325;307;0,083333333333333333333
1325;378;0,083333333333333333333
1325;1240;0,083333333333333333333
1325;1327;0,083333333333333333333
1325;1329;0,083333333333333333333
1325;1331;0,083333333333333333333
1325;1335;0,083333333333333333333
1325;1337;0,083333333333333333333
1325;2152;0,083333333333333333333
1325;5831;0,083333333333333333333
1325;15437;0,083333333333333333333
1325;27808;0,083333333333333333333
1326;9;0,004761904761904761904
1326;65;0,014285714285714285714
1326;190;0,014285714285714285714
1326;192;0,004761904761904761904
1326;206;0,004761904761904761904
1326;307;0,004761904761904761904
1326;373;0,004761904761904761904
1326;378;0,004761904761904761904
1326;467;0,004761904761904761904
1326;524;0,004761904761904761904
1326;526;0,014285714285714285714
1326;528;0,004761904761904761904
1326;621;0,004761904761904761904
1326;841;0,004761904761904761904
1326;877;0,004761904761904761904
1326;878;0,004761904761904761904
1326;883;0,004761904761904761904
1326;970;0,004761904761904761904
1326;1044;0,004761904761904761904
1326;1066;0,004761904761904761904
1326;1109;0,014285714285714285714
1326;1122;0,004761904761904761904
1326;1150;0,004761904761904761904
1326;1234;0,004761904761904761904
1326;1274;0,004761904761904761904
1326;1327;0,004761904761904761904
1326;1329;0,004761904761904761904
1326;1332;0,004761904761904761904
1326;1335;0,014285714285714285714
1326;1337;0,004761904761904761904
1326;1419;0,004761904761904761904
1326;1549;0,004761904761904761904
1326;1625;0,004761904761904761904
1326;1667;0,014285714285714285714
1326;1676;0,004761904761904761904
1326;1838;0,004761904761904761904
1326;2017;0,004761904761904761904
1326;2039;0,004761904761904761904
1326;2041;0,004761904761904761904
1326;2050;0,004761904761904761904
1326;2054;0,004761904761904761904
1326;2059;0,004761904761904761904
1326;2064;0,004761904761904761904
1326;2066;0,004761904761904761904
1326;2071;0,014285714285714285714
1326;2147;0,004761904761904761904
1326;2149;0,004761904761904761904
1326;2150;0,004761904761904761904
1326;2152;0,004761904761904761904
1326;2156;0,004761904761904761904
1326;2212;0,004761904761904761904
1326;2214;0,004761904761904761904
1326;2223;0,014285714285714285714
1326;2271;0,004761904761904761904
1326;2349;0,004761904761904761904
1326;2385;0,004761904761904761904
1326;2492;0,004761904761904761904
1326;2503;0,004761904761904761904
1326;2504;0,004761904761904761904
1326;2586;0,004761904761904761904
1326;2644;0,004761904761904761904
1326;2779;0,004761904761904761904
1326;2780;0,004761904761904761904
1326;2830;0,004761904761904761904
1326;3116;0,014285714285714285714
1326;3142;0,004761904761904761904
1326;3158;0,004761904761904761904
1326;3204;0,004761904761904761904
1326;3355;0,004761904761904761904
1326;3403;0,004761904761904761904
1326;3714;0,004761904761904761904
1326;3736;0,004761904761904761904
1326;3864;0,004761904761904761904
1326;3983;0,004761904761904761904
1326;3998;0,004761904761904761904
1326;4070;0,004761904761904761904
1326;4232;0,004761904761904761904
1326;4237;0,004761904761904761904
1326;4281;0,014285714285714285714
1326;4493;0,004761904761904761904
1326;4525;0,004761904761904761904
1326;4561;0,004761904761904761904
1326;4625;0,004761904761904761904
1326;4715;0,004761904761904761904
1326;4720;0,004761904761904761904
1326;4748;0,004761904761904761904
1326;4755;0,004761904761904761904
1326;4979;0,004761904761904761904
1326;5144;0,004761904761904761904
1326;5214;0,004761904761904761904
1326;5250;0,004761904761904761904
1326;5351;0,004761904761904761904
1326;5437;0,004761904761904761904
1326;5441;0,004761904761904761904
1326;5442;0,004761904761904761904
1326;5629;0,004761904761904761904
1326;5632;0,004761904761904761904
1326;5831;0,004761904761904761904
1326;5892;0,004761904761904761904
1326;5922;0,004761904761904761904
1326;6213;0,014285714285714285714
1326;6234;0,004761904761904761904
1326;6465;0,004761904761904761904
1326;6581;0,004761904761904761904
1326;6604;0,004761904761904761904
1326;6624;0,004761904761904761904
1326;6828;0,004761904761904761904
1326;7278;0,004761904761904761904
1326;7328;0,004761904761904761904
1326;7546;0,004761904761904761904
1326;7564;0,004761904761904761904
1326;7586;0,004761904761904761904
1326;7759;0,004761904761904761904
1326;7762;0,004761904761904761904
1326;7788;0,004761904761904761904
1326;7979;0,004761904761904761904
1326;8500;0,004761904761904761904
1326;8618;0,004761904761904761904
1326;8623;0,004761904761904761904
1326;8730;0,004761904761904761904
1326;8933;0,004761904761904761904
1326;9110;0,004761904761904761904
1326;9208;0,004761904761904761904
1326;9383;0,004761904761904761904
1326;9385;0,004761904761904761904
1326;9387;0,004761904761904761904
1326;9389;0,004761904761904761904
1326;9391;0,004761904761904761904
1326;9396;0,004761904761904761904
1326;9397;0,004761904761904761904
1326;9402;0,004761904761904761904
1326;9405;0,004761904761904761904
1326;9409;0,004761904761904761904
1326;9416;0,004761904761904761904
1326;9421;0,004761904761904761904
1326;9424;0,014285714285714285714
1326;9440;0,004761904761904761904
1326;9681;0,004761904761904761904
1326;10000;0,004761904761904761904
1326;10080;0,004761904761904761904
1326;10169;0,004761904761904761904
1326;10649;0,004761904761904761904
1326;10740;0,004761904761904761904
1326;11213;0,004761904761904761904
1326;11536;0,004761904761904761904
1326;11999;0,004761904761904761904
1326;12798;0,004761904761904761904
1326;13006;0,004761904761904761904
1326;13369;0,004761904761904761904
1326;13372;0,004761904761904761904
1326;14073;0,004761904761904761904
1326;14465;0,004761904761904761904
1326;15437;0,004761904761904761904
1326;16644;0,004761904761904761904
1326;17603;0,004761904761904761904
1326;18247;0,004761904761904761904
1326;18258;0,004761904761904761904
1326;19031;0,004761904761904761904
1326;20801;0,004761904761904761904
1326;26502;0,004761904761904761904
1326;27173;0,004761904761904761904
1326;27286;0,004761904761904761904
1326;27512;0,004761904761904761904
1326;27837;0,004761904761904761904
1326;27865;0,004761904761904761904
1326;27892;0,004761904761904761904
1326;27893;0,004761904761904761904
1326;28598;0,004761904761904761904
1326;28738;0,004761904761904761904
1326;56195;0,004761904761904761904
1326;219255;0,004761904761904761904
1326;257324;0,004761904761904761904
1326;276505;0,004761904761904761904
1326;284854;0,004761904761904761904
1326;286660;0,004761904761904761904
1326;308238;0,004761904761904761904
1326;309580;0,004761904761904761904
1326;325535;0,004761904761904761904
1326;327858;0,004761904761904761904
1326;327859;0,004761904761904761904
1326;329359;0,004761904761904761904
1326;334818;0,004761904761904761904
1326;352262;0,004761904761904761904
1326;365524;0,004761904761904761904
1326;382779;0,004761904761904761904
1326;423622;0,004761904761904761904
1327;1332;1,000000000000000000000
1335;1058;1,000000000000000000000
1337;190;1,000000000000000000000
1340;351;0,090909090909090909090
1340;4278;0,181818181818181818181
1340;434991;0,727272727272727272727
1342;11;1,000000000000000000000
1344;5679;0,272727272727272727272
1344;179346;0,727272727272727272727
1348;73;0,133333333333333333333
1348;658;0,066666666666666666666
1348;914;0,133333333333333333333
1348;1068;0,133333333333333333333
1348;2318;0,133333333333333333333
1348;5789;0,133333333333333333333
1348;8081;0,066666666666666666666
1348;20853;0,133333333333333333333
1348;28970;0,066666666666666666666
1364;237;0,545454545454545454545
1364;261;0,181818181818181818181
1364;2133;0,181818181818181818181
1364;3219;0,090909090909090909090
1370;281;0,142857142857142857142
1370;452;0,285714285714285714285
1370;1129;0,142857142857142857142
1370;23720;0,142857142857142857142
1370;693032;0,142857142857142857142
1370;791903;0,142857142857142857142
1374;119;0,600000000000000000000
1374;484;0,100000000000000000000
1374;4313;0,200000000000000000000
1374;13476;0,100000000000000000000
1379;4424;1,000000000000000000000
1397;412;0,500000000000000000000
1397;12563;0,500000000000000000000
1402;529797;1,000000000000000000000
1419;995;1,000000000000000000000
1432;689;0,500000000000000000000
1432;1169;0,200000000000000000000
1432;1321;0,100000000000000000000
1432;20648;0,100000000000000000000
1432;27672;0,100000000000000000000
1434;288;0,062500000000000000000
1434;568;0,062500000000000000000
1434;608;0,062500000000000000000
1434;1082;0,062500000000000000000
1434;1083;0,062500000000000000000
1434;3212;0,062500000000000000000
1434;3968;0,062500000000000000000
1434;5037;0,062500000000000000000
1434;6461;0,062500000000000000000
1434;7701;0,062500000000000000000
1434;9376;0,062500000000000000000
1434;11656;0,062500000000000000000
1434;11890;0,062500000000000000000
1434;16666;0,062500000000000000000
1434;17677;0,062500000000000000000
1434;17678;0,062500000000000000000
1437;845;0,100000000000000000000
1437;846;0,400000000000000000000
1437;1065;0,100000000000000000000
1437;2544;0,100000000000000000000
1437;192866;0,200000000000000000000
1437;623129;0,100000000000000000000
1439;1831;0,200000000000000000000
1439;2489;0,200000000000000000000
1439;3420;0,200000000000000000000
1439;5679;0,200000000000000000000
1439;90666;0,200000000000000000000
1440;1589;0,500000000000000000000
1440;9356;0,500000000000000000000
1445;324897;1,000000000000000000000
1451;1517;0,500000000000000000000
1451;9340;0,500000000000000000000
1454;1610;0,666666666666666666666
1454;28467;0,166666666666666666666
1454;156500;0,166666666666666666666
1455;289;0,071428571428571428571
1455;1036;0,071428571428571428571
1455;1487;0,071428571428571428571
1455;1689;0,071428571428571428571
1455;1694;0,071428571428571428571
1455;1695;0,071428571428571428571
1455;1698;0,071428571428571428571
1455;1735;0,071428571428571428571
1455;2195;0,071428571428571428571
1455;4160;0,071428571428571428571
1455;11230;0,071428571428571428571
1455;267368;0,214285714285714285714
1457;2509;0,333333333333333333333
1457;12706;0,666666666666666666666
1462;658;0,250000000000000000000
1462;2184;0,250000000000000000000
1462;12706;0,500000000000000000000
1464;1637;0,750000000000000000000
1464;2712;0,250000000000000000000
1468;1042;0,500000000000000000000
1468;2421;0,500000000000000000000
1473;9399;1,000000000000000000000
1475;90;0,750000000000000000000
1475;151009;0,250000000000000000000
1477;8928;1,000000000000000000000
1479;194;0,166666666666666666666
1479;2863;0,166666666666666666666
1479;5037;0,166666666666666666666
1479;8928;0,333333333333333333333
1479;9112;0,166666666666666666666
1483;8928;1,000000000000000000000
1487;909;1,000000000000000000000
1497;689;1,000000000000000000000
1498;104;0,173913043478260869565
1498;172;0,391304347826086956521
1498;839;0,086956521739130434782
1498;3836;0,086956521739130434782
1498;4099;0,043478260869565217391
1498;4472;0,217391304347826086956
1499;10020;1,000000000000000000000
1504;1862;0,500000000000000000000
1504;2887;0,250000000000000000000
1504;6635;0,250000000000000000000
1510;108;0,250000000000000000000
1510;1340;0,500000000000000000000
1510;4954;0,250000000000000000000
1513;669;0,076923076923076923076
1513;861;0,076923076923076923076
1513;1160;0,230769230769230769230
1513;1827;0,153846153846153846153
1513;2761;0,153846153846153846153
1513;2990;0,076923076923076923076
1513;6007;0,076923076923076923076
1513;6008;0,153846153846153846153
1515;36;0,375000000000000000000
1515;1448;0,125000000000000000000
1515;4398;0,125000000000000000000
1515;4592;0,250000000000000000000
1515;13676;0,125000000000000000000
1516;336063;1,000000000000000000000
1517;1451;0,500000000000000000000
1517;3697;0,500000000000000000000
1525;2434;1,000000000000000000000
1527;362;0,500000000000000000000
1527;5886;0,500000000000000000000
1544;2435;0,428571428571428571428
1544;5679;0,571428571428571428571
1549;1597;1,000000000000000000000
1554;793;0,666666666666666666666
1554;1845;0,333333333333333333333
1556;61;0,133333333333333333333
1556;520;0,133333333333333333333
1556;975;0,066666666666666666666
1556;1016;0,066666666666666666666
1556;2499;0,066666666666666666666
1556;3188;0,066666666666666666666
1556;3683;0,133333333333333333333
1556;5012;0,133333333333333333333
1556;5016;0,066666666666666666666
1556;8445;0,066666666666666666666
1556;347540;0,066666666666666666666
1561;1700;1,000000000000000000000
1565;812;0,181818181818181818181
1565;1036;0,045454545454545454545
1565;1562;0,090909090909090909090
1565;2470;0,227272727272727272727
1565;2890;0,227272727272727272727
1565;3395;0,227272727272727272727
1570;11;0,018181818181818181818
1570;101;0,009090909090909090909
1570;241;0,009090909090909090909
1570;248;0,009090909090909090909
1570;250;0,009090909090909090909
1570;251;0,009090909090909090909
1570;274;0,009090909090909090909
1570;279;0,009090909090909090909
1570;284;0,009090909090909090909
1570;285;0,009090909090909090909
1570;455;0,009090909090909090909
1570;678;0,009090909090909090909
1570;698;0,009090909090909090909
1570;737;0,009090909090909090909
1570;781;0,009090909090909090909
1570;802;0,009090909090909090909
1570;861;0,009090909090909090909
1570;873;0,009090909090909090909
1570;912;0,009090909090909090909
1570;1149;0,009090909090909090909
1570;1271;0,009090909090909090909
1570;1277;0,009090909090909090909
1570;1499;0,009090909090909090909
1570;1513;0,009090909090909090909
1570;1515;0,009090909090909090909
1570;1520;0,009090909090909090909
1570;1547;0,009090909090909090909
1570;1591;0,009090909090909090909
1570;1710;0,009090909090909090909
1570;1741;0,009090909090909090909
1570;1814;0,009090909090909090909
1570;1827;0,018181818181818181818
1570;2009;0,009090909090909090909
1570;2087;0,009090909090909090909
1570;2139;0,009090909090909090909
1570;2252;0,009090909090909090909
1570;2398;0,009090909090909090909
1570;2455;0,009090909090909090909
1570;2472;0,009090909090909090909
1570;2510;0,009090909090909090909
1570;2515;0,018181818181818181818
1570;2523;0,009090909090909090909
1570;2655;0,009090909090909090909
1570;2661;0,009090909090909090909
1570;2706;0,009090909090909090909
1570;2713;0,009090909090909090909
1570;2714;0,009090909090909090909
1570;2716;0,009090909090909090909
1570;2990;0,018181818181818181818
1570;3045;0,018181818181818181818
1570;3103;0,009090909090909090909
1570;3381;0,009090909090909090909
1570;3383;0,009090909090909090909
1570;3392;0,009090909090909090909
1570;3429;0,009090909090909090909
1570;3459;0,009090909090909090909
1570;3473;0,018181818181818181818
1570;3601;0,009090909090909090909
1570;3619;0,009090909090909090909
1570;3701;0,009090909090909090909
1570;3838;0,009090909090909090909
1570;3867;0,009090909090909090909
1570;3870;0,009090909090909090909
1570;3871;0,045454545454545454545
1570;3872;0,009090909090909090909
1570;3873;0,009090909090909090909
1570;3992;0,009090909090909090909
1570;4187;0,009090909090909090909
1570;4213;0,009090909090909090909
1570;4313;0,009090909090909090909
1570;4337;0,009090909090909090909
1570;4376;0,009090909090909090909
1570;4398;0,009090909090909090909
1570;4592;0,009090909090909090909
1570;4613;0,009090909090909090909
1570;4787;0,009090909090909090909
1570;5430;0,009090909090909090909
1570;5679;0,045454545454545454545
1570;6007;0,009090909090909090909
1570;6008;0,009090909090909090909
1570;6105;0,009090909090909090909
1570;6347;0,009090909090909090909
1570;7160;0,009090909090909090909
1570;7334;0,009090909090909090909
1570;9258;0,009090909090909090909
1570;9330;0,009090909090909090909
1570;9514;0,009090909090909090909
1570;10021;0,009090909090909090909
1570;10197;0,009090909090909090909
1570;10595;0,009090909090909090909
1570;13294;0,009090909090909090909
1570;13673;0,009090909090909090909
1570;13675;0,009090909090909090909
1570;13676;0,009090909090909090909
1570;216172;0,009090909090909090909
1570;245879;0,009090909090909090909
1574;426;0,250000000000000000000
1574;1024;0,500000000000000000000
1574;13482;0,250000000000000000000
1589;39;0,500000000000000000000
1589;738;0,333333333333333333333
1589;1440;0,166666666666666666666
1591;281;0,029850746268656716417
1591;283;0,044776119402985074626
1591;737;0,014925373134328358208
1591;802;0,014925373134328358208
1591;861;0,164179104477611940298
1591;873;0,014925373134328358208
1591;912;0,014925373134328358208
1591;980;0,044776119402985074626
1591;1142;0,059701492537313432835
1591;1513;0,014925373134328358208
1591;2111;0,014925373134328358208
1591;2237;0,014925373134328358208
1591;2379;0,104477611940298507462
1591;2512;0,014925373134328358208
1591;2990;0,014925373134328358208
1591;3045;0,134328358208955223880
1591;3234;0,074626865671641791044
1591;3381;0,074626865671641791044
1591;3619;0,014925373134328358208
1591;3992;0,014925373134328358208
1591;4787;0,014925373134328358208
1591;10020;0,074626865671641791044
1591;23419;0,014925373134328358208
1596;794;0,153846153846153846153
1596;1180;0,153846153846153846153
1596;2200;0,076923076923076923076
1596;2772;0,076923076923076923076
1596;5918;0,384615384615384615384
1596;9098;0,076923076923076923076
1596;11734;0,076923076923076923076
1597;4440;1,000000000000000000000
1606;1135;1,000000000000000000000
1608;437;0,166666666666666666666
1608;1014;0,166666666666666666666
1608;1563;0,166666666666666666666
1608;1883;0,166666666666666666666
1608;4245;0,166666666666666666666
1608;6940;0,166666666666666666666
1609;1014;0,100000000000000000000
1609;3768;0,100000000000000000000
1609;4085;0,300000000000000000000
1609;6940;0,200000000000000000000
1609;13291;0,300000000000000000000
1610;1454;0,800000000000000000000
1610;6940;0,200000000000000000000
1629;1694;0,500000000000000000000
1629;3971;0,500000000000000000000
1632;156500;1,000000000000000000000
1637;222;0,040000000000000000000
1637;411;0,040000000000000000000
1637;635;0,040000000000000000000
1637;1154;0,040000000000000000000
1637;1464;0,120000000000000000000
1637;2712;0,240000000000000000000
1637;2834;0,040000000000000000000
1637;3518;0,040000000000000000000
1637;3633;0,040000000000000000000
1637;12775;0,040000000000000000000
1637;14826;0,040000000000000000000
1637;157662;0,040000000000000000000
1637;283638;0,040000000000000000000
1637;336640;0,120000000000000000000
1637;357817;0,040000000000000000000
1637;767229;0,040000000000000000000
1639;85;0,300000000000000000000
1639;1033;0,200000000000000000000
1639;1154;0,100000000000000000000
1639;2302;0,100000000000000000000
1639;4553;0,100000000000000000000
1639;4598;0,100000000000000000000
1639;9350;0,100000000000000000000
1644;517;0,333333333333333333333
1644;2421;0,333333333333333333333
1644;5640;0,333333333333333333333
1650;13041;1,000000000000000000000
1657;6496;1,000000000000000000000
1667;190;0,100000000000000000000
1667;192;0,050000000000000000000
1667;964;0,100000000000000000000
1667;1066;0,075000000000000000000
1667;1122;0,050000000000000000000
1667;2150;0,100000000000000000000
1667;3328;0,100000000000000000000
1667;5219;0,050000000000000000000
1667;5437;0,100000000000000000000
1667;5440;0,050000000000000000000
1667;5564;0,075000000000000000000
1667;5632;0,075000000000000000000
1667;7747;0,025000000000000000000
1667;7759;0,025000000000000000000
1667;8611;0,025000000000000000000
1676;5264;0,500000000000000000000
1676;5441;0,500000000000000000000
1678;861;0,333333333333333333333
1678;7713;0,333333333333333333333
1678;9019;0,333333333333333333333
1681;131;0,071428571428571428571
1681;420;0,071428571428571428571
1681;733;0,142857142857142857142
1681;899;0,071428571428571428571
1681;1066;0,071428571428571428571
1681;2147;0,071428571428571428571
1681;2435;0,071428571428571428571
1681;2786;0,142857142857142857142
1681;3105;0,071428571428571428571
1681;3427;0,071428571428571428571
1681;3683;0,071428571428571428571
1681;23759;0,071428571428571428571
1689;1340;0,333333333333333333333
1689;1694;0,333333333333333333333
1689;434991;0,333333333333333333333
1694;1566;0,250000000000000000000
1694;1629;0,250000000000000000000
1694;1692;0,250000000000000000000
1694;1763;0,250000000000000000000
1696;1160;1,000000000000000000000
1697;689;0,111111111111111111111
1697;1708;0,111111111111111111111
1697;2506;0,222222222222222222222
1697;3427;0,111111111111111111111
1697;5753;0,111111111111111111111
1697;8580;0,111111111111111111111
1697;10093;0,111111111111111111111
1697;67709;0,111111111111111111111
1700;1562;0,125000000000000000000
1700;1608;0,125000000000000000000
1700;4245;0,250000000000000000000
1700;6634;0,125000000000000000000
1700;9951;0,250000000000000000000
1700;283638;0,125000000000000000000
1702;174;0,333333333333333333333
1702;689;0,666666666666666666666
1705;220;0,111111111111111111111
1705;1064;0,111111111111111111111
1705;1563;0,111111111111111111111
1705;1632;0,111111111111111111111
1705;2826;0,111111111111111111111
1705;3098;0,111111111111111111111
1705;3359;0,222222222222222222222
1705;529797;0,111111111111111111111
1708;1693;0,200000000000000000000
1708;1754;0,400000000000000000000
1708;5753;0,200000000000000000000
1708;8902;0,200000000000000000000
1717;772;0,285714285714285714285
1717;839;0,142857142857142857142
1717;1598;0,142857142857142857142
1717;2578;0,142857142857142857142
1717;4772;0,142857142857142857142
1717;728154;0,142857142857142857142
1731;19582;0,200000000000000000000
1731;20476;0,800000000000000000000
1741;4117;1,000000000000000000000
1744;3414;0,285714285714285714285
1744;4240;0,142857142857142857142
1744;9184;0,285714285714285714285
1744;9807;0,285714285714285714285
1745;719;1,000000000000000000000
1749;2105;1,000000000000000000000
1751;955;1,000000000000000000000
1754;39;0,024390243902439024390
1754;65;0,036585365853658536585
1754;194;0,024390243902439024390
1754;309;0,012195121951219512195
1754;322;0,012195121951219512195
1754;472;0,036585365853658536585
1754;520;0,012195121951219512195
1754;652;0,012195121951219512195
1754;700;0,012195121951219512195
1754;748;0,073170731707317073170
1754;846;0,012195121951219512195
1754;1286;0,036585365853658536585
1754;1663;0,024390243902439024390
1754;1678;0,024390243902439024390
1754;1708;0,060975609756097560975
1754;1762;0,036585365853658536585
1754;2021;0,048780487804878048780
1754;2188;0,012195121951219512195
1754;2844;0,024390243902439024390
1754;3436;0,012195121951219512195
1754;4613;0,024390243902439024390
1754;4991;0,085365853658536585365
1754;7215;0,036585365853658536585
1754;7630;0,036585365853658536585
1754;7660;0,012195121951219512195
1754;8910;0,024390243902439024390
1754;21507;0,024390243902439024390
1754;27478;0,012195121951219512195
1754;136664;0,012195121951219512195
1754;393418;0,024390243902439024390
1754;453859;0,012195121951219512195
1754;747808;0,146341463414634146341
1763;689;0,500000000000000000000
1763;1694;0,500000000000000000000
1765;869;0,750000000000000000000
1765;7906;0,250000000000000000000
1769;380;0,272727272727272727272
1769;1632;0,090909090909090909090
1769;2254;0,090909090909090909090
1769;2825;0,090909090909090909090
1769;2826;0,090909090909090909090
1769;3359;0,181818181818181818181
1769;7994;0,090909090909090909090
1769;529797;0,090909090909090909090
1771;1042;0,047619047619047619047
1771;1220;0,238095238095238095238
1771;2275;0,190476190476190476190
1771;2419;0,047619047619047619047
1771;2421;0,047619047619047619047
1771;2425;0,047619047619047619047
1771;6419;0,047619047619047619047
1771;6918;0,095238095238095238095
1771;8820;0,047619047619047619047
1771;16497;0,095238095238095238095
1771;27810;0,095238095238095238095
1779;7142;1,000000000000000000000
1780;7759;1,000000000000000000000
1785;10338;1,000000000000000000000
1814;698;0,142857142857142857142
1814;802;0,285714285714285714285
1814;1278;0,285714285714285714285
1814;2087;0,142857142857142857142
1814;2607;0,142857142857142857142
1822;5852;1,000000000000000000000
1824;38;0,200000000000000000000
1824;920;0,200000000000000000000
1824;3087;0,200000000000000000000
1824;9114;0,200000000000000000000
1824;10085;0,200000000000000000000
1831;275;0,250000000000000000000
1831;1439;0,250000000000000000000
1831;5622;0,250000000000000000000
1831;9832;0,250000000000000000000
1838;5564;1,000000000000000000000
1839;5679;1,000000000000000000000
1840;71;0,200000000000000000000
1840;306;0,200000000000000000000
1840;7756;0,600000000000000000000
1844;571;1,000000000000000000000
1853;1154;0,250000000000000000000
1853;37814;0,750000000000000000000
1854;1082;0,333333333333333333333
1854;8268;0,333333333333333333333
1854;19402;0,333333333333333333333
1855;115;1,000000000000000000000
1864;115;0,040816326530612244897
1864;475;0,020408163265306122448
1864;477;0,040816326530612244897
1864;490;0,040816326530612244897
1864;652;0,040816326530612244897
1864;885;0,040816326530612244897
1864;988;0,020408163265306122448
1864;1120;0,040816326530612244897
1864;1210;0,040816326530612244897
1864;1843;0,040816326530612244897
1864;1949;0,020408163265306122448
1864;2198;0,040816326530612244897
1864;2884;0,040816326530612244897
1864;3532;0,040816326530612244897
1864;3567;0,040816326530612244897
1864;3815;0,040816326530612244897
1864;3891;0,040816326530612244897
1864;4355;0,040816326530612244897
1864;5083;0,040816326530612244897
1864;5521;0,040816326530612244897
1864;8513;0,040816326530612244897
1864;9360;0,040816326530612244897
1864;13178;0,040816326530612244897
1864;13907;0,040816326530612244897
1864;50332;0,040816326530612244897
1864;50959;0,040816326530612244897
1866;3680;0,333333333333333333333
1866;5691;0,666666666666666666666
1868;1310;0,500000000000000000000
1868;13294;0,500000000000000000000
1877;609;1,000000000000000000000
1889;2661;0,500000000000000000000
1889;6347;0,500000000000000000000
1891;54;0,666666666666666666666
1891;54440;0,333333333333333333333
1894;113;0,250000000000000000000
1894;671;0,500000000000000000000
1894;119973;0,250000000000000000000
1897;571;0,090909090909090909090
1897;3256;0,045454545454545454545
1897;3548;0,727272727272727272727
1897;3877;0,045454545454545454545
1897;3998;0,045454545454545454545
1897;7095;0,045454545454545454545
1898;1342;0,666666666666666666666
1898;4747;0,333333333333333333333
1902;2;0,166666666666666666666
1902;1278;0,166666666666666666666
1902;5610;0,500000000000000000000
1902;5909;0,166666666666666666666
1906;174;1,000000000000000000000
1912;739;0,125000000000000000000
1912;1913;0,125000000000000000000
1912;5960;0,125000000000000000000
1912;12165;0,125000000000000000000
1912;13074;0,250000000000000000000
1912;19582;0,125000000000000000000
1912;23228;0,125000000000000000000
1913;689;1,000000000000000000000
1917;85;0,250000000000000000000
1917;984;0,750000000000000000000
1940;194;0,166666666666666666666
1940;472;0,166666666666666666666
1940;1762;0,166666666666666666666
1940;3680;0,166666666666666666666
1940;349041;0,333333333333333333333
1942;1340;0,166666666666666666666
1942;5679;0,833333333333333333333
1945;276;0,166666666666666666666
1945;360;0,333333333333333333333
1945;3158;0,166666666666666666666
1945;59745;0,333333333333333333333
1946;72;0,045454545454545454545
1946;127;0,090909090909090909090
1946;276;0,045454545454545454545
1946;904;0,045454545454545454545
1946;1692;0,090909090909090909090
1946;2825;0,090909090909090909090
1946;2991;0,090909090909090909090
1946;3395;0,045454545454545454545
1946;3842;0,090909090909090909090
1946;4281;0,045454545454545454545
1946;4821;0,045454545454545454545
1946;6433;0,090909090909090909090
1946;15643;0,090909090909090909090
1946;41776;0,045454545454545454545
1946;743909;0,045454545454545454545
1948;57;0,333333333333333333333
1948;309;0,333333333333333333333
1948;2355;0,111111111111111111111
1948;2487;0,111111111111111111111
1948;3399;0,111111111111111111111
1949;115;0,037037037037037037037
1949;529;0,037037037037037037037
1949;579;0,037037037037037037037
1949;652;0,037037037037037037037
1949;988;0,037037037037037037037
1949;1053;0,037037037037037037037
1949;1956;0,037037037037037037037
1949;2440;0,037037037037037037037
1949;3164;0,037037037037037037037
1949;3340;0,037037037037037037037
1949;3480;0,037037037037037037037
1949;3815;0,037037037037037037037
1949;4102;0,037037037037037037037
1949;4377;0,037037037037037037037
1949;4933;0,037037037037037037037
1949;5172;0,037037037037037037037
1949;5350;0,037037037037037037037
1949;5856;0,037037037037037037037
1949;6557;0,037037037037037037037
1949;7920;0,037037037037037037037
1949;12577;0,037037037037037037037
1949;13907;0,037037037037037037037
1949;17727;0,037037037037037037037
1949;22880;0,037037037037037037037
1949;24837;0,037037037037037037037
1949;24838;0,037037037037037037037
1949;367451;0,037037037037037037037
1956;1897;1,000000000000000000000
1959;10255;1,000000000000000000000
1967;96;0,200000000000000000000
1967;1724;0,200000000000000000000
1967;2543;0,200000000000000000000
1967;6723;0,400000000000000000000
1988;96;0,034482758620689655172
1988;615;0,034482758620689655172
1988;860;0,068965517241379310344
1988;4881;0,758620689655172413793
1988;5578;0,068965517241379310344
1988;13253;0,034482758620689655172
1991;172;0,666666666666666666666
1991;4431;0,166666666666666666666
1991;9720;0,166666666666666666666
1996;964;0,333333333333333333333
1996;8985;0,333333333333333333333
1996;9730;0,333333333333333333333
2005;349;0,500000000000000000000
2005;2264;0,500000000000000000000
2007;12706;1,000000000000000000000
2015;844;0,333333333333333333333
2015;22704;0,666666666666666666666
2017;1109;0,500000000000000000000
2017;2064;0,500000000000000000000
2021;119;0,333333333333333333333
2021;3372;0,333333333333333333333
2021;5149;0,333333333333333333333
2023;15895;1,000000000000000000000
2041;7586;1,000000000000000000000
2046;1101;0,111111111111111111111
2046;4070;0,222222222222222222222
2046;5564;0,111111111111111111111
2046;6320;0,111111111111111111111
2046;9391;0,111111111111111111111
2046;9417;0,111111111111111111111
2046;728154;0,222222222222222222222
2050;220;0,500000000000000000000
2050;1109;0,500000000000000000000
2064;4876;0,250000000000000000000
2064;9395;0,250000000000000000000
2064;333184;0,500000000000000000000
2070;5632;1,000000000000000000000
2078;7585;1,000000000000000000000
2080;5016;1,000000000000000000000
2099;2445;0,750000000000000000000
2099;3802;0,250000000000000000000
2105;1749;0,333333333333333333333
2105;6433;0,333333333333333333333
2105;28381;0,333333333333333333333
2111;1235;0,250000000000000000000
2111;10188;0,250000000000000000000
2111;602536;0,500000000000000000000
2112;398787;1,000000000000000000000
2117;2851;1,000000000000000000000
2119;9615;1,000000000000000000000
2130;138;0,043478260869565217391
2130;689;0,043478260869565217391
2130;4821;0,043478260869565217391
2130;13367;0,043478260869565217391
2130;27416;0,434782608695652173913
2130;373782;0,391304347826086956521
2139;85;0,200000000000000000000
2139;249;0,066666666666666666666
2139;615;0,066666666666666666666
2139;861;0,200000000000000000000
2139;1700;0,066666666666666666666
2139;2293;0,266666666666666666666
2139;3219;0,066666666666666666666
2139;3234;0,066666666666666666666
2140;337;0,250000000000000000000
2140;805;0,250000000000000000000
2140;4512;0,250000000000000000000
2140;6000;0,250000000000000000000
2145;42;0,111111111111111111111
2145;96;0,222222222222222222222
2145;1141;0,111111111111111111111
2145;2293;0,111111111111111111111
2145;2461;0,111111111111111111111
2145;3219;0,111111111111111111111
2145;3245;0,111111111111111111111
2145;3633;0,111111111111111111111
2146;2147;0,250000000000000000000
2146;4147;0,250000000000000000000
2146;533247;0,500000000000000000000
2147;524;0,076923076923076923076
2147;621;0,153846153846153846153
2147;622;0,230769230769230769230
2147;1121;0,153846153846153846153
2147;1681;0,076923076923076923076
2147;2216;0,076923076923076923076
2147;7759;0,153846153846153846153
2147;9110;0,076923076923076923076
2150;1667;1,000000000000000000000
2156;970;1,000000000000000000000
2175;352;0,166666666666666666666
2175;4530;0,166666666666666666666
2175;7577;0,166666666666666666666
2175;65998;0,333333333333333333333
2175;715172;0,166666666666666666666
2181;4512;1,000000000000000000000
2184;1462;1,000000000000000000000
2188;1293;1,000000000000000000000
2191;3143;1,000000000000000000000
2195;1321;0,100000000000000000000
2195;3359;0,100000000000000000000
2195;3427;0,100000000000000000000
2195;5367;0,200000000000000000000
2195;7994;0,100000000000000000000
2195;8491;0,100000000000000000000
2195;11427;0,200000000000000000000
2195;529797;0,100000000000000000000
2196;1402;1,000000000000000000000
2198;652;0,153846153846153846153
2198;885;0,230769230769230769230
2198;1956;0,076923076923076923076
2198;3164;0,153846153846153846153
2198;4179;0,076923076923076923076
2198;5089;0,153846153846153846153
2198;5493;0,076923076923076923076
2198;9360;0,076923076923076923076
2199;211;1,000000000000000000000
2200;904;0,200000000000000000000
2200;1596;0,400000000000000000000
2200;4268;0,400000000000000000000
2210;3532;1,000000000000000000000
2216;5082;0,250000000000000000000
2216;7759;0,250000000000000000000
2216;8143;0,250000000000000000000
2216;27779;0,250000000000000000000
2218;1402;0,333333333333333333333
2218;529797;0,666666666666666666666
2223;3158;0,250000000000000000000
2223;4064;0,750000000000000000000
2227;2678;0,500000000000000000000
2227;3978;0,500000000000000000000
2237;10020;1,000000000000000000000
2245;27198;0,500000000000000000000
2245;48826;0,500000000000000000000
2254;1694;1,000000000000000000000
2269;11;0,125000000000000000000
2269;237;0,375000000000000000000
2269;2742;0,500000000000000000000
2271;2147;0,500000000000000000000
2271;5564;0,500000000000000000000
2272;496;0,250000000000000000000
2272;3296;0,500000000000000000000
2272;5219;0,250000000000000000000
2275;1771;0,388888888888888888888
2275;5092;0,055555555555555555555
2275;6419;0,166666666666666666666
2275;26251;0,055555555555555555555
2275;27478;0,222222222222222222222
2275;28184;0,111111111111111111111
2277;5354;1,000000000000000000000
2280;1401;1,000000000000000000000
2287;1065;0,142857142857142857142
2287;2422;0,142857142857142857142
2287;6918;0,285714285714285714285
2287;25205;0,142857142857142857142
2287;25227;0,142857142857142857142
2287;499117;0,142857142857142857142
2293;96;0,076923076923076923076
2293;122;0,076923076923076923076
2293;249;0,076923076923076923076
2293;283;0,076923076923076923076
2293;2139;0,076923076923076923076
2293;3219;0,307692307692307692307
2293;3245;0,076923076923076923076
2293;4825;0,076923076923076923076
2293;5628;0,153846153846153846153
2310;256;0,100000000000000000000
2310;320;0,100000000000000000000
2310;2206;0,200000000000000000000
2310;5212;0,200000000000000000000
2310;9622;0,100000000000000000000
2310;12706;0,100000000000000000000
2310;18276;0,100000000000000000000
2310;18592;0,100000000000000000000
2318;3083;1,000000000000000000000
2322;5915;1,000000000000000000000
2323;2343;1,000000000000000000000
2326;2844;0,200000000000000000000
2326;3697;0,400000000000000000000
2326;28528;0,400000000000000000000
2343;296;0,250000000000000000000
2343;2323;0,750000000000000000000
2350;3685;1,000000000000000000000
2352;3815;0,666666666666666666666
2352;5061;0,333333333333333333333
2355;827;0,111111111111111111111
2355;1143;0,111111111111111111111
2355;2803;0,111111111111111111111
2355;3098;0,111111111111111111111
2355;3237;0,222222222222222222222
2355;3399;0,111111111111111111111
2355;6027;0,111111111111111111111
2355;9968;0,111111111111111111111
2359;352262;1,000000000000000000000
2364;517;0,050000000000000000000
2364;2972;0,450000000000000000000
2364;4512;0,050000000000000000000
2364;5640;0,050000000000000000000
2364;5679;0,050000000000000000000
2364;125861;0,200000000000000000000
2364;431565;0,150000000000000000000
2371;296;0,076923076923076923076
2371;864;0,076923076923076923076
2371;1288;0,076923076923076923076
2371;2438;0,076923076923076923076
2371;3212;0,076923076923076923076
2371;4629;0,153846153846153846153
2371;113392;0,461538461538461538461
2372;2433;1,000000000000000000000
2374;689;0,461538461538461538461
2374;1845;0,076923076923076923076
2374;8465;0,076923076923076923076
2374;71083;0,230769230769230769230
2374;248838;0,076923076923076923076
2374;283638;0,076923076923076923076
2379;861;0,020833333333333333333
2379;1591;0,125000000000000000000
2379;2661;0,020833333333333333333
2379;2713;0,041666666666666666666
2379;2714;0,145833333333333333333
2379;3234;0,333333333333333333333
2379;3381;0,020833333333333333333
2379;3473;0,041666666666666666666
2379;4613;0,041666666666666666666
2379;7030;0,187500000000000000000
2379;27672;0,020833333333333333333
2380;648;0,666666666666666666666
2380;1839;0,333333333333333333333
2385;512;0,062500000000000000000
2385;524;0,062500000000000000000
2385;526;0,062500000000000000000
2385;621;0,125000000000000000000
2385;883;0,062500000000000000000
2385;970;0,062500000000000000000
2385;2779;0,062500000000000000000
2385;2780;0,062500000000000000000
2385;2998;0,062500000000000000000
2385;5437;0,125000000000000000000
2385;5441;0,062500000000000000000
2385;5442;0,062500000000000000000
2385;5629;0,062500000000000000000
2385;6213;0,062500000000000000000
2398;1140;1,000000000000000000000
2419;1220;0,400000000000000000000
2419;1771;0,200000000000000000000
2419;28184;0,400000000000000000000
2421;1468;0,100000000000000000000
2421;1771;0,100000000000000000000
2421;2021;0,100000000000000000000
2421;2893;0,100000000000000000000
2421;6641;0,100000000000000000000
2421;6881;0,100000000000000000000
2421;27175;0,200000000000000000000
2421;377520;0,100000000000000000000
2421;383065;0,100000000000000000000
2422;1041;0,600000000000000000000
2422;8163;0,200000000000000000000
2422;377520;0,200000000000000000000
2425;1042;0,166666666666666666666
2425;1771;0,166666666666666666666
2425;8205;0,666666666666666666666
2427;1498;1,000000000000000000000
2434;621;0,333333333333333333333
2434;938;0,333333333333333333333
2434;1525;0,333333333333333333333
2438;1288;0,200000000000000000000
2438;2337;0,200000000000000000000
2438;2371;0,400000000000000000000
2438;3071;0,200000000000000000000
2440;498;0,333333333333333333333
2440;1949;0,333333333333333333333
2440;7920;0,333333333333333333333
2445;498;0,076923076923076923076
2445;983;0,076923076923076923076
2445;2099;0,076923076923076923076
2445;3235;0,076923076923076923076
2445;3802;0,692307692307692307692
2455;216172;1,000000000000000000000
2461;5628;1,000000000000000000000
2464;771;0,250000000000000000000
2464;984;0,083333333333333333333
2464;2291;0,083333333333333333333
2464;3528;0,083333333333333333333
2464;4722;0,083333333333333333333
2464;6781;0,083333333333333333333
2464;8489;0,083333333333333333333
2464;8949;0,083333333333333333333
2464;251573;0,083333333333333333333
2464;278351;0,083333333333333333333
2467;898;0,090909090909090909090
2467;3176;0,454545454545454545454
2467;3986;0,090909090909090909090
2467;184987;0,363636363636363636363
2470;934;1,000000000000000000000
2474;248;0,666666666666666666666
2474;3381;0,333333333333333333333
2479;4024;0,111111111111111111111
2479;4852;0,166666666666666666666
2479;5168;0,055555555555555555555
2479;6498;0,111111111111111111111
2479;9968;0,277777777777777777777
2479;16786;0,166666666666666666666
2479;237945;0,111111111111111111111
2484;1293;0,250000000000000000000
2484;5635;0,125000000000000000000
2484;6567;0,625000000000000000000
2487;57;0,125000000000000000000
2487;475;0,125000000000000000000
2487;1948;0,125000000000000000000
2487;3996;0,500000000000000000000
2487;4729;0,125000000000000000000
2488;1152;1,000000000000000000000
2489;1162;0,250000000000000000000
2489;7080;0,250000000000000000000
2489;8909;0,250000000000000000000
2489;608594;0,250000000000000000000
2492;3147;0,500000000000000000000
2492;4755;0,500000000000000000000
2494;547708;1,000000000000000000000
2498;244;1,000000000000000000000
2500;72;0,160000000000000000000
2500;194;0,040000000000000000000
2500;352;0,040000000000000000000
2500;2561;0,480000000000000000000
2500;4020;0,120000000000000000000
2500;4510;0,120000000000000000000
2500;4530;0,040000000000000000000
2503;373;0,071428571428571428571
2503;526;0,071428571428571428571
2503;841;0,071428571428571428571
2503;2418;0,071428571428571428571
2503;2740;0,071428571428571428571
2503;4748;0,071428571428571428571
2503;5437;0,142857142857142857142
2503;9396;0,071428571428571428571
2503;9436;0,071428571428571428571
2503;9441;0,071428571428571428571
2503;9807;0,071428571428571428571
2503;20801;0,071428571428571428571
2503;369262;0,071428571428571428571
2504;2578;0,200000000000000000000
2504;13265;0,200000000000000000000
2504;27763;0,600000000000000000000
2506;5753;1,000000000000000000000
2509;1079;0,333333333333333333333
2509;1457;0,333333333333333333333
2509;2318;0,333333333333333333333
2515;689;0,500000000000000000000
2515;28405;0,500000000000000000000
2516;219;0,200000000000000000000
2516;668;0,200000000000000000000
2516;933;0,200000000000000000000
2516;642255;0,400000000000000000000
2517;219;1,000000000000000000000
2518;3443;1,000000000000000000000
2520;6739;1,000000000000000000000
2523;2716;0,250000000000000000000
2523;3872;0,750000000000000000000
2543;10255;1,000000000000000000000
2544;983;1,000000000000000000000
2547;352;1,000000000000000000000
2549;2704;1,000000000000000000000
2551;458;1,000000000000000000000
2555;423;0,500000000000000000000
2555;5679;0,500000000000000000000
2559;2591;0,500000000000000000000
2559;2594;0,500000000000000000000
2561;1705;0,333333333333333333333
2561;3099;0,333333333333333333333
2561;4510;0,333333333333333333333
2569;405;0,250000000000000000000
2569;904;0,250000000000000000000
2569;3475;0,250000000000000000000
2569;5591;0,250000000000000000000
2578;9;0,001639344262295081967
2578;22;0,001639344262295081967
2578;65;0,001639344262295081967
2578;77;0,003278688524590163934
2578;78;0,001639344262295081967
2578;90;0,001639344262295081967
2578;127;0,001639344262295081967
2578;151;0,001639344262295081967
2578;184;0,001639344262295081967
2578;190;0,001639344262295081967
2578;192;0,001639344262295081967
2578;206;0,001639344262295081967
2578;235;0,001639344262295081967
2578;242;0,001639344262295081967
2578;307;0,001639344262295081967
2578;373;0,001639344262295081967
2578;378;0,001639344262295081967
2578;466;0,001639344262295081967
2578;467;0,001639344262295081967
2578;474;0,001639344262295081967
2578;496;0,001639344262295081967
2578;497;0,001639344262295081967
2578;512;0,001639344262295081967
2578;521;0,001639344262295081967
2578;524;0,001639344262295081967
2578;526;0,001639344262295081967
2578;528;0,001639344262295081967
2578;529;0,001639344262295081967
2578;577;0,001639344262295081967
2578;594;0,001639344262295081967
2578;611;0,001639344262295081967
2578;620;0,001639344262295081967
2578;621;0,001639344262295081967
2578;622;0,001639344262295081967
2578;766;0,001639344262295081967
2578;815;0,001639344262295081967
2578;841;0,001639344262295081967
2578;866;0,001639344262295081967
2578;877;0,001639344262295081967
2578;878;0,001639344262295081967
2578;883;0,001639344262295081967
2578;887;0,001639344262295081967
2578;906;0,001639344262295081967
2578;938;0,001639344262295081967
2578;960;0,001639344262295081967
2578;965;0,001639344262295081967
2578;966;0,001639344262295081967
2578;970;0,001639344262295081967
2578;977;0,001639344262295081967
2578;1044;0,001639344262295081967
2578;1060;0,001639344262295081967
2578;1066;0,001639344262295081967
2578;1101;0,001639344262295081967
2578;1109;0,001639344262295081967
2578;1114;0,001639344262295081967
2578;1121;0,001639344262295081967
2578;1122;0,001639344262295081967
2578;1150;0,001639344262295081967
2578;1234;0,001639344262295081967
2578;1240;0,001639344262295081967
2578;1263;0,001639344262295081967
2578;1274;0,001639344262295081967
2578;1286;0,001639344262295081967
2578;1325;0,001639344262295081967
2578;1327;0,001639344262295081967
2578;1328;0,001639344262295081967
2578;1329;0,001639344262295081967
2578;1331;0,001639344262295081967
2578;1332;0,001639344262295081967
2578;1335;0,001639344262295081967
2578;1336;0,001639344262295081967
2578;1337;0,001639344262295081967
2578;1393;0,001639344262295081967
2578;1401;0,001639344262295081967
2578;1419;0,001639344262295081967
2578;1432;0,001639344262295081967
2578;1473;0,001639344262295081967
2578;1475;0,001639344262295081967
2578;1508;0,001639344262295081967
2578;1525;0,001639344262295081967
2578;1549;0,001639344262295081967
2578;1625;0,001639344262295081967
2578;1632;0,001639344262295081967
2578;1667;0,001639344262295081967
2578;1676;0,001639344262295081967
2578;1717;0,001639344262295081967
2578;1743;0,001639344262295081967
2578;1744;0,001639344262295081967
2578;1780;0,001639344262295081967
2578;1838;0,001639344262295081967
2578;1856;0,001639344262295081967
2578;1866;0,001639344262295081967
2578;1971;0,001639344262295081967
2578;2017;0,001639344262295081967
2578;2023;0,001639344262295081967
2578;2027;0,001639344262295081967
2578;2029;0,001639344262295081967
2578;2037;0,001639344262295081967
2578;2039;0,001639344262295081967
2578;2041;0,001639344262295081967
2578;2043;0,001639344262295081967
2578;2046;0,001639344262295081967
2578;2050;0,001639344262295081967
2578;2052;0,001639344262295081967
2578;2054;0,001639344262295081967
2578;2059;0,001639344262295081967
2578;2064;0,001639344262295081967
2578;2066;0,001639344262295081967
2578;2070;0,001639344262295081967
2578;2071;0,001639344262295081967
2578;2146;0,001639344262295081967
2578;2147;0,001639344262295081967
2578;2150;0,001639344262295081967
2578;2152;0,001639344262295081967
2578;2153;0,001639344262295081967
2578;2156;0,001639344262295081967
2578;2212;0,001639344262295081967
2578;2213;0,001639344262295081967
2578;2215;0,001639344262295081967
2578;2216;0,001639344262295081967
2578;2223;0,001639344262295081967
2578;2271;0,001639344262295081967
2578;2272;0,001639344262295081967
2578;2280;0,001639344262295081967
2578;2312;0,001639344262295081967
2578;2349;0,001639344262295081967
2578;2359;0,001639344262295081967
2578;2369;0,001639344262295081967
2578;2385;0,001639344262295081967
2578;2403;0,001639344262295081967
2578;2418;0,001639344262295081967
2578;2434;0,001639344262295081967
2578;2492;0,001639344262295081967
2578;2498;0,001639344262295081967
2578;2503;0,001639344262295081967
2578;2504;0,001639344262295081967
2578;2586;0,001639344262295081967
2578;2644;0,001639344262295081967
2578;2683;0,001639344262295081967
2578;2697;0,001639344262295081967
2578;2737;0,001639344262295081967
2578;2738;0,001639344262295081967
2578;2740;0,001639344262295081967
2578;2779;0,001639344262295081967
2578;2780;0,001639344262295081967
2578;2786;0,001639344262295081967
2578;2823;0,001639344262295081967
2578;2830;0,001639344262295081967
2578;2832;0,001639344262295081967
2578;2998;0,001639344262295081967
2578;3017;0,001639344262295081967
2578;3085;0,001639344262295081967
2578;3116;0,001639344262295081967
2578;3142;0,001639344262295081967
2578;3147;0,001639344262295081967
2578;3158;0,001639344262295081967
2578;3204;0,001639344262295081967
2578;3205;0,001639344262295081967
2578;3241;0,001639344262295081967
2578;3268;0,001639344262295081967
2578;3269;0,001639344262295081967
2578;3271;0,001639344262295081967
2578;3296;0,001639344262295081967
2578;3311;0,001639344262295081967
2578;3328;0,001639344262295081967
2578;3355;0,001639344262295081967
2578;3356;0,001639344262295081967
2578;3394;0,001639344262295081967
2578;3403;0,001639344262295081967
2578;3414;0,001639344262295081967
2578;3535;0,001639344262295081967
2578;3591;0,001639344262295081967
2578;3703;0,001639344262295081967
2578;3704;0,001639344262295081967
2578;3714;0,001639344262295081967
2578;3736;0,001639344262295081967
2578;3748;0,001639344262295081967
2578;3781;0,001639344262295081967
2578;3798;0,001639344262295081967
2578;3800;0,001639344262295081967
2578;3864;0,001639344262295081967
2578;3983;0,001639344262295081967
2578;3991;0,001639344262295081967
2578;3998;0,001639344262295081967
2578;4048;0,001639344262295081967
2578;4064;0,001639344262295081967
2578;4070;0,001639344262295081967
2578;4086;0,001639344262295081967
2578;4146;0,001639344262295081967
2578;4147;0,001639344262295081967
2578;4197;0,001639344262295081967
2578;4208;0,001639344262295081967
2578;4237;0,001639344262295081967
2578;4240;0,001639344262295081967
2578;4262;0,001639344262295081967
2578;4271;0,001639344262295081967
2578;4280;0,001639344262295081967
2578;4281;0,001639344262295081967
2578;4364;0,001639344262295081967
2578;4380;0,001639344262295081967
2578;4414;0,001639344262295081967
2578;4461;0,001639344262295081967
2578;4491;0,001639344262295081967
2578;4493;0,001639344262295081967
2578;4500;0,001639344262295081967
2578;4525;0,001639344262295081967
2578;4533;0,001639344262295081967
2578;4561;0,001639344262295081967
2578;4580;0,001639344262295081967
2578;4625;0,001639344262295081967
2578;4715;0,001639344262295081967
2578;4720;0,001639344262295081967
2578;4748;0,001639344262295081967
2578;4755;0,001639344262295081967
2578;4758;0,001639344262295081967
2578;4765;0,001639344262295081967
2578;4829;0,001639344262295081967
2578;4979;0,001639344262295081967
2578;5082;0,001639344262295081967
2578;5097;0,001639344262295081967
2578;5119;0,001639344262295081967
2578;5144;0,001639344262295081967
2578;5167;0,001639344262295081967
2578;5214;0,001639344262295081967
2578;5219;0,001639344262295081967
2578;5250;0,001639344262295081967
2578;5264;0,001639344262295081967
2578;5351;0,001639344262295081967
2578;5367;0,001639344262295081967
2578;5437;0,001639344262295081967
2578;5438;0,001639344262295081967
2578;5439;0,001639344262295081967
2578;5441;0,001639344262295081967
2578;5442;0,001639344262295081967
2578;5443;0,001639344262295081967
2578;5444;0,001639344262295081967
2578;5445;0,001639344262295081967
2578;5446;0,001639344262295081967
2578;5459;0,001639344262295081967
2578;5469;0,001639344262295081967
2578;5487;0,001639344262295081967
2578;5513;0,001639344262295081967
2578;5519;0,001639344262295081967
2578;5522;0,001639344262295081967
2578;5530;0,001639344262295081967
2578;5545;0,001639344262295081967
2578;5557;0,001639344262295081967
2578;5564;0,001639344262295081967
2578;5629;0,001639344262295081967
2578;5632;0,001639344262295081967
2578;5691;0,001639344262295081967
2578;5698;0,001639344262295081967
2578;5762;0,001639344262295081967
2578;5831;0,001639344262295081967
2578;5892;0,001639344262295081967
2578;5922;0,001639344262295081967
2578;5944;0,001639344262295081967
2578;6189;0,001639344262295081967
2578;6213;0,001639344262295081967
2578;6234;0,001639344262295081967
2578;6316;0,001639344262295081967
2578;6320;0,001639344262295081967
2578;6465;0,001639344262295081967
2578;6472;0,001639344262295081967
2578;6548;0,001639344262295081967
2578;6581;0,001639344262295081967
2578;6604;0,001639344262295081967
2578;6624;0,001639344262295081967
2578;6693;0,001639344262295081967
2578;6781;0,001639344262295081967
2578;6827;0,001639344262295081967
2578;6828;0,001639344262295081967
2578;7221;0,001639344262295081967
2578;7278;0,001639344262295081967
2578;7301;0,001639344262295081967
2578;7328;0,001639344262295081967
2578;7546;0,001639344262295081967
2578;7564;0,001639344262295081967
2578;7586;0,001639344262295081967
2578;7650;0,001639344262295081967
2578;7747;0,001639344262295081967
2578;7759;0,001639344262295081967
2578;7762;0,001639344262295081967
2578;7767;0,001639344262295081967
2578;7780;0,001639344262295081967
2578;7788;0,001639344262295081967
2578;7939;0,001639344262295081967
2578;7979;0,001639344262295081967
2578;7983;0,001639344262295081967
2578;8090;0,001639344262295081967
2578;8143;0,001639344262295081967
2578;8156;0,001639344262295081967
2578;8293;0,001639344262295081967
2578;8381;0,001639344262295081967
2578;8500;0,001639344262295081967
2578;8611;0,001639344262295081967
2578;8618;0,001639344262295081967
2578;8623;0,001639344262295081967
2578;8633;0,001639344262295081967
2578;8723;0,001639344262295081967
2578;8730;0,001639344262295081967
2578;8933;0,001639344262295081967
2578;9026;0,001639344262295081967
2578;9110;0,001639344262295081967
2578;9158;0,001639344262295081967
2578;9184;0,001639344262295081967
2578;9208;0,001639344262295081967
2578;9217;0,001639344262295081967
2578;9371;0,001639344262295081967
2578;9381;0,001639344262295081967
2578;9382;0,001639344262295081967
2578;9384;0,001639344262295081967
2578;9385;0,001639344262295081967
2578;9386;0,001639344262295081967
2578;9387;0,001639344262295081967
2578;9389;0,001639344262295081967
2578;9390;0,001639344262295081967
2578;9391;0,001639344262295081967
2578;9392;0,001639344262295081967
2578;9393;0,001639344262295081967
2578;9395;0,001639344262295081967
2578;9396;0,001639344262295081967
2578;9398;0,001639344262295081967
2578;9399;0,001639344262295081967
2578;9400;0,001639344262295081967
2578;9401;0,001639344262295081967
2578;9402;0,001639344262295081967
2578;9403;0,001639344262295081967
2578;9405;0,001639344262295081967
2578;9406;0,001639344262295081967
2578;9407;0,001639344262295081967
2578;9408;0,001639344262295081967
2578;9409;0,001639344262295081967
2578;9410;0,001639344262295081967
2578;9411;0,001639344262295081967
2578;9412;0,001639344262295081967
2578;9413;0,001639344262295081967
2578;9414;0,001639344262295081967
2578;9415;0,001639344262295081967
2578;9416;0,001639344262295081967
2578;9417;0,001639344262295081967
2578;9418;0,001639344262295081967
2578;9420;0,001639344262295081967
2578;9421;0,001639344262295081967
2578;9422;0,001639344262295081967
2578;9424;0,001639344262295081967
2578;9425;0,001639344262295081967
2578;9426;0,001639344262295081967
2578;9430;0,001639344262295081967
2578;9431;0,001639344262295081967
2578;9432;0,001639344262295081967
2578;9433;0,001639344262295081967
2578;9434;0,001639344262295081967
2578;9435;0,001639344262295081967
2578;9436;0,001639344262295081967
2578;9437;0,001639344262295081967
2578;9438;0,001639344262295081967
2578;9439;0,001639344262295081967
2578;9441;0,001639344262295081967
2578;9442;0,001639344262295081967
2578;9624;0,001639344262295081967
2578;9681;0,001639344262295081967
2578;9806;0,001639344262295081967
2578;9807;0,001639344262295081967
2578;9839;0,001639344262295081967
2578;9994;0,001639344262295081967
2578;10000;0,001639344262295081967
2578;10080;0,001639344262295081967
2578;10169;0,001639344262295081967
2578;10649;0,001639344262295081967
2578;10740;0,001639344262295081967
2578;10946;0,001639344262295081967
2578;11030;0,001639344262295081967
2578;11213;0,001639344262295081967
2578;11536;0,001639344262295081967
2578;11839;0,001639344262295081967
2578;11999;0,001639344262295081967
2578;12001;0,001639344262295081967
2578;12098;0,001639344262295081967
2578;12394;0,001639344262295081967
2578;12523;0,001639344262295081967
2578;12612;0,001639344262295081967
2578;12717;0,001639344262295081967
2578;12798;0,001639344262295081967
2578;13006;0,001639344262295081967
2578;13026;0,001639344262295081967
2578;13265;0,001639344262295081967
2578;13369;0,001639344262295081967
2578;13372;0,001639344262295081967
2578;13545;0,001639344262295081967
2578;13560;0,001639344262295081967
2578;14073;0,001639344262295081967
2578;14151;0,001639344262295081967
2578;14465;0,001639344262295081967
2578;14839;0,001639344262295081967
2578;14899;0,001639344262295081967
2578;15437;0,001639344262295081967
2578;15890;0,001639344262295081967
2578;16644;0,001639344262295081967
2578;17323;0,001639344262295081967
2578;17453;0,001639344262295081967
2578;17502;0,001639344262295081967
2578;17530;0,001639344262295081967
2578;17603;0,001639344262295081967
2578;18145;0,001639344262295081967
2578;18247;0,001639344262295081967
2578;18251;0,001639344262295081967
2578;18258;0,001639344262295081967
2578;18264;0,001639344262295081967
2578;18577;0,001639344262295081967
2578;19031;0,001639344262295081967
2578;20235;0,001639344262295081967
2578;20662;0,001639344262295081967
2578;20669;0,001639344262295081967
2578;20801;0,001639344262295081967
2578;20969;0,001639344262295081967
2578;21594;0,001639344262295081967
2578;21839;0,001639344262295081967
2578;25849;0,001639344262295081967
2578;25899;0,001639344262295081967
2578;26502;0,001639344262295081967
2578;26746;0,001639344262295081967
2578;27173;0,001639344262295081967
2578;27286;0,001639344262295081967
2578;27312;0,001639344262295081967
2578;27315;0,001639344262295081967
2578;27316;0,001639344262295081967
2578;27317;0,001639344262295081967
2578;27320;0,001639344262295081967
2578;27321;0,001639344262295081967
2578;27324;0,001639344262295081967
2578;27325;0,001639344262295081967
2578;27330;0,001639344262295081967
2578;27332;0,001639344262295081967
2578;27335;0,001639344262295081967
2578;27337;0,001639344262295081967
2578;27340;0,001639344262295081967
2578;27456;0,001639344262295081967
2578;27494;0,001639344262295081967
2578;27500;0,001639344262295081967
2578;27512;0,001639344262295081967
2578;27636;0,001639344262295081967
2578;27761;0,001639344262295081967
2578;27762;0,001639344262295081967
2578;27764;0,001639344262295081967
2578;27765;0,001639344262295081967
2578;27767;0,001639344262295081967
2578;27768;0,001639344262295081967
2578;27770;0,001639344262295081967
2578;27771;0,001639344262295081967
2578;27773;0,001639344262295081967
2578;27774;0,001639344262295081967
2578;27778;0,001639344262295081967
2578;27779;0,001639344262295081967
2578;27781;0,001639344262295081967
2578;27782;0,001639344262295081967
2578;27788;0,001639344262295081967
2578;27789;0,001639344262295081967
2578;27790;0,001639344262295081967
2578;27791;0,001639344262295081967
2578;27793;0,001639344262295081967
2578;27797;0,001639344262295081967
2578;27799;0,001639344262295081967
2578;27800;0,001639344262295081967
2578;27803;0,001639344262295081967
2578;27808;0,001639344262295081967
2578;27837;0,001639344262295081967
2578;27854;0,001639344262295081967
2578;27863;0,001639344262295081967
2578;27865;0,001639344262295081967
2578;27870;0,001639344262295081967
2578;27884;0,001639344262295081967
2578;27891;0,001639344262295081967
2578;27892;0,001639344262295081967
2578;27893;0,001639344262295081967
2578;27902;0,001639344262295081967
2578;27928;0,001639344262295081967
2578;28159;0,001639344262295081967
2578;28227;0,001639344262295081967
2578;28234;0,001639344262295081967
2578;28235;0,001639344262295081967
2578;28239;0,001639344262295081967
2578;28240;0,001639344262295081967
2578;28241;0,001639344262295081967
2578;28242;0,001639344262295081967
2578;28245;0,001639344262295081967
2578;28248;0,001639344262295081967
2578;28250;0,001639344262295081967
2578;28254;0,001639344262295081967
2578;28257;0,001639344262295081967
2578;28258;0,001639344262295081967
2578;28259;0,001639344262295081967
2578;28260;0,001639344262295081967
2578;28261;0,001639344262295081967
2578;28264;0,001639344262295081967
2578;28270;0,001639344262295081967
2578;28272;0,001639344262295081967
2578;28273;0,001639344262295081967
2578;28274;0,001639344262295081967
2578;28275;0,001639344262295081967
2578;28277;0,001639344262295081967
2578;28279;0,001639344262295081967
2578;28281;0,001639344262295081967
2578;28286;0,001639344262295081967
2578;28442;0,001639344262295081967
2578;28513;0,001639344262295081967
2578;28593;0,001639344262295081967
2578;28598;0,001639344262295081967
2578;28738;0,001639344262295081967
2578;28815;0,001639344262295081967
2578;28866;0,001639344262295081967
2578;28867;0,001639344262295081967
2578;28868;0,001639344262295081967
2578;28869;0,001639344262295081967
2578;28871;0,001639344262295081967
2578;28872;0,001639344262295081967
2578;28873;0,001639344262295081967
2578;28875;0,001639344262295081967
2578;28877;0,001639344262295081967
2578;28879;0,001639344262295081967
2578;28887;0,001639344262295081967
2578;28899;0,001639344262295081967
2578;28902;0,001639344262295081967
2578;28903;0,001639344262295081967
2578;28905;0,001639344262295081967
2578;28906;0,001639344262295081967
2578;28907;0,001639344262295081967
2578;28908;0,001639344262295081967
2578;28909;0,001639344262295081967
2578;28910;0,001639344262295081967
2578;28911;0,001639344262295081967
2578;28912;0,001639344262295081967
2578;28925;0,001639344262295081967
2578;29061;0,001639344262295081967
2578;29068;0,001639344262295081967
2578;37814;0,001639344262295081967
2578;44981;0,001639344262295081967
2578;50625;0,001639344262295081967
2578;53012;0,001639344262295081967
2578;56195;0,001639344262295081967
2578;57838;0,001639344262295081967
2578;62135;0,001639344262295081967
2578;67566;0,001639344262295081967
2578;71224;0,001639344262295081967
2578;78275;0,001639344262295081967
2578;92556;0,001639344262295081967
2578;99818;0,001639344262295081967
2578;112062;0,001639344262295081967
2578;134008;0,001639344262295081967
2578;135596;0,001639344262295081967
2578;137497;0,001639344262295081967
2578;139139;0,001639344262295081967
2578;151009;0,001639344262295081967
2578;151929;0,001639344262295081967
2578;169356;0,001639344262295081967
2578;170451;0,001639344262295081967
2578;173632;0,001639344262295081967
2578;219255;0,001639344262295081967
2578;255445;0,001639344262295081967
2578;257324;0,001639344262295081967
2578;259831;0,001639344262295081967
2578;276505;0,001639344262295081967
2578;284854;0,001639344262295081967
2578;286660;0,001639344262295081967
2578;287409;0,001639344262295081967
2578;308238;0,001639344262295081967
2578;309580;0,001639344262295081967
2578;325535;0,001639344262295081967
2578;326597;0,001639344262295081967
2578;327535;0,001639344262295081967
2578;327858;0,001639344262295081967
2578;327859;0,001639344262295081967
2578;327860;0,001639344262295081967
2578;329223;0,001639344262295081967
2578;329359;0,001639344262295081967
2578;330934;0,001639344262295081967
2578;333184;0,001639344262295081967
2578;334818;0,001639344262295081967
2578;343719;0,001639344262295081967
2578;352262;0,001639344262295081967
2578;352420;0,001639344262295081967
2578;353446;0,001639344262295081967
2578;355594;0,001639344262295081967
2578;365524;0,001639344262295081967
2578;368482;0,001639344262295081967
2578;369262;0,001639344262295081967
2578;377275;0,001639344262295081967
2578;379234;0,003278688524590163934
2578;382779;0,001639344262295081967
2578;402244;0,001639344262295081967
2578;402245;0,001639344262295081967
2578;402247;0,001639344262295081967
2578;409094;0,001639344262295081967
2578;455454;0,001639344262295081967
2578;455455;0,001639344262295081967
2578;455456;0,001639344262295081967
2578;455457;0,001639344262295081967
2578;455458;0,001639344262295081967
2578;455459;0,001639344262295081967
2578;455460;0,001639344262295081967
2578;455461;0,001639344262295081967
2578;455462;0,001639344262295081967
2578;455463;0,001639344262295081967
2578;525330;0,001639344262295081967
2578;533247;0,001639344262295081967
2578;640335;0,001639344262295081967
2578;708789;0,001639344262295081967
2578;810172;0,001639344262295081967
2585;689;1,000000000000000000000
2586;242;0,250000000000000000000
2586;1180;0,375000000000000000000
2586;1286;0,125000000000000000000
2586;2736;0,125000000000000000000
2586;3142;0,125000000000000000000
2591;464;0,142857142857142857142
2591;2559;0,428571428571428571428
2591;5029;0,428571428571428571428
2592;1340;1,000000000000000000000
2594;2559;1,000000000000000000000
2596;5603;0,333333333333333333333
2596;6892;0,666666666666666666666
2600;3877;1,000000000000000000000
2630;5626;1,000000000000000000000
2632;6701;1,000000000000000000000
2655;4117;0,500000000000000000000
2655;4787;0,500000000000000000000
2657;1035;0,500000000000000000000
2657;3098;0,500000000000000000000
2659;16659;1,000000000000000000000
2661;1448;0,083333333333333333333
2661;1889;0,166666666666666666666
2661;2713;0,166666666666666666666
2661;2714;0,166666666666666666666
2661;7160;0,416666666666666666666
2678;288;0,666666666666666666666
2678;891;0,083333333333333333333
2678;10860;0,166666666666666666666
2678;365536;0,083333333333333333333
2679;2678;1,000000000000000000000
2683;9418;1,000000000000000000000
2684;113;0,125000000000000000000
2684;980;0,250000000000000000000
2684;1234;0,062500000000000000000
2684;1278;0,062500000000000000000
2684;1931;0,125000000000000000000
2684;3619;0,125000000000000000000
2684;10020;0,062500000000000000000
2684;10188;0,125000000000000000000
2684;21154;0,062500000000000000000
2697;846;0,500000000000000000000
2697;1066;0,500000000000000000000
2704;1120;0,142857142857142857142
2704;1210;0,142857142857142857142
2704;2549;0,142857142857142857142
2704;9468;0,428571428571428571428
2704;814523;0,142857142857142857142
2712;635;0,214285714285714285714
2712;1471;0,071428571428571428571
2712;1637;0,357142857142857142857
2712;47352;0,142857142857142857142
2712;767229;0,214285714285714285714
2713;250;0,083333333333333333333
2713;1448;0,083333333333333333333
2713;2661;0,166666666666666666666
2713;2714;0,083333333333333333333
2713;3234;0,166666666666666666666
2713;3873;0,083333333333333333333
2713;4613;0,083333333333333333333
2713;5430;0,083333333333333333333
2713;7160;0,083333333333333333333
2713;10595;0,083333333333333333333
2714;2379;0,666666666666666666666
2714;2661;0,166666666666666666666
2714;4613;0,166666666666666666666
2716;2523;1,000000000000000000000
2734;76428;1,000000000000000000000
2739;242;0,250000000000000000000
2739;2736;0,500000000000000000000
2739;3142;0,250000000000000000000
2740;242;0,076923076923076923076
2740;373;0,115384615384615384615
2740;466;0,076923076923076923076
2740;594;0,076923076923076923076
2740;841;0,076923076923076923076
2740;1101;0,076923076923076923076
2740;1234;0,076923076923076923076
2740;2586;0,076923076923076923076
2740;2738;0,076923076923076923076
2740;2823;0,038461538461538461538
2740;5219;0,076923076923076923076
2740;9402;0,076923076923076923076
2740;9442;0,076923076923076923076
2741;254;0,666666666666666666666
2741;472;0,333333333333333333333
2746;288;0,500000000000000000000
2746;3095;0,500000000000000000000
2761;7478;1,000000000000000000000
2772;5918;1,000000000000000000000
2778;1877;1,000000000000000000000
2779;2780;0,166666666666666666666
2779;3714;0,666666666666666666666
2779;9026;0,166666666666666666666
2780;2825;1,000000000000000000000
2786;474;0,142857142857142857142
2786;965;0,142857142857142857142
2786;2147;0,714285714285714285714
2792;54;0,200000000000000000000
2792;320;0,400000000000000000000
2792;6567;0,200000000000000000000
2792;11330;0,200000000000000000000
2800;652;0,500000000000000000000
2800;2421;0,250000000000000000000
2800;5613;0,250000000000000000000
2802;3996;0,500000000000000000000
2802;4159;0,500000000000000000000
2803;16;0,012012012012012012012
2803;57;0,012012012012012012012
2803;71;0,012012012012012012012
2803;82;0,012012012012012012012
2803;89;0,012012012012012012012
2803;234;0,012012012012012012012
2803;309;0,012012012012012012012
2803;369;0,012012012012012012012
2803;644;0,012012012012012012012
2803;645;0,012012012012012012012
2803;827;0,012012012012012012012
2803;835;0,012012012012012012012
2803;890;0,012012012012012012012
2803;1022;0,012012012012012012012
2803;1040;0,012012012012012012012
2803;1143;0,012012012012012012012
2803;1152;0,012012012012012012012
2803;1231;0,012012012012012012012
2803;1276;0,012012012012012012012
2803;1612;0,012012012012012012012
2803;1657;0,012012012012012012012
2803;1948;0,012012012012012012012
2803;2109;0,012012012012012012012
2803;2355;0,012012012012012012012
2803;2414;0,012012012012012012012
2803;2479;0,012012012012012012012
2803;2487;0,012012012012012012012
2803;2736;0,012012012012012012012
2803;2739;0,012012012012012012012
2803;2802;0,012012012012012012012
2803;3098;0,012012012012012012012
2803;3123;0,012012012012012012012
2803;3128;0,012012012012012012012
2803;3141;0,012012012012012012012
2803;3145;0,012012012012012012012
2803;3237;0,012012012012012012012
2803;3399;0,012012012012012012012
2803;3574;0,012012012012012012012
2803;3852;0,012012012012012012012
2803;3953;0,012012012012012012012
2803;3967;0,012012012012012012012
2803;3996;0,012012012012012012012
2803;4024;0,012012012012012012012
2803;4159;0,012012012012012012012
2803;4160;0,012012012012012012012
2803;4306;0,012012012012012012012
2803;4501;0,012012012012012012012
2803;4695;0,012012012012012012012
2803;4853;0,012012012012012012012
2803;5136;0,012012012012012012012
2803;5306;0,012012012012012012012
2803;5338;0,012012012012012012012
2803;5607;0,012012012012012012012
2803;6045;0,012012012012012012012
2803;6495;0,012012012012012012012
2803;6496;0,012012012012012012012
2803;6497;0,012012012012012012012
2803;6498;0,009009009009009009009
2803;6499;0,012012012012012012012
2803;6501;0,012012012012012012012
2803;6502;0,012012012012012012012
2803;6503;0,012012012012012012012
2803;6504;0,012012012012012012012
2803;6505;0,012012012012012012012
2803;6506;0,012012012012012012012
2803;6509;0,012012012012012012012
2803;6511;0,012012012012012012012
2803;6512;0,012012012012012012012
2803;6513;0,012012012012012012012
2803;6514;0,012012012012012012012
2803;6515;0,012012012012012012012
2803;6517;0,012012012012012012012
2803;6518;0,012012012012012012012
2803;6520;0,012012012012012012012
2803;6523;0,012012012012012012012
2803;6524;0,012012012012012012012
2803;6527;0,012012012012012012012
2803;6543;0,006006006006006006006
2803;7686;0,012012012012012012012
2803;8238;0,012012012012012012012
2803;9968;0,009009009009009009009
2803;75555;0,003003003003003003003
2803;93146;0,012012012012012012012
2803;140271;0,012012012012012012012
2803;743544;0,012012012012012012012
2822;4078;0,500000000000000000000
2822;4498;0,500000000000000000000
2823;242;0,058823529411764705882
2823;373;0,058823529411764705882
2823;466;0,058823529411764705882
2823;594;0,058823529411764705882
2823;766;0,058823529411764705882
2823;841;0,058823529411764705882
2823;1101;0,058823529411764705882
2823;1234;0,058823529411764705882
2823;2586;0,058823529411764705882
2823;2738;0,058823529411764705882
2823;2740;0,058823529411764705882
2823;2830;0,058823529411764705882
2823;5219;0,058823529411764705882
2823;9402;0,058823529411764705882
2823;9403;0,058823529411764705882
2823;9442;0,058823529411764705882
2823;20801;0,058823529411764705882
2825;2780;0,333333333333333333333
2825;2826;0,333333333333333333333
2825;529797;0,333333333333333333333
2826;1705;0,333333333333333333333
2826;1769;0,333333333333333333333
2826;2825;0,333333333333333333333
2828;1705;1,000000000000000000000
2830;6503;1,000000000000000000000
2832;4197;1,000000000000000000000
2834;468;0,250000000000000000000
2834;7080;0,250000000000000000000
2834;8910;0,250000000000000000000
2834;157662;0,250000000000000000000
2850;135;1,000000000000000000000
2852;984;0,500000000000000000000
2852;4080;0,500000000000000000000
2865;59;0,019230769230769230769
2865;228;0,019230769230769230769
2865;244;0,019230769230769230769
2865;681;0,019230769230769230769
2865;854;0,019230769230769230769
2865;990;0,019230769230769230769
2865;997;0,019230769230769230769
2865;1225;0,019230769230769230769
2865;1243;0,019230769230769230769
2865;1725;0,019230769230769230769
2865;2249;0,019230769230769230769
2865;2326;0,019230769230769230769
2865;2482;0,019230769230769230769
2865;3233;0,019230769230769230769
2865;3250;0,019230769230769230769
2865;3251;0,019230769230769230769
2865;3292;0,019230769230769230769
2865;3331;0,019230769230769230769
2865;4089;0,019230769230769230769
2865;4132;0,019230769230769230769
2865;4247;0,019230769230769230769
2865;4334;0,019230769230769230769
2865;4401;0,019230769230769230769
2865;4874;0,019230769230769230769
2865;5054;0,038461538461538461538
2865;5163;0,019230769230769230769
2865;5682;0,019230769230769230769
2865;5783;0,019230769230769230769
2865;6664;0,019230769230769230769
2865;6923;0,019230769230769230769
2865;8666;0,019230769230769230769
2865;12339;0,019230769230769230769
2865;12428;0,019230769230769230769
2865;12430;0,019230769230769230769
2865;12435;0,019230769230769230769
2865;12826;0,019230769230769230769
2865;13622;0,019230769230769230769
2865;14125;0,019230769230769230769
2865;14323;0,019230769230769230769
2865;15726;0,019230769230769230769
2865;15866;0,019230769230769230769
2865;16649;0,019230769230769230769
2865;16651;0,019230769230769230769
2865;16653;0,019230769230769230769
2865;16659;0,019230769230769230769
2865;16660;0,019230769230769230769
2865;16664;0,019230769230769230769
2865;20474;0,019230769230769230769
2865;21592;0,019230769230769230769
2865;21597;0,019230769230769230769
2865;28538;0,019230769230769230769
2887;26354;1,000000000000000000000
2893;2421;1,000000000000000000000
2897;428;0,333333333333333333333
2897;1092;0,666666666666666666666
2916;733;1,000000000000000000000
2921;3496;1,000000000000000000000
2932;733;0,500000000000000000000
2932;1681;0,250000000000000000000
2932;49722;0,250000000000000000000
2948;2916;1,000000000000000000000
2950;733;1,000000000000000000000
2961;1069;1,000000000000000000000
2972;1117;0,111111111111111111111
2972;2364;0,111111111111111111111
2972;5640;0,111111111111111111111
2972;219164;0,666666666666666666666
2976;1763;1,000000000000000000000
2990;886788;1,000000000000000000000
2991;749;0,500000000000000000000
2991;5638;0,500000000000000000000
2998;2385;0,500000000000000000000
2998;57838;0,500000000000000000000
3000;42;0,500000000000000000000
3000;163510;0,500000000000000000000
3022;411;0,166666666666666666666
3022;21112;0,833333333333333333333
3024;8017;1,000000000000000000000
3029;5464;1,000000000000000000000
3033;975;0,875000000000000000000
3033;286660;0,125000000000000000000
3045;249;0,166666666666666666666
3045;861;0,250000000000000000000
3045;1048;0,166666666666666666666
3045;1142;0,166666666666666666666
3045;1591;0,166666666666666666666
3045;10019;0,083333333333333333333
3069;642;0,928571428571428571428
3069;826;0,071428571428571428571
3071;8348;1,000000000000000000000
3085;528;0,040000000000000000000
3085;960;0,080000000000000000000
3085;1401;0,080000000000000000000
3085;2697;0,080000000000000000000
3085;4146;0,080000000000000000000
3085;4147;0,080000000000000000000
3085;5367;0,080000000000000000000
3085;5679;0,120000000000000000000
3085;5691;0,080000000000000000000
3085;9356;0,160000000000000000000
3085;10658;0,040000000000000000000
3085;14899;0,080000000000000000000
3095;249;0,027027027027027027027
3095;283;0,027027027027027027027
3095;296;0,027027027027027027027
3095;396;0,027027027027027027027
3095;522;0,027027027027027027027
3095;891;0,054054054054054054054
3095;945;0,054054054054054054054
3095;990;0,054054054054054054054
3095;1064;0,027027027027027027027
3095;1314;0,027027027027027027027
3095;2080;0,027027027027027027027
3095;2184;0,027027027027027027027
3095;2489;0,027027027027027027027
3095;2644;0,027027027027027027027
3095;2744;0,054054054054054054054
3095;3085;0,027027027027027027027
3095;3096;0,027027027027027027027
3095;3097;0,027027027027027027027
3095;3098;0,027027027027027027027
3095;3099;0,027027027027027027027
3095;3100;0,027027027027027027027
3095;3123;0,027027027027027027027
3095;3256;0,027027027027027027027
3095;3427;0,027027027027027027027
3095;3683;0,027027027027027027027
3095;4396;0,027027027027027027027
3095;5149;0,027027027027027027027
3095;14481;0,027027027027027027027
3095;20476;0,027027027027027027027
3095;41776;0,108108108108108108108
3098;71;0,388888888888888888888
3098;644;0,055555555555555555555
3098;1035;0,111111111111111111111
3098;2657;0,055555555555555555555
3098;3095;0,055555555555555555555
3098;3123;0,055555555555555555555
3098;3141;0,055555555555555555555
3098;3235;0,055555555555555555555
3098;4159;0,111111111111111111111
3098;4501;0,055555555555555555555
3099;184646;1,000000000000000000000
3103;1583;0,250000000000000000000
3103;3234;0,750000000000000000000
3104;119;0,333333333333333333333
3104;320;0,333333333333333333333
3104;28970;0,333333333333333333333
3105;73;0,333333333333333333333
3105;846;0,666666666666666666666
3118;3340;0,500000000000000000000
3118;9924;0,500000000000000000000
3122;5627;1,000000000000000000000
3123;846;0,333333333333333333333
3123;1152;0,333333333333333333333
3123;2488;0,166666666666666666666
3123;3098;0,166666666666666666666
3141;1231;0,062500000000000000000
3141;2479;0,125000000000000000000
3141;3098;0,062500000000000000000
3141;4024;0,062500000000000000000
3141;6503;0,062500000000000000000
3141;9968;0,125000000000000000000
3141;17521;0,062500000000000000000
3141;75555;0,062500000000000000000
3141;259831;0,187500000000000000000
3141;333343;0,125000000000000000000
3141;408487;0,062500000000000000000
3142;911;0,200000000000000000000
3142;1286;0,066666666666666666666
3142;2586;0,066666666666666666666
3142;3414;0,333333333333333333333
3142;4262;0,266666666666666666666
3142;14465;0,066666666666666666666
3143;146;0,083333333333333333333
3143;365;0,083333333333333333333
3143;703;0,083333333333333333333
3143;1280;0,083333333333333333333
3143;2362;0,166666666666666666666
3143;3966;0,083333333333333333333
3143;6250;0,083333333333333333333
3143;6800;0,083333333333333333333
3143;7416;0,083333333333333333333
3143;9194;0,083333333333333333333
3143;27522;0,083333333333333333333
3158;22;0,021739130434782608695
3158;547;0,043478260869565217391
3158;761;0,021739130434782608695
3158;765;0,043478260869565217391
3158;805;0,021739130434782608695
3158;918;0,021739130434782608695
3158;933;0,021739130434782608695
3158;1160;0,021739130434782608695
3158;1945;0,021739130434782608695
3158;2223;0,043478260869565217391
3158;2679;0,021739130434782608695
3158;3146;0,021739130434782608695
3158;3204;0,021739130434782608695
3158;3618;0,065217391304347826086
3158;3825;0,021739130434782608695
3158;4064;0,043478260869565217391
3158;5005;0,021739130434782608695
3158;5350;0,021739130434782608695
3158;7240;0,021739130434782608695
3158;7774;0,021739130434782608695
3158;8464;0,021739130434782608695
3158;9421;0,043478260869565217391
3158;9729;0,021739130434782608695
3158;10390;0,021739130434782608695
3158;12333;0,043478260869565217391
3158;12775;0,021739130434782608695
3158;14826;0,086956521739130434782
3158;17426;0,021739130434782608695
3158;19176;0,021739130434782608695
3158;27841;0,021739130434782608695
3158;28463;0,021739130434782608695
3158;28523;0,021739130434782608695
3158;286988;0,021739130434782608695
3158;326192;0,021739130434782608695
3158;328526;0,021739130434782608695
3164;652;0,285714285714285714285
3164;2198;0,142857142857142857142
3164;3877;0,285714285714285714285
3164;4935;0,142857142857142857142
3164;7920;0,142857142857142857142
3169;6929;0,500000000000000000000
3169;28397;0,500000000000000000000
3170;3340;1,000000000000000000000
3176;2467;0,400000000000000000000
3176;3986;0,200000000000000000000
3176;17280;0,400000000000000000000
3178;1425;0,068965517241379310344
3178;2494;0,068965517241379310344
3178;2877;0,068965517241379310344
3178;3197;0,068965517241379310344
3178;4145;0,137931034482758620689
3178;7072;0,068965517241379310344
3178;7095;0,137931034482758620689
3178;9288;0,137931034482758620689
3178;9960;0,034482758620689655172
3178;28465;0,034482758620689655172
3178;119973;0,137931034482758620689
3178;373924;0,034482758620689655172
3180;326192;1,000000000000000000000
3188;689;0,400000000000000000000
3188;1236;0,400000000000000000000
3188;5012;0,200000000000000000000
3203;7135;1,000000000000000000000
3212;2371;0,333333333333333333333
3212;7521;0,666666666666666666666
3214;5168;1,000000000000000000000
3222;1092;0,600000000000000000000
3222;2897;0,400000000000000000000
3223;351;0,500000000000000000000
3223;918;0,166666666666666666666
3223;54879;0,333333333333333333333
3230;132;0,400000000000000000000
3230;550;0,400000000000000000000
3230;13721;0,200000000000000000000
3233;2326;1,000000000000000000000
3235;2704;0,125000000000000000000
3235;2851;0,500000000000000000000
3235;4355;0,125000000000000000000
3235;6406;0,125000000000000000000
3235;374246;0,125000000000000000000
3237;1657;0,500000000000000000000
3237;2355;0,500000000000000000000
3241;4906;1,000000000000000000000
3245;860;0,250000000000000000000
3245;2293;0,250000000000000000000
3245;5628;0,500000000000000000000
3251;59;0,666666666666666666666
3251;283638;0,333333333333333333333
3256;846;1,000000000000000000000
3260;3877;0,500000000000000000000
3260;17281;0,500000000000000000000
3268;1231;0,500000000000000000000
3268;13265;0,500000000000000000000
3271;1060;1,000000000000000000000
3293;8928;1,000000000000000000000
3296;192;0,200000000000000000000
3296;5214;0,600000000000000000000
3296;5219;0,200000000000000000000
3304;545;0,500000000000000000000
3304;5506;0,333333333333333333333
3304;9159;0,166666666666666666666
3306;8928;1,000000000000000000000
3315;870;1,000000000000000000000
3318;349;0,250000000000000000000
3318;817;0,250000000000000000000
3318;3962;0,250000000000000000000
3318;587057;0,250000000000000000000
3320;3877;1,000000000000000000000
3328;1667;0,666666666666666666666
3328;5545;0,333333333333333333333
3340;371;0,046511627906976744186
3340;468;0,023255813953488372093
3340;588;0,023255813953488372093
3340;952;0,046511627906976744186
3340;1284;0,023255813953488372093
3340;2128;0,023255813953488372093
3340;2335;0,023255813953488372093
3340;2408;0,023255813953488372093
3340;2549;0,023255813953488372093
3340;2647;0,023255813953488372093
3340;2804;0,023255813953488372093
3340;3118;0,023255813953488372093
3340;3170;0,046511627906976744186
3340;3180;0,023255813953488372093
3340;3341;0,023255813953488372093
3340;3342;0,023255813953488372093
3340;3343;0,023255813953488372093
3340;3345;0,023255813953488372093
3340;3346;0,023255813953488372093
3340;3347;0,023255813953488372093
3340;3348;0,046511627906976744186
3340;3349;0,069767441860465116279
3340;3350;0,023255813953488372093
3340;3960;0,023255813953488372093
3340;5232;0,023255813953488372093
3340;5679;0,116279069767441860465
3340;7367;0,023255813953488372093
3340;9924;0,023255813953488372093
3340;9925;0,023255813953488372093
3340;26786;0,023255813953488372093
3340;28697;0,023255813953488372093
3340;28705;0,023255813953488372093
3340;28707;0,023255813953488372093
3356;524;0,666666666666666666666
3356;7939;0,333333333333333333333
3359;313;0,025000000000000000000
3359;870;0,025000000000000000000
3359;1321;0,100000000000000000000
3359;1402;0,025000000000000000000
3359;1453;0,025000000000000000000
3359;1632;0,025000000000000000000
3359;1692;0,025000000000000000000
3359;1699;0,025000000000000000000
3359;1705;0,025000000000000000000
3359;1707;0,025000000000000000000
3359;1708;0,050000000000000000000
3359;1769;0,050000000000000000000
3359;2195;0,075000000000000000000
3359;2254;0,025000000000000000000
3359;2506;0,075000000000000000000
3359;2826;0,025000000000000000000
3359;2991;0,025000000000000000000
3359;3427;0,050000000000000000000
3359;3450;0,025000000000000000000
3359;3564;0,025000000000000000000
3359;4386;0,025000000000000000000
3359;5367;0,025000000000000000000
3359;5753;0,050000000000000000000
3359;8071;0,025000000000000000000
3359;21502;0,025000000000000000000
3359;140271;0,075000000000000000000
3359;529797;0,025000000000000000000
3360;4794;1,000000000000000000000
3381;10020;1,000000000000000000000
3392;1278;0,833333333333333333333
3392;1814;0,166666666666666666666
3393;122;0,083333333333333333333
3393;285;0,083333333333333333333
3393;845;0,333333333333333333333
3393;1180;0,083333333333333333333
3393;1235;0,416666666666666666666
3394;425;0,142857142857142857142
3394;517;0,142857142857142857142
3394;2245;0,142857142857142857142
3394;4510;0,142857142857142857142
3394;8904;0,142857142857142857142
3394;27763;0,142857142857142857142
3394;184646;0,142857142857142857142
3395;72;1,000000000000000000000
3399;1948;0,307692307692307692307
3399;2355;0,307692307692307692307
3399;3574;0,230769230769230769230
3399;4094;0,153846153846153846153
3401;6812;1,000000000000000000000
3408;66075;0,500000000000000000000
3408;119973;0,500000000000000000000
3414;911;0,200000000000000000000
3414;1744;0,100000000000000000000
3414;3142;0,100000000000000000000
3414;4262;0,400000000000000000000
3414;6472;0,100000000000000000000
3414;259831;0,100000000000000000000
3418;2506;1,000000000000000000000
3420;213;0,250000000000000000000
3420;9356;0,250000000000000000000
3420;11138;0,500000000000000000000
3427;174;0,142857142857142857142
3427;1064;0,047619047619047619047
3427;1321;0,047619047619047619047
3427;1454;0,095238095238095238095
3427;1563;0,142857142857142857142
3427;2195;0,095238095238095238095
3427;8212;0,095238095238095238095
3427;8213;0,190476190476190476190
3427;114536;0,142857142857142857142
3429;48826;1,000000000000000000000
3433;1348;0,666666666666666666666
3433;12706;0,333333333333333333333
3443;80;0,250000000000000000000
3443;219;0,250000000000000000000
3443;502;0,250000000000000000000
3443;668;0,250000000000000000000
3450;3359;1,000000000000000000000
3457;3458;1,000000000000000000000
3458;3457;0,500000000000000000000
3458;3694;0,500000000000000000000
3465;945;1,000000000000000000000
3473;101;0,029411764705882352941
3473;248;0,029411764705882352941
3473;250;0,029411764705882352941
3473;251;0,029411764705882352941
3473;285;0,029411764705882352941
3473;737;0,058823529411764705882
3473;781;0,029411764705882352941
3473;861;0,029411764705882352941
3473;1520;0,029411764705882352941
3473;1570;0,029411764705882352941
3473;1591;0,029411764705882352941
3473;2139;0,029411764705882352941
3473;2252;0,029411764705882352941
3473;2379;0,058823529411764705882
3473;2398;0,029411764705882352941
3473;2515;0,029411764705882352941
3473;3045;0,029411764705882352941
3473;3234;0,058823529411764705882
3473;3381;0,029411764705882352941
3473;3870;0,029411764705882352941
3473;3871;0,029411764705882352941
3473;3872;0,029411764705882352941
3473;3873;0,029411764705882352941
3473;4187;0,029411764705882352941
3473;4376;0,029411764705882352941
3473;4613;0,029411764705882352941
3473;4787;0,058823529411764705882
3473;7334;0,029411764705882352941
3473;9330;0,029411764705882352941
3473;216172;0,029411764705882352941
3475;2569;1,000000000000000000000
3485;615;1,000000000000000000000
3496;1135;1,000000000000000000000
3499;567;1,000000000000000000000
3500;3015;1,000000000000000000000
3513;410;0,333333333333333333333
3513;8566;0,666666666666666666666
3515;219;0,500000000000000000000
3515;502;0,250000000000000000000
3515;1248;0,250000000000000000000
3518;13141;1,000000000000000000000
3523;71;0,055555555555555555555
3523;529;0,166666666666666666666
3523;695;0,055555555555555555555
3523;1316;0,055555555555555555555
3523;1724;0,055555555555555555555
3523;1943;0,055555555555555555555
3523;3235;0,055555555555555555555
3523;12432;0,055555555555555555555
3523;12816;0,055555555555555555555
3523;41776;0,055555555555555555555
3523;63981;0,055555555555555555555
3523;98841;0,166666666666666666666
3523;366089;0,055555555555555555555
3523;906176;0,055555555555555555555
3528;4890;1,000000000000000000000
3551;609;0,125000000000000000000
3551;1010;0,125000000000000000000
3551;2001;0,125000000000000000000
3551;2188;0,125000000000000000000
3551;5470;0,125000000000000000000
3551;5627;0,125000000000000000000
3551;8268;0,125000000000000000000
3551;13504;0,125000000000000000000
3574;1143;0,200000000000000000000
3574;1948;0,400000000000000000000
3574;5054;0,400000000000000000000
3585;4292;0,333333333333333333333
3585;5016;0,666666666666666666666
3587;6169;1,000000000000000000000
3588;525;0,666666666666666666666
3588;5005;0,333333333333333333333
3591;192;1,000000000000000000000
3615;392;1,000000000000000000000
3618;3158;1,000000000000000000000
3619;2684;1,000000000000000000000
3625;502;0,714285714285714285714
3625;1248;0,285714285714285714285
3633;283638;1,000000000000000000000
3637;1749;0,333333333333333333333
3637;4438;0,333333333333333333333
3637;252837;0,333333333333333333333
3648;9951;1,000000000000000000000
3665;5484;1,000000000000000000000
3671;5360;1,000000000000000000000
3675;4471;1,000000000000000000000
3678;8909;1,000000000000000000000
3680;528;0,333333333333333333333
3680;1866;0,333333333333333333333
3680;1940;0,333333333333333333333
3685;1030;0,100000000000000000000
3685;5627;0,300000000000000000000
3685;8267;0,300000000000000000000
3685;8306;0,300000000000000000000
3697;1517;0,500000000000000000000
3697;2326;0,500000000000000000000
3738;521;0,200000000000000000000
3738;761;0,400000000000000000000
3738;1315;0,200000000000000000000
3738;5666;0,200000000000000000000
3748;127;1,000000000000000000000
3779;407;0,500000000000000000000
3779;713;0,250000000000000000000
3779;945;0,250000000000000000000
3791;571;0,500000000000000000000
3791;1600;0,500000000000000000000
3797;8516;1,000000000000000000000
3800;521;0,428571428571428571428
3800;1422;0,142857142857142857142
3800;2005;0,142857142857142857142
3800;8156;0,285714285714285714285
3802;2445;0,454545454545454545454
3802;2657;0,090909090909090909090
3802;5679;0,272727272727272727272
3802;10188;0,090909090909090909090
3802;59745;0,090909090909090909090
3809;294;0,153846153846153846153
3809;995;0,076923076923076923076
3809;1010;0,076923076923076923076
3809;1293;0,076923076923076923076
3809;2001;0,307692307692307692307
3809;6461;0,076923076923076923076
3809;10523;0,076923076923076923076
3809;13504;0,076923076923076923076
3809;18149;0,076923076923076923076
3811;4108;0,500000000000000000000
3811;4345;0,500000000000000000000
3815;1864;1,000000000000000000000
3825;8373;1,000000000000000000000
3827;1556;0,333333333333333333333
3827;5016;0,333333333333333333333
3827;7574;0,333333333333333333333
3829;689;0,500000000000000000000
3829;774;0,500000000000000000000
3836;318;0,222222222222222222222
3836;1498;0,222222222222222222222
3836;4472;0,111111111111111111111
3836;8928;0,111111111111111111111
3836;13498;0,111111111111111111111
3836;703260;0,222222222222222222222
3838;3234;1,000000000000000000000
3842;1459;0,066666666666666666666
3842;1946;0,066666666666666666666
3842;1963;0,400000000000000000000
3842;5037;0,133333333333333333333
3842;6433;0,066666666666666666666
3842;12441;0,200000000000000000000
3842;20984;0,066666666666666666666
3852;1657;0,333333333333333333333
3852;4695;0,333333333333333333333
3852;6498;0,333333333333333333333
3857;5628;1,000000000000000000000
3859;689;1,000000000000000000000
3867;267;0,500000000000000000000
3867;10020;0,500000000000000000000
3869;2474;0,500000000000000000000
3869;9350;0,500000000000000000000
3871;1570;1,000000000000000000000
3872;2523;0,750000000000000000000
3872;4187;0,250000000000000000000
3891;201;0,090909090909090909090
3891;360;0,090909090909090909090
3891;844;0,181818181818181818181
3891;3567;0,181818181818181818181
3891;4355;0,181818181818181818181
3891;4486;0,090909090909090909090
3891;5626;0,090909090909090909090
3891;13158;0,090909090909090909090
3911;24837;1,000000000000000000000
3944;1589;0,500000000000000000000
3944;9762;0,500000000000000000000
3957;7418;1,000000000000000000000
3962;3318;1,000000000000000000000
3968;4;0,666666666666666666666
3968;2433;0,333333333333333333333
3971;1455;0,166666666666666666666
3971;1629;0,333333333333333333333
3971;1694;0,166666666666666666666
3971;1721;0,166666666666666666666
3971;4206;0,166666666666666666666
3975;1949;0,250000000000000000000
3975;3575;0,250000000000000000000
3975;4268;0,500000000000000000000
3978;2227;1,000000000000000000000
3980;4;0,333333333333333333333
3980;8493;0,333333333333333333333
3980;11004;0,333333333333333333333
3983;995;0,250000000000000000000
3983;2054;0,750000000000000000000
3986;2467;1,000000000000000000000
3996;475;0,142857142857142857142
3996;2487;0,285714285714285714285
3996;2802;0,071428571428571428571
3996;4159;0,071428571428571428571
3996;5306;0,071428571428571428571
3996;6027;0,071428571428571428571
3996;6502;0,214285714285714285714
3996;499117;0,071428571428571428571
3998;12;0,111111111111111111111
3998;528;0,111111111111111111111
3998;1897;0,111111111111111111111
3998;2825;0,111111111111111111111
3998;4765;0,111111111111111111111
3998;5363;0,111111111111111111111
3998;5445;0,111111111111111111111
3998;5921;0,111111111111111111111
3998;6316;0,111111111111111111111
4000;4001;1,000000000000000000000
4001;1278;0,500000000000000000000
4001;28657;0,500000000000000000000
4004;1307;0,333333333333333333333
4004;8873;0,333333333333333333333
4004;98841;0,333333333333333333333
4020;72;0,062500000000000000000
4020;1310;0,250000000000000000000
4020;2500;0,062500000000000000000
4020;2561;0,062500000000000000000
4020;2798;0,062500000000000000000
4020;2991;0,062500000000000000000
4020;5679;0,312500000000000000000
4020;6723;0,062500000000000000000
4020;28569;0,062500000000000000000
4021;4268;1,000000000000000000000
4024;2479;0,750000000000000000000
4024;3141;0,250000000000000000000
4039;173893;1,000000000000000000000
4059;1196;0,666666666666666666666
4059;3776;0,166666666666666666666
4059;7886;0,166666666666666666666
4064;2223;0,625000000000000000000
4064;3158;0,375000000000000000000
4070;2046;1,000000000000000000000
4078;120;0,250000000000000000000
4078;2140;0,250000000000000000000
4078;6000;0,250000000000000000000
4078;8566;0,250000000000000000000
4080;279;0,142857142857142857142
4080;937;0,142857142857142857142
4080;1271;0,142857142857142857142
4080;1499;0,142857142857142857142
4080;2472;0,142857142857142857142
4080;4117;0,142857142857142857142
4080;6347;0,142857142857142857142
4090;1293;1,000000000000000000000
4091;393418;1,000000000000000000000
4094;330;0,500000000000000000000
4094;3399;0,250000000000000000000
4094;28171;0,250000000000000000000
4102;1949;0,166666666666666666666
4102;5061;0,500000000000000000000
4102;5856;0,166666666666666666666
4102;233872;0,166666666666666666666
4108;162;1,000000000000000000000
4117;251;0,200000000000000000000
4117;2510;0,400000000000000000000
4117;4592;0,200000000000000000000
4117;10020;0,200000000000000000000
4145;2175;0,315789473684210526315
4145;3197;0,026315789473684210526
4145;7072;0,026315789473684210526
4145;7095;0,026315789473684210526
4145;65998;0,289473684210526315789
4145;66075;0,315789473684210526315
4146;3085;0,055555555555555555555
4146;4271;0,111111111111111111111
4146;4414;0,166666666666666666666
4146;7747;0,111111111111111111111
4146;17323;0,055555555555555555555
4146;28250;0,388888888888888888888
4146;28264;0,111111111111111111111
4147;965;0,052631578947368421052
4147;2146;0,473684210526315789473
4147;2697;0,473684210526315789473
4148;178;0,285714285714285714285
4148;447;0,428571428571428571428
4148;8225;0,142857142857142857142
4148;59841;0,142857142857142857142
4159;3123;1,000000000000000000000
4172;1265;0,500000000000000000000
4172;12706;0,500000000000000000000
4173;452;0,200000000000000000000
4173;668;0,200000000000000000000
4173;876;0,200000000000000000000
4173;507180;0,400000000000000000000
4179;841;0,500000000000000000000
4179;2198;0,500000000000000000000
4187;274;1,000000000000000000000
4213;251;0,142857142857142857142
4213;1515;0,142857142857142857142
4213;4398;0,142857142857142857142
4213;4592;0,428571428571428571428
4213;4713;0,142857142857142857142
4215;334;0,500000000000000000000
4215;2396;0,500000000000000000000
4225;761;0,300000000000000000000
4225;1748;0,100000000000000000000
4225;5935;0,100000000000000000000
4225;6048;0,200000000000000000000
4225;7578;0,200000000000000000000
4225;7886;0,100000000000000000000
4228;793;0,500000000000000000000
4228;1845;0,500000000000000000000
4237;5484;0,250000000000000000000
4237;8156;0,250000000000000000000
4237;28763;0,250000000000000000000
4237;352420;0,250000000000000000000
4240;1744;1,000000000000000000000
4245;1561;1,000000000000000000000
4247;4751;1,000000000000000000000
4262;911;0,157894736842105263157
4262;3142;0,052631578947368421052
4262;3414;0,631578947368421052631
4262;4491;0,105263157894736842105
4262;259831;0,052631578947368421052
4268;477;0,095238095238095238095
4268;547;0,095238095238095238095
4268;1180;0,047619047619047619047
4268;2200;0,142857142857142857142
4268;3975;0,047619047619047619047
4268;4021;0,119047619047619047619
4268;4269;0,023809523809523809523
4268;4935;0,095238095238095238095
4268;5350;0,095238095238095238095
4268;11415;0,142857142857142857142
4268;343424;0,095238095238095238095
4269;115;1,000000000000000000000
4271;1122;1,000000000000000000000
4278;538;1,000000000000000000000
4280;1286;1,000000000000000000000
4299;4424;0,500000000000000000000
4299;4475;0,500000000000000000000
4307;613;0,666666666666666666666
4307;5093;0,333333333333333333333
4309;2851;0,333333333333333333333
4309;5329;0,333333333333333333333
4309;5613;0,333333333333333333333
4313;249;0,200000000000000000000
4313;251;0,200000000000000000000
4313;283;0,200000000000000000000
4313;472;0,200000000000000000000
4313;1374;0,200000000000000000000
4317;5679;1,000000000000000000000
4334;5682;0,500000000000000000000
4334;13623;0,500000000000000000000
4337;3234;1,000000000000000000000
4345;5093;0,500000000000000000000
4345;6913;0,500000000000000000000
4355;727;0,333333333333333333333
4355;1864;0,333333333333333333333
4355;5329;0,333333333333333333333
4361;17;0,285714285714285714285
4361;265;0,285714285714285714285
4361;422;0,285714285714285714285
4361;10926;0,142857142857142857142
4376;787;0,181818181818181818181
4376;1310;0,090909090909090909090
4376;1513;0,090909090909090909090
4376;1827;0,090909090909090909090
4376;2761;0,090909090909090909090
4376;4513;0,090909090909090909090
4376;5500;0,090909090909090909090
4376;6609;0,090909090909090909090
4376;13674;0,090909090909090909090
4376;28914;0,090909090909090909090
4377;4935;1,000000000000000000000
4398;251;1,000000000000000000000
4421;1293;0,333333333333333333333
4421;4877;0,333333333333333333333
4421;6372;0,333333333333333333333
4427;4424;1,000000000000000000000
4428;839;0,500000000000000000000
4428;4474;0,500000000000000000000
4429;17;0,033333333333333333333
4429;104;0,033333333333333333333
4429;303;0,033333333333333333333
4429;422;0,033333333333333333333
4429;494;0,033333333333333333333
4429;768;0,033333333333333333333
4429;839;0,033333333333333333333
4429;937;0,033333333333333333333
4429;1427;0,033333333333333333333
4429;1476;0,033333333333333333333
4429;1498;0,033333333333333333333
4429;1612;0,033333333333333333333
4429;1749;0,033333333333333333333
4429;1915;0,033333333333333333333
4429;2427;0,033333333333333333333
4429;3836;0,033333333333333333333
4429;4299;0,033333333333333333333
4429;4430;0,033333333333333333333
4429;4433;0,033333333333333333333
4429;4434;0,033333333333333333333
4429;4445;0,033333333333333333333
4429;4453;0,033333333333333333333
4429;4463;0,033333333333333333333
4429;4467;0,033333333333333333333
4429;4471;0,033333333333333333333
4429;4472;0,033333333333333333333
4429;4474;0,033333333333333333333
4429;4475;0,033333333333333333333
4429;6520;0,033333333333333333333
4429;17516;0,033333333333333333333
4430;4299;0,500000000000000000000
4430;9686;0,500000000000000000000
4431;172;0,500000000000000000000
4431;1991;0,500000000000000000000
4434;190;1,000000000000000000000
4435;19402;1,000000000000000000000
4437;4452;0,500000000000000000000
4437;122436;0,500000000000000000000
4440;4475;1,000000000000000000000
4453;1498;1,000000000000000000000
4461;2578;1,000000000000000000000
4462;4009;1,000000000000000000000
4470;4437;1,000000000000000000000
4471;3675;1,000000000000000000000
4472;104;0,200000000000000000000
4472;839;0,100000000000000000000
4472;1498;0,600000000000000000000
4472;37813;0,100000000000000000000
4483;453;0,750000000000000000000
4483;979;0,250000000000000000000
4486;689;0,333333333333333333333
4486;3532;0,333333333333333333333
4486;3891;0,333333333333333333333
4491;7221;0,500000000000000000000
4491;8723;0,500000000000000000000
4497;5484;1,000000000000000000000
4498;2822;1,000000000000000000000
4501;31;0,045454545454545454545
4501;71;0,045454545454545454545
4501;170;0,136363636363636363636
4501;529;0,045454545454545454545
4501;644;0,045454545454545454545
4501;645;0,045454545454545454545
4501;890;0,090909090909090909090
4501;990;0,045454545454545454545
4501;1234;0,045454545454545454545
4501;1276;0,090909090909090909090
4501;1340;0,045454545454545454545
4501;1657;0,045454545454545454545
4501;3098;0,045454545454545454545
4501;3141;0,045454545454545454545
4501;3235;0,045454545454545454545
4501;6527;0,045454545454545454545
4501;12441;0,045454545454545454545
4501;13239;0,045454545454545454545
4507;101;0,166666666666666666666
4507;827;0,166666666666666666666
4507;1276;0,333333333333333333333
4507;3838;0,166666666666666666666
4507;4592;0,166666666666666666666
4512;644;0,142857142857142857142
4512;2181;0,142857142857142857142
4512;2364;0,571428571428571428571
4512;16653;0,142857142857142857142
4513;1040;0,333333333333333333333
4513;9967;0,666666666666666666666
4518;1700;1,000000000000000000000
4526;1562;1,000000000000000000000
4530;111;0,090909090909090909090
4530;352;0,454545454545454545454
4530;600;0,181818181818181818181
4530;7577;0,090909090909090909090
4530;743909;0,181818181818181818181
4552;41;0,500000000000000000000
4552;1261;0,500000000000000000000
4553;984;0,500000000000000000000
4553;6543;0,250000000000000000000
4553;12775;0,250000000000000000000
4572;8489;1,000000000000000000000
4576;7521;0,500000000000000000000
4576;11734;0,500000000000000000000
4586;41776;1,000000000000000000000
4592;251;0,090909090909090909090
4592;1515;0,181818181818181818181
4592;2510;0,181818181818181818181
4592;4117;0,181818181818181818181
4592;4213;0,090909090909090909090
4592;4398;0,181818181818181818181
4592;35009;0,090909090909090909090
4598;771;1,000000000000000000000
4603;6883;1,000000000000000000000
4613;2379;1,000000000000000000000
4621;3557;0,250000000000000000000
4621;5177;0,250000000000000000000
4621;25488;0,250000000000000000000
4621;357817;0,250000000000000000000
4627;404;0,250000000000000000000
4627;983;0,250000000000000000000
4627;2434;0,250000000000000000000
4627;2961;0,250000000000000000000
4629;2371;1,000000000000000000000
4638;4552;1,000000000000000000000
4639;576;0,666666666666666666666
4639;3694;0,333333333333333333333
4681;955;1,000000000000000000000
4697;3418;1,000000000000000000000
4713;251;0,833333333333333333333
4713;7886;0,166666666666666666666
4715;7221;1,000000000000000000000
4719;380;0,500000000000000000000
4719;859;0,250000000000000000000
4719;1111;0,250000000000000000000
4720;5629;0,333333333333333333333
4720;151009;0,666666666666666666666
4747;1142;1,000000000000000000000
4772;839;1,000000000000000000000
4794;3360;1,000000000000000000000
4803;273;0,076923076923076923076
4803;918;0,076923076923076923076
4803;4625;0,076923076923076923076
4803;8044;0,076923076923076923076
4803;17426;0,076923076923076923076
4803;17826;0,153846153846153846153
4803;28457;0,076923076923076923076
4803;278192;0,076923076923076923076
4803;327099;0,076923076923076923076
4803;327859;0,076923076923076923076
4803;366869;0,076923076923076923076
4803;382779;0,076923076923076923076
4821;689;0,142857142857142857142
4821;1946;0,428571428571428571428
4821;17352;0,285714285714285714285
4821;21697;0,142857142857142857142
4825;2293;0,500000000000000000000
4825;5628;0,500000000000000000000
4852;2479;0,333333333333333333333
4852;8590;0,500000000000000000000
4852;12441;0,166666666666666666666
4876;2064;1,000000000000000000000
4877;38;1,000000000000000000000
4933;367451;1,000000000000000000000
4935;2288;1,000000000000000000000
4942;3575;1,000000000000000000000
4976;1077;0,500000000000000000000
4976;5016;0,500000000000000000000
5016;61;0,012195121951219512195
5016;66;0,012195121951219512195
5016;74;0,012195121951219512195
5016;214;0,012195121951219512195
5016;360;0,012195121951219512195
5016;407;0,012195121951219512195
5016;420;0,012195121951219512195
5016;527;0,012195121951219512195
5016;652;0,012195121951219512195
5016;808;0,012195121951219512195
5016;839;0,024390243902439024390
5016;966;0,012195121951219512195
5016;972;0,012195121951219512195
5016;975;0,012195121951219512195
5016;999;0,024390243902439024390
5016;1002;0,012195121951219512195
5016;1012;0,012195121951219512195
5016;1016;0,012195121951219512195
5016;1020;0,012195121951219512195
5016;1077;0,024390243902439024390
5016;1085;0,012195121951219512195
5016;1180;0,012195121951219512195
5016;1501;0,012195121951219512195
5016;1556;0,024390243902439024390
5016;1756;0,012195121951219512195
5016;1981;0,012195121951219512195
5016;1991;0,012195121951219512195
5016;2080;0,036585365853658536585
5016;2499;0,012195121951219512195
5016;2515;0,024390243902439024390
5016;2791;0,012195121951219512195
5016;3033;0,012195121951219512195
5016;3188;0,012195121951219512195
5016;3260;0,024390243902439024390
5016;3508;0,012195121951219512195
5016;3585;0,024390243902439024390
5016;3586;0,012195121951219512195
5016;3678;0,012195121951219512195
5016;3763;0,012195121951219512195
5016;3827;0,048780487804878048780
5016;3905;0,012195121951219512195
5016;4976;0,012195121951219512195
5016;5012;0,012195121951219512195
5016;5626;0,012195121951219512195
5016;5681;0,012195121951219512195
5016;5921;0,012195121951219512195
5016;6006;0,012195121951219512195
5016;6349;0,012195121951219512195
5016;7322;0,012195121951219512195
5016;8000;0,012195121951219512195
5016;8445;0,012195121951219512195
5016;8478;0,012195121951219512195
5016;8909;0,012195121951219512195
5016;9481;0,012195121951219512195
5016;9482;0,012195121951219512195
5016;9719;0,012195121951219512195
5016;9720;0,012195121951219512195
5016;9722;0,012195121951219512195
5016;12596;0,012195121951219512195
5016;13158;0,012195121951219512195
5016;15762;0,012195121951219512195
5016;37815;0,024390243902439024390
5016;42210;0,012195121951219512195
5016;77678;0,012195121951219512195
5016;248832;0,012195121951219512195
5016;248836;0,012195121951219512195
5016;248841;0,012195121951219512195
5016;347540;0,012195121951219512195
5016;653504;0,012195121951219512195
5019;5493;1,000000000000000000000
5029;2591;1,000000000000000000000
5053;1840;1,000000000000000000000
5054;255740;1,000000000000000000000
5061;543;0,055555555555555555555
5061;886;0,055555555555555555555
5061;1923;0,055555555555555555555
5061;2352;0,055555555555555555555
5061;3015;0,055555555555555555555
5061;3763;0,055555555555555555555
5061;4102;0,111111111111111111111
5061;4814;0,055555555555555555555
5061;5528;0,055555555555555555555
5061;6856;0,055555555555555555555
5061;6994;0,055555555555555555555
5061;6997;0,055555555555555555555
5061;7080;0,111111111111111111111
5061;9468;0,055555555555555555555
5061;10640;0,055555555555555555555
5061;15762;0,055555555555555555555
5071;1180;0,357142857142857142857
5071;2206;0,035714285714285714285
5071;7209;0,142857142857142857142
5071;8899;0,071428571428571428571
5071;12596;0,392857142857142857142
5077;8253;0,090909090909090909090
5077;12591;0,909090909090909090909
5082;27173;1,000000000000000000000
5083;1180;1,000000000000000000000
5089;2198;1,000000000000000000000
5092;17323;1,000000000000000000000
5093;2596;0,250000000000000000000
5093;4108;0,250000000000000000000
5093;4307;0,500000000000000000000
5101;440497;1,000000000000000000000
5119;621;0,500000000000000000000
5119;16076;0,500000000000000000000
5138;4752;1,000000000000000000000
5142;85;0,142857142857142857142
5142;12876;0,857142857142857142857
5144;965;0,500000000000000000000
5144;5442;0,500000000000000000000
5148;1083;1,000000000000000000000
5149;54;0,153846153846153846153
5149;657;0,076923076923076923076
5149;658;0,076923076923076923076
5149;846;0,153846153846153846153
5149;1344;0,076923076923076923076
5149;2021;0,076923076923076923076
5149;2184;0,076923076923076923076
5149;3105;0,153846153846153846153
5149;41776;0,076923076923076923076
5149;512469;0,076923076923076923076
5158;1153;0,500000000000000000000
5158;4890;0,500000000000000000000
5167;995;1,000000000000000000000
5177;3436;0,800000000000000000000
5177;4621;0,200000000000000000000
5180;1254;0,500000000000000000000
5180;28970;0,500000000000000000000
5214;3296;0,666666666666666666666
5214;13372;0,333333333333333333333
5219;1667;0,333333333333333333333
5219;5564;0,666666666666666666666
5232;2112;0,500000000000000000000
5232;3289;0,500000000000000000000
5250;2147;0,500000000000000000000
5250;9398;0,500000000000000000000
5264;1676;0,500000000000000000000
5264;3071;0,250000000000000000000
5264;276780;0,250000000000000000000
5309;5543;1,000000000000000000000
5329;189;0,333333333333333333333
5329;2851;0,333333333333333333333
5329;4309;0,333333333333333333333
5338;645;1,000000000000000000000
5351;4281;1,000000000000000000000
5354;1175;0,050000000000000000000
5354;2277;0,050000000000000000000
5354;5511;0,050000000000000000000
5354;8056;0,050000000000000000000
5354;9350;0,050000000000000000000
5354;10941;0,050000000000000000000
5354;12500;0,100000000000000000000
5354;27929;0,050000000000000000000
5354;27931;0,050000000000000000000
5354;27953;0,050000000000000000000
5354;27966;0,050000000000000000000
5354;27968;0,050000000000000000000
5354;27973;0,050000000000000000000
5354;28010;0,050000000000000000000
5354;28017;0,050000000000000000000
5354;28019;0,050000000000000000000
5354;28030;0,050000000000000000000
5354;28032;0,050000000000000000000
5354;191488;0,050000000000000000000
5360;3671;0,500000000000000000000
5360;17208;0,500000000000000000000
5383;12775;1,000000000000000000000
5392;5037;0,500000000000000000000
5392;7015;0,500000000000000000000
5395;2817;1,000000000000000000000
5415;320;1,000000000000000000000
5430;1149;0,333333333333333333333
5430;3234;0,666666666666666666666
5440;794;0,222222222222222222222
5440;1667;0,111111111111111111111
5440;1910;0,111111111111111111111
5440;5637;0,111111111111111111111
5440;9098;0,111111111111111111111
5440;15895;0,222222222222222222222
5440;28777;0,111111111111111111111
5442;2147;1,000000000000000000000
5443;621;1,000000000000000000000
5445;621;1,000000000000000000000
5459;5437;1,000000000000000000000
5464;48;0,086956521739130434782
5464;178;0,043478260869565217391
5464;380;0,173913043478260869565
5464;756;0,043478260869565217391
5464;796;0,043478260869565217391
5464;1556;0,043478260869565217391
5464;1673;0,043478260869565217391
5464;2244;0,043478260869565217391
5464;3029;0,043478260869565217391
5464;3728;0,043478260869565217391
5464;3776;0,086956521739130434782
5464;4293;0,043478260869565217391
5464;4719;0,043478260869565217391
5464;5009;0,086956521739130434782
5464;5010;0,043478260869565217391
5464;5014;0,043478260869565217391
5464;8202;0,043478260869565217391
5470;1293;0,200000000000000000000
5470;3551;0,200000000000000000000
5470;4091;0,200000000000000000000
5470;28661;0,400000000000000000000
5506;3304;0,666666666666666666666
5506;8348;0,333333333333333333333
5513;883;0,500000000000000000000
5513;1606;0,500000000000000000000
5519;5441;0,250000000000000000000
5519;5922;0,500000000000000000000
5519;276505;0,250000000000000000000
5521;689;1,000000000000000000000
5536;4498;1,000000000000000000000
5543;4538;0,307692307692307692307
5543;5784;0,076923076923076923076
5543;6681;0,076923076923076923076
5543;7131;0,076923076923076923076
5543;7151;0,153846153846153846153
5543;7240;0,076923076923076923076
5543;9905;0,153846153846153846153
5543;16647;0,076923076923076923076
5557;877;1,000000000000000000000
5564;192;0,119047619047619047619
5564;496;0,023809523809523809523
5564;766;0,071428571428571428571
5564;977;0,047619047619047619047
5564;1667;0,047619047619047619047
5564;1838;0,047619047619047619047
5564;2037;0,023809523809523809523
5564;2046;0,023809523809523809523
5564;2271;0,023809523809523809523
5564;2272;0,023809523809523809523
5564;2359;0,023809523809523809523
5564;3296;0,023809523809523809523
5564;3591;0,023809523809523809523
5564;4364;0,023809523809523809523
5564;4561;0,023809523809523809523
5564;5214;0,023809523809523809523
5564;5219;0,071428571428571428571
5564;5698;0,023809523809523809523
5564;7762;0,023809523809523809523
5564;9413;0,023809523809523809523
5564;9432;0,023809523809523809523
5564;10946;0,119047619047619047619
5564;13372;0,023809523809523809523
5564;355594;0,023809523809523809523
5564;379234;0,071428571428571428571
5578;1988;0,500000000000000000000
5578;3753;0,500000000000000000000
5591;2569;1,000000000000000000000
5603;266;0,500000000000000000000
5603;2596;0,500000000000000000000
5610;1902;0,333333333333333333333
5610;3575;0,333333333333333333333
5610;59745;0,333333333333333333333
5611;423;0,666666666666666666666
5611;1942;0,333333333333333333333
5612;5679;1,000000000000000000000
5613;23;0,014492753623188405797
5613;115;0,007246376811594202898
5613;176;0,007246376811594202898
5613;198;0,007246376811594202898
5613;201;0,007246376811594202898
5613;306;0,007246376811594202898
5613;360;0,007246376811594202898
5613;490;0,007246376811594202898
5613;543;0,014492753623188405797
5613;579;0,007246376811594202898
5613;607;0,007246376811594202898
5613;652;0,007246376811594202898
5613;727;0,007246376811594202898
5613;844;0,007246376811594202898
5613;855;0,007246376811594202898
5613;885;0,014492753623188405797
5613;886;0,007246376811594202898
5613;1053;0,014492753623188405797
5613;1120;0,007246376811594202898
5613;1210;0,007246376811594202898
5613;1307;0,007246376811594202898
5613;1501;0,007246376811594202898
5613;1585;0,007246376811594202898
5613;1719;0,007246376811594202898
5613;1841;0,007246376811594202898
5613;1843;0,007246376811594202898
5613;1855;0,007246376811594202898
5613;1864;0,007246376811594202898
5613;1949;0,007246376811594202898
5613;1956;0,007246376811594202898
5613;2048;0,007246376811594202898
5613;2117;0,007246376811594202898
5613;2125;0,007246376811594202898
5613;2162;0,007246376811594202898
5613;2198;0,007246376811594202898
5613;2199;0,007246376811594202898
5613;2210;0,007246376811594202898
5613;2278;0,007246376811594202898
5613;2288;0,007246376811594202898
5613;2352;0,007246376811594202898
5613;2440;0,007246376811594202898
5613;2621;0,007246376811594202898
5613;2704;0,007246376811594202898
5613;2794;0,007246376811594202898
5613;2800;0,014492753623188405797
5613;2850;0,007246376811594202898
5613;2851;0,028985507246376811594
5613;2884;0,007246376811594202898
5613;3015;0,007246376811594202898
5613;3164;0,007246376811594202898
5613;3235;0,007246376811594202898
5613;3480;0,007246376811594202898
5613;3481;0,007246376811594202898
5613;3508;0,007246376811594202898
5613;3532;0,007246376811594202898
5613;3567;0,007246376811594202898
5613;3678;0,007246376811594202898
5613;3763;0,007246376811594202898
5613;3815;0,007246376811594202898
5613;3891;0,007246376811594202898
5613;3911;0,007246376811594202898
5613;4004;0,007246376811594202898
5613;4257;0,007246376811594202898
5613;4268;0,007246376811594202898
5613;4355;0,007246376811594202898
5613;4486;0,007246376811594202898
5613;4814;0,007246376811594202898
5613;4860;0,007246376811594202898
5613;4933;0,007246376811594202898
5613;4935;0,007246376811594202898
5613;5061;0,007246376811594202898
5613;5088;0,007246376811594202898
5613;5089;0,007246376811594202898
5613;5172;0,007246376811594202898
5613;5329;0,007246376811594202898
5613;5493;0,007246376811594202898
5613;5521;0,007246376811594202898
5613;5528;0,007246376811594202898
5613;5679;0,036231884057971014492
5613;6406;0,007246376811594202898
5613;6557;0,007246376811594202898
5613;6856;0,007246376811594202898
5613;6994;0,007246376811594202898
5613;6997;0,007246376811594202898
5613;7920;0,007246376811594202898
5613;8062;0,014492753623188405797
5613;8513;0,007246376811594202898
5613;8909;0,007246376811594202898
5613;9300;0,007246376811594202898
5613;9338;0,007246376811594202898
5613;9360;0,007246376811594202898
5613;9468;0,007246376811594202898
5613;9476;0,007246376811594202898
5613;9542;0,007246376811594202898
5613;10480;0,007246376811594202898
5613;10640;0,007246376811594202898
5613;12577;0,007246376811594202898
5613;13122;0,007246376811594202898
5613;13158;0,007246376811594202898
5613;13178;0,007246376811594202898
5613;13907;0,007246376811594202898
5613;14602;0,007246376811594202898
5613;14683;0,007246376811594202898
5613;14803;0,007246376811594202898
5613;14881;0,007246376811594202898
5613;15331;0,007246376811594202898
5613;15762;0,007246376811594202898
5613;15888;0,007246376811594202898
5613;16280;0,007246376811594202898
5613;17584;0,007246376811594202898
5613;17622;0,007246376811594202898
5613;17665;0,007246376811594202898
5613;17727;0,007246376811594202898
5613;18070;0,007246376811594202898
5613;18396;0,007246376811594202898
5613;21005;0,007246376811594202898
5613;22702;0,007246376811594202898
5613;22705;0,007246376811594202898
5613;22708;0,007246376811594202898
5613;22880;0,007246376811594202898
5613;23930;0,007246376811594202898
5613;23953;0,007246376811594202898
5613;23954;0,007246376811594202898
5613;72209;0,007246376811594202898
5613;508789;0,007246376811594202898
5616;5679;1,000000000000000000000
5617;5679;0,500000000000000000000
5617;189452;0,500000000000000000000
5622;1831;0,500000000000000000000
5622;9506;0,500000000000000000000
5626;547;0,250000000000000000000
5626;3827;0,250000000000000000000
5626;6326;0,250000000000000000000
5626;7626;0,250000000000000000000
5627;148;1,000000000000000000000
5628;42;0,014285714285714285714
5628;96;0,042857142857142857142
5628;237;0,042857142857142857142
5628;249;0,028571428571428571428
5628;261;0,042857142857142857142
5628;860;0,028571428571428571428
5628;1141;0,071428571428571428571
5628;1156;0,014285714285714285714
5628;1364;0,014285714285714285714
5628;1873;0,028571428571428571428
5628;1988;0,028571428571428571428
5628;2145;0,014285714285714285714
5628;2293;0,028571428571428571428
5628;2461;0,028571428571428571428
5628;3000;0,014285714285714285714
5628;3174;0,014285714285714285714
5628;3219;0,028571428571428571428
5628;3245;0,042857142857142857142
5628;3633;0,028571428571428571428
5628;3753;0,028571428571428571428
5628;3857;0,028571428571428571428
5628;4323;0,028571428571428571428
5628;4825;0,014285714285714285714
5628;4881;0,014285714285714285714
5628;5578;0,028571428571428571428
5628;5679;0,071428571428571428571
5628;6113;0,014285714285714285714
5628;6666;0,028571428571428571428
5628;9805;0,014285714285714285714
5628;17720;0,028571428571428571428
5628;67275;0,028571428571428571428
5628;137801;0,028571428571428571428
5628;189452;0,014285714285714285714
5628;229072;0,028571428571428571428
5628;245879;0,014285714285714285714
5628;276695;0,028571428571428571428
5629;5679;0,500000000000000000000
5629;57838;0,500000000000000000000
5632;749;0,500000000000000000000
5632;9419;0,500000000000000000000
5635;2001;0,222222222222222222222
5635;5679;0,555555555555555555555
5635;18149;0,111111111111111111111
5635;18300;0,111111111111111111111
5637;5440;1,000000000000000000000
5638;360;0,200000000000000000000
5638;1065;0,200000000000000000000
5638;2991;0,400000000000000000000
5638;311584;0,200000000000000000000
5640;20843;0,500000000000000000000
5640;59745;0,500000000000000000000
5643;5679;1,000000000000000000000
5645;5679;1,000000000000000000000
5647;849;0,125000000000000000000
5647;850;0,125000000000000000000
5647;1024;0,125000000000000000000
5647;4344;0,125000000000000000000
5647;13482;0,125000000000000000000
5647;29667;0,125000000000000000000
5647;55134;0,125000000000000000000
5647;511019;0,125000000000000000000
5651;2648;1,000000000000000000000
5691;960;0,250000000000000000000
5691;977;0,250000000000000000000
5691;1866;0,250000000000000000000
5691;3085;0,250000000000000000000
5698;815;0,333333333333333333333
5698;2697;0,333333333333333333333
5698;5564;0,333333333333333333333
5753;1697;0,428571428571428571428
5753;1708;0,285714285714285714285
5753;3359;0,285714285714285714285
5782;4278;0,333333333333333333333
5782;5430;0,666666666666666666666
5783;3250;1,000000000000000000000
5784;1239;0,500000000000000000000
5784;5543;0,500000000000000000000
5790;12706;1,000000000000000000000
5854;1422;1,000000000000000000000
5856;4268;1,000000000000000000000
5886;1527;0,500000000000000000000
5886;418454;0,500000000000000000000
5915;545;0,333333333333333333333
5915;2322;0,333333333333333333333
5915;9159;0,333333333333333333333
5918;1596;0,500000000000000000000
5918;2772;0,500000000000000000000
5935;520;0,333333333333333333333
5935;1182;0,500000000000000000000
5935;8440;0,166666666666666666666
5960;7660;1,000000000000000000000
6000;410;0,500000000000000000000
6000;13187;0,500000000000000000000
6007;13671;1,000000000000000000000
6008;1448;0,125000000000000000000
6008;1513;0,125000000000000000000
6008;2379;0,125000000000000000000
6008;2761;0,125000000000000000000
6008;3234;0,125000000000000000000
6008;4187;0,125000000000000000000
6008;4627;0,125000000000000000000
6008;6007;0,125000000000000000000
6027;3996;1,000000000000000000000
6048;761;0,333333333333333333333
6048;793;0,500000000000000000000
6048;4225;0,166666666666666666666
6058;2851;1,000000000000000000000
6068;1220;1,000000000000000000000
6072;1014;0,333333333333333333333
6072;1321;0,666666666666666666666
6130;2792;0,333333333333333333333
6130;13476;0,666666666666666666666
6132;863;0,428571428571428571428
6132;1225;0,571428571428571428571
6151;761;0,142857142857142857142
6151;6430;0,714285714285714285714
6151;12850;0,142857142857142857142
6169;1938;0,750000000000000000000
6169;3587;0,250000000000000000000
6189;475;0,333333333333333333333
6189;4262;0,166666666666666666666
6189;6213;0,166666666666666666666
6189;8460;0,166666666666666666666
6189;10649;0,166666666666666666666
6234;815;0,250000000000000000000
6234;2367;0,250000000000000000000
6234;352420;0,500000000000000000000
6297;3905;1,000000000000000000000
6316;1121;0,250000000000000000000
6316;1393;0,250000000000000000000
6316;2147;0,500000000000000000000
6320;77;1,000000000000000000000
6347;250;0,750000000000000000000
6347;1889;0,250000000000000000000
6349;527;0,500000000000000000000
6349;1588;0,500000000000000000000
6353;244;0,333333333333333333333
6353;2190;0,333333333333333333333
6353;606566;0,333333333333333333333
6372;294;0,142857142857142857142
6372;689;0,714285714285714285714
6372;4421;0,142857142857142857142
6419;1220;0,200000000000000000000
6419;1771;0,400000000000000000000
6419;2275;0,400000000000000000000
6430;388;0,333333333333333333333
6430;21697;0,666666666666666666666
6433;1946;1,000000000000000000000
6444;85;1,000000000000000000000
6461;2778;1,000000000000000000000
6468;115;1,000000000000000000000
6496;189;1,000000000000000000000
6498;2479;0,500000000000000000000
6498;3852;0,250000000000000000000
6498;140271;0,250000000000000000000
6499;6045;1,000000000000000000000
6501;6517;1,000000000000000000000
6502;181;0,250000000000000000000
6502;1657;0,250000000000000000000
6502;2802;0,250000000000000000000
6502;3996;0,250000000000000000000
6503;2736;0,600000000000000000000
6503;3141;0,200000000000000000000
6503;333343;0,200000000000000000000
6504;6509;1,000000000000000000000
6509;6504;0,500000000000000000000
6509;140271;0,500000000000000000000
6517;140271;1,000000000000000000000
6518;6504;1,000000000000000000000
6524;1276;1,000000000000000000000
6535;979;1,000000000000000000000
6543;972;0,333333333333333333333
6543;4553;0,333333333333333333333
6543;8489;0,333333333333333333333
6554;498;0,500000000000000000000
6554;1040;0,250000000000000000000
6554;27848;0,250000000000000000000
6567;475;0,083333333333333333333
6567;2484;0,250000000000000000000
6567;12706;0,083333333333333333333
6567;13476;0,583333333333333333333
6581;2023;0,500000000000000000000
6581;18247;0,500000000000000000000
6627;5679;1,000000000000000000000
6634;1064;0,500000000000000000000
6634;1700;0,500000000000000000000
6635;1504;1,000000000000000000000
6641;2421;1,000000000000000000000
6666;5628;1,000000000000000000000
6681;50;0,666666666666666666666
6681;5543;0,333333333333333333333
6694;545;1,000000000000000000000
6701;2632;1,000000000000000000000
6723;352;0,090909090909090909090
6723;602;0,181818181818181818181
6723;1156;0,181818181818181818181
6723;1967;0,181818181818181818181
6723;3103;0,090909090909090909090
6723;4020;0,181818181818181818181
6723;4530;0,090909090909090909090
6746;4098;0,500000000000000000000
6746;9714;0,500000000000000000000
6765;2275;0,142857142857142857142
6765;2287;0,142857142857142857142
6765;11369;0,571428571428571428571
6765;383069;0,142857142857142857142
6773;681;0,250000000000000000000
6773;7478;0,250000000000000000000
6773;394755;0,500000000000000000000
6812;750;0,333333333333333333333
6812;3401;0,500000000000000000000
6812;343424;0,166666666666666666666
6856;4860;0,333333333333333333333
6856;5061;0,666666666666666666666
6883;520;0,500000000000000000000
6883;4603;0,500000000000000000000
6889;96;1,000000000000000000000
6892;1004;0,750000000000000000000
6892;2596;0,250000000000000000000
6913;4108;0,250000000000000000000
6913;4345;0,750000000000000000000
6915;1864;1,000000000000000000000
6918;1771;0,200000000000000000000
6918;2287;0,200000000000000000000
6918;11369;0,200000000000000000000
6918;373677;0,400000000000000000000
6923;1725;0,500000000000000000000
6923;2520;0,500000000000000000000
6929;3169;1,000000000000000000000
6930;3496;1,000000000000000000000
6962;475;1,000000000000000000000
6979;251;0,500000000000000000000
6979;6981;0,500000000000000000000
7030;1591;0,250000000000000000000
7030;2379;0,500000000000000000000
7030;8910;0,250000000000000000000
7049;1570;0,151515151515151515151
7049;1583;0,303030303030303030303
7049;2661;0,030303030303030303030
7049;3873;0,030303030303030303030
7049;4713;0,030303030303030303030
7049;8095;0,030303030303030303030
7049;10020;0,242424242424242424242
7049;12907;0,181818181818181818181
7072;4145;1,000000000000000000000
7080;642;0,166666666666666666666
7080;826;0,166666666666666666666
7080;1162;0,333333333333333333333
7080;1171;0,166666666666666666666
7080;2834;0,166666666666666666666
7095;1897;0,285714285714285714285
7095;3178;0,142857142857142857142
7095;4145;0,142857142857142857142
7095;9288;0,142857142857142857142
7095;119973;0,142857142857142857142
7095;373924;0,142857142857142857142
7106;2731;1,000000000000000000000
7111;3105;1,000000000000000000000
7116;279;1,000000000000000000000
7126;2429;0,333333333333333333333
7126;11902;0,666666666666666666666
7135;1117;0,500000000000000000000
7135;5077;0,500000000000000000000
7142;85;0,500000000000000000000
7142;1779;0,500000000000000000000
7151;5543;0,500000000000000000000
7151;16647;0,500000000000000000000
7160;2661;0,857142857142857142857
7160;3234;0,142857142857142857142
7209;320;0,500000000000000000000
7209;5071;0,400000000000000000000
7209;7478;0,100000000000000000000
7259;995;1,000000000000000000000
7328;621;0,500000000000000000000
7328;7564;0,500000000000000000000
7341;399;0,285714285714285714285
7341;411;0,285714285714285714285
7341;419;0,285714285714285714285
7341;1762;0,071428571428571428571
7341;4627;0,071428571428571428571
7399;7748;1,000000000000000000000
7418;208;0,333333333333333333333
7418;2206;0,333333333333333333333
7418;3957;0,333333333333333333333
7434;551;0,166666666666666666666
7434;1839;0,166666666666666666666
7434;5149;0,166666666666666666666
7434;5622;0,166666666666666666666
7434;7866;0,166666666666666666666
7434;374246;0,166666666666666666666
7521;3212;0,428571428571428571428
7521;4576;0,285714285714285714285
7521;12755;0,142857142857142857142
7521;13141;0,142857142857142857142
7543;551;0,028571428571428571428
7543;600;0,038095238095238095238
7543;1344;0,028571428571428571428
7543;1454;0,038095238095238095238
7543;1898;0,038095238095238095238
7543;2743;0,038095238095238095238
7543;2786;0,038095238095238095238
7543;3256;0,009523809523809523809
7543;3420;0,038095238095238095238
7543;3685;0,019047619047619047619
7543;4587;0,028571428571428571428
7543;5136;0,028571428571428571428
7543;7717;0,019047619047619047619
7543;7975;0,038095238095238095238
7543;8212;0,038095238095238095238
7543;12959;0,038095238095238095238
7543;15737;0,019047619047619047619
7543;23759;0,038095238095238095238
7543;27613;0,028571428571428571428
7543;152027;0,371428571428571428571
7543;329272;0,038095238095238095238
7560;275;0,166666666666666666666
7560;282;0,083333333333333333333
7560;477;0,083333333333333333333
7560;731;0,083333333333333333333
7560;4748;0,166666666666666666666
7560;5138;0,083333333333333333333
7560;15471;0,083333333333333333333
7560;30063;0,083333333333333333333
7560;173893;0,083333333333333333333
7560;282773;0,083333333333333333333
7564;4380;1,000000000000000000000
7574;184;0,200000000000000000000
7574;407;0,200000000000000000000
7574;2630;0,100000000000000000000
7574;3827;0,200000000000000000000
7574;5626;0,200000000000000000000
7574;7886;0,100000000000000000000
7578;520;0,166666666666666666666
7578;1182;0,166666666666666666666
7578;4497;0,666666666666666666666
7586;2041;0,500000000000000000000
7586;8090;0,500000000000000000000
7626;248840;1,000000000000000000000
7630;1754;1,000000000000000000000
7650;970;0,500000000000000000000
7650;13265;0,500000000000000000000
7686;89;1,000000000000000000000
7713;131383;1,000000000000000000000
7741;521;0,058823529411764705882
7741;527;0,058823529411764705882
7741;706;0,058823529411764705882
7741;1098;0,058823529411764705882
7741;3374;0,117647058823529411764
7741;3563;0,058823529411764705882
7741;4991;0,058823529411764705882
7741;5011;0,058823529411764705882
7741;5013;0,058823529411764705882
7741;9722;0,117647058823529411764
7741;248834;0,294117647058823529411
7747;1286;1,000000000000000000000
7748;1293;0,187500000000000000000
7748;4374;0,187500000000000000000
7748;7399;0,125000000000000000000
7748;257273;0,125000000000000000000
7748;368117;0,375000000000000000000
7756;189;0,285714285714285714285
7756;568;0,428571428571428571428
7756;609;0,142857142857142857142
7756;1840;0,142857142857142857142
7759;192;0,100000000000000000000
7759;496;0,100000000000000000000
7759;497;0,100000000000000000000
7759;841;0,100000000000000000000
7759;1780;0,200000000000000000000
7759;2147;0,100000000000000000000
7759;5632;0,100000000000000000000
7759;13265;0,100000000000000000000
7759;19031;0,100000000000000000000
7767;9430;1,000000000000000000000
7774;551;0,166666666666666666666
7774;6567;0,166666666666666666666
7774;7886;0,166666666666666666666
7774;372528;0,500000000000000000000
7780;525330;1,000000000000000000000
7793;2054;1,000000000000000000000
7859;2678;0,600000000000000000000
7859;3618;0,200000000000000000000
7859;3978;0,200000000000000000000
7874;8044;0,500000000000000000000
7874;156500;0,500000000000000000000
7886;137;0,018292682926829268292
7886;229;0,018292682926829268292
7886;641;0,018292682926829268292
7886;712;0,018292682926829268292
7886;713;0,018292682926829268292
7886;778;0,018292682926829268292
7886;980;0,018292682926829268292
7886;1079;0,018292682926829268292
7886;1133;0,018292682926829268292
7886;1160;0,018292682926829268292
7886;1206;0,018292682926829268292
7886;1246;0,006097560975609756097
7886;1310;0,018292682926829268292
7886;1891;0,018292682926829268292
7886;2119;0,006097560975609756097
7886;3145;0,018292682926829268292
7886;3209;0,006097560975609756097
7886;3476;0,018292682926829268292
7886;3557;0,018292682926829268292
7886;3657;0,018292682926829268292
7886;3766;0,073170731707317073170
7886;3811;0,018292682926829268292
7886;3857;0,006097560975609756097
7886;4059;0,018292682926829268292
7886;4102;0,006097560975609756097
7886;4225;0,018292682926829268292
7886;4625;0,018292682926829268292
7886;4713;0,018292682926829268292
7886;4954;0,018292682926829268292
7886;5093;0,018292682926829268292
7886;5174;0,018292682926829268292
7886;5239;0,018292682926829268292
7886;5681;0,018292682926829268292
7886;5854;0,018292682926829268292
7886;5922;0,018292682926829268292
7886;6048;0,018292682926829268292
7886;6151;0,012195121951219512195
7886;6930;0,018292682926829268292
7886;7418;0,018292682926829268292
7886;7574;0,018292682926829268292
7886;7626;0,018292682926829268292
7886;7774;0,018292682926829268292
7886;8373;0,018292682926829268292
7886;8447;0,018292682926829268292
7886;9159;0,018292682926829268292
7886;9274;0,018292682926829268292
7886;9762;0,018292682926829268292
7886;11415;0,018292682926829268292
7886;12876;0,018292682926829268292
7886;13796;0,018292682926829268292
7886;13886;0,018292682926829268292
7886;14465;0,006097560975609756097
7886;17274;0,018292682926829268292
7886;18258;0,018292682926829268292
7886;23096;0,018292682926829268292
7886;589508;0,018292682926829268292
7906;391;0,250000000000000000000
7906;869;0,250000000000000000000
7906;12563;0,500000000000000000000
7920;1692;0,250000000000000000000
7920;3164;0,250000000000000000000
7920;4935;0,250000000000000000000
7920;45724;0,250000000000000000000
7939;524;1,000000000000000000000
7968;545;0,125000000000000000000
7968;891;0,375000000000000000000
7968;1497;0,125000000000000000000
7968;8636;0,125000000000000000000
7968;113392;0,250000000000000000000
7975;406;0,250000000000000000000
7975;846;0,500000000000000000000
7975;2140;0,250000000000000000000
7983;12706;1,000000000000000000000
7994;1708;0,333333333333333333333
7994;2195;0,333333333333333333333
7994;3427;0,333333333333333333333
8009;244;1,000000000000000000000
8044;7874;1,000000000000000000000
8050;2863;0,333333333333333333333
8050;3683;0,166666666666666666666
8050;5627;0,166666666666666666666
8050;24258;0,166666666666666666666
8050;28780;0,166666666666666666666
8051;642;1,000000000000000000000
8056;5354;0,500000000000000000000
8056;191488;0,500000000000000000000
8062;8928;1,000000000000000000000
8071;870;1,000000000000000000000
8081;1348;0,250000000000000000000
8081;3372;0,750000000000000000000
8090;2223;0,200000000000000000000
8090;57838;0,200000000000000000000
8090;151009;0,400000000000000000000
8090;151929;0,200000000000000000000
8095;284;0,166666666666666666666
8095;285;0,166666666666666666666
8095;1448;0,166666666666666666666
8095;1583;0,333333333333333333333
8095;216172;0,166666666666666666666
8106;1713;0,666666666666666666666
8106;239964;0,333333333333333333333
8109;945;0,333333333333333333333
8109;1073;0,333333333333333333333
8109;7998;0,333333333333333333333
8143;2216;1,000000000000000000000
8156;521;0,250000000000000000000
8156;612;0,250000000000000000000
8156;3800;0,500000000000000000000
8162;275;1,000000000000000000000
8163;2422;0,500000000000000000000
8163;14048;0,500000000000000000000
8205;2425;0,857142857142857142857
8205;11369;0,142857142857142857142
8229;609;0,125000000000000000000
8229;891;0,250000000000000000000
8229;2678;0,125000000000000000000
8229;5800;0,125000000000000000000
8229;8636;0,375000000000000000000
8268;545;0,058823529411764705882
8268;573;0,058823529411764705882
8268;609;0,058823529411764705882
8268;891;0,058823529411764705882
8268;1293;0,058823529411764705882
8268;1854;0,058823529411764705882
8268;3551;0,058823529411764705882
8268;4091;0,058823529411764705882
8268;4372;0,058823529411764705882
8268;5627;0,058823529411764705882
8268;5915;0,058823529411764705882
8268;8267;0,058823529411764705882
8268;8306;0,058823529411764705882
8268;11734;0,058823529411764705882
8268;13642;0,058823529411764705882
8268;14050;0,058823529411764705882
8268;393418;0,058823529411764705882
8281;12964;1,000000000000000000000
8306;1514;1,000000000000000000000
8348;246;0,090909090909090909090
8348;545;0,045454545454545454545
8348;1497;0,045454545454545454545
8348;1696;0,045454545454545454545
8348;2337;0,045454545454545454545
8348;2371;0,045454545454545454545
8348;2678;0,045454545454545454545
8348;3844;0,045454545454545454545
8348;3978;0,045454545454545454545
8348;4728;0,045454545454545454545
8348;5506;0,090909090909090909090
8348;9376;0,045454545454545454545
8348;9462;0,045454545454545454545
8348;12385;0,045454545454545454545
8348;17773;0,045454545454545454545
8348;17789;0,045454545454545454545
8348;23562;0,045454545454545454545
8348;27527;0,045454545454545454545
8348;27535;0,045454545454545454545
8348;27539;0,045454545454545454545
8353;2098;1,000000000000000000000
8366;1098;0,500000000000000000000
8366;5011;0,500000000000000000000
8373;349;0,500000000000000000000
8373;805;0,500000000000000000000
8440;613;0,166666666666666666666
8440;1182;0,166666666666666666666
8440;1778;0,166666666666666666666
8440;5935;0,333333333333333333333
8440;7578;0,166666666666666666666
8441;35;1,000000000000000000000
8442;520;0,600000000000000000000
8442;160268;0,200000000000000000000
8442;744732;0,200000000000000000000
8446;8366;1,000000000000000000000
8465;642;0,250000000000000000000
8465;826;0,250000000000000000000
8465;2374;0,250000000000000000000
8465;248836;0,250000000000000000000
8466;479;1,000000000000000000000
8473;479;0,500000000000000000000
8473;8450;0,500000000000000000000
8489;469;0,142857142857142857142
8489;472;0,142857142857142857142
8489;4553;0,142857142857142857142
8489;4572;0,142857142857142857142
8489;4777;0,142857142857142857142
8489;6543;0,142857142857142857142
8489;267368;0,142857142857142857142
8493;891;0,666666666666666666666
8493;3980;0,333333333333333333333
8513;1422;0,500000000000000000000
8513;1864;0,500000000000000000000
8566;2140;0,333333333333333333333
8566;4078;0,333333333333333333333
8566;6000;0,333333333333333333333
8568;8749;1,000000000000000000000
8580;1697;0,666666666666666666666
8580;2367;0,333333333333333333333
8590;4852;1,000000000000000000000
8611;1667;1,000000000000000000000
8623;1234;0,400000000000000000000
8623;1419;0,200000000000000000000
8623;13265;0,200000000000000000000
8623;352262;0,200000000000000000000
8636;113392;1,000000000000000000000
8641;13187;1,000000000000000000000
8648;266;0,500000000000000000000
8648;2383;0,250000000000000000000
8648;13814;0,250000000000000000000
8666;1096;0,500000000000000000000
8666;2249;0,500000000000000000000
8723;4240;0,500000000000000000000
8723;4491;0,500000000000000000000
8749;486;1,000000000000000000000
8805;1265;0,500000000000000000000
8805;28532;0,500000000000000000000
8837;2421;1,000000000000000000000
8858;740;1,000000000000000000000
8899;2367;0,333333333333333333333
8899;5071;0,666666666666666666666
8904;318;0,333333333333333333333
8904;27410;0,666666666666666666666
8909;2489;1,000000000000000000000
8910;7030;0,333333333333333333333
8910;13850;0,333333333333333333333
8910;27066;0,333333333333333333333
8928;163;0,023809523809523809523
8928;494;0,023809523809523809523
8928;771;0,023809523809523809523
8928;937;0,023809523809523809523
8928;1477;0,023809523809523809523
8928;1478;0,023809523809523809523
8928;1479;0,023809523809523809523
8928;1480;0,023809523809523809523
8928;1481;0,023809523809523809523
8928;1482;0,023809523809523809523
8928;1483;0,023809523809523809523
8928;2276;0,023809523809523809523
8928;3293;0,023809523809523809523
8928;3306;0,023809523809523809523
8928;3463;0,023809523809523809523
8928;3836;0,023809523809523809523
8928;4283;0,023809523809523809523
8928;4471;0,023809523809523809523
8928;6413;0,023809523809523809523
8928;6520;0,023809523809523809523
8928;7650;0,023809523809523809523
8928;8049;0,023809523809523809523
8928;8062;0,023809523809523809523
8928;8203;0,023809523809523809523
8928;10202;0,023809523809523809523
8928;10352;0,023809523809523809523
8928;11863;0,023809523809523809523
8928;12026;0,023809523809523809523
8928;12497;0,023809523809523809523
8928;12550;0,023809523809523809523
8928;13265;0,023809523809523809523
8928;13428;0,023809523809523809523
8928;17584;0,023809523809523809523
8928;17585;0,023809523809523809523
8928;18098;0,023809523809523809523
8928;18102;0,023809523809523809523
8928;20204;0,023809523809523809523
8928;20206;0,023809523809523809523
8928;26267;0,023809523809523809523
8928;28970;0,023809523809523809523
8928;37812;0,023809523809523809523
8928;415787;0,023809523809523809523
8933;22;1,000000000000000000000
8975;244;1,000000000000000000000
8999;4274;1,000000000000000000000
9015;4206;1,000000000000000000000
9026;2779;1,000000000000000000000
9069;2425;1,000000000000000000000
9090;9686;1,000000000000000000000
9098;1596;0,750000000000000000000
9098;5440;0,250000000000000000000
9110;1838;0,500000000000000000000
9110;2147;0,500000000000000000000
9114;15867;1,000000000000000000000
9158;977;0,200000000000000000000
9158;11680;0,800000000000000000000
9159;5915;1,000000000000000000000
9184;7221;1,000000000000000000000
9208;20969;1,000000000000000000000
9217;6316;1,000000000000000000000
9226;435;0,500000000000000000000
9226;1867;0,250000000000000000000
9226;12247;0,250000000000000000000
9274;7886;1,000000000000000000000
9288;3178;0,333333333333333333333
9288;3825;0,333333333333333333333
9288;7095;0,333333333333333333333
9338;1719;1,000000000000000000000
9350;170;0,005847953216374269005
9350;248;0,005847953216374269005
9350;260;0,187134502923976608187
9350;1145;0,187134502923976608187
9350;1639;0,005847953216374269005
9350;2474;0,005847953216374269005
9350;2523;0,005847953216374269005
9350;3262;0,005847953216374269005
9350;3848;0,005847953216374269005
9350;3869;0,005847953216374269005
9350;8856;0,005847953216374269005
9350;9665;0,005847953216374269005
9350;10197;0,005847953216374269005
9350;13584;0,169590643274853801169
9350;26479;0,187134502923976608187
9350;27973;0,005847953216374269005
9350;28894;0,187134502923976608187
9350;191488;0,005847953216374269005
9350;558010;0,005847953216374269005
9356;719;0,142857142857142857142
9356;1440;0,047619047619047619047
9356;3085;0,095238095238095238095
9356;3420;0,142857142857142857142
9356;3436;0,047619047619047619047
9356;7005;0,095238095238095238095
9356;9668;0,142857142857142857142
9356;28826;0,142857142857142857142
9356;37814;0,142857142857142857142
9367;14124;1,000000000000000000000
9380;391;0,333333333333333333333
9380;411;0,333333333333333333333
9380;2694;0,333333333333333333333
9382;57838;0,666666666666666666666
9382;259831;0,333333333333333333333
9391;1109;0,500000000000000000000
9391;2046;0,250000000000000000000
9391;9417;0,250000000000000000000
9393;90;1,000000000000000000000
9395;27173;0,400000000000000000000
9395;333184;0,400000000000000000000
9395;499117;0,200000000000000000000
9398;1676;0,500000000000000000000
9398;5250;0,500000000000000000000
9402;622;0,666666666666666666666
9402;9442;0,333333333333333333333
9406;2046;1,000000000000000000000
9409;1401;1,000000000000000000000
9418;2683;1,000000000000000000000
9430;151929;1,000000000000000000000
9431;1473;1,000000000000000000000
9433;9410;1,000000000000000000000
9434;525330;1,000000000000000000000
9437;5632;1,000000000000000000000
9442;9402;1,000000000000000000000
9481;2490;1,000000000000000000000
9483;982;1,000000000000000000000
9510;4;1,000000000000000000000
9513;1073;0,230769230769230769230
9513;1157;0,076923076923076923076
9513;1984;0,153846153846153846153
9513;1985;0,153846153846153846153
9513;4918;0,076923076923076923076
9513;4919;0,076923076923076923076
9513;8164;0,153846153846153846153
9513;17710;0,076923076923076923076
9615;405;1,000000000000000000000
9657;771;1,000000000000000000000
9668;1156;0,083333333333333333333
9668;1600;0,083333333333333333333
9668;2145;0,083333333333333333333
9668;3219;0,083333333333333333333
9668;3436;0,083333333333333333333
9668;6557;0,083333333333333333333
9668;8516;0,083333333333333333333
9668;9356;0,083333333333333333333
9668;9722;0,083333333333333333333
9668;41556;0,083333333333333333333
9668;47352;0,083333333333333333333
9668;50905;0,083333333333333333333
9681;911;1,000000000000000000000
9686;854;1,000000000000000000000
9720;1991;1,000000000000000000000
9721;2512;1,000000000000000000000
9722;520;0,428571428571428571428
9722;1227;0,428571428571428571428
9722;7741;0,142857142857142857142
9723;3877;1,000000000000000000000
9729;3158;1,000000000000000000000
9762;1227;0,750000000000000000000
9762;3944;0,250000000000000000000
9807;877;0,142857142857142857142
9807;1744;0,142857142857142857142
9807;2214;0,142857142857142857142
9807;2503;0,142857142857142857142
9807;2779;0,285714285714285714285
9807;4748;0,142857142857142857142
9846;1025;1,000000000000000000000
9898;2512;1,000000000000000000000
9910;4995;1,000000000000000000000
9924;1284;0,250000000000000000000
9924;2549;0,250000000000000000000
9924;3118;0,250000000000000000000
9924;9925;0,250000000000000000000
9940;964;1,000000000000000000000
9941;287;0,250000000000000000000
9941;2080;0,750000000000000000000
9951;1014;0,200000000000000000000
9951;1700;0,400000000000000000000
9951;1883;0,200000000000000000000
9951;5601;0,200000000000000000000
9968;2479;0,500000000000000000000
9968;3141;0,500000000000000000000
9998;21734;1,000000000000000000000
10000;402245;1,000000000000000000000
10019;3045;1,000000000000000000000
10020;96;0,035714285714285714285
10020;250;0,035714285714285714285
10020;283;0,071428571428571428571
10020;285;0,035714285714285714285
10020;845;0,071428571428571428571
10020;861;0,035714285714285714285
10020;1271;0,071428571428571428571
10020;1499;0,035714285714285714285
10020;1591;0,142857142857142857142
10020;2237;0,035714285714285714285
10020;2455;0,035714285714285714285
10020;2515;0,035714285714285714285
10020;2684;0,035714285714285714285
10020;3045;0,035714285714285714285
10020;3381;0,071428571428571428571
10020;3867;0,071428571428571428571
10020;4117;0,035714285714285714285
10020;4592;0,035714285714285714285
10020;12907;0,035714285714285714285
10020;245879;0,035714285714285714285
10085;1824;1,000000000000000000000
10093;2230;0,800000000000000000000
10093;3359;0,200000000000000000000
10169;1121;1,000000000000000000000
10175;498;0,500000000000000000000
10175;13692;0,500000000000000000000
10188;113;0,043478260869565217391
10188;249;0,043478260869565217391
10188;281;0,043478260869565217391
10188;678;0,043478260869565217391
10188;1180;0,043478260869565217391
10188;1745;0,043478260869565217391
10188;2111;0,086956521739130434782
10188;2661;0,043478260869565217391
10188;2684;0,130434782608695652173
10188;3029;0,043478260869565217391
10188;3619;0,043478260869565217391
10188;3802;0,086956521739130434782
10188;4219;0,043478260869565217391
10188;7160;0,043478260869565217391
10188;12596;0,043478260869565217391
10188;21154;0,173913043478260869565
10241;520;0,500000000000000000000
10241;83103;0,500000000000000000000
10255;1082;0,333333333333333333333
10255;1959;0,333333333333333333333
10255;2543;0,333333333333333333333
10338;748;0,100000000000000000000
10338;995;0,100000000000000000000
10338;1094;0,100000000000000000000
10338;1785;0,300000000000000000000
10338;25488;0,100000000000000000000
10338;45604;0,100000000000000000000
10338;76428;0,200000000000000000000
10352;1613;1,000000000000000000000
10359;317;1,000000000000000000000
10390;742;1,000000000000000000000
10523;1018;0,500000000000000000000
10523;1293;0,500000000000000000000
10595;3234;1,000000000000000000000
10602;2569;0,500000000000000000000
10602;54879;0,500000000000000000000
10633;440509;1,000000000000000000000
10860;2678;0,800000000000000000000
10860;7859;0,200000000000000000000
10892;3251;1,000000000000000000000
10926;351;0,250000000000000000000
10926;458;0,250000000000000000000
10926;1340;0,250000000000000000000
10926;4361;0,250000000000000000000
10946;14;0,166666666666666666666
10946;192;0,166666666666666666666
10946;5219;0,166666666666666666666
10946;5564;0,500000000000000000000
11004;4374;0,875000000000000000000
11004;19402;0,125000000000000000000
11138;3420;1,000000000000000000000
11213;2043;0,333333333333333333333
11213;135596;0,666666666666666666666
11369;2425;0,571428571428571428571
11369;6765;0,214285714285714285714
11369;6918;0,071428571428571428571
11369;8205;0,071428571428571428571
11369;25230;0,071428571428571428571
11552;38738;1,000000000000000000000
11656;568;0,142857142857142857142
11656;609;0,571428571428571428571
11656;2433;0,142857142857142857142
11656;13642;0,142857142857142857142
11680;9158;1,000000000000000000000
11734;1596;0,250000000000000000000
11734;4576;0,500000000000000000000
11734;8268;0,250000000000000000000
11869;2137;1,000000000000000000000
11902;2429;0,333333333333333333333
11902;604233;0,666666666666666666666
11999;5444;1,000000000000000000000
12156;853;0,083333333333333333333
12156;1319;0,083333333333333333333
12156;1717;0,083333333333333333333
12156;4430;0,083333333333333333333
12156;4470;0,083333333333333333333
12156;4772;0,083333333333333333333
12156;5526;0,083333333333333333333
12156;8873;0,083333333333333333333
12156;9090;0,083333333333333333333
12156;13622;0,083333333333333333333
12156;27862;0,083333333333333333333
12156;122436;0,083333333333333333333
12165;1912;1,000000000000000000000
12333;3158;1,000000000000000000000
12356;504;1,000000000000000000000
12362;1600;1,000000000000000000000
12396;846;1,000000000000000000000
12433;4938;0,333333333333333333333
12433;7553;0,333333333333333333333
12433;10306;0,333333333333333333333
12435;295;0,500000000000000000000
12435;853;0,500000000000000000000
12497;4262;0,250000000000000000000
12497;7301;0,250000000000000000000
12497;8928;0,500000000000000000000
12500;5354;1,000000000000000000000
12528;2817;0,500000000000000000000
12528;329279;0,500000000000000000000
12563;293;0,142857142857142857142
12563;904;0,285714285714285714285
12563;1397;0,285714285714285714285
12563;27672;0,142857142857142857142
12563;189452;0,142857142857142857142
12591;1117;1,000000000000000000000
12596;66;0,111111111111111111111
12596;1180;0,666666666666666666666
12596;5071;0,222222222222222222222
12685;311;0,250000000000000000000
12685;1448;0,250000000000000000000
12685;5623;0,250000000000000000000
12685;129892;0,250000000000000000000
12698;54;1,000000000000000000000
12706;54;0,010869565217391304347
12706;109;0,010869565217391304347
12706;322;0,010869565217391304347
12706;550;0,010869565217391304347
12706;596;0,010869565217391304347
12706;658;0,010869565217391304347
12706;689;0,021739130434782608695
12706;763;0,021739130434782608695
12706;914;0,010869565217391304347
12706;1079;0,021739130434782608695
12706;1297;0,021739130434782608695
12706;1319;0,032608695652173913043
12706;1457;0,021739130434782608695
12706;1462;0,021739130434782608695
12706;1463;0,010869565217391304347
12706;1487;0,010869565217391304347
12706;1663;0,010869565217391304347
12706;1664;0,010869565217391304347
12706;1867;0,010869565217391304347
12706;1891;0,021739130434782608695
12706;2007;0,010869565217391304347
12706;2184;0,010869565217391304347
12706;2206;0,021739130434782608695
12706;2310;0,010869565217391304347
12706;2318;0,021739130434782608695
12706;3135;0,010869565217391304347
12706;3230;0,021739130434782608695
12706;3372;0,010869565217391304347
12706;3433;0,010869565217391304347
12706;3457;0,021739130434782608695
12706;3499;0,021739130434782608695
12706;3694;0,010869565217391304347
12706;4172;0,010869565217391304347
12706;4244;0,021739130434782608695
12706;4744;0,010869565217391304347
12706;4873;0,010869565217391304347
12706;4940;0,010869565217391304347
12706;5657;0,010869565217391304347
12706;5789;0,010869565217391304347
12706;5790;0,054347826086956521739
12706;6567;0,010869565217391304347
12706;6986;0,021739130434782608695
12706;7209;0,021739130434782608695
12706;7418;0,021739130434782608695
12706;7694;0,010869565217391304347
12706;7983;0,010869565217391304347
12706;9138;0,010869565217391304347
12706;12176;0,021739130434782608695
12706;13713;0,021739130434782608695
12706;13796;0,021739130434782608695
12706;13799;0,021739130434782608695
12706;14733;0,010869565217391304347
12706;15895;0,010869565217391304347
12706;20853;0,010869565217391304347
12706;28435;0,021739130434782608695
12706;28445;0,010869565217391304347
12706;28584;0,021739130434782608695
12706;28597;0,010869565217391304347
12706;28600;0,010869565217391304347
12706;28969;0,021739130434782608695
12706;33843;0,010869565217391304347
12706;54440;0,021739130434782608695
12768;3225;0,666666666666666666666
12768;3940;0,333333333333333333333
12775;771;0,375000000000000000000
12775;3158;0,250000000000000000000
12775;4553;0,125000000000000000000
12775;4890;0,125000000000000000000
12775;5383;0,125000000000000000000
12798;1044;0,500000000000000000000
12798;5856;0,500000000000000000000
12817;1024;0,333333333333333333333
12817;4510;0,666666666666666666666
12820;749;0,500000000000000000000
12820;5637;0,500000000000000000000
12850;3022;1,000000000000000000000
12876;85;0,250000000000000000000
12876;5142;0,750000000000000000000
12938;275;0,500000000000000000000
12938;1162;0,500000000000000000000
12964;683;0,026315789473684210526
12964;990;0,026315789473684210526
12964;1322;0,026315789473684210526
12964;1505;0,026315789473684210526
12964;2416;0,026315789473684210526
12964;2865;0,026315789473684210526
12964;3862;0,026315789473684210526
12964;4349;0,026315789473684210526
12964;4636;0,026315789473684210526
12964;4749;0,026315789473684210526
12964;4751;0,026315789473684210526
12964;5693;0,026315789473684210526
12964;5700;0,026315789473684210526
12964;6267;0,026315789473684210526
12964;7206;0,026315789473684210526
12964;7738;0,026315789473684210526
12964;8281;0,052631578947368421052
12964;9088;0,026315789473684210526
12964;10892;0,026315789473684210526
12964;11382;0,026315789473684210526
12964;13054;0,026315789473684210526
12964;16487;0,026315789473684210526
12964;16866;0,026315789473684210526
12964;20666;0,026315789473684210526
12964;21470;0,026315789473684210526
12964;22645;0,026315789473684210526
12964;27422;0,026315789473684210526
12964;27557;0,026315789473684210526
12964;247698;0,026315789473684210526
12964;255740;0,026315789473684210526
12964;255863;0,026315789473684210526
12964;255899;0,026315789473684210526
12964;280033;0,026315789473684210526
12964;284853;0,026315789473684210526
12964;394755;0,026315789473684210526
12964;399420;0,026315789473684210526
12964;459252;0,026315789473684210526
13076;24460;1,000000000000000000000
13141;37;0,083333333333333333333
13141;38;0,083333333333333333333
13141;45;0,027777777777777777777
13141;66;0,111111111111111111111
13141;568;0,083333333333333333333
13141;609;0,138888888888888888888
13141;920;0,027777777777777777777
13141;1724;0,111111111111111111111
13141;1892;0,083333333333333333333
13141;3518;0,083333333333333333333
13141;4268;0,027777777777777777777
13141;7215;0,083333333333333333333
13141;7521;0,027777777777777777777
13141;12755;0,027777777777777777777
13158;2884;1,000000000000000000000
13187;5626;0,333333333333333333333
13187;8641;0,333333333333333333333
13187;20216;0,333333333333333333333
13206;2322;1,000000000000000000000
13239;689;0,500000000000000000000
13239;28029;0,500000000000000000000
13253;42;0,005376344086021505376
13253;85;0,005376344086021505376
13253;96;0,005376344086021505376
13253;101;0,005376344086021505376
13253;122;0,005376344086021505376
13253;182;0,005376344086021505376
13253;210;0,005376344086021505376
13253;237;0,005376344086021505376
13253;247;0,005376344086021505376
13253;248;0,005376344086021505376
13253;249;0,005376344086021505376
13253;250;0,005376344086021505376
13253;251;0,005376344086021505376
13253;253;0,005376344086021505376
13253;261;0,005376344086021505376
13253;268;0,005376344086021505376
13253;285;0,005376344086021505376
13253;287;0,005376344086021505376
13253;538;0,005376344086021505376
13253;626;0,005376344086021505376
13253;724;0,005376344086021505376
13253;747;0,005376344086021505376
13253;781;0,005376344086021505376
13253;846;0,005376344086021505376
13253;861;0,005376344086021505376
13253;882;0,005376344086021505376
13253;941;0,005376344086021505376
13253;980;0,005376344086021505376
13253;984;0,005376344086021505376
13253;1048;0,005376344086021505376
13253;1141;0,005376344086021505376
13253;1142;0,005376344086021505376
13253;1153;0,005376344086021505376
13253;1154;0,005376344086021505376
13253;1156;0,005376344086021505376
13253;1160;0,005376344086021505376
13253;1310;0,005376344086021505376
13253;1364;0,005376344086021505376
13253;1455;0,005376344086021505376
13253;1495;0,005376344086021505376
13253;1499;0,005376344086021505376
13253;1515;0,005376344086021505376
13253;1523;0,005376344086021505376
13253;1526;0,005376344086021505376
13253;1547;0,005376344086021505376
13253;1591;0,005376344086021505376
13253;1639;0,005376344086021505376
13253;1827;0,010752688172043010752
13253;1829;0,005376344086021505376
13253;1868;0,005376344086021505376
13253;1873;0,005376344086021505376
13253;1889;0,005376344086021505376
13253;1981;0,005376344086021505376
13253;1988;0,016129032258064516129
13253;2075;0,005376344086021505376
13253;2136;0,005376344086021505376
13253;2139;0,005376344086021505376
13253;2145;0,005376344086021505376
13253;2252;0,005376344086021505376
13253;2269;0,005376344086021505376
13253;2293;0,005376344086021505376
13253;2398;0,005376344086021505376
13253;2461;0,005376344086021505376
13253;2464;0,005376344086021505376
13253;2510;0,010752688172043010752
13253;2515;0,005376344086021505376
13253;2591;0,005376344086021505376
13253;2655;0,005376344086021505376
13253;2714;0,005376344086021505376
13253;3000;0,005376344086021505376
13253;3005;0,005376344086021505376
13253;3045;0,005376344086021505376
13253;3174;0,005376344086021505376
13253;3219;0,005376344086021505376
13253;3245;0,005376344086021505376
13253;3362;0,005376344086021505376
13253;3459;0,005376344086021505376
13253;3485;0,005376344086021505376
13253;3503;0,005376344086021505376
13253;3633;0,005376344086021505376
13253;3753;0,005376344086021505376
13253;3834;0,005376344086021505376
13253;3857;0,005376344086021505376
13253;3866;0,005376344086021505376
13253;3867;0,005376344086021505376
13253;3868;0,005376344086021505376
13253;3869;0,005376344086021505376
13253;3870;0,005376344086021505376
13253;3871;0,005376344086021505376
13253;3872;0,005376344086021505376
13253;3873;0,005376344086021505376
13253;4098;0,005376344086021505376
13253;4117;0,005376344086021505376
13253;4179;0,005376344086021505376
13253;4313;0,005376344086021505376
13253;4323;0,005376344086021505376
13253;4513;0,005376344086021505376
13253;4592;0,005376344086021505376
13253;4598;0,005376344086021505376
13253;4713;0,005376344086021505376
13253;4722;0,005376344086021505376
13253;4881;0,010752688172043010752
13253;5042;0,005376344086021505376
13253;5174;0,005376344086021505376
13253;5223;0,005376344086021505376
13253;5289;0,005376344086021505376
13253;5304;0,005376344086021505376
13253;5383;0,005376344086021505376
13253;5449;0,005376344086021505376
13253;5500;0,005376344086021505376
13253;5578;0,005376344086021505376
13253;5654;0,005376344086021505376
13253;5824;0,005376344086021505376
13253;5827;0,005376344086021505376
13253;5861;0,005376344086021505376
13253;6007;0,005376344086021505376
13253;6113;0,005376344086021505376
13253;6444;0,005376344086021505376
13253;6535;0,005376344086021505376
13253;6570;0,005376344086021505376
13253;6666;0,005376344086021505376
13253;6746;0,005376344086021505376
13253;6781;0,005376344086021505376
13253;6979;0,005376344086021505376
13253;6980;0,005376344086021505376
13253;6981;0,005376344086021505376
13253;7116;0,005376344086021505376
13253;7142;0,005376344086021505376
13253;9296;0,005376344086021505376
13253;9572;0,005376344086021505376
13253;9657;0,005376344086021505376
13253;9691;0,005376344086021505376
13253;9805;0,005376344086021505376
13253;10823;0,005376344086021505376
13253;11377;0,005376344086021505376
13253;11552;0,005376344086021505376
13253;12775;0,005376344086021505376
13253;12876;0,005376344086021505376
13253;12880;0,005376344086021505376
13253;14013;0,005376344086021505376
13253;16974;0,005376344086021505376
13253;17720;0,005376344086021505376
13253;22211;0,005376344086021505376
13253;24370;0,005376344086021505376
13253;24371;0,005376344086021505376
13253;27323;0,005376344086021505376
13253;27588;0,005376344086021505376
13253;28405;0,005376344086021505376
13253;28993;0,005376344086021505376
13253;34696;0,005376344086021505376
13253;38738;0,005376344086021505376
13253;42210;0,005376344086021505376
13253;50959;0,005376344086021505376
13253;52443;0,005376344086021505376
13253;67275;0,005376344086021505376
13253;116409;0,005376344086021505376
13253;137801;0,005376344086021505376
13253;144425;0,005376344086021505376
13253;146155;0,005376344086021505376
13253;152076;0,005376344086021505376
13253;219132;0,005376344086021505376
13253;229072;0,005376344086021505376
13253;251238;0,005376344086021505376
13253;251573;0,005376344086021505376
13253;251668;0,005376344086021505376
13253;253384;0,005376344086021505376
13253;255463;0,005376344086021505376
13253;257563;0,005376344086021505376
13253;276695;0,005376344086021505376
13253;278351;0,005376344086021505376
13253;281067;0,005376344086021505376
13253;281170;0,005376344086021505376
13253;283633;0,005376344086021505376
13253;283635;0,005376344086021505376
13253;283636;0,005376344086021505376
13253;283637;0,005376344086021505376
13253;283638;0,005376344086021505376
13253;283639;0,005376344086021505376
13253;321112;0,005376344086021505376
13253;355336;0,005376344086021505376
13253;377026;0,005376344086021505376
13265;970;0,300000000000000000000
13265;2578;0,100000000000000000000
13265;3268;0,100000000000000000000
13265;4472;0,200000000000000000000
13265;7759;0,100000000000000000000
13265;8623;0,100000000000000000000
13265;8928;0,100000000000000000000
13335;423;0,200000000000000000000
13335;2481;0,200000000000000000000
13335;4344;0,400000000000000000000
13335;431565;0,200000000000000000000
13369;6604;1,000000000000000000000
13372;466;0,500000000000000000000
13372;5214;0,500000000000000000000
13419;12528;1,000000000000000000000
13476;6130;0,200000000000000000000
13476;6567;0,800000000000000000000
13482;28752;0,500000000000000000000
13482;906176;0,500000000000000000000
13504;2001;1,000000000000000000000
13545;9806;1,000000000000000000000
13623;4334;0,500000000000000000000
13623;16649;0,500000000000000000000
13642;148;0,500000000000000000000
13642;393418;0,500000000000000000000
13671;2379;1,000000000000000000000
13675;3234;1,000000000000000000000
13676;1515;0,500000000000000000000
13676;2826;0,500000000000000000000
13704;3318;0,500000000000000000000
13704;8109;0,500000000000000000000
13769;1442;1,000000000000000000000
13796;12706;1,000000000000000000000
13799;28970;1,000000000000000000000
13814;266;1,000000000000000000000
13899;1082;0,666666666666666666666
13899;9510;0,333333333333333333333
13907;1864;1,000000000000000000000
14010;120;0,500000000000000000000
14010;8017;0,500000000000000000000
14048;1902;0,333333333333333333333
14048;8163;0,333333333333333333333
14048;714174;0,333333333333333333333
14050;1293;0,666666666666666666666
14050;8268;0,333333333333333333333
14124;295;0,333333333333333333333
14124;1315;0,166666666666666666666
14124;2743;0,166666666666666666666
14124;13335;0,333333333333333333333
14125;3233;1,000000000000000000000
14151;137;0,017094017094017094017
14151;229;0,017094017094017094017
14151;273;0,017094017094017094017
14151;346;0,008547008547008547008
14151;547;0,008547008547008547008
14151;641;0,008547008547008547008
14151;712;0,008547008547008547008
14151;713;0,017094017094017094017
14151;778;0,008547008547008547008
14151;980;0,017094017094017094017
14151;997;0,017094017094017094017
14151;1044;0,017094017094017094017
14151;1079;0,017094017094017094017
14151;1133;0,008547008547008547008
14151;1160;0,008547008547008547008
14151;1206;0,008547008547008547008
14151;1246;0,008547008547008547008
14151;1310;0,017094017094017094017
14151;1319;0,017094017094017094017
14151;1447;0,008547008547008547008
14151;1466;0,008547008547008547008
14151;1504;0,008547008547008547008
14151;1891;0,008547008547008547008
14151;2119;0,017094017094017094017
14151;2131;0,017094017094017094017
14151;2318;0,017094017094017094017
14151;2551;0,017094017094017094017
14151;3145;0,017094017094017094017
14151;3209;0,008547008547008547008
14151;3476;0,008547008547008547008
14151;3557;0,017094017094017094017
14151;3657;0,017094017094017094017
14151;3811;0,008547008547008547008
14151;3857;0,008547008547008547008
14151;3957;0,017094017094017094017
14151;4059;0,008547008547008547008
14151;4102;0,017094017094017094017
14151;4108;0,017094017094017094017
14151;4225;0,017094017094017094017
14151;4621;0,017094017094017094017
14151;4625;0,008547008547008547008
14151;4713;0,017094017094017094017
14151;5093;0,017094017094017094017
14151;5142;0,017094017094017094017
14151;5174;0,017094017094017094017
14151;5239;0,008547008547008547008
14151;5506;0,017094017094017094017
14151;5681;0,017094017094017094017
14151;5854;0,008547008547008547008
14151;5922;0,008547008547008547008
14151;6048;0,008547008547008547008
14151;6151;0,008547008547008547008
14151;6694;0,017094017094017094017
14151;6930;0,008547008547008547008
14151;7418;0,017094017094017094017
14151;7626;0,008547008547008547008
14151;7774;0,008547008547008547008
14151;8225;0,017094017094017094017
14151;8373;0,008547008547008547008
14151;8447;0,008547008547008547008
14151;9159;0,008547008547008547008
14151;9274;0,017094017094017094017
14151;9762;0,008547008547008547008
14151;11415;0,008547008547008547008
14151;12436;0,008547008547008547008
14151;12876;0,017094017094017094017
14151;13796;0,008547008547008547008
14151;13886;0,008547008547008547008
14151;14465;0,008547008547008547008
14151;17274;0,017094017094017094017
14151;18258;0,008547008547008547008
14151;23096;0,017094017094017094017
14151;28463;0,008547008547008547008
14151;59522;0,008547008547008547008
14151;67591;0,017094017094017094017
14151;67593;0,017094017094017094017
14151;255863;0,017094017094017094017
14151;589508;0,017094017094017094017
14266;1913;1,000000000000000000000
14323;12441;1,000000000000000000000
14526;9380;1,000000000000000000000
14826;3158;1,000000000000000000000
15048;353914;1,000000000000000000000
15207;1673;1,000000000000000000000
15302;1162;1,000000000000000000000
15471;275;0,142857142857142857142
15471;282;0,142857142857142857142
15471;477;0,142857142857142857142
15471;731;0,285714285714285714285
15471;95154;0,285714285714285714285
15586;475;1,000000000000000000000
15643;135;0,052631578947368421052
15643;276;0,052631578947368421052
15643;277;0,052631578947368421052
15643;352;0,052631578947368421052
15643;354;0,052631578947368421052
15643;425;0,052631578947368421052
15643;1118;0,052631578947368421052
15643;1366;0,052631578947368421052
15643;1946;0,052631578947368421052
15643;4004;0,052631578947368421052
15643;4530;0,052631578947368421052
15643;5071;0,052631578947368421052
15643;6627;0,052631578947368421052
15643;7605;0,052631578947368421052
15643;7713;0,052631578947368421052
15643;41776;0,052631578947368421052
15643;48826;0,052631578947368421052
15643;98841;0,052631578947368421052
15643;604246;0,052631578947368421052
15867;545;1,000000000000000000000
15895;2023;1,000000000000000000000
15975;9068;0,250000000000000000000
15975;9905;0,500000000000000000000
15975;20307;0,250000000000000000000
16076;17248;1,000000000000000000000
16487;997;1,000000000000000000000
16497;1771;0,500000000000000000000
16497;2275;0,250000000000000000000
16497;6881;0,250000000000000000000
16653;854;0,250000000000000000000
16653;990;0,250000000000000000000
16653;4512;0,500000000000000000000
16659;2659;1,000000000000000000000
16786;2479;1,000000000000000000000
16845;3176;0,250000000000000000000
16845;17268;0,500000000000000000000
16845;184987;0,250000000000000000000
17047;5831;1,000000000000000000000
17208;5360;1,000000000000000000000
17268;16845;1,000000000000000000000
17269;502;1,000000000000000000000
17276;351;0,666666666666666666666
17276;54879;0,333333333333333333333
17281;2467;1,000000000000000000000
17323;5092;0,250000000000000000000
17323;12269;0,500000000000000000000
17323;525330;0,250000000000000000000
17352;46;0,142857142857142857142
17352;80;0,142857142857142857142
17352;1445;0,142857142857142857142
17352;2893;0,142857142857142857142
17352;6746;0,142857142857142857142
17352;8871;0,142857142857142857142
17352;256235;0,142857142857142857142
17426;8468;1,000000000000000000000
17521;3141;0,500000000000000000000
17521;9968;0,500000000000000000000
18247;6581;0,500000000000000000000
18247;20969;0,500000000000000000000
18258;5437;1,000000000000000000000
18517;21697;1,000000000000000000000
18641;277;0,181818181818181818181
18641;1696;0,090909090909090909090
18641;1925;0,090909090909090909090
18641;5338;0,090909090909090909090
18641;23562;0,090909090909090909090
18641;28826;0,090909090909090909090
18641;41776;0,181818181818181818181
18641;59745;0,090909090909090909090
18641;131383;0,090909090909090909090
18695;366867;1,000000000000000000000
19176;232;1,000000000000000000000
19402;4;0,400000000000000000000
19402;1082;0,200000000000000000000
19402;4435;0,400000000000000000000
20216;5626;1,000000000000000000000
20307;530;0,333333333333333333333
20307;1220;0,333333333333333333333
20307;15975;0,333333333333333333333
20393;3395;0,666666666666666666666
20393;27615;0,333333333333333333333
20476;1731;0,500000000000000000000
20476;3095;0,500000000000000000000
20853;12706;1,000000000000000000000
20915;17720;1,000000000000000000000
20969;18247;1,000000000000000000000
21112;3022;1,000000000000000000000
21154;1237;0,500000000000000000000
21154;2111;0,250000000000000000000
21154;10188;0,250000000000000000000
21268;2306;0,333333333333333333333
21268;4219;0,333333333333333333333
21268;5484;0,333333333333333333333
21502;8212;1,000000000000000000000
21512;1293;1,000000000000000000000
21594;235;1,000000000000000000000
21697;983;0,400000000000000000000
21697;3842;0,200000000000000000000
21697;6430;0,400000000000000000000
21734;9998;1,000000000000000000000
22123;8985;1,000000000000000000000
22864;7906;1,000000000000000000000
23096;7886;1,000000000000000000000
23228;1912;1,000000000000000000000
23562;5646;1,000000000000000000000
23720;281;0,142857142857142857142
23720;1129;0,142857142857142857142
23720;1370;0,285714285714285714285
23720;2237;0,142857142857142857142
23720;693032;0,142857142857142857142
23720;791903;0,142857142857142857142
23886;1036;1,000000000000000000000
24098;3033;1,000000000000000000000
24113;2245;1,000000000000000000000
24668;356;0,500000000000000000000
24668;8353;0,500000000000000000000
24837;3911;1,000000000000000000000
25205;2287;1,000000000000000000000
25230;6918;0,333333333333333333333
25230;11369;0,333333333333333333333
25230;373677;0,333333333333333333333
25488;40;0,166666666666666666666
25488;504;0,333333333333333333333
25488;689;0,166666666666666666666
25488;8223;0,333333333333333333333
25861;1453;1,000000000000000000000
26070;945;1,000000000000000000000
26251;1041;0,400000000000000000000
26251;373677;0,400000000000000000000
26251;604246;0,200000000000000000000
26267;330;0,500000000000000000000
26267;8928;0,500000000000000000000
26354;2887;1,000000000000000000000
26706;3551;1,000000000000000000000
27141;24875;1,000000000000000000000
27173;5082;0,571428571428571428571
27173;9395;0,428571428571428571428
27175;1771;0,200000000000000000000
27175;2421;0,200000000000000000000
27175;11369;0,600000000000000000000
27416;3842;1,000000000000000000000
27478;1754;0,333333333333333333333
27478;2275;0,333333333333333333333
27478;373677;0,333333333333333333333
27557;3292;1,000000000000000000000
27610;498;0,250000000000000000000
27610;5645;0,500000000000000000000
27610;20393;0,250000000000000000000
27700;27719;1,000000000000000000000
27719;27700;1,000000000000000000000
27763;2504;1,000000000000000000000
27966;740;1,000000000000000000000
28184;2275;0,666666666666666666666
28184;2419;0,333333333333333333333
28250;4146;0,571428571428571428571
28250;4414;0,285714285714285714285
28250;57838;0,142857142857142857142
28397;35;0,250000000000000000000
28397;3169;0,500000000000000000000
28397;5007;0,250000000000000000000
28405;2515;1,000000000000000000000
28467;1454;1,000000000000000000000
28528;854;0,200000000000000000000
28528;2326;0,400000000000000000000
28528;16660;0,200000000000000000000
28528;27557;0,200000000000000000000
28550;3104;1,000000000000000000000
28557;689;1,000000000000000000000
28560;2512;1,000000000000000000000
28569;4020;1,000000000000000000000
28600;12706;1,000000000000000000000
28615;3212;1,000000000000000000000
28629;608;1,000000000000000000000
28661;5470;1,000000000000000000000
28686;24875;1,000000000000000000000
28763;4237;1,000000000000000000000
28822;173893;1,000000000000000000000
28826;18641;0,333333333333333333333
28826;50959;0,666666666666666666666
28839;233872;1,000000000000000000000
28970;54;0,011363636363636363636
28970;73;0,011363636363636363636
28970;119;0,011363636363636363636
28970;132;0,011363636363636363636
28970;208;0,011363636363636363636
28970;256;0,011363636363636363636
28970;320;0,011363636363636363636
28970;435;0,011363636363636363636
28970;550;0,011363636363636363636
28970;560;0,011363636363636363636
28970;576;0,011363636363636363636
28970;596;0,011363636363636363636
28970;658;0,011363636363636363636
28970;914;0,011363636363636363636
28970;1068;0,011363636363636363636
28970;1089;0,011363636363636363636
28970;1184;0,011363636363636363636
28970;1255;0,011363636363636363636
28970;1265;0,011363636363636363636
28970;1374;0,011363636363636363636
28970;1457;0,011363636363636363636
28970;1487;0,011363636363636363636
28970;1663;0,011363636363636363636
28970;1664;0,011363636363636363636
28970;1721;0,011363636363636363636
28970;1867;0,011363636363636363636
28970;1891;0,011363636363636363636
28970;2007;0,011363636363636363636
28970;2021;0,011363636363636363636
28970;2115;0,011363636363636363636
28970;2181;0,011363636363636363636
28970;2182;0,011363636363636363636
28970;2184;0,011363636363636363636
28970;2206;0,011363636363636363636
28970;2310;0,011363636363636363636
28970;2792;0,011363636363636363636
28970;3104;0,011363636363636363636
28970;3120;0,011363636363636363636
28970;3135;0,011363636363636363636
28970;3372;0,011363636363636363636
28970;3433;0,011363636363636363636
28970;3471;0,011363636363636363636
28970;3694;0,011363636363636363636
28970;4041;0,011363636363636363636
28970;4150;0,011363636363636363636
28970;4172;0,011363636363636363636
28970;4244;0,011363636363636363636
28970;4639;0,011363636363636363636
28970;4744;0,011363636363636363636
28970;4931;0,011363636363636363636
28970;5212;0,011363636363636363636
28970;5415;0,011363636363636363636
28970;5457;0,011363636363636363636
28970;5657;0,011363636363636363636
28970;5789;0,011363636363636363636
28970;5790;0,011363636363636363636
28970;6130;0,011363636363636363636
28970;6472;0,011363636363636363636
28970;6567;0,011363636363636363636
28970;7418;0,011363636363636363636
28970;7694;0,011363636363636363636
28970;7983;0,011363636363636363636
28970;8081;0,011363636363636363636
28970;8568;0,011363636363636363636
28970;8671;0,011363636363636363636
28970;8805;0,011363636363636363636
28970;9226;0,011363636363636363636
28970;9506;0,011363636363636363636
28970;9618;0,011363636363636363636
28970;12176;0,011363636363636363636
28970;12247;0,011363636363636363636
28970;12466;0,011363636363636363636
28970;12572;0,011363636363636363636
28970;13095;0,011363636363636363636
28970;13720;0,011363636363636363636
28970;13721;0,011363636363636363636
28970;14733;0,011363636363636363636
28970;15895;0,011363636363636363636
28970;16937;0,011363636363636363636
28970;18276;0,011363636363636363636
28970;18277;0,011363636363636363636
28970;20853;0,011363636363636363636
28970;21161;0,011363636363636363636
28970;27216;0,011363636363636363636
28970;28407;0,011363636363636363636
28970;28532;0,011363636363636363636
28970;28600;0,011363636363636363636
28970;28607;0,011363636363636363636
29028;667;0,500000000000000000000
29028;9651;0,500000000000000000000
30063;7560;1,000000000000000000000
30696;2704;0,142857142857142857142
30696;2850;0,857142857142857142857
31343;96;0,600000000000000000000
31343;4825;0,400000000000000000000
35009;4592;1,000000000000000000000
36186;222;1,000000000000000000000
37814;1853;0,200000000000000000000
37814;2578;0,200000000000000000000
37814;9356;0,600000000000000000000
38589;625;0,389830508474576271186
38589;635;0,067796610169491525423
38589;1154;0,084745762711864406779
38589;2293;0,067796610169491525423
38589;6203;0,389830508474576271186
40028;979;0,500000000000000000000
40028;1606;0,500000000000000000000
41776;276;0,166666666666666666666
41776;749;0,166666666666666666666
41776;1946;0,166666666666666666666
41776;5149;0,166666666666666666666
41776;15643;0,166666666666666666666
41776;18641;0,166666666666666666666
42210;2388;1,000000000000000000000
44336;1123;0,500000000000000000000
44336;12938;0,500000000000000000000
45724;4476;0,500000000000000000000
45724;7920;0,500000000000000000000
47352;1471;0,333333333333333333333
47352;2712;0,333333333333333333333
47352;9668;0,333333333333333333333
48826;3429;0,250000000000000000000
48826;12685;0,250000000000000000000
48826;15643;0,250000000000000000000
48826;28118;0,250000000000000000000
49722;2932;1,000000000000000000000
50959;28826;1,000000000000000000000
52443;5042;1,000000000000000000000
54440;1891;0,416666666666666666666
54440;2131;0,166666666666666666666
54440;4150;0,250000000000000000000
54440;12706;0,166666666666666666666
54879;351;0,333333333333333333333
54879;276780;0,666666666666666666666
56282;2588;1,000000000000000000000
57838;911;0,250000000000000000000
57838;3141;0,250000000000000000000
57838;8090;0,250000000000000000000
57838;9382;0,250000000000000000000
59522;1162;1,000000000000000000000
59745;43;0,043478260869565217391
59745;138;0,043478260869565217391
59745;172;0,043478260869565217391
59745;291;0,086956521739130434782
59745;1169;0,347826086956521739130
59745;2863;0,043478260869565217391
59745;3802;0,130434782608695652173
59745;5640;0,043478260869565217391
59745;184646;0,043478260869565217391
59745;366089;0,130434782608695652173
59745;906176;0,043478260869565217391
59841;826;0,428571428571428571428
59841;1118;0,142857142857142857142
59841;1169;0,142857142857142857142
59841;2731;0,142857142857142857142
59841;366089;0,142857142857142857142
59867;899;1,000000000000000000000
63981;2561;1,000000000000000000000
65998;2175;0,071428571428571428571
65998;4145;0,500000000000000000000
65998;66075;0,428571428571428571428
66075;2175;0,153846153846153846153
66075;4145;0,692307692307692307692
66075;65998;0,153846153846153846153
71083;2374;0,500000000000000000000
71083;608895;0,500000000000000000000
71411;75827;1,000000000000000000000
75230;1967;1,000000000000000000000
75827;748;0,125000000000000000000
75827;48862;0,125000000000000000000
75827;71411;0,375000000000000000000
75827;76428;0,375000000000000000000
75828;75827;1,000000000000000000000
76428;747;0,250000000000000000000
76428;748;0,166666666666666666666
76428;1853;0,083333333333333333333
76428;2734;0,083333333333333333333
76428;28517;0,083333333333333333333
76428;71411;0,083333333333333333333
76428;81648;0,083333333333333333333
76428;99942;0,166666666666666666666
77678;1016;1,000000000000000000000
81163;748;0,500000000000000000000
81163;1897;0,500000000000000000000
83103;2798;1,000000000000000000000
84925;602;0,500000000000000000000
84925;3189;0,500000000000000000000
98068;1058;1,000000000000000000000
98841;354;0,142857142857142857142
98841;1942;0,142857142857142857142
98841;3523;0,285714285714285714285
98841;15643;0,142857142857142857142
98841;59745;0,285714285714285714285
112062;65;0,250000000000000000000
112062;475;0,250000000000000000000
112062;826;0,250000000000000000000
112062;6189;0,250000000000000000000
113365;2421;1,000000000000000000000
113392;891;0,083333333333333333333
113392;2371;0,833333333333333333333
113392;7968;0,083333333333333333333
114536;274;0,071428571428571428571
114536;437;0,142857142857142857142
114536;1014;0,071428571428571428571
114536;1694;0,071428571428571428571
114536;2455;0,071428571428571428571
114536;2826;0,071428571428571428571
114536;3049;0,214285714285714285714
114536;3427;0,071428571428571428571
114536;7994;0,071428571428571428571
114536;8213;0,071428571428571428571
114536;21502;0,071428571428571428571
116140;441;0,093750000000000000000
116140;517;0,156250000000000000000
116140;854;0,031250000000000000000
116140;1117;0,156250000000000000000
116140;2277;0,031250000000000000000
116140;3395;0,031250000000000000000
116140;5679;0,156250000000000000000
116140;8253;0,093750000000000000000
116140;474028;0,093750000000000000000
116140;704910;0,156250000000000000000
116409;38738;1,000000000000000000000
119973;219;0,058823529411764705882
119973;504;0,058823529411764705882
119973;538;0,117647058823529411764
119973;904;0,176470588235294117647
119973;2993;0,058823529411764705882
119973;3515;0,058823529411764705882
119973;7802;0,058823529411764705882
119973;8223;0,058823529411764705882
119973;9288;0,058823529411764705882
119973;12563;0,058823529411764705882
119973;17611;0,058823529411764705882
119973;27672;0,058823529411764705882
119973;189452;0,058823529411764705882
119973;687941;0,058823529411764705882
125861;2364;1,000000000000000000000
131383;352;0,333333333333333333333
131383;1724;0,333333333333333333333
131383;4530;0,333333333333333333333
133828;1169;1,000000000000000000000
135123;3978;1,000000000000000000000
135596;11213;1,000000000000000000000
136664;1692;0,833333333333333333333
136664;9693;0,166666666666666666666
137801;615;1,000000000000000000000
139869;2961;0,666666666666666666666
139869;17267;0,333333333333333333333
140271;644;1,000000000000000000000
144425;4098;0,500000000000000000000
144425;5042;0,500000000000000000000
146462;122;1,000000000000000000000
151009;90;0,750000000000000000000
151009;1475;0,125000000000000000000
151009;8090;0,125000000000000000000
157662;1637;0,666666666666666666666
157662;22880;0,333333333333333333333
160268;1182;0,333333333333333333333
160268;8440;0,333333333333333333333
160268;8442;0,333333333333333333333
163510;615;1,000000000000000000000
173893;4039;1,000000000000000000000
184646;444;0,100000000000000000000
184646;3099;0,200000000000000000000
184646;3394;0,100000000000000000000
184646;4020;0,100000000000000000000
184646;4510;0,100000000000000000000
184646;12685;0,100000000000000000000
184646;28490;0,100000000000000000000
184646;59745;0,200000000000000000000
184987;2467;1,000000000000000000000
189452;277;0,071428571428571428571
189452;5617;0,071428571428571428571
189452;5628;0,142857142857142857142
189452;12563;0,142857142857142857142
189452;190971;0,500000000000000000000
189452;398787;0,071428571428571428571
191488;1175;0,038461538461538461538
191488;2277;0,076923076923076923076
191488;5354;0,038461538461538461538
191488;5511;0,076923076923076923076
191488;8056;0,076923076923076923076
191488;9350;0,076923076923076923076
191488;10941;0,038461538461538461538
191488;14072;0,038461538461538461538
191488;27929;0,038461538461538461538
191488;27931;0,076923076923076923076
191488;27949;0,038461538461538461538
191488;27953;0,038461538461538461538
191488;27968;0,038461538461538461538
191488;27973;0,038461538461538461538
191488;28010;0,038461538461538461538
191488;28017;0,038461538461538461538
191488;28019;0,038461538461538461538
191488;28022;0,038461538461538461538
191488;28023;0,038461538461538461538
191488;28030;0,038461538461538461538
191488;28032;0,038461538461538461538
192866;845;0,333333333333333333333
192866;846;0,333333333333333333333
192866;1263;0,083333333333333333333
192866;1437;0,250000000000000000000
193005;845;0,333333333333333333333
193005;1041;0,333333333333333333333
193005;336640;0,333333333333333333333
216172;1570;0,500000000000000000000
216172;2455;0,500000000000000000000
233872;4102;1,000000000000000000000
237945;57;0,333333333333333333333
237945;2479;0,666666666666666666666
238453;1065;0,076923076923076923076
238453;3082;0,230769230769230769230
238453;3083;0,076923076923076923076
238453;19199;0,076923076923076923076
238453;239963;0,230769230769230769230
238453;239965;0,076923076923076923076
238453;239969;0,076923076923076923076
238453;366672;0,153846153846153846153
239964;85;0,133333333333333333333
239964;1655;0,133333333333333333333
239964;1673;0,133333333333333333333
239964;4293;0,266666666666666666666
239964;8106;0,333333333333333333333
239965;1065;1,000000000000000000000
239967;36;1,000000000000000000000
239969;239963;1,000000000000000000000
239970;1065;1,000000000000000000000
245879;249;0,111111111111111111111
245879;1034;0,111111111111111111111
245879;1154;0,111111111111111111111
245879;2293;0,111111111111111111111
245879;3045;0,111111111111111111111
245879;5628;0,111111111111111111111
245879;8630;0,111111111111111111111
245879;9686;0,111111111111111111111
245879;12391;0,111111111111111111111
248831;5651;1,000000000000000000000
248832;347540;1,000000000000000000000
248835;8468;0,666666666666666666666
248835;248836;0,333333333333333333333
248836;8465;0,500000000000000000000
248836;248835;0,500000000000000000000
248837;525;1,000000000000000000000
248838;761;0,500000000000000000000
248838;2374;0,125000000000000000000
248838;248835;0,375000000000000000000
251573;615;0,500000000000000000000
251573;2464;0,500000000000000000000
251668;122;1,000000000000000000000
255463;615;1,000000000000000000000
256804;550;0,666666666666666666666
256804;1596;0,333333333333333333333
256951;4379;0,333333333333333333333
256951;4991;0,333333333333333333333
256951;5484;0,333333333333333333333
259831;90;0,026315789473684210526
259831;826;0,078947368421052631578
259831;906;0,026315789473684210526
259831;911;0,052631578947368421052
259831;1278;0,052631578947368421052
259831;2998;0,026315789473684210526
259831;3141;0,026315789473684210526
259831;3142;0,078947368421052631578
259831;3414;0,026315789473684210526
259831;3991;0,026315789473684210526
259831;4048;0,026315789473684210526
259831;4232;0,026315789473684210526
259831;4262;0,052631578947368421052
259831;4720;0,026315789473684210526
259831;5437;0,026315789473684210526
259831;5629;0,026315789473684210526
259831;6189;0,052631578947368421052
259831;6604;0,052631578947368421052
259831;9382;0,052631578947368421052
259831;10649;0,026315789473684210526
259831;13369;0,026315789473684210526
259831;18258;0,026315789473684210526
259831;57838;0,052631578947368421052
259831;151009;0,026315789473684210526
259831;151929;0,026315789473684210526
259831;333184;0,026315789473684210526
259831;352420;0,026315789473684210526
267368;1455;0,285714285714285714285
267368;8489;0,285714285714285714285
267368;251238;0,285714285714285714285
267368;251573;0,142857142857142857142
276780;5264;0,250000000000000000000
276780;54879;0,750000000000000000000
276963;328526;1,000000000000000000000
278351;706;0,500000000000000000000
278351;859;0,500000000000000000000
281170;3601;1,000000000000000000000
282773;282;1,000000000000000000000
282900;733;0,500000000000000000000
282900;7713;0,500000000000000000000
283281;687941;1,000000000000000000000
283633;1154;1,000000000000000000000
283635;771;0,500000000000000000000
283635;5042;0,500000000000000000000
283636;52443;0,500000000000000000000
283636;283637;0,500000000000000000000
283637;5042;1,000000000000000000000
283638;85;0,052631578947368421052
283638;96;0,052631578947368421052
283638;433;0,052631578947368421052
283638;771;0,052631578947368421052
283638;1695;0,105263157894736842105
283638;1700;0,263157894736842105263
283638;2139;0,052631578947368421052
283638;2374;0,052631578947368421052
283638;3251;0,105263157894736842105
283638;3633;0,052631578947368421052
283638;4172;0,052631578947368421052
283638;7968;0,052631578947368421052
283638;608895;0,052631578947368421052
284853;16658;1,000000000000000000000
286660;28;0,500000000000000000000
286660;2150;0,500000000000000000000
306994;407;0,500000000000000000000
306994;1139;0,500000000000000000000
307900;1250;1,000000000000000000000
311584;131;0,500000000000000000000
311584;622466;0,500000000000000000000
326192;3158;0,666666666666666666666
326192;13369;0,333333333333333333333
326597;526;1,000000000000000000000
328526;3158;1,000000000000000000000
330168;2421;1,000000000000000000000
330934;3355;1,000000000000000000000
333184;9395;1,000000000000000000000
333343;1231;0,333333333333333333333
333343;6503;0,333333333333333333333
333343;6514;0,333333333333333333333
335189;115;0,833333333333333333333
335189;248834;0,166666666666666666666
336063;1516;1,000000000000000000000
336640;384;0,333333333333333333333
336640;1041;0,166666666666666666666
336640;1637;0,500000000000000000000
343424;3401;0,500000000000000000000
343424;4993;0,500000000000000000000
347540;45;0,500000000000000000000
347540;66;0,250000000000000000000
347540;1556;0,250000000000000000000
349041;39;0,022222222222222222222
349041;194;0,177777777777777777777
349041;285;0,044444444444444444444
349041;472;0,044444444444444444444
349041;628;0,111111111111111111111
349041;1196;0,044444444444444444444
349041;1713;0,022222222222222222222
349041;1754;0,022222222222222222222
349041;1939;0,044444444444444444444
349041;1940;0,444444444444444444444
349041;393418;0,022222222222222222222
352262;1066;0,500000000000000000000
352262;2146;0,500000000000000000000
352420;4237;1,000000000000000000000
353914;518;1,000000000000000000000
357817;4621;0,500000000000000000000
357817;283638;0,500000000000000000000
365524;3748;1,000000000000000000000
365532;37;1,000000000000000000000
365533;365532;1,000000000000000000000
365536;2678;0,500000000000000000000
365536;10860;0,500000000000000000000
366089;3523;0,333333333333333333333
366089;59745;0,666666666666666666666
366347;50332;0,500000000000000000000
366347;50959;0,500000000000000000000
366867;4307;0,666666666666666666666
366867;18695;0,333333333333333333333
367121;608895;1,000000000000000000000
367451;4933;1,000000000000000000000
368117;7748;1,000000000000000000000
373677;1468;0,200000000000000000000
373677;6918;0,400000000000000000000
373677;25230;0,200000000000000000000
373677;26251;0,200000000000000000000
374246;211;0,017543859649122807017
374246;558;0,017543859649122807017
374246;851;0,157894736842105263157
374246;887;0,017543859649122807017
374246;1035;0,017543859649122807017
374246;1364;0,017543859649122807017
374246;1422;0,017543859649122807017
374246;1554;0,017543859649122807017
374246;2005;0,017543859649122807017
374246;2043;0,017543859649122807017
374246;2374;0,017543859649122807017
374246;2551;0,017543859649122807017
374246;2657;0,052631578947368421052
374246;3029;0,017543859649122807017
374246;3209;0,017543859649122807017
374246;3523;0,017543859649122807017
374246;3588;0,017543859649122807017
374246;3800;0,017543859649122807017
374246;3811;0,017543859649122807017
374246;4225;0,017543859649122807017
374246;4621;0,017543859649122807017
374246;4697;0,017543859649122807017
374246;5093;0,017543859649122807017
374246;5469;0,017543859649122807017
374246;5487;0,017543859649122807017
374246;5530;0,017543859649122807017
374246;5854;0,017543859649122807017
374246;6267;0,017543859649122807017
374246;6930;0,017543859649122807017
374246;7418;0,017543859649122807017
374246;7564;0,017543859649122807017
374246;7866;0,017543859649122807017
374246;7941;0,017543859649122807017
374246;8143;0,017543859649122807017
374246;8225;0,017543859649122807017
374246;8513;0,017543859649122807017
374246;9026;0,017543859649122807017
374246;9762;0,017543859649122807017
374246;9940;0,017543859649122807017
374246;10926;0,017543859649122807017
374246;13886;0,017543859649122807017
374246;14978;0,017543859649122807017
374246;25849;0,017543859649122807017
374246;59745;0,017543859649122807017
374246;81163;0,017543859649122807017
374246;284855;0,017543859649122807017
374246;653504;0,017543859649122807017
375788;458;1,000000000000000000000
381254;239966;1,000000000000000000000
383065;2421;1,000000000000000000000
388810;964;1,000000000000000000000
389498;39;1,000000000000000000000
393418;37;0,233333333333333333333
393418;148;0,066666666666666666666
393418;296;0,033333333333333333333
393418;609;0,133333333333333333333
393418;2678;0,066666666666666666666
393418;3551;0,066666666666666666666
393418;4091;0,033333333333333333333
393418;5800;0,066666666666666666666
393418;7648;0,066666666666666666666
393418;8267;0,033333333333333333333
393418;8268;0,066666666666666666666
393418;9376;0,066666666666666666666
393418;113392;0,033333333333333333333
393418;349041;0,033333333333333333333
398786;749;0,250000000000000000000
398786;2112;0,250000000000000000000
398786;9846;0,250000000000000000000
398786;398787;0,250000000000000000000
398787;71;0,066666666666666666666
398787;360;0,066666666666666666666
398787;420;0,066666666666666666666
398787;749;0,066666666666666666666
398787;845;0,066666666666666666666
398787;846;0,066666666666666666666
398787;1065;0,066666666666666666666
398787;2731;0,133333333333333333333
398787;3235;0,066666666666666666666
398787;131383;0,066666666666666666666
398787;189452;0,066666666666666666666
398787;398786;0,200000000000000000000
402245;10000;1,000000000000000000000
403195;747;1,000000000000000000000
408414;43;0,090909090909090909090
408414;360;0,090909090909090909090
408414;1046;0,090909090909090909090
408414;1065;0,090909090909090909090
408414;1169;0,363636363636363636363
408414;1945;0,090909090909090909090
408414;5638;0,090909090909090909090
408414;442813;0,090909090909090909090
408487;835;1,000000000000000000000
409930;380;1,000000000000000000000
423971;19582;1,000000000000000000000
427048;8648;1,000000000000000000000
431565;72;0,166666666666666666666
431565;2364;0,500000000000000000000
431565;559679;0,333333333333333333333
432293;805;0,250000000000000000000
432293;1140;0,250000000000000000000
432293;2664;0,250000000000000000000
432293;5360;0,250000000000000000000
434991;454;0,050000000000000000000
434991;520;0,050000000000000000000
434991;964;0,050000000000000000000
434991;1316;0,050000000000000000000
434991;1689;0,050000000000000000000
434991;1949;0,050000000000000000000
434991;2139;0,050000000000000000000
434991;2182;0,050000000000000000000
434991;2191;0,050000000000000000000
434991;2445;0,050000000000000000000
434991;2657;0,050000000000000000000
434991;3235;0,050000000000000000000
434991;3625;0,100000000000000000000
434991;4501;0,050000000000000000000
434991;5800;0,050000000000000000000
434991;6213;0,050000000000000000000
434991;7660;0,050000000000000000000
434991;27870;0,050000000000000000000
434991;440509;0,050000000000000000000
440509;108;0,142857142857142857142
440509;219;0,142857142857142857142
440509;324;0,428571428571428571428
440509;351;0,142857142857142857142
440509;1131;0,142857142857142857142
442813;266;1,000000000000000000000
443599;2302;1,000000000000000000000
453859;700;1,000000000000000000000
468947;28763;1,000000000000000000000
471750;266;1,000000000000000000000
474028;72;0,333333333333333333333
474028;2190;0,666666666666666666666
494193;2435;1,000000000000000000000
499117;65;0,033333333333333333333
499117;452;0,033333333333333333333
499117;475;0,233333333333333333333
499117;689;0,033333333333333333333
499117;768;0,033333333333333333333
499117;1046;0,033333333333333333333
499117;1169;0,166666666666666666666
499117;1397;0,033333333333333333333
499117;1864;0,033333333333333333333
499117;2287;0,066666666666666666666
499117;3996;0,033333333333333333333
499117;6567;0,033333333333333333333
499117;7160;0,033333333333333333333
499117;7968;0,033333333333333333333
499117;8460;0,033333333333333333333
499117;8590;0,033333333333333333333
499117;8698;0,033333333333333333333
499117;15586;0,033333333333333333333
499117;28017;0,033333333333333333333
507180;530;0,333333333333333333333
507180;668;0,333333333333333333333
507180;4173;0,333333333333333333333
511019;849;0,125000000000000000000
511019;850;0,125000000000000000000
511019;1024;0,125000000000000000000
511019;1117;0,375000000000000000000
511019;5647;0,125000000000000000000
511019;55134;0,125000000000000000000
512469;208;0,500000000000000000000
512469;846;0,500000000000000000000
525330;877;0,048780487804878048780
525330;878;0,048780487804878048780
525330;883;0,048780487804878048780
525330;887;0,048780487804878048780
525330;1044;0,048780487804878048780
525330;2214;0,048780487804878048780
525330;2215;0,048780487804878048780
525330;3403;0,048780487804878048780
525330;4765;0,048780487804878048780
525330;5459;0,048780487804878048780
525330;6624;0,048780487804878048780
525330;7780;0,121951219512195121951
525330;9434;0,073170731707317073170
525330;10740;0,048780487804878048780
525330;12798;0,048780487804878048780
525330;17323;0,024390243902439024390
525330;20669;0,048780487804878048780
525330;173632;0,048780487804878048780
525330;329359;0,048780487804878048780
529797;174;0,058823529411764705882
529797;1402;0,058823529411764705882
529797;2218;0,529411764705882352941
529797;2825;0,176470588235294117647
529797;3427;0,058823529411764705882
529797;67709;0,058823529411764705882
529797;343087;0,058823529411764705882
547708;3197;0,500000000000000000000
547708;7072;0,500000000000000000000
558010;260;0,029411764705882352941
558010;1145;0,029411764705882352941
558010;1352;0,029411764705882352941
558010;1408;0,029411764705882352941
558010;1913;0,029411764705882352941
558010;2277;0,029411764705882352941
558010;3100;0,029411764705882352941
558010;7660;0,029411764705882352941
558010;9350;0,029411764705882352941
558010;10941;0,029411764705882352941
558010;12165;0,029411764705882352941
558010;12698;0,029411764705882352941
558010;12820;0,029411764705882352941
558010;13239;0,029411764705882352941
558010;13472;0,029411764705882352941
558010;13579;0,029411764705882352941
558010;13580;0,029411764705882352941
558010;13581;0,029411764705882352941
558010;13584;0,029411764705882352941
558010;14048;0,029411764705882352941
558010;14072;0,029411764705882352941
558010;14184;0,029411764705882352941
558010;16815;0,029411764705882352941
558010;17352;0,029411764705882352941
558010;19328;0,029411764705882352941
558010;22690;0,029411764705882352941
558010;26479;0,029411764705882352941
558010;27170;0,029411764705882352941
558010;28021;0,029411764705882352941
558010;28029;0,029411764705882352941
558010;28048;0,029411764705882352941
558010;28049;0,029411764705882352941
558010;28157;0,029411764705882352941
558010;28894;0,029411764705882352941
584314;859;0,333333333333333333333
584314;1181;0,666666666666666666666
587053;587057;1,000000000000000000000
587057;528;0,333333333333333333333
587057;587053;0,333333333333333333333
587057;659900;0,333333333333333333333
589508;407;0,500000000000000000000
589508;5626;0,500000000000000000000
602536;2111;1,000000000000000000000
604246;4991;0,333333333333333333333
604246;9067;0,333333333333333333333
604246;26251;0,333333333333333333333
606566;6250;0,500000000000000000000
606566;6353;0,500000000000000000000
622466;131;0,500000000000000000000
622466;311584;0,500000000000000000000
623129;845;0,500000000000000000000
623129;982;0,250000000000000000000
623129;1041;0,250000000000000000000
629364;419;0,750000000000000000000
629364;3741;0,250000000000000000000
642255;452;0,181818181818181818181
642255;502;0,090909090909090909090
642255;754;0,045454545454545454545
642255;819;0,090909090909090909090
642255;876;0,227272727272727272727
642255;933;0,045454545454545454545
642255;1116;0,090909090909090909090
642255;1129;0,045454545454545454545
642255;1391;0,045454545454545454545
642255;3515;0,090909090909090909090
642255;59745;0,045454545454545454545
651622;9288;1,000000000000000000000
653504;374246;1,000000000000000000000
666066;3678;1,000000000000000000000
671388;5526;1,000000000000000000000
693032;111;0,166666666666666666666
693032;281;0,166666666666666666666
693032;452;0,166666666666666666666
693032;1370;0,166666666666666666666
693032;23720;0,166666666666666666666
693032;791903;0,166666666666666666666
703260;891;1,000000000000000000000
704910;1117;1,000000000000000000000
714174;2;0,071428571428571428571
714174;740;0,071428571428571428571
714174;1352;0,071428571428571428571
714174;1902;0,071428571428571428571
714174;3153;0,071428571428571428571
714174;3976;0,071428571428571428571
714174;5218;0,071428571428571428571
714174;5610;0,071428571428571428571
714174;5909;0,071428571428571428571
714174;14048;0,142857142857142857142
714174;27936;0,071428571428571428571
714174;27965;0,071428571428571428571
714174;491902;0,071428571428571428571
715172;2175;1,000000000000000000000
725179;1124;1,000000000000000000000
727998;546;0,500000000000000000000
727998;12805;0,500000000000000000000
728154;2046;1,000000000000000000000
744171;245879;1,000000000000000000000
744732;520;0,250000000000000000000
744732;1182;0,250000000000000000000
744732;8442;0,500000000000000000000
747808;1754;1,000000000000000000000
791903;281;0,333333333333333333333
791903;1129;0,166666666666666666666
791903;1370;0,166666666666666666666
791903;23720;0,166666666666666666666
791903;693032;0,166666666666666666666
881832;9968;1,000000000000000000000
886788;2990;1,000000000000000000000
906176;427;1,000000000000000000000
914813;27610;1,000000000000000000000
