7;9098;1,000000000000000000000
9;2064;1,000000000000000000000
22;190;0,333333333333333333333
22;2043;0,333333333333333333333
22;11213;0,333333333333333333333
39;520;1,000000000000000000000
46;7994;1,000000000000000000000
48;4831;0,666666666666666666666
48;8106;0,333333333333333333333
54;541;0,333333333333333333333
54;1116;0,333333333333333333333
54;1891;0,166666666666666666666
54;4041;0,166666666666666666666
57;1948;0,500000000000000000000
57;4852;0,500000000000000000000
65;1122;1,000000000000000000000
71;194;0,200000000000000000000
71;420;0,200000000000000000000
71;1276;0,200000000000000000000
71;1948;0,200000000000000000000
71;4159;0,200000000000000000000
72;517;0,250000000000000000000
72;1361;0,250000000000000000000
72;2203;0,250000000000000000000
72;3395;0,250000000000000000000
74;3096;1,000000000000000000000
77;6320;0,500000000000000000000
77;286660;0,500000000000000000000
80;502;0,040540540540540540540
80;530;0,027027027027027027027
80;531;0,027027027027027027027
80;668;0,337837837837837837837
80;718;0,040540540540540540540
80;754;0,040540540540540540540
80;876;0,094594594594594594594
80;894;0,040540540540540540540
80;933;0,013513513513513513513
80;1129;0,054054054054054054054
80;1131;0,027027027027027027027
80;1248;0,027027027027027027027
80;1361;0,067567567567567567567
80;1745;0,027027027027027027027
80;2516;0,013513513513513513513
80;2518;0,013513513513513513513
80;3443;0,027027027027027027027
80;3515;0,027027027027027027027
80;3625;0,013513513513513513513
80;4173;0,027027027027027027027
80;321395;0,013513513513513513513
83;1504;0,400000000000000000000
83;4472;0,200000000000000000000
83;5239;0,200000000000000000000
83;5591;0,200000000000000000000
90;2578;0,750000000000000000000
90;9393;0,250000000000000000000
96;249;0,045454545454545454545
96;261;0,136363636363636363636
96;268;0,045454545454545454545
96;615;0,136363636363636363636
96;625;0,090909090909090909090
96;845;0,090909090909090909090
96;1141;0,045454545454545454545
96;1574;0,045454545454545454545
96;1591;0,090909090909090909090
96;2375;0,090909090909090909090
96;3219;0,045454545454545454545
96;4881;0,045454545454545454545
96;73857;0,045454545454545454545
96;245879;0,045454545454545454545
101;1515;0,333333333333333333333
101;2655;0,333333333333333333333
101;3429;0,333333333333333333333
104;2448;1,000000000000000000000
108;349;0,200000000000000000000
108;1340;0,800000000000000000000
115;392;0,181818181818181818181
115;855;0,090909090909090909090
115;2822;0,181818181818181818181
115;6468;0,181818181818181818181
115;335189;0,090909090909090909090
115;343358;0,272727272727272727272
119;596;0,142857142857142857142
119;1839;0,142857142857142857142
119;2021;0,071428571428571428571
119;3372;0,071428571428571428571
119;3433;0,071428571428571428571
119;4150;0,071428571428571428571
119;6567;0,285714285714285714285
119;9226;0,071428571428571428571
119;18641;0,071428571428571428571
120;4078;1,000000000000000000000
132;550;0,142857142857142857142
132;596;0,428571428571428571428
132;1319;0,285714285714285714285
132;4244;0,142857142857142857142
135;100;0,052631578947368421052
135;281;0,157894736842105263157
135;644;0,052631578947368421052
135;1278;0,052631578947368421052
135;1316;0,052631578947368421052
135;1815;0,368421052631578947368
135;1939;0,105263157894736842105
135;2111;0,052631578947368421052
135;8163;0,105263157894736842105
163;4433;1,000000000000000000000
172;1055;0,333333333333333333333
172;1476;0,333333333333333333333
172;4431;0,333333333333333333333
174;846;1,000000000000000000000
181;6444;0,333333333333333333333
181;251668;0,333333333333333333333
181;278351;0,333333333333333333333
183;3548;1,000000000000000000000
184;713;1,000000000000000000000
187;122;1,000000000000000000000
189;1864;0,500000000000000000000
189;4576;0,500000000000000000000
190;2043;1,000000000000000000000
194;71;0,625000000000000000000
194;628;0,375000000000000000000
199;3105;1,000000000000000000000
211;179;1,000000000000000000000
213;747;0,666666666666666666666
213;1637;0,333333333333333333333
218;752;1,000000000000000000000
219;80;0,083333333333333333333
219;324;0,083333333333333333333
219;502;0,083333333333333333333
219;1131;0,083333333333333333333
219;1248;0,083333333333333333333
219;1893;0,083333333333333333333
219;2516;0,166666666666666666666
219;2517;0,083333333333333333333
219;2518;0,083333333333333333333
219;3443;0,083333333333333333333
219;12333;0,083333333333333333333
228;1225;0,500000000000000000000
228;20474;0,500000000000000000000
241;675;1,000000000000000000000
242;2434;0,333333333333333333333
242;2738;0,333333333333333333333
242;2830;0,333333333333333333333
244;5245;1,000000000000000000000
249;245879;1,000000000000000000000
250;2713;1,000000000000000000000
253;7886;1,000000000000000000000
256;208;1,000000000000000000000
261;96;0,166666666666666666666
261;237;0,666666666666666666666
261;2796;0,166666666666666666666
263;829;0,200000000000000000000
263;830;0,100000000000000000000
263;845;0,200000000000000000000
263;846;0,300000000000000000000
263;8253;0,200000000000000000000
266;1600;0,400000000000000000000
266;3944;0,200000000000000000000
266;8648;0,200000000000000000000
266;13814;0,200000000000000000000
267;2139;0,500000000000000000000
267;3867;0,500000000000000000000
268;96;0,200000000000000000000
268;1591;0,600000000000000000000
268;3045;0,200000000000000000000
269;284;0,333333333333333333333
269;1515;0,666666666666666666666
273;3766;0,500000000000000000000
273;14151;0,500000000000000000000
276;135;0,333333333333333333333
276;695;0,333333333333333333333
276;1840;0,333333333333333333333
282;275;0,400000000000000000000
282;660;0,400000000000000000000
282;28821;0,200000000000000000000
283;359;0,100000000000000000000
283;846;0,100000000000000000000
283;1342;0,300000000000000000000
283;1898;0,200000000000000000000
283;4747;0,200000000000000000000
283;307900;0,100000000000000000000
284;251;0,555555555555555555555
284;1281;0,111111111111111111111
284;1515;0,111111111111111111111
284;2009;0,222222222222222222222
287;14;0,200000000000000000000
287;1216;0,100000000000000000000
287;1829;0,200000000000000000000
287;1988;0,100000000000000000000
287;9941;0,400000000000000000000
288;271;0,125000000000000000000
288;1497;0,125000000000000000000
288;1824;0,125000000000000000000
288;2372;0,125000000000000000000
288;3978;0,125000000000000000000
288;8306;0,125000000000000000000
288;15867;0,250000000000000000000
289;1455;0,333333333333333333333
289;1678;0,333333333333333333333
289;1692;0,333333333333333333333
290;246;0,019607843137254901960
290;271;0,019607843137254901960
290;288;0,019607843137254901960
290;294;0,019607843137254901960
290;317;0,019607843137254901960
290;545;0,019607843137254901960
290;1030;0,019607843137254901960
290;1197;0,019607843137254901960
290;1198;0,019607843137254901960
290;1288;0,019607843137254901960
290;1497;0,019607843137254901960
290;1824;0,019607843137254901960
290;1901;0,019607843137254901960
290;1933;0,019607843137254901960
290;1951;0,019607843137254901960
290;2323;0,019607843137254901960
290;2337;0,019607843137254901960
290;2343;0,019607843137254901960
290;2371;0,019607843137254901960
290;2372;0,019607843137254901960
290;2678;0,019607843137254901960
290;3360;0,019607843137254901960
290;3731;0,019607843137254901960
290;3978;0,019607843137254901960
290;4657;0,019607843137254901960
290;4728;0,019607843137254901960
290;4794;0,019607843137254901960
290;5915;0,019607843137254901960
290;7968;0,019607843137254901960
290;8348;0,019607843137254901960
290;8635;0,019607843137254901960
290;9376;0,019607843137254901960
290;9462;0,019607843137254901960
290;9992;0,019607843137254901960
290;10860;0,019607843137254901960
290;11014;0,019607843137254901960
290;12385;0,019607843137254901960
290;14652;0,019607843137254901960
290;15867;0,019607843137254901960
290;17677;0,019607843137254901960
290;17773;0,019607843137254901960
290;17789;0,019607843137254901960
290;23561;0,019607843137254901960
290;23562;0,019607843137254901960
290;23563;0,019607843137254901960
290;26101;0,019607843137254901960
290;27527;0,019607843137254901960
290;27531;0,019607843137254901960
290;27535;0,019607843137254901960
290;27537;0,019607843137254901960
290;27539;0,019607843137254901960
292;458;0,333333333333333333333
292;671;0,333333333333333333333
292;2834;0,333333333333333333333
293;4159;0,666666666666666666666
293;8489;0,333333333333333333333
296;3685;0,500000000000000000000
296;8306;0,500000000000000000000
297;5679;1,000000000000000000000
306;983;0,250000000000000000000
306;2463;0,250000000000000000000
306;6788;0,250000000000000000000
306;7389;0,250000000000000000000
313;1187;1,000000000000000000000
315;59;0,010989010989010989010
315;180;0,010989010989010989010
315;228;0,010989010989010989010
315;295;0,010989010989010989010
315;681;0,010989010989010989010
315;683;0,010989010989010989010
315;854;0,010989010989010989010
315;863;0,010989010989010989010
315;990;0,010989010989010989010
315;997;0,010989010989010989010
315;1100;0,010989010989010989010
315;1225;0,010989010989010989010
315;1243;0,010989010989010989010
315;1322;0,010989010989010989010
315;1505;0,010989010989010989010
315;1725;0,010989010989010989010
315;2249;0,010989010989010989010
315;2326;0,010989010989010989010
315;2416;0,010989010989010989010
315;2482;0,010989010989010989010
315;2659;0,010989010989010989010
315;2865;0,010989010989010989010
315;3233;0,010989010989010989010
315;3250;0,010989010989010989010
315;3251;0,010989010989010989010
315;3292;0,010989010989010989010
315;3331;0,010989010989010989010
315;3370;0,010989010989010989010
315;3862;0,010989010989010989010
315;4089;0,010989010989010989010
315;4132;0,010989010989010989010
315;4247;0,010989010989010989010
315;4334;0,010989010989010989010
315;4349;0,010989010989010989010
315;4401;0,010989010989010989010
315;4749;0,010989010989010989010
315;4751;0,010989010989010989010
315;4874;0,010989010989010989010
315;5054;0,010989010989010989010
315;5163;0,010989010989010989010
315;5682;0,010989010989010989010
315;5693;0,010989010989010989010
315;5700;0,010989010989010989010
315;5783;0,010989010989010989010
315;6132;0,010989010989010989010
315;6267;0,010989010989010989010
315;6664;0,010989010989010989010
315;6792;0,010989010989010989010
315;6923;0,010989010989010989010
315;8009;0,010989010989010989010
315;8281;0,010989010989010989010
315;8341;0,010989010989010989010
315;8666;0,010989010989010989010
315;8975;0,010989010989010989010
315;9088;0,010989010989010989010
315;9367;0,010989010989010989010
315;12339;0,010989010989010989010
315;12388;0,010989010989010989010
315;12428;0,010989010989010989010
315;12430;0,010989010989010989010
315;12435;0,010989010989010989010
315;12438;0,010989010989010989010
315;12440;0,010989010989010989010
315;12443;0,010989010989010989010
315;12826;0,010989010989010989010
315;12964;0,010989010989010989010
315;13622;0,010989010989010989010
315;13623;0,010989010989010989010
315;14124;0,010989010989010989010
315;14125;0,010989010989010989010
315;14323;0,010989010989010989010
315;15726;0,010989010989010989010
315;15866;0,010989010989010989010
315;16649;0,010989010989010989010
315;16651;0,010989010989010989010
315;16653;0,010989010989010989010
315;16659;0,010989010989010989010
315;16660;0,010989010989010989010
315;16664;0,010989010989010989010
315;16866;0,010989010989010989010
315;20474;0,010989010989010989010
315;21597;0,010989010989010989010
315;28516;0,010989010989010989010
315;28528;0,010989010989010989010
315;28533;0,010989010989010989010
315;28534;0,010989010989010989010
315;28535;0,010989010989010989010
315;28538;0,010989010989010989010
315;28549;0,010989010989010989010
315;28554;0,010989010989010989010
315;81950;0,010989010989010989010
318;472;0,461538461538461538461
318;794;0,076923076923076923076
318;2098;0,076923076923076923076
318;2099;0,076923076923076923076
318;2445;0,076923076923076923076
318;3802;0,153846153846153846153
318;5071;0,076923076923076923076
320;2792;1,000000000000000000000
324;668;0,250000000000000000000
324;876;0,250000000000000000000
324;2518;0,250000000000000000000
324;5852;0,250000000000000000000
332;111;0,045454545454545454545
332;281;0,045454545454545454545
332;452;0,045454545454545454545
332;668;0,045454545454545454545
332;675;0,045454545454545454545
332;718;0,136363636363636363636
332;754;0,045454545454545454545
332;819;0,045454545454545454545
332;876;0,045454545454545454545
332;1025;0,045454545454545454545
332;1116;0,045454545454545454545
332;1130;0,045454545454545454545
332;1370;0,045454545454545454545
332;1391;0,045454545454545454545
332;1647;0,045454545454545454545
332;1745;0,045454545454545454545
332;5071;0,136363636363636363636
332;65193;0,045454545454545454545
339;12817;1,000000000000000000000
341;742;1,000000000000000000000
346;1451;0,500000000000000000000
346;3697;0,500000000000000000000
349;2594;1,000000000000000000000
354;276;0,333333333333333333333
354;529;0,166666666666666666666
354;1042;0,166666666666666666666
354;1771;0,166666666666666666666
354;3523;0,166666666666666666666
355;352;1,000000000000000000000
359;1945;1,000000000000000000000
367;9730;1,000000000000000000000
380;2195;1,000000000000000000000
384;1779;1,000000000000000000000
385;1290;1,000000000000000000000
387;5449;1,000000000000000000000
388;1451;1,000000000000000000000
389;1451;1,000000000000000000000
391;945;1,000000000000000000000
395;418;1,000000000000000000000
398;402;0,200000000000000000000
398;412;0,200000000000000000000
398;5536;0,600000000000000000000
400;1678;0,500000000000000000000
400;9340;0,500000000000000000000
402;2119;0,250000000000000000000
402;3513;0,500000000000000000000
402;6000;0,250000000000000000000
407;458;0,428571428571428571428
407;2585;0,285714285714285714285
407;5626;0,142857142857142857142
407;306994;0,142857142857142857142
410;2140;0,400000000000000000000
410;10892;0,400000000000000000000
410;353698;0,200000000000000000000
411;1637;0,250000000000000000000
411;1728;0,750000000000000000000
412;413;0,333333333333333333333
412;7906;0,666666666666666666666
415;1727;1,000000000000000000000
418;395;0,333333333333333333333
418;409;0,333333333333333333333
418;3697;0,333333333333333333333
419;458;1,000000000000000000000
420;11;0,023809523809523809523
420;24;0,023809523809523809523
420;71;0,047619047619047619047
420;131;0,023809523809523809523
420;263;0,047619047619047619047
420;360;0,023809523809523809523
420;369;0,023809523809523809523
420;427;0,095238095238095238095
420;531;0,023809523809523809523
420;567;0,023809523809523809523
420;643;0,071428571428571428571
420;845;0,023809523809523809523
420;846;0,023809523809523809523
420;934;0,023809523809523809523
420;982;0,023809523809523809523
420;1263;0,023809523809523809523
420;1355;0,023809523809523809523
420;1437;0,023809523809523809523
420;1681;0,023809523809523809523
420;1974;0,023809523809523809523
420;2851;0,047619047619047619047
420;2972;0,023809523809523809523
420;3111;0,023809523809523809523
420;3235;0,023809523809523809523
420;3417;0,047619047619047619047
420;3575;0,023809523809523809523
420;4440;0,095238095238095238095
420;17389;0,023809523809523809523
420;59745;0,023809523809523809523
420;113392;0,023809523809523809523
427;420;1,000000000000000000000
428;6892;1,000000000000000000000
441;423;0,125000000000000000000
441;632;0,125000000000000000000
441;849;0,125000000000000000000
441;3203;0,125000000000000000000
441;3394;0,125000000000000000000
441;3395;0,125000000000000000000
441;4510;0,125000000000000000000
441;7135;0,125000000000000000000
443;7605;1,000000000000000000000
453;172;0,090909090909090909090
453;326;0,090909090909090909090
453;839;0,090909090909090909090
453;1498;0,181818181818181818181
453;1717;0,090909090909090909090
453;4299;0,181818181818181818181
453;4432;0,090909090909090909090
453;4677;0,181818181818181818181
455;219;0,500000000000000000000
455;2436;0,500000000000000000000
466;1263;0,333333333333333333333
466;2054;0,333333333333333333333
466;3296;0,333333333333333333333
467;2052;0,333333333333333333333
467;5167;0,333333333333333333333
467;6828;0,333333333333333333333
468;2834;1,000000000000000000000
470;1996;0,666666666666666666666
470;2772;0,333333333333333333333
472;42;0,125000000000000000000
472;85;0,062500000000000000000
472;318;0,187500000000000000000
472;748;0,125000000000000000000
472;1963;0,250000000000000000000
472;2293;0,062500000000000000000
472;3503;0,062500000000000000000
472;5155;0,062500000000000000000
472;278351;0,062500000000000000000
477;396;1,000000000000000000000
478;1729;1,000000000000000000000
479;240;0,142857142857142857142
479;1171;0,142857142857142857142
479;1182;0,142857142857142857142
479;3169;0,142857142857142857142
479;3586;0,142857142857142857142
479;4222;0,142857142857142857142
479;8460;0,142857142857142857142
484;47352;1,000000000000000000000
485;576;0,411764705882352941176
485;642;0,058823529411764705882
485;1759;0,058823529411764705882
485;1839;0,058823529411764705882
485;2310;0,058823529411764705882
485;3105;0,117647058823529411764
485;4244;0,058823529411764705882
485;7716;0,058823529411764705882
485;9622;0,117647058823529411764
488;1864;1,000000000000000000000
494;1840;1,000000000000000000000
496;497;0,250000000000000000000
496;1508;0,250000000000000000000
496;3591;0,250000000000000000000
496;5564;0,250000000000000000000
497;496;0,250000000000000000000
497;1780;0,500000000000000000000
497;2037;0,250000000000000000000
498;12;0,111111111111111111111
498;13;0,111111111111111111111
498;74;0,111111111111111111111
498;1313;0,111111111111111111111
498;3449;0,111111111111111111111
498;3876;0,111111111111111111111
498;4486;0,111111111111111111111
498;12670;0,111111111111111111111
498;15906;0,111111111111111111111
502;80;0,125000000000000000000
502;219;0,041666666666666666666
502;324;0,041666666666666666666
502;668;0,041666666666666666666
502;1131;0,083333333333333333333
502;1248;0,083333333333333333333
502;1893;0,041666666666666666666
502;2516;0,041666666666666666666
502;2517;0,041666666666666666666
502;2518;0,041666666666666666666
502;3443;0,166666666666666666666
502;3515;0,125000000000000000000
502;3625;0,083333333333333333333
502;12333;0,041666666666666666666
510;1913;1,000000000000000000000
512;621;0,500000000000000000000
512;3268;0,500000000000000000000
513;13482;1,000000000000000000000
517;72;0,200000000000000000000
517;830;0,100000000000000000000
517;1180;0,100000000000000000000
517;2203;0,200000000000000000000
517;3395;0,200000000000000000000
517;3905;0,100000000000000000000
517;4989;0,100000000000000000000
518;50332;1,000000000000000000000
520;525;0,428571428571428571428
520;527;0,142857142857142857142
520;1171;0,142857142857142857142
520;1556;0,142857142857142857142
520;1963;0,142857142857142857142
521;8446;1,000000000000000000000
524;1838;0,333333333333333333333
524;3356;0,333333333333333333333
524;7650;0,333333333333333333333
526;1335;0,333333333333333333333
526;2149;0,333333333333333333333
526;3116;0,333333333333333333333
527;520;0,200000000000000000000
527;2596;0,200000000000000000000
527;3256;0,200000000000000000000
527;4345;0,200000000000000000000
527;17248;0,200000000000000000000
538;219;0,333333333333333333333
538;3443;0,666666666666666666666
541;54;0,750000000000000000000
541;3694;0,250000000000000000000
545;2322;0,200000000000000000000
545;2678;0,200000000000000000000
545;6694;0,200000000000000000000
545;7748;0,200000000000000000000
545;8348;0,200000000000000000000
550;132;0,166666666666666666666
550;596;0,166666666666666666666
550;1462;0,111111111111111111111
550;1487;0,055555555555555555555
550;2509;0,111111111111111111111
550;3230;0,111111111111111111111
550;3694;0,055555555555555555555
550;15895;0,222222222222222222222
551;9506;1,000000000000000000000
567;41;0,250000000000000000000
567;158;0,250000000000000000000
567;159;0,250000000000000000000
567;160;0,250000000000000000000
571;1844;0,333333333333333333333
571;1897;0,500000000000000000000
571;9720;0,166666666666666666666
576;73;0,055555555555555555555
576;485;0,388888888888888888888
576;486;0,055555555555555555555
576;1068;0,055555555555555555555
576;3458;0,111111111111111111111
576;3499;0,111111111111111111111
576;4639;0,055555555555555555555
576;7653;0,055555555555555555555
576;13796;0,111111111111111111111
577;13545;1,000000000000000000000
588;3340;0,333333333333333333333
588;4098;0,333333333333333333333
588;5054;0,333333333333333333333
594;1780;1,000000000000000000000
600;1079;0,250000000000000000000
600;1316;0,166666666666666666666
600;1538;0,166666666666666666666
600;3007;0,083333333333333333333
600;6721;0,333333333333333333333
605;5329;0,500000000000000000000
605;6527;0,500000000000000000000
608;609;0,333333333333333333333
608;3212;0,333333333333333333333
608;8276;0,333333333333333333333
612;90123;1,000000000000000000000
613;3811;1,000000000000000000000
615;96;0,333333333333333333333
615;675;0,166666666666666666666
615;1048;0,166666666666666666666
615;6979;0,166666666666666666666
615;283639;0,166666666666666666666
621;512;0,038461538461538461538
621;611;0,038461538461538461538
621;970;0,038461538461538461538
621;1525;0,038461538461538461538
621;1856;0,038461538461538461538
621;2029;0,038461538461538461538
621;2385;0,038461538461538461538
621;2434;0,230769230769230769230
621;3268;0,038461538461538461538
621;4380;0,038461538461538461538
621;4533;0,038461538461538461538
621;4829;0,038461538461538461538
621;5119;0,038461538461538461538
621;5438;0,038461538461538461538
621;5439;0,038461538461538461538
621;5442;0,038461538461538461538
621;5443;0,038461538461538461538
621;5444;0,038461538461538461538
621;5445;0,038461538461538461538
621;8293;0,038461538461538461538
621;9412;0,038461538461538461538
622;496;0,111111111111111111111
622;2043;0,111111111111111111111
622;2046;0,111111111111111111111
622;2147;0,333333333333333333333
622;5167;0,111111111111111111111
622;5564;0,111111111111111111111
622;12001;0,111111111111111111111
625;96;0,142857142857142857142
625;122;0,214285714285714285714
625;626;0,357142857142857142857
625;1154;0,071428571428571428571
625;2661;0,071428571428571428571
625;8786;0,071428571428571428571
625;12876;0,071428571428571428571
626;122;0,333333333333333333333
626;625;0,533333333333333333333
626;1639;0,133333333333333333333
628;194;0,111111111111111111111
628;995;0,444444444444444444444
628;1940;0,222222222222222222222
628;4627;0,111111111111111111111
628;17280;0,111111111111111111111
632;1117;0,142857142857142857142
632;3212;0,142857142857142857142
632;5679;0,142857142857142857142
632;116140;0,571428571428571428571
635;2712;0,250000000000000000000
635;7259;0,250000000000000000000
635;50332;0,250000000000000000000
635;336640;0,250000000000000000000
644;135;0,222222222222222222222
644;645;0,111111111111111111111
644;827;0,111111111111111111111
644;1316;0,111111111111111111111
644;2355;0,111111111111111111111
644;6504;0,111111111111111111111
644;140271;0,222222222222222222222
645;7686;1,000000000000000000000
657;846;1,000000000000000000000
660;282;0,500000000000000000000
660;5470;0,500000000000000000000
662;3523;0,125000000000000000000
662;41776;0,062500000000000000000
662;78108;0,687500000000000000000
662;98841;0,062500000000000000000
662;366089;0,062500000000000000000
667;668;1,000000000000000000000
668;80;0,187500000000000000000
668;219;0,020833333333333333333
668;324;0,041666666666666666666
668;502;0,020833333333333333333
668;530;0,020833333333333333333
668;531;0,020833333333333333333
668;718;0,062500000000000000000
668;876;0,104166666666666666666
668;894;0,020833333333333333333
668;933;0,020833333333333333333
668;1129;0,062500000000000000000
668;1131;0,041666666666666666666
668;1248;0,020833333333333333333
668;1361;0,020833333333333333333
668;1391;0,020833333333333333333
668;1745;0,020833333333333333333
668;1893;0,020833333333333333333
668;2516;0,083333333333333333333
668;2518;0,062500000000000000000
668;3443;0,020833333333333333333
668;3515;0,020833333333333333333
668;3625;0,041666666666666666666
668;4173;0,041666666666666666666
669;695;0,142857142857142857142
669;706;0,142857142857142857142
669;1513;0,285714285714285714285
669;2184;0,142857142857142857142
669;2223;0,142857142857142857142
669;6447;0,142857142857142857142
675;241;0,066666666666666666666
675;281;0,133333333333333333333
675;452;0,133333333333333333333
675;615;0,066666666666666666666
675;781;0,066666666666666666666
675;1129;0,133333333333333333333
675;1174;0,133333333333333333333
675;1370;0,133333333333333333333
675;23720;0,133333333333333333333
678;737;0,138888888888888888888
678;992;0,027777777777777777777
678;1889;0,194444444444444444444
678;2661;0,277777777777777777777
678;2684;0,027777777777777777777
678;2706;0,055555555555555555555
678;7160;0,222222222222222222222
678;10020;0,055555555555555555555
689;4004;1,000000000000000000000
695;1169;0,157894736842105263157
695;41776;0,157894736842105263157
695;59745;0,157894736842105263157
695;59841;0,157894736842105263157
695;112062;0,368421052631578947368
698;283;0,250000000000000000000
698;1814;0,250000000000000000000
698;3867;0,250000000000000000000
698;4376;0,250000000000000000000
700;837;0,666666666666666666666
700;1754;0,333333333333333333333
713;184;0,083333333333333333333
713;407;0,083333333333333333333
713;458;0,083333333333333333333
713;1139;0,083333333333333333333
713;1295;0,083333333333333333333
713;2551;0,083333333333333333333
713;2571;0,083333333333333333333
713;2585;0,083333333333333333333
713;2630;0,083333333333333333333
713;3779;0,083333333333333333333
713;5626;0,083333333333333333333
713;7574;0,083333333333333333333
731;275;0,058823529411764705882
731;477;0,058823529411764705882
731;3161;0,058823529411764705882
731;5138;0,058823529411764705882
731;7560;0,294117647058823529411
731;15471;0,352941176470588235294
731;173893;0,117647058823529411764
733;293;0,035714285714285714285
733;2912;0,035714285714285714285
733;2913;0,035714285714285714285
733;2914;0,035714285714285714285
733;2916;0,035714285714285714285
733;2919;0,035714285714285714285
733;2920;0,035714285714285714285
733;2924;0,035714285714285714285
733;2925;0,035714285714285714285
733;2927;0,035714285714285714285
733;2929;0,035714285714285714285
733;2931;0,035714285714285714285
733;2932;0,035714285714285714285
733;2933;0,035714285714285714285
733;2935;0,035714285714285714285
733;2938;0,035714285714285714285
733;2939;0,035714285714285714285
733;2940;0,035714285714285714285
733;2941;0,035714285714285714285
733;2942;0,035714285714285714285
733;2943;0,035714285714285714285
733;2948;0,035714285714285714285
733;2950;0,035714285714285714285
733;4274;0,035714285714285714285
733;10649;0,035714285714285714285
733;49722;0,035714285714285714285
733;239967;0,071428571428571428571
739;1912;0,666666666666666666666
739;1913;0,333333333333333333333
740;1352;1,000000000000000000000
744;845;0,833333333333333333333
744;1041;0,166666666666666666666
747;213;0,133333333333333333333
747;1637;0,133333333333333333333
747;4667;0,066666666666666666666
747;5523;0,066666666666666666666
747;28517;0,066666666666666666666
747;75827;0,066666666666666666666
747;81648;0,066666666666666666666
747;99942;0,133333333333333333333
747;325646;0,266666666666666666666
748;472;0,500000000000000000000
748;1963;0,125000000000000000000
748;2198;0,125000000000000000000
748;2293;0,125000000000000000000
748;9360;0,125000000000000000000
749;1939;0,363636363636363636363
749;2054;0,363636363636363636363
749;2512;0,181818181818181818181
749;5660;0,090909090909090909090
752;2607;1,000000000000000000000
763;1234;0,125000000000000000000
763;1237;0,875000000000000000000
768;240;0,200000000000000000000
768;1598;0,400000000000000000000
768;2661;0,200000000000000000000
768;50959;0,200000000000000000000
778;14151;1,000000000000000000000
779;531;0,500000000000000000000
779;5643;0,500000000000000000000
781;3234;0,500000000000000000000
781;4376;0,500000000000000000000
784;5643;1,000000000000000000000
785;1018;1,000000000000000000000
787;36;0,454545454545454545454
787;2655;0,272727272727272727272
787;3381;0,090909090909090909090
787;4398;0,090909090909090909090
787;281170;0,090909090909090909090
791;2254;0,666666666666666666666
791;5478;0,333333333333333333333
794;318;0,333333333333333333333
794;7132;0,333333333333333333333
794;7866;0,333333333333333333333
802;17388;1,000000000000000000000
819;111;0,100000000000000000000
819;281;0,100000000000000000000
819;452;0,500000000000000000000
819;820;0,100000000000000000000
819;1025;0,100000000000000000000
819;1391;0,100000000000000000000
827;1948;0,500000000000000000000
827;2355;0,500000000000000000000
829;517;1,000000000000000000000
830;517;0,666666666666666666666
830;3395;0,333333333333333333333
833;643;1,000000000000000000000
835;1054;0,333333333333333333333
835;1152;0,333333333333333333333
835;3123;0,333333333333333333333
837;700;1,000000000000000000000
839;85;0,200000000000000000000
839;1498;0,400000000000000000000
839;3985;0,200000000000000000000
839;4471;0,200000000000000000000
841;2147;0,400000000000000000000
841;2823;0,600000000000000000000
844;1719;1,000000000000000000000
845;71;0,068965517241379310344
845;96;0,068965517241379310344
845;360;0,068965517241379310344
845;420;0,068965517241379310344
845;744;0,137931034482758620689
845;846;0,068965517241379310344
845;1437;0,034482758620689655172
845;1724;0,103448275862068965517
845;2786;0,034482758620689655172
845;5638;0,034482758620689655172
845;18641;0,034482758620689655172
845;131383;0,068965517241379310344
845;192866;0,172413793103448275862
845;193005;0,034482758620689655172
846;131;0,013157894736842105263
846;174;0,013157894736842105263
846;263;0,039473684210526315789
846;277;0,013157894736842105263
846;283;0,026315789473684210526
846;296;0,039473684210526315789
846;657;0,013157894736842105263
846;744;0,013157894736842105263
846;845;0,065789473684210526315
846;904;0,013157894736842105263
846;965;0,013157894736842105263
846;1065;0,013157894736842105263
846;1152;0,013157894736842105263
846;1224;0,013157894736842105263
846;1342;0,026315789473684210526
846;1437;0,013157894736842105263
846;1681;0,013157894736842105263
846;2146;0,013157894736842105263
846;2435;0,013157894736842105263
846;2697;0,039473684210526315789
846;2731;0,013157894736842105263
846;2744;0,026315789473684210526
846;2786;0,026315789473684210526
846;2834;0,039473684210526315789
846;2863;0,039473684210526315789
846;3123;0,026315789473684210526
846;3256;0,013157894736842105263
846;3427;0,039473684210526315789
846;3683;0,026315789473684210526
846;4350;0,013157894736842105263
846;5149;0,039473684210526315789
846;5638;0,026315789473684210526
846;7671;0,013157894736842105263
846;7975;0,026315789473684210526
846;8212;0,026315789473684210526
846;8267;0,013157894736842105263
846;8306;0,039473684210526315789
846;8715;0,013157894736842105263
846;12959;0,026315789473684210526
846;24259;0,013157894736842105263
846;59841;0,013157894736842105263
846;179346;0,039473684210526315789
846;192866;0,013157894736842105263
846;306950;0,013157894736842105263
849;339;0,500000000000000000000
849;3395;0,500000000000000000000
853;681;0,071428571428571428571
853;997;0,071428571428571428571
853;2249;0,071428571428571428571
853;3292;0,071428571428571428571
853;4401;0,071428571428571428571
853;4576;0,071428571428571428571
853;12428;0,071428571428571428571
853;12430;0,071428571428571428571
853;12435;0,071428571428571428571
853;14323;0,071428571428571428571
853;15866;0,071428571428571428571
853;16660;0,071428571428571428571
853;16664;0,071428571428571428571
853;28554;0,071428571428571428571
854;2445;1,000000000000000000000
861;1448;0,142857142857142857142
861;1678;0,285714285714285714285
861;2714;0,285714285714285714285
861;3045;0,142857142857142857142
861;4376;0,142857142857142857142
863;4874;1,000000000000000000000
866;977;1,000000000000000000000
869;41776;1,000000000000000000000
870;5640;1,000000000000000000000
873;241;1,000000000000000000000
877;1044;0,125000000000000000000
877;6326;0,125000000000000000000
877;9618;0,125000000000000000000
877;12798;0,125000000000000000000
877;14151;0,125000000000000000000
877;18258;0,125000000000000000000
877;248836;0,125000000000000000000
877;276780;0,125000000000000000000
882;649;0,500000000000000000000
882;1471;0,500000000000000000000
885;2198;0,333333333333333333333
885;5493;0,333333333333333333333
885;9360;0,333333333333333333333
886;6997;0,500000000000000000000
886;18641;0,500000000000000000000
887;3394;0,666666666666666666666
887;27763;0,333333333333333333333
890;1231;0,250000000000000000000
890;4501;0,250000000000000000000
890;7686;0,500000000000000000000
899;1307;0,333333333333333333333
899;3091;0,333333333333333333333
899;59867;0,333333333333333333333
904;388;0,142857142857142857142
904;394;0,142857142857142857142
904;396;0,142857142857142857142
904;805;0,142857142857142857142
904;846;0,285714285714285714285
904;1340;0,142857142857142857142
906;9393;1,000000000000000000000
911;4262;1,000000000000000000000
912;2139;1,000000000000000000000
918;351;0,600000000000000000000
918;17276;0,200000000000000000000
918;54879;0,200000000000000000000
920;37;0,142857142857142857142
920;38;0,285714285714285714285
920;609;0,142857142857142857142
920;1824;0,142857142857142857142
920;3087;0,142857142857142857142
920;3212;0,142857142857142857142
925;6548;0,200000000000000000000
925;7126;0,200000000000000000000
925;11902;0,200000000000000000000
925;276963;0,200000000000000000000
925;308238;0,200000000000000000000
930;504;0,500000000000000000000
930;1517;0,500000000000000000000
933;1130;0,333333333333333333333
933;65193;0,666666666666666666666
941;285;1,000000000000000000000
943;1065;1,000000000000000000000
945;391;0,500000000000000000000
945;2993;0,500000000000000000000
965;15686;1,000000000000000000000
967;411;1,000000000000000000000
970;620;0,153846153846153846153
970;621;0,179487179487179487179
970;866;0,025641025641025641025
970;2683;0,153846153846153846153
970;5439;0,153846153846153846153
970;8293;0,153846153846153846153
970;9386;0,025641025641025641025
970;27336;0,153846153846153846153
972;2591;0,500000000000000000000
972;3859;0,500000000000000000000
977;866;0,500000000000000000000
977;1286;0,500000000000000000000
978;1406;0,333333333333333333333
978;8756;0,333333333333333333333
978;20843;0,333333333333333333333
979;3798;1,000000000000000000000
982;1829;1,000000000000000000000
983;306;0,250000000000000000000
983;1141;0,500000000000000000000
983;4821;0,250000000000000000000
984;1917;1,000000000000000000000
990;2326;0,333333333333333333333
990;3233;0,666666666666666666666
992;1236;0,076923076923076923076
992;1647;0,153846153846153846153
992;1931;0,153846153846153846153
992;2684;0,538461538461538461538
992;115105;0,076923076923076923076
995;2306;0,500000000000000000000
995;98841;0,500000000000000000000
997;6923;1,000000000000000000000
1004;6892;1,000000000000000000000
1024;11249;1,000000000000000000000
1030;1197;0,250000000000000000000
1030;2371;0,250000000000000000000
1030;3978;0,250000000000000000000
1030;10860;0,250000000000000000000
1040;5306;1,000000000000000000000
1041;41;0,035714285714285714285
1041;178;0,214285714285714285714
1041;275;0,142857142857142857142
1041;642;0,035714285714285714285
1041;826;0,035714285714285714285
1041;982;0,071428571428571428571
1041;1042;0,107142857142857142857
1041;1771;0,107142857142857142857
1041;3776;0,035714285714285714285
1041;5380;0,107142857142857142857
1041;6342;0,035714285714285714285
1041;27062;0,071428571428571428571
1042;354;0,500000000000000000000
1042;1943;0,500000000000000000000
1044;1263;0,333333333333333333333
1044;12798;0,666666666666666666666
1055;172;1,000000000000000000000
1060;3271;1,000000000000000000000
1064;174;0,500000000000000000000
1064;284856;0,500000000000000000000
1066;1443;0,500000000000000000000
1066;2697;0,500000000000000000000
1069;24;1,000000000000000000000
1073;770;0,076923076923076923076
1073;1157;0,076923076923076923076
1073;1315;0,076923076923076923076
1073;1985;0,076923076923076923076
1073;4918;0,076923076923076923076
1073;4919;0,076923076923076923076
1073;8109;0,153846153846153846153
1073;8164;0,153846153846153846153
1073;8165;0,076923076923076923076
1073;9513;0,153846153846153846153
1077;999;0,600000000000000000000
1077;1180;0,200000000000000000000
1077;4292;0,200000000000000000000
1079;208;0,076923076923076923076
1079;425;0,076923076923076923076
1079;600;0,461538461538461538461
1079;2007;0,076923076923076923076
1079;2021;0,076923076923076923076
1079;8568;0,076923076923076923076
1079;12706;0,153846153846153846153
1082;891;0,500000000000000000000
1082;1083;0,500000000000000000000
1083;37;0,250000000000000000000
1083;1082;0,250000000000000000000
1083;2433;0,500000000000000000000
1085;464;0,166666666666666666666
1085;2559;0,166666666666666666666
1085;2591;0,166666666666666666666
1085;3610;0,166666666666666666666
1085;8756;0,166666666666666666666
1085;9296;0,166666666666666666666
1094;38738;1,000000000000000000000
1100;8009;1,000000000000000000000
1114;307;1,000000000000000000000
1117;131;0,058823529411764705882
1117;360;0,176470588235294117647
1117;420;0,058823529411764705882
1117;632;0,117647058823529411764
1117;1169;0,058823529411764705882
1117;2547;0,058823529411764705882
1117;2972;0,176470588235294117647
1117;8253;0,176470588235294117647
1117;12817;0,058823529411764705882
1117;125861;0,058823529411764705882
1118;3095;0,500000000000000000000
1118;41776;0,500000000000000000000
1120;5493;1,000000000000000000000
1121;749;0,500000000000000000000
1121;1326;0,500000000000000000000
1127;4498;0,333333333333333333333
1127;5536;0,666666666666666666666
1131;80;0,100000000000000000000
1131;219;0,200000000000000000000
1131;502;0,100000000000000000000
1131;668;0,100000000000000000000
1131;876;0,100000000000000000000
1131;3443;0,400000000000000000000
1140;1135;0,333333333333333333333
1140;1822;0,333333333333333333333
1140;10103;0,333333333333333333333
1141;168;0,090909090909090909090
1141;860;0,272727272727272727272
1141;983;0,090909090909090909090
1141;1873;0,090909090909090909090
1141;1988;0,090909090909090909090
1141;3174;0,090909090909090909090
1141;4881;0,090909090909090909090
1141;27369;0,090909090909090909090
1141;137801;0,090909090909090909090
1142;18641;1,000000000000000000000
1143;2355;0,285714285714285714285
1143;2803;0,142857142857142857142
1143;3802;0,142857142857142857142
1143;4159;0,142857142857142857142
1143;6505;0,142857142857142857142
1143;7686;0,142857142857142857142
1149;250;0,111111111111111111111
1149;2661;0,111111111111111111111
1149;4376;0,111111111111111111111
1149;5430;0,111111111111111111111
1149;7334;0,555555555555555555555
1150;4829;1,000000000000000000000
1153;1154;1,000000000000000000000
1154;222;0,285714285714285714285
1154;625;0,071428571428571428571
1154;1153;0,071428571428571428571
1154;1981;0,071428571428571428571
1154;2302;0,214285714285714285714
1154;4553;0,071428571428571428571
1154;4572;0,071428571428571428571
1154;5383;0,071428571428571428571
1154;12775;0,071428571428571428571
1160;983;0,090909090909090909090
1160;1513;0,363636363636363636363
1160;1523;0,090909090909090909090
1160;2713;0,181818181818181818181
1160;4376;0,181818181818181818181
1160;14151;0,090909090909090909090
1164;1831;0,400000000000000000000
1164;10763;0,600000000000000000000
1165;1637;0,111111111111111111111
1165;1684;0,222222222222222222222
1165;2388;0,111111111111111111111
1165;6058;0,222222222222222222222
1165;7711;0,111111111111111111111
1165;21360;0,111111111111111111111
1165;81648;0,111111111111111111111
1169;43;0,019230769230769230769
1169;71;0,057692307692307692307
1169;100;0,057692307692307692307
1169;276;0,057692307692307692307
1169;695;0,057692307692307692307
1169;696;0,057692307692307692307
1169;1117;0,019230769230769230769
1169;1942;0,057692307692307692307
1169;1943;0,057692307692307692307
1169;1944;0,057692307692307692307
1169;1946;0,057692307692307692307
1169;3523;0,057692307692307692307
1169;4512;0,057692307692307692307
1169;59745;0,153846153846153846153
1169;59841;0,019230769230769230769
1169;98841;0,057692307692307692307
1169;366089;0,096153846153846153846
1178;6007;1,000000000000000000000
1181;643;0,200000000000000000000
1181;859;0,200000000000000000000
1181;1182;0,200000000000000000000
1181;5013;0,200000000000000000000
1181;5484;0,200000000000000000000
1190;6641;1,000000000000000000000
1196;1264;0,333333333333333333333
1196;4059;0,666666666666666666666
1197;1198;1,000000000000000000000
1198;14652;1,000000000000000000000
1205;36;0,010204081632653061224
1205;196;0,010204081632653061224
1205;213;0,010204081632653061224
1205;218;0,010204081632653061224
1205;237;0,010204081632653061224
1205;254;0,010204081632653061224
1205;285;0,010204081632653061224
1205;407;0,010204081632653061224
1205;411;0,020408163265306122448
1205;419;0,010204081632653061224
1205;435;0,010204081632653061224
1205;747;0,010204081632653061224
1205;748;0,010204081632653061224
1205;826;0,010204081632653061224
1205;975;0,010204081632653061224
1205;1094;0,010204081632653061224
1205;1154;0,010204081632653061224
1205;1180;0,020408163265306122448
1205;1192;0,010204081632653061224
1205;1447;0,010204081632653061224
1205;1637;0,010204081632653061224
1205;1664;0,010204081632653061224
1205;1728;0,010204081632653061224
1205;1762;0,020408163265306122448
1205;1785;0,010204081632653061224
1205;1831;0,030612244897959183673
1205;2080;0,010204081632653061224
1205;2133;0,010204081632653061224
1205;2330;0,010204081632653061224
1205;2375;0,010204081632653061224
1205;2464;0,010204081632653061224
1205;2585;0,010204081632653061224
1205;2630;0,010204081632653061224
1205;3038;0,010204081632653061224
1205;3091;0,010204081632653061224
1205;3096;0,010204081632653061224
1205;3586;0,010204081632653061224
1205;3905;0,020408163265306122448
1205;4553;0,010204081632653061224
1205;4621;0,010204081632653061224
1205;4667;0,010204081632653061224
1205;4993;0,010204081632653061224
1205;5012;0,010204081632653061224
1205;5168;0,020408163265306122448
1205;5177;0,010204081632653061224
1205;5523;0,224489795918367346938
1205;5824;0,010204081632653061224
1205;6543;0,010204081632653061224
1205;7095;0,010204081632653061224
1205;7322;0,010204081632653061224
1205;7711;0,010204081632653061224
1205;8000;0,010204081632653061224
1205;8516;0,010204081632653061224
1205;9226;0,010204081632653061224
1205;10338;0,010204081632653061224
1205;11695;0,010204081632653061224
1205;12247;0,010204081632653061224
1205;22211;0,020408163265306122448
1205;30415;0,010204081632653061224
1205;31343;0,010204081632653061224
1205;38738;0,010204081632653061224
1205;45724;0,010204081632653061224
1205;71411;0,010204081632653061224
1205;75827;0,010204081632653061224
1205;75828;0,010204081632653061224
1205;76428;0,010204081632653061224
1205;81648;0,010204081632653061224
1205;99942;0,010204081632653061224
1205;173893;0,010204081632653061224
1210;1843;0,250000000000000000000
1210;2704;0,250000000000000000000
1210;4355;0,250000000000000000000
1210;9468;0,250000000000000000000
1216;14;0,500000000000000000000
1216;287;0,500000000000000000000
1220;2275;0,666666666666666666666
1220;5289;0,333333333333333333333
1221;148;0,500000000000000000000
1221;9309;0,500000000000000000000
1225;199;0,051724137931034482758
1225;464;0,034482758620689655172
1225;738;0,051724137931034482758
1225;1050;0,051724137931034482758
1225;1301;0,051724137931034482758
1225;1371;0,051724137931034482758
1225;1432;0,051724137931034482758
1225;1600;0,051724137931034482758
1225;1891;0,051724137931034482758
1225;1948;0,051724137931034482758
1225;2130;0,051724137931034482758
1225;3273;0,051724137931034482758
1225;3503;0,051724137931034482758
1225;4748;0,034482758620689655172
1225;5484;0,051724137931034482758
1225;7560;0,051724137931034482758
1225;9681;0,051724137931034482758
1225;11921;0,051724137931034482758
1225;17506;0,051724137931034482758
1225;59841;0,051724137931034482758
1228;1487;1,000000000000000000000
1231;890;0,250000000000000000000
1231;2736;0,250000000000000000000
1231;3145;0,250000000000000000000
1231;6503;0,250000000000000000000
1234;763;0,071428571428571428571
1234;1235;0,142857142857142857142
1234;1236;0,142857142857142857142
1234;1237;0,142857142857142857142
1234;1277;0,428571428571428571428
1234;2445;0,071428571428571428571
1235;1234;0,250000000000000000000
1235;1277;0,250000000000000000000
1235;3325;0,125000000000000000000
1235;3393;0,125000000000000000000
1235;10188;0,125000000000000000000
1235;21154;0,125000000000000000000
1236;1109;0,083333333333333333333
1236;1234;0,333333333333333333333
1236;1277;0,333333333333333333333
1236;4086;0,083333333333333333333
1236;5469;0,083333333333333333333
1236;21154;0,083333333333333333333
1237;332;0,071428571428571428571
1237;763;0,214285714285714285714
1237;1234;0,428571428571428571428
1237;1277;0,214285714285714285714
1237;1462;0,071428571428571428571
1248;3443;1,000000000000000000000
1254;2007;0,250000000000000000000
1254;2179;0,500000000000000000000
1254;4041;0,250000000000000000000
1261;161;0,500000000000000000000
1261;1262;0,500000000000000000000
1265;600;0,333333333333333333333
1265;1867;0,333333333333333333333
1265;5212;0,333333333333333333333
1271;4039;0,500000000000000000000
1271;7116;0,500000000000000000000
1276;71;0,500000000000000000000
1276;2803;0,500000000000000000000
1277;763;0,117647058823529411764
1277;1234;0,352941176470588235294
1277;1235;0,058823529411764705882
1277;1236;0,058823529411764705882
1277;1237;0,176470588235294117647
1277;2445;0,176470588235294117647
1277;21154;0,058823529411764705882
1278;135;1,000000000000000000000
1286;127;0,090909090909090909090
1286;242;0,090909090909090909090
1286;2280;0,090909090909090909090
1286;2434;0,272727272727272727272
1286;4901;0,090909090909090909090
1286;7941;0,272727272727272727272
1286;28686;0,090909090909090909090
1290;385;1,000000000000000000000
1305;8241;1,000000000000000000000
1307;4004;1,000000000000000000000
1316;600;0,500000000000000000000
1316;7577;0,500000000000000000000
1319;132;1,000000000000000000000
1321;1563;0,333333333333333333333
1321;3418;0,333333333333333333333
1321;18641;0,333333333333333333333
1322;826;1,000000000000000000000
1325;307;1,000000000000000000000
1326;1121;1,000000000000000000000
1330;17047;1,000000000000000000000
1335;307;1,000000000000000000000
1340;108;0,666666666666666666666
1340;1027;0,333333333333333333333
1342;846;1,000000000000000000000
1364;1983;0,666666666666666666666
1364;3797;0,333333333333333333333
1370;281;0,166666666666666666666
1370;452;0,166666666666666666666
1370;675;0,166666666666666666666
1370;894;0,166666666666666666666
1370;1129;0,166666666666666666666
1370;1174;0,166666666666666666666
1374;6567;1,000000000000000000000
1406;18641;1,000000000000000000000
1424;1910;1,000000000000000000000
1429;10338;1,000000000000000000000
1432;835;0,333333333333333333333
1432;17549;0,666666666666666666666
1437;845;0,294117647058823529411
1437;846;0,235294117647058823529
1437;192866;0,470588235294117647058
1440;277;0,111111111111111111111
1440;731;0,111111111111111111111
1440;2863;0,111111111111111111111
1440;28517;0,111111111111111111111
1440;28818;0,222222222222222222222
1440;28821;0,222222222222222222222
1440;99942;0,111111111111111111111
1443;2280;1,000000000000000000000
1444;313473;1,000000000000000000000
1446;4219;1,000000000000000000000
1451;388;0,333333333333333333333
1451;1517;0,666666666666666666666
1454;4085;0,500000000000000000000
1454;9951;0,500000000000000000000
1455;1689;0,333333333333333333333
1455;1769;0,333333333333333333333
1455;2254;0,333333333333333333333
1457;15895;1,000000000000000000000
1462;54;0,071428571428571428571
1462;550;0,071428571428571428571
1462;1237;0,071428571428571428571
1462;1663;0,071428571428571428571
1462;2007;0,071428571428571428571
1462;2184;0,071428571428571428571
1462;2206;0,071428571428571428571
1462;3372;0,071428571428571428571
1462;3694;0,071428571428571428571
1462;5657;0,071428571428571428571
1462;5789;0,071428571428571428571
1462;6567;0,071428571428571428571
1462;15895;0,071428571428571428571
1462;16937;0,071428571428571428571
1464;2712;1,000000000000000000000
1466;3766;0,500000000000000000000
1466;14151;0,500000000000000000000
1471;1439;0,500000000000000000000
1471;1440;0,500000000000000000000
1473;1122;0,200000000000000000000
1473;2027;0,400000000000000000000
1473;2150;0,400000000000000000000
1483;1498;0,333333333333333333333
1483;2834;0,333333333333333333333
1483;9150;0,333333333333333333333
1485;5679;1,000000000000000000000
1487;1228;1,000000000000000000000
1497;288;1,000000000000000000000
1498;1483;1,000000000000000000000
1499;3381;1,000000000000000000000
1501;1719;1,000000000000000000000
1503;17634;0,750000000000000000000
1503;77678;0,250000000000000000000
1504;83;0,500000000000000000000
1504;17269;0,500000000000000000000
1510;108;1,000000000000000000000
1513;669;0,166666666666666666666
1513;1160;0,500000000000000000000
1513;3381;0,166666666666666666666
1513;6008;0,166666666666666666666
1515;36;0,222222222222222222222
1515;251;0,037037037037037037037
1515;284;0,037037037037037037037
1515;2009;0,148148148148148148148
1515;3381;0,037037037037037037037
1515;3459;0,148148148148148148148
1515;4117;0,037037037037037037037
1515;4213;0,037037037037037037037
1515;4398;0,111111111111111111111
1515;4592;0,074074074074074074074
1515;4713;0,074074074074074074074
1515;13676;0,037037037037037037037
1517;930;0,200000000000000000000
1517;1451;0,400000000000000000000
1517;3697;0,400000000000000000000
1526;4020;1,000000000000000000000
1527;1171;1,000000000000000000000
1533;5005;1,000000000000000000000
1544;943;0,333333333333333333333
1544;2435;0,333333333333333333333
1544;113459;0,333333333333333333333
1545;1967;0,857142857142857142857
1545;2962;0,142857142857142857142
1547;912;0,333333333333333333333
1547;3473;0,666666666666666666666
1554;1171;0,666666666666666666666
1554;1845;0,333333333333333333333
1556;520;0,090909090909090909090
1556;742;0,045454545454545454545
1556;1077;0,090909090909090909090
1556;1180;0,045454545454545454545
1556;1963;0,045454545454545454545
1556;1986;0,045454545454545454545
1556;2304;0,090909090909090909090
1556;2396;0,045454545454545454545
1556;2512;0,045454545454545454545
1556;2728;0,045454545454545454545
1556;3519;0,090909090909090909090
1556;3827;0,045454545454545454545
1556;3905;0,045454545454545454545
1556;4292;0,045454545454545454545
1556;7914;0,045454545454545454545
1556;12596;0,045454545454545454545
1556;77678;0,090909090909090909090
1560;1609;0,500000000000000000000
1560;21750;0,500000000000000000000
1562;4526;1,000000000000000000000
1565;2890;1,000000000000000000000
1569;18641;1,000000000000000000000
1570;1448;0,500000000000000000000
1570;1520;0,250000000000000000000
1570;3500;0,250000000000000000000
1574;96;0,333333333333333333333
1574;28752;0,666666666666666666666
1588;470;1,000000000000000000000
1589;738;0,142857142857142857142
1589;1080;0,142857142857142857142
1589;1600;0,285714285714285714285
1589;2274;0,142857142857142857142
1589;2596;0,142857142857142857142
1589;4578;0,142857142857142857142
1591;96;0,117647058823529411764
1591;268;0,176470588235294117647
1591;1515;0,117647058823529411764
1591;2252;0,058823529411764705882
1591;2713;0,058823529411764705882
1591;3045;0,058823529411764705882
1591;3234;0,058823529411764705882
1591;4613;0,058823529411764705882
1591;6105;0,058823529411764705882
1591;10019;0,117647058823529411764
1591;10020;0,058823529411764705882
1591;16974;0,058823529411764705882
1596;4435;1,000000000000000000000
1598;1717;0,333333333333333333333
1598;2239;0,333333333333333333333
1598;356607;0,333333333333333333333
1608;232;1,000000000000000000000
1613;8062;1,000000000000000000000
1616;984;0,666666666666666666666
1616;1118;0,333333333333333333333
1632;1445;0,333333333333333333333
1632;1686;0,333333333333333333333
1632;9955;0,333333333333333333333
1637;213;0,047619047619047619047
1637;222;0,047619047619047619047
1637;411;0,047619047619047619047
1637;635;0,047619047619047619047
1637;747;0,095238095238095238095
1637;1154;0,047619047619047619047
1637;1165;0,095238095238095238095
1637;1464;0,047619047619047619047
1637;1762;0,047619047619047619047
1637;2080;0,047619047619047619047
1637;2489;0,047619047619047619047
1637;2712;0,190476190476190476190
1637;42210;0,047619047619047619047
1637;76428;0,095238095238095238095
1637;336640;0,047619047619047619047
1639;1033;1,000000000000000000000
1644;3449;1,000000000000000000000
1650;1182;0,500000000000000000000
1650;160268;0,500000000000000000000
1663;1462;0,500000000000000000000
1663;2021;0,500000000000000000000
1667;964;0,666666666666666666666
1667;2503;0,333333333333333333333
1676;3204;1,000000000000000000000
1678;289;0,100000000000000000000
1678;400;0,100000000000000000000
1678;861;0,100000000000000000000
1678;975;0,100000000000000000000
1678;3269;0,100000000000000000000
1678;5612;0,100000000000000000000
1678;9019;0,100000000000000000000
1678;9618;0,100000000000000000000
1678;10338;0,100000000000000000000
1678;20403;0,100000000000000000000
1681;148;0,024390243902439024390
1681;277;0,024390243902439024390
1681;660;0,024390243902439024390
1681;733;0,024390243902439024390
1681;1041;0,024390243902439024390
1681;1437;0,024390243902439024390
1681;2147;0,219512195121951219512
1681;2275;0,048780487804878048780
1681;2435;0,024390243902439024390
1681;2512;0,097560975609756097560
1681;2786;0,024390243902439024390
1681;2923;0,024390243902439024390
1681;3105;0,121951219512195121951
1681;3234;0,048780487804878048780
1681;3427;0,048780487804878048780
1681;3683;0,024390243902439024390
1681;5624;0,024390243902439024390
1681;5831;0,024390243902439024390
1681;8489;0,024390243902439024390
1681;179346;0,073170731707317073170
1681;282900;0,024390243902439024390
1684;50332;1,000000000000000000000
1689;1454;1,000000000000000000000
1697;9261;1,000000000000000000000
1699;4561;1,000000000000000000000
1700;1608;0,200000000000000000000
1700;4085;0,200000000000000000000
1700;21396;0,600000000000000000000
1702;10177;1,000000000000000000000
1705;1180;1,000000000000000000000
1708;3418;1,000000000000000000000
1717;469;0,166666666666666666666
1717;1476;0,166666666666666666666
1717;1598;0,166666666666666666666
1717;4432;0,166666666666666666666
1717;4772;0,166666666666666666666
1717;308968;0,166666666666666666666
1725;854;1,000000000000000000000
1727;415;1,000000000000000000000
1728;411;0,285714285714285714285
1728;1762;0,714285714285714285714
1729;411;0,500000000000000000000
1729;4334;0,500000000000000000000
1754;700;0,333333333333333333333
1754;3916;0,333333333333333333333
1754;7030;0,333333333333333333333
1759;1348;0,666666666666666666666
1759;1839;0,333333333333333333333
1762;1728;1,000000000000000000000
1771;354;0,142857142857142857142
1771;1041;0,571428571428571428571
1771;3993;0,142857142857142857142
1771;26251;0,142857142857142857142
1778;4622;0,666666666666666666666
1778;5935;0,333333333333333333333
1779;237;0,666666666666666666666
1779;384;0,333333333333333333333
1780;594;0,125000000000000000000
1780;766;0,125000000000000000000
1780;815;0,125000000000000000000
1780;2037;0,125000000000000000000
1780;3271;0,125000000000000000000
1780;4500;0,125000000000000000000
1780;5698;0,125000000000000000000
1780;7759;0,125000000000000000000
1785;10122;1,000000000000000000000
1787;3829;1,000000000000000000000
1810;3797;1,000000000000000000000
1814;698;1,000000000000000000000
1815;135;0,333333333333333333333
1815;1234;0,111111111111111111111
1815;1235;0,222222222222222222222
1815;1236;0,111111111111111111111
1815;2436;0,111111111111111111111
1815;21154;0,111111111111111111111
1824;100;0,100000000000000000000
1824;288;0,100000000000000000000
1824;920;0,300000000000000000000
1824;3087;0,300000000000000000000
1824;10085;0,200000000000000000000
1831;1164;0,666666666666666666666
1831;6058;0,333333333333333333333
1838;524;0,250000000000000000000
1838;2054;0,250000000000000000000
1838;2458;0,250000000000000000000
1838;9110;0,250000000000000000000
1839;119;0,500000000000000000000
1839;1254;0,500000000000000000000
1840;116140;1,000000000000000000000
1843;2445;0,500000000000000000000
1843;3802;0,500000000000000000000
1844;567;0,500000000000000000000
1844;571;0,250000000000000000000
1844;1897;0,250000000000000000000
1864;2834;1,000000000000000000000
1873;1141;0,166666666666666666666
1873;3857;0,333333333333333333333
1873;4881;0,166666666666666666666
1873;137801;0,333333333333333333333
1877;609;1,000000000000000000000
1889;678;0,200000000000000000000
1889;2661;0,400000000000000000000
1889;2713;0,200000000000000000000
1889;7160;0,200000000000000000000
1893;219;0,250000000000000000000
1893;2436;0,250000000000000000000
1893;2516;0,500000000000000000000
1894;18641;1,000000000000000000000
1897;571;0,428571428571428571428
1897;1600;0,142857142857142857142
1897;1844;0,285714285714285714285
1897;3256;0,142857142857142857142
1903;1912;1,000000000000000000000
1910;1424;0,333333333333333333333
1910;2367;0,666666666666666666666
1912;739;1,000000000000000000000
1913;1912;0,250000000000000000000
1913;7660;0,750000000000000000000
1917;984;1,000000000000000000000
1942;5635;1,000000000000000000000
1945;360;1,000000000000000000000
1946;7941;1,000000000000000000000
1949;1650;0,250000000000000000000
1949;3815;0,250000000000000000000
1949;7920;0,250000000000000000000
1949;17727;0,250000000000000000000
1967;1545;0,315789473684210526315
1967;6723;0,315789473684210526315
1967;8139;0,157894736842105263157
1967;75230;0,210526315789473684210
1983;875;0,500000000000000000000
1983;1364;0,500000000000000000000
1988;168;0,071428571428571428571
1988;237;0,035714285714285714285
1988;747;0,035714285714285714285
1988;860;0,035714285714285714285
1988;1141;0,071428571428571428571
1988;4323;0,214285714285714285714
1988;4881;0,321428571428571428571
1988;6666;0,214285714285714285714
1991;4431;1,000000000000000000000
2005;119973;1,000000000000000000000
2007;1254;0,500000000000000000000
2007;1462;0,500000000000000000000
2008;492;1,000000000000000000000
2015;201;0,285714285714285714285
2015;1719;0,285714285714285714285
2015;2884;0,285714285714285714285
2015;18979;0,142857142857142857142
2021;1663;1,000000000000000000000
2027;1473;0,666666666666666666666
2027;4237;0,333333333333333333333
2037;497;0,125000000000000000000
2037;766;0,125000000000000000000
2037;815;0,125000000000000000000
2037;1780;0,125000000000000000000
2037;3271;0,125000000000000000000
2037;4364;0,125000000000000000000
2037;4500;0,125000000000000000000
2037;4561;0,125000000000000000000
2039;1121;1,000000000000000000000
2046;622;0,200000000000000000000
2046;1122;0,200000000000000000000
2046;5564;0,400000000000000000000
2046;9391;0,200000000000000000000
2052;5167;0,250000000000000000000
2052;5691;0,500000000000000000000
2052;13265;0,250000000000000000000
2064;9;1,000000000000000000000
2073;28;1,000000000000000000000
2080;40;0,083333333333333333333
2080;1192;0,083333333333333333333
2080;1429;0,083333333333333333333
2080;1637;0,083333333333333333333
2080;1785;0,083333333333333333333
2080;2083;0,083333333333333333333
2080;4621;0,166666666666666666666
2080;8003;0,083333333333333333333
2080;10338;0,083333333333333333333
2080;25488;0,083333333333333333333
2080;90666;0,083333333333333333333
2083;7080;0,500000000000000000000
2083;18641;0,500000000000000000000
2087;698;0,500000000000000000000
2087;3234;0,500000000000000000000
2098;318;0,444444444444444444444
2098;356;0,222222222222222222222
2098;2445;0,111111111111111111111
2098;8353;0,222222222222222222222
2099;2445;1,000000000000000000000
2109;1965;1,000000000000000000000
2111;1234;0,250000000000000000000
2111;1235;0,250000000000000000000
2111;1236;0,250000000000000000000
2111;1237;0,250000000000000000000
2119;402;0,500000000000000000000
2119;1123;0,500000000000000000000
2139;267;0,250000000000000000000
2139;912;0,750000000000000000000
2140;410;0,333333333333333333333
2140;2822;0,166666666666666666666
2140;3513;0,333333333333333333333
2140;5852;0,166666666666666666666
2145;1364;0,500000000000000000000
2145;2293;0,500000000000000000000
2146;846;1,000000000000000000000
2147;622;0,058823529411764705882
2147;841;0,058823529411764705882
2147;1066;0,117647058823529411764
2147;1681;0,588235294117647058823
2147;2512;0,117647058823529411764
2147;5632;0,058823529411764705882
2148;853;1,000000000000000000000
2149;2046;0,500000000000000000000
2149;286660;0,500000000000000000000
2164;2602;1,000000000000000000000
2175;4145;0,300000000000000000000
2175;65998;0,400000000000000000000
2175;66075;0,300000000000000000000
2176;17634;1,000000000000000000000
2184;1462;1,000000000000000000000
2188;7215;1,000000000000000000000
2191;3802;1,000000000000000000000
2195;380;0,166666666666666666666
2195;3359;0,166666666666666666666
2195;5367;0,166666666666666666666
2195;8491;0,166666666666666666666
2195;11427;0,333333333333333333333
2196;2976;1,000000000000000000000
2198;23;0,142857142857142857142
2198;415;0,142857142857142857142
2198;978;0,142857142857142857142
2198;1406;0,142857142857142857142
2198;4268;0,142857142857142857142
2198;8756;0,142857142857142857142
2198;81648;0,142857142857142857142
2200;2198;0,333333333333333333333
2200;4269;0,333333333333333333333
2200;4627;0,333333333333333333333
2203;829;0,250000000000000000000
2203;1182;0,500000000000000000000
2203;3395;0,250000000000000000000
2210;855;1,000000000000000000000
2227;4372;0,666666666666666666666
2227;8276;0,333333333333333333333
2239;1991;1,000000000000000000000
2249;681;0,333333333333333333333
2249;12428;0,333333333333333333333
2249;12430;0,333333333333333333333
2254;791;0,666666666666666666666
2254;1694;0,333333333333333333333
2269;237;0,428571428571428571428
2269;2133;0,142857142857142857142
2269;2742;0,142857142857142857142
2269;3485;0,142857142857142857142
2269;283636;0,142857142857142857142
2272;3591;0,500000000000000000000
2272;9413;0,500000000000000000000
2274;738;0,333333333333333333333
2274;3791;0,666666666666666666666
2275;1681;0,400000000000000000000
2275;1771;0,200000000000000000000
2275;1925;0,200000000000000000000
2275;2425;0,200000000000000000000
2280;513;1,000000000000000000000
2287;4058;1,000000000000000000000
2293;1141;0,166666666666666666666
2293;5628;0,833333333333333333333
2310;1462;0,500000000000000000000
2310;3105;0,500000000000000000000
2326;990;0,500000000000000000000
2326;8666;0,500000000000000000000
2337;2438;1,000000000000000000000
2352;607;0,333333333333333333333
2352;4101;0,333333333333333333333
2352;8957;0,333333333333333333333
2355;827;0,400000000000000000000
2355;4853;0,400000000000000000000
2355;7686;0,200000000000000000000
2359;169356;1,000000000000000000000
2371;1030;1,000000000000000000000
2372;288;0,333333333333333333333
2372;2371;0,666666666666666666666
2374;643;0,125000000000000000000
2374;793;0,250000000000000000000
2374;1171;0,125000000000000000000
2374;1554;0,375000000000000000000
2374;10682;0,125000000000000000000
2379;3500;0,500000000000000000000
2379;17388;0,500000000000000000000
2383;266;0,500000000000000000000
2383;3548;0,500000000000000000000
2390;251;0,111111111111111111111
2390;1515;0,111111111111111111111
2390;1974;0,111111111111111111111
2390;3459;0,111111111111111111111
2390;4213;0,222222222222222222222
2390;4398;0,111111111111111111111
2390;4592;0,111111111111111111111
2390;4713;0,111111111111111111111
2418;9441;1,000000000000000000000
2421;3332;0,500000000000000000000
2421;21514;0,500000000000000000000
2425;2275;0,500000000000000000000
2425;9068;0,500000000000000000000
2433;1083;0,333333333333333333333
2433;3968;0,222222222222222222222
2433;6461;0,222222222222222222222
2433;13642;0,222222222222222222222
2434;242;0,166666666666666666666
2434;419;0,083333333333333333333
2434;621;0,666666666666666666666
2434;4627;0,083333333333333333333
2436;219;0,111111111111111111111
2436;455;0,111111111111111111111
2436;502;0,111111111111111111111
2436;668;0,111111111111111111111
2436;1815;0,111111111111111111111
2436;1893;0,111111111111111111111
2436;2516;0,111111111111111111111
2436;2877;0,111111111111111111111
2436;4187;0,111111111111111111111
2438;2337;0,222222222222222222222
2438;6694;0,666666666666666666666
2438;9992;0,111111111111111111111
2445;318;0,068965517241379310344
2445;1277;0,034482758620689655172
2445;2099;0,137931034482758620689
2445;3143;0,034482758620689655172
2445;3235;0,103448275862068965517
2445;3802;0,586206896551724137931
2445;4215;0,034482758620689655172
2448;104;1,000000000000000000000
2461;42;0,666666666666666666666
2461;6113;0,333333333333333333333
2467;3176;0,500000000000000000000
2467;184987;0,500000000000000000000
2470;1766;0,500000000000000000000
2470;6634;0,500000000000000000000
2474;248;0,500000000000000000000
2474;2716;0,500000000000000000000
2479;3123;0,200000000000000000000
2479;3141;0,400000000000000000000
2479;3145;0,200000000000000000000
2479;3418;0,200000000000000000000
2484;5470;0,375000000000000000000
2484;6567;0,500000000000000000000
2484;20436;0,125000000000000000000
2487;57;0,125000000000000000000
2487;89;0,250000000000000000000
2487;1040;0,125000000000000000000
2487;2803;0,125000000000000000000
2487;4159;0,125000000000000000000
2487;4853;0,125000000000000000000
2487;5306;0,125000000000000000000
2489;1637;0,333333333333333333333
2489;7030;0,333333333333333333333
2489;157662;0,333333333333333333333
2493;3811;0,500000000000000000000
2493;6236;0,500000000000000000000
2504;8143;0,500000000000000000000
2504;251584;0,500000000000000000000
2506;3359;0,500000000000000000000
2506;5753;0,500000000000000000000
2516;219;0,400000000000000000000
2516;876;0,200000000000000000000
2516;1893;0,200000000000000000000
2516;2518;0,200000000000000000000
2518;219;0,272727272727272727272
2518;324;0,181818181818181818181
2518;668;0,181818181818181818181
2518;1893;0,090909090909090909090
2518;2516;0,272727272727272727272
2520;1459;1,000000000000000000000
2523;2716;1,000000000000000000000
2543;1083;1,000000000000000000000
2555;5679;0,500000000000000000000
2555;9352;0,500000000000000000000
2559;1085;0,250000000000000000000
2559;3859;0,250000000000000000000
2559;17634;0,250000000000000000000
2559;50332;0,250000000000000000000
2578;90;0,500000000000000000000
2578;1597;0,250000000000000000000
2578;3675;0,250000000000000000000
2585;1139;1,000000000000000000000
2586;1180;1,000000000000000000000
2591;74;0,066666666666666666666
2591;1085;0,066666666666666666666
2591;1406;0,066666666666666666666
2591;2559;0,466666666666666666666
2591;3096;0,066666666666666666666
2591;3859;0,200000000000000000000
2591;4179;0,066666666666666666666
2600;266;0,500000000000000000000
2600;407;0,250000000000000000000
2600;3235;0,250000000000000000000
2639;39;1,000000000000000000000
2652;4225;0,285714285714285714285
2652;5001;0,142857142857142857142
2652;6169;0,285714285714285714285
2652;8466;0,285714285714285714285
2655;11;0,100000000000000000000
2655;101;0,100000000000000000000
2655;787;0,200000000000000000000
2655;1515;0,100000000000000000000
2655;1520;0,100000000000000000000
2655;1583;0,100000000000000000000
2655;3381;0,100000000000000000000
2655;3459;0,100000000000000000000
2655;4592;0,100000000000000000000
2661;240;0,043478260869565217391
2661;625;0,043478260869565217391
2661;678;0,260869565217391304347
2661;768;0,043478260869565217391
2661;1149;0,043478260869565217391
2661;1889;0,173913043478260869565
2661;3871;0,043478260869565217391
2661;3873;0,043478260869565217391
2661;7160;0,217391304347826086956
2661;15586;0,043478260869565217391
2661;23646;0,043478260869565217391
2664;671;0,333333333333333333333
2664;1521;0,333333333333333333333
2664;1765;0,333333333333333333333
2683;9807;1,000000000000000000000
2684;113;0,023255813953488372093
2684;678;0,023255813953488372093
2684;763;0,023255813953488372093
2684;992;0,232558139534883720930
2684;1235;0,023255813953488372093
2684;1236;0,139534883720930232558
2684;1237;0,023255813953488372093
2684;1931;0,162790697674418604651
2684;7160;0,023255813953488372093
2684;21154;0,139534883720930232558
2684;115105;0,186046511627906976744
2697;846;1,000000000000000000000
2706;678;0,777777777777777777777
2706;3045;0,111111111111111111111
2706;3701;0,111111111111111111111
2712;411;0,058823529411764705882
2712;635;0,176470588235294117647
2712;1464;0,058823529411764705882
2712;1637;0,176470588235294117647
2712;1762;0,058823529411764705882
2712;7259;0,235294117647058823529
2712;9356;0,058823529411764705882
2712;14826;0,117647058823529411764
2712;337230;0,058823529411764705882
2713;250;0,074074074074074074074
2713;1149;0,037037037037037037037
2713;1160;0,074074074074074074074
2713;1448;0,037037037037037037037
2713;1523;0,037037037037037037037
2713;1889;0,037037037037037037037
2713;2661;0,037037037037037037037
2713;2714;0,037037037037037037037
2713;3873;0,037037037037037037037
2713;4513;0,037037037037037037037
2713;4613;0,037037037037037037037
2713;4821;0,111111111111111111111
2713;5430;0,037037037037037037037
2713;5861;0,074074074074074074074
2713;6347;0,037037037037037037037
2713;6535;0,037037037037037037037
2713;6634;0,037037037037037037037
2713;7160;0,037037037037037037037
2713;7334;0,037037037037037037037
2713;10595;0,037037037037037037037
2713;24460;0,037037037037037037037
2713;28997;0,037037037037037037037
2714;226;0,100000000000000000000
2714;861;0,600000000000000000000
2714;2661;0,100000000000000000000
2714;2713;0,200000000000000000000
2716;2474;0,250000000000000000000
2716;2523;0,500000000000000000000
2716;23646;0,250000000000000000000
2741;11;0,333333333333333333333
2741;3636;0,333333333333333333333
2741;6543;0,333333333333333333333
2756;85;0,400000000000000000000
2756;10823;0,600000000000000000000
2761;4376;0,500000000000000000000
2761;6008;0,500000000000000000000
2772;5918;1,000000000000000000000
2778;17678;1,000000000000000000000
2780;5444;1,000000000000000000000
2786;846;0,166666666666666666666
2786;965;0,333333333333333333333
2786;13795;0,500000000000000000000
2791;999;1,000000000000000000000
2792;54;0,250000000000000000000
2792;320;0,375000000000000000000
2792;485;0,125000000000000000000
2792;6130;0,125000000000000000000
2792;11330;0,125000000000000000000
2796;875;0,055555555555555555555
2796;972;0,055555555555555555555
2796;1471;0,055555555555555555555
2796;1917;0,111111111111111111111
2796;3246;0,055555555555555555555
2796;3436;0,055555555555555555555
2796;5083;0,055555555555555555555
2796;5155;0,055555555555555555555
2796;5449;0,055555555555555555555
2796;6543;0,055555555555555555555
2796;7322;0,055555555555555555555
2796;8786;0,055555555555555555555
2796;8787;0,055555555555555555555
2796;10763;0,055555555555555555555
2796;28821;0,055555555555555555555
2796;47352;0,055555555555555555555
2796;50959;0,055555555555555555555
2800;3891;1,000000000000000000000
2803;16;0,011792452830188679245
2803;57;0,011792452830188679245
2803;71;0,011792452830188679245
2803;82;0,011792452830188679245
2803;89;0,011792452830188679245
2803;129;0,011792452830188679245
2803;234;0,011792452830188679245
2803;309;0,011792452830188679245
2803;369;0,011792452830188679245
2803;644;0,014150943396226415094
2803;645;0,014150943396226415094
2803;827;0,011792452830188679245
2803;835;0,011792452830188679245
2803;890;0,011792452830188679245
2803;1022;0,011792452830188679245
2803;1040;0,011792452830188679245
2803;1143;0,011792452830188679245
2803;1152;0,011792452830188679245
2803;1231;0,011792452830188679245
2803;1276;0,018867924528301886792
2803;1612;0,011792452830188679245
2803;1657;0,011792452830188679245
2803;1948;0,011792452830188679245
2803;2109;0,011792452830188679245
2803;2355;0,011792452830188679245
2803;2414;0,011792452830188679245
2803;2479;0,011792452830188679245
2803;2487;0,011792452830188679245
2803;2736;0,011792452830188679245
2803;2739;0,011792452830188679245
2803;2802;0,011792452830188679245
2803;3098;0,009433962264150943396
2803;3123;0,011792452830188679245
2803;3128;0,011792452830188679245
2803;3141;0,011792452830188679245
2803;3145;0,011792452830188679245
2803;3237;0,011792452830188679245
2803;3399;0,011792452830188679245
2803;3574;0,011792452830188679245
2803;3852;0,011792452830188679245
2803;3953;0,011792452830188679245
2803;3996;0,011792452830188679245
2803;4024;0,011792452830188679245
2803;4159;0,011792452830188679245
2803;4160;0,011792452830188679245
2803;4306;0,011792452830188679245
2803;4501;0,011792452830188679245
2803;4695;0,011792452830188679245
2803;4852;0,011792452830188679245
2803;4853;0,011792452830188679245
2803;5136;0,011792452830188679245
2803;5306;0,011792452830188679245
2803;5338;0,011792452830188679245
2803;5607;0,011792452830188679245
2803;6045;0,011792452830188679245
2803;6396;0,011792452830188679245
2803;6495;0,011792452830188679245
2803;6496;0,011792452830188679245
2803;6497;0,011792452830188679245
2803;6498;0,011792452830188679245
2803;6499;0,011792452830188679245
2803;6501;0,011792452830188679245
2803;6502;0,011792452830188679245
2803;6503;0,011792452830188679245
2803;6504;0,011792452830188679245
2803;6505;0,011792452830188679245
2803;6506;0,011792452830188679245
2803;6509;0,011792452830188679245
2803;6511;0,011792452830188679245
2803;6512;0,011792452830188679245
2803;6513;0,011792452830188679245
2803;6514;0,011792452830188679245
2803;6515;0,011792452830188679245
2803;6517;0,011792452830188679245
2803;6518;0,011792452830188679245
2803;6520;0,011792452830188679245
2803;6522;0,011792452830188679245
2803;6523;0,011792452830188679245
2803;6524;0,011792452830188679245
2803;6527;0,011792452830188679245
2803;7686;0,011792452830188679245
2803;8238;0,011792452830188679245
2803;88154;0,011792452830188679245
2803;140271;0,011792452830188679245
2804;952;1,000000000000000000000
2825;2826;1,000000000000000000000
2826;2825;1,000000000000000000000
2830;242;1,000000000000000000000
2834;845;0,333333333333333333333
2834;846;0,333333333333333333333
2834;28372;0,333333333333333333333
2850;3235;0,166666666666666666666
2850;3911;0,833333333333333333333
2877;8566;1,000000000000000000000
2882;1457;1,000000000000000000000
2884;2015;0,500000000000000000000
2884;2210;0,500000000000000000000
2897;1092;1,000000000000000000000
2919;733;1,000000000000000000000
2927;2931;1,000000000000000000000
2948;733;0,666666666666666666666
2948;365524;0,333333333333333333333
2962;249;0,100000000000000000000
2962;829;0,100000000000000000000
2962;1545;0,100000000000000000000
2962;1583;0,200000000000000000000
2962;84925;0,500000000000000000000
2990;1448;0,142857142857142857142
2990;1513;0,142857142857142857142
2990;1827;0,142857142857142857142
2990;2761;0,142857142857142857142
2990;6007;0,142857142857142857142
2990;6008;0,142857142857142857142
2990;13671;0,142857142857142857142
3000;42;0,500000000000000000000
3000;237;0,500000000000000000000
3029;2512;0,333333333333333333333
3029;3557;0,333333333333333333333
3029;4831;0,333333333333333333333
3033;3827;0,333333333333333333333
3033;4292;0,333333333333333333333
3033;347540;0,333333333333333333333
3069;89;0,666666666666666666666
3069;826;0,333333333333333333333
3085;960;0,111111111111111111111
3085;1122;0,055555555555555555555
3085;1401;0,055555555555555555555
3085;2147;0,055555555555555555555
3085;2697;0,111111111111111111111
3085;4146;0,111111111111111111111
3085;4147;0,111111111111111111111
3085;5367;0,111111111111111111111
3085;5691;0,055555555555555555555
3085;10658;0,055555555555555555555
3085;14899;0,111111111111111111111
3085;169356;0,055555555555555555555
3095;41776;1,000000000000000000000
3105;485;0,090909090909090909090
3105;846;0,090909090909090909090
3105;1681;0,363636363636363636363
3105;1759;0,181818181818181818181
3105;1839;0,090909090909090909090
3105;2310;0,090909090909090909090
3105;12572;0,090909090909090909090
3118;952;0,500000000000000000000
3118;9924;0,500000000000000000000
3123;558;0,166666666666666666666
3123;846;0,333333333333333333333
3123;1152;0,166666666666666666666
3123;4159;0,166666666666666666666
3123;5136;0,166666666666666666666
3141;89;0,083333333333333333333
3141;309;0,083333333333333333333
3141;1231;0,166666666666666666666
3141;2479;0,166666666666666666666
3141;3145;0,166666666666666666666
3141;4159;0,166666666666666666666
3141;7686;0,083333333333333333333
3141;16786;0,083333333333333333333
3142;2830;0,100000000000000000000
3142;3656;0,100000000000000000000
3142;6503;0,100000000000000000000
3142;7788;0,100000000000000000000
3142;16644;0,100000000000000000000
3142;18258;0,100000000000000000000
3142;219255;0,100000000000000000000
3142;248834;0,100000000000000000000
3142;257324;0,100000000000000000000
3142;352262;0,100000000000000000000
3143;244;0,071428571428571428571
3143;365;0,071428571428571428571
3143;703;0,142857142857142857142
3143;1280;0,071428571428571428571
3143;2362;0,071428571428571428571
3143;3966;0,071428571428571428571
3143;5245;0,071428571428571428571
3143;6800;0,071428571428571428571
3143;7416;0,071428571428571428571
3143;8165;0,071428571428571428571
3143;9194;0,071428571428571428571
3143;9195;0,071428571428571428571
3143;12745;0,071428571428571428571
3145;1231;0,111111111111111111111
3145;2479;0,111111111111111111111
3145;3141;0,111111111111111111111
3145;3766;0,111111111111111111111
3145;4852;0,111111111111111111111
3145;6045;0,111111111111111111111
3145;6495;0,111111111111111111111
3145;6498;0,111111111111111111111
3145;6503;0,111111111111111111111
3146;405;1,000000000000000000000
3147;25849;1,000000000000000000000
3153;45837;1,000000000000000000000
3169;3587;0,200000000000000000000
3169;3588;0,200000000000000000000
3169;5484;0,200000000000000000000
3169;6929;0,200000000000000000000
3169;8464;0,200000000000000000000
3176;8109;1,000000000000000000000
3178;638;0,250000000000000000000
3178;9288;0,500000000000000000000
3178;17266;0,250000000000000000000
3180;7480;1,000000000000000000000
3188;1171;0,250000000000000000000
3188;1234;0,250000000000000000000
3188;2204;0,250000000000000000000
3188;98068;0,250000000000000000000
3189;2731;0,500000000000000000000
3189;3551;0,500000000000000000000
3197;65998;1,000000000000000000000
3204;1676;1,000000000000000000000
3212;608;0,250000000000000000000
3212;632;0,250000000000000000000
3212;891;0,250000000000000000000
3212;116140;0,250000000000000000000
3222;1092;0,333333333333333333333
3222;2897;0,333333333333333333333
3222;12159;0,333333333333333333333
3233;4534;1,000000000000000000000
3241;4906;1,000000000000000000000
3250;3331;1,000000000000000000000
3251;59;0,500000000000000000000
3251;8281;0,500000000000000000000
3256;266;0,076923076923076923076
3256;522;0,076923076923076923076
3256;527;0,076923076923076923076
3256;738;0,076923076923076923076
3256;846;0,076923076923076923076
3256;964;0,076923076923076923076
3256;1897;0,076923076923076923076
3256;1997;0,076923076923076923076
3256;8350;0,076923076923076923076
3256;8985;0,076923076923076923076
3256;9718;0,076923076923076923076
3256;9721;0,076923076923076923076
3256;9729;0,076923076923076923076
3265;8106;1,000000000000000000000
3268;512;0,250000000000000000000
3268;621;0,250000000000000000000
3268;8618;0,250000000000000000000
3268;11536;0,250000000000000000000
3269;1678;1,000000000000000000000
3271;1060;1,000000000000000000000
3292;180;1,000000000000000000000
3293;10744;1,000000000000000000000
3296;466;0,500000000000000000000
3296;766;0,500000000000000000000
3299;5245;0,333333333333333333333
3299;12745;0,666666666666666666666
3315;1303;1,000000000000000000000
3318;275;0,500000000000000000000
3318;826;0,500000000000000000000
3320;3089;1,000000000000000000000
3325;1235;1,000000000000000000000
3331;3250;1,000000000000000000000
3332;2421;1,000000000000000000000
3340;371;0,040000000000000000000
3340;468;0,040000000000000000000
3340;588;0,040000000000000000000
3340;952;0,040000000000000000000
3340;1284;0,040000000000000000000
3340;2128;0,040000000000000000000
3340;2335;0,040000000000000000000
3340;2408;0,040000000000000000000
3340;2549;0,040000000000000000000
3340;2647;0,040000000000000000000
3340;2804;0,040000000000000000000
3340;3118;0,040000000000000000000
3340;3170;0,040000000000000000000
3340;3180;0,040000000000000000000
3340;3341;0,040000000000000000000
3340;3342;0,040000000000000000000
3340;3343;0,040000000000000000000
3340;3344;0,040000000000000000000
3340;3345;0,040000000000000000000
3340;3346;0,040000000000000000000
3340;3347;0,040000000000000000000
3340;3348;0,040000000000000000000
3340;3349;0,040000000000000000000
3340;3350;0,040000000000000000000
3340;7367;0,040000000000000000000
3345;9924;1,000000000000000000000
3356;7650;1,000000000000000000000
3359;934;0,200000000000000000000
3359;2195;0,200000000000000000000
3359;8071;0,400000000000000000000
3359;140271;0,200000000000000000000
3360;2343;1,000000000000000000000
3383;85;0,250000000000000000000
3383;237;0,250000000000000000000
3383;1515;0,250000000000000000000
3383;12907;0,250000000000000000000
3393;2330;0,100000000000000000000
3393;2512;0,100000000000000000000
3393;6723;0,500000000000000000000
3393;75230;0,300000000000000000000
3394;5615;0,500000000000000000000
3394;8975;0,500000000000000000000
3395;866;1,000000000000000000000
3399;1143;0,400000000000000000000
3399;5061;0,200000000000000000000
3399;6505;0,400000000000000000000
3401;5918;1,000000000000000000000
3403;1044;0,333333333333333333333
3403;2215;0,333333333333333333333
3403;10740;0,333333333333333333333
3414;3142;0,062500000000000000000
3414;4262;0,937500000000000000000
3417;420;0,666666666666666666666
3417;319757;0,333333333333333333333
3418;433;0,050000000000000000000
3418;1282;0,100000000000000000000
3418;1321;0,050000000000000000000
3418;1445;0,050000000000000000000
3418;2367;0,150000000000000000000
3418;2479;0,050000000000000000000
3418;3145;0,050000000000000000000
3418;3323;0,150000000000000000000
3418;7168;0,050000000000000000000
3418;8071;0,050000000000000000000
3418;8902;0,050000000000000000000
3418;9261;0,150000000000000000000
3418;257158;0,050000000000000000000
3427;174;0,142857142857142857142
3427;8212;0,714285714285714285714
3427;114536;0,142857142857142857142
3429;24;0,125000000000000000000
3429;226;0,062500000000000000000
3429;268;0,062500000000000000000
3429;279;0,062500000000000000000
3429;678;0,062500000000000000000
3429;1271;0,062500000000000000000
3429;1889;0,062500000000000000000
3429;2706;0,187500000000000000000
3429;3045;0,125000000000000000000
3429;3701;0,062500000000000000000
3429;4398;0,062500000000000000000
3429;7116;0,062500000000000000000
3433;119;0,500000000000000000000
3433;1462;0,500000000000000000000
3443;80;0,052631578947368421052
3443;502;0,210526315789473684210
3443;538;0,052631578947368421052
3443;1131;0,052631578947368421052
3443;1248;0,210526315789473684210
3443;3515;0,157894736842105263157
3443;3625;0,210526315789473684210
3443;17208;0,052631578947368421052
3450;527;0,058823529411764705882
3450;613;0,058823529411764705882
3450;808;0,058823529411764705882
3450;1004;0,058823529411764705882
3450;3260;0,058823529411764705882
3450;3320;0,058823529411764705882
3450;4345;0,058823529411764705882
3450;6892;0,058823529411764705882
3450;7571;0,058823529411764705882
3450;7572;0,058823529411764705882
3450;8350;0,058823529411764705882
3450;9019;0,058823529411764705882
3450;9720;0,058823529411764705882
3450;9722;0,058823529411764705882
3450;9723;0,058823529411764705882
3450;9727;0,058823529411764705882
3450;27848;0,058823529411764705882
3458;15863;1,000000000000000000000
3465;18641;1,000000000000000000000
3473;3234;0,500000000000000000000
3473;13671;0,500000000000000000000
3476;3766;1,000000000000000000000
3477;9982;1,000000000000000000000
3485;3246;0,500000000000000000000
3485;9714;0,500000000000000000000
3499;576;0,250000000000000000000
3499;3458;0,250000000000000000000
3499;4639;0,250000000000000000000
3499;13796;0,250000000000000000000
3513;402;0,200000000000000000000
3513;410;0,200000000000000000000
3513;2140;0,200000000000000000000
3513;353698;0,400000000000000000000
3515;219;0,100000000000000000000
3515;224;0,100000000000000000000
3515;668;0,100000000000000000000
3515;1248;0,100000000000000000000
3515;2516;0,100000000000000000000
3515;3443;0,100000000000000000000
3515;3625;0,100000000000000000000
3515;65193;0,200000000000000000000
3515;321395;0,100000000000000000000
3523;71;0,071428571428571428571
3523;354;0,214285714285714285714
3523;529;0,142857142857142857142
3523;1840;0,214285714285714285714
3523;1943;0,214285714285714285714
3523;12432;0,071428571428571428571
3523;366089;0,071428571428571428571
3551;296;0,500000000000000000000
3551;3189;0,500000000000000000000
3560;4145;1,000000000000000000000
3574;4853;0,500000000000000000000
3574;6524;0,500000000000000000000
3586;479;0,500000000000000000000
3586;793;0,500000000000000000000
3587;1171;1,000000000000000000000
3588;2648;0,222222222222222222222
3588;4219;0,777777777777777777777
3590;1171;0,500000000000000000000
3590;3401;0,500000000000000000000
3591;2272;0,200000000000000000000
3591;9381;0,200000000000000000000
3591;10946;0,200000000000000000000
3591;169356;0,400000000000000000000
3618;1951;0,200000000000000000000
3618;3978;0,400000000000000000000
3618;5915;0,200000000000000000000
3618;9992;0,200000000000000000000
3619;71;1,000000000000000000000
3625;80;0,250000000000000000000
3625;668;0,250000000000000000000
3625;3443;0,500000000000000000000
3633;2293;0,166666666666666666666
3633;2461;0,166666666666666666666
3633;3857;0,333333333333333333333
3633;6113;0,333333333333333333333
3647;1064;1,000000000000000000000
3656;6634;1,000000000000000000000
3657;15863;1,000000000000000000000
3678;8909;1,000000000000000000000
3685;5627;0,333333333333333333333
3685;8267;0,333333333333333333333
3685;8306;0,333333333333333333333
3697;930;0,666666666666666666666
3697;1517;0,333333333333333333333
3736;9405;1,000000000000000000000
3738;521;0,250000000000000000000
3738;1315;0,250000000000000000000
3738;4603;0,250000000000000000000
3738;5666;0,250000000000000000000
3747;5408;1,000000000000000000000
3748;17603;1,000000000000000000000
3753;3857;1,000000000000000000000
3768;1561;0,500000000000000000000
3768;1689;0,500000000000000000000
3779;458;1,000000000000000000000
3797;1364;1,000000000000000000000
3800;733;1,000000000000000000000
3802;318;0,111111111111111111111
3802;351;0,111111111111111111111
3802;2191;0,111111111111111111111
3802;2445;0,444444444444444444444
3802;9468;0,222222222222222222222
3811;567;0,333333333333333333333
3811;613;0,333333333333333333333
3811;5093;0,333333333333333333333
3827;1556;1,000000000000000000000
3836;4421;1,000000000000000000000
3842;5010;0,428571428571428571428
3842;5037;0,285714285714285714285
3842;6433;0,285714285714285714285
3850;2576;1,000000000000000000000
3857;1873;0,500000000000000000000
3857;3633;0,500000000000000000000
3867;267;0,500000000000000000000
3867;283;0,500000000000000000000
3871;23720;1,000000000000000000000
3877;527;0,250000000000000000000
3877;567;0,250000000000000000000
3877;738;0,250000000000000000000
3877;1589;0,250000000000000000000
3891;2800;1,000000000000000000000
3911;2850;1,000000000000000000000
3971;259636;1,000000000000000000000
3978;288;0,250000000000000000000
3978;2678;0,250000000000000000000
3978;3618;0,500000000000000000000
3980;4374;1,000000000000000000000
3986;3176;0,500000000000000000000
3986;184987;0,500000000000000000000
3993;1771;1,000000000000000000000
3996;240;0,500000000000000000000
3996;18641;0,500000000000000000000
3998;3204;0,500000000000000000000
3998;7759;0,500000000000000000000
4000;4091;1,000000000000000000000
4004;727;1,000000000000000000000
4020;1526;0,500000000000000000000
4020;2991;0,500000000000000000000
4021;1162;1,000000000000000000000
4041;1254;0,500000000000000000000
4041;7748;0,500000000000000000000
4059;1196;0,333333333333333333333
4059;3722;0,333333333333333333333
4059;5000;0,333333333333333333333
4078;337;1,000000000000000000000
4080;8489;1,000000000000000000000
4081;440;1,000000000000000000000
4085;174;0,052631578947368421052
4085;437;0,052631578947368421052
4085;1014;0,052631578947368421052
4085;1560;0,052631578947368421052
4085;1609;0,052631578947368421052
4085;1700;0,052631578947368421052
4085;2470;0,052631578947368421052
4085;3647;0,052631578947368421052
4085;3648;0,052631578947368421052
4085;4526;0,052631578947368421052
4085;5601;0,052631578947368421052
4085;6940;0,052631578947368421052
4085;9694;0,052631578947368421052
4085;10179;0,052631578947368421052
4085;11476;0,052631578947368421052
4085;13291;0,052631578947368421052
4085;21396;0,052631578947368421052
4085;21750;0,052631578947368421052
4085;24209;0,052631578947368421052
4091;18641;1,000000000000000000000
4099;104;1,000000000000000000000
4102;3180;1,000000000000000000000
4117;1515;1,000000000000000000000
4145;351;0,038461538461538461538
4145;2175;0,269230769230769230769
4145;2877;0,038461538461538461538
4145;3178;0,076923076923076923076
4145;3560;0,038461538461538461538
4145;3667;0,038461538461538461538
4145;4786;0,038461538461538461538
4145;7906;0,038461538461538461538
4145;54879;0,038461538461538461538
4145;65998;0,192307692307692307692
4145;66075;0,192307692307692307692
4147;1066;1,000000000000000000000
4148;447;1,000000000000000000000
4159;71;0,071428571428571428571
4159;129;0,071428571428571428571
4159;293;0,142857142857142857142
4159;1143;0,071428571428571428571
4159;2355;0,071428571428571428571
4159;3128;0,071428571428571428571
4159;3953;0,071428571428571428571
4159;6524;0,071428571428571428571
4159;6527;0,071428571428571428571
4159;7686;0,214285714285714285714
4159;8238;0,071428571428571428571
4172;1462;0,250000000000000000000
4172;5212;0,250000000000000000000
4172;5657;0,250000000000000000000
4172;5790;0,250000000000000000000
4173;80;1,000000000000000000000
4179;2176;0,200000000000000000000
4179;2591;0,400000000000000000000
4179;3859;0,400000000000000000000
4187;241;0,166666666666666666666
4187;455;0,083333333333333333333
4187;1499;0,083333333333333333333
4187;3872;0,166666666666666666666
4187;3992;0,083333333333333333333
4187;4337;0,166666666666666666666
4187;9330;0,083333333333333333333
4187;281067;0,083333333333333333333
4187;284426;0,083333333333333333333
4213;1515;0,200000000000000000000
4213;2390;0,200000000000000000000
4213;4313;0,400000000000000000000
4213;7030;0,200000000000000000000
4215;2396;0,250000000000000000000
4215;2445;0,250000000000000000000
4215;3390;0,125000000000000000000
4215;3802;0,250000000000000000000
4215;4621;0,125000000000000000000
4225;2652;0,200000000000000000000
4225;4379;0,200000000000000000000
4225;5935;0,400000000000000000000
4225;160268;0,200000000000000000000
4228;793;1,000000000000000000000
4247;16659;1,000000000000000000000
4262;911;0,333333333333333333333
4262;3414;0,333333333333333333333
4262;9184;0,333333333333333333333
4268;229;0,066666666666666666666
4268;477;0,066666666666666666666
4268;591;0,066666666666666666666
4268;1180;0,066666666666666666666
4268;2200;0,066666666666666666666
4268;3975;0,133333333333333333333
4268;4377;0,066666666666666666666
4268;4976;0,066666666666666666666
4268;5523;0,066666666666666666666
4268;5856;0,066666666666666666666
4268;11415;0,066666666666666666666
4268;259636;0,066666666666666666666
4268;328526;0,066666666666666666666
4268;334820;0,066666666666666666666
4281;5679;1,000000000000000000000
4299;8095;0,333333333333333333333
4299;27965;0,666666666666666666666
4307;613;0,500000000000000000000
4307;5093;0,250000000000000000000
4307;6913;0,250000000000000000000
4313;11;0,250000000000000000000
4313;4213;0,250000000000000000000
4313;4747;0,250000000000000000000
4313;18641;0,250000000000000000000
4323;4881;1,000000000000000000000
4334;1729;1,000000000000000000000
4337;4187;1,000000000000000000000
4344;1024;1,000000000000000000000
4345;54;0,500000000000000000000
4345;527;0,500000000000000000000
4359;11;0,250000000000000000000
4359;1898;0,250000000000000000000
4359;8489;0,250000000000000000000
4359;17388;0,250000000000000000000
4364;1780;0,333333333333333333333
4364;2037;0,333333333333333333333
4364;4561;0,333333333333333333333
4376;274;0,029411764705882352941
4376;277;0,058823529411764705882
4376;781;0,029411764705882352941
4376;861;0,147058823529411764705
4376;1149;0,029411764705882352941
4376;1160;0,088235294117647058823
4376;1591;0,117647058823529411764
4376;2398;0,058823529411764705882
4376;2761;0,029411764705882352941
4376;3045;0,117647058823529411764
4376;3870;0,058823529411764705882
4376;7160;0,058823529411764705882
4376;7334;0,058823529411764705882
4376;7713;0,058823529411764705882
4376;13676;0,029411764705882352941
4376;284426;0,029411764705882352941
4380;970;0,333333333333333333333
4380;2146;0,333333333333333333333
4380;4493;0,333333333333333333333
4398;251;0,071428571428571428571
4398;1515;0,178571428571428571428
4398;2390;0,107142857142857142857
4398;3429;0,035714285714285714285
4398;3459;0,214285714285714285714
4398;4592;0,214285714285714285714
4398;4713;0,142857142857142857142
4398;6980;0,035714285714285714285
4401;853;1,000000000000000000000
4421;216;0,111111111111111111111
4421;2001;0,111111111111111111111
4421;3809;0,111111111111111111111
4421;3836;0,111111111111111111111
4421;6991;0,111111111111111111111
4421;6992;0,111111111111111111111
4421;10523;0,111111111111111111111
4421;18149;0,111111111111111111111
4421;18300;0,111111111111111111111
4426;4437;1,000000000000000000000
4431;172;0,600000000000000000000
4431;1991;0,400000000000000000000
4433;163;1,000000000000000000000
4435;1596;1,000000000000000000000
4437;4426;1,000000000000000000000
4440;420;0,500000000000000000000
4440;1597;0,500000000000000000000
4462;4471;1,000000000000000000000
4471;839;1,000000000000000000000
4476;37815;1,000000000000000000000
4491;9184;1,000000000000000000000
4510;184646;1,000000000000000000000
4512;100;0,333333333333333333333
4512;2445;0,333333333333333333333
4512;3802;0,333333333333333333333
4518;1064;1,000000000000000000000
4526;1562;1,000000000000000000000
4552;41;0,500000000000000000000
4552;1261;0,500000000000000000000
4553;984;0,142857142857142857142
4553;1981;0,142857142857142857142
4553;5383;0,285714285714285714285
4553;6543;0,142857142857142857142
4553;283638;0,285714285714285714285
4561;1780;1,000000000000000000000
4576;189;1,000000000000000000000
4586;4587;1,000000000000000000000
4592;1515;0,200000000000000000000
4592;2390;0,300000000000000000000
4592;2655;0,100000000000000000000
4592;3459;0,100000000000000000000
4592;4398;0,100000000000000000000
4592;4713;0,100000000000000000000
4592;6979;0,100000000000000000000
4603;1171;1,000000000000000000000
4613;3429;1,000000000000000000000
4621;2080;0,500000000000000000000
4621;10338;0,500000000000000000000
4622;1778;0,500000000000000000000
4622;5666;0,500000000000000000000
4627;628;0,500000000000000000000
4627;2434;0,500000000000000000000
4639;1089;1,000000000000000000000
4681;1751;0,333333333333333333333
4681;58138;0,666666666666666666666
4697;3418;1,000000000000000000000
4713;1515;0,500000000000000000000
4713;2390;0,500000000000000000000
4715;7221;1,000000000000000000000
4719;45;0,086956521739130434782
4719;447;0,043478260869565217391
4719;507;0,043478260869565217391
4719;1533;0,043478260869565217391
4719;1986;0,043478260869565217391
4719;2512;0,086956521739130434782
4719;2731;0,043478260869565217391
4719;3776;0,043478260869565217391
4719;4148;0,043478260869565217391
4719;4754;0,043478260869565217391
4719;6221;0,043478260869565217391
4719;6342;0,043478260869565217391
4719;7057;0,043478260869565217391
4719;7106;0,043478260869565217391
4719;7765;0,043478260869565217391
4719;7914;0,086956521739130434782
4719;8225;0,043478260869565217391
4719;14946;0,043478260869565217391
4719;15721;0,043478260869565217391
4719;19200;0,043478260869565217391
4722;10823;1,000000000000000000000
4729;2487;0,250000000000000000000
4729;2742;0,250000000000000000000
4729;9414;0,500000000000000000000
4747;1591;0,500000000000000000000
4747;4313;0,500000000000000000000
4755;178;0,125000000000000000000
4755;805;0,125000000000000000000
4755;4636;0,125000000000000000000
4755;4748;0,125000000000000000000
4755;4749;0,125000000000000000000
4755;4750;0,125000000000000000000
4755;4752;0,125000000000000000000
4755;4754;0,125000000000000000000
4780;658;1,000000000000000000000
4787;3383;1,000000000000000000000
4794;9992;1,000000000000000000000
4821;1965;1,000000000000000000000
4825;5628;1,000000000000000000000
4829;8293;1,000000000000000000000
4852;57;0,500000000000000000000
4852;3301;0,500000000000000000000
4853;3355;1,000000000000000000000
4861;1162;1,000000000000000000000
4918;4919;0,333333333333333333333
4918;8320;0,333333333333333333333
4918;9513;0,333333333333333333333
4935;2288;1,000000000000000000000
4946;3161;1,000000000000000000000
4976;61;0,035714285714285714285
4976;1002;0,071428571428571428571
4976;1016;0,035714285714285714285
4976;1020;0,035714285714285714285
4976;1077;0,035714285714285714285
4976;1180;0,071428571428571428571
4976;1227;0,035714285714285714285
4976;2469;0,035714285714285714285
4976;2499;0,035714285714285714285
4976;3180;0,071428571428571428571
4976;3347;0,071428571428571428571
4976;3905;0,035714285714285714285
4976;4268;0,071428571428571428571
4976;4292;0,035714285714285714285
4976;5016;0,035714285714285714285
4976;5921;0,035714285714285714285
4976;9376;0,071428571428571428571
4976;9718;0,035714285714285714285
4976;13141;0,035714285714285714285
4976;17773;0,035714285714285714285
4976;23561;0,035714285714285714285
4976;70862;0,035714285714285714285
4979;5444;1,000000000000000000000
5001;2652;1,000000000000000000000
5061;3399;1,000000000000000000000
5071;332;0,600000000000000000000
5071;2099;0,200000000000000000000
5071;45604;0,200000000000000000000
5082;6634;1,000000000000000000000
5083;7322;1,000000000000000000000
5089;14151;1,000000000000000000000
5093;4307;1,000000000000000000000
5097;5519;0,500000000000000000000
5097;6693;0,500000000000000000000
5101;2786;0,250000000000000000000
5101;2938;0,250000000000000000000
5101;2948;0,250000000000000000000
5101;37815;0,250000000000000000000
5142;1820;0,250000000000000000000
5142;3766;0,250000000000000000000
5142;5227;0,250000000000000000000
5142;12876;0,250000000000000000000
5149;657;0,181818181818181818181
5149;846;0,181818181818181818181
5149;1344;0,272727272727272727272
5149;1759;0,181818181818181818181
5149;3105;0,181818181818181818181
5167;467;1,000000000000000000000
5177;3436;0,333333333333333333333
5177;4621;0,333333333333333333333
5177;27652;0,333333333333333333333
5239;3766;0,500000000000000000000
5239;5591;0,500000000000000000000
5264;22;0,666666666666666666666
5264;9416;0,333333333333333333333
5289;285;0,100000000000000000000
5289;1220;0,100000000000000000000
5289;1338;0,100000000000000000000
5289;3601;0,100000000000000000000
5289;12395;0,100000000000000000000
5289;255740;0,100000000000000000000
5289;281067;0,100000000000000000000
5289;281170;0,100000000000000000000
5289;334818;0,100000000000000000000
5289;336640;0,100000000000000000000
5306;1040;1,000000000000000000000
5329;605;1,000000000000000000000
5338;3111;0,500000000000000000000
5338;18641;0,500000000000000000000
5354;9898;1,000000000000000000000
5360;337;1,000000000000000000000
5367;622;0,333333333333333333333
5367;2147;0,333333333333333333333
5367;2195;0,333333333333333333333
5383;4553;0,500000000000000000000
5383;10823;0,500000000000000000000
5392;12441;1,000000000000000000000
5395;1462;1,000000000000000000000
5442;5444;1,000000000000000000000
5443;621;1,000000000000000000000
5445;621;0,500000000000000000000
5445;5444;0,500000000000000000000
5449;42;0,666666666666666666666
5449;387;0,333333333333333333333
5469;1236;1,000000000000000000000
5470;660;0,333333333333333333333
5470;2484;0,666666666666666666666
5506;3766;1,000000000000000000000
5511;191488;1,000000000000000000000
5519;5097;0,200000000000000000000
5519;5922;0,600000000000000000000
5519;276505;0,200000000000000000000
5523;747;0,333333333333333333333
5523;1205;0,333333333333333333333
5523;81648;0,333333333333333333333
5530;960;0,500000000000000000000
5530;9184;0,500000000000000000000
5536;398;0,200000000000000000000
5536;1127;0,200000000000000000000
5536;4498;0,600000000000000000000
5543;733;1,000000000000000000000
5564;192;0,230769230769230769230
5564;235;0,076923076923076923076
5564;496;0,076923076923076923076
5564;2046;0,153846153846153846153
5564;2786;0,076923076923076923076
5564;4222;0,076923076923076923076
5564;8723;0,076923076923076923076
5564;10946;0,230769230769230769230
5578;1141;0,500000000000000000000
5578;3753;0,500000000000000000000
5597;326192;1,000000000000000000000
5611;2554;1,000000000000000000000
5613;23;0,500000000000000000000
5613;13158;0,500000000000000000000
5617;5679;0,500000000000000000000
5617;13704;0,500000000000000000000
5621;5679;1,000000000000000000000
5624;1681;1,000000000000000000000
5628;748;0,125000000000000000000
5628;2293;0,500000000000000000000
5628;3219;0,250000000000000000000
5628;4825;0,125000000000000000000
5629;5679;0,500000000000000000000
5629;151929;0,500000000000000000000
5632;622;0,333333333333333333333
5632;9381;0,333333333333333333333
5632;18641;0,333333333333333333333
5635;5679;1,000000000000000000000
5638;1065;1,000000000000000000000
5640;870;1,000000000000000000000
5643;779;0,500000000000000000000
5643;1892;0,500000000000000000000
5651;2491;1,000000000000000000000
5660;749;0,400000000000000000000
5660;1939;0,200000000000000000000
5660;8863;0,400000000000000000000
5666;975;0,071428571428571428571
5666;1938;0,071428571428571428571
5666;2491;0,071428571428571428571
5666;3038;0,071428571428571428571
5666;3188;0,071428571428571428571
5666;3374;0,071428571428571428571
5666;4293;0,071428571428571428571
5666;4622;0,071428571428571428571
5666;5001;0,071428571428571428571
5666;5011;0,071428571428571428571
5666;5012;0,214285714285714285714
5666;6929;0,071428571428571428571
5681;4493;1,000000000000000000000
5790;1462;1,000000000000000000000
5800;891;1,000000000000000000000
5831;1681;1,000000000000000000000
5852;324;0,250000000000000000000
5852;2140;0,500000000000000000000
5852;66075;0,250000000000000000000
5861;251;0,500000000000000000000
5861;2713;0,500000000000000000000
5915;9159;0,500000000000000000000
5915;9992;0,500000000000000000000
5922;5519;0,666666666666666666666
5922;9686;0,333333333333333333333
5935;520;0,500000000000000000000
5935;1171;0,500000000000000000000
5960;1912;1,000000000000000000000
6000;402;1,000000000000000000000
6007;1178;1,000000000000000000000
6008;1513;0,125000000000000000000
6008;1827;0,125000000000000000000
6008;2761;0,250000000000000000000
6008;2990;0,125000000000000000000
6008;3381;0,125000000000000000000
6008;6007;0,125000000000000000000
6008;13671;0,125000000000000000000
6010;173893;1,000000000000000000000
6045;3145;1,000000000000000000000
6058;1165;0,142857142857142857142
6058;1831;0,142857142857142857142
6058;8512;0,571428571428571428571
6058;50332;0,142857142857142857142
6068;13179;1,000000000000000000000
6113;2461;0,200000000000000000000
6113;3633;0,600000000000000000000
6113;3857;0,200000000000000000000
6130;6567;1,000000000000000000000
6132;244;1,000000000000000000000
6151;3766;1,000000000000000000000
6169;643;0,500000000000000000000
6169;1171;0,500000000000000000000
6236;2175;1,000000000000000000000
6316;2832;1,000000000000000000000
6320;77;1,000000000000000000000
6347;2713;1,000000000000000000000
6353;6354;1,000000000000000000000
6406;2834;1,000000000000000000000
6413;1479;1,000000000000000000000
6433;5037;1,000000000000000000000
6440;17634;1,000000000000000000000
6444;8363;0,500000000000000000000
6444;12880;0,500000000000000000000
6498;2479;0,166666666666666666666
6498;3145;0,166666666666666666666
6498;4852;0,166666666666666666666
6498;6045;0,166666666666666666666
6498;6495;0,166666666666666666666
6498;6503;0,166666666666666666666
6501;6509;1,000000000000000000000
6503;1231;1,000000000000000000000
6505;1143;0,333333333333333333333
6505;4024;0,666666666666666666666
6535;2713;1,000000000000000000000
6543;2741;0,500000000000000000000
6543;10823;0,500000000000000000000
6567;119;0,500000000000000000000
6567;1462;0,250000000000000000000
6567;2484;0,250000000000000000000
6622;5909;1,000000000000000000000
6627;2246;1,000000000000000000000
6634;2713;0,166666666666666666666
6634;3656;0,166666666666666666666
6634;5082;0,333333333333333333333
6634;8281;0,166666666666666666666
6634;9681;0,166666666666666666666
6641;1190;1,000000000000000000000
6666;4881;1,000000000000000000000
6694;545;1,000000000000000000000
6698;7648;1,000000000000000000000
6723;122;0,071428571428571428571
6723;285;0,071428571428571428571
6723;1156;0,071428571428571428571
6723;1276;0,071428571428571428571
6723;1967;0,071428571428571428571
6723;2330;0,071428571428571428571
6723;2472;0,071428571428571428571
6723;2990;0,071428571428571428571
6723;3393;0,142857142857142857142
6723;3838;0,071428571428571428571
6723;13899;0,142857142857142857142
6723;75230;0,071428571428571428571
6812;3401;1,000000000000000000000
6828;22;1,000000000000000000000
6883;1171;1,000000000000000000000
6892;428;0,333333333333333333333
6892;1600;0,666666666666666666666
6913;4307;1,000000000000000000000
6923;997;1,000000000000000000000
6929;35;0,500000000000000000000
6929;1171;0,250000000000000000000
6929;5666;0,250000000000000000000
6962;65;0,100000000000000000000
6962;1591;0,100000000000000000000
6962;2414;0,100000000000000000000
6962;3996;0,100000000000000000000
6962;4274;0,100000000000000000000
6962;5338;0,100000000000000000000
6962;6105;0,100000000000000000000
6962;8460;0,100000000000000000000
6962;9395;0,200000000000000000000
6979;615;0,333333333333333333333
6979;1515;0,333333333333333333333
6979;4592;0,333333333333333333333
6980;3459;1,000000000000000000000
7030;1162;0,500000000000000000000
7030;4213;0,500000000000000000000
7049;267;0,050000000000000000000
7049;285;0,050000000000000000000
7049;861;0,050000000000000000000
7049;1448;0,050000000000000000000
7049;1570;0,050000000000000000000
7049;1583;0,250000000000000000000
7049;1591;0,050000000000000000000
7049;2379;0,050000000000000000000
7049;3045;0,050000000000000000000
7049;3234;0,050000000000000000000
7049;3381;0,050000000000000000000
7049;4376;0,050000000000000000000
7049;8095;0,050000000000000000000
7049;8630;0,050000000000000000000
7049;10020;0,050000000000000000000
7049;12907;0,050000000000000000000
7095;704;0,500000000000000000000
7095;1135;0,500000000000000000000
7106;4993;1,000000000000000000000
7126;2429;0,666666666666666666666
7126;11902;0,333333333333333333333
7132;318;0,750000000000000000000
7132;794;0,250000000000000000000
7142;85;0,666666666666666666666
7142;254;0,333333333333333333333
7160;678;0,125000000000000000000
7160;1889;0,125000000000000000000
7160;2661;0,375000000000000000000
7160;2684;0,125000000000000000000
7160;4376;0,250000000000000000000
7209;1867;1,000000000000000000000
7259;2712;1,000000000000000000000
7260;5637;0,500000000000000000000
7260;9898;0,500000000000000000000
7278;307;0,055555555555555555555
7278;1114;0,055555555555555555555
7278;1240;0,055555555555555555555
7278;1325;0,055555555555555555555
7278;1326;0,055555555555555555555
7278;1327;0,055555555555555555555
7278;1328;0,055555555555555555555
7278;1329;0,055555555555555555555
7278;1330;0,055555555555555555555
7278;1331;0,055555555555555555555
7278;1333;0,055555555555555555555
7278;1335;0,055555555555555555555
7278;1337;0,055555555555555555555
7278;1338;0,055555555555555555555
7278;2152;0,055555555555555555555
7278;5831;0,055555555555555555555
7278;17047;0,055555555555555555555
7278;359941;0,055555555555555555555
7301;9807;1,000000000000000000000
7322;37813;1,000000000000000000000
7418;2021;0,500000000000000000000
7418;3957;0,500000000000000000000
7480;3180;0,500000000000000000000
7480;28822;0,500000000000000000000
7521;3212;1,000000000000000000000
7543;152027;1,000000000000000000000
7546;7478;1,000000000000000000000
7560;731;1,000000000000000000000
7578;1171;1,000000000000000000000
7597;4160;1,000000000000000000000
7686;644;0,250000000000000000000
7686;4306;0,500000000000000000000
7686;6511;0,250000000000000000000
7713;63;0,017543859649122807017
7713;174;0,017543859649122807017
7713;283;0,017543859649122807017
7713;288;0,017543859649122807017
7713;293;0,017543859649122807017
7713;296;0,017543859649122807017
7713;568;0,017543859649122807017
7713;622;0,017543859649122807017
7713;671;0,017543859649122807017
7713;865;0,017543859649122807017
7713;978;0,017543859649122807017
7713;1100;0,017543859649122807017
7713;1141;0,017543859649122807017
7713;1171;0,017543859649122807017
7713;1254;0,017543859649122807017
7713;1293;0,017543859649122807017
7713;1405;0,017543859649122807017
7713;1443;0,017543859649122807017
7713;1735;0,017543859649122807017
7713;2147;0,017543859649122807017
7713;2275;0,017543859649122807017
7713;2489;0,017543859649122807017
7713;2512;0,017543859649122807017
7713;2743;0,017543859649122807017
7713;2744;0,017543859649122807017
7713;2916;0,017543859649122807017
7713;3123;0,017543859649122807017
7713;3256;0,017543859649122807017
7713;3381;0,017543859649122807017
7713;3427;0,017543859649122807017
7713;3683;0,017543859649122807017
7713;4085;0,017543859649122807017
7713;4159;0,017543859649122807017
7713;4292;0,017543859649122807017
7713;4359;0,017543859649122807017
7713;4376;0,017543859649122807017
7713;5149;0,017543859649122807017
7713;5617;0,017543859649122807017
7713;5624;0,017543859649122807017
7713;5638;0,017543859649122807017
7713;7030;0,017543859649122807017
7713;8165;0,017543859649122807017
7713;8489;0,017543859649122807017
7713;8715;0,017543859649122807017
7713;8909;0,017543859649122807017
7713;8910;0,017543859649122807017
7713;9898;0,017543859649122807017
7713;12563;0,017543859649122807017
7713;12745;0,017543859649122807017
7713;15643;0,017543859649122807017
7713;17611;0,017543859649122807017
7713;26786;0,017543859649122807017
7713;27672;0,017543859649122807017
7713;28818;0,017543859649122807017
7713;28821;0,017543859649122807017
7713;119973;0,017543859649122807017
7713;156500;0,017543859649122807017
7716;485;1,000000000000000000000
7738;8648;0,333333333333333333333
7738;12430;0,666666666666666666666
7739;10175;1,000000000000000000000
7748;4041;1,000000000000000000000
7759;1780;0,333333333333333333333
7759;284854;0,666666666666666666666
7780;6624;1,000000000000000000000
7862;122;1,000000000000000000000
7866;318;0,166666666666666666666
7866;794;0,833333333333333333333
7874;174;1,000000000000000000000
7886;253;1,000000000000000000000
7906;3560;1,000000000000000000000
7968;18641;1,000000000000000000000
7983;1462;1,000000000000000000000
8003;50332;1,000000000000000000000
8009;1100;1,000000000000000000000
8062;211;0,500000000000000000000
8062;2704;0,500000000000000000000
8095;4299;1,000000000000000000000
8106;48;0,120000000000000000000
8106;178;0,040000000000000000000
8106;897;0,040000000000000000000
8106;1415;0,040000000000000000000
8106;1551;0,080000000000000000000
8106;1713;0,040000000000000000000
8106;2090;0,080000000000000000000
8106;3182;0,040000000000000000000
8106;3265;0,080000000000000000000
8106;3728;0,040000000000000000000
8106;4293;0,080000000000000000000
8106;4831;0,120000000000000000000
8106;8225;0,040000000000000000000
8106;8361;0,040000000000000000000
8106;13385;0,080000000000000000000
8106;15722;0,040000000000000000000
8164;1073;0,250000000000000000000
8164;1984;0,250000000000000000000
8164;1985;0,250000000000000000000
8164;9513;0,250000000000000000000
8172;975;1,000000000000000000000
8238;4159;1,000000000000000000000
8276;2678;0,250000000000000000000
8276;5915;0,250000000000000000000
8276;7748;0,250000000000000000000
8276;13899;0,250000000000000000000
8281;59;0,375000000000000000000
8281;2713;0,125000000000000000000
8281;3656;0,125000000000000000000
8281;5082;0,125000000000000000000
8281;6634;0,125000000000000000000
8281;9681;0,125000000000000000000
8306;846;0,666666666666666666666
8306;13850;0,333333333333333333333
8341;5682;1,000000000000000000000
8348;545;1,000000000000000000000
8396;17280;1,000000000000000000000
8435;1171;0,500000000000000000000
8435;6929;0,500000000000000000000
8440;1171;0,500000000000000000000
8440;1182;0,500000000000000000000
8441;1171;1,000000000000000000000
8446;521;0,666666666666666666666
8446;1171;0,333333333333333333333
8447;248334;0,500000000000000000000
8447;342879;0,500000000000000000000
8473;1171;1,000000000000000000000
8475;1171;1,000000000000000000000
8484;4222;1,000000000000000000000
8489;293;0,333333333333333333333
8489;1681;0,666666666666666666666
8493;3980;1,000000000000000000000
8516;76428;1,000000000000000000000
8566;337;1,000000000000000000000
8580;46;0,125000000000000000000
8580;2367;0,250000000000000000000
8580;5623;0,250000000000000000000
8580;8590;0,125000000000000000000
8580;8899;0,125000000000000000000
8580;9261;0,125000000000000000000
8633;526;1,000000000000000000000
8648;266;1,000000000000000000000
8666;9367;1,000000000000000000000
8715;9898;1,000000000000000000000
8723;4240;0,714285714285714285714
8723;5564;0,142857142857142857142
8723;7221;0,142857142857142857142
8820;28195;1,000000000000000000000
8856;9665;1,000000000000000000000
8858;13502;0,500000000000000000000
8858;27936;0,500000000000000000000
8863;5660;1,000000000000000000000
8873;23228;1,000000000000000000000
8902;3418;0,500000000000000000000
8902;4697;0,500000000000000000000
8909;23931;1,000000000000000000000
8910;1171;0,750000000000000000000
8910;2834;0,250000000000000000000
8928;163;0,500000000000000000000
8928;10352;0,500000000000000000000
8975;8281;1,000000000000000000000
8976;738;1,000000000000000000000
9047;15643;1,000000000000000000000
9068;2425;1,000000000000000000000
9098;17260;1,000000000000000000000
9110;1838;0,500000000000000000000
9110;2054;0,500000000000000000000
9184;7221;1,000000000000000000000
9208;308238;1,000000000000000000000
9226;119;0,333333333333333333333
9226;1254;0,333333333333333333333
9226;3105;0,333333333333333333333
9288;3178;1,000000000000000000000
9296;17634;1,000000000000000000000
9338;360;1,000000000000000000000
9356;635;0,333333333333333333333
9356;1637;0,333333333333333333333
9356;2712;0,333333333333333333333
9371;887;0,500000000000000000000
9371;2503;0,500000000000000000000
9381;2223;0,500000000000000000000
9381;5632;0,500000000000000000000
9382;151929;1,000000000000000000000
9395;6962;1,000000000000000000000
9405;3736;1,000000000000000000000
9413;2272;1,000000000000000000000
9414;4729;1,000000000000000000000
9424;3776;1,000000000000000000000
9431;9430;0,500000000000000000000
9431;25849;0,500000000000000000000
9481;3180;1,000000000000000000000
9483;1355;1,000000000000000000000
9506;551;1,000000000000000000000
9657;122;0,500000000000000000000
9657;285;0,500000000000000000000
9660;7998;1,000000000000000000000
9681;1225;1,000000000000000000000
9720;571;0,500000000000000000000
9720;964;0,500000000000000000000
9721;3256;0,400000000000000000000
9721;6915;0,200000000000000000000
9721;9722;0,200000000000000000000
9721;18641;0,200000000000000000000
9729;2043;0,500000000000000000000
9729;3256;0,500000000000000000000
9730;367;1,000000000000000000000
9762;612;1,000000000000000000000
9807;27652;1,000000000000000000000
9846;352;0,500000000000000000000
9846;4530;0,500000000000000000000
9924;3345;1,000000000000000000000
9940;964;1,000000000000000000000
9992;5915;1,000000000000000000000
10020;678;0,500000000000000000000
10020;1520;0,250000000000000000000
10020;6007;0,250000000000000000000
10026;4274;1,000000000000000000000
10084;14050;1,000000000000000000000
10085;1824;1,000000000000000000000
10122;1785;1,000000000000000000000
10165;50332;1,000000000000000000000
10175;7739;0,333333333333333333333
10175;14151;0,666666666666666666666
10177;1702;1,000000000000000000000
10188;1235;1,000000000000000000000
10338;1678;1,000000000000000000000
10352;8928;1,000000000000000000000
10649;90;0,600000000000000000000
10649;733;0,400000000000000000000
10682;1171;0,500000000000000000000
10682;2374;0,500000000000000000000
10763;1164;0,500000000000000000000
10763;120557;0,500000000000000000000
10823;2756;0,200000000000000000000
10823;4722;0,200000000000000000000
10823;5383;0,100000000000000000000
10823;6543;0,300000000000000000000
10823;52443;0,100000000000000000000
10823;283637;0,100000000000000000000
10860;288;1,000000000000000000000
10892;410;1,000000000000000000000
10926;17276;1,000000000000000000000
10946;3591;0,666666666666666666666
10946;5564;0,333333333333333333333
11138;397;1,000000000000000000000
11213;22;0,666666666666666666666
11213;190;0,333333333333333333333
11249;46996;1,000000000000000000000
11382;21470;1,000000000000000000000
11427;352;1,000000000000000000000
11527;1123;1,000000000000000000000
11552;2841;0,500000000000000000000
11552;50332;0,500000000000000000000
11656;11734;1,000000000000000000000
11734;11656;1,000000000000000000000
11902;7037;1,000000000000000000000
12176;5657;1,000000000000000000000
12356;391;1,000000000000000000000
12362;3548;1,000000000000000000000
12394;9381;1,000000000000000000000
12430;7738;0,333333333333333333333
12430;28538;0,666666666666666666666
12433;7553;0,500000000000000000000
12433;10306;0,500000000000000000000
12435;853;1,000000000000000000000
12534;1728;1,000000000000000000000
12596;999;0,250000000000000000000
12596;1180;0,500000000000000000000
12596;1556;0,250000000000000000000
12706;1079;0,500000000000000000000
12706;8805;0,500000000000000000000
12745;557;0,200000000000000000000
12745;721;0,400000000000000000000
12745;3299;0,200000000000000000000
12745;9905;0,200000000000000000000
12768;16665;1,000000000000000000000
12775;42;0,666666666666666666666
12775;1154;0,333333333333333333333
12798;1044;1,000000000000000000000
12816;1157;1,000000000000000000000
12817;339;1,000000000000000000000
12850;1728;0,250000000000000000000
12850;2140;0,250000000000000000000
12850;3395;0,250000000000000000000
12850;4627;0,250000000000000000000
12864;2775;0,500000000000000000000
12864;253384;0,250000000000000000000
12864;283638;0,250000000000000000000
12865;8787;1,000000000000000000000
12876;3766;0,500000000000000000000
12876;5142;0,500000000000000000000
12880;85;1,000000000000000000000
12936;17634;1,000000000000000000000
12938;10658;1,000000000000000000000
12959;846;1,000000000000000000000
12964;315;0,500000000000000000000
12964;7206;0,500000000000000000000
13141;37;0,200000000000000000000
13141;38;0,066666666666666666666
13141;179;0,066666666666666666666
13141;609;0,066666666666666666666
13141;920;0,066666666666666666666
13141;1724;0,066666666666666666666
13141;1877;0,066666666666666666666
13141;1892;0,066666666666666666666
13141;2576;0,066666666666666666666
13141;3518;0,133333333333333333333
13141;7215;0,066666666666666666666
13141;12755;0,066666666666666666666
13187;549;0,500000000000000000000
13187;8641;0,500000000000000000000
13236;1949;1,000000000000000000000
13265;2052;1,000000000000000000000
13476;6567;1,000000000000000000000
13502;8858;0,333333333333333333333
13502;18641;0,666666666666666666666
13545;577;1,000000000000000000000
13584;278190;1,000000000000000000000
13622;5245;1,000000000000000000000
13671;1513;0,333333333333333333333
13671;6008;0,666666666666666666666
13795;2786;1,000000000000000000000
13814;266;1,000000000000000000000
13850;2275;1,000000000000000000000
13886;115;1,000000000000000000000
13899;6723;1,000000000000000000000
14151;38;0,005714285714285714285
14151;59;0,005714285714285714285
14151;96;0,034285714285714285714
14151;115;0,017142857142857142857
14151;137;0,005714285714285714285
14151;229;0,005714285714285714285
14151;251;0,005714285714285714285
14151;266;0,005714285714285714285
14151;275;0,005714285714285714285
14151;362;0,005714285714285714285
14151;394;0,005714285714285714285
14151;396;0,005714285714285714285
14151;407;0,005714285714285714285
14151;615;0,005714285714285714285
14151;641;0,005714285714285714285
14151;652;0,005714285714285714285
14151;713;0,005714285714285714285
14151;778;0,005714285714285714285
14151;783;0,005714285714285714285
14151;796;0,005714285714285714285
14151;841;0,005714285714285714285
14151;853;0,005714285714285714285
14151;877;0,005714285714285714285
14151;878;0,005714285714285714285
14151;904;0,005714285714285714285
14151;980;0,005714285714285714285
14151;1044;0,005714285714285714285
14151;1121;0,005714285714285714285
14151;1142;0,005714285714285714285
14151;1154;0,005714285714285714285
14151;1160;0,005714285714285714285
14151;1162;0,005714285714285714285
14151;1173;0,005714285714285714285
14151;1254;0,005714285714285714285
14151;1295;0,005714285714285714285
14151;1319;0,005714285714285714285
14151;1326;0,005714285714285714285
14151;1333;0,005714285714285714285
14151;1340;0,005714285714285714285
14151;1447;0,005714285714285714285
14151;1454;0,005714285714285714285
14151;1459;0,005714285714285714285
14151;1466;0,005714285714285714285
14151;1504;0,005714285714285714285
14151;1563;0,005714285714285714285
14151;1566;0,005714285714285714285
14151;1637;0,005714285714285714285
14151;1667;0,005714285714285714285
14151;1689;0,011428571428571428571
14151;1698;0,005714285714285714285
14151;1708;0,005714285714285714285
14151;1713;0,005714285714285714285
14151;1831;0,005714285714285714285
14151;1873;0,005714285714285714285
14151;1938;0,005714285714285714285
14151;1939;0,011428571428571428571
14151;1963;0,005714285714285714285
14151;2007;0,005714285714285714285
14151;2054;0,005714285714285714285
14151;2080;0,005714285714285714285
14151;2119;0,005714285714285714285
14151;2139;0,005714285714285714285
14151;2150;0,005714285714285714285
14151;2184;0,005714285714285714285
14151;2293;0,028571428571428571428
14151;2318;0,005714285714285714285
14151;2515;0,005714285714285714285
14151;2551;0,005714285714285714285
14151;2644;0,005714285714285714285
14151;2678;0,005714285714285714285
14151;2679;0,005714285714285714285
14151;2865;0,005714285714285714285
14151;2921;0,005714285714285714285
14151;3045;0,005714285714285714285
14151;3091;0,005714285714285714285
14151;3123;0,005714285714285714285
14151;3141;0,005714285714285714285
14151;3142;0,005714285714285714285
14151;3180;0,005714285714285714285
14151;3245;0,005714285714285714285
14151;3256;0,005714285714285714285
14151;3476;0,005714285714285714285
14151;3557;0,005714285714285714285
14151;3599;0,005714285714285714285
14151;3618;0,005714285714285714285
14151;3633;0,005714285714285714285
14151;3636;0,005714285714285714285
14151;3811;0,011428571428571428571
14151;3891;0,011428571428571428571
14151;3940;0,005714285714285714285
14151;3971;0,005714285714285714285
14151;4059;0,005714285714285714285
14151;4102;0,005714285714285714285
14151;4108;0,005714285714285714285
14151;4225;0,005714285714285714285
14151;4232;0,005714285714285714285
14151;4268;0,005714285714285714285
14151;4293;0,011428571428571428571
14151;4345;0,005714285714285714285
14151;4621;0,005714285714285714285
14151;5001;0,005714285714285714285
14151;5005;0,011428571428571428571
14151;5010;0,005714285714285714285
14151;5042;0,022857142857142857142
14151;5093;0,005714285714285714285
14151;5239;0,005714285714285714285
14151;5367;0,005714285714285714285
14151;5441;0,005714285714285714285
14151;5591;0,005714285714285714285
14151;5657;0,011428571428571428571
14151;5660;0,005714285714285714285
14151;5666;0,005714285714285714285
14151;5783;0,005714285714285714285
14151;6048;0,005714285714285714285
14151;6468;0,005714285714285714285
14151;6746;0,017142857142857142857
14151;7418;0,005714285714285714285
14151;7748;0,005714285714285714285
14151;8276;0,005714285714285714285
14151;8623;0,005714285714285714285
14151;8702;0,005714285714285714285
14151;9274;0,005714285714285714285
14151;9394;0,005714285714285714285
14151;9729;0,011428571428571428571
14151;10175;0,005714285714285714285
14151;10337;0,005714285714285714285
14151;10941;0,011428571428571428571
14151;11690;0,017142857142857142857
14151;12176;0,005714285714285714285
14151;12436;0,005714285714285714285
14151;12698;0,005714285714285714285
14151;12820;0,005714285714285714285
14151;12938;0,005714285714285714285
14151;13584;0,005714285714285714285
14151;13599;0,005714285714285714285
14151;13692;0,005714285714285714285
14151;13899;0,005714285714285714285
14151;18979;0,005714285714285714285
14151;26479;0,005714285714285714285
14151;28034;0,005714285714285714285
14151;28457;0,005714285714285714285
14151;29014;0,005714285714285714285
14151;34696;0,005714285714285714285
14151;67591;0,005714285714285714285
14151;83231;0,011428571428571428571
14151;137801;0,005714285714285714285
14151;146155;0,005714285714285714285
14266;1913;0,500000000000000000000
14266;19707;0,500000000000000000000
14652;1198;1,000000000000000000000
14826;2712;1,000000000000000000000
15207;2512;1,000000000000000000000
15302;2834;1,000000000000000000000
15471;477;0,222222222222222222222
15471;731;0,222222222222222222222
15471;5138;0,222222222222222222222
15471;95154;0,111111111111111111111
15471;173893;0,222222222222222222222
15643;1149;0,250000000000000000000
15643;7713;0,250000000000000000000
15643;9047;0,250000000000000000000
15643;184646;0,250000000000000000000
15726;5245;1,000000000000000000000
15863;3657;1,000000000000000000000
15867;288;1,000000000000000000000
15895;550;1,000000000000000000000
16873;1903;1,000000000000000000000
16974;1591;1,000000000000000000000
17208;502;0,500000000000000000000
17208;2516;0,500000000000000000000
17248;527;1,000000000000000000000
17266;1764;1,000000000000000000000
17267;113;1,000000000000000000000
17269;3362;1,000000000000000000000
17276;351;0,333333333333333333333
17276;817;0,333333333333333333333
17276;54879;0,333333333333333333333
17549;3570;1,000000000000000000000
17603;3748;1,000000000000000000000
17611;945;0,250000000000000000000
17611;2993;0,750000000000000000000
17634;1503;0,400000000000000000000
17634;2559;0,200000000000000000000
17634;6440;0,200000000000000000000
17634;12936;0,200000000000000000000
17762;14050;1,000000000000000000000
18258;5437;1,000000000000000000000
18517;1848;1,000000000000000000000
18641;119;0,028571428571428571428
18641;240;0,028571428571428571428
18641;277;0,028571428571428571428
18641;283;0,028571428571428571428
18641;419;0,028571428571428571428
18641;695;0,028571428571428571428
18641;845;0,028571428571428571428
18641;886;0,028571428571428571428
18641;1065;0,028571428571428571428
18641;1066;0,028571428571428571428
18641;1142;0,028571428571428571428
18641;1321;0,028571428571428571428
18641;1406;0,028571428571428571428
18641;1563;0,028571428571428571428
18641;1569;0,028571428571428571428
18641;1696;0,028571428571428571428
18641;1894;0,028571428571428571428
18641;1925;0,028571428571428571428
18641;2083;0,028571428571428571428
18641;3208;0,028571428571428571428
18641;3465;0,028571428571428571428
18641;3996;0,028571428571428571428
18641;4091;0,028571428571428571428
18641;4313;0,028571428571428571428
18641;5245;0,028571428571428571428
18641;5338;0,028571428571428571428
18641;5632;0,028571428571428571428
18641;5789;0,028571428571428571428
18641;6496;0,028571428571428571428
18641;7968;0,028571428571428571428
18641;8268;0,028571428571428571428
18641;9721;0,028571428571428571428
18641;13502;0,028571428571428571428
18641;23562;0,028571428571428571428
18641;37815;0,028571428571428571428
19031;1780;1,000000000000000000000
19176;149;0,500000000000000000000
19176;1766;0,500000000000000000000
19199;796;0,666666666666666666666
19199;3776;0,333333333333333333333
19707;14266;1,000000000000000000000
20393;27610;1,000000000000000000000
20474;59;0,600000000000000000000
20474;228;0,400000000000000000000
20511;23;1,000000000000000000000
20853;1462;1,000000000000000000000
21005;2198;1,000000000000000000000
21096;260;0,250000000000000000000
21096;557;0,250000000000000000000
21096;3249;0,250000000000000000000
21096;4647;0,250000000000000000000
21154;1234;0,333333333333333333333
21154;1235;0,333333333333333333333
21154;10188;0,333333333333333333333
21360;1162;0,250000000000000000000
21360;1165;0,250000000000000000000
21360;173893;0,500000000000000000000
21396;1700;0,500000000000000000000
21396;4085;0,500000000000000000000
21734;293;1,000000000000000000000
23096;3766;1,000000000000000000000
23228;1912;0,500000000000000000000
23228;8873;0,500000000000000000000
23730;5212;1,000000000000000000000
23931;8909;1,000000000000000000000
24113;1574;0,500000000000000000000
24113;13482;0,500000000000000000000
24460;2713;1,000000000000000000000
24839;1162;1,000000000000000000000
25488;2080;1,000000000000000000000
25849;9431;1,000000000000000000000
27062;1041;0,666666666666666666666
27062;2275;0,333333333333333333333
27173;5082;1,000000000000000000000
27422;247698;1,000000000000000000000
27652;9807;1,000000000000000000000
27674;3570;1,000000000000000000000
27708;3427;1,000000000000000000000
27852;488;1,000000000000000000000
27902;28;1,000000000000000000000
28195;8820;1,000000000000000000000
28528;854;1,000000000000000000000
28538;12430;1,000000000000000000000
28600;1462;1,000000000000000000000
28752;1574;1,000000000000000000000
28822;173893;1,000000000000000000000
28826;611;0,062500000000000000000
28826;1976;0,062500000000000000000
28826;2009;0,062500000000000000000
28826;2396;0,062500000000000000000
28826;2847;0,062500000000000000000
28826;3222;0,062500000000000000000
28826;4098;0,062500000000000000000
28826;4927;0,062500000000000000000
28826;7802;0,062500000000000000000
28826;9088;0,062500000000000000000
28826;10020;0,062500000000000000000
28826;12442;0,062500000000000000000
28826;13416;0,062500000000000000000
28826;17267;0,062500000000000000000
28826;17634;0,062500000000000000000
28826;18396;0,062500000000000000000
28930;551;0,028985507246376811594
28930;859;0,028985507246376811594
28930;1344;0,028985507246376811594
28930;1454;0,028985507246376811594
28930;1898;0,043478260869565217391
28930;2435;0,028985507246376811594
28930;2743;0,043478260869565217391
28930;2786;0,028985507246376811594
28930;3256;0,028985507246376811594
28930;3420;0,028985507246376811594
28930;3683;0,028985507246376811594
28930;3685;0,028985507246376811594
28930;5136;0,028985507246376811594
28930;7717;0,028985507246376811594
28930;7975;0,028985507246376811594
28930;8212;0,028985507246376811594
28930;12959;0,028985507246376811594
28930;15737;0,028985507246376811594
28930;23759;0,028985507246376811594
28930;24259;0,043478260869565217391
28930;152027;0,376811594202898550724
29061;9438;1,000000000000000000000
29376;749;1,000000000000000000000
36186;1440;1,000000000000000000000
37813;1192;0,166666666666666666666
37813;2176;0,166666666666666666666
37813;3161;0,166666666666666666666
37813;7322;0,166666666666666666666
37813;22211;0,333333333333333333333
37814;1092;0,333333333333333333333
37814;9356;0,666666666666666666666
37815;74;0,500000000000000000000
37815;18641;0,500000000000000000000
38738;1094;1,000000000000000000000
39901;5646;1,000000000000000000000
41565;1069;0,500000000000000000000
41565;1563;0,500000000000000000000
41776;662;1,000000000000000000000
45837;3153;1,000000000000000000000
47032;18398;1,000000000000000000000
47352;484;0,100000000000000000000
47352;882;0,100000000000000000000
47352;1471;0,100000000000000000000
47352;2796;0,100000000000000000000
47352;10165;0,100000000000000000000
47352;41556;0,100000000000000000000
47352;50332;0,200000000000000000000
47352;50959;0,100000000000000000000
47352;95154;0,100000000000000000000
49722;2948;1,000000000000000000000
50332;74;0,027777777777777777777
50332;122;0,027777777777777777777
50332;176;0,027777777777777777777
50332;302;0,027777777777777777777
50332;484;0,027777777777777777777
50332;518;0,027777777777777777777
50332;635;0,027777777777777777777
50332;747;0,027777777777777777777
50332;882;0,027777777777777777777
50332;952;0,027777777777777777777
50332;1085;0,027777777777777777777
50332;1406;0,027777777777777777777
50332;1471;0,027777777777777777777
50332;1503;0,027777777777777777777
50332;1684;0,027777777777777777777
50332;2559;0,027777777777777777777
50332;2591;0,027777777777777777777
50332;2734;0,027777777777777777777
50332;3610;0,027777777777777777777
50332;3797;0,027777777777777777777
50332;4179;0,027777777777777777777
50332;5534;0,027777777777777777777
50332;6058;0,027777777777777777777
50332;7322;0,027777777777777777777
50332;8003;0,027777777777777777777
50332;8516;0,027777777777777777777
50332;9019;0,027777777777777777777
50332;10338;0,027777777777777777777
50332;11552;0,027777777777777777777
50332;22211;0,027777777777777777777
50332;38738;0,027777777777777777777
50332;47352;0,027777777777777777777
50332;50959;0,027777777777777777777
50332;55041;0,027777777777777777777
50332;95154;0,027777777777777777777
50332;136265;0,027777777777777777777
50959;768;0,166666666666666666666
50959;10724;0,333333333333333333333
50959;50332;0,166666666666666666666
50959;55041;0,333333333333333333333
54440;1891;0,500000000000000000000
54440;12247;0,500000000000000000000
56282;3842;0,500000000000000000000
56282;12441;0,500000000000000000000
56738;4835;1,000000000000000000000
58138;4681;1,000000000000000000000
59522;12938;1,000000000000000000000
59745;628;0,111111111111111111111
59745;689;0,111111111111111111111
59745;1169;0,333333333333333333333
59745;1939;0,111111111111111111111
59745;2863;0,111111111111111111111
59745;3802;0,111111111111111111111
59745;59841;0,111111111111111111111
59841;37;0,021739130434782608695
59841;283;0,021739130434782608695
59841;296;0,021739130434782608695
59841;602;0,152173913043478260869
59841;695;0,108695652173913043478
59841;846;0,021739130434782608695
59841;943;0,152173913043478260869
59841;1169;0,173913043478260869565
59841;2697;0,021739130434782608695
59841;2731;0,021739130434782608695
59841;2863;0,021739130434782608695
59841;3123;0,021739130434782608695
59841;3256;0,021739130434782608695
59841;3427;0,021739130434782608695
59841;3683;0,021739130434782608695
59841;5149;0,021739130434782608695
59841;7975;0,021739130434782608695
59841;8715;0,021739130434782608695
59841;14481;0,021739130434782608695
59841;59745;0,086956521739130434782
65193;111;0,176470588235294117647
65193;452;0,058823529411764705882
65193;668;0,058823529411764705882
65193;718;0,058823529411764705882
65193;876;0,058823529411764705882
65193;933;0,352941176470588235294
65193;1647;0,058823529411764705882
65193;3515;0,176470588235294117647
65998;3197;0,333333333333333333333
65998;66075;0,666666666666666666666
66075;4145;1,000000000000000000000
71083;8648;1,000000000000000000000
75230;1545;0,181818181818181818181
75230;1664;0,090909090909090909090
75230;1967;0,181818181818181818181
75230;3393;0,181818181818181818181
75230;3894;0,181818181818181818181
75230;6723;0,090909090909090909090
75230;9288;0,090909090909090909090
75827;213;0,250000000000000000000
75827;747;0,250000000000000000000
75827;5523;0,250000000000000000000
75827;81648;0,250000000000000000000
76428;747;0,500000000000000000000
76428;8516;0,500000000000000000000
77678;36;0,400000000000000000000
77678;1556;0,200000000000000000000
77678;2512;0,200000000000000000000
77678;4292;0,200000000000000000000
78108;662;0,500000000000000000000
78108;98841;0,500000000000000000000
81648;2734;0,500000000000000000000
81648;76428;0,500000000000000000000
84925;1967;0,500000000000000000000
84925;95328;0,500000000000000000000
89874;520;0,285714285714285714285
89874;3563;0,142857142857142857142
89874;4225;0,285714285714285714285
89874;160268;0,285714285714285714285
90666;319841;1,000000000000000000000
98068;3188;1,000000000000000000000
98841;78108;1,000000000000000000000
99942;214;0,250000000000000000000
99942;748;0,250000000000000000000
99942;3607;0,250000000000000000000
99942;8516;0,250000000000000000000
112062;826;1,000000000000000000000
113392;131;0,333333333333333333333
113392;420;0,333333333333333333333
113392;1951;0,333333333333333333333
114536;174;1,000000000000000000000
115105;1931;0,333333333333333333333
115105;2684;0,666666666666666666666
116140;517;0,142857142857142857142
116140;632;0,200000000000000000000
116140;1117;0,085714285714285714285
116140;1840;0,028571428571428571428
116140;2364;0,028571428571428571428
116140;3212;0,028571428571428571428
116140;3395;0,057142857142857142857
116140;8253;0,314285714285714285714
116140;125861;0,114285714285714285714
120557;3246;0,333333333333333333333
120557;4336;0,333333333333333333333
120557;5380;0,333333333333333333333
131383;18641;1,000000000000000000000
136265;50332;0,600000000000000000000
136265;282958;0,200000000000000000000
136265;366347;0,200000000000000000000
137801;42;0,181818181818181818181
137801;860;0,090909090909090909090
137801;1141;0,090909090909090909090
137801;1873;0,272727272727272727272
137801;3219;0,090909090909090909090
137801;4881;0,272727272727272727272
139869;2961;0,500000000000000000000
139869;3465;0,500000000000000000000
140271;1152;0,142857142857142857142
140271;1276;0,428571428571428571428
140271;5679;0,428571428571428571428
144425;1596;0,285714285714285714285
144425;2847;0,142857142857142857142
144425;3246;0,142857142857142857142
144425;9714;0,142857142857142857142
144425;267368;0,285714285714285714285
157551;12755;0,500000000000000000000
157551;113392;0,500000000000000000000
160268;1182;0,750000000000000000000
160268;4379;0,250000000000000000000
169356;192;0,090909090909090909090
169356;2037;0,090909090909090909090
169356;2271;0,090909090909090909090
169356;2272;0,090909090909090909090
169356;2359;0,090909090909090909090
169356;3591;0,181818181818181818181
169356;4561;0,181818181818181818181
169356;9432;0,090909090909090909090
169356;10946;0,090909090909090909090
173893;6010;0,333333333333333333333
173893;21360;0,666666666666666666666
179346;277;0,111111111111111111111
179346;846;0,444444444444444444444
179346;1171;0,111111111111111111111
179346;1681;0,333333333333333333333
184646;4510;0,666666666666666666666
184646;15643;0,333333333333333333333
189452;3256;0,333333333333333333333
189452;7713;0,666666666666666666666
190971;189452;1,000000000000000000000
191488;5511;1,000000000000000000000
192866;845;0,500000000000000000000
192866;846;0,250000000000000000000
192866;1437;0,250000000000000000000
193005;845;1,000000000000000000000
219132;615;1,000000000000000000000
238453;10744;1,000000000000000000000
239963;4396;0,500000000000000000000
239963;239969;0,500000000000000000000
239964;2396;0,250000000000000000000
239964;2512;0,500000000000000000000
239964;239963;0,250000000000000000000
239967;733;1,000000000000000000000
239970;703;0,500000000000000000000
239970;7765;0,500000000000000000000
240182;6723;0,500000000000000000000
240182;84925;0,500000000000000000000
245879;283;0,142857142857142857142
245879;1898;0,714285714285714285714
245879;41776;0,142857142857142857142
248836;1171;1,000000000000000000000
248841;66;0,200000000000000000000
248841;1171;0,200000000000000000000
248841;1556;0,200000000000000000000
248841;5005;0,400000000000000000000
253384;4890;0,250000000000000000000
253384;12864;0,500000000000000000000
253384;20307;0,250000000000000000000
255463;5042;1,000000000000000000000
255726;8833;1,000000000000000000000
256951;5484;1,000000000000000000000
259341;7478;1,000000000000000000000
267368;144425;1,000000000000000000000
276695;42;1,000000000000000000000
276780;54879;1,000000000000000000000
276963;738;1,000000000000000000000
278190;12698;0,333333333333333333333
278190;13584;0,333333333333333333333
278190;20307;0,333333333333333333333
278351;181;0,333333333333333333333
278351;472;0,333333333333333333333
278351;9714;0,333333333333333333333
281067;3872;0,200000000000000000000
281067;4187;0,200000000000000000000
281067;5289;0,200000000000000000000
281067;284426;0,400000000000000000000
281170;274;0,333333333333333333333
281170;787;0,333333333333333333333
281170;3601;0,333333333333333333333
282773;477;0,333333333333333333333
282773;5138;0,333333333333333333333
282773;30063;0,333333333333333333333
283633;7478;1,000000000000000000000
284426;4187;0,250000000000000000000
284426;4376;0,250000000000000000000
284426;281067;0,500000000000000000000
284854;7759;1,000000000000000000000
284856;1064;0,500000000000000000000
284856;1689;0,500000000000000000000
286660;77;0,200000000000000000000
286660;477;0,400000000000000000000
286660;2149;0,200000000000000000000
286660;4493;0,200000000000000000000
306994;458;1,000000000000000000000
307900;1100;0,250000000000000000000
307900;2743;0,250000000000000000000
307900;4472;0,250000000000000000000
307900;12745;0,250000000000000000000
308238;9208;1,000000000000000000000
319841;38738;0,333333333333333333333
319841;90666;0,666666666666666666666
321395;219;0,500000000000000000000
321395;3515;0,500000000000000000000
326192;5597;1,000000000000000000000
328526;276963;1,000000000000000000000
335189;115;0,428571428571428571428
335189;343358;0,571428571428571428571
336063;2335;1,000000000000000000000
336640;635;0,600000000000000000000
336640;1637;0,400000000000000000000
343358;115;0,500000000000000000000
343358;335189;0,500000000000000000000
347540;4292;1,000000000000000000000
353698;3513;1,000000000000000000000
353914;765;1,000000000000000000000
365524;2948;1,000000000000000000000
366347;50332;0,500000000000000000000
366347;136265;0,500000000000000000000
368117;749;1,000000000000000000000
369262;733;1,000000000000000000000
