7;14;0,250000000000000000000
7;2494;0,250000000000000000000
7;3318;0,250000000000000000000
7;6930;0,250000000000000000000
17;2578;1,000000000000000000000
32;19;1,000000000000000000000
39;2639;1,000000000000000000000
48;4831;0,500000000000000000000
48;14978;0,500000000000000000000
54;109;0,045454545454545454545
54;119;0,181818181818181818181
54;1089;0,045454545454545454545
54;1254;0,045454545454545454545
54;1663;0,090909090909090909090
54;2310;0,136363636363636363636
54;2792;0,045454545454545454545
54;4150;0,045454545454545454545
54;4262;0,045454545454545454545
54;5149;0,090909090909090909090
54;5789;0,090909090909090909090
54;5790;0,090909090909090909090
54;18277;0,045454545454545454545
57;890;0,125000000000000000000
57;1032;0,125000000000000000000
57;1948;0,625000000000000000000
57;3145;0,125000000000000000000
63;96;0,066666666666666666666
63;237;0,066666666666666666666
63;261;0,066666666666666666666
63;283;0,066666666666666666666
63;1141;0,066666666666666666666
63;1142;0,066666666666666666666
63;1156;0,066666666666666666666
63;1364;0,066666666666666666666
63;1988;0,066666666666666666666
63;2145;0,066666666666666666666
63;2293;0,066666666666666666666
63;2741;0,066666666666666666666
63;3219;0,066666666666666666666
63;4881;0,066666666666666666666
63;6755;0,066666666666666666666
65;138;0,166666666666666666666
65;240;0,166666666666666666666
65;695;0,166666666666666666666
65;842;0,166666666666666666666
65;3085;0,166666666666666666666
65;7759;0,166666666666666666666
71;194;0,200000000000000000000
71;695;0,200000000000000000000
71;1754;0,200000000000000000000
71;1941;0,200000000000000000000
71;3523;0,200000000000000000000
73;596;0,333333333333333333333
73;1348;0,666666666666666666666
74;978;0,333333333333333333333
74;1406;0,166666666666666666666
74;3085;0,166666666666666666666
74;5616;0,166666666666666666666
74;17502;0,166666666666666666666
77;2147;1,000000000000000000000
80;219;0,055555555555555555555
80;224;0,018518518518518518518
80;452;0,092592592592592592592
80;502;0,037037037037037037037
80;531;0,037037037037037037037
80;718;0,037037037037037037037
80;876;0,185185185185185185185
80;933;0,074074074074074074074
80;1129;0,018518518518518518518
80;1131;0,111111111111111111111
80;1248;0,018518518518518518518
80;2516;0,129629629629629629629
80;2518;0,018518518518518518518
80;3443;0,055555555555555555555
80;3515;0,055555555555555555555
80;4173;0,055555555555555555555
82;3842;1,000000000000000000000
83;1504;0,296296296296296296296
83;1862;0,148148148148148148148
83;5239;0,296296296296296296296
83;6635;0,259259259259259259259
90;906;0,250000000000000000000
90;2149;0,250000000000000000000
90;6213;0,500000000000000000000
96;42;0,018181818181818181818
96;63;0,018181818181818181818
96;122;0,018181818181818181818
96;131;0,018181818181818181818
96;237;0,018181818181818181818
96;240;0,036363636363636363636
96;249;0,145454545454545454545
96;354;0,018181818181818181818
96;615;0,054545454545454545454
96;749;0,018181818181818181818
96;983;0,018181818181818181818
96;1141;0,054545454545454545454
96;1154;0,018181818181818181818
96;1364;0,018181818181818181818
96;1513;0,018181818181818181818
96;1941;0,036363636363636363636
96;1942;0,018181818181818181818
96;1988;0,018181818181818181818
96;2293;0,163636363636363636363
96;2515;0,036363636363636363636
96;3045;0,036363636363636363636
96;3970;0,054545454545454545454
96;4825;0,018181818181818181818
96;5171;0,036363636363636363636
96;5625;0,018181818181818181818
96;6755;0,072727272727272727272
100;670;1,000000000000000000000
101;285;0,500000000000000000000
101;1271;0,500000000000000000000
104;1498;0,333333333333333333333
104;2130;0,666666666666666666666
108;351;0,333333333333333333333
108;538;0,166666666666666666666
108;1027;0,166666666666666666666
108;1340;0,333333333333333333333
115;3481;1,000000000000000000000
119;54;0,024390243902439024390
119;109;0,073170731707317073170
119;485;0,073170731707317073170
119;596;0,024390243902439024390
119;648;0,024390243902439024390
119;1254;0,024390243902439024390
119;1867;0,024390243902439024390
119;1925;0,048780487804878048780
119;2021;0,024390243902439024390
119;2179;0,024390243902439024390
119;2184;0,024390243902439024390
119;2310;0,024390243902439024390
119;3105;0,048780487804878048780
119;3372;0,048780487804878048780
119;4150;0,024390243902439024390
119;4744;0,024390243902439024390
119;5149;0,121951219512195121951
119;5180;0,024390243902439024390
119;5657;0,024390243902439024390
119;5789;0,024390243902439024390
119;6567;0,048780487804878048780
119;7111;0,048780487804878048780
119;7671;0,024390243902439024390
119;7716;0,048780487804878048780
119;9226;0,024390243902439024390
119;12572;0,024390243902439024390
119;12706;0,024390243902439024390
132;435;0,104166666666666666666
132;550;0,104166666666666666666
132;596;0,041666666666666666666
132;691;0,562500000000000000000
132;1168;0,041666666666666666666
132;1462;0,020833333333333333333
132;3230;0,020833333333333333333
132;4244;0,104166666666666666666
135;178;0,019607843137254901960
135;183;0,058823529411764705882
135;194;0,039215686274509803921
135;196;0,019607843137254901960
135;276;0,019607843137254901960
135;520;0,019607843137254901960
135;1236;0,019607843137254901960
135;1278;0,078431372549019607843
135;1372;0,039215686274509803921
135;1724;0,019607843137254901960
135;1815;0,058823529411764705882
135;1939;0,078431372549019607843
135;1967;0,039215686274509803921
135;2054;0,019607843137254901960
135;2372;0,039215686274509803921
135;3643;0,019607843137254901960
135;3802;0,196078431372549019607
135;8163;0,176470588235294117647
135;21396;0,019607843137254901960
135;29840;0,019607843137254901960
138;65;0,200000000000000000000
138;669;0,200000000000000000000
138;718;0,400000000000000000000
138;5338;0,200000000000000000000
148;37;0,014705882352941176470
148;38;0,014705882352941176470
148;189;0,014705882352941176470
148;246;0,014705882352941176470
148;296;0,014705882352941176470
148;454;0,014705882352941176470
148;523;0,014705882352941176470
148;545;0,014705882352941176470
148;609;0,014705882352941176470
148;688;0,014705882352941176470
148;846;0,014705882352941176470
148;891;0,014705882352941176470
148;1010;0,014705882352941176470
148;1082;0,014705882352941176470
148;1497;0,014705882352941176470
148;1581;0,014705882352941176470
148;1696;0,014705882352941176470
148;1701;0,014705882352941176470
148;1724;0,014705882352941176470
148;1824;0,014705882352941176470
148;1854;0,014705882352941176470
148;1892;0,014705882352941176470
148;2337;0,014705882352941176470
148;2343;0,014705882352941176470
148;2484;0,014705882352941176470
148;2576;0,014705882352941176470
148;2678;0,014705882352941176470
148;3087;0,014705882352941176470
148;3189;0,014705882352941176470
148;3212;0,014705882352941176470
148;3551;0,014705882352941176470
148;3705;0,014705882352941176470
148;3844;0,014705882352941176470
148;3978;0,014705882352941176470
148;4091;0,014705882352941176470
148;4372;0,014705882352941176470
148;4374;0,014705882352941176470
148;4421;0,014705882352941176470
148;4657;0,014705882352941176470
148;4794;0,014705882352941176470
148;4877;0,014705882352941176470
148;5338;0,014705882352941176470
148;5800;0,014705882352941176470
148;5915;0,014705882352941176470
148;6461;0,014705882352941176470
148;6701;0,014705882352941176470
148;7215;0,014705882352941176470
148;7648;0,014705882352941176470
148;7748;0,014705882352941176470
148;7968;0,014705882352941176470
148;8268;0,014705882352941176470
148;9376;0,014705882352941176470
148;11458;0,014705882352941176470
148;11734;0,014705882352941176470
148;13452;0,014705882352941176470
148;13899;0,014705882352941176470
148;14050;0,014705882352941176470
148;17762;0,014705882352941176470
148;18622;0,014705882352941176470
148;21511;0,014705882352941176470
148;21513;0,014705882352941176470
148;21515;0,014705882352941176470
148;21541;0,014705882352941176470
148;21542;0,014705882352941176470
148;22575;0,014705882352941176470
148;23251;0,014705882352941176470
148;28631;0,014705882352941176470
148;28635;0,014705882352941176470
151;2071;0,333333333333333333333
151;4048;0,333333333333333333333
151;7586;0,333333333333333333333
155;967;0,428571428571428571428
155;983;0,142857142857142857142
155;6554;0,428571428571428571428
162;7571;1,000000000000000000000
163;771;0,142857142857142857142
163;1478;0,142857142857142857142
163;1479;0,142857142857142857142
163;1480;0,142857142857142857142
163;1481;0,142857142857142857142
163;4432;0,142857142857142857142
163;4438;0,142857142857142857142
172;1598;0,285714285714285714285
172;1991;0,285714285714285714285
172;2239;0,285714285714285714285
172;3675;0,142857142857142857142
174;313;0,035714285714285714285
174;437;0,142857142857142857142
174;934;0,035714285714285714285
174;1303;0,035714285714285714285
174;1560;0,035714285714285714285
174;1610;0,035714285714285714285
174;1688;0,071428571428571428571
174;1703;0,035714285714285714285
174;1910;0,035714285714285714285
174;3418;0,035714285714285714285
174;3427;0,107142857142857142857
174;4518;0,071428571428571428571
174;4526;0,035714285714285714285
174;4697;0,035714285714285714285
174;6072;0,035714285714285714285
174;6940;0,035714285714285714285
174;8899;0,035714285714285714285
174;11476;0,035714285714285714285
174;12503;0,035714285714285714285
174;13181;0,035714285714285714285
174;21750;0,035714285714285714285
180;863;1,000000000000000000000
181;247;0,125000000000000000000
181;472;0,250000000000000000000
181;1262;0,125000000000000000000
181;4638;0,125000000000000000000
181;7546;0,125000000000000000000
181;8489;0,250000000000000000000
183;135;0,076923076923076923076
183;427;0,153846153846153846153
183;526;0,384615384615384615384
183;1129;0,076923076923076923076
183;1278;0,076923076923076923076
183;1364;0,076923076923076923076
183;1983;0,076923076923076923076
183;4901;0,076923076923076923076
184;7574;1,000000000000000000000
187;2291;1,000000000000000000000
189;37;0,153846153846153846153
189;306;0,076923076923076923076
189;1010;0,230769230769230769230
189;4576;0,230769230769230769230
189;9707;0,307692307692307692307
190;628;0,200000000000000000000
190;1236;0,600000000000000000000
190;2043;0,200000000000000000000
194;71;0,069767441860465116279
194;100;0,046511627906976744186
194;472;0,023255813953488372093
194;628;0,139534883720930232558
194;695;0,069767441860465116279
194;700;0,046511627906976744186
194;837;0,093023255813953488372
194;995;0,046511627906976744186
194;1547;0,116279069767441860465
194;1754;0,116279069767441860465
194;1827;0,023255813953488372093
194;1940;0,116279069767441860465
194;4421;0,023255813953488372093
194;4512;0,046511627906976744186
194;4640;0,023255813953488372093
199;119;0,166666666666666666666
199;1663;0,166666666666666666666
199;1759;0,333333333333333333333
199;5789;0,166666666666666666666
199;5790;0,166666666666666666666
201;8671;1,000000000000000000000
211;179;0,800000000000000000000
211;2275;0,200000000000000000000
213;747;0,333333333333333333333
213;1976;0,333333333333333333333
213;5523;0,333333333333333333333
219;80;0,142857142857142857142
219;324;0,142857142857142857142
219;502;0,071428571428571428571
219;1174;0,071428571428571428571
219;1893;0,142857142857142857142
219;2516;0,142857142857142857142
219;2517;0,071428571428571428571
219;2518;0,142857142857142857142
219;12333;0,071428571428571428571
220;174;0,090909090909090909090
220;1173;0,090909090909090909090
220;1563;0,818181818181818181818
224;502;0,200000000000000000000
224;2516;0,200000000000000000000
224;3443;0,200000000000000000000
224;3625;0,400000000000000000000
226;3429;1,000000000000000000000
232;1064;1,000000000000000000000
241;873;0,333333333333333333333
241;3234;0,333333333333333333333
241;4187;0,333333333333333333333
242;1286;0,444444444444444444444
242;2736;0,333333333333333333333
242;2739;0,222222222222222222222
244;5245;0,800000000000000000000
244;5408;0,200000000000000000000
247;181;0,142857142857142857142
247;237;0,285714285714285714285
247;1779;0,571428571428571428571
248;283;0,250000000000000000000
248;2293;0,250000000000000000000
248;2716;0,250000000000000000000
248;6980;0,250000000000000000000
249;96;0,285714285714285714285
249;240;0,047619047619047619047
249;283;0,095238095238095238095
249;522;0,047619047619047619047
249;1142;0,047619047619047619047
249;2293;0,095238095238095238095
249;2644;0,047619047619047619047
249;3045;0,095238095238095238095
249;3219;0,047619047619047619047
249;3891;0,047619047619047619047
249;6755;0,142857142857142857142
250;861;1,000000000000000000000
253;8489;1,000000000000000000000
256;208;1,000000000000000000000
261;237;0,833333333333333333333
261;1364;0,166666666666666666666
263;131;0,333333333333333333333
263;420;0,259259259259259259259
263;744;0,037037037037037037037
263;845;0,111111111111111111111
263;846;0,148148148148148148148
263;1263;0,074074074074074074074
263;7130;0,037037037037037037037
267;861;0,600000000000000000000
267;2761;0,200000000000000000000
267;3045;0,200000000000000000000
268;749;0,125000000000000000000
268;1939;0,125000000000000000000
268;2706;0,625000000000000000000
268;4376;0,125000000000000000000
269;1515;1,000000000000000000000
273;1997;1,000000000000000000000
276;277;0,200000000000000000000
276;354;0,400000000000000000000
276;1945;0,200000000000000000000
276;3523;0,200000000000000000000
279;2706;0,666666666666666666666
279;3045;0,333333333333333333333
282;731;1,000000000000000000000
283;11;0,076923076923076923076
283;248;0,076923076923076923076
283;1141;0,076923076923076923076
283;1171;0,076923076923076923076
283;1342;0,153846153846153846153
283;1898;0,153846153846153846153
283;4747;0,230769230769230769230
283;5223;0,076923076923076923076
283;24259;0,076923076923076923076
284;251;0,200000000000000000000
284;3429;0,400000000000000000000
284;4213;0,200000000000000000000
284;6981;0,200000000000000000000
287;649;0,076923076923076923076
287;1216;0,153846153846153846153
287;1620;0,076923076923076923076
287;1829;0,307692307692307692307
287;2073;0,230769230769230769230
287;9941;0,153846153846153846153
288;295;0,333333333333333333333
288;2350;0,333333333333333333333
288;23561;0,333333333333333333333
290;1405;0,333333333333333333333
290;2337;0,333333333333333333333
290;8071;0,333333333333333333333
292;7160;0,500000000000000000000
292;7975;0,500000000000000000000
293;17190;1,000000000000000000000
295;288;0,125000000000000000000
295;297;0,250000000000000000000
295;315;0,125000000000000000000
295;681;0,125000000000000000000
295;3450;0,125000000000000000000
295;8009;0,250000000000000000000
296;277;0,090909090909090909090
296;288;0,090909090909090909090
296;568;0,090909090909090909090
296;891;0,090909090909090909090
296;2350;0,090909090909090909090
296;3685;0,090909090909090909090
296;8268;0,090909090909090909090
296;8306;0,272727272727272727272
296;8636;0,090909090909090909090
297;295;1,000000000000000000000
302;1162;0,111111111111111111111
302;2834;0,111111111111111111111
302;2835;0,222222222222222222222
302;6406;0,222222222222222222222
302;15737;0,222222222222222222222
302;24258;0,111111111111111111111
303;304;1,000000000000000000000
306;189;0,200000000000000000000
306;1307;0,200000000000000000000
306;1840;0,400000000000000000000
306;28027;0,200000000000000000000
307;1327;0,500000000000000000000
307;1329;0,500000000000000000000
309;1022;0,333333333333333333333
309;1276;0,333333333333333333333
309;3141;0,333333333333333333333
313;174;1,000000000000000000000
315;244;0,500000000000000000000
315;295;0,500000000000000000000
317;318;0,916666666666666666666
317;3836;0,041666666666666666666
317;12385;0,041666666666666666666
318;317;0,300000000000000000000
318;1448;0,100000000000000000000
318;2098;0,200000000000000000000
318;2445;0,200000000000000000000
318;3836;0,100000000000000000000
318;6527;0,100000000000000000000
320;2021;0,125000000000000000000
320;2206;0,375000000000000000000
320;2792;0,125000000000000000000
320;3957;0,125000000000000000000
320;5212;0,250000000000000000000
324;219;0,133333333333333333333
324;502;0,133333333333333333333
324;876;0,466666666666666666666
324;1893;0,066666666666666666666
324;1894;0,066666666666666666666
324;2516;0,066666666666666666666
324;2518;0,066666666666666666666
332;452;0,428571428571428571428
332;718;0,523809523809523809523
332;1129;0,047619047619047619047
334;36;0,111111111111111111111
334;196;0,111111111111111111111
334;641;0,111111111111111111111
334;756;0,111111111111111111111
334;3029;0,111111111111111111111
334;3557;0,111111111111111111111
334;4215;0,111111111111111111111
334;5464;0,222222222222222222222
337;805;0,500000000000000000000
337;4078;0,500000000000000000000
339;423;0,148148148148148148148
339;426;0,074074074074074074074
339;849;0,185185185185185185185
339;850;0,296296296296296296296
339;1024;0,222222222222222222222
339;8109;0,074074074074074074074
341;742;1,000000000000000000000
346;14151;1,000000000000000000000
347;42;0,500000000000000000000
347;4877;0,500000000000000000000
349;671;1,000000000000000000000
352;353;0,083333333333333333333
352;355;0,166666666666666666666
352;356;0,333333333333333333333
352;379;0,083333333333333333333
352;423;0,083333333333333333333
352;1442;0,083333333333333333333
352;2547;0,083333333333333333333
352;10672;0,083333333333333333333
353;2364;1,000000000000000000000
354;276;0,250000000000000000000
354;851;0,250000000000000000000
354;5625;0,250000000000000000000
354;41776;0,250000000000000000000
355;2203;1,000000000000000000000
356;352;0,200000000000000000000
356;2098;0,100000000000000000000
356;2246;0,100000000000000000000
356;5148;0,100000000000000000000
356;6903;0,200000000000000000000
356;8353;0,200000000000000000000
356;27349;0,100000000000000000000
359;945;0,250000000000000000000
359;1250;0,250000000000000000000
359;1945;0,500000000000000000000
365;3143;1,000000000000000000000
375;346;0,333333333333333333333
375;407;0,333333333333333333333
375;1218;0,333333333333333333333
380;1769;0,500000000000000000000
380;4396;0,500000000000000000000
384;615;0,333333333333333333333
384;1637;0,666666666666666666666
385;1290;0,333333333333333333333
385;1314;0,333333333333333333333
385;5171;0,333333333333333333333
388;410;1,000000000000000000000
390;410;1,000000000000000000000
391;869;0,333333333333333333333
391;6151;0,333333333333333333333
391;12563;0,333333333333333333333
392;410;0,285714285714285714285
392;1727;0,142857142857142857142
392;4078;0,142857142857142857142
392;5148;0,142857142857142857142
392;5360;0,142857142857142857142
392;13187;0,142857142857142857142
398;410;1,000000000000000000000
399;1681;0,333333333333333333333
399;1945;0,333333333333333333333
399;4498;0,333333333333333333333
403;410;1,000000000000000000000
407;184;0,166666666666666666666
407;713;0,166666666666666666666
407;1295;0,166666666666666666666
407;2551;0,166666666666666666666
407;2585;0,166666666666666666666
407;7574;0,166666666666666666666
408;2569;1,000000000000000000000
410;120;0,024390243902439024390
410;337;0,048780487804878048780
410;388;0,024390243902439024390
410;392;0,073170731707317073170
410;396;0,024390243902439024390
410;401;0,024390243902439024390
410;402;0,024390243902439024390
410;403;0,024390243902439024390
410;414;0,048780487804878048780
410;415;0,024390243902439024390
410;418;0,024390243902439024390
410;549;0,048780487804878048780
410;805;0,048780487804878048780
410;1138;0,024390243902439024390
410;1727;0,048780487804878048780
410;2140;0,073170731707317073170
410;2822;0,048780487804878048780
410;2877;0,024390243902439024390
410;3022;0,024390243902439024390
410;3024;0,024390243902439024390
410;3513;0,048780487804878048780
410;4078;0,024390243902439024390
410;6000;0,048780487804878048780
410;7389;0,024390243902439024390
410;8237;0,024390243902439024390
410;8566;0,048780487804878048780
410;13187;0,024390243902439024390
410;25274;0,024390243902439024390
411;218;0,071428571428571428571
411;1137;0,071428571428571428571
411;1397;0,142857142857142857142
411;1447;0,214285714285714285714
411;1728;0,142857142857142857142
411;3214;0,071428571428571428571
411;5168;0,214285714285714285714
411;12563;0,071428571428571428571
415;411;1,000000000000000000000
418;395;0,100000000000000000000
418;410;0,100000000000000000000
418;415;0,100000000000000000000
418;419;0,100000000000000000000
418;945;0,100000000000000000000
418;1762;0,100000000000000000000
418;3477;0,400000000000000000000
419;1286;0,166666666666666666666
419;1754;0,166666666666666666666
419;2127;0,166666666666666666666
419;2434;0,166666666666666666666
419;2993;0,166666666666666666666
419;12563;0,166666666666666666666
420;131;0,055555555555555555555
420;240;0,111111111111111111111
420;263;0,166666666666666666666
420;845;0,055555555555555555555
420;1939;0,111111111111111111111
420;1941;0,333333333333333333333
420;2741;0,111111111111111111111
420;7130;0,055555555555555555555
423;339;0,078125000000000000000
423;352;0,062500000000000000000
423;424;0,109375000000000000000
423;425;0,062500000000000000000
423;426;0,093750000000000000000
423;441;0,078125000000000000000
423;442;0,093750000000000000000
423;443;0,078125000000000000000
423;444;0,093750000000000000000
423;513;0,078125000000000000000
423;2561;0,015625000000000000000
423;4317;0,015625000000000000000
423;12390;0,015625000000000000000
423;12817;0,031250000000000000000
423;13335;0,093750000000000000000
424;4443;0,666666666666666666666
424;12817;0,333333333333333333333
425;423;0,210526315789473684210
425;670;0,105263157894736842105
425;1079;0,052631578947368421052
425;1538;0,210526315789473684210
425;2246;0,210526315789473684210
425;3664;0,052631578947368421052
425;4510;0,157894736842105263157
426;1574;1,000000000000000000000
427;183;0,055555555555555555555
427;749;0,777777777777777777777
427;829;0,055555555555555555555
427;1941;0,055555555555555555555
427;7886;0,055555555555555555555
433;1695;1,000000000000000000000
441;4344;0,500000000000000000000
441;4510;0,500000000000000000000
443;423;1,000000000000000000000
444;1574;0,333333333333333333333
444;12418;0,166666666666666666666
444;28748;0,500000000000000000000
453;777;0,142857142857142857142
453;839;0,142857142857142857142
453;1717;0,142857142857142857142
453;4299;0,142857142857142857142
453;4432;0,142857142857142857142
453;4677;0,142857142857142857142
453;13498;0,142857142857142857142
455;876;0,083333333333333333333
455;3381;0,166666666666666666666
455;4187;0,333333333333333333333
455;4376;0,250000000000000000000
455;6236;0,166666666666666666666
460;3980;1,000000000000000000000
466;1060;1,000000000000000000000
467;4086;0,800000000000000000000
467;5167;0,200000000000000000000
468;2569;0,750000000000000000000
468;6483;0,250000000000000000000
469;468;1,000000000000000000000
470;1996;0,500000000000000000000
470;2772;0,500000000000000000000
472;181;0,083333333333333333333
472;1917;0,083333333333333333333
472;3503;0,833333333333333333333
474;5691;1,000000000000000000000
477;1065;0,166666666666666666666
477;1264;0,333333333333333333333
477;1806;0,166666666666666666666
477;2429;0,166666666666666666666
477;5008;0,166666666666666666666
478;6960;0,500000000000000000000
478;8450;0,500000000000000000000
479;240;0,333333333333333333333
479;362;0,333333333333333333333
479;475;0,333333333333333333333
484;1374;0,333333333333333333333
484;1439;0,333333333333333333333
484;2647;0,333333333333333333333
485;119;0,500000000000000000000
485;1681;0,250000000000000000000
485;3105;0,250000000000000000000
488;13261;1,000000000000000000000
492;1282;0,250000000000000000000
492;1424;0,250000000000000000000
492;2008;0,250000000000000000000
492;10093;0,250000000000000000000
494;1840;1,000000000000000000000
496;2786;1,000000000000000000000
497;4561;1,000000000000000000000
498;12;0,459459459459459459459
498;13;0,459459459459459459459
498;155;0,054054054054054054054
498;499;0,027027027027027027027
502;80;0,040000000000000000000
502;224;0,120000000000000000000
502;250;0,040000000000000000000
502;324;0,040000000000000000000
502;530;0,040000000000000000000
502;531;0,040000000000000000000
502;1027;0,080000000000000000000
502;1131;0,040000000000000000000
502;1248;0,040000000000000000000
502;1513;0,040000000000000000000
502;1591;0,040000000000000000000
502;1893;0,040000000000000000000
502;2436;0,040000000000000000000
502;2516;0,040000000000000000000
502;2518;0,040000000000000000000
502;3045;0,040000000000000000000
502;3443;0,040000000000000000000
502;3515;0,040000000000000000000
502;3625;0,040000000000000000000
502;4286;0,040000000000000000000
502;6007;0,040000000000000000000
502;12333;0,040000000000000000000
512;2385;1,000000000000000000000
513;441;0,500000000000000000000
513;7135;0,500000000000000000000
517;72;0,250000000000000000000
517;830;0,125000000000000000000
517;2203;0,250000000000000000000
517;3395;0,375000000000000000000
518;6733;1,000000000000000000000
519;2494;1,000000000000000000000
520;240;0,166666666666666666666
520;521;0,333333333333333333333
520;1171;0,166666666666666666666
520;1182;0,166666666666666666666
520;2054;0,166666666666666666666
521;249;0,083333333333333333333
521;520;0,166666666666666666666
521;1600;0,083333333333333333333
521;1938;0,083333333333333333333
521;2271;0,083333333333333333333
521;2644;0,166666666666666666666
521;4765;0,083333333333333333333
521;5629;0,083333333333333333333
521;6581;0,083333333333333333333
521;9424;0,083333333333333333333
524;1122;1,000000000000000000000
526;183;0,250000000000000000000
526;911;0,125000000000000000000
526;1278;0,062500000000000000000
526;1326;0,062500000000000000000
526;1769;0,125000000000000000000
526;2008;0,062500000000000000000
526;2385;0,125000000000000000000
526;2786;0,062500000000000000000
526;4281;0,062500000000000000000
526;9436;0,062500000000000000000
527;190;0,142857142857142857142
527;4345;0,428571428571428571428
527;17248;0,285714285714285714285
527;22123;0,142857142857142857142
529;3235;0,250000000000000000000
529;3523;0,250000000000000000000
529;9431;0,500000000000000000000
538;349;0,142857142857142857142
538;351;0,428571428571428571428
538;1027;0,142857142857142857142
538;2594;0,142857142857142857142
538;4278;0,142857142857142857142
541;54;0,714285714285714285714
541;2131;0,142857142857142857142
541;7111;0,142857142857142857142
543;886;0,250000000000000000000
543;1923;0,250000000000000000000
543;2352;0,250000000000000000000
543;5500;0,250000000000000000000
545;2322;0,166666666666666666666
545;5506;0,083333333333333333333
545;5915;0,250000000000000000000
545;6694;0,500000000000000000000
546;3575;0,500000000000000000000
546;5218;0,500000000000000000000
547;988;1,000000000000000000000
550;132;0,368421052631578947368
550;435;0,368421052631578947368
550;596;0,052631578947368421052
550;1596;0,052631578947368421052
550;3105;0,052631578947368421052
550;6130;0,052631578947368421052
550;11536;0,052631578947368421052
551;485;0,500000000000000000000
551;28602;0,500000000000000000000
560;208;1,000000000000000000000
567;1785;0,142857142857142857142
567;3548;0,714285714285714285714
567;3791;0,142857142857142857142
568;4;0,250000000000000000000
568;288;0,250000000000000000000
568;7648;0,500000000000000000000
571;1897;1,000000000000000000000
573;435;0,333333333333333333333
573;1293;0,666666666666666666666
577;1705;1,000000000000000000000
585;266;1,000000000000000000000
588;2549;1,000000000000000000000
594;2586;0,500000000000000000000
594;5564;0,500000000000000000000
600;2098;0,071428571428571428571
600;2246;0,214285714285714285714
600;3007;0,214285714285714285714
600;3664;0,071428571428571428571
600;4317;0,071428571428571428571
600;6721;0,214285714285714285714
600;7130;0,142857142857142857142
607;886;0,250000000000000000000
607;3015;0,750000000000000000000
608;609;0,600000000000000000000
608;4374;0,400000000000000000000
611;1121;0,500000000000000000000
611;2434;0,500000000000000000000
612;39;0,250000000000000000000
612;9762;0,750000000000000000000
613;527;0,166666666666666666666
613;1588;0,166666666666666666666
613;3320;0,166666666666666666666
613;3450;0,166666666666666666666
613;5257;0,166666666666666666666
613;7879;0,166666666666666666666
615;96;0,004184100418410041841
615;253;0,012552301255230125523
615;268;0,012552301255230125523
615;540;0,012552301255230125523
615;626;0,012552301255230125523
615;675;0,012552301255230125523
615;724;0,012552301255230125523
615;941;0,012552301255230125523
615;980;0,012552301255230125523
615;984;0,012552301255230125523
615;1048;0,012552301255230125523
615;1153;0,012552301255230125523
615;1160;0,012552301255230125523
615;1310;0,012552301255230125523
615;1523;0,012552301255230125523
615;1526;0,012552301255230125523
615;1622;0,012552301255230125523
615;1868;0,012552301255230125523
615;1873;0,012552301255230125523
615;1889;0,012552301255230125523
615;1898;0,008368200836820083682
615;2136;0,012552301255230125523
615;2139;0,004184100418410041841
615;2330;0,012552301255230125523
615;2461;0,012552301255230125523
615;2514;0,012552301255230125523
615;2761;0,012552301255230125523
615;3332;0,012552301255230125523
615;3485;0,012552301255230125523
615;3503;0,012552301255230125523
615;3753;0,012552301255230125523
615;3857;0,012552301255230125523
615;4018;0,012552301255230125523
615;4080;0,004184100418410041841
615;4323;0,012552301255230125523
615;4513;0,012552301255230125523
615;4598;0,012552301255230125523
615;4713;0,004184100418410041841
615;4722;0,012552301255230125523
615;4747;0,008368200836820083682
615;4927;0,012552301255230125523
615;5142;0,012552301255230125523
615;5174;0,012552301255230125523
615;5289;0,012552301255230125523
615;5304;0,012552301255230125523
615;5383;0,012552301255230125523
615;5500;0,012552301255230125523
615;5578;0,012552301255230125523
615;5824;0,012552301255230125523
615;5827;0,012552301255230125523
615;5843;0,012552301255230125523
615;5861;0,012552301255230125523
615;6444;0,012552301255230125523
615;6535;0,012552301255230125523
615;6666;0,012552301255230125523
615;6746;0,012552301255230125523
615;6781;0,012552301255230125523
615;6979;0,012552301255230125523
615;6980;0,012552301255230125523
615;6981;0,012552301255230125523
615;7142;0,012552301255230125523
615;7862;0,012552301255230125523
615;8949;0,012552301255230125523
615;9657;0,012552301255230125523
615;9691;0,012552301255230125523
615;9805;0,012552301255230125523
615;9984;0,012552301255230125523
615;10823;0,012552301255230125523
615;11690;0,012552301255230125523
615;12712;0,012552301255230125523
615;12775;0,012552301255230125523
615;12876;0,012552301255230125523
615;12880;0,012552301255230125523
615;12882;0,012552301255230125523
615;16974;0,012552301255230125523
615;17720;0,012552301255230125523
615;22495;0,012552301255230125523
615;24370;0,012552301255230125523
615;24371;0,012552301255230125523
615;27538;0,012552301255230125523
615;27588;0,012552301255230125523
615;27620;0,012552301255230125523
615;28405;0,012552301255230125523
617;9309;1,000000000000000000000
621;1457;0,250000000000000000000
621;3268;0,250000000000000000000
621;5439;0,250000000000000000000
621;11999;0,250000000000000000000
622;965;0,090909090909090909090
622;1122;0,090909090909090909090
622;2054;0,181818181818181818181
622;2147;0,181818181818181818181
622;2780;0,090909090909090909090
622;2786;0,090909090909090909090
622;8909;0,090909090909090909090
622;9437;0,090909090909090909090
622;12001;0,090909090909090909090
625;122;0,166666666666666666666
625;798;0,416666666666666666666
625;6203;0,166666666666666666666
625;6543;0,166666666666666666666
625;9714;0,083333333333333333333
626;122;1,000000000000000000000
628;161;0,055555555555555555555
628;190;0,055555555555555555555
628;194;0,166666666666666666666
628;360;0,055555555555555555555
628;700;0,111111111111111111111
628;1262;0,055555555555555555555
628;1545;0,055555555555555555555
628;1754;0,111111111111111111111
628;1939;0,111111111111111111111
628;1940;0,055555555555555555555
628;4991;0,055555555555555555555
628;6755;0,055555555555555555555
628;10359;0,055555555555555555555
632;1117;0,333333333333333333333
632;2364;0,666666666666666666666
644;486;0,100000000000000000000
644;645;0,100000000000000000000
644;1032;0,200000000000000000000
644;4160;0,100000000000000000000
644;6504;0,100000000000000000000
644;6509;0,100000000000000000000
644;6511;0,200000000000000000000
644;6518;0,100000000000000000000
648;119;0,500000000000000000000
648;486;0,500000000000000000000
652;4377;1,000000000000000000000
660;148;0,500000000000000000000
660;2544;0,500000000000000000000
667;468;0,307692307692307692307
667;469;0,307692307692307692307
667;668;0,076923076923076923076
667;10207;0,307692307692307692307
668;530;0,500000000000000000000
668;667;0,500000000000000000000
669;408;0,222222222222222222222
669;1939;0,444444444444444444444
669;2223;0,111111111111111111111
669;6320;0,111111111111111111111
669;8009;0,111111111111111111111
670;71;0,057971014492753623188
670;100;0,086956521739130434782
670;276;0,057971014492753623188
670;695;0,057971014492753623188
670;842;0,028985507246376811594
670;983;0,014492753623188405797
670;1169;0,086956521739130434782
670;1371;0,057971014492753623188
670;1940;0,057971014492753623188
670;1941;0,130434782608695652173
670;1942;0,057971014492753623188
670;1943;0,057971014492753623188
670;1944;0,057971014492753623188
670;1945;0,057971014492753623188
670;1946;0,057971014492753623188
670;4512;0,072463768115942028985
671;349;0,500000000000000000000
671;3197;0,500000000000000000000
675;452;0,666666666666666666666
675;1370;0,166666666666666666666
675;1391;0,166666666666666666666
678;1526;0,166666666666666666666
678;1547;0,166666666666666666666
678;1591;0,083333333333333333333
678;2706;0,166666666666666666666
678;3045;0,166666666666666666666
678;4376;0,166666666666666666666
678;5174;0,083333333333333333333
682;6773;0,500000000000000000000
682;9367;0,500000000000000000000
683;682;1,000000000000000000000
689;2374;0,500000000000000000000
689;2576;0,500000000000000000000
691;132;0,935483870967741935483
691;4244;0,032258064516129032258
691;28584;0,032258064516129032258
695;71;0,055555555555555555555
695;194;0,111111111111111111111
695;240;0,166666666666666666666
695;475;0,055555555555555555555
695;995;0,111111111111111111111
695;1314;0,055555555555555555555
695;3108;0,055555555555555555555
695;3586;0,055555555555555555555
695;5011;0,055555555555555555555
695;6006;0,055555555555555555555
695;8446;0,055555555555555555555
695;14907;0,055555555555555555555
695;23931;0,111111111111111111111
696;1724;0,500000000000000000000
696;18641;0,500000000000000000000
698;1814;0,333333333333333333333
698;3381;0,333333333333333333333
698;4376;0,333333333333333333333
700;837;0,500000000000000000000
700;1754;0,500000000000000000000
708;2991;0,777777777777777777777
708;4020;0,222222222222222222222
713;458;1,000000000000000000000
724;24370;1,000000000000000000000
731;275;0,437500000000000000000
731;282;0,437500000000000000000
731;1439;0,062500000000000000000
731;20393;0,062500000000000000000
733;2916;0,500000000000000000000
733;2935;0,500000000000000000000
740;2;0,250000000000000000000
740;739;0,125000000000000000000
740;1352;0,375000000000000000000
740;9898;0,125000000000000000000
740;13502;0,125000000000000000000
744;845;0,812500000000000000000
744;846;0,062500000000000000000
744;1437;0,062500000000000000000
744;18641;0,062500000000000000000
747;74;0,083333333333333333333
747;213;0,083333333333333333333
747;748;0,333333333333333333333
747;2129;0,083333333333333333333
747;3015;0,083333333333333333333
747;3342;0,083333333333333333333
747;5177;0,083333333333333333333
747;13158;0,083333333333333333333
747;38738;0,083333333333333333333
748;213;0,166666666666666666666
748;747;0,333333333333333333333
748;1439;0,166666666666666666666
748;1440;0,166666666666666666666
748;3829;0,166666666666666666666
749;96;0,066666666666666666666
749;1168;0,200000000000000000000
749;1689;0,066666666666666666666
749;1939;0,200000000000000000000
749;3793;0,066666666666666666666
749;4219;0,066666666666666666666
749;6048;0,066666666666666666666
749;9982;0,133333333333333333333
749;12768;0,066666666666666666666
749;30415;0,066666666666666666666
761;5171;1,000000000000000000000
763;1234;0,210526315789473684210
763;1237;0,473684210526315789473
763;1277;0,105263157894736842105
763;1596;0,052631578947368421052
763;2825;0,052631578947368421052
763;5440;0,052631578947368421052
763;10188;0,052631578947368421052
768;69;0,111111111111111111111
768;822;0,111111111111111111111
768;2448;0,222222222222222222222
768;4283;0,111111111111111111111
768;4445;0,111111111111111111111
768;4454;0,111111111111111111111
768;4465;0,111111111111111111111
768;26347;0,111111111111111111111
772;85;0,500000000000000000000
772;269;0,500000000000000000000
777;4432;1,000000000000000000000
779;2500;1,000000000000000000000
787;285;0,200000000000000000000
787;3601;0,200000000000000000000
787;4376;0,600000000000000000000
802;2087;0,666666666666666666666
802;5171;0,333333333333333333333
805;3667;0,800000000000000000000
805;6000;0,200000000000000000000
815;1060;0,666666666666666666666
815;7759;0,333333333333333333333
819;332;0,166666666666666666666
819;452;0,166666666666666666666
819;718;0,083333333333333333333
819;820;0,333333333333333333333
819;1391;0,250000000000000000000
820;111;0,125000000000000000000
820;332;0,041666666666666666666
820;452;0,208333333333333333333
820;819;0,125000000000000000000
820;876;0,291666666666666666666
820;1116;0,041666666666666666666
820;1370;0,041666666666666666666
820;1391;0,041666666666666666666
820;1647;0,083333333333333333333
822;2578;0,500000000000000000000
822;3675;0,500000000000000000000
827;1236;1,000000000000000000000
829;846;0,142857142857142857142
829;852;0,142857142857142857142
829;1182;0,571428571428571428571
829;2203;0,142857142857142857142
830;829;0,400000000000000000000
830;4695;0,400000000000000000000
830;6511;0,200000000000000000000
835;1032;0,285714285714285714285
835;1152;0,285714285714285714285
835;3574;0,142857142857142857142
835;5136;0,142857142857142857142
835;5607;0,142857142857142857142
837;194;0,250000000000000000000
837;700;0,500000000000000000000
837;1754;0,125000000000000000000
837;2551;0,125000000000000000000
841;1234;0,666666666666666666666
841;1401;0,333333333333333333333
842;65;0,071428571428571428571
842;194;0,035714285714285714285
842;427;0,035714285714285714285
842;670;0,107142857142857142857
842;845;0,035714285714285714285
842;885;0,071428571428571428571
842;1046;0,035714285714285714285
842;1169;0,071428571428571428571
842;1941;0,035714285714285714285
842;2731;0,071428571428571428571
842;2993;0,035714285714285714285
842;3344;0,035714285714285714285
842;4831;0,071428571428571428571
842;4874;0,071428571428571428571
842;6501;0,071428571428571428571
842;7968;0,142857142857142857142
844;360;1,000000000000000000000
845;263;0,063829787234042553191
845;420;0,042553191489361702127
845;744;0,234042553191489361702
845;842;0,042553191489361702127
845;846;0,446808510638297872340
845;982;0,021276595744680851063
845;1437;0,063829787234042553191
845;2271;0,021276595744680851063
845;2731;0,021276595744680851063
845;3393;0,021276595744680851063
845;18641;0,021276595744680851063
846;131;0,018518518518518518518
846;148;0,027777777777777777777
846;263;0,009259259259259259259
846;277;0,018518518518518518518
846;283;0,018518518518518518518
846;292;0,027777777777777777777
846;296;0,018518518518518518518
846;419;0,018518518518518518518
846;660;0,018518518518518518518
846;744;0,037037037037037037037
846;829;0,018518518518518518518
846;842;0,018518518518518518518
846;845;0,064814814814814814814
846;904;0,027777777777777777777
846;965;0,018518518518518518518
846;966;0,018518518518518518518
846;1066;0,018518518518518518518
846;1142;0,018518518518518518518
846;1224;0,018518518518518518518
846;1342;0,018518518518518518518
846;1437;0,027777777777777777777
846;1898;0,018518518518518518518
846;2546;0,018518518518518518518
846;2697;0,018518518518518518518
846;2731;0,018518518518518518518
846;2744;0,018518518518518518518
846;2786;0,018518518518518518518
846;2834;0,009259259259259259259
846;3417;0,027777777777777777777
846;3420;0,018518518518518518518
846;3696;0,018518518518518518518
846;4147;0,018518518518518518518
846;4747;0,018518518518518518518
846;5245;0,018518518518518518518
846;5627;0,018518518518518518518
846;5638;0,027777777777777777777
846;7975;0,018518518518518518518
846;8267;0,018518518518518518518
846;8268;0,018518518518518518518
846;8306;0,018518518518518518518
846;8636;0,018518518518518518518
846;8715;0,018518518518518518518
846;12579;0,018518518518518518518
846;12959;0,018518518518518518518
846;23759;0,027777777777777777777
846;26070;0,018518518518518518518
846;26219;0,018518518518518518518
846;27836;0,018518518518518518518
851;315;0,047169811320754716981
851;397;0,047169811320754716981
851;852;0,047169811320754716981
851;853;0,047169811320754716981
851;854;0,047169811320754716981
851;855;0,047169811320754716981
851;856;0,047169811320754716981
851;857;0,047169811320754716981
851;858;0,047169811320754716981
851;859;0,047169811320754716981
851;860;0,047169811320754716981
851;861;0,047169811320754716981
851;862;0,047169811320754716981
851;863;0,047169811320754716981
851;864;0,047169811320754716981
851;865;0,047169811320754716981
851;866;0,047169811320754716981
851;867;0,047169811320754716981
851;868;0,047169811320754716981
851;869;0,047169811320754716981
851;870;0,047169811320754716981
851;2657;0,009433962264150943396
853;59;0,010050251256281407035
853;244;0,005025125628140703517
853;260;0,010050251256281407035
853;681;0,010050251256281407035
853;683;0,010050251256281407035
853;749;0,005025125628140703517
853;770;0,005025125628140703517
853;854;0,010050251256281407035
853;990;0,010050251256281407035
853;997;0,010050251256281407035
853;1133;0,010050251256281407035
853;1206;0,010050251256281407035
853;1224;0,005025125628140703517
853;1225;0,010050251256281407035
853;1239;0,010050251256281407035
853;1246;0,010050251256281407035
853;1322;0,010050251256281407035
853;1458;0,010050251256281407035
853;1459;0,010050251256281407035
853;1505;0,010050251256281407035
853;1516;0,010050251256281407035
853;2057;0,010050251256281407035
853;2190;0,010050251256281407035
853;2191;0,010050251256281407035
853;2520;0,010050251256281407035
853;2588;0,010050251256281407035
853;2865;0,010050251256281407035
853;3019;0,010050251256281407035
853;3143;0,005025125628140703517
853;3225;0,010050251256281407035
853;3251;0,010050251256281407035
853;3292;0,010050251256281407035
853;3370;0,010050251256281407035
853;3378;0,010050251256281407035
853;3615;0,010050251256281407035
853;3656;0,010050251256281407035
853;3747;0,010050251256281407035
853;3840;0,010050251256281407035
853;3862;0,010050251256281407035
853;3940;0,010050251256281407035
853;4349;0,010050251256281407035
853;4538;0,010050251256281407035
853;4636;0,010050251256281407035
853;4749;0,010050251256281407035
853;4751;0,010050251256281407035
853;4954;0,010050251256281407035
853;5408;0,010050251256281407035
853;5659;0,010050251256281407035
853;5682;0,010050251256281407035
853;5700;0,010050251256281407035
853;5967;0,010050251256281407035
853;6250;0,010050251256281407035
853;6267;0,010050251256281407035
853;6366;0,010050251256281407035
853;6433;0,010050251256281407035
853;6681;0,010050251256281407035
853;6792;0,010050251256281407035
853;7015;0,010050251256281407035
853;7131;0,010050251256281407035
853;7151;0,010050251256281407035
853;7206;0,010050251256281407035
853;7240;0,010050251256281407035
853;7624;0,010050251256281407035
853;7738;0,010050251256281407035
853;8281;0,010050251256281407035
853;8687;0,010050251256281407035
853;8698;0,010050251256281407035
853;9088;0,010050251256281407035
853;9106;0,010050251256281407035
853;9195;0,010050251256281407035
853;9345;0,010050251256281407035
853;9483;0,010050251256281407035
853;10491;0,010050251256281407035
853;10892;0,010050251256281407035
853;11382;0,010050251256281407035
853;12428;0,010050251256281407035
853;12430;0,010050251256281407035
853;12431;0,010050251256281407035
853;12432;0,010050251256281407035
853;12433;0,010050251256281407035
853;12435;0,010050251256281407035
853;12436;0,010050251256281407035
853;12437;0,010050251256281407035
853;12438;0,010050251256281407035
853;12439;0,010050251256281407035
853;12441;0,010050251256281407035
853;12442;0,010050251256281407035
853;12443;0,010050251256281407035
853;12768;0,010050251256281407035
853;13054;0,010050251256281407035
853;14269;0,010050251256281407035
853;15975;0,010050251256281407035
853;16487;0,015075376884422110552
853;16866;0,010050251256281407035
853;20666;0,010050251256281407035
853;21470;0,010050251256281407035
853;26219;0,005025125628140703517
853;27390;0,010050251256281407035
853;27427;0,010050251256281407035
853;27557;0,010050251256281407035
853;28034;0,010050251256281407035
853;28963;0,010050251256281407035
855;1855;0,500000000000000000000
855;4004;0,500000000000000000000
860;168;0,500000000000000000000
860;2293;0,500000000000000000000
861;248;0,024390243902439024390
861;250;0,024390243902439024390
861;267;0,146341463414634146341
861;285;0,024390243902439024390
861;781;0,024390243902439024390
861;1547;0,024390243902439024390
861;1591;0,048780487804878048780
861;2139;0,024390243902439024390
861;2252;0,048780487804878048780
861;2515;0,073170731707317073170
861;2716;0,048780487804878048780
861;2962;0,048780487804878048780
861;3045;0,073170731707317073170
861;3219;0,024390243902439024390
861;3332;0,024390243902439024390
861;3866;0,024390243902439024390
861;3867;0,048780487804878048780
861;3869;0,024390243902439024390
861;3870;0,024390243902439024390
861;3871;0,024390243902439024390
861;3872;0,024390243902439024390
861;3873;0,024390243902439024390
861;4713;0,073170731707317073170
861;8095;0,024390243902439024390
861;10020;0,024390243902439024390
863;180;0,071428571428571428571
863;681;0,071428571428571428571
863;997;0,071428571428571428571
863;1243;0,071428571428571428571
863;1322;0,071428571428571428571
863;4132;0,071428571428571428571
863;4401;0,071428571428571428571
863;5682;0,071428571428571428571
863;5693;0,071428571428571428571
863;6267;0,071428571428571428571
863;12443;0,071428571428571428571
863;16487;0,071428571428571428571
863;16660;0,071428571428571428571
863;27557;0,071428571428571428571
864;2179;1,000000000000000000000
866;5691;1,000000000000000000000
869;391;0,250000000000000000000
869;1442;0,250000000000000000000
869;1862;0,250000000000000000000
869;3408;0,250000000000000000000
873;557;0,500000000000000000000
873;3838;0,500000000000000000000
877;887;0,333333333333333333333
877;1044;0,333333333333333333333
877;5918;0,166666666666666666666
877;9807;0,166666666666666666666
883;2385;1,000000000000000000000
885;842;0,200000000000000000000
885;1812;0,200000000000000000000
885;2835;0,400000000000000000000
885;5493;0,200000000000000000000
886;543;1,000000000000000000000
890;57;1,000000000000000000000
899;1681;0,500000000000000000000
899;3862;0,500000000000000000000
904;846;1,000000000000000000000
911;526;0,333333333333333333333
911;4262;0,333333333333333333333
911;7788;0,333333333333333333333
912;1591;0,111111111111111111111
912;3219;0,888888888888888888888
918;351;0,333333333333333333333
918;3204;0,333333333333333333333
918;10602;0,333333333333333333333
920;38;0,250000000000000000000
920;609;0,250000000000000000000
920;1824;0,250000000000000000000
920;3087;0,250000000000000000000
925;827;0,166666666666666666666
925;1156;0,166666666666666666666
925;3219;0,166666666666666666666
925;4501;0,166666666666666666666
925;5351;0,166666666666666666666
925;10085;0,166666666666666666666
930;3697;1,000000000000000000000
933;80;0,500000000000000000000
933;531;0,500000000000000000000
937;1483;0,500000000000000000000
937;2291;0,500000000000000000000
938;866;0,250000000000000000000
938;13545;0,500000000000000000000
938;17323;0,250000000000000000000
941;1868;0,500000000000000000000
941;5500;0,500000000000000000000
943;1979;0,500000000000000000000
943;2435;0,500000000000000000000
945;396;0,333333333333333333333
945;1168;0,333333333333333333333
945;2374;0,333333333333333333333
955;1253;0,333333333333333333333
955;3089;0,333333333333333333333
955;4681;0,333333333333333333333
956;955;0,500000000000000000000
956;4681;0,500000000000000000000
965;1443;0,250000000000000000000
965;2147;0,500000000000000000000
965;5922;0,250000000000000000000
966;1066;1,000000000000000000000
970;1286;0,400000000000000000000
970;2385;0,400000000000000000000
970;5441;0,200000000000000000000
972;2741;0,428571428571428571428
972;3045;0,142857142857142857142
972;4890;0,071428571428571428571
972;6570;0,214285714285714285714
972;8910;0,142857142857142857142
977;993;0,133333333333333333333
977;1060;0,066666666666666666666
977;2697;0,133333333333333333333
977;4755;0,066666666666666666666
977;5691;0,200000000000000000000
977;5762;0,200000000000000000000
977;9839;0,133333333333333333333
977;20662;0,066666666666666666666
978;74;0,068181818181818181818
978;464;0,068181818181818181818
978;1085;0,068181818181818181818
978;1406;0,068181818181818181818
978;1503;0,068181818181818181818
978;2176;0,045454545454545454545
978;2559;0,068181818181818181818
978;2591;0,068181818181818181818
978;3096;0,045454545454545454545
978;3610;0,068181818181818181818
978;3859;0,045454545454545454545
978;4179;0,045454545454545454545
978;5449;0,045454545454545454545
978;8756;0,068181818181818181818
978;8910;0,022727272727272727272
978;9296;0,068181818181818181818
978;12936;0,068181818181818181818
979;1991;0,666666666666666666666
979;3071;0,166666666666666666666
979;4098;0,166666666666666666666
980;307;0,142857142857142857142
980;1446;0,285714285714285714285
980;2515;0,142857142857142857142
980;3219;0,428571428571428571428
982;600;0,142857142857142857142
982;852;0,142857142857142857142
982;1032;0,142857142857142857142
982;4317;0,142857142857142857142
982;5564;0,142857142857142857142
982;5617;0,142857142857142857142
982;17282;0,142857142857142857142
983;67;0,100000000000000000000
983;670;0,100000000000000000000
983;1277;0,200000000000000000000
983;3091;0,200000000000000000000
983;4821;0,100000000000000000000
983;21697;0,200000000000000000000
983;28570;0,100000000000000000000
984;472;0,200000000000000000000
984;1917;0,400000000000000000000
984;2291;0,200000000000000000000
984;4553;0,200000000000000000000
990;2249;0,333333333333333333333
990;8666;0,333333333333333333333
990;14125;0,333333333333333333333
992;113;0,133333333333333333333
992;1278;0,033333333333333333333
992;1931;0,300000000000000000000
992;2684;0,400000000000000000000
992;46501;0,133333333333333333333
995;194;0,066666666666666666666
995;242;0,200000000000000000000
995;285;0,200000000000000000000
995;748;0,266666666666666666666
995;1092;0,066666666666666666666
995;1130;0,200000000000000000000
1004;9720;1,000000000000000000000
1010;189;0,454545454545454545454
1010;216;0,090909090909090909090
1010;1018;0,090909090909090909090
1010;1293;0,090909090909090909090
1010;3809;0,090909090909090909090
1010;13504;0,090909090909090909090
1010;18149;0,090909090909090909090
1014;1563;1,000000000000000000000
1018;1010;0,666666666666666666666
1018;24076;0,333333333333333333333
1022;1657;0,200000000000000000000
1022;3852;0,400000000000000000000
1022;6502;0,400000000000000000000
1029;1030;0,333333333333333333333
1029;1035;0,166666666666666666666
1029;2825;0,166666666666666666666
1029;3802;0,166666666666666666666
1029;7866;0,166666666666666666666
1030;290;0,176470588235294117647
1030;1029;0,176470588235294117647
1030;1197;0,147058823529411764705
1030;1198;0,029411764705882352941
1030;2371;0,088235294117647058823
1030;2372;0,058823529411764705882
1030;2678;0,147058823529411764705
1030;3978;0,058823529411764705882
1030;8348;0,117647058823529411764
1032;644;0,500000000000000000000
1032;982;0,500000000000000000000
1033;11;0,052631578947368421052
1033;12;0,052631578947368421052
1033;14;0,052631578947368421052
1033;160;0,052631578947368421052
1033;181;0,052631578947368421052
1033;440;0,052631578947368421052
1033;798;0,078947368421052631578
1033;857;0,052631578947368421052
1033;1034;0,052631578947368421052
1033;1261;0,052631578947368421052
1033;1495;0,052631578947368421052
1033;1983;0,078947368421052631578
1033;2464;0,052631578947368421052
1033;2847;0,052631578947368421052
1033;3080;0,052631578947368421052
1033;5042;0,052631578947368421052
1033;5155;0,052631578947368421052
1033;5227;0,052631578947368421052
1034;2741;0,666666666666666666666
1034;8489;0,333333333333333333333
1035;851;1,000000000000000000000
1037;28930;1,000000000000000000000
1040;82;1,000000000000000000000
1041;1042;0,071428571428571428571
1041;1669;0,428571428571428571428
1041;1771;0,214285714285714285714
1041;2275;0,214285714285714285714
1041;15163;0,071428571428571428571
1042;1771;0,333333333333333333333
1042;8820;0,333333333333333333333
1042;12375;0,333333333333333333333
1044;877;0,250000000000000000000
1044;887;0,375000000000000000000
1044;12798;0,250000000000000000000
1044;18258;0,125000000000000000000
1046;266;0,142857142857142857142
1046;738;0,142857142857142857142
1046;964;0,142857142857142857142
1046;1092;0,142857142857142857142
1046;1751;0,142857142857142857142
1046;1897;0,142857142857142857142
1046;1997;0,142857142857142857142
1048;3045;1,000000000000000000000
1053;1949;0,750000000000000000000
1053;13907;0,250000000000000000000
1054;1055;1,000000000000000000000
1055;166;0,100000000000000000000
1055;822;0,100000000000000000000
1055;1054;0,100000000000000000000
1055;2745;0,100000000000000000000
1055;3340;0,200000000000000000000
1055;4430;0,100000000000000000000
1055;4435;0,100000000000000000000
1055;4451;0,100000000000000000000
1055;4455;0,100000000000000000000
1058;2139;0,333333333333333333333
1058;3188;0,666666666666666666666
1060;466;0,285714285714285714285
1060;815;0,214285714285714285714
1060;977;0,214285714285714285714
1060;1780;0,214285714285714285714
1060;5698;0,071428571428571428571
1064;232;0,500000000000000000000
1064;1563;0,250000000000000000000
1064;4518;0,250000000000000000000
1066;277;0,250000000000000000000
1066;1681;0,250000000000000000000
1066;2147;0,500000000000000000000
1069;2961;1,000000000000000000000
1073;770;0,192307692307692307692
1073;1315;0,153846153846153846153
1073;1985;0,192307692307692307692
1073;4918;0,115384615384615384615
1073;4919;0,038461538461538461538
1073;8109;0,076923076923076923076
1073;8164;0,115384615384615384615
1073;8165;0,115384615384615384615
1076;669;1,000000000000000000000
1079;560;1,000000000000000000000
1082;891;1,000000000000000000000
1083;1082;1,000000000000000000000
1085;12936;0,500000000000000000000
1085;29376;0,500000000000000000000
1094;299;1,000000000000000000000
1100;863;0,200000000000000000000
1100;2275;0,200000000000000000000
1100;3696;0,200000000000000000000
1100;5423;0,400000000000000000000
1101;496;0,058823529411764705882
1101;497;0,058823529411764705882
1101;766;0,058823529411764705882
1101;1234;0,058823529411764705882
1101;1508;0,117647058823529411764
1101;1780;0,058823529411764705882
1101;2037;0,058823529411764705882
1101;2272;0,058823529411764705882
1101;2738;0,058823529411764705882
1101;3296;0,058823529411764705882
1101;4500;0,058823529411764705882
1101;5219;0,058823529411764705882
1101;9402;0,058823529411764705882
1101;9432;0,058823529411764705882
1101;9442;0,117647058823529411764
1117;360;0,333333333333333333333
1117;2364;0,083333333333333333333
1117;2450;0,083333333333333333333
1117;2547;0,083333333333333333333
1117;2972;0,166666666666666666666
1117;8253;0,250000000000000000000
1118;1149;0,250000000000000000000
1118;1943;0,250000000000000000000
1118;5625;0,250000000000000000000
1118;10672;0,250000000000000000000
1120;9468;1,000000000000000000000
1121;285;0,052631578947368421052
1121;611;0,052631578947368421052
1121;622;0,052631578947368421052
1121;749;0,052631578947368421052
1121;1168;0,052631578947368421052
1121;1326;0,052631578947368421052
1121;1443;0,052631578947368421052
1121;2146;0,052631578947368421052
1121;2147;0,105263157894736842105
1121;2214;0,052631578947368421052
1121;2683;0,105263157894736842105
1121;5119;0,052631578947368421052
1121;5367;0,210526315789473684210
1121;7939;0,052631578947368421052
1123;2119;0,200000000000000000000
1123;9615;0,400000000000000000000
1123;11527;0,400000000000000000000
1124;189;1,000000000000000000000
1127;4498;0,500000000000000000000
1127;5536;0,500000000000000000000
1131;80;0,428571428571428571428
1131;876;0,285714285714285714285
1131;3443;0,285714285714285714285
1133;1206;0,500000000000000000000
1133;1246;0,500000000000000000000
1140;6;0,083333333333333333333
1140;1822;0,083333333333333333333
1140;2921;0,083333333333333333333
1140;3284;0,083333333333333333333
1140;3999;0,083333333333333333333
1140;4786;0,083333333333333333333
1140;7802;0,083333333333333333333
1140;10103;0,083333333333333333333
1140;12387;0,083333333333333333333
1140;12670;0,083333333333333333333
1140;17274;0,083333333333333333333
1140;26386;0,083333333333333333333
1141;96;0,400000000000000000000
1141;283;0,200000000000000000000
1141;2293;0,200000000000000000000
1141;8489;0,200000000000000000000
1142;846;0,133333333333333333333
1142;1591;0,200000000000000000000
1142;2464;0,066666666666666666666
1142;2741;0,133333333333333333333
1142;3246;0,266666666666666666666
1142;5223;0,200000000000000000000
1143;3399;1,000000000000000000000
1149;1118;0,333333333333333333333
1149;5430;0,666666666666666666666
1150;77;0,500000000000000000000
1150;5367;0,500000000000000000000
1154;85;0,250000000000000000000
1154;615;0,250000000000000000000
1154;4098;0,250000000000000000000
1154;5223;0,250000000000000000000
1157;1073;0,166666666666666666666
1157;1984;0,166666666666666666666
1157;1985;0,166666666666666666666
1157;3682;0,166666666666666666666
1157;8164;0,166666666666666666666
1157;9513;0,166666666666666666666
1160;9;0,037037037037037037037
1160;268;0,037037037037037037037
1160;689;0,037037037037037037037
1160;713;0,037037037037037037037
1160;1446;0,111111111111111111111
1160;1513;0,074074074074074074074
1160;2119;0,037037037037037037037
1160;3825;0,074074074074074074074
1160;3850;0,037037037037037037037
1160;4513;0,111111111111111111111
1160;4697;0,037037037037037037037
1160;4713;0,037037037037037037037
1160;5861;0,037037037037037037037
1160;6151;0,037037037037037037037
1160;6535;0,037037037037037037037
1160;6634;0,074074074074074074074
1160;7160;0,111111111111111111111
1160;9681;0,037037037037037037037
1162;978;0,050000000000000000000
1162;2636;0,050000000000000000000
1162;2863;0,050000000000000000000
1162;3164;0,050000000000000000000
1162;3170;0,050000000000000000000
1162;4101;0,050000000000000000000
1162;4377;0,050000000000000000000
1162;4752;0,100000000000000000000
1162;5526;0,050000000000000000000
1162;7080;0,050000000000000000000
1162;7866;0,050000000000000000000
1162;8050;0,050000000000000000000
1162;8910;0,050000000000000000000
1162;9554;0,050000000000000000000
1162;9831;0,050000000000000000000
1162;13236;0,050000000000000000000
1162;14826;0,050000000000000000000
1162;21684;0,050000000000000000000
1162;28544;0,050000000000000000000
1165;748;1,000000000000000000000
1168;132;0,272727272727272727272
1168;749;0,363636363636363636363
1168;1446;0,090909090909090909090
1168;2275;0,090909090909090909090
1168;8909;0,090909090909090909090
1168;11999;0,090909090909090909090
1169;277;0,038461538461538461538
1169;670;0,038461538461538461538
1169;842;0,076923076923076923076
1169;1939;0,076923076923076923076
1169;1941;0,692307692307692307692
1169;4518;0,038461538461538461538
1169;4697;0,038461538461538461538
1173;32;0,166666666666666666666
1173;220;0,083333333333333333333
1173;1697;0,166666666666666666666
1173;1706;0,083333333333333333333
1173;2826;0,166666666666666666666
1173;3852;0,166666666666666666666
1173;7874;0,166666666666666666666
1174;111;0,111111111111111111111
1174;219;0,037037037037037037037
1174;452;0,037037037037037037037
1174;530;0,111111111111111111111
1174;531;0,111111111111111111111
1174;675;0,074074074074074074074
1174;719;0,037037037037037037037
1174;754;0,111111111111111111111
1174;1025;0,074074074074074074074
1174;1361;0,074074074074074074074
1174;1370;0,148148148148148148148
1174;7577;0,074074074074074074074
1175;1902;1,000000000000000000000
1178;1762;1,000000000000000000000
1181;852;0,352941176470588235294
1181;1182;0,176470588235294117647
1181;3374;0,058823529411764705882
1181;4996;0,235294117647058823529
1181;5013;0,117647058823529411764
1181;5484;0,058823529411764705882
1187;1321;1,000000000000000000000
1197;1030;0,818181818181818181818
1197;1933;0,181818181818181818181
1200;307;0,037037037037037037037
1200;378;0,037037037037037037037
1200;1240;0,037037037037037037037
1200;1324;0,074074074074074074074
1200;1325;0,037037037037037037037
1200;1326;0,148148148148148148148
1200;1327;0,037037037037037037037
1200;1328;0,037037037037037037037
1200;1329;0,037037037037037037037
1200;1330;0,037037037037037037037
1200;1331;0,037037037037037037037
1200;1332;0,037037037037037037037
1200;1333;0,037037037037037037037
1200;1334;0,037037037037037037037
1200;1335;0,074074074074074074074
1200;1336;0,037037037037037037037
1200;1337;0,037037037037037037037
1200;1338;0,037037037037037037037
1200;2152;0,037037037037037037037
1200;5831;0,037037037037037037037
1200;7278;0,037037037037037037037
1200;15437;0,037037037037037037037
1206;3968;0,250000000000000000000
1206;6250;0,250000000000000000000
1206;13369;0,500000000000000000000
1216;287;0,666666666666666666666
1216;2073;0,333333333333333333333
1220;2275;1,000000000000000000000
1221;5617;1,000000000000000000000
1225;244;1,000000000000000000000
1227;22123;1,000000000000000000000
1228;2509;1,000000000000000000000
1231;2736;0,200000000000000000000
1231;3141;0,400000000000000000000
1231;4501;0,200000000000000000000
1231;6514;0,200000000000000000000
1234;54;0,017857142857142857142
1234;65;0,017857142857142857142
1234;763;0,053571428571428571428
1234;841;0,035714285714285714285
1234;878;0,017857142857142857142
1234;964;0,017857142857142857142
1234;1092;0,125000000000000000000
1234;1235;0,053571428571428571428
1234;1236;0,125000000000000000000
1234;1237;0,196428571428571428571
1234;1277;0,142857142857142857142
1234;2149;0,017857142857142857142
1234;2184;0,017857142857142857142
1234;2826;0,017857142857142857142
1234;3235;0,017857142857142857142
1234;3393;0,017857142857142857142
1234;3802;0,071428571428571428571
1234;10020;0,017857142857142857142
1234;13265;0,017857142857142857142
1235;1234;0,200000000000000000000
1235;1236;0,057142857142857142857
1235;1237;0,057142857142857142857
1235;1277;0,257142857142857142857
1235;1815;0,085714285714285714285
1235;3393;0,171428571428571428571
1235;10188;0,171428571428571428571
1236;135;0,022222222222222222222
1236;190;0,133333333333333333333
1236;352;0,022222222222222222222
1236;452;0,022222222222222222222
1236;763;0,044444444444444444444
1236;827;0,022222222222222222222
1236;1234;0,133333333333333333333
1236;1235;0,044444444444444444444
1236;1237;0,066666666666666666666
1236;1277;0,155555555555555555555
1236;1326;0,022222222222222222222
1236;1815;0,088888888888888888888
1236;3188;0,088888888888888888888
1236;4530;0,022222222222222222222
1236;9424;0,022222222222222222222
1236;10188;0,022222222222222222222
1236;21154;0,066666666666666666666
1237;763;0,250000000000000000000
1237;1234;0,200000000000000000000
1237;1235;0,100000000000000000000
1237;1236;0,100000000000000000000
1237;1277;0,100000000000000000000
1237;1815;0,100000000000000000000
1237;1939;0,050000000000000000000
1237;2184;0,050000000000000000000
1237;2398;0,050000000000000000000
1243;681;0,500000000000000000000
1243;1322;0,500000000000000000000
1246;1133;0,250000000000000000000
1246;1206;0,250000000000000000000
1246;1355;0,250000000000000000000
1246;6250;0,250000000000000000000
1248;718;0,666666666666666666666
1248;2516;0,333333333333333333333
1254;54;0,062500000000000000000
1254;119;0,250000000000000000000
1254;435;0,062500000000000000000
1254;1348;0,125000000000000000000
1254;1867;0,062500000000000000000
1254;3105;0,062500000000000000000
1254;5657;0,062500000000000000000
1254;6567;0,187500000000000000000
1254;7713;0,125000000000000000000
1261;41;0,500000000000000000000
1261;4552;0,500000000000000000000
1265;5212;0,333333333333333333333
1265;5395;0,666666666666666666666
1276;835;1,000000000000000000000
1277;749;0,026315789473684210526
1277;983;0,052631578947368421052
1277;1234;0,368421052631578947368
1277;1235;0,210526315789473684210
1277;1236;0,131578947368421052631
1277;1237;0,078947368421052631578
1277;1815;0,052631578947368421052
1277;3802;0,052631578947368421052
1277;10188;0,026315789473684210526
1278;135;0,363636363636363636363
1278;183;0,090909090909090909090
1278;277;0,090909090909090909090
1278;526;0,090909090909090909090
1278;2684;0,272727272727272727272
1278;46501;0,090909090909090909090
1282;492;1,000000000000000000000
1286;242;0,315789473684210526315
1286;938;0,052631578947368421052
1286;970;0,157894736842105263157
1286;2054;0,052631578947368421052
1286;2434;0,210526315789473684210
1286;2586;0,052631578947368421052
1286;2644;0,052631578947368421052
1286;3141;0,052631578947368421052
1286;51102;0,052631578947368421052
1293;216;0,016949152542372881355
1293;523;0,050847457627118644067
1293;573;0,050847457627118644067
1293;1010;0,016949152542372881355
1293;1018;0,016949152542372881355
1293;2001;0,016949152542372881355
1293;2179;0,016949152542372881355
1293;2435;0,016949152542372881355
1293;2484;0,050847457627118644067
1293;2598;0,016949152542372881355
1293;3189;0,050847457627118644067
1293;3551;0,050847457627118644067
1293;3809;0,016949152542372881355
1293;4000;0,016949152542372881355
1293;4001;0,016949152542372881355
1293;4090;0,050847457627118644067
1293;4091;0,016949152542372881355
1293;4421;0,016949152542372881355
1293;4877;0,016949152542372881355
1293;5470;0,016949152542372881355
1293;5800;0,016949152542372881355
1293;6372;0,016949152542372881355
1293;6991;0,016949152542372881355
1293;6992;0,016949152542372881355
1293;7748;0,050847457627118644067
1293;8268;0,050847457627118644067
1293;10084;0,016949152542372881355
1293;10523;0,016949152542372881355
1293;13504;0,016949152542372881355
1293;14050;0,050847457627118644067
1293;15889;0,016949152542372881355
1293;18149;0,016949152542372881355
1293;18300;0,016949152542372881355
1293;20436;0,050847457627118644067
1293;20770;0,016949152542372881355
1293;21512;0,016949152542372881355
1293;21514;0,016949152542372881355
1293;21515;0,016949152542372881355
1293;28657;0,016949152542372881355
1307;306;0,166666666666666666666
1307;826;0,333333333333333333333
1307;855;0,166666666666666666666
1307;4004;0,333333333333333333333
1310;285;0,333333333333333333333
1310;2546;0,166666666666666666666
1310;2991;0,333333333333333333333
1310;5174;0,166666666666666666666
1316;352;0,200000000000000000000
1316;353;0,200000000000000000000
1316;2547;0,200000000000000000000
1316;4510;0,200000000000000000000
1316;8163;0,200000000000000000000
1319;550;0,142857142857142857142
1319;596;0,142857142857142857142
1319;658;0,142857142857142857142
1319;2509;0,142857142857142857142
1319;2882;0,142857142857142857142
1319;3230;0,285714285714285714285
1321;1708;0,400000000000000000000
1321;4697;0,200000000000000000000
1321;5753;0,400000000000000000000
1324;1200;0,200000000000000000000
1324;1326;0,100000000000000000000
1324;1328;0,200000000000000000000
1324;1329;0,300000000000000000000
1324;1337;0,200000000000000000000
1325;1333;1,000000000000000000000
1326;9;0,004672897196261682242
1326;65;0,009345794392523364485
1326;151;0,004672897196261682242
1326;190;0,009345794392523364485
1326;192;0,004672897196261682242
1326;206;0,004672897196261682242
1326;307;0,004672897196261682242
1326;373;0,004672897196261682242
1326;378;0,004672897196261682242
1326;467;0,004672897196261682242
1326;512;0,004672897196261682242
1326;524;0,004672897196261682242
1326;526;0,009345794392523364485
1326;528;0,004672897196261682242
1326;621;0,004672897196261682242
1326;841;0,004672897196261682242
1326;877;0,004672897196261682242
1326;878;0,004672897196261682242
1326;883;0,004672897196261682242
1326;911;0,004672897196261682242
1326;970;0,004672897196261682242
1326;1044;0,004672897196261682242
1326;1066;0,004672897196261682242
1326;1109;0,009345794392523364485
1326;1114;0,004672897196261682242
1326;1122;0,004672897196261682242
1326;1200;0,004672897196261682242
1326;1234;0,004672897196261682242
1326;1274;0,004672897196261682242
1326;1325;0,004672897196261682242
1326;1327;0,004672897196261682242
1326;1329;0,004672897196261682242
1326;1331;0,004672897196261682242
1326;1332;0,004672897196261682242
1326;1333;0,004672897196261682242
1326;1334;0,004672897196261682242
1326;1337;0,004672897196261682242
1326;1338;0,004672897196261682242
1326;1419;0,004672897196261682242
1326;1549;0,004672897196261682242
1326;1667;0,009345794392523364485
1326;1676;0,004672897196261682242
1326;1838;0,004672897196261682242
1326;2017;0,004672897196261682242
1326;2039;0,004672897196261682242
1326;2041;0,004672897196261682242
1326;2050;0,004672897196261682242
1326;2054;0,004672897196261682242
1326;2059;0,009345794392523364485
1326;2064;0,004672897196261682242
1326;2066;0,004672897196261682242
1326;2070;0,004672897196261682242
1326;2071;0,009345794392523364485
1326;2149;0,004672897196261682242
1326;2150;0,004672897196261682242
1326;2152;0,004672897196261682242
1326;2156;0,004672897196261682242
1326;2212;0,004672897196261682242
1326;2214;0,004672897196261682242
1326;2215;0,004672897196261682242
1326;2223;0,009345794392523364485
1326;2271;0,004672897196261682242
1326;2349;0,004672897196261682242
1326;2385;0,004672897196261682242
1326;2403;0,004672897196261682242
1326;2492;0,004672897196261682242
1326;2503;0,004672897196261682242
1326;2504;0,004672897196261682242
1326;2586;0,004672897196261682242
1326;2644;0,004672897196261682242
1326;2779;0,004672897196261682242
1326;2780;0,004672897196261682242
1326;2830;0,004672897196261682242
1326;3017;0,004672897196261682242
1326;3142;0,004672897196261682242
1326;3147;0,004672897196261682242
1326;3158;0,004672897196261682242
1326;3204;0,004672897196261682242
1326;3205;0,004672897196261682242
1326;3311;0,004672897196261682242
1326;3355;0,004672897196261682242
1326;3356;0,004672897196261682242
1326;3403;0,004672897196261682242
1326;3714;0,004672897196261682242
1326;3736;0,004672897196261682242
1326;3864;0,004672897196261682242
1326;3983;0,004672897196261682242
1326;3998;0,004672897196261682242
1326;4070;0,004672897196261682242
1326;4237;0,004672897196261682242
1326;4281;0,009345794392523364485
1326;4493;0,004672897196261682242
1326;4525;0,004672897196261682242
1326;4561;0,004672897196261682242
1326;4625;0,004672897196261682242
1326;4715;0,004672897196261682242
1326;4720;0,004672897196261682242
1326;4748;0,004672897196261682242
1326;4755;0,004672897196261682242
1326;4979;0,004672897196261682242
1326;5082;0,004672897196261682242
1326;5097;0,004672897196261682242
1326;5144;0,004672897196261682242
1326;5214;0,004672897196261682242
1326;5250;0,004672897196261682242
1326;5351;0,004672897196261682242
1326;5437;0,004672897196261682242
1326;5441;0,004672897196261682242
1326;5442;0,004672897196261682242
1326;5469;0,004672897196261682242
1326;5530;0,004672897196261682242
1326;5629;0,004672897196261682242
1326;5632;0,004672897196261682242
1326;5831;0,004672897196261682242
1326;5892;0,004672897196261682242
1326;5922;0,004672897196261682242
1326;5944;0,004672897196261682242
1326;5945;0,004672897196261682242
1326;6213;0,009345794392523364485
1326;6234;0,004672897196261682242
1326;6465;0,004672897196261682242
1326;6581;0,004672897196261682242
1326;6624;0,004672897196261682242
1326;6828;0,004672897196261682242
1326;7278;0,004672897196261682242
1326;7328;0,004672897196261682242
1326;7443;0,004672897196261682242
1326;7546;0,004672897196261682242
1326;7564;0,004672897196261682242
1326;7586;0,004672897196261682242
1326;7759;0,004672897196261682242
1326;7762;0,004672897196261682242
1326;7788;0,004672897196261682242
1326;7979;0,004672897196261682242
1326;8500;0,004672897196261682242
1326;8618;0,004672897196261682242
1326;8623;0,004672897196261682242
1326;8730;0,004672897196261682242
1326;8933;0,004672897196261682242
1326;9110;0,004672897196261682242
1326;9208;0,004672897196261682242
1326;9371;0,004672897196261682242
1326;9383;0,004672897196261682242
1326;9385;0,004672897196261682242
1326;9387;0,004672897196261682242
1326;9388;0,004672897196261682242
1326;9389;0,004672897196261682242
1326;9396;0,004672897196261682242
1326;9397;0,004672897196261682242
1326;9404;0,004672897196261682242
1326;9405;0,004672897196261682242
1326;9409;0,004672897196261682242
1326;9416;0,004672897196261682242
1326;9421;0,004672897196261682242
1326;9424;0,009345794392523364485
1326;9429;0,004672897196261682242
1326;9440;0,004672897196261682242
1326;9681;0,004672897196261682242
1326;10000;0,004672897196261682242
1326;10080;0,004672897196261682242
1326;10169;0,004672897196261682242
1326;10649;0,004672897196261682242
1326;10740;0,004672897196261682242
1326;11030;0,004672897196261682242
1326;11213;0,004672897196261682242
1326;11536;0,004672897196261682242
1326;11999;0,004672897196261682242
1326;12798;0,004672897196261682242
1326;13006;0,004672897196261682242
1326;13369;0,004672897196261682242
1326;13372;0,004672897196261682242
1326;14073;0,004672897196261682242
1326;14465;0,004672897196261682242
1326;15437;0,004672897196261682242
1326;16644;0,004672897196261682242
1326;17603;0,004672897196261682242
1326;18247;0,004672897196261682242
1326;18258;0,004672897196261682242
1326;18264;0,004672897196261682242
1326;18577;0,004672897196261682242
1326;19031;0,004672897196261682242
1326;20669;0,004672897196261682242
1326;20801;0,004672897196261682242
1326;25849;0,009345794392523364485
1326;25899;0,004672897196261682242
1326;26502;0,004672897196261682242
1326;27173;0,004672897196261682242
1326;27286;0,004672897196261682242
1326;27494;0,004672897196261682242
1326;27500;0,004672897196261682242
1326;27512;0,004672897196261682242
1326;27636;0,004672897196261682242
1326;27837;0,004672897196261682242
1326;27865;0,004672897196261682242
1326;27884;0,004672897196261682242
1326;27891;0,004672897196261682242
1326;27892;0,004672897196261682242
1326;27893;0,004672897196261682242
1326;27902;0,004672897196261682242
1326;27928;0,004672897196261682242
1326;28598;0,004672897196261682242
1326;28738;0,004672897196261682242
1327;1328;0,200000000000000000000
1327;1333;0,600000000000000000000
1327;2152;0,200000000000000000000
1329;1324;1,000000000000000000000
1332;378;0,250000000000000000000
1332;980;0,250000000000000000000
1332;1200;0,250000000000000000000
1332;1334;0,250000000000000000000
1333;1325;1,000000000000000000000
1334;7278;1,000000000000000000000
1335;378;0,230769230769230769230
1335;1200;0,076923076923076923076
1335;1240;0,076923076923076923076
1335;1328;0,076923076923076923076
1335;1329;0,076923076923076923076
1335;1332;0,076923076923076923076
1335;1337;0,076923076923076923076
1335;5831;0,076923076923076923076
1335;7278;0,153846153846153846153
1335;13265;0,076923076923076923076
1340;108;0,200000000000000000000
1340;1027;0,800000000000000000000
1348;914;0,250000000000000000000
1348;1068;0,250000000000000000000
1348;3433;0,250000000000000000000
1348;5149;0,250000000000000000000
1352;740;0,111111111111111111111
1352;1913;0,222222222222222222222
1352;5909;0,333333333333333333333
1352;6622;0,333333333333333333333
1364;63;0,071428571428571428571
1364;96;0,071428571428571428571
1364;183;0,071428571428571428571
1364;237;0,071428571428571428571
1364;261;0,428571428571428571428
1364;3219;0,142857142857142857142
1364;8225;0,142857142857142857142
1366;354;0,500000000000000000000
1366;3122;0,500000000000000000000
1370;52;0,016666666666666666666
1370;135;0,016666666666666666666
1370;183;0,016666666666666666666
1370;281;0,066666666666666666666
1370;452;0,500000000000000000000
1370;531;0,033333333333333333333
1370;675;0,033333333333333333333
1370;718;0,016666666666666666666
1370;719;0,016666666666666666666
1370;819;0,016666666666666666666
1370;820;0,033333333333333333333
1370;1116;0,033333333333333333333
1370;1129;0,016666666666666666666
1370;1130;0,033333333333333333333
1370;1174;0,050000000000000000000
1370;1256;0,016666666666666666666
1370;1361;0,033333333333333333333
1370;1710;0,033333333333333333333
1370;4382;0,016666666666666666666
1372;135;0,041666666666666666666
1372;886;0,041666666666666666666
1372;1156;0,041666666666666666666
1372;1169;0,041666666666666666666
1372;1496;0,041666666666666666666
1372;1664;0,041666666666666666666
1372;1967;0,166666666666666666666
1372;2139;0,041666666666666666666
1372;2489;0,041666666666666666666
1372;2962;0,083333333333333333333
1372;3197;0,041666666666666666666
1372;3393;0,041666666666666666666
1372;4695;0,125000000000000000000
1372;6461;0,041666666666666666666
1372;7095;0,041666666666666666666
1372;26536;0,125000000000000000000
1374;484;0,500000000000000000000
1374;6567;0,500000000000000000000
1397;411;1,000000000000000000000
1401;190;0,034482758620689655172
1401;841;0,068965517241379310344
1401;878;0,068965517241379310344
1401;1109;0,068965517241379310344
1401;1744;0,034482758620689655172
1401;2054;0,068965517241379310344
1401;2280;0,034482758620689655172
1401;3142;0,034482758620689655172
1401;3414;0,034482758620689655172
1401;3998;0,034482758620689655172
1401;4240;0,034482758620689655172
1401;4262;0,034482758620689655172
1401;4491;0,034482758620689655172
1401;4525;0,034482758620689655172
1401;4715;0,034482758620689655172
1401;4758;0,034482758620689655172
1401;4765;0,068965517241379310344
1401;7221;0,034482758620689655172
1401;7301;0,034482758620689655172
1401;7759;0,034482758620689655172
1401;8723;0,034482758620689655172
1401;9184;0,034482758620689655172
1401;9409;0,068965517241379310344
1402;1453;0,500000000000000000000
1402;6159;0,500000000000000000000
1419;14;0,400000000000000000000
1419;77;0,200000000000000000000
1419;8623;0,400000000000000000000
1424;492;1,000000000000000000000
1429;10338;1,000000000000000000000
1432;1482;0,333333333333333333333
1432;17710;0,666666666666666666666
1437;744;0,285714285714285714285
1437;845;0,428571428571428571428
1437;846;0,285714285714285714285
1439;40;0,019230769230769230769
1439;214;0,019230769230769230769
1439;282;0,019230769230769230769
1439;484;0,019230769230769230769
1439;635;0,019230769230769230769
1439;731;0,019230769230769230769
1439;747;0,019230769230769230769
1439;748;0,019230769230769230769
1439;1094;0,019230769230769230769
1439;1164;0,019230769230769230769
1439;1192;0,019230769230769230769
1439;1429;0,019230769230769230769
1439;1471;0,019230769230769230769
1439;1637;0,019230769230769230769
1439;1684;0,019230769230769230769
1439;1831;0,019230769230769230769
1439;2075;0,019230769230769230769
1439;2080;0,019230769230769230769
1439;2083;0,019230769230769230769
1439;2734;0,019230769230769230769
1439;3091;0,019230769230769230769
1439;3161;0,019230769230769230769
1439;3436;0,019230769230769230769
1439;3797;0,019230769230769230769
1439;3829;0,019230769230769230769
1439;4476;0,019230769230769230769
1439;4667;0,019230769230769230769
1439;5083;0,019230769230769230769
1439;5177;0,019230769230769230769
1439;5654;0,019230769230769230769
1439;7322;0,019230769230769230769
1439;7560;0,019230769230769230769
1439;7711;0,019230769230769230769
1439;8003;0,019230769230769230769
1439;8512;0,019230769230769230769
1439;8516;0,019230769230769230769
1439;9356;0,038461538461538461538
1439;10338;0,019230769230769230769
1439;10724;0,019230769230769230769
1439;11552;0,019230769230769230769
1439;15471;0,019230769230769230769
1439;22211;0,019230769230769230769
1439;25264;0,019230769230769230769
1439;25488;0,019230769230769230769
1439;28517;0,019230769230769230769
1439;28822;0,019230769230769230769
1439;30063;0,019230769230769230769
1439;30811;0,019230769230769230769
1439;37811;0,019230769230769230769
1439;42210;0,019230769230769230769
1439;45724;0,019230769230769230769
1443;277;0,064516129032258064516
1443;466;0,032258064516129032258
1443;622;0,129032258064516129032
1443;1066;0,032258064516129032258
1443;1109;0,032258064516129032258
1443;1401;0,032258064516129032258
1443;1744;0,064516129032258064516
1443;2146;0,129032258064516129032
1443;2147;0,129032258064516129032
1443;3085;0,064516129032258064516
1443;4748;0,032258064516129032258
1443;5351;0,032258064516129032258
1443;5367;0,032258064516129032258
1443;5691;0,064516129032258064516
1443;13006;0,032258064516129032258
1443;18247;0,032258064516129032258
1443;26502;0,064516129032258064516
1444;1552;0,500000000000000000000
1444;16866;0,500000000000000000000
1446;749;0,086956521739130434782
1446;980;0,086956521739130434782
1446;1160;0,086956521739130434782
1446;1447;0,695652173913043478260
1446;8225;0,043478260869565217391
1447;411;0,055555555555555555555
1447;1446;0,888888888888888888888
1447;1762;0,055555555555555555555
1453;3790;0,500000000000000000000
1453;29082;0,500000000000000000000
1454;437;0,800000000000000000000
1454;2195;0,200000000000000000000
1455;149;0,034482758620689655172
1455;289;0,068965517241379310344
1455;791;0,034482758620689655172
1455;1187;0,034482758620689655172
1455;1566;0,034482758620689655172
1455;1629;0,034482758620689655172
1455;1685;0,034482758620689655172
1455;1686;0,068965517241379310344
1455;1689;0,034482758620689655172
1455;1690;0,068965517241379310344
1455;1694;0,068965517241379310344
1455;1699;0,034482758620689655172
1455;1763;0,034482758620689655172
1455;2254;0,068965517241379310344
1455;2968;0,034482758620689655172
1455;2976;0,034482758620689655172
1455;3971;0,034482758620689655172
1455;5478;0,034482758620689655172
1455;9955;0,034482758620689655172
1455;11229;0,034482758620689655172
1455;11230;0,068965517241379310344
1455;11231;0,034482758620689655172
1455;11232;0,034482758620689655172
1457;621;0,250000000000000000000
1457;2029;0,125000000000000000000
1457;2434;0,125000000000000000000
1457;2509;0,250000000000000000000
1457;3104;0,125000000000000000000
1457;5442;0,125000000000000000000
1462;132;0,600000000000000000000
1462;4172;0,200000000000000000000
1462;7111;0,200000000000000000000
1464;1637;0,500000000000000000000
1464;1963;0,500000000000000000000
1466;418;0,500000000000000000000
1466;3477;0,500000000000000000000
1471;635;0,250000000000000000000
1471;1439;0,250000000000000000000
1471;1637;0,500000000000000000000
1476;1598;1,000000000000000000000
1478;406;1,000000000000000000000
1479;8928;1,000000000000000000000
1483;937;0,600000000000000000000
1483;37812;0,400000000000000000000
1487;1228;1,000000000000000000000
1497;5536;1,000000000000000000000
1498;104;0,100000000000000000000
1498;2427;0,300000000000000000000
1498;4099;0,300000000000000000000
1498;4432;0,100000000000000000000
1498;4453;0,100000000000000000000
1498;4472;0,100000000000000000000
1499;4187;0,666666666666666666666
1499;4376;0,333333333333333333333
1503;3096;1,000000000000000000000
1504;1862;0,500000000000000000000
1504;5239;0,500000000000000000000
1508;1101;0,333333333333333333333
1508;2786;0,666666666666666666666
1510;35;1,000000000000000000000
1513;96;0,125000000000000000000
1513;1160;0,125000000000000000000
1513;1570;0,125000000000000000000
1513;1827;0,250000000000000000000
1513;3381;0,125000000000000000000
1513;3870;0,125000000000000000000
1513;6008;0,125000000000000000000
1516;3940;1,000000000000000000000
1526;678;1,000000000000000000000
1533;3519;0,200000000000000000000
1533;5006;0,800000000000000000000
1538;356;0,125000000000000000000
1538;425;0,125000000000000000000
1538;1157;0,125000000000000000000
1538;1169;0,250000000000000000000
1538;2098;0,125000000000000000000
1538;9651;0,250000000000000000000
1544;520;0,250000000000000000000
1544;943;0,500000000000000000000
1544;1979;0,250000000000000000000
1547;194;0,300000000000000000000
1547;678;0,200000000000000000000
1547;861;0,200000000000000000000
1547;3045;0,200000000000000000000
1547;3601;0,100000000000000000000
1552;1444;0,333333333333333333333
1552;7478;0,666666666666666666666
1554;2374;1,000000000000000000000
1556;240;0,058823529411764705882
1556;520;0,058823529411764705882
1556;1065;0,058823529411764705882
1556;1104;0,117647058823529411764
1556;1314;0,058823529411764705882
1556;1848;0,058823529411764705882
1556;3485;0,058823529411764705882
1556;3683;0,294117647058823529411
1556;3827;0,117647058823529411764
1556;8445;0,117647058823529411764
1565;812;0,285714285714285714285
1565;1887;0,071428571428571428571
1565;1906;0,071428571428571428571
1565;2890;0,285714285714285714285
1565;3395;0,285714285714285714285
1566;1455;0,333333333333333333333
1566;2799;0,333333333333333333333
1566;11232;0,333333333333333333333
1567;4085;0,500000000000000000000
1567;10176;0,500000000000000000000
1569;20403;1,000000000000000000000
1570;1513;0,166666666666666666666
1570;2379;0,166666666666666666666
1570;3045;0,333333333333333333333
1570;4376;0,166666666666666666666
1570;4507;0,166666666666666666666
1574;426;0,333333333333333333333
1574;442;0,166666666666666666666
1574;444;0,333333333333333333333
1574;28747;0,166666666666666666666
1588;613;0,250000000000000000000
1588;3260;0,250000000000000000000
1588;3877;0,250000000000000000000
1588;6349;0,250000000000000000000
1589;39;0,250000000000000000000
1589;738;0,250000000000000000000
1589;3791;0,250000000000000000000
1589;8648;0,250000000000000000000
1591;277;0,016949152542372881355
1591;283;0,033898305084745762711
1591;615;0,016949152542372881355
1591;861;0,101694915254237288135
1591;912;0,016949152542372881355
1591;1142;0,033898305084745762711
1591;1515;0,016949152542372881355
1591;1814;0,067796610169491525423
1591;2087;0,016949152542372881355
1591;2139;0,016949152542372881355
1591;2252;0,016949152542372881355
1591;2293;0,016949152542372881355
1591;2515;0,016949152542372881355
1591;2706;0,016949152542372881355
1591;2714;0,016949152542372881355
1591;2962;0,016949152542372881355
1591;3045;0,084745762711864406779
1591;3234;0,084745762711864406779
1591;3381;0,118644067796610169491
1591;3601;0,016949152542372881355
1591;3619;0,016949152542372881355
1591;3872;0,016949152542372881355
1591;3992;0,016949152542372881355
1591;4359;0,016949152542372881355
1591;4376;0,016949152542372881355
1591;6105;0,016949152542372881355
1591;6347;0,033898305084745762711
1591;6609;0,033898305084745762711
1591;9258;0,016949152542372881355
1591;10197;0,016949152542372881355
1591;17549;0,016949152542372881355
1591;46501;0,033898305084745762711
1596;115;0,142857142857142857142
1596;550;0,142857142857142857142
1596;5089;0,142857142857142857142
1596;5440;0,142857142857142857142
1596;10338;0,285714285714285714285
1596;28422;0,142857142857142857142
1598;17;0,200000000000000000000
1598;1597;0,200000000000000000000
1598;3411;0,200000000000000000000
1598;3675;0,200000000000000000000
1598;8774;0,200000000000000000000
1610;174;1,000000000000000000000
1613;940;1,000000000000000000000
1616;113;1,000000000000000000000
1625;13265;1,000000000000000000000
1629;1706;1,000000000000000000000
1637;222;0,125000000000000000000
1637;384;0,250000000000000000000
1637;635;0,125000000000000000000
1637;1439;0,125000000000000000000
1637;1464;0,125000000000000000000
1637;1471;0,125000000000000000000
1637;2712;0,125000000000000000000
1639;4553;0,500000000000000000000
1639;4890;0,250000000000000000000
1639;8363;0,250000000000000000000
1644;285;1,000000000000000000000
1650;1182;0,600000000000000000000
1650;4225;0,400000000000000000000
1663;648;0,333333333333333333333
1663;1862;0,666666666666666666666
1667;1326;0,090909090909090909090
1667;1644;0,090909090909090909090
1667;2349;0,090909090909090909090
1667;5158;0,090909090909090909090
1667;7389;0,090909090909090909090
1667;7747;0,272727272727272727272
1667;9720;0,090909090909090909090
1667;13372;0,090909090909090909090
1667;27512;0,090909090909090909090
1669;1041;0,100000000000000000000
1669;4844;0,800000000000000000000
1669;8164;0,100000000000000000000
1676;3204;0,500000000000000000000
1676;8381;0,500000000000000000000
1678;283;0,066666666666666666666
1678;293;0,066666666666666666666
1678;851;0,133333333333333333333
1678;2697;0,066666666666666666666
1678;2863;0,066666666666666666666
1678;3123;0,066666666666666666666
1678;3256;0,066666666666666666666
1678;3427;0,066666666666666666666
1678;5149;0,066666666666666666666
1678;7030;0,066666666666666666666
1678;7975;0,066666666666666666666
1678;8715;0,066666666666666666666
1678;14481;0,066666666666666666666
1678;17190;0,066666666666666666666
1681;41;0,012195121951219512195
1681;131;0,012195121951219512195
1681;148;0,012195121951219512195
1681;277;0,012195121951219512195
1681;293;0,012195121951219512195
1681;399;0,012195121951219512195
1681;485;0,024390243902439024390
1681;733;0,048780487804878048780
1681;899;0,012195121951219512195
1681;934;0,012195121951219512195
1681;1041;0,024390243902439024390
1681;1042;0,024390243902439024390
1681;1065;0,012195121951219512195
1681;1066;0,036585365853658536585
1681;1171;0,024390243902439024390
1681;1263;0,012195121951219512195
1681;1437;0,012195121951219512195
1681;1669;0,024390243902439024390
1681;1759;0,012195121951219512195
1681;2147;0,073170731707317073170
1681;2275;0,036585365853658536585
1681;2435;0,012195121951219512195
1681;2512;0,024390243902439024390
1681;2786;0,036585365853658536585
1681;2916;0,012195121951219512195
1681;2923;0,024390243902439024390
1681;2924;0,024390243902439024390
1681;2932;0,012195121951219512195
1681;2937;0,024390243902439024390
1681;2938;0,012195121951219512195
1681;3105;0,036585365853658536585
1681;3234;0,036585365853658536585
1681;3427;0,036585365853658536585
1681;3683;0,024390243902439024390
1681;3708;0,012195121951219512195
1681;4719;0,012195121951219512195
1681;5638;0,060975609756097560975
1681;7713;0,012195121951219512195
1681;8212;0,012195121951219512195
1681;8489;0,024390243902439024390
1681;8715;0,012195121951219512195
1681;9898;0,036585365853658536585
1681;12907;0,024390243902439024390
1681;23759;0,012195121951219512195
1684;5171;1,000000000000000000000
1685;1455;0,333333333333333333333
1685;1686;0,333333333333333333333
1685;2607;0,333333333333333333333
1689;174;0,333333333333333333333
1689;749;0,333333333333333333333
1689;1455;0,333333333333333333333
1690;1455;1,000000000000000000000
1694;1064;0,500000000000000000000
1694;1455;0,500000000000000000000
1697;1173;1,000000000000000000000
1703;174;1,000000000000000000000
1706;1173;1,000000000000000000000
1709;174;1,000000000000000000000
1710;1370;0,250000000000000000000
1710;3381;0,500000000000000000000
1710;4376;0,250000000000000000000
1717;6781;1,000000000000000000000
1727;401;0,083333333333333333333
1727;410;0,083333333333333333333
1727;415;0,166666666666666666666
1727;419;0,083333333333333333333
1727;2127;0,166666666666666666666
1727;2140;0,083333333333333333333
1727;3022;0,083333333333333333333
1727;4078;0,250000000000000000000
1729;411;0,333333333333333333333
1729;4427;0,666666666666666666666
1741;3234;0,500000000000000000000
1741;3381;0,250000000000000000000
1741;4376;0,250000000000000000000
1744;1401;0,200000000000000000000
1744;1443;0,200000000000000000000
1744;3122;0,200000000000000000000
1744;7221;0,200000000000000000000
1744;8723;0,200000000000000000000
1754;71;0,090909090909090909090
1754;419;0,090909090909090909090
1754;700;0,090909090909090909090
1754;837;0,090909090909090909090
1754;1762;0,181818181818181818181
1754;1940;0,363636363636363636363
1754;2844;0,090909090909090909090
1762;418;0,142857142857142857142
1762;1447;0,142857142857142857142
1762;1763;0,142857142857142857142
1762;7906;0,142857142857142857142
1762;8396;0,428571428571428571428
1763;1762;1,000000000000000000000
1769;380;0,400000000000000000000
1769;492;0,200000000000000000000
1769;1282;0,200000000000000000000
1769;2008;0,200000000000000000000
1771;1041;0,111111111111111111111
1771;1042;0,055555555555555555555
1771;1220;0,055555555555555555555
1771;1444;0,055555555555555555555
1771;2275;0,055555555555555555555
1771;2420;0,055555555555555555555
1771;2425;0,055555555555555555555
1771;6918;0,055555555555555555555
1771;7478;0,055555555555555555555
1771;8820;0,055555555555555555555
1771;9065;0,055555555555555555555
1771;9066;0,055555555555555555555
1771;9067;0,055555555555555555555
1771;9068;0,055555555555555555555
1771;9069;0,055555555555555555555
1771;27810;0,055555555555555555555
1771;28184;0,055555555555555555555
1778;520;0,375000000000000000000
1778;4622;0,125000000000000000000
1778;5935;0,125000000000000000000
1778;8440;0,375000000000000000000
1780;1060;0,111111111111111111111
1780;2786;0,111111111111111111111
1780;5698;0,222222222222222222222
1780;7759;0,555555555555555555555
1785;826;1,000000000000000000000
1799;310;1,000000000000000000000
1814;1591;1,000000000000000000000
1815;135;0,054054054054054054054
1815;763;0,081081081081081081081
1815;1234;0,027027027027027027027
1815;1235;0,108108108108108108108
1815;1236;0,081081081081081081081
1815;1237;0,081081081081081081081
1815;1277;0,243243243243243243243
1815;1931;0,027027027027027027027
1815;3802;0,027027027027027027027
1815;10188;0,189189189189189189189
1815;21154;0,081081081081081081081
1822;1140;1,000000000000000000000
1824;38;0,333333333333333333333
1824;920;0,333333333333333333333
1824;3087;0,333333333333333333333
1831;113;0,250000000000000000000
1831;275;0,250000000000000000000
1831;1439;0,250000000000000000000
1831;9668;0,250000000000000000000
1838;3204;0,500000000000000000000
1838;9110;0,500000000000000000000
1839;2380;0,333333333333333333333
1839;6472;0,333333333333333333333
1839;9489;0,333333333333333333333
1840;306;0,333333333333333333333
1840;9707;0,666666666666666666666
1853;25488;0,500000000000000000000
1853;30811;0,250000000000000000000
1853;37814;0,250000000000000000000
1855;855;0,666666666666666666666
1855;5613;0,333333333333333333333
1862;817;0,285714285714285714285
1862;869;0,142857142857142857142
1862;1663;0,142857142857142857142
1862;8202;0,142857142857142857142
1862;10475;0,142857142857142857142
1862;17260;0,142857142857142857142
1864;2440;1,000000000000000000000
1866;521;0,058823529411764705882
1866;528;0,117647058823529411764
1866;1122;0,176470588235294117647
1866;1150;0,058823529411764705882
1866;1263;0,058823529411764705882
1866;3033;0,117647058823529411764
1866;3680;0,058823529411764705882
1866;3800;0,058823529411764705882
1866;4237;0,058823529411764705882
1866;6320;0,058823529411764705882
1866;8156;0,058823529411764705882
1866;9390;0,058823529411764705882
1866;9399;0,058823529411764705882
1868;285;0,500000000000000000000
1868;3601;0,500000000000000000000
1879;403;1,000000000000000000000
1889;1160;0,500000000000000000000
1889;3045;0,500000000000000000000
1891;5180;1,000000000000000000000
1893;219;0,166666666666666666666
1893;2516;0,333333333333333333333
1893;2517;0,333333333333333333333
1893;2518;0,166666666666666666666
1897;39;0,062500000000000000000
1897;528;0,187500000000000000000
1897;571;0,125000000000000000000
1897;1046;0,062500000000000000000
1897;3548;0,125000000000000000000
1897;3983;0,062500000000000000000
1897;6788;0,312500000000000000000
1897;7095;0,062500000000000000000
1898;615;0,250000000000000000000
1898;1342;0,250000000000000000000
1898;4747;0,250000000000000000000
1898;24259;0,250000000000000000000
1901;7389;1,000000000000000000000
1902;2;0,125000000000000000000
1902;1175;0,250000000000000000000
1902;5909;0,125000000000000000000
1902;6622;0,125000000000000000000
1902;10941;0,250000000000000000000
1902;18641;0,125000000000000000000
1906;1609;1,000000000000000000000
1912;1913;1,000000000000000000000
1917;984;1,000000000000000000000
1931;1815;0,500000000000000000000
1931;2684;0,500000000000000000000
1933;3836;1,000000000000000000000
1940;194;0,500000000000000000000
1940;1754;0,250000000000000000000
1940;1939;0,250000000000000000000
1941;96;0,071428571428571428571
1941;420;0,142857142857142857142
1941;670;0,071428571428571428571
1941;842;0,071428571428571428571
1941;1169;0,571428571428571428571
1941;2731;0,071428571428571428571
1942;96;0,500000000000000000000
1942;5635;0,500000000000000000000
1945;276;0,157894736842105263157
1945;354;0,157894736842105263157
1945;359;0,210526315789473684210
1945;360;0,368421052631578947368
1945;689;0,052631578947368421052
1945;1250;0,052631578947368421052
1946;72;0,200000000000000000000
1946;3395;0,200000000000000000000
1946;6433;0,400000000000000000000
1946;12436;0,200000000000000000000
1948;57;0,357142857142857142857
1948;309;0,071428571428571428571
1948;1032;0,107142857142857142857
1948;1276;0,035714285714285714285
1948;2355;0,214285714285714285714
1948;3141;0,035714285714285714285
1948;3399;0,142857142857142857142
1948;4853;0,035714285714285714285
1949;1053;0,227272727272727272727
1949;3802;0,363636363636363636363
1949;4101;0,045454545454545454545
1949;4102;0,045454545454545454545
1949;4933;0,045454545454545454545
1949;5856;0,227272727272727272727
1949;24839;0,045454545454545454545
1956;2288;1,000000000000000000000
1967;135;0,083333333333333333333
1967;277;0,416666666666666666666
1967;1372;0,416666666666666666666
1967;3643;0,083333333333333333333
1983;183;0,076923076923076923076
1983;1033;0,307692307692307692307
1983;2741;0,153846153846153846153
1983;3246;0,461538461538461538461
1984;3095;0,666666666666666666666
1984;9513;0,333333333333333333333
1985;1984;0,571428571428571428571
1985;3774;0,285714285714285714285
1985;9513;0,142857142857142857142
1988;4881;0,333333333333333333333
1988;6666;0,666666666666666666666
1991;172;0,181818181818181818181
1991;979;0,272727272727272727272
1991;2239;0,181818181818181818181
1991;2578;0,090909090909090909090
1991;4427;0,090909090909090909090
1991;4431;0,090909090909090909090
1991;4432;0,090909090909090909090
2005;1850;0,500000000000000000000
2005;8373;0,500000000000000000000
2015;2884;1,000000000000000000000
2021;1663;0,818181818181818181818
2021;3105;0,090909090909090909090
2021;4890;0,090909090909090909090
2023;4281;0,250000000000000000000
2023;6581;0,250000000000000000000
2023;15895;0,250000000000000000000
2023;18247;0,250000000000000000000
2037;3296;1,000000000000000000000
2039;2054;0,666666666666666666666
2039;3983;0,333333333333333333333
2043;190;1,000000000000000000000
2050;1109;0,250000000000000000000
2050;9436;0,250000000000000000000
2050;9441;0,500000000000000000000
2070;1597;1,000000000000000000000
2071;5522;1,000000000000000000000
2073;287;1,000000000000000000000
2075;1439;1,000000000000000000000
2078;7;0,500000000000000000000
2078;6930;0,166666666666666666666
2078;13416;0,333333333333333333333
2080;5171;0,333333333333333333333
2080;8465;0,666666666666666666666
2083;277;0,333333333333333333333
2083;2863;0,333333333333333333333
2083;38738;0,333333333333333333333
2086;13048;1,000000000000000000000
2087;698;0,166666666666666666666
2087;802;0,166666666666666666666
2087;1814;0,333333333333333333333
2087;4376;0,333333333333333333333
2098;318;0,157894736842105263157
2098;356;0,157894736842105263157
2098;600;0,052631578947368421052
2098;1538;0,105263157894736842105
2098;7755;0,105263157894736842105
2098;8353;0,157894736842105263157
2098;20664;0,105263157894736842105
2098;24668;0,052631578947368421052
2098;27349;0,105263157894736842105
2099;38738;1,000000000000000000000
2105;1749;0,500000000000000000000
2105;8049;0,500000000000000000000
2112;5657;1,000000000000000000000
2117;2851;0,200000000000000000000
2117;4309;0,400000000000000000000
2117;4355;0,400000000000000000000
2119;1123;1,000000000000000000000
2127;904;0,285714285714285714285
2127;945;0,142857142857142857142
2127;1727;0,428571428571428571428
2127;3095;0,142857142857142857142
2128;2352;1,000000000000000000000
2130;2585;0,500000000000000000000
2130;12165;0,500000000000000000000
2139;284;0,333333333333333333333
2139;1827;0,333333333333333333333
2139;3871;0,333333333333333333333
2140;120;0,083333333333333333333
2140;337;0,041666666666666666666
2140;392;0,083333333333333333333
2140;410;0,041666666666666666666
2140;414;0,041666666666666666666
2140;415;0,041666666666666666666
2140;419;0,041666666666666666666
2140;549;0,041666666666666666666
2140;1727;0,125000000000000000000
2140;4078;0,291666666666666666666
2140;6000;0,041666666666666666666
2140;7072;0,041666666666666666666
2140;8566;0,083333333333333333333
2146;965;0,105263157894736842105
2146;966;0,157894736842105263157
2146;1121;0,052631578947368421052
2146;1443;0,157894736842105263157
2146;2147;0,105263157894736842105
2146;2697;0,157894736842105263157
2146;2786;0,052631578947368421052
2146;4147;0,157894736842105263157
2146;6316;0,052631578947368421052
2147;622;0,166666666666666666666
2147;965;0,083333333333333333333
2147;1443;0,166666666666666666666
2147;1681;0,333333333333333333333
2147;2146;0,166666666666666666666
2147;5632;0,083333333333333333333
2149;90;0,090909090909090909090
2149;1122;0,181818181818181818181
2149;1234;0,181818181818181818181
2149;2027;0,090909090909090909090
2149;2150;0,181818181818181818181
2149;2786;0,090909090909090909090
2149;4493;0,181818181818181818181
2150;1122;1,000000000000000000000
2153;1114;1,000000000000000000000
2164;1111;0,500000000000000000000
2164;2296;0,375000000000000000000
2164;2512;0,125000000000000000000
2175;829;0,111111111111111111111
2175;2203;0,111111111111111111111
2175;4020;0,222222222222222222222
2175;4145;0,333333333333333333333
2175;6236;0,222222222222222222222
2176;1085;1,000000000000000000000
2179;1293;0,500000000000000000000
2179;12247;0,500000000000000000000
2180;4172;1,000000000000000000000
2195;1402;0,500000000000000000000
2195;8491;0,500000000000000000000
2198;115;0,010638297872340425531
2198;140;0,010638297872340425531
2198;176;0,010638297872340425531
2198;198;0,010638297872340425531
2198;201;0,010638297872340425531
2198;360;0,010638297872340425531
2198;490;0,010638297872340425531
2198;579;0,010638297872340425531
2198;607;0,010638297872340425531
2198;652;0,010638297872340425531
2198;844;0,010638297872340425531
2198;885;0,021276595744680851063
2198;886;0,010638297872340425531
2198;923;0,010638297872340425531
2198;988;0,010638297872340425531
2198;1053;0,010638297872340425531
2198;1210;0,010638297872340425531
2198;1307;0,010638297872340425531
2198;1416;0,010638297872340425531
2198;1585;0,010638297872340425531
2198;1841;0,010638297872340425531
2198;1843;0,010638297872340425531
2198;1864;0,010638297872340425531
2198;1923;0,010638297872340425531
2198;1949;0,010638297872340425531
2198;1956;0,010638297872340425531
2198;2048;0,010638297872340425531
2198;2117;0,010638297872340425531
2198;2125;0,010638297872340425531
2198;2278;0,010638297872340425531
2198;2288;0,010638297872340425531
2198;2352;0,010638297872340425531
2198;2469;0,010638297872340425531
2198;2704;0,010638297872340425531
2198;2794;0,010638297872340425531
2198;2834;0,010638297872340425531
2198;2850;0,010638297872340425531
2198;2851;0,010638297872340425531
2198;2884;0,010638297872340425531
2198;3015;0,010638297872340425531
2198;3235;0,010638297872340425531
2198;3480;0,010638297872340425531
2198;3481;0,010638297872340425531
2198;3482;0,010638297872340425531
2198;3508;0,010638297872340425531
2198;3532;0,010638297872340425531
2198;3567;0,010638297872340425531
2198;3678;0,010638297872340425531
2198;3763;0,010638297872340425531
2198;3815;0,010638297872340425531
2198;3891;0,010638297872340425531
2198;3911;0,010638297872340425531
2198;4355;0,010638297872340425531
2198;4486;0,010638297872340425531
2198;4860;0,010638297872340425531
2198;5089;0,010638297872340425531
2198;5172;0,010638297872340425531
2198;5493;0,010638297872340425531
2198;5521;0,010638297872340425531
2198;5719;0,021276595744680851063
2198;6557;0,010638297872340425531
2198;6602;0,010638297872340425531
2198;6856;0,010638297872340425531
2198;6994;0,010638297872340425531
2198;6997;0,010638297872340425531
2198;7009;0,010638297872340425531
2198;7911;0,010638297872340425531
2198;7920;0,010638297872340425531
2198;9300;0,010638297872340425531
2198;9360;0,010638297872340425531
2198;9468;0,010638297872340425531
2198;10480;0,010638297872340425531
2198;10640;0,010638297872340425531
2198;10988;0,010638297872340425531
2198;12577;0,010638297872340425531
2198;13158;0,010638297872340425531
2198;13178;0,010638297872340425531
2198;13907;0,010638297872340425531
2198;14683;0,010638297872340425531
2198;14803;0,010638297872340425531
2198;14881;0,010638297872340425531
2198;15331;0,010638297872340425531
2198;15762;0,010638297872340425531
2198;15888;0,010638297872340425531
2198;16280;0,010638297872340425531
2198;17665;0,010638297872340425531
2198;18070;0,010638297872340425531
2198;18071;0,010638297872340425531
2198;22702;0,010638297872340425531
2198;22705;0,010638297872340425531
2198;22880;0,010638297872340425531
2198;23952;0,010638297872340425531
2200;4627;1,000000000000000000000
2203;355;0,333333333333333333333
2203;517;0,083333333333333333333
2203;518;0,083333333333333333333
2203;2175;0,250000000000000000000
2203;3394;0,166666666666666666666
2203;3395;0,083333333333333333333
2204;3188;1,000000000000000000000
2223;13265;1,000000000000000000000
2227;3980;0,333333333333333333333
2227;9254;0,666666666666666666666
2237;1583;0,250000000000000000000
2237;1591;0,250000000000000000000
2237;4376;0,500000000000000000000
2239;172;0,538461538461538461538
2239;777;0,076923076923076923076
2239;1991;0,230769230769230769230
2239;2463;0,076923076923076923076
2239;2578;0,076923076923076923076
2246;600;1,000000000000000000000
2249;15507;1,000000000000000000000
2252;861;0,250000000000000000000
2252;1591;0,250000000000000000000
2252;2293;0,250000000000000000000
2252;2479;0,250000000000000000000
2254;791;0,500000000000000000000
2254;1402;0,250000000000000000000
2254;1455;0,250000000000000000000
2264;1596;0,500000000000000000000
2264;2005;0,500000000000000000000
2271;521;0,500000000000000000000
2271;845;0,500000000000000000000
2272;4364;1,000000000000000000000
2275;211;0,076923076923076923076
2275;277;0,076923076923076923076
2275;1041;0,230769230769230769230
2275;1220;0,076923076923076923076
2275;1669;0,076923076923076923076
2275;1771;0,076923076923076923076
2275;3446;0,076923076923076923076
2275;6918;0,153846153846153846153
2275;8205;0,076923076923076923076
2275;8306;0,076923076923076923076
2276;2277;1,000000000000000000000
2293;96;0,178571428571428571428
2293;182;0,035714285714285714285
2293;237;0,035714285714285714285
2293;248;0,035714285714285714285
2293;249;0,035714285714285714285
2293;1141;0,107142857142857142857
2293;1591;0,035714285714285714285
2293;1827;0,071428571428571428571
2293;1981;0,035714285714285714285
2293;1988;0,071428571428571428571
2293;2252;0,035714285714285714285
2293;2461;0,035714285714285714285
2293;2714;0,035714285714285714285
2293;3219;0,035714285714285714285
2293;3633;0,035714285714285714285
2293;3869;0,035714285714285714285
2293;3873;0,035714285714285714285
2293;4117;0,035714285714285714285
2293;11690;0,071428571428571428571
2310;54;0,500000000000000000000
2310;119;0,250000000000000000000
2310;4150;0,250000000000000000000
2318;2509;1,000000000000000000000
2322;545;1,000000000000000000000
2326;854;0,333333333333333333333
2326;990;0,166666666666666666666
2326;1322;0,166666666666666666666
2326;2482;0,166666666666666666666
2326;13427;0,166666666666666666666
2330;3393;0,500000000000000000000
2330;8949;0,500000000000000000000
2335;8910;1,000000000000000000000
2337;2438;0,800000000000000000000
2337;8348;0,200000000000000000000
2350;37;0,050000000000000000000
2350;148;0,200000000000000000000
2350;189;0,050000000000000000000
2350;288;0,050000000000000000000
2350;1010;0,050000000000000000000
2350;1437;0,150000000000000000000
2350;1840;0,050000000000000000000
2350;2678;0,050000000000000000000
2350;3551;0,050000000000000000000
2350;4091;0,050000000000000000000
2350;7648;0,050000000000000000000
2350;8268;0,100000000000000000000
2350;9376;0,050000000000000000000
2350;17773;0,050000000000000000000
2352;543;1,000000000000000000000
2355;1948;0,400000000000000000000
2355;3399;0,400000000000000000000
2355;6524;0,200000000000000000000
2359;190;1,000000000000000000000
2364;9468;1,000000000000000000000
2369;2212;0,500000000000000000000
2369;7767;0,500000000000000000000
2374;689;0,250000000000000000000
2374;793;0,125000000000000000000
2374;1554;0,125000000000000000000
2374;1845;0,125000000000000000000
2374;3970;0,125000000000000000000
2374;13799;0,250000000000000000000
2379;873;0,035714285714285714285
2379;1448;0,250000000000000000000
2379;1570;0,035714285714285714285
2379;3234;0,678571428571428571428
2385;512;0,066666666666666666666
2385;524;0,066666666666666666666
2385;526;0,066666666666666666666
2385;621;0,066666666666666666666
2385;883;0,066666666666666666666
2385;911;0,066666666666666666666
2385;965;0,066666666666666666666
2385;970;0,066666666666666666666
2385;2779;0,066666666666666666666
2385;2780;0,066666666666666666666
2385;2998;0,066666666666666666666
2385;5437;0,066666666666666666666
2385;5442;0,066666666666666666666
2385;5629;0,066666666666666666666
2385;6213;0,066666666666666666666
2398;1180;0,666666666666666666666
2398;1237;0,333333333333333333333
2403;151;1,000000000000000000000
2418;4748;1,000000000000000000000
2421;3458;1,000000000000000000000
2422;1220;0,333333333333333333333
2422;28858;0,666666666666666666666
2434;419;0,500000000000000000000
2434;611;0,500000000000000000000
2436;502;0,166666666666666666666
2436;1174;0,166666666666666666666
2436;7713;0,666666666666666666666
2438;2337;0,272727272727272727272
2438;3071;0,272727272727272727272
2438;4794;0,272727272727272727272
2438;6694;0,181818181818181818181
2440;738;0,333333333333333333333
2440;2704;0,333333333333333333333
2440;5613;0,333333333333333333333
2445;318;0,111111111111111111111
2445;3802;0,666666666666666666666
2445;3877;0,111111111111111111111
2445;5367;0,111111111111111111111
2448;104;0,250000000000000000000
2448;151;0,250000000000000000000
2448;768;0,500000000000000000000
2450;1117;0,666666666666666666666
2450;12817;0,333333333333333333333
2455;9258;1,000000000000000000000
2461;2293;0,500000000000000000000
2461;3219;0,500000000000000000000
2463;925;0,500000000000000000000
2463;2239;0,500000000000000000000
2464;615;0,043478260869565217391
2464;984;0,086956521739130434782
2464;1142;0,043478260869565217391
2464;1154;0,043478260869565217391
2464;1493;0,086956521739130434782
2464;2330;0,086956521739130434782
2464;2741;0,086956521739130434782
2464;3528;0,086956521739130434782
2464;4722;0,086956521739130434782
2464;5824;0,130434782608695652173
2464;6781;0,086956521739130434782
2464;8949;0,086956521739130434782
2464;12864;0,043478260869565217391
2470;1454;0,500000000000000000000
2470;6634;0,500000000000000000000
2474;248;1,000000000000000000000
2479;1867;0,250000000000000000000
2479;2252;0,250000000000000000000
2479;3301;0,250000000000000000000
2479;3355;0,250000000000000000000
2482;244;0,500000000000000000000
2482;2326;0,500000000000000000000
2484;1293;0,750000000000000000000
2484;5635;0,250000000000000000000
2487;57;0,666666666666666666666
2487;4729;0,333333333333333333333
2489;74;0,125000000000000000000
2489;296;0,125000000000000000000
2489;1439;0,125000000000000000000
2489;2863;0,125000000000000000000
2489;3340;0,125000000000000000000
2489;5613;0,125000000000000000000
2489;8050;0,250000000000000000000
2492;77;1,000000000000000000000
2494;519;0,571428571428571428571
2494;2493;0,428571428571428571428
2504;1326;0,125000000000000000000
2504;4086;0,250000000000000000000
2504;8143;0,250000000000000000000
2504;9406;0,375000000000000000000
2506;1424;0,050000000000000000000
2506;1695;0,050000000000000000000
2506;1708;0,100000000000000000000
2506;3359;0,250000000000000000000
2506;3360;0,100000000000000000000
2506;3364;0,050000000000000000000
2506;3418;0,300000000000000000000
2506;5753;0,100000000000000000000
2509;109;0,125000000000000000000
2509;1228;0,250000000000000000000
2509;1319;0,375000000000000000000
2509;1457;0,125000000000000000000
2509;3230;0,125000000000000000000
2514;7478;1,000000000000000000000
2515;96;0,200000000000000000000
2515;861;0,133333333333333333333
2515;1570;0,200000000000000000000
2515;1591;0,066666666666666666666
2515;2893;0,133333333333333333333
2515;3234;0,066666666666666666666
2515;4376;0,133333333333333333333
2515;5171;0,066666666666666666666
2516;80;0,347826086956521739130
2516;219;0,260869565217391304347
2516;324;0,043478260869565217391
2516;531;0,043478260869565217391
2516;1893;0,217391304347826086956
2516;2518;0,086956521739130434782
2517;502;0,166666666666666666666
2517;671;0,166666666666666666666
2517;1893;0,666666666666666666666
2518;324;0,666666666666666666666
2518;876;0,333333333333333333333
2522;1030;1,000000000000000000000
2523;2716;0,750000000000000000000
2523;4376;0,250000000000000000000
2543;10255;1,000000000000000000000
2546;1310;0,133333333333333333333
2546;1741;0,066666666666666666666
2546;3234;0,066666666666666666666
2546;4350;0,400000000000000000000
2546;5171;0,200000000000000000000
2546;7160;0,066666666666666666666
2546;8479;0,066666666666666666666
2547;352;0,111111111111111111111
2547;379;0,111111111111111111111
2547;1117;0,222222222222222222222
2547;1316;0,111111111111111111111
2547;27297;0,111111111111111111111
2547;27306;0,111111111111111111111
2547;27343;0,111111111111111111111
2547;27652;0,111111111111111111111
2549;588;1,000000000000000000000
2551;407;0,066666666666666666666
2551;700;0,066666666666666666666
2551;837;0,133333333333333333333
2551;918;0,066666666666666666666
2551;1295;0,200000000000000000000
2551;2585;0,133333333333333333333
2551;5626;0,200000000000000000000
2551;28361;0,133333333333333333333
2554;983;0,166666666666666666666
2554;2555;0,666666666666666666666
2554;24113;0,166666666666666666666
2555;3876;1,000000000000000000000
2576;38;0,200000000000000000000
2576;268;0,200000000000000000000
2576;689;0,200000000000000000000
2576;3850;0,400000000000000000000
2578;17;0,166666666666666666666
2578;190;0,083333333333333333333
2578;925;0,083333333333333333333
2578;1476;0,083333333333333333333
2578;1717;0,083333333333333333333
2578;3145;0,083333333333333333333
2578;3675;0,250000000000000000000
2578;4472;0,083333333333333333333
2578;6634;0,083333333333333333333
2585;1139;0,500000000000000000000
2585;3779;0,500000000000000000000
2586;242;0,555555555555555555555
2586;594;0,111111111111111111111
2586;1180;0,111111111111111111111
2586;1286;0,222222222222222222222
2591;3859;1,000000000000000000000
2596;738;1,000000000000000000000
2598;24076;1,000000000000000000000
2600;39;0,500000000000000000000
2600;266;0,500000000000000000000
2607;934;0,142857142857142857142
2607;1563;0,142857142857142857142
2607;1685;0,285714285714285714285
2607;3394;0,285714285714285714285
2607;3971;0,142857142857142857142
2630;407;1,000000000000000000000
2632;7756;1,000000000000000000000
2639;39;1,000000000000000000000
2644;521;0,500000000000000000000
2644;3085;0,500000000000000000000
2655;267;0,100000000000000000000
2655;1520;0,100000000000000000000
2655;3045;0,100000000000000000000
2655;3381;0,100000000000000000000
2655;3429;0,200000000000000000000
2655;4117;0,200000000000000000000
2655;4359;0,100000000000000000000
2655;4376;0,100000000000000000000
2657;851;1,000000000000000000000
2661;2714;0,200000000000000000000
2661;3234;0,200000000000000000000
2661;4376;0,200000000000000000000
2661;4513;0,200000000000000000000
2661;7160;0,200000000000000000000
2664;718;1,000000000000000000000
2670;160;1,000000000000000000000
2678;10860;1,000000000000000000000
2683;1121;0,181818181818181818181
2683;1690;0,090909090909090909090
2683;2786;0,636363636363636363636
2683;7939;0,090909090909090909090
2684;113;0,038461538461538461538
2684;992;0,384615384615384615384
2684;1278;0,192307692307692307692
2684;1931;0,269230769230769230769
2684;46501;0,115384615384615384615
2694;12563;1,000000000000000000000
2697;1443;0,333333333333333333333
2697;2146;0,666666666666666666666
2704;2440;0,166666666666666666666
2704;9468;0,833333333333333333333
2706;268;0,153846153846153846153
2706;279;0,153846153846153846153
2706;678;0,076923076923076923076
2706;1271;0,076923076923076923076
2706;1889;0,076923076923076923076
2706;3045;0,230769230769230769230
2706;3429;0,076923076923076923076
2706;3701;0,076923076923076923076
2706;7116;0,076923076923076923076
2712;1637;1,000000000000000000000
2713;250;0,055555555555555555555
2713;1149;0,055555555555555555555
2713;1160;0,055555555555555555555
2713;1523;0,055555555555555555555
2713;2661;0,055555555555555555555
2713;2714;0,055555555555555555555
2713;3873;0,055555555555555555555
2713;4513;0,055555555555555555555
2713;4613;0,055555555555555555555
2713;5430;0,055555555555555555555
2713;5861;0,055555555555555555555
2713;6008;0,055555555555555555555
2713;6347;0,055555555555555555555
2713;6535;0,055555555555555555555
2713;7160;0,055555555555555555555
2713;7334;0,055555555555555555555
2713;10595;0,055555555555555555555
2713;28997;0,055555555555555555555
2714;1591;0,500000000000000000000
2714;4513;0,500000000000000000000
2716;861;0,076923076923076923076
2716;2474;0,076923076923076923076
2716;2523;0,461538461538461538461
2716;10020;0,384615384615384615384
2738;2786;1,000000000000000000000
2739;242;0,166666666666666666666
2739;2736;0,166666666666666666666
2739;3069;0,333333333333333333333
2739;3141;0,333333333333333333333
2740;5691;1,000000000000000000000
2741;85;0,021276595744680851063
2741;122;0,021276595744680851063
2741;181;0,021276595744680851063
2741;182;0,021276595744680851063
2741;222;0,021276595744680851063
2741;247;0,021276595744680851063
2741;254;0,021276595744680851063
2741;283;0,042553191489361702127
2741;420;0,021276595744680851063
2741;625;0,021276595744680851063
2741;798;0,021276595744680851063
2741;875;0,021276595744680851063
2741;1142;0,021276595744680851063
2741;1495;0,021276595744680851063
2741;1496;0,021276595744680851063
2741;1639;0,021276595744680851063
2741;1820;0,021276595744680851063
2741;1983;0,042553191489361702127
2741;2133;0,021276595744680851063
2741;2230;0,021276595744680851063
2741;2269;0,021276595744680851063
2741;2302;0,021276595744680851063
2741;2375;0,021276595744680851063
2741;2464;0,021276595744680851063
2741;2742;0,021276595744680851063
2741;2775;0,021276595744680851063
2741;2847;0,021276595744680851063
2741;3393;0,021276595744680851063
2741;3528;0,042553191489361702127
2741;3636;0,021276595744680851063
2741;4098;0,021276595744680851063
2741;5042;0,021276595744680851063
2741;5155;0,021276595744680851063
2741;5158;0,021276595744680851063
2741;5223;0,063829787234042553191
2741;5227;0,021276595744680851063
2741;6203;0,021276595744680851063
2741;6543;0,021276595744680851063
2741;7005;0,021276595744680851063
2741;12864;0,021276595744680851063
2741;12865;0,042553191489361702127
2772;470;1,000000000000000000000
2780;524;0,083333333333333333333
2780;526;0,083333333333333333333
2780;622;0,083333333333333333333
2780;878;0,083333333333333333333
2780;2071;0,083333333333333333333
2780;2418;0,083333333333333333333
2780;4493;0,083333333333333333333
2780;4829;0,083333333333333333333
2780;5441;0,083333333333333333333
2780;7443;0,083333333333333333333
2780;9217;0,083333333333333333333
2780;9436;0,083333333333333333333
2786;526;0,142857142857142857142
2786;1508;0,142857142857142857142
2786;2149;0,142857142857142857142
2786;3798;0,142857142857142857142
2786;5127;0,142857142857142857142
2786;7759;0,142857142857142857142
2786;9390;0,142857142857142857142
2791;999;1,000000000000000000000
2792;54;0,142857142857142857142
2792;320;0,285714285714285714285
2792;658;0,142857142857142857142
2792;4041;0,285714285714285714285
2792;11330;0,142857142857142857142
2796;722;1,000000000000000000000
2799;1566;0,333333333333333333333
2799;24536;0,666666666666666666666
2803;369;1,000000000000000000000
2804;952;1,000000000000000000000
2822;4078;1,000000000000000000000
2826;174;0,333333333333333333333
2826;1173;0,333333333333333333333
2826;1706;0,333333333333333333333
2828;1707;1,000000000000000000000
2834;468;0,666666666666666666666
2834;14376;0,333333333333333333333
2835;302;0,166666666666666666666
2835;885;0,333333333333333333333
2835;2863;0,166666666666666666666
2835;8479;0,166666666666666666666
2835;17634;0,166666666666666666666
2841;38738;1,000000000000000000000
2852;2847;1,000000000000000000000
2853;6444;0,666666666666666666666
2853;9714;0,333333333333333333333
2865;499;0,250000000000000000000
2865;1225;0,250000000000000000000
2865;1459;0,250000000000000000000
2865;3378;0,250000000000000000000
2877;410;0,500000000000000000000
2877;7095;0,500000000000000000000
2882;658;0,500000000000000000000
2882;1457;0,500000000000000000000
2884;2015;1,000000000000000000000
2893;2515;1,000000000000000000000
2916;18641;1,000000000000000000000
2932;628;1,000000000000000000000
2935;7739;1,000000000000000000000
2961;21734;1,000000000000000000000
2962;861;0,500000000000000000000
2962;1372;0,500000000000000000000
2968;2976;1,000000000000000000000
2976;1455;0,333333333333333333333
2976;2968;0,666666666666666666666
2991;708;0,333333333333333333333
2991;1310;0,666666666666666666666
2993;396;0,333333333333333333333
2993;842;0,333333333333333333333
2993;2569;0,333333333333333333333
2998;2385;0,500000000000000000000
2998;9393;0,500000000000000000000
3005;3601;1,000000000000000000000
3007;352;0,111111111111111111111
3007;600;0,333333333333333333333
3007;708;0,111111111111111111111
3007;1538;0,111111111111111111111
3007;2098;0,111111111111111111111
3007;6721;0,111111111111111111111
3007;7130;0,111111111111111111111
3022;410;1,000000000000000000000
3029;3557;1,000000000000000000000
3033;643;0,142857142857142857142
3033;975;0,142857142857142857142
3033;1556;0,142857142857142857142
3033;1866;0,142857142857142857142
3033;4292;0,285714285714285714285
3033;8480;0,142857142857142857142
3045;96;0,041666666666666666666
3045;249;0,062500000000000000000
3045;267;0,083333333333333333333
3045;268;0,041666666666666666666
3045;279;0,041666666666666666666
3045;678;0,083333333333333333333
3045;861;0,125000000000000000000
3045;972;0,020833333333333333333
3045;1048;0,020833333333333333333
3045;1142;0,020833333333333333333
3045;1271;0,041666666666666666666
3045;1570;0,020833333333333333333
3045;1591;0,041666666666666666666
3045;1889;0,041666666666666666666
3045;2706;0,083333333333333333333
3045;2714;0,020833333333333333333
3045;3429;0,041666666666666666666
3045;3701;0,041666666666666666666
3045;4213;0,020833333333333333333
3045;7116;0,041666666666666666666
3045;7389;0,062500000000000000000
3049;415;0,200000000000000000000
3049;930;0,200000000000000000000
3049;1727;0,200000000000000000000
3049;3971;0,200000000000000000000
3049;8957;0,200000000000000000000
3053;1340;1,000000000000000000000
3069;1965;0,600000000000000000000
3069;2739;0,400000000000000000000
3085;960;0,111111111111111111111
3085;1443;0,074074074074074074074
3085;2054;0,018518518518518518518
3085;2147;0,055555555555555555555
3085;2644;0,018518518518518518518
3085;2697;0,092592592592592592592
3085;4146;0,185185185185185185185
3085;4147;0,092592592592592592592
3085;5691;0,111111111111111111111
3085;14899;0,129629629629629629629
3085;17323;0,111111111111111111111
3087;891;1,000000000000000000000
3089;955;1,000000000000000000000
3091;983;1,000000000000000000000
3095;522;0,333333333333333333333
3095;2127;0,333333333333333333333
3095;41776;0,333333333333333333333
3096;1503;1,000000000000000000000
3103;3381;1,000000000000000000000
3104;15863;1,000000000000000000000
3105;119;0,200000000000000000000
3105;4744;0,400000000000000000000
3105;5617;0,400000000000000000000
3118;1284;1,000000000000000000000
3123;277;0,500000000000000000000
3123;5005;0,500000000000000000000
3141;16;0,040000000000000000000
3141;309;0,040000000000000000000
3141;645;0,160000000000000000000
3141;1231;0,120000000000000000000
3141;1286;0,080000000000000000000
3141;1948;0,040000000000000000000
3141;2736;0,080000000000000000000
3141;2739;0,120000000000000000000
3141;3098;0,040000000000000000000
3141;3123;0,080000000000000000000
3141;3142;0,080000000000000000000
3141;3852;0,040000000000000000000
3141;4501;0,040000000000000000000
3141;6496;0,040000000000000000000
3142;995;0,500000000000000000000
3142;3141;0,500000000000000000000
3143;365;0,066666666666666666666
3143;703;0,066666666666666666666
3143;853;0,066666666666666666666
3143;1239;0,066666666666666666666
3143;1280;0,066666666666666666666
3143;2362;0,066666666666666666666
3143;3966;0,066666666666666666666
3143;4451;0,066666666666666666666
3143;4538;0,066666666666666666666
3143;6800;0,066666666666666666666
3143;7131;0,066666666666666666666
3143;7416;0,066666666666666666666
3143;9194;0,066666666666666666666
3143;9195;0,066666666666666666666
3143;9196;0,066666666666666666666
3145;1263;0,200000000000000000000
3145;2736;0,400000000000000000000
3145;6503;0,400000000000000000000
3158;13369;1,000000000000000000000
3161;285;0,750000000000000000000
3161;6007;0,250000000000000000000
3164;1162;1,000000000000000000000
3169;3588;0,142857142857142857142
3169;4222;0,142857142857142857142
3169;5007;0,142857142857142857142
3169;6929;0,571428571428571428571
3176;3962;0,250000000000000000000
3176;9451;0,250000000000000000000
3176;17273;0,250000000000000000000
3176;31885;0,250000000000000000000
3182;10592;1,000000000000000000000
3188;1058;0,083333333333333333333
3188;1236;0,041666666666666666666
3188;2204;0,833333333333333333333
3188;2786;0,041666666666666666666
3189;8268;1,000000000000000000000
3203;7135;1,000000000000000000000
3204;918;0,666666666666666666666
3204;3205;0,333333333333333333333
3205;3204;1,000000000000000000000
3212;609;1,000000000000000000000
3222;1092;1,000000000000000000000
3230;132;0,500000000000000000000
3230;550;0,500000000000000000000
3233;990;0,500000000000000000000
3233;2326;0,500000000000000000000
3235;529;0,400000000000000000000
3235;3802;0,600000000000000000000
3245;168;0,200000000000000000000
3245;860;0,400000000000000000000
3245;6889;0,400000000000000000000
3250;295;0,500000000000000000000
3250;5245;0,500000000000000000000
3251;4874;0,400000000000000000000
3251;14323;0,600000000000000000000
3256;567;0,200000000000000000000
3256;738;0,100000000000000000000
3256;1589;0,200000000000000000000
3256;2512;0,100000000000000000000
3256;8350;0,200000000000000000000
3256;9729;0,100000000000000000000
3256;28821;0,100000000000000000000
3265;1713;0,333333333333333333333
3265;5009;0,333333333333333333333
3265;5171;0,333333333333333333333
3293;8928;1,000000000000000000000
3296;192;0,111111111111111111111
3296;1101;0,111111111111111111111
3296;2037;0,111111111111111111111
3296;2272;0,111111111111111111111
3296;3591;0,555555555555555555555
3299;1355;0,500000000000000000000
3299;10306;0,500000000000000000000
3301;2479;0,333333333333333333333
3301;7774;0,333333333333333333333
3301;12466;0,333333333333333333333
3318;3417;1,000000000000000000000
3325;2191;1,000000000000000000000
3332;1160;0,333333333333333333333
3332;1939;0,333333333333333333333
3332;5500;0,333333333333333333333
3334;3378;1,000000000000000000000
3340;1055;0,250000000000000000000
3340;9686;0,250000000000000000000
3340;9898;0,250000000000000000000
3340;9925;0,250000000000000000000
3344;842;1,000000000000000000000
3347;4976;1,000000000000000000000
3355;4853;1,000000000000000000000
3356;866;1,000000000000000000000
3359;1707;0,200000000000000000000
3359;1708;0,600000000000000000000
3359;3564;0,200000000000000000000
3360;5506;1,000000000000000000000
3362;351;0,333333333333333333333
3362;817;0,333333333333333333333
3362;10633;0,333333333333333333333
3381;1710;0,500000000000000000000
3381;4613;0,500000000000000000000
3383;196;0,500000000000000000000
3383;4376;0,500000000000000000000
3392;4376;1,000000000000000000000
3393;122;0,058823529411764705882
3393;845;0,176470588235294117647
3393;1234;0,176470588235294117647
3393;1235;0,176470588235294117647
3393;1262;0,058823529411764705882
3393;1271;0,117647058823529411764
3393;8949;0,058823529411764705882
3393;10188;0,117647058823529411764
3393;12864;0,058823529411764705882
3394;2607;0,500000000000000000000
3394;4510;0,500000000000000000000
3395;517;1,000000000000000000000
3399;1143;0,454545454545454545454
3399;1948;0,181818181818181818181
3399;2355;0,181818181818181818181
3399;6505;0,181818181818181818181
3408;869;0,500000000000000000000
3408;1765;0,250000000000000000000
3408;3284;0,250000000000000000000
3411;1598;1,000000000000000000000
3417;846;0,500000000000000000000
3417;4707;0,500000000000000000000
3418;4518;0,500000000000000000000
3418;4697;0,500000000000000000000
3427;174;0,384615384615384615384
3427;1454;0,153846153846153846153
3427;1681;0,076923076923076923076
3427;1735;0,230769230769230769230
3427;8212;0,076923076923076923076
3427;8213;0,076923076923076923076
3429;101;0,045454545454545454545
3429;226;0,045454545454545454545
3429;268;0,045454545454545454545
3429;284;0,045454545454545454545
3429;1271;0,045454545454545454545
3429;2655;0,045454545454545454545
3429;2706;0,090909090909090909090
3429;3045;0,090909090909090909090
3429;3234;0,045454545454545454545
3429;3381;0,045454545454545454545
3429;3601;0,045454545454545454545
3429;3701;0,045454545454545454545
3429;4376;0,045454545454545454545
3429;4613;0,181818181818181818181
3429;7116;0,045454545454545454545
3429;9258;0,045454545454545454545
3429;10020;0,045454545454545454545
3443;219;0,333333333333333333333
3443;876;0,333333333333333333333
3443;1131;0,333333333333333333333
3450;186;0,050000000000000000000
3450;428;0,050000000000000000000
3450;527;0,050000000000000000000
3450;613;0,050000000000000000000
3450;808;0,050000000000000000000
3450;955;0,050000000000000000000
3450;1004;0,050000000000000000000
3450;1032;0,050000000000000000000
3450;1588;0,050000000000000000000
3450;3260;0,050000000000000000000
3450;3320;0,050000000000000000000
3450;3359;0,050000000000000000000
3450;6349;0,050000000000000000000
3450;6892;0,050000000000000000000
3450;7572;0,050000000000000000000
3450;9019;0,050000000000000000000
3450;9720;0,050000000000000000000
3450;9723;0,050000000000000000000
3450;9727;0,050000000000000000000
3450;27848;0,050000000000000000000
3457;3230;0,200000000000000000000
3457;3458;0,800000000000000000000
3458;2421;0,100000000000000000000
3458;3457;0,500000000000000000000
3458;3499;0,100000000000000000000
3458;5530;0,100000000000000000000
3458;12572;0,200000000000000000000
3465;945;1,000000000000000000000
3475;918;0,250000000000000000000
3475;3477;0,250000000000000000000
3475;13006;0,500000000000000000000
3477;418;0,600000000000000000000
3477;4217;0,200000000000000000000
3477;9982;0,200000000000000000000
3485;1556;0,250000000000000000000
3485;5042;0,250000000000000000000
3485;8489;0,250000000000000000000
3485;12938;0,250000000000000000000
3513;6000;1,000000000000000000000
3515;502;1,000000000000000000000
3523;71;0,047619047619047619047
3523;354;0,047619047619047619047
3523;360;0,047619047619047619047
3523;529;0,285714285714285714285
3523;995;0,095238095238095238095
3523;1316;0,047619047619047619047
3523;1724;0,047619047619047619047
3523;1941;0,047619047619047619047
3523;1943;0,047619047619047619047
3523;3235;0,047619047619047619047
3523;5625;0,095238095238095238095
3523;12432;0,047619047619047619047
3523;12816;0,047619047619047619047
3523;12817;0,047619047619047619047
3528;722;0,500000000000000000000
3528;1684;0,500000000000000000000
3551;5635;1,000000000000000000000
3574;57;1,000000000000000000000
3586;1171;0,500000000000000000000
3586;8460;0,500000000000000000000
3587;6169;1,000000000000000000000
3588;2648;0,142857142857142857142
3588;4219;0,285714285714285714285
3588;4998;0,428571428571428571428
3588;21268;0,142857142857142857142
3590;479;0,500000000000000000000
3590;852;0,500000000000000000000
3591;3296;0,400000000000000000000
3591;5564;0,200000000000000000000
3591;10946;0,400000000000000000000
3601;285;0,200000000000000000000
3601;3005;0,400000000000000000000
3601;7160;0,200000000000000000000
3601;8095;0,200000000000000000000
3608;37812;1,000000000000000000000
3619;2252;0,500000000000000000000
3619;3234;0,500000000000000000000
3625;219;0,333333333333333333333
3625;2516;0,666666666666666666666
3633;2293;1,000000000000000000000
3636;2741;0,500000000000000000000
3636;7142;0,500000000000000000000
3665;4497;1,000000000000000000000
3667;7;0,250000000000000000000
3667;6000;0,500000000000000000000
3667;13416;0,250000000000000000000
3675;172;0,400000000000000000000
3675;1076;0,200000000000000000000
3675;4361;0,200000000000000000000
3675;4442;0,200000000000000000000
3678;3891;1,000000000000000000000
3680;528;0,500000000000000000000
3680;8156;0,500000000000000000000
3685;891;0,333333333333333333333
3685;2350;0,333333333333333333333
3685;4877;0,166666666666666666666
3685;5635;0,166666666666666666666
3697;930;0,500000000000000000000
3697;9340;0,500000000000000000000
3712;1118;1,000000000000000000000
3736;9415;1,000000000000000000000
3738;475;0,250000000000000000000
3738;5666;0,500000000000000000000
3738;8484;0,250000000000000000000
3747;433;0,125000000000000000000
3747;1466;0,125000000000000000000
3747;3311;0,125000000000000000000
3747;4622;0,125000000000000000000
3747;11476;0,125000000000000000000
3747;15889;0,125000000000000000000
3747;17268;0,250000000000000000000
3748;127;1,000000000000000000000
3766;1446;0,250000000000000000000
3766;2112;0,250000000000000000000
3766;4219;0,500000000000000000000
3774;166;1,000000000000000000000
3791;567;0,428571428571428571428
3791;964;0,142857142857142857142
3791;1589;0,285714285714285714285
3791;1600;0,142857142857142857142
3800;266;1,000000000000000000000
3802;1234;0,200000000000000000000
3802;1277;0,080000000000000000000
3802;1815;0,040000000000000000000
3802;1949;0,320000000000000000000
3802;2445;0,120000000000000000000
3802;3143;0,040000000000000000000
3802;3235;0,120000000000000000000
3802;5564;0,080000000000000000000
3809;1010;0,100000000000000000000
3809;1293;0,050000000000000000000
3809;2001;0,300000000000000000000
3809;4421;0,050000000000000000000
3809;6991;0,200000000000000000000
3809;6992;0,200000000000000000000
3809;10523;0,050000000000000000000
3809;13504;0,050000000000000000000
3811;6812;0,500000000000000000000
3811;9691;0,500000000000000000000
3815;1053;1,000000000000000000000
3825;1160;1,000000000000000000000
3827;1556;0,666666666666666666666
3827;2709;0,166666666666666666666
3827;13428;0,166666666666666666666
3829;8910;1,000000000000000000000
3834;2388;1,000000000000000000000
3836;317;0,166666666666666666666
3836;318;0,166666666666666666666
3836;494;0,166666666666666666666
3836;1933;0,500000000000000000000
3838;241;0,500000000000000000000
3838;3381;0,500000000000000000000
3842;82;0,125000000000000000000
3842;1946;0,125000000000000000000
3842;3940;0,250000000000000000000
3842;4534;0,125000000000000000000
3842;6433;0,375000000000000000000
3844;3508;0,500000000000000000000
3844;14683;0,500000000000000000000
3850;229;0,200000000000000000000
3850;2511;0,100000000000000000000
3850;2576;0,200000000000000000000
3850;4269;0,100000000000000000000
3850;4861;0,100000000000000000000
3850;9230;0,100000000000000000000
3850;9231;0,100000000000000000000
3850;28372;0,100000000000000000000
3857;96;0,333333333333333333333
3857;168;0,666666666666666666666
3859;74;0,038461538461538461538
3859;464;0,038461538461538461538
3859;972;0,076923076923076923076
3859;1085;0,076923076923076923076
3859;1406;0,038461538461538461538
3859;1503;0,076923076923076923076
3859;1513;0,038461538461538461538
3859;2176;0,076923076923076923076
3859;2591;0,038461538461538461538
3859;3096;0,038461538461538461538
3859;3161;0,076923076923076923076
3859;3610;0,038461538461538461538
3859;4179;0,038461538461538461538
3859;5042;0,038461538461538461538
3859;8756;0,076923076923076923076
3859;12936;0,076923076923076923076
3859;22211;0,038461538461538461538
3859;41556;0,076923076923076923076
3862;899;1,000000000000000000000
3867;861;1,000000000000000000000
3869;2716;0,500000000000000000000
3869;3381;0,500000000000000000000
3872;4376;1,000000000000000000000
3876;5092;0,500000000000000000000
3876;12269;0,500000000000000000000
3877;1588;0,500000000000000000000
3877;6892;0,500000000000000000000
3891;249;1,000000000000000000000
3957;320;0,500000000000000000000
3957;7418;0,500000000000000000000
3968;1206;0,166666666666666666666
3968;11330;0,666666666666666666666
3968;13369;0,166666666666666666666
3970;96;1,000000000000000000000
3971;1455;0,166666666666666666666
3971;1685;0,166666666666666666666
3971;1721;0,166666666666666666666
3971;2195;0,166666666666666666666
3971;9047;0,166666666666666666666
3971;27722;0,166666666666666666666
3975;846;0,500000000000000000000
3975;1949;0,500000000000000000000
3978;10860;1,000000000000000000000
3980;460;0,250000000000000000000
3980;2227;0,250000000000000000000
3980;4374;0,500000000000000000000
3985;163;0,187500000000000000000
3985;768;0,187500000000000000000
3985;1991;0,062500000000000000000
3985;4283;0,187500000000000000000
3985;4425;0,187500000000000000000
3985;4454;0,187500000000000000000
3986;10604;1,000000000000000000000
3996;3141;1,000000000000000000000
4004;689;0,250000000000000000000
4004;1307;0,250000000000000000000
4004;5493;0,250000000000000000000
4004;9360;0,250000000000000000000
4020;708;0,200000000000000000000
4020;1868;0,200000000000000000000
4020;2175;0,600000000000000000000
4024;3098;1,000000000000000000000
4041;2792;1,000000000000000000000
4048;151;1,000000000000000000000
4052;131;1,000000000000000000000
4056;2291;1,000000000000000000000
4059;137;1,000000000000000000000
4064;190;1,000000000000000000000
4078;120;0,052631578947368421052
4078;337;0,052631578947368421052
4078;392;0,052631578947368421052
4078;410;0,105263157894736842105
4078;414;0,052631578947368421052
4078;805;0,052631578947368421052
4078;1727;0,157894736842105263157
4078;2140;0,105263157894736842105
4078;2822;0,052631578947368421052
4078;3024;0,052631578947368421052
4078;6000;0,105263157894736842105
4078;8566;0,105263157894736842105
4078;13187;0,052631578947368421052
4080;615;0,333333333333333333333
4080;937;0,333333333333333333333
4080;1513;0,333333333333333333333
4086;467;0,800000000000000000000
4086;2504;0,200000000000000000000
4089;4349;0,571428571428571428571
4089;4749;0,285714285714285714285
4089;9088;0,142857142857142857142
4090;1997;1,000000000000000000000
4094;330;0,166666666666666666666
4094;3111;0,166666666666666666666
4094;5338;0,166666666666666666666
4094;5638;0,166666666666666666666
4094;9998;0,166666666666666666666
4094;17190;0,166666666666666666666
4099;1477;0,200000000000000000000
4099;1498;0,400000000000000000000
4099;1991;0,200000000000000000000
4099;4442;0,200000000000000000000
4100;4522;1,000000000000000000000
4101;1053;0,500000000000000000000
4101;1162;0,500000000000000000000
4102;1623;0,200000000000000000000
4102;1949;0,200000000000000000000
4102;4933;0,600000000000000000000
4104;7713;0,714285714285714285714
4104;9806;0,285714285714285714285
4108;162;0,500000000000000000000
4108;520;0,500000000000000000000
4117;2655;0,500000000000000000000
4117;4376;0,250000000000000000000
4117;4592;0,250000000000000000000
4146;1066;0,045454545454545454545
4146;3085;0,181818181818181818181
4146;4271;0,363636363636363636363
4146;4414;0,363636363636363636363
4146;17323;0,045454545454545454545
4147;966;0,200000000000000000000
4147;2697;0,200000000000000000000
4147;2786;0,200000000000000000000
4147;3085;0,400000000000000000000
4148;178;0,142857142857142857142
4148;447;0,285714285714285714285
4148;1713;0,428571428571428571428
4148;4293;0,142857142857142857142
4159;1152;0,285714285714285714285
4159;2512;0,285714285714285714285
4159;4501;0,142857142857142857142
4159;8238;0,285714285714285714285
4172;1265;0,333333333333333333333
4172;1462;0,666666666666666666666
4173;80;1,000000000000000000000
4179;1503;0,250000000000000000000
4179;5042;0,500000000000000000000
4179;12936;0,250000000000000000000
4187;241;0,062500000000000000000
4187;455;0,187500000000000000000
4187;1499;0,187500000000000000000
4187;3872;0,062500000000000000000
4187;3992;0,062500000000000000000
4187;4337;0,125000000000000000000
4187;4376;0,125000000000000000000
4187;9330;0,187500000000000000000
4213;284;0,200000000000000000000
4213;1515;0,200000000000000000000
4213;2390;0,200000000000000000000
4213;3045;0,200000000000000000000
4213;4713;0,200000000000000000000
4215;196;0,125000000000000000000
4215;4621;0,875000000000000000000
4225;520;0,333333333333333333333
4225;1058;0,333333333333333333333
4225;1650;0,333333333333333333333
4232;1996;1,000000000000000000000
4237;4238;0,500000000000000000000
4237;5484;0,500000000000000000000
4238;4237;1,000000000000000000000
4240;8723;0,333333333333333333333
4240;9184;0,333333333333333333333
4240;14465;0,333333333333333333333
4244;132;1,000000000000000000000
4257;2442;1,000000000000000000000
4262;54;1,000000000000000000000
4268;952;0,333333333333333333333
4268;1180;0,333333333333333333333
4268;3975;0,333333333333333333333
4278;538;0,250000000000000000000
4278;1340;0,250000000000000000000
4278;2664;0,250000000000000000000
4278;17207;0,250000000000000000000
4280;4281;1,000000000000000000000
4281;4280;1,000000000000000000000
4286;285;0,500000000000000000000
4286;3636;0,500000000000000000000
4307;266;0,500000000000000000000
4307;613;0,500000000000000000000
4309;2117;1,000000000000000000000
4313;8095;0,333333333333333333333
4313;18641;0,666666666666666666666
4317;600;0,500000000000000000000
4317;982;0,250000000000000000000
4317;4020;0,250000000000000000000
4334;5682;0,666666666666666666666
4334;8341;0,333333333333333333333
4337;4187;0,500000000000000000000
4337;4376;0,500000000000000000000
4349;4089;1,000000000000000000000
4355;2117;0,500000000000000000000
4355;4877;0,500000000000000000000
4359;241;0,125000000000000000000
4359;1141;0,125000000000000000000
4359;1591;0,125000000000000000000
4359;2655;0,125000000000000000000
4359;5223;0,125000000000000000000
4359;6755;0,250000000000000000000
4359;9714;0,125000000000000000000
4361;17;0,200000000000000000000
4361;1476;0,200000000000000000000
4361;1598;0,200000000000000000000
4361;4431;0,400000000000000000000
4364;4561;1,000000000000000000000
4376;101;0,007905138339920948616
4376;226;0,007905138339920948616
4376;241;0,007905138339920948616
4376;248;0,007905138339920948616
4376;250;0,007905138339920948616
4376;251;0,007905138339920948616
4376;269;0,007905138339920948616
4376;274;0,007905138339920948616
4376;277;0,003952569169960474308
4376;279;0,011857707509881422924
4376;284;0,007905138339920948616
4376;285;0,007905138339920948616
4376;452;0,011857707509881422924
4376;455;0,015810276679841897233
4376;678;0,011857707509881422924
4376;698;0,011857707509881422924
4376;737;0,007905138339920948616
4376;781;0,007905138339920948616
4376;787;0,019762845849802371541
4376;802;0,007905138339920948616
4376;861;0,007905138339920948616
4376;873;0,007905138339920948616
4376;912;0,007905138339920948616
4376;1149;0,007905138339920948616
4376;1271;0,007905138339920948616
4376;1499;0,015810276679841897233
4376;1513;0,007905138339920948616
4376;1515;0,007905138339920948616
4376;1520;0,011857707509881422924
4376;1547;0,007905138339920948616
4376;1591;0,007905138339920948616
4376;1710;0,011857707509881422924
4376;1741;0,011857707509881422924
4376;1814;0,007905138339920948616
4376;1827;0,023715415019762845849
4376;2087;0,015810276679841897233
4376;2139;0,011857707509881422924
4376;2237;0,003952569169960474308
4376;2252;0,007905138339920948616
4376;2398;0,007905138339920948616
4376;2455;0,007905138339920948616
4376;2472;0,007905138339920948616
4376;2474;0,007905138339920948616
4376;2515;0,011857707509881422924
4376;2523;0,011857707509881422924
4376;2655;0,011857707509881422924
4376;2661;0,011857707509881422924
4376;2706;0,007905138339920948616
4376;2713;0,007905138339920948616
4376;2714;0,011857707509881422924
4376;2716;0,007905138339920948616
4376;2962;0,007905138339920948616
4376;2990;0,007905138339920948616
4376;3045;0,007905138339920948616
4376;3103;0,007905138339920948616
4376;3332;0,003952569169960474308
4376;3383;0,011857707509881422924
4376;3392;0,007905138339920948616
4376;3429;0,011857707509881422924
4376;3459;0,007905138339920948616
4376;3473;0,007905138339920948616
4376;3601;0,007905138339920948616
4376;3619;0,007905138339920948616
4376;3701;0,007905138339920948616
4376;3838;0,007905138339920948616
4376;3866;0,007905138339920948616
4376;3867;0,007905138339920948616
4376;3868;0,007905138339920948616
4376;3869;0,007905138339920948616
4376;3870;0,007905138339920948616
4376;3871;0,007905138339920948616
4376;3872;0,011857707509881422924
4376;3873;0,007905138339920948616
4376;3992;0,007905138339920948616
4376;4117;0,011857707509881422924
4376;4187;0,011857707509881422924
4376;4313;0,007905138339920948616
4376;4337;0,007905138339920948616
4376;4398;0,007905138339920948616
4376;4592;0,007905138339920948616
4376;4613;0,007905138339920948616
4376;4787;0,011857707509881422924
4376;5430;0,007905138339920948616
4376;6007;0,019762845849802371541
4376;6008;0,007905138339920948616
4376;6105;0,007905138339920948616
4376;6347;0,007905138339920948616
4376;6609;0,007905138339920948616
4376;7160;0,007905138339920948616
4376;7334;0,007905138339920948616
4376;9212;0,007905138339920948616
4376;9258;0,007905138339920948616
4376;9330;0,011857707509881422924
4376;9514;0,007905138339920948616
4376;9691;0,003952569169960474308
4376;10019;0,007905138339920948616
4376;10020;0,003952569169960474308
4376;10021;0,007905138339920948616
4376;10197;0,007905138339920948616
4376;10595;0,011857707509881422924
4376;12423;0,007905138339920948616
4376;13294;0,007905138339920948616
4376;13669;0,007905138339920948616
4376;13670;0,007905138339920948616
4376;13671;0,007905138339920948616
4376;13672;0,007905138339920948616
4376;13673;0,007905138339920948616
4376;13674;0,007905138339920948616
4376;13675;0,007905138339920948616
4376;13676;0,007905138339920948616
4376;28598;0,003952569169960474308
4377;652;0,800000000000000000000
4377;2884;0,200000000000000000000
4380;2385;1,000000000000000000000
4401;12436;1,000000000000000000000
4414;1393;0,142857142857142857142
4414;4146;0,571428571428571428571
4414;4271;0,285714285714285714285
4421;1092;0,500000000000000000000
4421;4877;0,500000000000000000000
4425;777;1,000000000000000000000
4427;1729;1,000000000000000000000
4430;172;1,000000000000000000000
4431;1991;0,800000000000000000000
4431;4361;0,200000000000000000000
4432;453;0,500000000000000000000
4432;839;0,500000000000000000000
4434;8081;1,000000000000000000000
4440;1379;0,333333333333333333333
4440;1597;0,333333333333333333333
4440;9761;0,333333333333333333333
4442;4099;1,000000000000000000000
4451;3143;0,250000000000000000000
4451;4435;0,250000000000000000000
4451;5616;0,250000000000000000000
4451;9762;0,250000000000000000000
4453;1498;1,000000000000000000000
4462;163;1,000000000000000000000
4471;163;0,333333333333333333333
4471;28970;0,666666666666666666666
4472;1498;0,333333333333333333333
4472;1598;0,500000000000000000000
4472;5092;0,166666666666666666666
4497;1527;0,142857142857142857142
4497;3665;0,142857142857142857142
4497;5484;0,142857142857142857142
4497;5886;0,142857142857142857142
4497;7739;0,428571428571428571428
4498;399;1,000000000000000000000
4501;1231;0,500000000000000000000
4501;2736;0,500000000000000000000
4510;1316;0,333333333333333333333
4510;3394;0,666666666666666666666
4512;100;1,000000000000000000000
4513;1160;0,333333333333333333333
4513;1939;0,166666666666666666666
4513;3234;0,166666666666666666666
4513;4376;0,166666666666666666666
4513;5861;0,166666666666666666666
4518;46;0,066666666666666666666
4518;174;0,200000000000000000000
4518;437;0,100000000000000000000
4518;1064;0,033333333333333333333
4518;1169;0,033333333333333333333
4518;1695;0,066666666666666666666
4518;3418;0,100000000000000000000
4518;3427;0,066666666666666666666
4518;3647;0,066666666666666666666
4518;3768;0,066666666666666666666
4518;4697;0,066666666666666666666
4518;7994;0,066666666666666666666
4518;9261;0,066666666666666666666
4552;41;0,500000000000000000000
4552;1261;0,500000000000000000000
4553;984;0,400000000000000000000
4553;1639;0,200000000000000000000
4553;1981;0,200000000000000000000
4553;5383;0,200000000000000000000
4561;1150;1,000000000000000000000
4576;189;0,250000000000000000000
4576;609;0,250000000000000000000
4576;4629;0,250000000000000000000
4576;11734;0,250000000000000000000
4586;4587;1,000000000000000000000
4592;3459;0,333333333333333333333
4592;5619;0,333333333333333333333
4592;6236;0,333333333333333333333
4613;3234;0,333333333333333333333
4613;4299;0,333333333333333333333
4613;4513;0,333333333333333333333
4621;4215;0,750000000000000000000
4621;6955;0,250000000000000000000
4622;1778;0,333333333333333333333
4622;4225;0,333333333333333333333
4622;4345;0,333333333333333333333
4625;9396;0,750000000000000000000
4625;9436;0,250000000000000000000
4627;411;0,200000000000000000000
4627;2200;0,200000000000000000000
4627;12563;0,600000000000000000000
4629;4576;0,400000000000000000000
4629;28615;0,600000000000000000000
4639;1089;0,200000000000000000000
4639;3694;0,600000000000000000000
4639;28969;0,200000000000000000000
4681;955;1,000000000000000000000
4695;1372;1,000000000000000000000
4697;313;1,000000000000000000000
4707;3417;1,000000000000000000000
4713;615;1,000000000000000000000
4715;2786;1,000000000000000000000
4719;36;0,008888888888888888888
4719;48;0,004444444444444444444
4719;137;0,004444444444444444444
4719;178;0,004444444444444444444
4719;196;0,008888888888888888888
4719;334;0,008888888888888888888
4719;341;0,004444444444444444444
4719;447;0,008888888888888888888
4719;507;0,008888888888888888888
4719;641;0,004444444444444444444
4719;742;0,008888888888888888888
4719;756;0,008888888888888888888
4719;783;0,008888888888888888888
4719;796;0,008888888888888888888
4719;810;0,008888888888888888888
4719;897;0,004444444444444444444
4719;1065;0,008888888888888888888
4719;1104;0,008888888888888888888
4719;1111;0,008888888888888888888
4719;1112;0,008888888888888888888
4719;1196;0,008888888888888888888
4719;1264;0,008888888888888888888
4719;1422;0,008888888888888888888
4719;1533;0,004444444444444444444
4719;1556;0,008888888888888888888
4719;1655;0,008888888888888888888
4719;1673;0,008888888888888888888
4719;1681;0,004444444444444444444
4719;1848;0,008888888888888888888
4719;1963;0,008888888888888888888
4719;1986;0,008888888888888888888
4719;2090;0,008888888888888888888
4719;2164;0,004444444444444444444
4719;2166;0,008888888888888888888
4719;2244;0,008888888888888888888
4719;2267;0,008888888888888888888
4719;2296;0,008888888888888888888
4719;2393;0,008888888888888888888
4719;2428;0,004444444444444444444
4719;2429;0,008888888888888888888
4719;2435;0,004444444444444444444
4719;2458;0,008888888888888888888
4719;2602;0,008888888888888888888
4719;2709;0,008888888888888888888
4719;2728;0,008888888888888888888
4719;2731;0,008888888888888888888
4719;2798;0,008888888888888888888
4719;3029;0,004444444444444444444
4719;3082;0,008888888888888888888
4719;3083;0,008888888888888888888
4719;3129;0,008888888888888888888
4719;3182;0,004444444444444444444
4719;3208;0,008888888888888888888
4719;3265;0,004444444444444444444
4719;3426;0,004444444444444444444
4719;3519;0,004444444444444444444
4719;3557;0,004444444444444444444
4719;3599;0,008888888888888888888
4719;3722;0,004444444444444444444
4719;3776;0,008888888888888888888
4719;4059;0,004444444444444444444
4719;4148;0,004444444444444444444
4719;4215;0,008888888888888888888
4719;4396;0,008888888888888888888
4719;4601;0,004444444444444444444
4719;4699;0,008888888888888888888
4719;4754;0,004444444444444444444
4719;4831;0,008888888888888888888
4719;4992;0,008888888888888888888
4719;4993;0,008888888888888888888
4719;5000;0,008888888888888888888
4719;5006;0,008888888888888888888
4719;5008;0,008888888888888888888
4719;5009;0,008888888888888888888
4719;5010;0,008888888888888888888
4719;5014;0,008888888888888888888
4719;5017;0,008888888888888888888
4719;5190;0,008888888888888888888
4719;5380;0,008888888888888888888
4719;5576;0,008888888888888888888
4719;5597;0,008888888888888888888
4719;5933;0,008888888888888888888
4719;6221;0,008888888888888888888
4719;6342;0,008888888888888888888
4719;6643;0,008888888888888888888
4719;7037;0,008888888888888888888
4719;7057;0,008888888888888888888
4719;7106;0,008888888888888888888
4719;7126;0,004444444444444444444
4719;7765;0,008888888888888888888
4719;7914;0,008888888888888888888
4719;8054;0,008888888888888888888
4719;8106;0,004444444444444444444
4719;8200;0,008888888888888888888
4719;8201;0,004444444444444444444
4719;8202;0,008888888888888888888
4719;8225;0,004444444444444444444
4719;8498;0,004444444444444444444
4719;8702;0,008888888888888888888
4719;9824;0,008888888888888888888
4719;10728;0,004444444444444444444
4719;10744;0,008888888888888888888
4719;11132;0,004444444444444444444
4719;11263;0,004444444444444444444
4719;11902;0,004444444444444444444
4719;12486;0,004444444444444444444
4719;13048;0,008888888888888888888
4719;13200;0,008888888888888888888
4719;13201;0,008888888888888888888
4719;13385;0,008888888888888888888
4719;13496;0,004444444444444444444
4719;13861;0,008888888888888888888
4719;14907;0,008888888888888888888
4719;14978;0,004444444444444444444
4719;15207;0,004444444444444444444
4719;15507;0,008888888888888888888
4719;15721;0,008888888888888888888
4719;15722;0,004444444444444444444
4719;17954;0,004444444444444444444
4719;19185;0,004444444444444444444
4719;19186;0,004444444444444444444
4719;19187;0,008888888888888888888
4719;19188;0,008888888888888888888
4719;19189;0,008888888888888888888
4719;19190;0,008888888888888888888
4719;19191;0,008888888888888888888
4719;19192;0,004444444444444444444
4719;19193;0,004444444444444444444
4719;19194;0,008888888888888888888
4719;19195;0,004444444444444444444
4719;19197;0,004444444444444444444
4719;19198;0,004444444444444444444
4719;19199;0,004444444444444444444
4719;19200;0,008888888888888888888
4719;19201;0,008888888888888888888
4722;2464;1,000000000000000000000
4729;2487;0,500000000000000000000
4729;4098;0,500000000000000000000
4747;11;0,333333333333333333333
4747;846;0,666666666666666666666
4748;1443;0,500000000000000000000
4748;2786;0,500000000000000000000
4749;4089;1,000000000000000000000
4752;1162;1,000000000000000000000
4755;4237;1,000000000000000000000
4777;2546;1,000000000000000000000
4780;658;1,000000000000000000000
4786;671;0,666666666666666666666
4786;10103;0,333333333333333333333
4787;4376;1,000000000000000000000
4794;288;0,250000000000000000000
4794;2438;0,250000000000000000000
4794;3731;0,250000000000000000000
4794;6694;0,250000000000000000000
4821;502;0,142857142857142857142
4821;528;0,142857142857142857142
4821;2206;0,142857142857142857142
4821;12165;0,285714285714285714285
4821;17352;0,142857142857142857142
4821;52792;0,142857142857142857142
4825;2145;0,200000000000000000000
4825;5628;0,200000000000000000000
4825;6889;0,600000000000000000000
4829;2780;0,500000000000000000000
4829;2786;0,500000000000000000000
4844;1669;1,000000000000000000000
4853;1948;0,500000000000000000000
4853;3355;0,500000000000000000000
4874;3251;1,000000000000000000000
4877;3685;0,333333333333333333333
4877;9376;0,333333333333333333333
4877;14050;0,333333333333333333333
4901;183;0,125000000000000000000
4901;1286;0,125000000000000000000
4901;2280;0,625000000000000000000
4901;5892;0,125000000000000000000
4918;21986;0,666666666666666666666
4918;24601;0,333333333333333333333
4933;1949;0,250000000000000000000
4933;4102;0,750000000000000000000
4935;2288;1,000000000000000000000
5001;3108;0,500000000000000000000
5001;10682;0,500000000000000000000
5016;1016;0,333333333333333333333
5016;1020;0,666666666666666666666
5061;543;0,500000000000000000000
5061;5528;0,500000000000000000000
5089;6406;1,000000000000000000000
5092;3876;0,333333333333333333333
5092;4472;0,333333333333333333333
5092;17302;0,333333333333333333333
5093;3811;0,500000000000000000000
5093;6812;0,500000000000000000000
5097;2023;0,086956521739130434782
5097;4280;0,086956521739130434782
5097;4281;0,304347826086956521739
5097;5351;0,086956521739130434782
5097;5892;0,086956521739130434782
5097;6581;0,086956521739130434782
5097;9384;0,086956521739130434782
5097;10080;0,086956521739130434782
5097;18247;0,086956521739130434782
5101;5861;1,000000000000000000000
5119;622;0,500000000000000000000
5119;6316;0,500000000000000000000
5125;391;0,500000000000000000000
5125;3022;0,500000000000000000000
5138;6151;1,000000000000000000000
5142;6444;0,500000000000000000000
5142;12880;0,500000000000000000000
5148;356;0,500000000000000000000
5148;392;0,500000000000000000000
5149;54;0,200000000000000000000
5149;119;0,400000000000000000000
5149;1254;0,200000000000000000000
5149;1701;0,200000000000000000000
5158;1154;0,333333333333333333333
5158;1667;0,333333333333333333333
5158;9714;0,333333333333333333333
5167;467;1,000000000000000000000
5168;781;0,142857142857142857142
5168;1762;0,428571428571428571428
5168;3214;0,142857142857142857142
5168;8396;0,142857142857142857142
5168;17449;0,142857142857142857142
5171;385;0,083333333333333333333
5171;468;0,083333333333333333333
5171;761;0,166666666666666666666
5171;802;0,083333333333333333333
5171;2515;0,083333333333333333333
5171;2546;0,166666666666666666666
5171;2835;0,250000000000000000000
5171;3265;0,083333333333333333333
5174;285;0,500000000000000000000
5174;1310;0,500000000000000000000
5180;109;0,500000000000000000000
5180;119;0,500000000000000000000
5219;5564;0,200000000000000000000
5219;9402;0,800000000000000000000
5232;3563;1,000000000000000000000
5239;1862;1,000000000000000000000
5257;613;1,000000000000000000000
5289;1520;1,000000000000000000000
5304;1154;1,000000000000000000000
5306;1965;1,000000000000000000000
5338;138;1,000000000000000000000
5360;392;0,375000000000000000000
5360;1894;0,125000000000000000000
5360;2127;0,250000000000000000000
5360;3362;0,125000000000000000000
5360;8566;0,125000000000000000000
5367;749;0,444444444444444444444
5367;1121;0,111111111111111111111
5367;1263;0,111111111111111111111
5367;2147;0,111111111111111111111
5367;2195;0,111111111111111111111
5367;3085;0,111111111111111111111
5395;914;0,142857142857142857142
5395;1265;0,428571428571428571428
5395;2817;0,142857142857142857142
5395;12528;0,285714285714285714285
5415;916;0,500000000000000000000
5415;2512;0,500000000000000000000
5430;2291;1,000000000000000000000
5437;2385;1,000000000000000000000
5438;621;0,500000000000000000000
5438;2786;0,500000000000000000000
5439;621;1,000000000000000000000
5440;418;0,428571428571428571428
5440;1466;0,428571428571428571428
5440;12269;0,142857142857142857142
5442;621;0,200000000000000000000
5442;1457;0,200000000000000000000
5442;2385;0,200000000000000000000
5442;2786;0,400000000000000000000
5449;387;1,000000000000000000000
5459;878;0,500000000000000000000
5459;2147;0,500000000000000000000
5464;334;0,500000000000000000000
5464;380;0,500000000000000000000
5470;1293;1,000000000000000000000
5500;724;0,055555555555555555555
5500;750;0,055555555555555555555
5500;941;0,055555555555555555555
5500;942;0,055555555555555555555
5500;1523;0,055555555555555555555
5500;1868;0,055555555555555555555
5500;2136;0,055555555555555555555
5500;3332;0,055555555555555555555
5500;5922;0,055555555555555555555
5500;6468;0,055555555555555555555
5500;6624;0,055555555555555555555
5500;6979;0,055555555555555555555
5500;6981;0,055555555555555555555
5500;9572;0,055555555555555555555
5500;9691;0,055555555555555555555
5500;11377;0,055555555555555555555
5500;22495;0,055555555555555555555
5500;24370;0,055555555555555555555
5506;1457;1,000000000000000000000
5519;5922;1,000000000000000000000
5521;2851;1,000000000000000000000
5522;2071;1,000000000000000000000
5523;213;1,000000000000000000000
5526;1162;1,000000000000000000000
5528;1923;0,500000000000000000000
5528;5061;0,500000000000000000000
5530;3458;1,000000000000000000000
5536;1497;0,500000000000000000000
5536;6236;0,500000000000000000000
5543;5784;0,500000000000000000000
5543;9905;0,500000000000000000000
5564;192;0,029850746268656716417
5564;242;0,014925373134328358208
5564;512;0,014925373134328358208
5564;521;0,014925373134328358208
5564;524;0,014925373134328358208
5564;526;0,014925373134328358208
5564;594;0,029850746268656716417
5564;883;0,014925373134328358208
5564;906;0,014925373134328358208
5564;970;0,014925373134328358208
5564;982;0,014925373134328358208
5564;1066;0,014925373134328358208
5564;1150;0,014925373134328358208
5564;1234;0,014925373134328358208
5564;2054;0,014925373134328358208
5564;2213;0,014925373134328358208
5564;2214;0,014925373134328358208
5564;2235;0,014925373134328358208
5564;2312;0,014925373134328358208
5564;2385;0,014925373134328358208
5564;2434;0,014925373134328358208
5564;2586;0,014925373134328358208
5564;2644;0,014925373134328358208
5564;2683;0,014925373134328358208
5564;2779;0,014925373134328358208
5564;3116;0,014925373134328358208
5564;3296;0,014925373134328358208
5564;3591;0,059701492537313432835
5564;3798;0,029850746268656716417
5564;3802;0,029850746268656716417
5564;4281;0,014925373134328358208
5564;4380;0,014925373134328358208
5564;4525;0,014925373134328358208
5564;4715;0,014925373134328358208
5564;5119;0,014925373134328358208
5564;5219;0,029850746268656716417
5564;5442;0,014925373134328358208
5564;5444;0,014925373134328358208
5564;5445;0,014925373134328358208
5564;5557;0,014925373134328358208
5564;6581;0,014925373134328358208
5564;7443;0,014925373134328358208
5564;7759;0,014925373134328358208
5564;7939;0,014925373134328358208
5564;8293;0,014925373134328358208
5564;8500;0,014925373134328358208
5564;9110;0,029850746268656716417
5564;9397;0,014925373134328358208
5564;9399;0,014925373134328358208
5564;9409;0,014925373134328358208
5564;9412;0,014925373134328358208
5564;9422;0,014925373134328358208
5564;12098;0,014925373134328358208
5564;26746;0,014925373134328358208
5564;27334;0,014925373134328358208
5564;27760;0,014925373134328358208
5564;27779;0,014925373134328358208
5564;27780;0,014925373134328358208
5613;23;0,285714285714285714285
5613;1855;0,285714285714285714285
5613;2440;0,142857142857142857142
5613;3532;0,285714285714285714285
5616;978;0,333333333333333333333
5616;3859;0,333333333333333333333
5616;4825;0,333333333333333333333
5617;982;0,166666666666666666666
5617;3105;0,333333333333333333333
5617;3607;0,166666666666666666666
5617;17611;0,333333333333333333333
5625;96;0,333333333333333333333
5625;3523;0,333333333333333333333
5625;41776;0,333333333333333333333
5628;2293;0,333333333333333333333
5628;3633;0,333333333333333333333
5628;7111;0,333333333333333333333
5629;2385;1,000000000000000000000
5632;9414;1,000000000000000000000
5635;2484;0,500000000000000000000
5635;3551;0,500000000000000000000
5638;277;0,125000000000000000000
5638;846;0,125000000000000000000
5638;1439;0,125000000000000000000
5638;1681;0,250000000000000000000
5638;2834;0,125000000000000000000
5638;4094;0,250000000000000000000
5643;3480;0,250000000000000000000
5643;3844;0,250000000000000000000
5643;6532;0,250000000000000000000
5643;6856;0,250000000000000000000
5651;2491;1,000000000000000000000
5660;749;0,500000000000000000000
5660;8872;0,250000000000000000000
5660;8873;0,250000000000000000000
5666;848;0,222222222222222222222
5666;1315;0,111111111111111111111
5666;3683;0,333333333333333333333
5666;3738;0,111111111111111111111
5666;4995;0,111111111111111111111
5666;4998;0,111111111111111111111
5691;866;0,333333333333333333333
5691;977;0,333333333333333333333
5691;2697;0,066666666666666666666
5691;4086;0,066666666666666666666
5691;5762;0,066666666666666666666
5691;9807;0,066666666666666666666
5691;14899;0,066666666666666666666
5698;1060;0,500000000000000000000
5698;7759;0,500000000000000000000
5762;1393;1,000000000000000000000
5784;5543;0,500000000000000000000
5784;9905;0,500000000000000000000
5790;5149;1,000000000000000000000
5833;285;1,000000000000000000000
5852;20414;1,000000000000000000000
5856;1053;0,400000000000000000000
5856;1949;0,600000000000000000000
5861;1713;0,250000000000000000000
5861;4376;0,250000000000000000000
5861;5101;0,500000000000000000000
5886;3665;0,400000000000000000000
5886;4497;0,400000000000000000000
5886;7739;0,200000000000000000000
5892;127;0,500000000000000000000
5892;4901;0,500000000000000000000
5915;545;0,333333333333333333333
5915;6694;0,333333333333333333333
5915;9159;0,333333333333333333333
5918;2772;1,000000000000000000000
5922;2054;0,333333333333333333333
5922;5519;0,666666666666666666666
5935;4108;1,000000000000000000000
5967;16665;1,000000000000000000000
6000;402;0,285714285714285714285
6000;410;0,142857142857142857142
6000;3513;0,142857142857142857142
6000;3667;0,142857142857142857142
6000;4078;0,285714285714285714285
6007;4376;1,000000000000000000000
6068;1669;1,000000000000000000000
6102;39;1,000000000000000000000
6105;241;0,083333333333333333333
6105;274;0,083333333333333333333
6105;781;0,083333333333333333333
6105;873;0,083333333333333333333
6105;2398;0,083333333333333333333
6105;2455;0,083333333333333333333
6105;3103;0,083333333333333333333
6105;3838;0,083333333333333333333
6105;3866;0,083333333333333333333
6105;9258;0,083333333333333333333
6105;10021;0,083333333333333333333
6105;13673;0,083333333333333333333
6113;2293;1,000000000000000000000
6130;435;0,500000000000000000000
6130;550;0,500000000000000000000
6150;6151;1,000000000000000000000
6151;6150;1,000000000000000000000
6169;3587;0,333333333333333333333
6169;3708;0,333333333333333333333
6169;5005;0,166666666666666666666
6169;8466;0,166666666666666666666
6203;625;1,000000000000000000000
6213;90;0,666666666666666666666
6213;2385;0,333333333333333333333
6219;4627;1,000000000000000000000
6236;455;0,363636363636363636363
6236;1814;0,090909090909090909090
6236;2087;0,090909090909090909090
6236;2594;0,090909090909090909090
6236;3601;0,090909090909090909090
6236;4592;0,090909090909090909090
6236;5536;0,090909090909090909090
6236;8109;0,090909090909090909090
6297;3905;1,000000000000000000000
6316;5119;0,666666666666666666666
6316;5444;0,333333333333333333333
6320;669;1,000000000000000000000
6347;1591;1,000000000000000000000
6349;1588;1,000000000000000000000
6353;6354;1,000000000000000000000
6354;2744;1,000000000000000000000
6372;1840;0,500000000000000000000
6372;11734;0,500000000000000000000
6413;1567;1,000000000000000000000
6430;391;1,000000000000000000000
6433;1946;0,666666666666666666666
6433;3842;0,333333333333333333333
6440;122;0,500000000000000000000
6440;17634;0,500000000000000000000
6444;12880;1,000000000000000000000
6461;2778;1,000000000000000000000
6465;1475;1,000000000000000000000
6468;115;1,000000000000000000000
6483;1180;0,250000000000000000000
6483;3905;0,250000000000000000000
6483;4292;0,500000000000000000000
6496;645;0,500000000000000000000
6496;6504;0,500000000000000000000
6498;6501;0,500000000000000000000
6498;7941;0,500000000000000000000
6501;842;0,400000000000000000000
6501;1657;0,200000000000000000000
6501;3852;0,200000000000000000000
6501;6498;0,200000000000000000000
6503;3145;0,750000000000000000000
6503;9968;0,250000000000000000000
6504;645;0,058823529411764705882
6504;1657;0,117647058823529411764
6504;2736;0,117647058823529411764
6504;3098;0,117647058823529411764
6504;4160;0,117647058823529411764
6504;5306;0,117647058823529411764
6504;6497;0,117647058823529411764
6504;6506;0,117647058823529411764
6504;6515;0,117647058823529411764
6505;1143;0,200000000000000000000
6505;3399;0,800000000000000000000
6509;1032;1,000000000000000000000
6524;1276;0,500000000000000000000
6524;2355;0,500000000000000000000
6543;2741;1,000000000000000000000
6570;2741;0,142857142857142857142
6570;3174;0,285714285714285714285
6570;4890;0,285714285714285714285
6570;5223;0,142857142857142857142
6570;12865;0,142857142857142857142
6581;5892;1,000000000000000000000
6602;2198;0,500000000000000000000
6602;2835;0,500000000000000000000
6609;2713;1,000000000000000000000
6622;1902;1,000000000000000000000
6627;423;0,100000000000000000000
6627;425;0,200000000000000000000
6627;670;0,200000000000000000000
6627;1079;0,100000000000000000000
6627;1538;0,100000000000000000000
6627;2246;0,100000000000000000000
6627;3664;0,100000000000000000000
6627;4510;0,100000000000000000000
6634;437;0,200000000000000000000
6634;1160;0,200000000000000000000
6634;2578;0,200000000000000000000
6634;21750;0,400000000000000000000
6635;1862;1,000000000000000000000
6681;2895;0,666666666666666666666
6681;9905;0,333333333333333333333
6694;545;0,200000000000000000000
6694;2438;0,400000000000000000000
6694;4794;0,200000000000000000000
6694;5915;0,200000000000000000000
6721;600;1,000000000000000000000
6733;518;1,000000000000000000000
6746;285;0,666666666666666666666
6746;4098;0,333333333333333333333
6755;96;0,136363636363636363636
6755;249;0,227272727272727272727
6755;252;0,045454545454545454545
6755;615;0,090909090909090909090
6755;628;0,045454545454545454545
6755;1154;0,090909090909090909090
6755;2252;0,045454545454545454545
6755;2293;0,090909090909090909090
6755;2515;0,045454545454545454545
6755;3045;0,045454545454545454545
6755;3219;0,045454545454545454545
6755;3867;0,045454545454545454545
6755;5042;0,045454545454545454545
6773;681;0,250000000000000000000
6773;682;0,750000000000000000000
6781;8489;1,000000000000000000000
6788;266;0,125000000000000000000
6788;1897;0,750000000000000000000
6788;3256;0,125000000000000000000
6812;1168;1,000000000000000000000
6881;18979;1,000000000000000000000
6883;1171;0,500000000000000000000
6883;1879;0,500000000000000000000
6889;860;0,333333333333333333333
6889;3245;0,333333333333333333333
6889;4825;0,333333333333333333333
6892;956;0,333333333333333333333
6892;1004;0,333333333333333333333
6892;3877;0,333333333333333333333
6918;2275;1,000000000000000000000
6929;3169;0,666666666666666666666
6929;4222;0,222222222222222222222
6929;8446;0,111111111111111111111
6930;2078;0,500000000000000000000
6930;13416;0,500000000000000000000
6940;7389;1,000000000000000000000
6955;4621;0,500000000000000000000
6955;7322;0,500000000000000000000
6962;240;1,000000000000000000000
6980;248;0,500000000000000000000
6980;1515;0,500000000000000000000
6981;284;1,000000000000000000000
6986;3301;0,500000000000000000000
6986;12572;0,500000000000000000000
7005;2741;1,000000000000000000000
7049;1160;0,111111111111111111111
7049;1583;0,444444444444444444444
7049;1591;0,222222222222222222222
7049;10020;0,222222222222222222222
7080;2838;1,000000000000000000000
7095;1764;0,333333333333333333333
7095;2175;0,333333333333333333333
7095;8373;0,333333333333333333333
7106;2512;1,000000000000000000000
7111;54;0,090909090909090909090
7111;119;0,181818181818181818181
7111;541;0,090909090909090909090
7111;628;0,090909090909090909090
7111;1462;0,090909090909090909090
7111;1663;0,090909090909090909090
7111;1664;0,090909090909090909090
7111;5149;0,090909090909090909090
7111;5789;0,090909090909090909090
7111;5790;0,090909090909090909090
7116;279;0,125000000000000000000
7116;2706;0,250000000000000000000
7116;3005;0,125000000000000000000
7116;3045;0,125000000000000000000
7116;9258;0,125000000000000000000
7116;13673;0,125000000000000000000
7116;24370;0,125000000000000000000
7126;2429;0,500000000000000000000
7126;2512;0,500000000000000000000
7130;420;0,333333333333333333333
7130;600;0,333333333333333333333
7130;1316;0,333333333333333333333
7131;2054;0,333333333333333333333
7131;5309;0,333333333333333333333
7131;9905;0,333333333333333333333
7135;513;0,333333333333333333333
7135;3203;0,333333333333333333333
7135;27887;0,333333333333333333333
7142;3636;0,500000000000000000000
7142;5042;0,500000000000000000000
7160;292;0,083333333333333333333
7160;1149;0,083333333333333333333
7160;1160;0,250000000000000000000
7160;1448;0,083333333333333333333
7160;2546;0,083333333333333333333
7160;3234;0,166666666666666666666
7160;3381;0,166666666666666666666
7160;10327;0,083333333333333333333
7168;7793;1,000000000000000000000
7278;1326;0,222222222222222222222
7278;1334;0,333333333333333333333
7278;1335;0,111111111111111111111
7278;1336;0,222222222222222222222
7278;9068;0,111111111111111111111
7328;7650;1,000000000000000000000
7389;61;0,090909090909090909090
7389;240;0,272727272727272727272
7389;999;0,090909090909090909090
7389;1667;0,090909090909090909090
7389;1901;0,090909090909090909090
7389;3045;0,090909090909090909090
7389;4421;0,090909090909090909090
7389;6940;0,090909090909090909090
7389;15586;0,090909090909090909090
7418;7209;0,400000000000000000000
7418;18277;0,600000000000000000000
7521;3212;0,200000000000000000000
7521;4576;0,200000000000000000000
7521;4629;0,200000000000000000000
7521;6461;0,200000000000000000000
7521;13141;0,200000000000000000000
7546;181;0,500000000000000000000
7546;2786;0,500000000000000000000
7564;2385;0,500000000000000000000
7564;4380;0,250000000000000000000
7564;9386;0,250000000000000000000
7571;738;1,000000000000000000000
7574;713;0,666666666666666666666
7574;2630;0,333333333333333333333
7626;3476;1,000000000000000000000
7650;7328;1,000000000000000000000
7671;119;0,500000000000000000000
7671;1254;0,500000000000000000000
7713;63;0,023255813953488372093
7713;288;0,023255813953488372093
7713;427;0,023255813953488372093
7713;568;0,023255813953488372093
7713;671;0,023255813953488372093
7713;708;0,023255813953488372093
7713;1100;0,023255813953488372093
7713;1121;0,023255813953488372093
7713;1254;0,046511627906976744186
7713;1293;0,023255813953488372093
7713;1443;0,023255813953488372093
7713;1681;0,023255813953488372093
7713;1735;0,023255813953488372093
7713;2275;0,023255813953488372093
7713;2512;0,023255813953488372093
7713;2743;0,023255813953488372093
7713;3123;0,023255813953488372093
7713;3256;0,023255813953488372093
7713;3381;0,023255813953488372093
7713;4085;0,046511627906976744186
7713;4159;0,023255813953488372093
7713;5617;0,023255813953488372093
7713;5624;0,023255813953488372093
7713;7717;0,093023255813953488372
7713;8165;0,023255813953488372093
7713;8489;0,069767441860465116279
7713;8909;0,046511627906976744186
7713;8910;0,023255813953488372093
7713;9898;0,023255813953488372093
7713;12563;0,023255813953488372093
7713;12745;0,023255813953488372093
7713;28818;0,093023255813953488372
7716;119;0,333333333333333333333
7716;2512;0,666666666666666666666
7717;7713;0,666666666666666666666
7717;8909;0,333333333333333333333
7739;2935;1,000000000000000000000
7741;240;1,000000000000000000000
7747;1667;1,000000000000000000000
7748;1293;1,000000000000000000000
7755;2098;1,000000000000000000000
7756;568;1,000000000000000000000
7759;65;0,100000000000000000000
7759;815;0,100000000000000000000
7759;1780;0,500000000000000000000
7759;19031;0,300000000000000000000
7774;2182;1,000000000000000000000
7866;1029;1,000000000000000000000
7874;174;0,500000000000000000000
7874;9215;0,500000000000000000000
7879;749;1,000000000000000000000
7906;1762;0,400000000000000000000
7906;5125;0,200000000000000000000
7906;28342;0,400000000000000000000
7907;10327;1,000000000000000000000
7920;1956;1,000000000000000000000
7957;1676;1,000000000000000000000
7968;842;1,000000000000000000000
7975;277;0,142857142857142857142
7975;671;0,142857142857142857142
7975;704;0,142857142857142857142
7975;846;0,142857142857142857142
7975;5617;0,142857142857142857142
7975;12563;0,142857142857142857142
7975;12959;0,142857142857142857142
7994;4518;1,000000000000000000000
8000;3905;1,000000000000000000000
8003;38738;1,000000000000000000000
8009;295;0,500000000000000000000
8009;669;0,500000000000000000000
8017;415;1,000000000000000000000
8050;15737;1,000000000000000000000
8051;244;0,333333333333333333333
8051;2091;0,333333333333333333333
8051;2863;0,333333333333333333333
8056;13239;1,000000000000000000000
8081;8510;1,000000000000000000000
8090;977;1,000000000000000000000
8095;3601;0,500000000000000000000
8095;4313;0,500000000000000000000
8106;1713;0,800000000000000000000
8106;2512;0,200000000000000000000
8109;219;0,037037037037037037037
8109;339;0,037037037037037037037
8109;719;0,074074074074074074074
8109;876;0,037037037037037037037
8109;918;0,037037037037037037037
8109;1027;0,074074074074074074074
8109;1073;0,111111111111111111111
8109;1248;0,037037037037037037037
8109;2078;0,037037037037037037037
8109;2175;0,037037037037037037037
8109;2436;0,111111111111111111111
8109;2877;0,037037037037037037037
8109;3515;0,074074074074074074074
8109;5360;0,037037037037037037037
8109;7998;0,111111111111111111111
8109;8778;0,037037037037037037037
8109;8931;0,037037037037037037037
8109;17264;0,037037037037037037037
8139;3643;1,000000000000000000000
8143;2504;1,000000000000000000000
8164;1073;0,222222222222222222222
8164;1669;0,444444444444444444444
8164;1985;0,111111111111111111111
8164;3682;0,111111111111111111111
8164;4918;0,111111111111111111111
8172;975;0,500000000000000000000
8172;8484;0,500000000000000000000
8175;13;0,500000000000000000000
8175;5623;0,500000000000000000000
8229;8276;1,000000000000000000000
8238;4159;1,000000000000000000000
8268;2350;1,000000000000000000000
8281;59;1,000000000000000000000
8306;1171;0,100000000000000000000
8306;2244;0,100000000000000000000
8306;2275;0,100000000000000000000
8306;2350;0,400000000000000000000
8306;2512;0,100000000000000000000
8306;5627;0,100000000000000000000
8306;8267;0,100000000000000000000
8341;4334;1,000000000000000000000
8348;2337;0,500000000000000000000
8348;3685;0,500000000000000000000
8353;24668;1,000000000000000000000
8373;2078;1,000000000000000000000
8381;2786;1,000000000000000000000
8396;1762;0,833333333333333333333
8396;5168;0,166666666666666666666
8440;1182;1,000000000000000000000
8441;35;0,333333333333333333333
8441;1748;0,333333333333333333333
8441;4137;0,333333333333333333333
8445;1556;1,000000000000000000000
8446;3374;0,333333333333333333333
8446;5651;0,333333333333333333333
8446;6929;0,333333333333333333333
8454;6006;1,000000000000000000000
8459;4991;1,000000000000000000000
8464;9066;0,500000000000000000000
8464;9068;0,500000000000000000000
8465;2080;0,666666666666666666666
8465;13428;0,333333333333333333333
8466;6169;1,000000000000000000000
8478;27062;1,000000000000000000000
8479;2546;1,000000000000000000000
8484;975;0,142857142857142857142
8484;3033;0,142857142857142857142
8484;3738;0,142857142857142857142
8484;7626;0,142857142857142857142
8484;8172;0,285714285714285714285
8484;8480;0,142857142857142857142
8489;181;0,200000000000000000000
8489;1681;0,400000000000000000000
8489;3485;0,200000000000000000000
8489;5373;0,200000000000000000000
8491;1707;0,200000000000000000000
8491;2195;0,400000000000000000000
8491;2506;0,200000000000000000000
8491;3359;0,200000000000000000000
8523;352;0,500000000000000000000
8523;4530;0,500000000000000000000
8566;410;0,250000000000000000000
8566;2140;0,250000000000000000000
8566;4078;0,500000000000000000000
8623;1419;1,000000000000000000000
8633;9807;0,666666666666666666666
8633;13265;0,333333333333333333333
8648;567;0,200000000000000000000
8648;738;0,200000000000000000000
8648;1589;0,400000000000000000000
8648;13814;0,200000000000000000000
8715;277;0,333333333333333333333
8715;1925;0,333333333333333333333
8715;9898;0,333333333333333333333
8723;1744;0,500000000000000000000
8723;9184;0,500000000000000000000
8749;2792;1,000000000000000000000
8820;1042;0,250000000000000000000
8820;1220;0,250000000000000000000
8820;2275;0,250000000000000000000
8820;2425;0,250000000000000000000
8839;10941;1,000000000000000000000
8865;13644;1,000000000000000000000
8872;5660;1,000000000000000000000
8902;1632;0,500000000000000000000
8902;4386;0,500000000000000000000
8909;277;0,666666666666666666666
8909;28038;0,333333333333333333333
8910;1162;0,166666666666666666666
8910;2080;0,166666666666666666666
8910;2335;0,166666666666666666666
8910;3256;0,166666666666666666666
8910;3829;0,333333333333333333333
8949;1963;1,000000000000000000000
8976;266;1,000000000000000000000
9026;524;0,200000000000000000000
9026;1121;0,200000000000000000000
9026;2779;0,200000000000000000000
9026;7939;0,200000000000000000000
9026;9418;0,200000000000000000000
9047;3971;1,000000000000000000000
9107;3776;0,500000000000000000000
9107;9824;0,250000000000000000000
9107;19200;0,250000000000000000000
9110;77;0,333333333333333333333
9110;1838;0,333333333333333333333
9110;5564;0,333333333333333333333
9118;3978;1,000000000000000000000
9159;5915;1,000000000000000000000
9184;4240;0,625000000000000000000
9184;4715;0,125000000000000000000
9184;8723;0,250000000000000000000
9208;4681;1,000000000000000000000
9226;3905;0,500000000000000000000
9226;9138;0,500000000000000000000
9288;6236;1,000000000000000000000
9330;4187;0,666666666666666666666
9330;4376;0,333333333333333333333
9340;1451;1,000000000000000000000
9356;719;0,333333333333333333333
9356;1439;0,133333333333333333333
9356;1440;0,066666666666666666666
9356;9668;0,266666666666666666666
9356;26095;0,066666666666666666666
9356;28821;0,133333333333333333333
9382;9411;1,000000000000000000000
9390;77;0,500000000000000000000
9390;2786;0,500000000000000000000
9396;4625;1,000000000000000000000
9399;90;1,000000000000000000000
9406;240;0,333333333333333333333
9406;2504;0,666666666666666666666
9411;2786;1,000000000000000000000
9415;3736;1,000000000000000000000
9416;2786;1,000000000000000000000
9418;2683;1,000000000000000000000
9421;22;0,333333333333333333333
9421;2043;0,333333333333333333333
9421;4086;0,333333333333333333333
9424;1236;1,000000000000000000000
9431;529;1,000000000000000000000
9434;2786;1,000000000000000000000
9438;2786;0,333333333333333333333
9438;5519;0,333333333333333333333
9438;29061;0,333333333333333333333
9441;1109;0,500000000000000000000
9441;2050;0,500000000000000000000
9442;466;1,000000000000000000000
9476;2199;1,000000000000000000000
9483;928;0,500000000000000000000
9483;2190;0,500000000000000000000
9510;13899;1,000000000000000000000
9513;1073;0,142857142857142857142
9513;1157;0,071428571428571428571
9513;1984;0,357142857142857142857
9513;1985;0,142857142857142857142
9513;3682;0,142857142857142857142
9513;8164;0,142857142857142857142
9651;24875;1,000000000000000000000
9655;5493;1,000000000000000000000
9668;1831;0,076923076923076923076
9668;2591;0,076923076923076923076
9668;4467;0,076923076923076923076
9668;9356;0,230769230769230769230
9668;37812;0,384615384615384615384
9668;37814;0,153846153846153846153
9691;802;0,500000000000000000000
9691;3332;0,500000000000000000000
9707;189;0,500000000000000000000
9707;1840;0,500000000000000000000
9720;1004;1,000000000000000000000
9721;3256;1,000000000000000000000
9722;39;0,500000000000000000000
9722;1227;0,500000000000000000000
9729;162;0,111111111111111111111
9729;273;0,111111111111111111111
9729;367;0,111111111111111111111
9729;2383;0,111111111111111111111
9729;4108;0,111111111111111111111
9729;4578;0,111111111111111111111
9729;5093;0,111111111111111111111
9729;5603;0,111111111111111111111
9729;12362;0,111111111111111111111
9762;612;0,500000000000000000000
9762;1227;0,500000000000000000000
9807;877;0,250000000000000000000
9807;4350;0,250000000000000000000
9807;8633;0,250000000000000000000
9807;9441;0,250000000000000000000
9839;9430;1,000000000000000000000
9846;29840;1,000000000000000000000
9898;1681;0,333333333333333333333
9898;8846;0,333333333333333333333
9898;14048;0,333333333333333333333
9924;3340;0,666666666666666666666
9924;9925;0,333333333333333333333
9925;3340;0,500000000000000000000
9925;9924;0,500000000000000000000
9940;964;1,000000000000000000000
9941;287;1,000000000000000000000
9982;458;0,500000000000000000000
9982;713;0,500000000000000000000
10020;1234;0,071428571428571428571
10020;1448;0,214285714285714285714
10020;1591;0,071428571428571428571
10020;2716;0,428571428571428571428
10020;3429;0,142857142857142857142
10020;4376;0,071428571428571428571
10084;573;0,250000000000000000000
10084;1293;0,375000000000000000000
10084;2484;0,375000000000000000000
10085;1824;0,500000000000000000000
10085;2054;0,500000000000000000000
10093;1697;1,000000000000000000000
10103;6;1,000000000000000000000
10122;826;0,333333333333333333333
10122;4621;0,666666666666666666666
10188;845;0,047619047619047619047
10188;1235;0,333333333333333333333
10188;1236;0,047619047619047619047
10188;1277;0,047619047619047619047
10188;1815;0,238095238095238095238
10188;2684;0,047619047619047619047
10188;3393;0,238095238095238095238
10327;7160;1,000000000000000000000
10338;1439;0,200000000000000000000
10338;1596;0,800000000000000000000
10352;979;1,000000000000000000000
10523;3809;1,000000000000000000000
10592;3182;1,000000000000000000000
10595;2546;0,500000000000000000000
10595;3234;0,250000000000000000000
10595;4376;0,250000000000000000000
10649;90;0,250000000000000000000
10649;906;0,250000000000000000000
10649;27062;0,500000000000000000000
10672;352;0,250000000000000000000
10672;356;0,500000000000000000000
10672;4530;0,250000000000000000000
10682;833;0,400000000000000000000
10682;3188;0,400000000000000000000
10682;5001;0,200000000000000000000
10740;2215;0,250000000000000000000
10740;9434;0,500000000000000000000
10740;20669;0,250000000000000000000
10763;9714;1,000000000000000000000
10860;2678;1,000000000000000000000
10941;1902;0,500000000000000000000
10941;8839;0,500000000000000000000
11007;1355;1,000000000000000000000
11138;397;1,000000000000000000000
11213;467;0,500000000000000000000
11213;27803;0,500000000000000000000
11249;12889;1,000000000000000000000
11330;3968;1,000000000000000000000
11476;174;1,000000000000000000000
11527;1123;1,000000000000000000000
11541;3176;1,000000000000000000000
11552;1439;1,000000000000000000000
11680;9158;1,000000000000000000000
11690;2293;1,000000000000000000000
11734;11656;1,000000000000000000000
11863;979;1,000000000000000000000
11902;2429;0,500000000000000000000
11902;7126;0,500000000000000000000
11999;1168;0,500000000000000000000
11999;5444;0,500000000000000000000
12165;4821;1,000000000000000000000
12269;2555;0,500000000000000000000
12269;3876;0,250000000000000000000
12269;5440;0,250000000000000000000
12339;1100;1,000000000000000000000
12356;12563;1,000000000000000000000
12362;1600;1,000000000000000000000
12375;1042;1,000000000000000000000
12418;1574;1,000000000000000000000
12430;853;1,000000000000000000000
12497;1867;0,500000000000000000000
12497;8928;0,500000000000000000000
12523;14;1,000000000000000000000
12528;5635;1,000000000000000000000
12563;292;0,043478260869565217391
12563;391;0,043478260869565217391
12563;398;0,043478260869565217391
12563;399;0,043478260869565217391
12563;405;0,043478260869565217391
12563;406;0,043478260869565217391
12563;411;0,043478260869565217391
12563;413;0,043478260869565217391
12563;417;0,043478260869565217391
12563;419;0,086956521739130434782
12563;1069;0,043478260869565217391
12563;1397;0,043478260869565217391
12563;2694;0,086956521739130434782
12563;2961;0,043478260869565217391
12563;3022;0,086956521739130434782
12563;4627;0,043478260869565217391
12563;5567;0,043478260869565217391
12563;12356;0,043478260869565217391
12563;14526;0,043478260869565217391
12563;15682;0,043478260869565217391
12591;719;0,200000000000000000000
12591;4988;0,200000000000000000000
12591;5645;0,200000000000000000000
12591;46996;0,400000000000000000000
12596;999;1,000000000000000000000
12612;9806;1,000000000000000000000
12706;119;0,500000000000000000000
12706;2007;0,500000000000000000000
12745;3378;0,200000000000000000000
12745;5245;0,600000000000000000000
12745;9905;0,200000000000000000000
12768;3940;1,000000000000000000000
12775;1963;0,250000000000000000000
12775;2054;0,250000000000000000000
12775;3636;0,250000000000000000000
12775;5155;0,250000000000000000000
12798;1044;1,000000000000000000000
12817;423;1,000000000000000000000
12850;5125;0,500000000000000000000
12850;12356;0,500000000000000000000
12864;2741;1,000000000000000000000
12880;6444;1,000000000000000000000
12889;11249;1,000000000000000000000
12936;1085;0,666666666666666666666
12936;3096;0,333333333333333333333
13141;37;0,100000000000000000000
13141;38;0,100000000000000000000
13141;179;0,100000000000000000000
13141;609;0,100000000000000000000
13141;1724;0,100000000000000000000
13141;1877;0,100000000000000000000
13141;1892;0,100000000000000000000
13141;2576;0,100000000000000000000
13141;3518;0,100000000000000000000
13141;7215;0,100000000000000000000
13179;1220;1,000000000000000000000
13181;174;1,000000000000000000000
13206;545;1,000000000000000000000
13236;1162;1,000000000000000000000
13239;8056;1,000000000000000000000
13261;488;1,000000000000000000000
13265;1326;0,200000000000000000000
13265;2223;0,200000000000000000000
13265;5557;0,200000000000000000000
13265;5632;0,400000000000000000000
13292;2080;1,000000000000000000000
13329;2877;1,000000000000000000000
13369;1206;0,500000000000000000000
13369;3158;0,250000000000000000000
13369;3968;0,250000000000000000000
13452;4629;1,000000000000000000000
13504;1293;1,000000000000000000000
13584;14151;1,000000000000000000000
13675;3234;1,000000000000000000000
13676;284;0,500000000000000000000
13676;4592;0,500000000000000000000
13799;2374;0,666666666666666666666
13799;9940;0,333333333333333333333
13886;2851;0,333333333333333333333
13886;8702;0,666666666666666666666
13907;1053;1,000000000000000000000
14048;9898;0,333333333333333333333
14048;13580;0,666666666666666666666
14050;689;0,200000000000000000000
14050;1293;0,600000000000000000000
14050;1945;0,200000000000000000000
14151;96;0,027027027027027027027
14151;137;0,013513513513513513513
14151;162;0,013513513513513513513
14151;229;0,013513513513513513513
14151;232;0,013513513513513513513
14151;248;0,013513513513513513513
14151;250;0,067567567567567567567
14151;273;0,027027027027027027027
14151;346;0,013513513513513513513
14151;373;0,013513513513513513513
14151;571;0,013513513513513513513
14151;612;0,013513513513513513513
14151;641;0,013513513513513513513
14151;713;0,013513513513513513513
14151;854;0,013513513513513513513
14151;911;0,013513513513513513513
14151;980;0,013513513513513513513
14151;984;0,013513513513513513513
14151;1079;0,013513513513513513513
14151;1160;0,054054054054054054054
14151;1206;0,013513513513513513513
14151;1246;0,013513513513513513513
14151;1295;0,013513513513513513513
14151;1310;0,013513513513513513513
14151;1457;0,013513513513513513513
14151;1504;0,013513513513513513513
14151;1512;0,013513513513513513513
14151;2041;0,013513513513513513513
14151;2054;0,013513513513513513513
14151;2119;0,013513513513513513513
14151;2131;0,013513513513513513513
14151;2318;0,013513513513513513513
14151;2464;0,013513513513513513513
14151;2509;0,013513513513513513513
14151;2551;0,013513513513513513513
14151;2882;0,013513513513513513513
14151;3145;0,013513513513513513513
14151;3332;0,013513513513513513513
14151;3957;0,013513513513513513513
14151;4059;0,013513513513513513513
14151;4108;0,013513513513513513513
14151;4225;0,013513513513513513513
14151;4238;0,013513513513513513513
14151;4281;0,013513513513513513513
14151;4621;0,013513513513513513513
14151;4636;0,013513513513513513513
14151;5093;0,013513513513513513513
14151;5142;0,013513513513513513513
14151;5174;0,013513513513513513513
14151;5239;0,013513513513513513513
14151;5506;0,013513513513513513513
14151;5681;0,013513513513513513513
14151;6151;0,013513513513513513513
14151;6694;0,013513513513513513513
14151;7418;0,013513513513513513513
14151;7759;0,013513513513513513513
14151;7774;0,013513513513513513513
14151;9274;0,013513513513513513513
14151;12436;0,013513513513513513513
14151;12820;0,027027027027027027027
14151;12876;0,013513513513513513513
14151;17274;0,013513513513513513513
14151;19176;0,013513513513513513513
14151;23096;0,013513513513513513513
14323;3251;0,500000000000000000000
14323;3940;0,500000000000000000000
14465;2737;1,000000000000000000000
14899;3085;1,000000000000000000000
15207;1806;1,000000000000000000000
15331;176;1,000000000000000000000
15737;2835;0,500000000000000000000
15737;5638;0,500000000000000000000
15889;1293;1,000000000000000000000
15895;1457;1,000000000000000000000
16487;853;0,500000000000000000000
16487;2865;0,500000000000000000000
16866;5693;1,000000000000000000000
16921;671;1,000000000000000000000
17190;293;0,500000000000000000000
17190;1678;0,500000000000000000000
17208;4145;1,000000000000000000000
17248;527;0,666666666666666666666
17248;1276;0,333333333333333333333
17260;1862;1,000000000000000000000
17268;3747;0,250000000000000000000
17268;16845;0,750000000000000000000
17278;2993;1,000000000000000000000
17302;240;0,333333333333333333333
17302;1315;0,333333333333333333333
17302;5092;0,333333333333333333333
17549;1591;1,000000000000000000000
17584;2469;0,500000000000000000000
17584;4467;0,500000000000000000000
17611;3465;0,500000000000000000000
17611;12563;0,500000000000000000000
17634;85;0,142857142857142857142
17634;283;0,142857142857142857142
17634;302;0,142857142857142857142
17634;2835;0,285714285714285714285
17634;6440;0,142857142857142857142
17634;10241;0,142857142857142857142
17727;1053;1,000000000000000000000
17762;1020;1,000000000000000000000
17918;3633;1,000000000000000000000
18247;2023;0,500000000000000000000
18247;2786;0,500000000000000000000
18251;1122;1,000000000000000000000
18258;2156;0,500000000000000000000
18258;18247;0,500000000000000000000
18277;54;0,500000000000000000000
18277;7418;0,500000000000000000000
18641;39;0,040000000000000000000
18641;89;0,040000000000000000000
18641;240;0,100000000000000000000
18641;277;0,060000000000000000000
18641;351;0,040000000000000000000
18641;703;0,040000000000000000000
18641;733;0,040000000000000000000
18641;744;0,040000000000000000000
18641;747;0,040000000000000000000
18641;1041;0,040000000000000000000
18641;1142;0,040000000000000000000
18641;1629;0,040000000000000000000
18641;1902;0,060000000000000000000
18641;1925;0,020000000000000000000
18641;1967;0,060000000000000000000
18641;2310;0,040000000000000000000
18641;2424;0,040000000000000000000
18641;3465;0,020000000000000000000
18641;3998;0,020000000000000000000
18641;4313;0,040000000000000000000
18641;5470;0,040000000000000000000
18641;5632;0,020000000000000000000
18641;6320;0,040000000000000000000
18641;28838;0,040000000000000000000
18979;6881;1,000000000000000000000
19031;7759;1,000000000000000000000
19176;232;1,000000000000000000000
19197;2512;1,000000000000000000000
19198;1104;0,250000000000000000000
19198;2512;0,500000000000000000000
19198;8702;0,250000000000000000000
20089;885;1,000000000000000000000
20393;353;0,333333333333333333333
20393;731;0,666666666666666666666
20403;1569;1,000000000000000000000
20414;5852;1,000000000000000000000
21112;388;1,000000000000000000000
21154;1236;1,000000000000000000000
21161;648;1,000000000000000000000
21268;525;0,333333333333333333333
21268;1181;0,333333333333333333333
21268;4991;0,333333333333333333333
21396;135;0,333333333333333333333
21396;1700;0,500000000000000000000
21396;2509;0,166666666666666666666
21597;6267;1,000000000000000000000
21734;2961;0,500000000000000000000
21734;5338;0,500000000000000000000
21750;6634;0,500000000000000000000
21750;6940;0,500000000000000000000
22123;39;0,071428571428571428571
22123;266;0,071428571428571428571
22123;527;0,071428571428571428571
22123;808;0,071428571428571428571
22123;955;0,071428571428571428571
22123;956;0,071428571428571428571
22123;964;0,071428571428571428571
22123;1092;0,071428571428571428571
22123;1227;0,071428571428571428571
22123;1600;0,071428571428571428571
22123;2897;0,071428571428571428571
22123;3222;0,071428571428571428571
22123;4345;0,071428571428571428571
22123;9730;0,071428571428571428571
23561;288;1,000000000000000000000
23749;1344;1,000000000000000000000
23759;846;0,500000000000000000000
23759;1250;0,500000000000000000000
23929;229;1,000000000000000000000
23931;695;1,000000000000000000000
24113;1574;0,333333333333333333333
24113;2554;0,666666666666666666666
24370;724;0,500000000000000000000
24370;7116;0,500000000000000000000
24536;2799;1,000000000000000000000
24837;1053;1,000000000000000000000
24839;1949;1,000000000000000000000
25488;1853;1,000000000000000000000
25849;1971;1,000000000000000000000
25861;1453;1,000000000000000000000
25899;2146;1,000000000000000000000
26095;22298;1,000000000000000000000
26536;1372;1,000000000000000000000
26786;2193;1,000000000000000000000
27062;8478;0,500000000000000000000
27062;10649;0,500000000000000000000
27269;437;1,000000000000000000000
27353;3664;1,000000000000000000000
27645;4587;1,000000000000000000000
28570;354;0,500000000000000000000
28570;983;0,500000000000000000000
28598;911;0,250000000000000000000
28598;9681;0,750000000000000000000
28615;7648;0,500000000000000000000
28615;13452;0,500000000000000000000
28785;2838;1,000000000000000000000
28821;3256;0,142857142857142857142
28821;7717;0,142857142857142857142
28821;9356;0,571428571428571428571
28821;24601;0,142857142857142857142
28826;213;0,090909090909090909090
28826;214;0,090909090909090909090
28826;747;0,090909090909090909090
28826;748;0,090909090909090909090
28826;1976;0,090909090909090909090
28826;2734;0,090909090909090909090
28826;3607;0,090909090909090909090
28826;4667;0,090909090909090909090
28826;5177;0,090909090909090909090
28826;5523;0,090909090909090909090
28826;8516;0,090909090909090909090
28970;4471;1,000000000000000000000
29840;135;0,500000000000000000000
29840;9846;0,500000000000000000000
29841;1545;0,666666666666666666666
29841;4805;0,333333333333333333333
30415;749;0,500000000000000000000
30415;2464;0,500000000000000000000
34784;4379;0,500000000000000000000
34784;10241;0,500000000000000000000
36186;1439;1,000000000000000000000
37812;1483;0,142857142857142857142
37812;3608;0,500000000000000000000
37812;9668;0,357142857142857142857
37814;9356;0,428571428571428571428
37814;9668;0,571428571428571428571
38286;198;0,066666666666666666666
38286;738;0,133333333333333333333
38286;1505;0,133333333333333333333
38286;2364;0,066666666666666666666
38286;3038;0,066666666666666666666
38286;3251;0,066666666666666666666
38286;3256;0,133333333333333333333
38286;4172;0,066666666666666666666
38286;4228;0,066666666666666666666
38286;4242;0,066666666666666666666
38286;27573;0,066666666666666666666
38286;28460;0,066666666666666666666
38738;1439;0,500000000000000000000
38738;1440;0,500000000000000000000
43844;8928;1,000000000000000000000
46501;1278;1,000000000000000000000
46996;12591;1,000000000000000000000
47352;8003;1,000000000000000000000
48255;2275;1,000000000000000000000
48826;4592;1,000000000000000000000
50959;28818;0,500000000000000000000
50959;38738;0,500000000000000000000
51102;23;0,500000000000000000000
51102;1286;0,500000000000000000000
