7;1135;1,000000000000000000000
21;13178;1,000000000000000000000
22;4086;0,250000000000000000000
22;9381;0,250000000000000000000
22;56195;0,500000000000000000000
39;420;0,125000000000000000000
39;612;0,125000000000000000000
39;1046;0,125000000000000000000
39;1589;0,375000000000000000000
39;22123;0,125000000000000000000
39;747808;0,125000000000000000000
46;1697;0,200000000000000000000
46;2367;0,200000000000000000000
46;3823;0,600000000000000000000
48;2367;0,040000000000000000000
48;2458;0,040000000000000000000
48;3182;0,160000000000000000000
48;3265;0,160000000000000000000
48;3728;0,160000000000000000000
48;4699;0,040000000000000000000
48;4831;0,080000000000000000000
48;5464;0,040000000000000000000
48;8106;0,160000000000000000000
48;239964;0,120000000000000000000
54;119;0,142857142857142857142
54;256;0,035714285714285714285
54;485;0,035714285714285714285
54;1116;0,035714285714285714285
54;1122;0,035714285714285714285
54;2021;0,214285714285714285714
54;2131;0,035714285714285714285
54;2792;0,035714285714285714285
54;3694;0,107142857142857142857
54;4150;0,035714285714285714285
54;5149;0,035714285714285714285
54;5395;0,035714285714285714285
54;5657;0,035714285714285714285
54;7111;0,071428571428571428571
54;7418;0,035714285714285714285
54;28602;0,035714285714285714285
54;415767;0,035714285714285714285
57;309;0,666666666666666666666
57;890;0,333333333333333333333
65;127;0,028571428571428571428
65;454;0,085714285714285714285
65;475;0,028571428571428571428
65;521;0,028571428571428571428
65;526;0,028571428571428571428
65;826;0,028571428571428571428
65;1066;0,028571428571428571428
65;1121;0,028571428571428571428
65;1122;0,028571428571428571428
65;1286;0,200000000000000000000
65;1328;0,028571428571428571428
65;1754;0,171428571428571428571
65;2064;0,085714285714285714285
65;2147;0,085714285714285714285
65;4281;0,028571428571428571428
65;5519;0,028571428571428571428
65;8623;0,028571428571428571428
65;9438;0,028571428571428571428
71;194;0,225806451612903225806
71;360;0,032258064516129032258
71;628;0,032258064516129032258
71;695;0,096774193548387096774
71;700;0,032258064516129032258
71;995;0,032258064516129032258
71;1489;0,032258064516129032258
71;1724;0,032258064516129032258
71;2731;0,064516129032258064516
71;3116;0,032258064516129032258
71;3523;0,064516129032258064516
71;4024;0,096774193548387096774
71;4512;0,032258064516129032258
71;12816;0,032258064516129032258
71;18641;0,032258064516129032258
71;349041;0,064516129032258064516
71;366089;0,064516129032258064516
74;96;0,055555555555555555555
74;464;0,055555555555555555555
74;689;0,055555555555555555555
74;885;0,055555555555555555555
74;1141;0,055555555555555555555
74;2080;0,111111111111111111111
74;5061;0,111111111111111111111
74;5578;0,055555555555555555555
74;9150;0,055555555555555555555
74;15302;0,055555555555555555555
74;16527;0,055555555555555555555
74;17634;0,111111111111111111111
74;233872;0,055555555555555555555
74;385198;0,111111111111111111111
77;1150;1,000000000000000000000
83;1504;0,333333333333333333333
83;5591;0,333333333333333333333
83;119973;0,333333333333333333333
90;2146;0,583333333333333333333
90;151009;0,416666666666666666666
96;74;0,018867924528301886792
96;237;0,056603773584905660377
96;261;0,018867924528301886792
96;283;0,056603773584905660377
96;615;0,037735849056603773584
96;845;0,018867924528301886792
96;980;0,018867924528301886792
96;984;0,037735849056603773584
96;1154;0,018867924528301886792
96;1156;0,018867924528301886792
96;1364;0,018867924528301886792
96;1873;0,018867924528301886792
96;1967;0,037735849056603773584
96;2293;0,018867924528301886792
96;2461;0,113207547169811320754
96;3045;0,018867924528301886792
96;3174;0,018867924528301886792
96;3219;0,113207547169811320754
96;3753;0,094339622641509433962
96;3857;0,056603773584905660377
96;8687;0,018867924528301886792
96;9805;0,018867924528301886792
96;13074;0,018867924528301886792
96;17720;0,018867924528301886792
96;31343;0,018867924528301886792
96;67275;0,018867924528301886792
96;137801;0,018867924528301886792
96;245879;0,037735849056603773584
96;276695;0,018867924528301886792
99;5007;0,500000000000000000000
99;6164;0,500000000000000000000
100;194;0,333333333333333333333
100;4512;0,666666666666666666666
101;11;0,125000000000000000000
101;251;0,125000000000000000000
101;1276;0,125000000000000000000
101;1570;0,125000000000000000000
101;2515;0,125000000000000000000
101;4080;0,125000000000000000000
101;4187;0,125000000000000000000
101;10020;0,125000000000000000000
102;689;1,000000000000000000000
104;163;0,076923076923076923076
104;172;0,076923076923076923076
104;1498;0,846153846153846153846
108;826;0,111111111111111111111
108;1340;0,222222222222222222222
108;1510;0,333333333333333333333
108;119973;0,333333333333333333333
115;886;0,076923076923076923076
115;1162;0,076923076923076923076
115;1855;0,384615384615384615384
115;1949;0,076923076923076923076
115;335189;0,076923076923076923076
115;343358;0,153846153846153846153
115;383630;0,153846153846153846153
119;54;0,421052631578947368421
119;109;0,105263157894736842105
119;277;0,052631578947368421052
119;658;0,052631578947368421052
119;1254;0,052631578947368421052
119;3105;0,052631578947368421052
119;3135;0,052631578947368421052
119;5149;0,052631578947368421052
119;5457;0,052631578947368421052
119;6496;0,052631578947368421052
119;9226;0,052631578947368421052
127;194;0,400000000000000000000
127;695;0,200000000000000000000
127;1286;0,200000000000000000000
127;3704;0,200000000000000000000
132;550;0,333333333333333333333
132;1319;0,666666666666666666666
135;194;0,041666666666666666666
135;527;0,083333333333333333333
135;700;0,041666666666666666666
135;837;0,041666666666666666666
135;1025;0,041666666666666666666
135;1237;0,041666666666666666666
135;1278;0,166666666666666666666
135;1591;0,041666666666666666666
135;1925;0,083333333333333333333
135;1939;0,041666666666666666666
135;2111;0,041666666666666666666
135;2445;0,041666666666666666666
135;2850;0,083333333333333333333
135;5089;0,125000000000000000000
135;15643;0,083333333333333333333
138;2191;0,166666666666666666666
138;4205;0,166666666666666666666
138;4206;0,166666666666666666666
138;13537;0,166666666666666666666
138;366089;0,166666666666666666666
138;604246;0,166666666666666666666
148;37;0,012658227848101265822
148;38;0,025316455696202531645
148;189;0,012658227848101265822
148;246;0,012658227848101265822
148;290;0,012658227848101265822
148;296;0,012658227848101265822
148;454;0,012658227848101265822
148;523;0,012658227848101265822
148;545;0,012658227848101265822
148;608;0,012658227848101265822
148;609;0,012658227848101265822
148;688;0,012658227848101265822
148;891;0,012658227848101265822
148;1010;0,012658227848101265822
148;1082;0,012658227848101265822
148;1293;0,012658227848101265822
148;1432;0,012658227848101265822
148;1497;0,012658227848101265822
148;1581;0,012658227848101265822
148;1696;0,012658227848101265822
148;1724;0,012658227848101265822
148;1824;0,012658227848101265822
148;1854;0,012658227848101265822
148;1892;0,012658227848101265822
148;2337;0,012658227848101265822
148;2343;0,012658227848101265822
148;2484;0,012658227848101265822
148;2576;0,025316455696202531645
148;2678;0,025316455696202531645
148;3087;0,012658227848101265822
148;3189;0,012658227848101265822
148;3212;0,012658227848101265822
148;3551;0,012658227848101265822
148;3685;0,012658227848101265822
148;3705;0,012658227848101265822
148;3844;0,012658227848101265822
148;3978;0,012658227848101265822
148;4091;0,025316455696202531645
148;4372;0,012658227848101265822
148;4374;0,012658227848101265822
148;4421;0,012658227848101265822
148;4657;0,012658227848101265822
148;4794;0,012658227848101265822
148;4877;0,012658227848101265822
148;5338;0,012658227848101265822
148;5481;0,012658227848101265822
148;5635;0,012658227848101265822
148;5800;0,012658227848101265822
148;5915;0,012658227848101265822
148;6461;0,012658227848101265822
148;6701;0,012658227848101265822
148;7215;0,012658227848101265822
148;7648;0,012658227848101265822
148;7748;0,012658227848101265822
148;7968;0,012658227848101265822
148;8268;0,012658227848101265822
148;9376;0,012658227848101265822
148;11734;0,012658227848101265822
148;12385;0,012658227848101265822
148;13452;0,012658227848101265822
148;13899;0,012658227848101265822
148;14050;0,012658227848101265822
148;17762;0,012658227848101265822
148;18622;0,012658227848101265822
148;21511;0,012658227848101265822
148;21513;0,012658227848101265822
148;21515;0,012658227848101265822
148;21541;0,012658227848101265822
148;21542;0,012658227848101265822
148;22575;0,012658227848101265822
148;23251;0,012658227848101265822
148;23562;0,012658227848101265822
148;28631;0,012658227848101265822
148;28635;0,012658227848101265822
148;393418;0,012658227848101265822
149;752863;1,000000000000000000000
151;5530;0,333333333333333333333
151;7586;0,666666666666666666666
162;4578;0,500000000000000000000
162;7572;0,250000000000000000000
162;8648;0,250000000000000000000
163;104;0,111111111111111111111
163;3044;0,111111111111111111111
163;4283;0,111111111111111111111
163;4299;0,333333333333333333333
163;4471;0,111111111111111111111
163;8611;0,222222222222222222222
166;3773;0,500000000000000000000
166;5679;0,500000000000000000000
172;104;0,035714285714285714285
172;1498;0,857142857142857142857
172;1991;0,035714285714285714285
172;3675;0,035714285714285714285
172;4424;0,035714285714285714285
174;1173;0,500000000000000000000
174;21502;0,500000000000000000000
179;37;0,200000000000000000000
179;1877;0,300000000000000000000
179;365531;0,500000000000000000000
181;122;0,111111111111111111111
181;1154;0,111111111111111111111
181;2741;0,111111111111111111111
181;2796;0,111111111111111111111
181;5223;0,111111111111111111111
181;7160;0,222222222222222222222
181;8489;0,222222222222222222222
184;458;1,000000000000000000000
186;9215;0,500000000000000000000
186;27674;0,500000000000000000000
189;37;0,111111111111111111111
189;38;0,111111111111111111111
189;609;0,111111111111111111111
189;1082;0,111111111111111111111
189;1724;0,111111111111111111111
189;1892;0,111111111111111111111
189;5053;0,111111111111111111111
189;6496;0,111111111111111111111
189;6701;0,111111111111111111111
190;527;0,666666666666666666666
190;1121;0,333333333333333333333
192;995;0,052631578947368421052
192;2271;0,052631578947368421052
192;2272;0,052631578947368421052
192;3296;0,052631578947368421052
192;3591;0,210526315789473684210
192;3998;0,157894736842105263157
192;5214;0,052631578947368421052
192;5564;0,210526315789473684210
192;7759;0,052631578947368421052
192;8623;0,052631578947368421052
192;10946;0,052631578947368421052
194;71;0,080000000000000000000
194;100;0,040000000000000000000
194;127;0,020000000000000000000
194;352;0,020000000000000000000
194;628;0,160000000000000000000
194;700;0,100000000000000000000
194;837;0,020000000000000000000
194;995;0,020000000000000000000
194;1042;0,020000000000000000000
194;1276;0,020000000000000000000
194;1754;0,160000000000000000000
194;1762;0,020000000000000000000
194;1940;0,100000000000000000000
194;4512;0,020000000000000000000
194;4530;0,020000000000000000000
194;4640;0,020000000000000000000
194;4991;0,020000000000000000000
194;8113;0,020000000000000000000
194;349041;0,080000000000000000000
194;453859;0,020000000000000000000
194;747808;0,020000000000000000000
199;109;0,166666666666666666666
199;119;0,166666666666666666666
199;1663;0,166666666666666666666
199;3105;0,333333333333333333333
199;5790;0,166666666666666666666
201;1719;1,000000000000000000000
211;1949;0,500000000000000000000
211;5089;0,500000000000000000000
213;747;0,428571428571428571428
213;748;0,071428571428571428571
213;2734;0,071428571428571428571
213;4667;0,071428571428571428571
213;76428;0,071428571428571428571
213;81648;0,071428571428571428571
213;99942;0,071428571428571428571
213;325599;0,071428571428571428571
213;403195;0,071428571428571428571
214;10338;1,000000000000000000000
219;324;0,181818181818181818181
219;351;0,090909090909090909090
219;668;0,090909090909090909090
219;2436;0,090909090909090909090
219;2516;0,181818181818181818181
219;2518;0,090909090909090909090
219;2877;0,090909090909090909090
219;3515;0,090909090909090909090
219;7072;0,090909090909090909090
220;1173;0,076923076923076923076
220;1706;0,076923076923076923076
220;2008;0,076923076923076923076
220;2367;0,307692307692307692307
220;2825;0,076923076923076923076
220;2826;0,153846153846153846153
220;7874;0,076923076923076923076
220;27708;0,076923076923076923076
220;752863;0,076923076923076923076
226;2714;1,000000000000000000000
232;4085;0,333333333333333333333
232;19176;0,666666666666666666666
241;1591;0,666666666666666666666
241;3838;0,333333333333333333333
242;497;1,000000000000000000000
244;4089;0,166666666666666666666
244;6353;0,833333333333333333333
247;1154;1,000000000000000000000
248;2714;0,571428571428571428571
248;4592;0,428571428571428571428
249;96;0,025641025641025641025
249;283;0,102564102564102564102
249;937;0,051282051282051282051
249;1142;0,076923076923076923076
249;1591;0,025641025641025641025
249;2139;0,025641025641025641025
249;2293;0,076923076923076923076
249;3045;0,076923076923076923076
249;4313;0,051282051282051282051
249;5578;0,051282051282051282051
249;7660;0,051282051282051282051
249;245879;0,384615384615384615384
250;1149;0,500000000000000000000
250;2713;0,500000000000000000000
253;85;0,400000000000000000000
253;4179;0,600000000000000000000
256;109;0,500000000000000000000
256;1906;0,500000000000000000000
261;237;0,800000000000000000000
261;1141;0,200000000000000000000
263;845;0,500000000000000000000
263;1117;0,250000000000000000000
263;1160;0,250000000000000000000
266;3289;0,142857142857142857142
266;3401;0,142857142857142857142
266;3944;0,285714285714285714285
266;5603;0,142857142857142857142
266;442813;0,285714285714285714285
267;1316;0,200000000000000000000
267;1889;0,400000000000000000000
267;4435;0,400000000000000000000
268;615;0,200000000000000000000
268;1448;0,200000000000000000000
268;3045;0,400000000000000000000
268;3381;0,200000000000000000000
269;1829;0,250000000000000000000
269;4213;0,250000000000000000000
269;4313;0,500000000000000000000
276;135;0,200000000000000000000
276;354;0,200000000000000000000
276;695;0,300000000000000000000
276;1945;0,100000000000000000000
276;41776;0,100000000000000000000
276;59841;0,100000000000000000000
279;678;0,333333333333333333333
279;2379;0,333333333333333333333
279;3381;0,333333333333333333333
282;477;0,250000000000000000000
282;731;0,125000000000000000000
282;4021;0,250000000000000000000
282;7560;0,250000000000000000000
282;15471;0,125000000000000000000
283;11;0,035714285714285714285
283;96;0,107142857142857142857
283;122;0,035714285714285714285
283;249;0,071428571428571428571
283;277;0,107142857142857142857
283;615;0,035714285714285714285
283;1142;0,142857142857142857142
283;1591;0,035714285714285714285
283;2139;0,107142857142857142857
283;2293;0,071428571428571428571
283;2731;0,035714285714285714285
283;4313;0,107142857142857142857
283;7030;0,035714285714285714285
283;12396;0,035714285714285714285
283;245879;0,035714285714285714285
284;251;0,214285714285714285714
284;285;0,142857142857142857142
284;1448;0,071428571428571428571
284;2379;0,142857142857142857142
284;2655;0,142857142857142857142
284;4213;0,071428571428571428571
284;4713;0,142857142857142857142
284;4787;0,071428571428571428571
287;1216;0,363636363636363636363
287;2073;0,363636363636363636363
287;9941;0,272727272727272727272
288;294;0,083333333333333333333
288;296;0,083333333333333333333
288;568;0,333333333333333333333
288;1293;0,083333333333333333333
288;3978;0,083333333333333333333
288;8267;0,083333333333333333333
288;8268;0,083333333333333333333
288;189452;0,083333333333333333333
288;393418;0,083333333333333333333
289;1321;1,000000000000000000000
290;288;1,000000000000000000000
291;35;0,012345679012345679012
291;39;0,012345679012345679012
291;108;0,012345679012345679012
291;120;0,012345679012345679012
291;222;0,012345679012345679012
291;256;0,012345679012345679012
291;263;0,012345679012345679012
291;349;0,012345679012345679012
291;382;0,012345679012345679012
291;413;0,012345679012345679012
291;520;0,012345679012345679012
291;557;0,012345679012345679012
291;978;0,012345679012345679012
291;1014;0,012345679012345679012
291;1060;0,037037037037037037037
291;1181;0,012345679012345679012
291;1182;0,012345679012345679012
291;1583;0,012345679012345679012
291;1843;0,012345679012345679012
291;2075;0,012345679012345679012
291;2235;0,012345679012345679012
291;2267;0,012345679012345679012
291;2472;0,012345679012345679012
291;2661;0,012345679012345679012
291;2716;0,012345679012345679012
291;2916;0,012345679012345679012
291;2948;0,012345679012345679012
291;3049;0,012345679012345679012
291;3237;0,012345679012345679012
291;3343;0,012345679012345679012
291;3392;0,012345679012345679012
291;3587;0,012345679012345679012
291;3601;0,012345679012345679012
291;3619;0,012345679012345679012
291;3738;0,012345679012345679012
291;3781;0,012345679012345679012
291;3815;0,012345679012345679012
291;3852;0,012345679012345679012
291;3859;0,012345679012345679012
291;4213;0,012345679012345679012
291;4247;0,012345679012345679012
291;4313;0,012345679012345679012
291;4462;0,012345679012345679012
291;4667;0,012345679012345679012
291;4991;0,012345679012345679012
291;5155;0,012345679012345679012
291;5654;0,012345679012345679012
291;6236;0,012345679012345679012
291;6513;0,012345679012345679012
291;6664;0,012345679012345679012
291;7686;0,012345679012345679012
291;8017;0,012345679012345679012
291;8480;0,012345679012345679012
291;8957;0,012345679012345679012
291;10926;0,012345679012345679012
291;12339;0,012345679012345679012
291;12466;0,012345679012345679012
291;12936;0,012345679012345679012
291;13201;0,012345679012345679012
291;14652;0,012345679012345679012
291;14978;0,012345679012345679012
291;17596;0,012345679012345679012
291;19699;0,012345679012345679012
291;25264;0,012345679012345679012
291;27560;0,012345679012345679012
291;27616;0,012345679012345679012
291;27967;0,012345679012345679012
291;27971;0,012345679012345679012
291;28023;0,012345679012345679012
291;28156;0,012345679012345679012
291;28277;0,012345679012345679012
291;28595;0,012345679012345679012
291;49722;0,012345679012345679012
291;50959;0,024691358024691358024
291;59841;0,012345679012345679012
291;89703;0,012345679012345679012
291;113392;0,012345679012345679012
291;252837;0,012345679012345679012
294;3809;1,000000000000000000000
295;853;1,000000000000000000000
296;148;0,125000000000000000000
296;494;0,125000000000000000000
296;3212;0,250000000000000000000
296;5627;0,125000000000000000000
296;8267;0,125000000000000000000
296;8306;0,125000000000000000000
296;8636;0,125000000000000000000
302;1162;0,142857142857142857142
302;2489;0,142857142857142857142
302;2834;0,142857142857142857142
302;15737;0,142857142857142857142
302;24258;0,285714285714285714285
302;59841;0,142857142857142857142
306;1719;0,333333333333333333333
306;4576;0,222222222222222222222
306;5329;0,333333333333333333333
306;6788;0,111111111111111111111
307;378;0,100000000000000000000
307;1240;0,100000000000000000000
307;1327;0,100000000000000000000
307;1328;0,100000000000000000000
307;1329;0,100000000000000000000
307;1332;0,100000000000000000000
307;2152;0,100000000000000000000
307;5831;0,100000000000000000000
307;7278;0,100000000000000000000
307;27808;0,100000000000000000000
309;57;0,333333333333333333333
309;1948;0,333333333333333333333
309;3141;0,222222222222222222222
309;3574;0,111111111111111111111
313;4697;0,666666666666666666666
313;6144;0,222222222222222222222
313;13195;0,111111111111111111111
315;853;0,333333333333333333333
315;4435;0,333333333333333333333
315;12388;0,333333333333333333333
317;318;0,809523809523809523809
317;4728;0,095238095238095238095
317;23562;0,095238095238095238095
318;317;0,333333333333333333333
318;2098;0,166666666666666666666
318;2099;0,166666666666666666666
318;2445;0,166666666666666666666
318;8353;0,166666666666666666666
320;485;0,333333333333333333333
320;2792;0,500000000000000000000
320;8912;0,166666666666666666666
324;219;0,428571428571428571428
324;502;0,142857142857142857142
324;904;0,285714285714285714285
324;119973;0,142857142857142857142
330;4471;1,000000000000000000000
332;531;0,600000000000000000000
332;876;0,100000000000000000000
332;1116;0,100000000000000000000
332;5071;0,200000000000000000000
334;641;0,062500000000000000000
334;729;0,062500000000000000000
334;1963;0,187500000000000000000
334;2512;0,062500000000000000000
334;3029;0,250000000000000000000
334;3557;0,187500000000000000000
334;5464;0,187500000000000000000
337;410;0,500000000000000000000
337;904;0,500000000000000000000
341;742;1,000000000000000000000
346;6694;1,000000000000000000000
349;119973;0,333333333333333333333
349;440509;0,666666666666666666666
352;356;1,000000000000000000000
354;276;0,166666666666666666666
354;352;0,333333333333333333333
354;1945;0,166666666666666666666
354;9047;0,166666666666666666666
354;41776;0,166666666666666666666
356;352;0,428571428571428571428
356;404;0,142857142857142857142
356;2098;0,142857142857142857142
356;4380;0,142857142857142857142
356;8353;0,142857142857142857142
359;628;0,076923076923076923076
359;945;0,153846153846153846153
359;1945;0,461538461538461538461
359;41776;0,307692307692307692307
363;458;1,000000000000000000000
373;1121;0,500000000000000000000
373;2503;0,500000000000000000000
375;398;0,333333333333333333333
375;1218;0,333333333333333333333
375;10409;0,333333333333333333333
379;380;0,500000000000000000000
379;2547;0,500000000000000000000
380;379;0,250000000000000000000
380;1769;0,250000000000000000000
380;136664;0,500000000000000000000
382;12563;1,000000000000000000000
388;346;0,025641025641025641025
388;375;0,025641025641025641025
388;389;0,025641025641025641025
388;390;0,025641025641025641025
388;391;0,051282051282051282051
388;392;0,025641025641025641025
388;393;0,025641025641025641025
388;394;0,025641025641025641025
388;395;0,025641025641025641025
388;396;0,025641025641025641025
388;397;0,025641025641025641025
388;398;0,025641025641025641025
388;399;0,025641025641025641025
388;400;0,025641025641025641025
388;401;0,025641025641025641025
388;403;0,025641025641025641025
388;404;0,025641025641025641025
388;405;0,025641025641025641025
388;406;0,025641025641025641025
388;407;0,025641025641025641025
388;408;0,025641025641025641025
388;409;0,025641025641025641025
388;410;0,025641025641025641025
388;411;0,025641025641025641025
388;412;0,025641025641025641025
388;413;0,025641025641025641025
388;414;0,025641025641025641025
388;415;0,025641025641025641025
388;416;0,025641025641025641025
388;417;0,025641025641025641025
388;418;0,025641025641025641025
388;419;0,025641025641025641025
388;1218;0,025641025641025641025
388;2694;0,025641025641025641025
388;2961;0,025641025641025641025
388;6262;0,025641025641025641025
388;11235;0,025641025641025641025
388;606725;0,025641025641025641025
389;418;0,500000000000000000000
389;1218;0,500000000000000000000
391;1135;0,500000000000000000000
391;1894;0,500000000000000000000
392;2140;0,333333333333333333333
392;2822;0,333333333333333333333
392;606725;0,333333333333333333333
393;3049;0,500000000000000000000
393;24769;0,500000000000000000000
394;1447;1,000000000000000000000
395;393;0,750000000000000000000
395;1218;0,250000000000000000000
396;120;0,750000000000000000000
396;410;0,250000000000000000000
398;375;0,166666666666666666666
398;388;0,166666666666666666666
398;406;0,166666666666666666666
398;869;0,166666666666666666666
398;11138;0,166666666666666666666
398;12563;0,166666666666666666666
400;1218;0,250000000000000000000
400;3697;0,250000000000000000000
400;9340;0,500000000000000000000
401;9681;1,000000000000000000000
403;1517;0,500000000000000000000
403;8223;0,500000000000000000000
404;356;0,500000000000000000000
404;475;0,500000000000000000000
405;1497;0,500000000000000000000
405;8889;0,500000000000000000000
407;184;0,076923076923076923076
407;396;0,076923076923076923076
407;458;0,153846153846153846153
407;904;0,076923076923076923076
407;1556;0,076923076923076923076
407;2054;0,153846153846153846153
407;2630;0,076923076923076923076
407;3779;0,153846153846153846153
407;5626;0,076923076923076923076
407;7574;0,076923076923076923076
408;1218;1,000000000000000000000
410;337;0,142857142857142857142
410;396;0,142857142857142857142
410;400;0,142857142857142857142
410;1218;0,142857142857142857142
410;3318;0,142857142857142857142
410;8566;0,142857142857142857142
410;743909;0,142857142857142857142
411;388;0,047619047619047619047
411;1069;0,047619047619047619047
411;1137;0,047619047619047619047
411;1397;0,047619047619047619047
411;1447;0,047619047619047619047
411;1728;0,095238095238095238095
411;1729;0,095238095238095238095
411;1762;0,047619047619047619047
411;2961;0,047619047619047619047
411;3214;0,047619047619047619047
411;5168;0,190476190476190476190
411;7975;0,047619047619047619047
411;12563;0,047619047619047619047
411;15682;0,047619047619047619047
411;28338;0,047619047619047619047
411;41565;0,047619047619047619047
412;2569;0,500000000000000000000
412;7906;0,500000000000000000000
418;2140;0,500000000000000000000
418;12563;0,500000000000000000000
419;388;0,400000000000000000000
419;1069;0,200000000000000000000
419;1286;0,200000000000000000000
419;1762;0,200000000000000000000
420;11;0,017543859649122807017
420;24;0,017543859649122807017
420;39;0,017543859649122807017
420;42;0,017543859649122807017
420;113;0,052631578947368421052
420;131;0,035087719298245614035
420;263;0,017543859649122807017
420;275;0,017543859649122807017
420;369;0,017543859649122807017
420;427;0,017543859649122807017
420;485;0,017543859649122807017
420;531;0,017543859649122807017
420;567;0,017543859649122807017
420;600;0,017543859649122807017
420;738;0,017543859649122807017
420;844;0,017543859649122807017
420;846;0,105263157894736842105
420;860;0,017543859649122807017
420;934;0,017543859649122807017
420;1041;0,017543859649122807017
420;1130;0,017543859649122807017
420;1138;0,017543859649122807017
420;1192;0,017543859649122807017
420;1263;0,035087719298245614035
420;1355;0,017543859649122807017
420;1583;0,017543859649122807017
420;1597;0,017543859649122807017
420;1669;0,017543859649122807017
420;1681;0,017543859649122807017
420;1856;0,017543859649122807017
420;1974;0,017543859649122807017
420;2176;0,017543859649122807017
420;2803;0,017543859649122807017
420;2851;0,017543859649122807017
420;3111;0,017543859649122807017
420;3318;0,017543859649122807017
420;3417;0,017543859649122807017
420;3570;0,017543859649122807017
420;3575;0,017543859649122807017
420;4052;0,017543859649122807017
420;4424;0,017543859649122807017
420;4440;0,017543859649122807017
420;4890;0,017543859649122807017
420;8465;0,017543859649122807017
420;9234;0,017543859649122807017
420;311584;0,017543859649122807017
420;604484;0,017543859649122807017
420;622466;0,017543859649122807017
423;352;0,040816326530612244897
423;354;0,040816326530612244897
423;424;0,034013605442176870748
423;425;0,040816326530612244897
423;426;0,034013605442176870748
423;427;0,047619047619047619047
423;441;0,034013605442176870748
423;442;0,040816326530612244897
423;443;0,040816326530612244897
423;444;0,040816326530612244897
423;513;0,006802721088435374149
423;849;0,027210884353741496598
423;1117;0,027210884353741496598
423;1315;0,027210884353741496598
423;2555;0,040816326530612244897
423;2561;0,040816326530612244897
423;3212;0,006802721088435374149
423;3394;0,027210884353741496598
423;3876;0,006802721088435374149
423;4510;0,020408163265306122448
423;5611;0,040816326530612244897
423;7605;0,040816326530612244897
423;12390;0,040816326530612244897
423;12418;0,013605442176870748299
423;13335;0,040816326530612244897
423;13482;0,040816326530612244897
423;29085;0,040816326530612244897
423;48826;0,034013605442176870748
423;184646;0,040816326530612244897
423;511019;0,040816326530612244897
426;423;0,333333333333333333333
426;1574;0,333333333333333333333
426;24668;0,333333333333333333333
428;567;0,166666666666666666666
428;738;0,166666666666666666666
428;3089;0,166666666666666666666
428;3222;0,333333333333333333333
428;28763;0,166666666666666666666
442;184646;1,000000000000000000000
453;768;0,090909090909090909090
453;839;0,181818181818181818181
453;1498;0,272727272727272727272
453;1717;0,090909090909090909090
453;1991;0,090909090909090909090
453;4432;0,090909090909090909090
453;4471;0,090909090909090909090
453;8774;0,090909090909090909090
454;65;0,666666666666666666666
454;434991;0,333333333333333333333
455;1499;0,714285714285714285714
455;4187;0,285714285714285714285
464;1085;0,333333333333333333333
464;2591;0,333333333333333333333
464;233872;0,333333333333333333333
466;496;0,300000000000000000000
466;1856;0,100000000000000000000
466;2054;0,500000000000000000000
466;8623;0,100000000000000000000
469;468;0,500000000000000000000
469;667;0,500000000000000000000
472;1141;0,111111111111111111111
472;1142;0,111111111111111111111
472;1754;0,111111111111111111111
472;3503;0,444444444444444444444
472;4553;0,111111111111111111111
472;747808;0,111111111111111111111
474;977;1,000000000000000000000
479;475;0,142857142857142857142
479;525;0,142857142857142857142
479;1171;0,142857142857142857142
479;1556;0,142857142857142857142
479;3108;0,285714285714285714285
479;8466;0,142857142857142857142
484;9356;1,000000000000000000000
485;54;0,300000000000000000000
485;320;0,100000000000000000000
485;2817;0,200000000000000000000
485;3105;0,100000000000000000000
485;7111;0,100000000000000000000
485;584969;0,200000000000000000000
496;466;0,250000000000000000000
496;497;0,500000000000000000000
496;622;0,250000000000000000000
497;242;0,230769230769230769230
497;496;0,153846153846153846153
497;622;0,076923076923076923076
497;815;0,153846153846153846153
497;841;0,076923076923076923076
497;1780;0,153846153846153846153
497;3271;0,076923076923076923076
497;4500;0,076923076923076923076
498;6554;1,000000000000000000000
502;80;0,052631578947368421052
502;219;0,065789473684210526315
502;324;0,039473684210526315789
502;398;0,013157894736842105263
502;876;0,026315789473684210526
502;945;0,013157894736842105263
502;1116;0,013157894736842105263
502;1131;0,078947368421052631578
502;1248;0,078947368421052631578
502;1510;0,013157894736842105263
502;1745;0,013157894736842105263
502;1893;0,039473684210526315789
502;2436;0,026315789473684210526
502;2516;0,065789473684210526315
502;2517;0,039473684210526315789
502;2518;0,039473684210526315789
502;3443;0,052631578947368421052
502;3515;0,052631578947368421052
502;3625;0,171052631578947368421
502;4187;0,013157894736842105263
502;12333;0,039473684210526315789
502;321395;0,052631578947368421052
504;12356;0,666666666666666666666
504;17272;0,333333333333333333333
512;938;1,000000000000000000000
513;311;0,295081967213114754098
513;352;0,016393442622950819672
513;423;0,016393442622950819672
513;424;0,016393442622950819672
513;425;0,016393442622950819672
513;426;0,016393442622950819672
513;441;0,016393442622950819672
513;442;0,016393442622950819672
513;443;0,016393442622950819672
513;444;0,016393442622950819672
513;849;0,016393442622950819672
513;1117;0,016393442622950819672
513;2555;0,016393442622950819672
513;2561;0,016393442622950819672
513;3394;0,016393442622950819672
513;4510;0,016393442622950819672
513;5611;0,016393442622950819672
513;7605;0,016393442622950819672
513;12390;0,016393442622950819672
513;13335;0,016393442622950819672
513;13482;0,327868852459016393442
513;29085;0,016393442622950819672
513;48826;0,016393442622950819672
513;184646;0,016393442622950819672
513;511019;0,016393442622950819672
518;3797;1,000000000000000000000
519;3317;1,000000000000000000000
520;521;0,111111111111111111111
520;1182;0,222222222222222222222
520;1778;0,222222222222222222222
520;4379;0,333333333333333333333
520;5935;0,111111111111111111111
521;266;0,125000000000000000000
521;527;0,125000000000000000000
521;877;0,125000000000000000000
521;1866;0,125000000000000000000
521;1938;0,125000000000000000000
521;4379;0,125000000000000000000
521;7747;0,125000000000000000000
521;8156;0,125000000000000000000
522;527;1,000000000000000000000
523;527;0,500000000000000000000
523;2001;0,500000000000000000000
524;2779;1,000000000000000000000
526;527;0,142857142857142857142
526;877;0,142857142857142857142
526;2385;0,142857142857142857142
526;2780;0,142857142857142857142
526;8633;0,142857142857142857142
526;9396;0,142857142857142857142
526;529797;0,142857142857142857142
527;135;0,029411764705882352941
527;190;0,029411764705882352941
527;266;0,058823529411764705882
527;520;0,147058823529411764705
527;521;0,088235294117647058823
527;522;0,058823529411764705882
527;523;0,029411764705882352941
527;524;0,029411764705882352941
527;526;0,029411764705882352941
527;528;0,058823529411764705882
527;613;0,058823529411764705882
527;956;0,029411764705882352941
527;1946;0,029411764705882352941
527;2445;0,117647058823529411764
527;3811;0,029411764705882352941
527;4307;0,088235294117647058823
527;4345;0,058823529411764705882
527;9019;0,029411764705882352941
538;1340;0,062500000000000000000
538;1850;0,062500000000000000000
538;1894;0,062500000000000000000
538;2594;0,062500000000000000000
538;3362;0,125000000000000000000
538;3671;0,125000000000000000000
538;4278;0,375000000000000000000
538;5360;0,125000000000000000000
540;615;0,500000000000000000000
540;3103;0,500000000000000000000
543;5061;1,000000000000000000000
545;2322;0,260869565217391304347
545;2372;0,043478260869565217391
545;2438;0,043478260869565217391
545;3071;0,043478260869565217391
545;3360;0,043478260869565217391
545;3731;0,043478260869565217391
545;5506;0,086956521739130434782
545;5915;0,217391304347826086956
545;6694;0,086956521739130434782
545;8348;0,086956521739130434782
545;9159;0,043478260869565217391
546;3575;0,250000000000000000000
546;3975;0,250000000000000000000
546;16815;0,500000000000000000000
547;5856;1,000000000000000000000
550;132;0,125000000000000000000
550;524;0,083333333333333333333
550;596;0,041666666666666666666
550;658;0,125000000000000000000
550;1319;0,208333333333333333333
550;2882;0,041666666666666666666
550;3230;0,083333333333333333333
550;3694;0,083333333333333333333
550;7577;0,083333333333333333333
550;256804;0,083333333333333333333
550;329279;0,041666666666666666666
551;2817;0,333333333333333333333
551;12709;0,666666666666666666666
558;283;0,083333333333333333333
558;296;0,083333333333333333333
558;2697;0,083333333333333333333
558;2863;0,083333333333333333333
558;3123;0,083333333333333333333
558;3256;0,083333333333333333333
558;3427;0,083333333333333333333
558;3683;0,083333333333333333333
558;5149;0,083333333333333333333
558;7975;0,083333333333333333333
558;8715;0,083333333333333333333
558;14481;0,083333333333333333333
567;1589;0,666666666666666666666
567;17248;0,333333333333333333333
576;486;0,090909090909090909090
576;3458;0,090909090909090909090
576;3499;0,090909090909090909090
576;3694;0,090909090909090909090
576;4639;0,090909090909090909090
576;7653;0,181818181818181818181
576;12572;0,181818181818181818181
576;13796;0,181818181818181818181
600;131;0,066666666666666666666
600;1157;0,066666666666666666666
600;1316;0,066666666666666666666
600;1620;0,066666666666666666666
600;3007;0,200000000000000000000
600;5107;0,066666666666666666666
600;6721;0,133333333333333333333
600;9702;0,133333333333333333333
600;21490;0,066666666666666666666
600;24875;0,066666666666666666666
600;27652;0,066666666666666666666
602;49722;1,000000000000000000000
605;306;0,142857142857142857142
605;885;0,142857142857142857142
605;1307;0,142857142857142857142
605;5329;0,428571428571428571428
605;15302;0,142857142857142857142
608;609;1,000000000000000000000
612;28;0,166666666666666666666
612;39;0,333333333333333333333
612;4307;0,041666666666666666666
612;9762;0,208333333333333333333
612;12159;0,041666666666666666666
612;22123;0,041666666666666666666
612;389498;0,166666666666666666666
613;527;0,150000000000000000000
613;956;0,050000000000000000000
613;1588;0,050000000000000000000
613;3811;0,300000000000000000000
613;4108;0,050000000000000000000
613;4307;0,150000000000000000000
613;11476;0,050000000000000000000
613;366867;0,150000000000000000000
613;584749;0,050000000000000000000
615;96;0,080000000000000000000
615;248;0,040000000000000000000
615;250;0,040000000000000000000
615;251;0,040000000000000000000
615;268;0,040000000000000000000
615;285;0,040000000000000000000
615;540;0,040000000000000000000
615;558;0,040000000000000000000
615;781;0,040000000000000000000
615;2139;0,040000000000000000000
615;2252;0,040000000000000000000
615;2398;0,040000000000000000000
615;2515;0,040000000000000000000
615;3045;0,040000000000000000000
615;3867;0,040000000000000000000
615;3870;0,040000000000000000000
615;3871;0,040000000000000000000
615;3872;0,040000000000000000000
615;3873;0,040000000000000000000
615;4722;0,040000000000000000000
615;8051;0,040000000000000000000
615;216172;0,040000000000000000000
615;245879;0,080000000000000000000
617;13704;1,000000000000000000000
621;524;0,076923076923076923076
621;526;0,076923076923076923076
621;970;0,153846153846153846153
621;2385;0,307692307692307692307
621;2779;0,076923076923076923076
621;2780;0,153846153846153846153
621;5437;0,076923076923076923076
621;5441;0,076923076923076923076
622;277;0,166666666666666666666
622;965;0,166666666666666666666
622;2697;0,166666666666666666666
622;4765;0,166666666666666666666
622;6316;0,166666666666666666666
622;8500;0,166666666666666666666
625;122;0,428571428571428571428
625;472;0,071428571428571428571
625;635;0,071428571428571428571
625;972;0,071428571428571428571
625;1154;0,142857142857142857142
625;2293;0,071428571428571428571
625;2741;0,142857142857142857142
626;122;0,333333333333333333333
626;625;0,333333333333333333333
626;1639;0,333333333333333333333
628;71;0,157894736842105263157
628;127;0,052631578947368421052
628;194;0,210526315789473684210
628;352;0,052631578947368421052
628;359;0,052631578947368421052
628;695;0,052631578947368421052
628;1754;0,052631578947368421052
628;1940;0,052631578947368421052
628;3465;0,052631578947368421052
628;4530;0,052631578947368421052
628;26251;0,105263157894736842105
628;349041;0,052631578947368421052
628;604246;0,052631578947368421052
638;1135;0,500000000000000000000
638;687941;0,500000000000000000000
641;334;1,000000000000000000000
644;2479;0,333333333333333333333
644;4512;0,666666666666666666666
645;1143;0,200000000000000000000
645;2802;0,200000000000000000000
645;4159;0,200000000000000000000
645;7597;0,400000000000000000000
648;2380;0,333333333333333333333
648;12572;0,666666666666666666666
652;527;0,083333333333333333333
652;579;0,166666666666666666666
652;1949;0,083333333333333333333
652;2198;0,083333333333333333333
652;3164;0,166666666666666666666
652;3235;0,083333333333333333333
652;7920;0,166666666666666666666
652;17727;0,166666666666666666666
660;2512;0,500000000000000000000
660;5470;0,500000000000000000000
662;529;0,076923076923076923076
662;2547;0,461538461538461538461
662;78108;0,461538461538461538461
667;468;0,200000000000000000000
667;668;0,800000000000000000000
668;219;0,103448275862068965517
668;531;0,034482758620689655172
668;1129;0,241379310344827586206
668;1131;0,034482758620689655172
668;1248;0,103448275862068965517
668;2518;0,137931034482758620689
668;3443;0,034482758620689655172
668;3515;0,034482758620689655172
668;3625;0,068965517241379310344
668;12617;0,068965517241379310344
668;13482;0,068965517241379310344
668;507180;0,068965517241379310344
669;695;0,047619047619047619047
669;706;0,238095238095238095238
669;1513;0,047619047619047619047
669;2184;0,047619047619047619047
669;2223;0,142857142857142857142
669;4657;0,047619047619047619047
669;4877;0,047619047619047619047
669;7975;0,047619047619047619047
669;8051;0,095238095238095238095
669;14323;0,047619047619047619047
669;15866;0,047619047619047619047
669;48862;0,047619047619047619047
669;59841;0,095238095238095238095
678;285;0,032258064516129032258
678;1310;0,064516129032258064516
678;1868;0,032258064516129032258
678;1889;0,258064516129032258064
678;2661;0,322580645161290322580
678;5174;0,032258064516129032258
678;7160;0,258064516129032258064
683;681;1,000000000000000000000
689;1432;0,400000000000000000000
689;1945;0,400000000000000000000
689;28557;0,200000000000000000000
694;695;0,200000000000000000000
694;749;0,150000000000000000000
694;1315;0,050000000000000000000
694;2993;0,050000000000000000000
694;3399;0,100000000000000000000
694;7975;0,050000000000000000000
694;12563;0,050000000000000000000
694;95084;0,250000000000000000000
694;119973;0,100000000000000000000
695;71;0,090909090909090909090
695;100;0,090909090909090909090
695;194;0,090909090909090909090
695;628;0,090909090909090909090
695;4313;0,181818181818181818181
695;4512;0,181818181818181818181
695;59841;0,090909090909090909090
695;98841;0,090909090909090909090
695;136664;0,090909090909090909090
700;1771;0,071428571428571428571
700;59745;0,071428571428571428571
700;453859;0,857142857142857142857
712;433;1,000000000000000000000
713;184;0,066666666666666666666
713;404;0,066666666666666666666
713;407;0,066666666666666666666
713;458;0,066666666666666666666
713;1139;0,066666666666666666666
713;2551;0,066666666666666666666
713;2571;0,066666666666666666666
713;2585;0,066666666666666666666
713;2630;0,066666666666666666666
713;3779;0,066666666666666666666
713;5626;0,066666666666666666666
713;7574;0,066666666666666666666
713;306994;0,066666666666666666666
713;381277;0,066666666666666666666
713;589508;0,066666666666666666666
731;275;0,083333333333333333333
731;282;0,333333333333333333333
731;3161;0,083333333333333333333
731;15471;0,416666666666666666666
731;173893;0,083333333333333333333
733;1681;0,500000000000000000000
733;2939;0,500000000000000000000
739;740;0,125000000000000000000
739;1902;0,250000000000000000000
739;1913;0,125000000000000000000
739;13502;0,125000000000000000000
739;13809;0,125000000000000000000
739;23228;0,125000000000000000000
739;366869;0,125000000000000000000
744;420;0,032258064516129032258
744;845;0,548387096774193548387
744;846;0,193548387096774193548
744;1724;0,032258064516129032258
744;18641;0,032258064516129032258
744;131383;0,064516129032258064516
744;192866;0,064516129032258064516
744;336640;0,032258064516129032258
747;213;0,347826086956521739130
747;748;0,043478260869565217391
747;995;0,043478260869565217391
747;5177;0,043478260869565217391
747;75827;0,173913043478260869565
747;81648;0,043478260869565217391
747;325599;0,086956521739130434782
747;403195;0,173913043478260869565
747;658210;0,043478260869565217391
748;213;0,117647058823529411764
748;747;0,294117647058823529411
748;995;0,058823529411764705882
748;1192;0,058823529411764705882
748;1754;0,058823529411764705882
748;26566;0,058823529411764705882
748;27652;0,058823529411764705882
748;75827;0,058823529411764705882
748;75828;0,058823529411764705882
748;99942;0,058823529411764705882
748;325599;0,058823529411764705882
748;325646;0,058823529411764705882
749;750;0,047619047619047619047
749;822;0,095238095238095238095
749;845;0,047619047619047619047
749;1442;0,095238095238095238095
749;1939;0,095238095238095238095
749;2054;0,238095238095238095238
749;2112;0,095238095238095238095
749;2489;0,047619047619047619047
749;28703;0,047619047619047619047
749;112062;0,047619047619047619047
749;189452;0,047619047619047619047
749;190971;0,047619047619047619047
749;398786;0,047619047619047619047
750;749;1,000000000000000000000
752;1632;0,500000000000000000000
752;239964;0,500000000000000000000
761;643;0,076923076923076923076
761;1180;0,230769230769230769230
761;3738;0,153846153846153846153
761;8000;0,153846153846153846153
761;8465;0,076923076923076923076
761;8468;0,307692307692307692307
768;453;0,250000000000000000000
768;475;0,250000000000000000000
768;2448;0,250000000000000000000
768;4361;0,250000000000000000000
771;6007;1,000000000000000000000
777;4299;0,142857142857142857142
777;4437;0,714285714285714285714
777;640396;0,142857142857142857142
781;1196;1,000000000000000000000
787;36;0,333333333333333333333
787;285;0,333333333333333333333
787;4398;0,333333333333333333333
791;1694;1,000000000000000000000
794;4765;1,000000000000000000000
805;120;0,500000000000000000000
805;2822;0,500000000000000000000
808;1253;0,333333333333333333333
808;9722;0,333333333333333333333
808;9729;0,333333333333333333333
815;497;0,400000000000000000000
815;7759;0,600000000000000000000
817;3362;0,500000000000000000000
817;54879;0,500000000000000000000
819;111;0,037037037037037037037
819;281;0,037037037037037037037
819;452;0,185185185185185185185
819;531;0,111111111111111111111
819;876;0,185185185185185185185
819;1025;0,037037037037037037037
819;1370;0,037037037037037037037
819;1647;0,037037037037037037037
819;642255;0,333333333333333333333
822;749;1,000000000000000000000
829;982;0,200000000000000000000
829;2364;0,200000000000000000000
829;2371;0,400000000000000000000
829;20843;0,200000000000000000000
835;3996;0,500000000000000000000
835;6527;0,500000000000000000000
839;453;0,200000000000000000000
839;1498;0,200000000000000000000
839;1598;0,400000000000000000000
839;4432;0,200000000000000000000
841;497;0,100000000000000000000
841;1101;0,100000000000000000000
841;2271;0,400000000000000000000
841;2823;0,100000000000000000000
841;4179;0,100000000000000000000
841;5219;0,100000000000000000000
841;5632;0,100000000000000000000
844;360;0,210526315789473684210
844;420;0,052631578947368421052
844;1719;0,315789473684210526315
844;2851;0,052631578947368421052
844;3508;0,052631578947368421052
844;3567;0,157894736842105263157
844;3891;0,052631578947368421052
844;13178;0,105263157894736842105
845;71;0,008928571428571428571
845;77;0,008928571428571428571
845;96;0,008928571428571428571
845;263;0,008928571428571428571
845;360;0,008928571428571428571
845;420;0,008928571428571428571
845;744;0,098214285714285714285
845;749;0,008928571428571428571
845;846;0,098214285714285714285
845;982;0,080357142857142857142
845;1041;0,098214285714285714285
845;1065;0,008928571428571428571
845;1234;0,008928571428571428571
845;1263;0,035714285714285714285
845;1437;0,071428571428571428571
845;1724;0,089285714285714285714
845;2731;0,017857142857142857142
845;2834;0,008928571428571428571
845;3683;0,008928571428571428571
845;5177;0,017857142857142857142
845;5622;0,008928571428571428571
845;5638;0,008928571428571428571
845;8715;0,008928571428571428571
845;18641;0,008928571428571428571
845;23759;0,008928571428571428571
845;59841;0,017857142857142857142
845;131383;0,017857142857142857142
845;192866;0,107142857142857142857
845;193005;0,017857142857142857142
845;336640;0,026785714285714285714
845;398787;0,062500000000000000000
846;263;0,065573770491803278688
846;277;0,049180327868852459016
846;420;0,032786885245901639344
846;744;0,163934426229508196721
846;845;0,098360655737704918032
846;1437;0,065573770491803278688
846;1678;0,032786885245901639344
846;1681;0,016393442622950819672
846;2435;0,016393442622950819672
846;2731;0,065573770491803278688
846;2834;0,016393442622950819672
846;3683;0,016393442622950819672
846;7080;0,016393442622950819672
846;7975;0,016393442622950819672
846;8715;0,049180327868852459016
846;12579;0,032786885245901639344
846;18641;0,016393442622950819672
846;23759;0,049180327868852459016
846;59841;0,049180327868852459016
846;190971;0,016393442622950819672
846;192866;0,098360655737704918032
846;398787;0,016393442622950819672
849;72;0,100000000000000000000
849;423;0,100000000000000000000
849;441;0,100000000000000000000
849;850;0,100000000000000000000
849;2364;0,100000000000000000000
849;2972;0,100000000000000000000
849;3395;0,300000000000000000000
849;511019;0,100000000000000000000
851;2198;0,333333333333333333333
851;2657;0,333333333333333333333
851;374246;0,333333333333333333333
853;59;0,018867924528301886792
853;244;0,018867924528301886792
853;260;0,009433962264150943396
853;295;0,009433962264150943396
853;315;0,009433962264150943396
853;499;0,009433962264150943396
853;557;0,009433962264150943396
853;564;0,009433962264150943396
853;565;0,009433962264150943396
853;681;0,009433962264150943396
853;721;0,009433962264150943396
853;770;0,009433962264150943396
853;854;0,018867924528301886792
853;868;0,009433962264150943396
853;990;0,009433962264150943396
853;1096;0,009433962264150943396
853;1224;0,018867924528301886792
853;1225;0,009433962264150943396
853;1239;0,018867924528301886792
853;1459;0,009433962264150943396
853;1925;0,009433962264150943396
853;2091;0,009433962264150943396
853;2190;0,009433962264150943396
853;2191;0,009433962264150943396
853;2249;0,009433962264150943396
853;2844;0,009433962264150943396
853;2865;0,009433962264150943396
853;2895;0,009433962264150943396
853;3143;0,009433962264150943396
853;3233;0,009433962264150943396
853;3249;0,009433962264150943396
853;3251;0,009433962264150943396
853;3273;0,009433962264150943396
853;3292;0,009433962264150943396
853;3370;0,009433962264150943396
853;3378;0,009433962264150943396
853;3565;0,009433962264150943396
853;3842;0,009433962264150943396
853;3940;0,009433962264150943396
853;4089;0,009433962264150943396
853;4334;0,009433962264150943396
853;4349;0,009433962264150943396
853;4538;0,018867924528301886792
853;5054;0,009433962264150943396
853;5163;0,009433962264150943396
853;5245;0,009433962264150943396
853;5682;0,009433962264150943396
853;5783;0,009433962264150943396
853;6250;0,018867924528301886792
853;6353;0,009433962264150943396
853;6366;0,009433962264150943396
853;6433;0,009433962264150943396
853;6923;0,009433962264150943396
853;7015;0,009433962264150943396
853;7416;0,009433962264150943396
853;7624;0,009433962264150943396
853;7882;0,009433962264150943396
853;8687;0,009433962264150943396
853;8698;0,009433962264150943396
853;8738;0,018867924528301886792
853;9106;0,009433962264150943396
853;9171;0,009433962264150943396
853;9195;0,009433962264150943396
853;9483;0,009433962264150943396
853;11534;0,009433962264150943396
853;12339;0,018867924528301886792
853;12428;0,009433962264150943396
853;12429;0,018867924528301886792
853;12430;0,009433962264150943396
853;12431;0,009433962264150943396
853;12432;0,009433962264150943396
853;12433;0,018867924528301886792
853;12434;0,009433962264150943396
853;12435;0,009433962264150943396
853;12436;0,018867924528301886792
853;12437;0,009433962264150943396
853;12438;0,009433962264150943396
853;12439;0,009433962264150943396
853;12440;0,009433962264150943396
853;12441;0,009433962264150943396
853;12442;0,009433962264150943396
853;12826;0,009433962264150943396
853;14125;0,009433962264150943396
853;14323;0,018867924528301886792
853;16112;0,009433962264150943396
853;16650;0,009433962264150943396
853;16651;0,009433962264150943396
853;16653;0,009433962264150943396
853;16654;0,009433962264150943396
853;16663;0,009433962264150943396
853;16664;0,009433962264150943396
853;16665;0,009433962264150943396
853;81950;0,009433962264150943396
854;721;0,111111111111111111111
854;853;0,444444444444444444444
854;4512;0,111111111111111111111
854;4636;0,111111111111111111111
854;28528;0,222222222222222222222
855;1855;0,500000000000000000000
855;21005;0,500000000000000000000
860;11;0,166666666666666666666
860;42;0,833333333333333333333
861;267;0,083333333333333333333
861;771;0,083333333333333333333
861;1583;0,083333333333333333333
861;1591;0,333333333333333333333
861;2515;0,083333333333333333333
861;3234;0,083333333333333333333
861;8630;0,083333333333333333333
861;10020;0,083333333333333333333
861;245879;0,083333333333333333333
866;977;0,333333333333333333333
866;2385;0,666666666666666666666
869;398;0,125000000000000000000
869;538;0,125000000000000000000
869;1765;0,125000000000000000000
869;2494;0,250000000000000000000
869;2877;0,125000000000000000000
869;3408;0,125000000000000000000
869;8223;0,125000000000000000000
870;1453;0,125000000000000000000
870;1632;0,125000000000000000000
870;2254;0,125000000000000000000
870;2826;0,125000000000000000000
870;5071;0,125000000000000000000
870;5753;0,125000000000000000000
870;8071;0,125000000000000000000
870;343087;0,125000000000000000000
873;2379;1,000000000000000000000
877;521;0,142857142857142857142
877;524;0,142857142857142857142
877;526;0,142857142857142857142
877;887;0,285714285714285714285
877;1044;0,142857142857142857142
877;3998;0,142857142857142857142
882;2198;1,000000000000000000000
885;1162;0,083333333333333333333
885;2198;0,083333333333333333333
885;2863;0,083333333333333333333
885;3096;0,166666666666666666666
885;5061;0,166666666666666666666
885;5329;0,083333333333333333333
885;5493;0,083333333333333333333
885;6994;0,083333333333333333333
885;9360;0,083333333333333333333
885;157662;0,083333333333333333333
886;23;0,090909090909090909090
886;1864;0,090909090909090909090
886;2080;0,090909090909090909090
886;2863;0,090909090909090909090
886;5061;0,545454545454545454545
886;5528;0,090909090909090909090
887;3394;0,200000000000000000000
887;3403;0,800000000000000000000
890;1231;1,000000000000000000000
899;1873;0,250000000000000000000
899;4004;0,250000000000000000000
899;59867;0,500000000000000000000
904;324;0,066666666666666666666
904;337;0,133333333333333333333
904;405;0,066666666666666666666
904;846;0,133333333333333333333
904;2140;0,066666666666666666666
904;3146;0,066666666666666666666
904;8566;0,066666666666666666666
904;14010;0,066666666666666666666
904;27079;0,066666666666666666666
904;44336;0,066666666666666666666
904;327099;0,066666666666666666666
904;458190;0,066666666666666666666
904;743909;0,066666666666666666666
911;960;0,200000000000000000000
911;4262;0,200000000000000000000
911;9681;0,200000000000000000000
911;13006;0,200000000000000000000
911;28598;0,200000000000000000000
920;365533;1,000000000000000000000
925;2277;0,333333333333333333333
925;283281;0,333333333333333333333
925;284852;0,333333333333333333333
930;1218;1,000000000000000000000
933;876;0,500000000000000000000
933;2436;0,500000000000000000000
937;839;0,142857142857142857142
937;2291;0,285714285714285714285
937;8928;0,142857142857142857142
937;12816;0,142857142857142857142
937;245879;0,285714285714285714285
938;512;1,000000000000000000000
943;3683;1,000000000000000000000
945;6;0,010989010989010989010
945;375;0,010989010989010989010
945;391;0,010989010989010989010
945;393;0,010989010989010989010
945;394;0,010989010989010989010
945;396;0,010989010989010989010
945;399;0,010989010989010989010
945;400;0,010989010989010989010
945;404;0,010989010989010989010
945;405;0,010989010989010989010
945;406;0,010989010989010989010
945;407;0,010989010989010989010
945;408;0,010989010989010989010
945;409;0,010989010989010989010
945;410;0,010989010989010989010
945;411;0,010989010989010989010
945;412;0,010989010989010989010
945;413;0,010989010989010989010
945;416;0,010989010989010989010
945;417;0,010989010989010989010
945;418;0,010989010989010989010
945;419;0,010989010989010989010
945;502;0,021978021978021978021
945;519;0,010989010989010989010
945;904;0,021978021978021978021
945;1135;0,010989010989010989010
945;1140;0,076923076923076923076
945;1221;0,021978021978021978021
945;1222;0,010989010989010989010
945;1340;0,010989010989010989010
945;1510;0,010989010989010989010
945;1696;0,010989010989010989010
945;1727;0,010989010989010989010
945;1762;0,010989010989010989010
945;1862;0,010989010989010989010
945;1894;0,010989010989010989010
945;2004;0,010989010989010989010
945;2137;0,010989010989010989010
945;2140;0,021978021978021978021
945;2467;0,010989010989010989010
945;2569;0,010989010989010989010
945;2694;0,010989010989010989010
945;2961;0,010989010989010989010
945;3176;0,010989010989010989010
945;3449;0,010989010989010989010
945;3465;0,010989010989010989010
945;3513;0,010989010989010989010
945;5175;0,010989010989010989010
945;5338;0,010989010989010989010
945;5591;0,010989010989010989010
945;6447;0,010989010989010989010
945;7072;0,010989010989010989010
945;7095;0,010989010989010989010
945;7585;0,010989010989010989010
945;8109;0,010989010989010989010
945;8223;0,010989010989010989010
945;8744;0,010989010989010989010
945;9098;0,010989010989010989010
945;9309;0,010989010989010989010
945;10341;0,010989010989010989010
945;10435;0,010989010989010989010
945;11138;0,010989010989010989010
945;11235;0,010989010989010989010
945;12660;0,010989010989010989010
945;12670;0,010989010989010989010
945;12959;0,010989010989010989010
945;13552;0,010989010989010989010
945;14010;0,021978021978021978021
945;17267;0,010989010989010989010
945;17279;0,010989010989010989010
945;23562;0,010989010989010989010
945;27866;0,010989010989010989010
945;28360;0,010989010989010989010
945;28402;0,010989010989010989010
945;28416;0,010989010989010989010
945;28476;0,010989010989010989010
945;41776;0,010989010989010989010
945;184987;0,010989010989010989010
945;743909;0,021978021978021978021
955;1253;0,400000000000000000000
955;1751;0,200000000000000000000
955;4681;0,400000000000000000000
956;613;0,500000000000000000000
956;955;0,500000000000000000000
960;911;0,076923076923076923076
960;2150;0,076923076923076923076
960;2644;0,076923076923076923076
960;3142;0,076923076923076923076
960;4281;0,076923076923076923076
960;4715;0,076923076923076923076
960;5367;0,076923076923076923076
960;5691;0,153846153846153846153
960;6581;0,076923076923076923076
960;8500;0,076923076923076923076
960;9389;0,076923076923076923076
960;9409;0,076923076923076923076
965;2147;1,000000000000000000000
967;1127;0,250000000000000000000
967;1218;0,250000000000000000000
967;1694;0,250000000000000000000
967;7341;0,250000000000000000000
970;621;0,250000000000000000000
970;1549;0,083333333333333333333
970;2156;0,083333333333333333333
970;2385;0,333333333333333333333
970;5438;0,083333333333333333333
970;5445;0,083333333333333333333
970;13265;0,083333333333333333333
972;1033;0,200000000000000000000
972;1154;0,500000000000000000000
972;1853;0,100000000000000000000
972;8756;0,200000000000000000000
977;151;0,117647058823529411764
977;474;0,058823529411764705882
977;1286;0,058823529411764705882
977;1393;0,117647058823529411764
977;2071;0,058823529411764705882
977;2779;0,058823529411764705882
977;2823;0,058823529411764705882
977;4280;0,058823529411764705882
977;5445;0,058823529411764705882
977;9208;0,117647058823529411764
977;9389;0,058823529411764705882
977;9806;0,117647058823529411764
977;11213;0,058823529411764705882
978;1085;0,153846153846153846153
978;1637;0,076923076923076923076
978;1684;0,153846153846153846153
978;2080;0,076923076923076923076
978;2591;0,076923076923076923076
978;3096;0,076923076923076923076
978;8516;0,076923076923076923076
978;9296;0,153846153846153846153
978;42210;0,153846153846153846153
979;3145;0,500000000000000000000
979;5922;0,500000000000000000000
980;96;0,074074074074074074074
980;281;0,074074074074074074074
980;678;0,037037037037037037037
980;1547;0,074074074074074074074
980;1931;0,074074074074074074074
980;2684;0,444444444444444444444
980;3619;0,037037037037037037037
980;3872;0,037037037037037037037
980;10188;0,074074074074074074074
980;281067;0,037037037037037037037
980;281170;0,037037037037037037037
982;845;0,100000000000000000000
982;1041;0,500000000000000000000
982;1263;0,200000000000000000000
982;767166;0,200000000000000000000
983;1498;0,066666666666666666666
983;1657;0,066666666666666666666
983;4906;0,066666666666666666666
983;5638;0,200000000000000000000
983;21697;0,333333333333333333333
983;59745;0,066666666666666666666
983;84925;0,066666666666666666666
983;98841;0,066666666666666666666
983;366867;0,066666666666666666666
984;96;0,100000000000000000000
984;826;0,100000000000000000000
984;1118;0,100000000000000000000
984;1616;0,700000000000000000000
988;547;0,500000000000000000000
988;1596;0,500000000000000000000
990;853;0,250000000000000000000
990;4435;0,250000000000000000000
990;4534;0,250000000000000000000
990;8666;0,250000000000000000000
993;7605;0,200000000000000000000
993;29085;0,800000000000000000000
995;22;0,028571428571428571428
995;37;0,028571428571428571428
995;54;0,014285714285714285714
995;71;0,057142857142857142857
995;192;0,014285714285714285714
995;196;0,014285714285714285714
995;285;0,014285714285714285714
995;351;0,014285714285714285714
995;400;0,028571428571428571428
995;747;0,071428571428571428571
995;748;0,057142857142857142857
995;984;0,042857142857142857142
995;1089;0,028571428571428571428
995;1092;0,028571428571428571428
995;1370;0,028571428571428571428
995;1547;0,014285714285714285714
995;1731;0,042857142857142857142
995;3145;0,042857142857142857142
995;3188;0,014285714285714285714
995;3694;0,042857142857142857142
995;3728;0,014285714285714285714
995;3983;0,042857142857142857142
995;4228;0,014285714285714285714
995;5214;0,085714285714285714285
995;7111;0,014285714285714285714
995;9395;0,014285714285714285714
995;9762;0,014285714285714285714
995;27512;0,028571428571428571428
995;75827;0,042857142857142857142
995;76428;0,042857142857142857142
995;349041;0,057142857142857142857
997;1243;0,500000000000000000000
997;16487;0,500000000000000000000
1010;216;0,115384615384615384615
1010;1018;0,153846153846153846153
1010;2001;0,230769230769230769230
1010;3809;0,192307692307692307692
1010;4421;0,038461538461538461538
1010;5635;0,076923076923076923076
1010;10523;0,038461538461538461538
1010;18149;0,038461538461538461538
1010;20770;0,038461538461538461538
1010;24076;0,076923076923076923076
1014;232;0,333333333333333333333
1014;4085;0,666666666666666666666
1018;216;0,250000000000000000000
1018;1010;0,250000000000000000000
1018;2001;0,125000000000000000000
1018;4421;0,125000000000000000000
1018;10523;0,250000000000000000000
1022;6509;0,500000000000000000000
1022;140271;0,500000000000000000000
1034;2464;0,500000000000000000000
1034;5158;0,250000000000000000000
1034;8489;0,250000000000000000000
1035;2825;1,000000000000000000000
1037;719;0,500000000000000000000
1037;1316;0,250000000000000000000
1037;3664;0,250000000000000000000
1041;845;0,208333333333333333333
1041;982;0,458333333333333333333
1041;1042;0,083333333333333333333
1041;2287;0,125000000000000000000
1041;16497;0,041666666666666666666
1041;373677;0,041666666666666666666
1041;767166;0,041666666666666666666
1042;982;0,166666666666666666666
1042;1771;0,666666666666666666666
1042;2425;0,166666666666666666666
1044;877;0,500000000000000000000
1044;4765;0,500000000000000000000
1046;39;0,125000000000000000000
1046;475;0,125000000000000000000
1046;956;0,125000000000000000000
1046;1092;0,125000000000000000000
1046;1253;0,125000000000000000000
1046;4837;0,125000000000000000000
1046;8648;0,125000000000000000000
1046;666007;0,125000000000000000000
1048;628;1,000000000000000000000
1058;1512;1,000000000000000000000
1060;291;0,666666666666666666666
1060;6548;0,333333333333333333333
1064;174;0,111111111111111111111
1064;1563;0,333333333333333333333
1064;3427;0,111111111111111111111
1064;6634;0,444444444444444444444
1069;411;0,500000000000000000000
1069;419;0,500000000000000000000
1073;770;0,235294117647058823529
1073;1315;0,058823529411764705882
1073;1985;0,058823529411764705882
1073;4918;0,058823529411764705882
1073;4919;0,058823529411764705882
1073;8109;0,235294117647058823529
1073;8164;0,117647058823529411764
1073;8165;0,176470588235294117647
1077;2512;1,000000000000000000000
1079;600;1,000000000000000000000
1082;891;0,363636363636363636363
1082;1083;0,090909090909090909090
1082;1581;0,090909090909090909090
1082;3212;0,090909090909090909090
1082;7648;0,090909090909090909090
1082;7756;0,272727272727272727272
1083;1082;0,500000000000000000000
1083;3212;0,250000000000000000000
1083;8493;0,250000000000000000000
1085;978;0,187500000000000000000
1085;1556;0,062500000000000000000
1085;2080;0,062500000000000000000
1085;2559;0,062500000000000000000
1085;2591;0,187500000000000000000
1085;3096;0,062500000000000000000
1085;3610;0,062500000000000000000
1085;8756;0,187500000000000000000
1085;9296;0,062500000000000000000
1085;29376;0,062500000000000000000
1094;10338;1,000000000000000000000
1100;104;0,125000000000000000000
1100;295;0,125000000000000000000
1100;2249;0,125000000000000000000
1100;2275;0,125000000000000000000
1100;2847;0,125000000000000000000
1100;7713;0,125000000000000000000
1100;9367;0,125000000000000000000
1100;122436;0,125000000000000000000
1101;841;0,500000000000000000000
1101;3296;0,500000000000000000000
1109;2017;0,500000000000000000000
1109;4434;0,500000000000000000000
1114;2153;1,000000000000000000000
1117;423;0,095238095238095238095
1117;441;0,047619047619047619047
1117;849;0,047619047619047619047
1117;2364;0,095238095238095238095
1117;2445;0,047619047619047619047
1117;2547;0,047619047619047619047
1117;2972;0,095238095238095238095
1117;3394;0,095238095238095238095
1117;4510;0,095238095238095238095
1117;8253;0,238095238095238095238
1117;116140;0,047619047619047619047
1117;125861;0,047619047619047619047
1118;276;0,333333333333333333333
1118;984;0,333333333333333333333
1118;1314;0,333333333333333333333
1121;65;0,041666666666666666666
1121;190;0,041666666666666666666
1121;373;0,041666666666666666666
1121;558;0,041666666666666666666
1121;911;0,041666666666666666666
1121;1066;0,041666666666666666666
1121;1667;0,041666666666666666666
1121;2071;0,041666666666666666666
1121;2112;0,041666666666666666666
1121;2146;0,041666666666666666666
1121;2150;0,041666666666666666666
1121;2223;0,041666666666666666666
1121;3116;0,041666666666666666666
1121;3998;0,041666666666666666666
1121;4237;0,041666666666666666666
1121;4525;0,041666666666666666666
1121;7759;0,041666666666666666666
1121;8623;0,041666666666666666666
1121;9110;0,041666666666666666666
1121;9387;0,041666666666666666666
1121;9409;0,041666666666666666666
1121;9424;0,041666666666666666666
1121;352262;0,083333333333333333333
1124;22123;1,000000000000000000000
1127;967;0,333333333333333333333
1127;1974;0,666666666666666666666
1131;80;0,100000000000000000000
1131;502;0,200000000000000000000
1131;668;0,100000000000000000000
1131;1248;0,100000000000000000000
1131;3443;0,100000000000000000000
1131;3515;0,100000000000000000000
1131;3625;0,200000000000000000000
1131;321395;0,100000000000000000000
1135;638;0,200000000000000000000
1135;1140;0,200000000000000000000
1135;3496;0,200000000000000000000
1135;9098;0,200000000000000000000
1135;687941;0,200000000000000000000
1140;7975;1,000000000000000000000
1141;261;0,034482758620689655172
1141;277;0,034482758620689655172
1141;283;0,103448275862068965517
1141;472;0,034482758620689655172
1141;860;0,034482758620689655172
1141;1142;0,034482758620689655172
1141;1988;0,103448275862068965517
1141;2293;0,206896551724137931034
1141;2461;0,068965517241379310344
1141;3000;0,034482758620689655172
1141;3174;0,034482758620689655172
1141;3753;0,034482758620689655172
1141;5628;0,103448275862068965517
1141;229072;0,034482758620689655172
1141;245879;0,103448275862068965517
1142;249;0,096774193548387096774
1142;283;0,064516129032258064516
1142;472;0,129032258064516129032
1142;1141;0,064516129032258064516
1142;1154;0,032258064516129032258
1142;1591;0,193548387096774193548
1142;2133;0,129032258064516129032
1142;2293;0,032258064516129032258
1142;2464;0,064516129032258064516
1142;3045;0,064516129032258064516
1142;3219;0,064516129032258064516
1142;4313;0,032258064516129032258
1142;8489;0,032258064516129032258
1143;1965;0,571428571428571428571
1143;3802;0,142857142857142857142
1143;6527;0,285714285714285714285
1149;250;0,166666666666666666666
1149;2379;0,166666666666666666666
1149;2713;0,166666666666666666666
1149;3234;0,166666666666666666666
1149;3992;0,166666666666666666666
1149;5430;0,166666666666666666666
1150;528;0,333333333333333333333
1150;878;0,333333333333333333333
1150;8623;0,333333333333333333333
1154;85;0,027777777777777777777
1154;122;0,055555555555555555555
1154;181;0,027777777777777777777
1154;182;0,027777777777777777777
1154;222;0,083333333333333333333
1154;798;0,027777777777777777777
1154;972;0,027777777777777777777
1154;1639;0,027777777777777777777
1154;1981;0,027777777777777777777
1154;2269;0,027777777777777777777
1154;2302;0,138888888888888888888
1154;3246;0,027777777777777777777
1154;3528;0,027777777777777777777
1154;3636;0,027777777777777777777
1154;4098;0,055555555555555555555
1154;4553;0,166666666666666666666
1154;4890;0,027777777777777777777
1154;5158;0,027777777777777777777
1154;5223;0,027777777777777777777
1154;5383;0,055555555555555555555
1154;8363;0,027777777777777777777
1154;8489;0,027777777777777777777
1157;600;0,125000000000000000000
1157;1073;0,125000000000000000000
1157;1984;0,125000000000000000000
1157;1985;0,125000000000000000000
1157;4918;0,125000000000000000000
1157;8164;0,125000000000000000000
1157;9513;0,125000000000000000000
1157;26980;0,125000000000000000000
1160;11;0,166666666666666666666
1160;263;0,166666666666666666666
1160;1513;0,666666666666666666666
1164;2712;1,000000000000000000000
1165;105800;1,000000000000000000000
1169;71;0,059701492537313432835
1169;100;0,059701492537313432835
1169;138;0,059701492537313432835
1169;276;0,059701492537313432835
1169;695;0,059701492537313432835
1169;1942;0,059701492537313432835
1169;1943;0,059701492537313432835
1169;1944;0,059701492537313432835
1169;1945;0,059701492537313432835
1169;1946;0,059701492537313432835
1169;3523;0,059701492537313432835
1169;4512;0,059701492537313432835
1169;13537;0,059701492537313432835
1169;59745;0,074626865671641791044
1169;59841;0,007462686567164179104
1169;98841;0,059701492537313432835
1169;131383;0,059701492537313432835
1169;499117;0,014925373134328358208
1169;604246;0,007462686567164179104
1173;174;0,500000000000000000000
1173;1706;0,500000000000000000000
1178;2467;0,800000000000000000000
1178;28720;0,200000000000000000000
1181;643;0,038461538461538461538
1181;859;0,038461538461538461538
1181;1182;0,153846153846153846153
1181;1315;0,038461538461538461538
1181;1514;0,038461538461538461538
1181;2306;0,076923076923076923076
1181;3289;0,076923076923076923076
1181;3590;0,038461538461538461538
1181;4995;0,038461538461538461538
1181;8465;0,038461538461538461538
1181;8468;0,038461538461538461538
1181;116348;0,076923076923076923076
1181;248835;0,038461538461538461538
1181;584314;0,269230769230769230769
1186;1709;1,000000000000000000000
1196;66;0,043478260869565217391
1196;194;0,043478260869565217391
1196;277;0,086956521739130434782
1196;628;0,043478260869565217391
1196;781;0,043478260869565217391
1196;1264;0,043478260869565217391
1196;2398;0,043478260869565217391
1196;3722;0,086956521739130434782
1196;4059;0,086956521739130434782
1196;4372;0,043478260869565217391
1196;4396;0,043478260869565217391
1196;5000;0,086956521739130434782
1196;5464;0,043478260869565217391
1196;8225;0,043478260869565217391
1196;727898;0,217391304347826086956
1197;2343;1,000000000000000000000
1198;14652;1,000000000000000000000
1205;747;0,125000000000000000000
1205;4553;0,125000000000000000000
1205;4667;0,125000000000000000000
1205;5523;0,625000000000000000000
1206;6250;1,000000000000000000000
1210;1942;0,500000000000000000000
1210;9468;0,500000000000000000000
1216;287;0,666666666666666666666
1216;2742;0,333333333333333333333
1218;346;0,030303030303030303030
1218;375;0,060606060606060606060
1218;389;0,030303030303030303030
1218;393;0,030303030303030303030
1218;395;0,030303030303030303030
1218;400;0,030303030303030303030
1218;408;0,030303030303030303030
1218;409;0,030303030303030303030
1218;410;0,030303030303030303030
1218;418;0,030303030303030303030
1218;930;0,030303030303030303030
1218;967;0,030303030303030303030
1218;1178;0,030303030303030303030
1218;1451;0,030303030303030303030
1218;3476;0,030303030303030303030
1218;3477;0,060606060606060606060
1218;3697;0,030303030303030303030
1218;9340;0,030303030303030303030
1218;12563;0,030303030303030303030
1218;12660;0,030303030303030303030
1218;12850;0,060606060606060606060
1218;13552;0,030303030303030303030
1218;24769;0,030303030303030303030
1218;27079;0,030303030303030303030
1218;28337;0,030303030303030303030
1218;28408;0,030303030303030303030
1218;28416;0,030303030303030303030
1218;28420;0,030303030303030303030
1218;28422;0,030303030303030303030
1218;28720;0,030303030303030303030
1220;530;0,066666666666666666666
1220;1190;0,066666666666666666666
1220;1771;0,066666666666666666666
1220;2275;0,066666666666666666666
1220;2419;0,066666666666666666666
1220;7478;0,066666666666666666666
1220;15686;0,066666666666666666666
1220;16497;0,066666666666666666666
1220;27064;0,066666666666666666666
1220;27067;0,066666666666666666666
1220;28184;0,066666666666666666666
1220;28210;0,066666666666666666666
1220;387437;0,200000000000000000000
1221;945;0,200000000000000000000
1221;5617;0,400000000000000000000
1221;12563;0,200000000000000000000
1221;119973;0,200000000000000000000
1225;681;0,142857142857142857142
1225;2744;0,285714285714285714285
1225;2865;0,142857142857142857142
1225;3251;0,142857142857142857142
1225;4020;0,142857142857142857142
1225;8698;0,142857142857142857142
1227;428;0,333333333333333333333
1227;808;0,333333333333333333333
1227;4225;0,333333333333333333333
1234;113;0,052631578947368421052
1234;524;0,052631578947368421052
1234;528;0,052631578947368421052
1234;529;0,052631578947368421052
1234;970;0,052631578947368421052
1234;1235;0,105263157894736842105
1234;1237;0,105263157894736842105
1234;1263;0,052631578947368421052
1234;1277;0,052631578947368421052
1234;2147;0,052631578947368421052
1234;2213;0,105263157894736842105
1234;2684;0,052631578947368421052
1234;2779;0,052631578947368421052
1234;3325;0,052631578947368421052
1234;8623;0,105263157894736842105
1235;845;0,142857142857142857142
1235;1234;0,285714285714285714285
1235;1236;0,142857142857142857142
1235;1237;0,142857142857142857142
1235;3393;0,142857142857142857142
1235;12864;0,142857142857142857142
1236;1235;1,000000000000000000000
1237;1234;0,181818181818181818181
1237;1235;0,272727272727272727272
1237;1236;0,272727272727272727272
1237;1721;0,090909090909090909090
1237;2661;0,090909090909090909090
1237;10188;0,090909090909090909090
1246;1092;0,333333333333333333333
1246;6250;0,666666666666666666666
1248;668;1,000000000000000000000
1253;808;0,142857142857142857142
1253;955;0,142857142857142857142
1253;1751;0,571428571428571428571
1253;366867;0,142857142857142857142
1254;119;0,142857142857142857142
1254;4744;0,142857142857142857142
1254;5149;0,285714285714285714285
1254;9226;0,142857142857142857142
1254;189452;0,285714285714285714285
1276;101;0,200000000000000000000
1276;194;0,200000000000000000000
1276;695;0,200000000000000000000
1276;1754;0,400000000000000000000
1277;10188;1,000000000000000000000
1278;135;0,250000000000000000000
1278;1591;0,500000000000000000000
1278;1902;0,125000000000000000000
1278;2374;0,125000000000000000000
1282;2196;1,000000000000000000000
1286;65;0,285714285714285714285
1286;1754;0,142857142857142857142
1286;3356;0,071428571428571428571
1286;9395;0,071428571428571428571
1286;9806;0,071428571428571428571
1286;57838;0,071428571428571428571
1286;151929;0,142857142857142857142
1286;747808;0,142857142857142857142
1288;4629;1,000000000000000000000
1290;3158;1,000000000000000000000
1293;6372;1,000000000000000000000
1305;1092;0,250000000000000000000
1305;1563;0,250000000000000000000
1305;2993;0,250000000000000000000
1305;5576;0,250000000000000000000
1307;5329;1,000000000000000000000
1310;678;1,000000000000000000000
1316;267;0,500000000000000000000
1316;24601;0,500000000000000000000
1319;550;1,000000000000000000000
1326;1328;0,333333333333333333333
1326;2071;0,333333333333333333333
1326;27808;0,333333333333333333333
1327;1332;1,000000000000000000000
1338;7278;1,000000000000000000000
1340;108;0,100000000000000000000
1340;349;0,050000000000000000000
1340;351;0,100000000000000000000
1340;538;0,300000000000000000000
1340;2664;0,050000000000000000000
1340;3223;0,050000000000000000000
1340;4278;0,100000000000000000000
1340;7975;0,050000000000000000000
1340;434991;0,050000000000000000000
1340;440509;0,150000000000000000000
1342;11;1,000000000000000000000
1344;4931;0,500000000000000000000
1344;179346;0,500000000000000000000
1348;179346;1,000000000000000000000
1364;237;0,428571428571428571428
1364;2145;0,142857142857142857142
1364;3219;0,285714285714285714285
1364;8225;0,142857142857142857142
1370;1129;1,000000000000000000000
1401;4715;0,250000000000000000000
1401;8500;0,250000000000000000000
1401;9409;0,250000000000000000000
1401;13074;0,250000000000000000000
1406;885;0,062500000000000000000
1406;978;0,125000000000000000000
1406;1503;0,062500000000000000000
1406;2080;0,125000000000000000000
1406;2176;0,062500000000000000000
1406;2591;0,062500000000000000000
1406;3610;0,062500000000000000000
1406;4179;0,062500000000000000000
1406;5061;0,250000000000000000000
1406;5616;0,062500000000000000000
1406;440497;0,062500000000000000000
1408;28017;1,000000000000000000000
1432;689;0,571428571428571428571
1432;1482;0,285714285714285714285
1432;27674;0,142857142857142857142
1437;744;0,100000000000000000000
1437;845;0,300000000000000000000
1437;846;0,300000000000000000000
1437;192866;0,300000000000000000000
1439;3420;0,250000000000000000000
1439;5083;0,250000000000000000000
1439;9356;0,250000000000000000000
1439;50959;0,250000000000000000000
1440;9356;1,000000000000000000000
1444;2287;1,000000000000000000000
1447;394;1,000000000000000000000
1451;9340;1,000000000000000000000
1454;156500;1,000000000000000000000
1455;267368;1,000000000000000000000
1457;109;0,285714285714285714285
1457;2318;0,142857142857142857142
1457;2509;0,285714285714285714285
1457;7886;0,142857142857142857142
1457;33843;0,142857142857142857142
1462;3694;1,000000000000000000000
1464;1637;1,000000000000000000000
1473;622;0,250000000000000000000
1473;2150;0,250000000000000000000
1473;9399;0,250000000000000000000
1473;9431;0,250000000000000000000
1476;2961;1,000000000000000000000
1478;979;0,500000000000000000000
1478;4435;0,500000000000000000000
1479;770;0,333333333333333333333
1479;6413;0,333333333333333333333
1479;8165;0,333333333333333333333
1483;8928;1,000000000000000000000
1487;1228;1,000000000000000000000
1489;59745;1,000000000000000000000
1497;8348;1,000000000000000000000
1498;104;0,250000000000000000000
1498;172;0,520833333333333333333
1498;839;0,020833333333333333333
1498;983;0,020833333333333333333
1498;1892;0,020833333333333333333
1498;2427;0,062500000000000000000
1498;4424;0,041666666666666666666
1498;4453;0,020833333333333333333
1498;4472;0,020833333333333333333
1498;788294;0,020833333333333333333
1499;455;0,428571428571428571428
1499;2510;0,428571428571428571428
1499;651622;0,142857142857142857142
1501;3508;1,000000000000000000000
1503;12936;1,000000000000000000000
1504;2887;1,000000000000000000000
1510;35;0,083333333333333333333
1510;108;0,694444444444444444444
1510;349;0,027777777777777777777
1510;502;0,027777777777777777777
1510;1340;0,027777777777777777777
1510;1850;0,027777777777777777777
1510;1894;0,111111111111111111111
1512;1058;1,000000000000000000000
1513;669;0,076923076923076923076
1513;1160;0,153846153846153846153
1513;1591;0,076923076923076923076
1513;1827;0,076923076923076923076
1513;2379;0,076923076923076923076
1513;2990;0,076923076923076923076
1513;3381;0,076923076923076923076
1513;6007;0,076923076923076923076
1513;6008;0,307692307692307692307
1515;36;0,100000000000000000000
1515;2379;0,100000000000000000000
1515;4117;0,100000000000000000000
1515;4398;0,300000000000000000000
1515;4592;0,300000000000000000000
1515;4787;0,100000000000000000000
1516;3940;1,000000000000000000000
1517;403;1,000000000000000000000
1521;440509;1,000000000000000000000
1526;285;0,500000000000000000000
1526;4713;0,500000000000000000000
1533;5006;1,000000000000000000000
1544;240;0,071428571428571428571
1544;859;0,071428571428571428571
1544;1065;0,357142857142857142857
1544;1556;0,071428571428571428571
1544;1963;0,071428571428571428571
1544;2244;0,071428571428571428571
1544;2435;0,071428571428571428571
1544;113459;0,214285714285714285714
1547;472;0,428571428571428571428
1547;980;0,285714285714285714285
1547;1868;0,142857142857142857142
1547;27674;0,142857142857142857142
1554;643;0,062500000000000000000
1554;793;0,062500000000000000000
1554;1845;0,250000000000000000000
1554;2374;0,312500000000000000000
1554;4228;0,062500000000000000000
1554;6048;0,062500000000000000000
1554;8465;0,125000000000000000000
1554;440818;0,062500000000000000000
1556;66;0,100000000000000000000
1556;479;0,200000000000000000000
1556;1085;0,200000000000000000000
1556;1963;0,100000000000000000000
1556;3393;0,100000000000000000000
1556;5681;0,100000000000000000000
1556;77678;0,100000000000000000000
1556;248841;0,100000000000000000000
1561;1700;1,000000000000000000000
1566;752863;1,000000000000000000000
1567;4085;0,500000000000000000000
1567;11476;0,250000000000000000000
1567;23886;0,250000000000000000000
1570;1157;0,166666666666666666666
1570;1448;0,166666666666666666666
1570;3045;0,166666666666666666666
1570;3992;0,166666666666666666666
1570;9513;0,333333333333333333333
1581;891;0,500000000000000000000
1581;1082;0,500000000000000000000
1589;39;0,461538461538461538461
1589;567;0,038461538461538461538
1589;738;0,192307692307692307692
1589;1262;0,038461538461538461538
1589;1844;0,076923076923076923076
1589;1897;0,038461538461538461538
1589;3256;0,038461538461538461538
1589;4552;0,038461538461538461538
1589;4638;0,038461538461538461538
1589;6788;0,038461538461538461538
1591;135;0,021276595744680851063
1591;241;0,010638297872340425531
1591;281;0,010638297872340425531
1591;283;0,106382978723404255319
1591;698;0,010638297872340425531
1591;737;0,021276595744680851063
1591;861;0,170212765957446808510
1591;980;0,010638297872340425531
1591;1142;0,074468085106382978723
1591;1149;0,031914893617021276595
1591;1278;0,042553191489361702127
1591;1513;0,021276595744680851063
1591;1827;0,010638297872340425531
1591;1894;0,021276595744680851063
1591;2252;0,031914893617021276595
1591;2293;0,010638297872340425531
1591;2379;0,021276595744680851063
1591;2510;0,031914893617021276595
1591;2515;0,021276595744680851063
1591;2713;0,010638297872340425531
1591;2714;0,031914893617021276595
1591;3045;0,106382978723404255319
1591;3234;0,021276595744680851063
1591;3381;0,010638297872340425531
1591;3619;0,042553191489361702127
1591;4117;0,010638297872340425531
1591;4313;0,010638297872340425531
1591;4592;0,021276595744680851063
1591;5441;0,010638297872340425531
1591;10188;0,021276595744680851063
1591;17549;0,021276595744680851063
1596;5262;0,142857142857142857142
1596;5440;0,142857142857142857142
1596;7209;0,285714285714285714285
1596;11734;0,142857142857142857142
1596;13158;0,142857142857142857142
1596;256804;0,142857142857142857142
1598;4472;1,000000000000000000000
1608;232;0,222222222222222222222
1608;1064;0,222222222222222222222
1608;1567;0,222222222222222222222
1608;1700;0,111111111111111111111
1608;3427;0,111111111111111111111
1608;67709;0,111111111111111111111
1609;174;0,400000000000000000000
1609;812;0,400000000000000000000
1609;5601;0,200000000000000000000
1610;747847;1,000000000000000000000
1613;303;0,500000000000000000000
1613;3637;0,500000000000000000000
1616;826;0,312500000000000000000
1616;984;0,687500000000000000000
1625;2147;1,000000000000000000000
1632;752;0,400000000000000000000
1632;3971;0,200000000000000000000
1632;7994;0,200000000000000000000
1632;771844;0,200000000000000000000
1637;1464;0,076923076923076923076
1637;2080;0,153846153846153846153
1637;2712;0,307692307692307692307
1637;3518;0,076923076923076923076
1637;5029;0,153846153846153846153
1637;233872;0,076923076923076923076
1637;283638;0,076923076923076923076
1637;336640;0,076923076923076923076
1639;182;0,062500000000000000000
1639;1154;0,062500000000000000000
1639;1662;0,562500000000000000000
1639;1917;0,062500000000000000000
1639;2741;0,125000000000000000000
1639;8489;0,062500000000000000000
1639;12876;0,062500000000000000000
1644;517;0,142857142857142857142
1644;5640;0,428571428571428571428
1644;587053;0,428571428571428571428
1650;1182;1,000000000000000000000
1657;983;0,062500000000000000000
1657;1022;0,125000000000000000000
1657;3141;0,062500000000000000000
1657;3237;0,062500000000000000000
1657;3852;0,125000000000000000000
1657;3996;0,125000000000000000000
1657;4821;0,062500000000000000000
1657;5338;0,062500000000000000000
1657;6499;0,062500000000000000000
1657;6501;0,062500000000000000000
1657;6502;0,125000000000000000000
1657;24460;0,062500000000000000000
1662;1639;1,000000000000000000000
1663;109;0,076923076923076923076
1663;435;0,153846153846153846153
1663;1255;0,076923076923076923076
1663;1827;0,230769230769230769230
1663;6986;0,153846153846153846153
1663;11138;0,076923076923076923076
1663;13329;0,076923076923076923076
1663;15863;0,153846153846153846153
1678;846;0,333333333333333333333
1678;861;0,166666666666666666666
1678;3269;0,166666666666666666666
1678;20843;0,166666666666666666666
1678;23759;0,166666666666666666666
1681;733;0,400000000000000000000
1681;2916;0,200000000000000000000
1681;2932;0,200000000000000000000
1681;2948;0,200000000000000000000
1684;978;0,250000000000000000000
1684;5061;0,250000000000000000000
1684;7711;0,250000000000000000000
1684;95154;0,250000000000000000000
1685;5445;1,000000000000000000000
1689;1036;0,200000000000000000000
1689;1563;0,200000000000000000000
1689;12372;0,200000000000000000000
1689;28457;0,400000000000000000000
1693;1064;1,000000000000000000000
1694;149;0,117647058823529411764
1694;289;0,019607843137254901960
1694;791;0,019607843137254901960
1694;967;0,019607843137254901960
1694;1455;0,058823529411764705882
1694;1563;0,019607843137254901960
1694;1566;0,058823529411764705882
1694;1629;0,058823529411764705882
1694;1689;0,058823529411764705882
1694;1692;0,019607843137254901960
1694;1699;0,039215686274509803921
1694;1703;0,039215686274509803921
1694;1763;0,058823529411764705882
1694;2196;0,117647058823529411764
1694;2254;0,098039215686274509803
1694;3971;0,137254901960784313725
1694;9441;0,019607843137254901960
1694;9955;0,019607843137254901960
1694;21502;0,019607843137254901960
1695;1692;0,500000000000000000000
1695;2196;0,500000000000000000000
1696;980;1,000000000000000000000
1697;46;0,500000000000000000000
1697;1698;0,500000000000000000000
1699;2196;1,000000000000000000000
1702;232;0,333333333333333333333
1702;1692;0,333333333333333333333
1702;4085;0,333333333333333333333
1706;1173;1,000000000000000000000
1708;3359;1,000000000000000000000
1709;1186;1,000000000000000000000
1710;2379;0,050000000000000000000
1710;2398;0,050000000000000000000
1710;2714;0,050000000000000000000
1710;3103;0,250000000000000000000
1710;3234;0,150000000000000000000
1710;4376;0,050000000000000000000
1710;6723;0,250000000000000000000
1710;7975;0,050000000000000000000
1710;9258;0,100000000000000000000
1717;1991;1,000000000000000000000
1725;28528;1,000000000000000000000
1727;5148;1,000000000000000000000
1729;411;0,500000000000000000000
1729;2961;0,500000000000000000000
1731;2802;1,000000000000000000000
1744;7221;1,000000000000000000000
1751;956;0,200000000000000000000
1751;1253;0,400000000000000000000
1751;4681;0,200000000000000000000
1751;366867;0,200000000000000000000
1754;39;0,040000000000000000000
1754;65;0,070000000000000000000
1754;472;0,050000000000000000000
1754;748;0,040000000000000000000
1754;1169;0,010000000000000000000
1754;1286;0,050000000000000000000
1754;1663;0,040000000000000000000
1754;1708;0,040000000000000000000
1754;1762;0,060000000000000000000
1754;1771;0,010000000000000000000
1754;2021;0,050000000000000000000
1754;2275;0,010000000000000000000
1754;2844;0,050000000000000000000
1754;4613;0,070000000000000000000
1754;4991;0,040000000000000000000
1754;7215;0,060000000000000000000
1754;7630;0,040000000000000000000
1754;8910;0,050000000000000000000
1754;27478;0,010000000000000000000
1754;59745;0,010000000000000000000
1754;349041;0,010000000000000000000
1754;393418;0,050000000000000000000
1754;453859;0,010000000000000000000
1754;658210;0,020000000000000000000
1754;747808;0,110000000000000000000
1762;411;0,090909090909090909090
1762;419;0,090909090909090909090
1762;904;0,090909090909090909090
1762;1754;0,090909090909090909090
1762;8396;0,272727272727272727272
1762;747808;0,363636363636363636363
1763;1629;0,166666666666666666666
1763;2274;0,333333333333333333333
1763;10359;0,500000000000000000000
1765;2264;0,250000000000000000000
1765;2664;0,250000000000000000000
1765;5360;0,250000000000000000000
1765;12664;0,250000000000000000000
1769;752863;1,000000000000000000000
1771;700;0,071428571428571428571
1771;1042;0,214285714285714285714
1771;1754;0,071428571428571428571
1771;2275;0,214285714285714285714
1771;6918;0,071428571428571428571
1771;7954;0,071428571428571428571
1771;11369;0,142857142857142857142
1771;27810;0,071428571428571428571
1771;349155;0,071428571428571428571
1778;520;0,666666666666666666666
1778;5935;0,333333333333333333333
1780;497;0,250000000000000000000
1780;5564;0,250000000000000000000
1780;7759;0,500000000000000000000
1785;10338;1,000000000000000000000
1799;5776;1,000000000000000000000
1814;698;0,166666666666666666666
1814;802;0,111111111111111111111
1814;2087;0,166666666666666666666
1814;2379;0,111111111111111111111
1814;2472;0,111111111111111111111
1814;2714;0,166666666666666666666
1814;3392;0,111111111111111111111
1814;3867;0,055555555555555555555
1822;3825;1,000000000000000000000
1824;3087;0,166666666666666666666
1824;9114;0,833333333333333333333
1831;1162;0,111111111111111111111
1831;1406;0,222222222222222222222
1831;7711;0,111111111111111111111
1831;11552;0,444444444444444444444
1831;12938;0,111111111111111111111
1840;3212;0,500000000000000000000
1840;7648;0,500000000000000000000
1843;15302;1,000000000000000000000
1844;428;0,500000000000000000000
1844;1589;0,500000000000000000000
1850;1510;0,333333333333333333333
1850;4278;0,333333333333333333333
1850;119973;0,333333333333333333333
1853;972;0,500000000000000000000
1853;440497;0,500000000000000000000
1854;608;0,142857142857142857142
1854;3212;0,142857142857142857142
1854;19402;0,714285714285714285714
1855;5061;0,200000000000000000000
1855;5613;0,400000000000000000000
1855;13674;0,400000000000000000000
1856;2054;1,000000000000000000000
1864;475;0,142857142857142857142
1864;885;0,071428571428571428571
1864;886;0,071428571428571428571
1864;1210;0,142857142857142857142
1864;3532;0,071428571428571428571
1864;4039;0,071428571428571428571
1864;48255;0,071428571428571428571
1864;50332;0,142857142857142857142
1864;50959;0,142857142857142857142
1864;499117;0,071428571428571428571
1866;521;0,200000000000000000000
1866;3033;0,200000000000000000000
1866;8156;0,600000000000000000000
1868;678;1,000000000000000000000
1877;179;0,416666666666666666666
1877;609;0,416666666666666666666
1877;3968;0,083333333333333333333
1877;365531;0,083333333333333333333
1883;5601;1,000000000000000000000
1889;267;0,166666666666666666666
1889;678;0,125000000000000000000
1889;2661;0,208333333333333333333
1889;2684;0,041666666666666666666
1889;2713;0,125000000000000000000
1889;6347;0,041666666666666666666
1889;6440;0,041666666666666666666
1889;6535;0,083333333333333333333
1889;7160;0,041666666666666666666
1889;8095;0,125000000000000000000
1891;512469;1,000000000000000000000
1894;1510;0,375000000000000000000
1894;1591;0,125000000000000000000
1894;5360;0,375000000000000000000
1894;119973;0,125000000000000000000
1897;526;0,047619047619047619047
1897;528;0,047619047619047619047
1897;567;0,047619047619047619047
1897;706;0,142857142857142857142
1897;1942;0,095238095238095238095
1897;1956;0,047619047619047619047
1897;2657;0,047619047619047619047
1897;2825;0,047619047619047619047
1897;3548;0,238095238095238095238
1897;9729;0,047619047619047619047
1897;78108;0,047619047619047619047
1897;81163;0,047619047619047619047
1897;725179;0,095238095238095238095
1902;739;0,250000000000000000000
1902;1278;0,250000000000000000000
1902;5909;0,250000000000000000000
1902;18641;0,250000000000000000000
1910;3301;1,000000000000000000000
1913;739;0,100000000000000000000
1913;1569;0,100000000000000000000
1913;3975;0,100000000000000000000
1913;5960;0,100000000000000000000
1913;7630;0,100000000000000000000
1913;13239;0,100000000000000000000
1913;13809;0,100000000000000000000
1913;16873;0,100000000000000000000
1913;23228;0,200000000000000000000
1917;1639;0,500000000000000000000
1917;8489;0,500000000000000000000
1931;2111;1,000000000000000000000
1940;700;0,333333333333333333333
1940;349041;0,333333333333333333333
1940;747808;0,333333333333333333333
1942;135;0,250000000000000000000
1942;2657;0,250000000000000000000
1942;4004;0,250000000000000000000
1942;41776;0,250000000000000000000
1945;194;0,090909090909090909090
1945;276;0,181818181818181818181
1945;354;0,181818181818181818181
1945;359;0,181818181818181818181
1945;360;0,090909090909090909090
1945;695;0,090909090909090909090
1945;41776;0,181818181818181818181
1946;127;0,058823529411764705882
1946;249;0,058823529411764705882
1946;276;0,058823529411764705882
1946;354;0,058823529411764705882
1946;527;0,058823529411764705882
1946;1692;0,058823529411764705882
1946;2277;0,058823529411764705882
1946;2364;0,058823529411764705882
1946;2825;0,058823529411764705882
1946;2991;0,058823529411764705882
1946;3842;0,058823529411764705882
1946;4281;0,058823529411764705882
1946;6433;0,058823529411764705882
1946;41776;0,176470588235294117647
1946;743909;0,058823529411764705882
1948;309;0,333333333333333333333
1948;3574;0,666666666666666666666
1949;4933;1,000000000000000000000
1951;2371;0,666666666666666666666
1951;113392;0,333333333333333333333
1967;96;0,133333333333333333333
1967;861;0,133333333333333333333
1967;980;0,066666666666666666666
1967;2009;0,066666666666666666666
1967;3189;0,133333333333333333333
1967;3393;0,066666666666666666666
1967;6723;0,133333333333333333333
1967;75230;0,066666666666666666666
1967;240182;0,066666666666666666666
1967;245879;0,133333333333333333333
1974;131;0,500000000000000000000
1974;1127;0,500000000000000000000
1984;407;0,500000000000000000000
1984;3095;0,500000000000000000000
1985;3774;1,000000000000000000000
1988;2293;0,166666666666666666666
1988;2515;0,166666666666666666666
1988;4881;0,666666666666666666666
1991;172;0,125000000000000000000
1991;2239;0,375000000000000000000
1991;3044;0,125000000000000000000
1991;3985;0,125000000000000000000
1991;4427;0,125000000000000000000
1991;4431;0,125000000000000000000
1997;273;1,000000000000000000000
2004;3317;1,000000000000000000000
2005;1764;1,000000000000000000000
2007;3471;0,500000000000000000000
2007;8805;0,500000000000000000000
2008;220;0,200000000000000000000
2008;1282;0,200000000000000000000
2008;1769;0,200000000000000000000
2008;752863;0,400000000000000000000
2017;1109;1,000000000000000000000
2021;54;0,500000000000000000000
2021;1754;0,125000000000000000000
2021;5657;0,125000000000000000000
2021;13799;0,125000000000000000000
2021;747808;0,125000000000000000000
2023;15895;1,000000000000000000000
2027;4755;1,000000000000000000000
2034;5657;1,000000000000000000000
2041;7586;1,000000000000000000000
2043;14;0,500000000000000000000
2043;190;0,500000000000000000000
2046;1122;0,142857142857142857142
2046;5219;0,285714285714285714285
2046;5564;0,142857142857142857142
2046;6548;0,285714285714285714285
2046;8623;0,142857142857142857142
2064;65;0,750000000000000000000
2064;333184;0,250000000000000000000
2070;2216;1,000000000000000000000
2071;1121;0,333333333333333333333
2071;2054;0,333333333333333333333
2071;7759;0,333333333333333333333
2073;41;1,000000000000000000000
2075;14;0,500000000000000000000
2075;28;0,500000000000000000000
2080;39;0,022471910112359550561
2080;40;0,044943820224719101123
2080;74;0,033707865168539325842
2080;214;0,022471910112359550561
2080;747;0,022471910112359550561
2080;882;0,022471910112359550561
2080;886;0,022471910112359550561
2080;1077;0,022471910112359550561
2080;1085;0,022471910112359550561
2080;1162;0,011235955056179775280
2080;1192;0,033707865168539325842
2080;1406;0,022471910112359550561
2080;1429;0,022471910112359550561
2080;1471;0,022471910112359550561
2080;1637;0,022471910112359550561
2080;1785;0,022471910112359550561
2080;2083;0,022471910112359550561
2080;2734;0,022471910112359550561
2080;3096;0,022471910112359550561
2080;3610;0,022471910112359550561
2080;3797;0,022471910112359550561
2080;4621;0,022471910112359550561
2080;5449;0,033707865168539325842
2080;7911;0,022471910112359550561
2080;8003;0,044943820224719101123
2080;8516;0,022471910112359550561
2080;10338;0,056179775280898876404
2080;14151;0,011235955056179775280
2080;15302;0,022471910112359550561
2080;22211;0,022471910112359550561
2080;25488;0,044943820224719101123
2080;40961;0,022471910112359550561
2080;42210;0,022471910112359550561
2080;47352;0,022471910112359550561
2080;50332;0,022471910112359550561
2080;50959;0,022471910112359550561
2080;90666;0,044943820224719101123
2080;233872;0,011235955056179775280
2080;357817;0,022471910112359550561
2083;40;0,200000000000000000000
2083;2080;0,200000000000000000000
2083;2863;0,200000000000000000000
2083;7419;0,200000000000000000000
2083;8050;0,200000000000000000000
2086;826;0,500000000000000000000
2086;191508;0,500000000000000000000
2098;356;0,500000000000000000000
2098;8353;0,500000000000000000000
2099;317;0,666666666666666666666
2099;3802;0,333333333333333333333
2105;770;0,090909090909090909090
2105;979;0,090909090909090909090
2105;1054;0,090909090909090909090
2105;1749;0,090909090909090909090
2105;3143;0,090909090909090909090
2105;3251;0,090909090909090909090
2105;5037;0,181818181818181818181
2105;6353;0,090909090909090909090
2105;12428;0,181818181818181818181
2112;749;0,125000000000000000000
2112;1121;0,125000000000000000000
2112;3420;0,125000000000000000000
2112;18641;0,125000000000000000000
2112;349041;0,250000000000000000000
2112;398786;0,125000000000000000000
2112;398787;0,125000000000000000000
2117;2198;1,000000000000000000000
2129;3340;0,500000000000000000000
2129;3891;0,500000000000000000000
2130;4821;0,100000000000000000000
2130;24460;0,100000000000000000000
2130;27416;0,200000000000000000000
2130;373782;0,600000000000000000000
2137;11869;1,000000000000000000000
2139;249;0,166666666666666666666
2139;615;0,166666666666666666666
2139;861;0,166666666666666666666
2139;1154;0,166666666666666666666
2139;2293;0,166666666666666666666
2139;2515;0,166666666666666666666
2140;120;0,250000000000000000000
2140;904;0,500000000000000000000
2140;2822;0,250000000000000000000
2145;42;0,400000000000000000000
2145;1141;0,200000000000000000000
2145;1364;0,200000000000000000000
2145;2293;0,200000000000000000000
2146;90;0,700000000000000000000
2146;1121;0,100000000000000000000
2146;4765;0,100000000000000000000
2146;5367;0,100000000000000000000
2147;65;0,055555555555555555555
2147;622;0,111111111111111111111
2147;878;0,055555555555555555555
2147;1625;0,055555555555555555555
2147;1873;0,055555555555555555555
2147;2071;0,055555555555555555555
2147;2150;0,111111111111111111111
2147;2586;0,055555555555555555555
2147;2697;0,055555555555555555555
2147;2786;0,055555555555555555555
2147;3085;0,055555555555555555555
2147;3269;0,055555555555555555555
2147;4281;0,055555555555555555555
2147;4715;0,055555555555555555555
2147;5367;0,055555555555555555555
2147;5632;0,055555555555555555555
2148;2744;0,500000000000000000000
2148;6773;0,500000000000000000000
2150;960;0,250000000000000000000
2150;2147;0,500000000000000000000
2150;7759;0,250000000000000000000
2153;1114;1,000000000000000000000
2156;970;1,000000000000000000000
2175;4145;0,588235294117647058823
2175;65998;0,176470588235294117647
2175;66075;0,176470588235294117647
2175;715172;0,058823529411764705882
2176;74;0,500000000000000000000
2176;131;0,500000000000000000000
2184;4744;1,000000000000000000000
2188;2001;0,250000000000000000000
2188;2544;0,125000000000000000000
2188;3705;0,125000000000000000000
2188;10255;0,125000000000000000000
2188;11656;0,125000000000000000000
2188;11695;0,125000000000000000000
2188;18622;0,125000000000000000000
2191;853;1,000000000000000000000
2193;277;0,800000000000000000000
2193;9898;0,200000000000000000000
2195;1705;0,125000000000000000000
2195;1763;0,125000000000000000000
2195;1984;0,125000000000000000000
2195;3359;0,125000000000000000000
2195;5367;0,250000000000000000000
2195;11427;0,250000000000000000000
2196;149;0,066666666666666666666
2196;1282;0,066666666666666666666
2196;1629;0,066666666666666666666
2196;1692;0,066666666666666666666
2196;1694;0,133333333333333333333
2196;1695;0,066666666666666666666
2196;1699;0,200000000000000000000
2196;8071;0,066666666666666666666
2196;251573;0,266666666666666666666
2198;115;0,005154639175257731958
2198;140;0,005154639175257731958
2198;176;0,010309278350515463917
2198;198;0,005154639175257731958
2198;201;0,005154639175257731958
2198;360;0,005154639175257731958
2198;490;0,005154639175257731958
2198;579;0,005154639175257731958
2198;607;0,005154639175257731958
2198;652;0,020618556701030927835
2198;844;0,005154639175257731958
2198;882;0,005154639175257731958
2198;885;0,020618556701030927835
2198;886;0,010309278350515463917
2198;988;0,005154639175257731958
2198;1053;0,005154639175257731958
2198;1210;0,005154639175257731958
2198;1307;0,005154639175257731958
2198;1585;0,010309278350515463917
2198;1719;0,005154639175257731958
2198;1843;0,015463917525773195876
2198;1864;0,005154639175257731958
2198;1923;0,005154639175257731958
2198;1942;0,010309278350515463917
2198;1949;0,010309278350515463917
2198;1956;0,005154639175257731958
2198;2048;0,005154639175257731958
2198;2117;0,005154639175257731958
2198;2125;0,005154639175257731958
2198;2278;0,015463917525773195876
2198;2335;0,005154639175257731958
2198;2352;0,020618556701030927835
2198;2440;0,005154639175257731958
2198;2704;0,005154639175257731958
2198;2794;0,005154639175257731958
2198;2850;0,005154639175257731958
2198;2884;0,010309278350515463917
2198;3015;0,056701030927835051546
2198;3091;0,005154639175257731958
2198;3096;0,005154639175257731958
2198;3164;0,005154639175257731958
2198;3235;0,015463917525773195876
2198;3340;0,005154639175257731958
2198;3480;0,030927835051546391752
2198;3481;0,005154639175257731958
2198;3508;0,030927835051546391752
2198;3532;0,005154639175257731958
2198;3567;0,030927835051546391752
2198;3678;0,005154639175257731958
2198;3763;0,005154639175257731958
2198;3815;0,005154639175257731958
2198;3891;0,005154639175257731958
2198;3911;0,005154639175257731958
2198;4268;0,005154639175257731958
2198;4355;0,005154639175257731958
2198;4486;0,005154639175257731958
2198;4860;0,005154639175257731958
2198;4933;0,005154639175257731958
2198;5061;0,005154639175257731958
2198;5089;0,005154639175257731958
2198;5172;0,005154639175257731958
2198;5329;0,005154639175257731958
2198;5493;0,015463917525773195876
2198;5521;0,005154639175257731958
2198;5528;0,010309278350515463917
2198;6406;0,005154639175257731958
2198;6557;0,005154639175257731958
2198;6856;0,195876288659793814432
2198;6994;0,005154639175257731958
2198;6997;0,005154639175257731958
2198;7920;0,030927835051546391752
2198;8513;0,010309278350515463917
2198;9300;0,005154639175257731958
2198;9360;0,015463917525773195876
2198;9468;0,015463917525773195876
2198;10480;0,005154639175257731958
2198;10640;0,005154639175257731958
2198;12577;0,005154639175257731958
2198;13158;0,005154639175257731958
2198;13178;0,005154639175257731958
2198;13907;0,005154639175257731958
2198;14683;0,005154639175257731958
2198;14803;0,005154639175257731958
2198;14881;0,005154639175257731958
2198;15331;0,015463917525773195876
2198;15762;0,005154639175257731958
2198;15888;0,005154639175257731958
2198;16280;0,005154639175257731958
2198;17665;0,005154639175257731958
2198;17727;0,005154639175257731958
2198;18070;0,005154639175257731958
2198;22702;0,005154639175257731958
2198;22705;0,005154639175257731958
2198;22708;0,010309278350515463917
2198;22880;0,005154639175257731958
2200;2786;0,142857142857142857142
2200;4268;0,142857142857142857142
2200;5089;0,285714285714285714285
2200;31885;0,428571428571428571428
2210;3532;1,000000000000000000000
2216;2070;0,111111111111111111111
2216;5082;0,666666666666666666666
2216;5440;0,222222222222222222222
2218;529797;1,000000000000000000000
2223;1121;0,333333333333333333333
2223;3158;0,333333333333333333333
2223;5440;0,333333333333333333333
2227;609;0,333333333333333333333
2227;4372;0,666666666666666666666
2239;1991;0,875000000000000000000
2239;3328;0,125000000000000000000
2245;318;0,166666666666666666666
2245;1033;0,166666666666666666666
2245;8353;0,166666666666666666666
2245;12685;0,166666666666666666666
2245;24113;0,166666666666666666666
2245;27198;0,166666666666666666666
2252;245879;1,000000000000000000000
2254;1694;0,333333333333333333333
2254;5478;0,333333333333333333333
2254;8491;0,333333333333333333333
2264;8750;1,000000000000000000000
2269;237;0,500000000000000000000
2269;1154;0,125000000000000000000
2269;2133;0,125000000000000000000
2269;2742;0,125000000000000000000
2269;8489;0,125000000000000000000
2271;192;0,062500000000000000000
2271;841;0,187500000000000000000
2271;1122;0,125000000000000000000
2271;2272;0,062500000000000000000
2271;2359;0,062500000000000000000
2271;2504;0,062500000000000000000
2271;2586;0,125000000000000000000
2271;7759;0,062500000000000000000
2271;13360;0,250000000000000000000
2272;192;0,083333333333333333333
2272;496;0,041666666666666666666
2272;1667;0,041666666666666666666
2272;2037;0,041666666666666666666
2272;2271;0,083333333333333333333
2272;2359;0,041666666666666666666
2272;3296;0,041666666666666666666
2272;3591;0,041666666666666666666
2272;4364;0,083333333333333333333
2272;4561;0,083333333333333333333
2272;5214;0,041666666666666666666
2272;5564;0,083333333333333333333
2272;7762;0,041666666666666666666
2272;9413;0,041666666666666666666
2272;9432;0,041666666666666666666
2272;10946;0,041666666666666666666
2272;13372;0,041666666666666666666
2272;355594;0,041666666666666666666
2272;379234;0,041666666666666666666
2274;571;0,125000000000000000000
2274;1763;0,250000000000000000000
2274;3791;0,125000000000000000000
2274;3829;0,125000000000000000000
2274;5626;0,125000000000000000000
2274;6788;0,125000000000000000000
2274;13398;0,125000000000000000000
2275;1042;0,029411764705882352941
2275;1220;0,058823529411764705882
2275;1771;0,264705882352941176470
2275;2423;0,029411764705882352941
2275;6881;0,029411764705882352941
2275;6918;0,117647058823529411764
2275;7713;0,058823529411764705882
2275;8205;0,058823529411764705882
2275;8820;0,029411764705882352941
2275;9067;0,029411764705882352941
2275;11369;0,029411764705882352941
2275;27478;0,147058823529411764705
2275;189452;0,088235294117647058823
2275;373677;0,029411764705882352941
2276;8928;1,000000000000000000000
2277;12339;1,000000000000000000000
2287;475;0,125000000000000000000
2287;1041;0,125000000000000000000
2287;1444;0,125000000000000000000
2287;6765;0,125000000000000000000
2287;25205;0,125000000000000000000
2287;25229;0,125000000000000000000
2287;27067;0,125000000000000000000
2287;499117;0,125000000000000000000
2293;42;0,050000000000000000000
2293;85;0,050000000000000000000
2293;96;0,050000000000000000000
2293;283;0,050000000000000000000
2293;1141;0,150000000000000000000
2293;1591;0,050000000000000000000
2293;1981;0,200000000000000000000
2293;2145;0,050000000000000000000
2293;3219;0,100000000000000000000
2293;3246;0,050000000000000000000
2293;3633;0,050000000000000000000
2293;4831;0,050000000000000000000
2293;5628;0,100000000000000000000
2310;119;0,166666666666666666666
2310;320;0,166666666666666666666
2310;648;0,166666666666666666666
2310;1254;0,166666666666666666666
2310;2206;0,166666666666666666666
2310;5212;0,166666666666666666666
2318;5530;1,000000000000000000000
2322;545;1,000000000000000000000
2323;2343;1,000000000000000000000
2326;990;0,250000000000000000000
2326;2844;0,250000000000000000000
2326;9960;0,250000000000000000000
2326;606566;0,250000000000000000000
2335;3340;0,222222222222222222222
2335;5061;0,222222222222222222222
2335;26786;0,222222222222222222222
2335;233872;0,111111111111111111111
2335;336063;0,222222222222222222222
2337;2438;1,000000000000000000000
2343;2323;1,000000000000000000000
2349;5632;1,000000000000000000000
2355;3098;0,285714285714285714285
2355;3237;0,142857142857142857142
2355;3399;0,071428571428571428571
2355;3996;0,142857142857142857142
2355;6027;0,071428571428571428571
2355;6502;0,142857142857142857142
2355;6505;0,071428571428571428571
2355;9968;0,071428571428571428571
2359;5219;1,000000000000000000000
2364;2972;0,333333333333333333333
2364;5679;0,111111111111111111111
2364;8253;0,055555555555555555555
2364;9468;0,333333333333333333333
2364;20843;0,055555555555555555555
2364;28092;0,055555555555555555555
2364;125861;0,055555555555555555555
2371;290;0,100000000000000000000
2371;829;0,400000000000000000000
2371;1951;0,300000000000000000000
2371;3212;0,100000000000000000000
2371;3685;0,100000000000000000000
2372;9992;1,000000000000000000000
2374;360;0,120000000000000000000
2374;643;0,040000000000000000000
2374;689;0,080000000000000000000
2374;793;0,080000000000000000000
2374;1278;0,040000000000000000000
2374;1554;0,120000000000000000000
2374;1845;0,080000000000000000000
2374;3738;0,040000000000000000000
2374;3871;0,040000000000000000000
2374;4225;0,080000000000000000000
2374;5011;0,080000000000000000000
2374;5177;0,040000000000000000000
2374;6048;0,080000000000000000000
2374;8460;0,040000000000000000000
2374;759294;0,040000000000000000000
2379;279;0,010101010101010101010
2379;284;0,010101010101010101010
2379;861;0,020202020202020202020
2379;1513;0,010101010101010101010
2379;1591;0,020202020202020202020
2379;1814;0,030303030303030303030
2379;2293;0,010101010101010101010
2379;2713;0,030303030303030303030
2379;2714;0,373737373737373737373
2379;3234;0,202020202020202020202
2379;3473;0,050505050505050505050
2379;3701;0,010101010101010101010
2379;4117;0,020202020202020202020
2379;4592;0,121212121212121212121
2379;4787;0,010101010101010101010
2379;6008;0,010101010101010101010
2379;7160;0,030303030303030303030
2379;10020;0,030303030303030303030
2380;6986;1,000000000000000000000
2385;512;0,037037037037037037037
2385;524;0,074074074074074074074
2385;526;0,037037037037037037037
2385;621;0,074074074074074074074
2385;883;0,037037037037037037037
2385;970;0,074074074074074074074
2385;1122;0,037037037037037037037
2385;2779;0,074074074074074074074
2385;2780;0,037037037037037037037
2385;2998;0,037037037037037037037
2385;3269;0,037037037037037037037
2385;4525;0,037037037037037037037
2385;4765;0,037037037037037037037
2385;5437;0,074074074074074074074
2385;5441;0,037037037037037037037
2385;5442;0,037037037037037037037
2385;5629;0,074074074074074074074
2385;5632;0,074074074074074074074
2385;6213;0,037037037037037037037
2385;9412;0,037037037037037037037
2390;101;1,000000000000000000000
2398;122;0,333333333333333333333
2398;1196;0,333333333333333333333
2398;1710;0,333333333333333333333
2419;356;0,285714285714285714285
2419;1220;0,142857142857142857142
2419;2422;0,142857142857142857142
2419;13850;0,142857142857142857142
2419;27478;0,285714285714285714285
2421;8870;1,000000000000000000000
2422;2275;0,040000000000000000000
2422;2419;0,040000000000000000000
2422;2424;0,040000000000000000000
2422;5782;0,040000000000000000000
2422;6068;0,040000000000000000000
2422;6419;0,040000000000000000000
2422;6630;0,040000000000000000000
2422;6881;0,040000000000000000000
2422;9068;0,040000000000000000000
2422;13850;0,080000000000000000000
2422;15222;0,040000000000000000000
2422;15686;0,040000000000000000000
2422;16497;0,040000000000000000000
2422;20307;0,040000000000000000000
2422;27062;0,080000000000000000000
2422;27063;0,040000000000000000000
2422;27065;0,040000000000000000000
2422;27066;0,040000000000000000000
2422;27067;0,040000000000000000000
2422;28184;0,040000000000000000000
2422;108876;0,040000000000000000000
2422;377520;0,040000000000000000000
2422;387438;0,040000000000000000000
2423;10103;1,000000000000000000000
2425;1042;1,000000000000000000000
2427;1498;1,000000000000000000000
2433;1434;0,166666666666666666666
2433;2778;0,166666666666666666666
2433;3212;0,166666666666666666666
2433;6461;0,166666666666666666666
2433;11734;0,166666666666666666666
2433;13642;0,166666666666666666666
2434;621;1,000000000000000000000
2438;2337;0,200000000000000000000
2438;3071;0,666666666666666666666
2438;6694;0,066666666666666666666
2438;9114;0,066666666666666666666
2445;527;0,363636363636363636363
2445;1942;0,090909090909090909090
2445;2972;0,045454545454545454545
2445;3235;0,090909090909090909090
2445;3802;0,318181818181818181818
2445;9468;0,045454545454545454545
2445;366089;0,045454545454545454545
2461;96;0,714285714285714285714
2461;3753;0,142857142857142857142
2461;3857;0,142857142857142857142
2464;1034;0,133333333333333333333
2464;1820;0,133333333333333333333
2464;2293;0,066666666666666666666
2464;3528;0,133333333333333333333
2464;4359;0,066666666666666666666
2464;5824;0,266666666666666666666
2464;6027;0,066666666666666666666
2464;8489;0,066666666666666666666
2464;336063;0,066666666666666666666
2467;898;0,142857142857142857142
2467;1178;0,142857142857142857142
2467;3962;0,285714285714285714285
2467;5125;0,142857142857142857142
2467;17278;0,142857142857142857142
2467;17280;0,142857142857142857142
2469;211;1,000000000000000000000
2470;174;0,142857142857142857142
2470;232;0,142857142857142857142
2470;437;0,142857142857142857142
2470;1567;0,285714285714285714285
2470;5601;0,142857142857142857142
2470;21750;0,142857142857142857142
2479;644;0,125000000000000000000
2479;3852;0,250000000000000000000
2479;3996;0,250000000000000000000
2479;9968;0,125000000000000000000
2479;408487;0,250000000000000000000
2484;1010;0,142857142857142857142
2484;2001;0,142857142857142857142
2484;3551;0,142857142857142857142
2484;5635;0,142857142857142857142
2484;6372;0,142857142857142857142
2484;8229;0,142857142857142857142
2484;14050;0,142857142857142857142
2487;57;0,250000000000000000000
2487;4729;0,500000000000000000000
2487;5659;0,250000000000000000000
2489;558;0,250000000000000000000
2489;1162;0,250000000000000000000
2489;2863;0,250000000000000000000
2489;15643;0,250000000000000000000
2492;1122;0,285714285714285714285
2492;2027;0,142857142857142857142
2492;2059;0,142857142857142857142
2492;2150;0,142857142857142857142
2492;4755;0,142857142857142857142
2492;25849;0,142857142857142857142
2494;3178;0,500000000000000000000
2494;119973;0,500000000000000000000
2498;5163;0,666666666666666666666
2498;6250;0,333333333333333333333
2504;1109;0,062500000000000000000
2504;1625;0,062500000000000000000
2504;2070;0,062500000000000000000
2504;2216;0,062500000000000000000
2504;2271;0,125000000000000000000
2504;3998;0,062500000000000000000
2504;8143;0,125000000000000000000
2504;9381;0,062500000000000000000
2504;12394;0,062500000000000000000
2504;13265;0,187500000000000000000
2504;27790;0,062500000000000000000
2504;512736;0,062500000000000000000
2506;1697;0,142857142857142857142
2506;1698;0,071428571428571428571
2506;1708;0,071428571428571428571
2506;3359;0,071428571428571428571
2506;3418;0,142857142857142857142
2506;5753;0,071428571428571428571
2506;8580;0,285714285714285714285
2506;21331;0,071428571428571428571
2506;752863;0,071428571428571428571
2509;1457;1,000000000000000000000
2515;285;0,125000000000000000000
2515;861;0,062500000000000000000
2515;980;0,062500000000000000000
2515;1591;0,062500000000000000000
2515;2139;0,062500000000000000000
2515;2714;0,375000000000000000000
2515;3045;0,062500000000000000000
2515;219132;0,062500000000000000000
2515;281170;0,062500000000000000000
2515;349041;0,062500000000000000000
2516;502;1,000000000000000000000
2517;502;1,000000000000000000000
2518;219;0,181818181818181818181
2518;324;0,090909090909090909090
2518;502;0,181818181818181818181
2518;668;0,090909090909090909090
2518;1131;0,090909090909090909090
2518;2516;0,181818181818181818181
2518;3443;0,090909090909090909090
2518;4435;0,090909090909090909090
2520;12762;1,000000000000000000000
2543;4938;0,333333333333333333333
2543;8306;0,333333333333333333333
2543;245879;0,333333333333333333333
2544;13899;1,000000000000000000000
2549;1284;1,000000000000000000000
2551;381254;0,750000000000000000000
2551;589508;0,250000000000000000000
2554;2470;0,142857142857142857142
2554;2555;0,142857142857142857142
2554;3446;0,142857142857142857142
2554;3876;0,142857142857142857142
2554;5092;0,142857142857142857142
2554;5611;0,142857142857142857142
2554;9352;0,142857142857142857142
2559;464;0,166666666666666666666
2559;1085;0,166666666666666666666
2559;2591;0,166666666666666666666
2559;5061;0,333333333333333333333
2559;12936;0,166666666666666666666
2561;184646;1,000000000000000000000
2569;113;0,038461538461538461538
2569;395;0,038461538461538461538
2569;407;0,038461538461538461538
2569;411;0,038461538461538461538
2569;412;0,076923076923076923076
2569;415;0,038461538461538461538
2569;1340;0,038461538461538461538
2569;1425;0,038461538461538461538
2569;2005;0,038461538461538461538
2569;2137;0,076923076923076923076
2569;3176;0,038461538461538461538
2569;3317;0,038461538461538461538
2569;3779;0,038461538461538461538
2569;7975;0,038461538461538461538
2569;8109;0,038461538461538461538
2569;8223;0,038461538461538461538
2569;9098;0,038461538461538461538
2569;11138;0,038461538461538461538
2569;11235;0,038461538461538461538
2569;14528;0,038461538461538461538
2569;17264;0,038461538461538461538
2569;28408;0,038461538461538461538
2569;28505;0,038461538461538461538
2569;119973;0,038461538461538461538
2576;38;0,333333333333333333333
2576;148;0,333333333333333333333
2576;3825;0,333333333333333333333
2578;2779;0,500000000000000000000
2578;6413;0,500000000000000000000
2585;3779;1,000000000000000000000
2586;528;0,250000000000000000000
2586;1180;0,250000000000000000000
2586;2147;0,250000000000000000000
2586;2271;0,250000000000000000000
2591;978;0,181818181818181818181
2591;1085;0,090909090909090909090
2591;2080;0,090909090909090909090
2591;3610;0,090909090909090909090
2591;5061;0,181818181818181818181
2591;15302;0,090909090909090909090
2591;29376;0,181818181818181818181
2591;440497;0,090909090909090909090
2594;108;0,500000000000000000000
2594;1340;0,500000000000000000000
2596;527;0,500000000000000000000
2596;6892;0,500000000000000000000
2600;3256;1,000000000000000000000
2644;960;0,500000000000000000000
2644;4281;0,500000000000000000000
2647;13074;1,000000000000000000000
2652;5005;0,500000000000000000000
2652;759294;0,500000000000000000000
2655;284;0,142857142857142857142
2655;2379;0,285714285714285714285
2655;2714;0,142857142857142857142
2655;3459;0,142857142857142857142
2655;4117;0,142857142857142857142
2655;4376;0,142857142857142857142
2657;266;0,125000000000000000000
2657;652;0,062500000000000000000
2657;851;0,125000000000000000000
2657;1705;0,062500000000000000000
2657;1897;0,062500000000000000000
2657;1942;0,062500000000000000000
2657;2825;0,062500000000000000000
2657;4355;0,062500000000000000000
2657;5329;0,062500000000000000000
2657;5918;0,062500000000000000000
2657;6502;0,125000000000000000000
2657;9468;0,062500000000000000000
2657;374246;0,062500000000000000000
2661;678;0,177777777777777777777
2661;1149;0,022222222222222222222
2661;1237;0,044444444444444444444
2661;1567;0,022222222222222222222
2661;1889;0,177777777777777777777
2661;2684;0,022222222222222222222
2661;2713;0,044444444444444444444
2661;2714;0,022222222222222222222
2661;3234;0,066666666666666666666
2661;3873;0,022222222222222222222
2661;7160;0,377777777777777777777
2664;17208;1,000000000000000000000
2678;148;0,071428571428571428571
2678;288;0,071428571428571428571
2678;290;0,071428571428571428571
2678;2371;0,071428571428571428571
2678;3551;0,071428571428571428571
2678;3618;0,142857142857142857142
2678;4091;0,071428571428571428571
2678;4794;0,071428571428571428571
2678;5800;0,071428571428571428571
2678;7648;0,071428571428571428571
2678;8268;0,071428571428571428571
2678;9376;0,142857142857142857142
2679;2678;1,000000000000000000000
2684;113;0,040816326530612244897
2684;135;0,020408163265306122448
2684;199;0,020408163265306122448
2684;249;0,020408163265306122448
2684;281;0,020408163265306122448
2684;302;0,020408163265306122448
2684;332;0,020408163265306122448
2684;396;0,020408163265306122448
2684;678;0,020408163265306122448
2684;749;0,020408163265306122448
2684;891;0,020408163265306122448
2684;980;0,102040816326530612244
2684;1064;0,020408163265306122448
2684;1065;0,020408163265306122448
2684;1122;0,020408163265306122448
2684;1169;0,020408163265306122448
2684;1234;0,040816326530612244897
2684;1237;0,040816326530612244897
2684;1544;0,020408163265306122448
2684;1591;0,040816326530612244897
2684;1889;0,020408163265306122448
2684;1931;0,081632653061224489795
2684;2111;0,061224489795918367346
2684;2184;0,040816326530612244897
2684;2661;0,040816326530612244897
2684;3098;0,020408163265306122448
2684;3619;0,061224489795918367346
2684;8228;0,020408163265306122448
2684;10188;0,040816326530612244897
2684;17248;0,020408163265306122448
2684;366089;0,020408163265306122448
2697;622;0,200000000000000000000
2697;1066;0,200000000000000000000
2697;1121;0,100000000000000000000
2697;2147;0,100000000000000000000
2697;2786;0,100000000000000000000
2697;3085;0,100000000000000000000
2697;4147;0,100000000000000000000
2697;189452;0,100000000000000000000
2704;1210;0,500000000000000000000
2704;7577;0,500000000000000000000
2706;3381;1,000000000000000000000
2712;1164;0,200000000000000000000
2712;1637;0,600000000000000000000
2712;3518;0,133333333333333333333
2712;38738;0,066666666666666666666
2713;530;0,166666666666666666666
2713;1591;0,166666666666666666666
2713;2379;0,500000000000000000000
2713;2714;0,166666666666666666666
2714;248;0,027397260273972602739
2714;279;0,013698630136986301369
2714;873;0,013698630136986301369
2714;1515;0,013698630136986301369
2714;1591;0,013698630136986301369
2714;1814;0,068493150684931506849
2714;1827;0,013698630136986301369
2714;2293;0,013698630136986301369
2714;2379;0,493150684931506849315
2714;2515;0,068493150684931506849
2714;2661;0,013698630136986301369
2714;2713;0,013698630136986301369
2714;3045;0,013698630136986301369
2714;3234;0,095890410958904109589
2714;3459;0,013698630136986301369
2714;3871;0,013698630136986301369
2714;4117;0,013698630136986301369
2714;4592;0,054794520547945205479
2714;6008;0,013698630136986301369
2714;7160;0,013698630136986301369
2734;978;1,000000000000000000000
2737;2739;1,000000000000000000000
2739;2736;0,500000000000000000000
2739;2737;0,500000000000000000000
2741;283;0,250000000000000000000
2741;472;0,125000000000000000000
2741;625;0,125000000000000000000
2741;1034;0,125000000000000000000
2741;5158;0,125000000000000000000
2741;10020;0,250000000000000000000
2756;5155;0,500000000000000000000
2756;8489;0,500000000000000000000
2778;1877;0,500000000000000000000
2778;3212;0,250000000000000000000
2778;11656;0,250000000000000000000
2779;524;0,333333333333333333333
2779;2385;0,166666666666666666666
2779;2578;0,333333333333333333333
2779;7759;0,166666666666666666666
2786;965;0,200000000000000000000
2786;1066;0,066666666666666666666
2786;2147;0,400000000000000000000
2786;2200;0,066666666666666666666
2786;2697;0,200000000000000000000
2786;5459;0,066666666666666666666
2792;54;0,250000000000000000000
2792;320;0,500000000000000000000
2792;8912;0,250000000000000000000
2796;181;0,333333333333333333333
2796;972;0,333333333333333333333
2796;8363;0,333333333333333333333
2800;2421;0,500000000000000000000
2800;13158;0,500000000000000000000
2802;71;0,200000000000000000000
2802;1731;0,200000000000000000000
2802;3996;0,400000000000000000000
2802;4159;0,200000000000000000000
2803;16;0,012096774193548387096
2803;57;0,012096774193548387096
2803;71;0,012096774193548387096
2803;82;0,012096774193548387096
2803;89;0,012096774193548387096
2803;129;0,012096774193548387096
2803;234;0,012096774193548387096
2803;309;0,008064516129032258064
2803;369;0,012096774193548387096
2803;644;0,012096774193548387096
2803;645;0,012096774193548387096
2803;827;0,012096774193548387096
2803;835;0,012096774193548387096
2803;890;0,012096774193548387096
2803;1022;0,012096774193548387096
2803;1040;0,012096774193548387096
2803;1143;0,012096774193548387096
2803;1152;0,012096774193548387096
2803;1231;0,012096774193548387096
2803;1276;0,012096774193548387096
2803;1612;0,012096774193548387096
2803;1657;0,012096774193548387096
2803;1948;0,012096774193548387096
2803;2109;0,012096774193548387096
2803;2355;0,012096774193548387096
2803;2414;0,012096774193548387096
2803;2479;0,012096774193548387096
2803;2487;0,012096774193548387096
2803;2736;0,012096774193548387096
2803;2739;0,012096774193548387096
2803;2802;0,012096774193548387096
2803;3098;0,012096774193548387096
2803;3123;0,012096774193548387096
2803;3128;0,012096774193548387096
2803;3141;0,012096774193548387096
2803;3145;0,012096774193548387096
2803;3237;0,012096774193548387096
2803;3399;0,012096774193548387096
2803;3574;0,012096774193548387096
2803;3852;0,012096774193548387096
2803;3953;0,012096774193548387096
2803;3967;0,012096774193548387096
2803;3996;0,012096774193548387096
2803;4024;0,012096774193548387096
2803;4159;0,012096774193548387096
2803;4160;0,012096774193548387096
2803;4306;0,012096774193548387096
2803;4501;0,012096774193548387096
2803;4695;0,012096774193548387096
2803;4853;0,012096774193548387096
2803;5136;0,012096774193548387096
2803;5306;0,012096774193548387096
2803;5338;0,012096774193548387096
2803;5607;0,012096774193548387096
2803;6045;0,012096774193548387096
2803;6495;0,012096774193548387096
2803;6496;0,012096774193548387096
2803;6497;0,012096774193548387096
2803;6498;0,012096774193548387096
2803;6499;0,012096774193548387096
2803;6501;0,012096774193548387096
2803;6502;0,012096774193548387096
2803;6503;0,012096774193548387096
2803;6504;0,012096774193548387096
2803;6505;0,012096774193548387096
2803;6506;0,012096774193548387096
2803;6509;0,012096774193548387096
2803;6511;0,012096774193548387096
2803;6512;0,012096774193548387096
2803;6513;0,012096774193548387096
2803;6514;0,012096774193548387096
2803;6515;0,012096774193548387096
2803;6517;0,012096774193548387096
2803;6518;0,012096774193548387096
2803;6520;0,012096774193548387096
2803;6523;0,012096774193548387096
2803;6524;0,012096774193548387096
2803;6527;0,012096774193548387096
2803;7686;0,012096774193548387096
2803;8238;0,012096774193548387096
2803;93146;0,012096774193548387096
2803;140271;0,012096774193548387096
2803;743544;0,012096774193548387096
2825;851;0,058823529411764705882
2825;1035;0,294117647058823529411
2825;2657;0,117647058823529411764
2825;2826;0,117647058823529411764
2825;3704;0,058823529411764705882
2825;4765;0,058823529411764705882
2825;5363;0,058823529411764705882
2825;5445;0,058823529411764705882
2825;5557;0,058823529411764705882
2825;5921;0,058823529411764705882
2825;8525;0,058823529411764705882
2826;2825;0,500000000000000000000
2826;7874;0,500000000000000000000
2828;7994;1,000000000000000000000
2830;242;1,000000000000000000000
2832;866;0,500000000000000000000
2832;977;0,500000000000000000000
2834;302;0,100000000000000000000
2834;660;0,200000000000000000000
2834;846;0,100000000000000000000
2834;4359;0,100000000000000000000
2834;7080;0,100000000000000000000
2834;8910;0,100000000000000000000
2834;9150;0,100000000000000000000
2834;157662;0,200000000000000000000
2838;2884;0,666666666666666666666
2838;9468;0,333333333333333333333
2850;135;0,333333333333333333333
2850;3911;0,333333333333333333333
2850;5329;0,333333333333333333333
2853;8489;1,000000000000000000000
2865;1100;0,500000000000000000000
2865;5054;0,500000000000000000000
2877;7975;0,333333333333333333333
2877;28029;0,666666666666666666666
2884;2278;0,166666666666666666666
2884;2838;0,333333333333333333333
2884;4377;0,166666666666666666666
2884;8062;0,166666666666666666666
2884;11415;0,166666666666666666666
2893;2421;1,000000000000000000000
2897;1092;1,000000000000000000000
2950;13537;1,000000000000000000000
2961;411;1,000000000000000000000
2972;849;0,250000000000000000000
2972;1117;0,250000000000000000000
2972;1316;0,250000000000000000000
2972;125861;0,250000000000000000000
2990;285;0,181818181818181818181
2990;1967;0,090909090909090909090
2990;2472;0,181818181818181818181
2990;3393;0,181818181818181818181
2990;3838;0,181818181818181818181
2990;6723;0,181818181818181818181
2991;3359;1,000000000000000000000
2993;189452;1,000000000000000000000
2998;1942;0,333333333333333333333
2998;2385;0,166666666666666666666
2998;6213;0,166666666666666666666
2998;13265;0,166666666666666666666
2998;151009;0,166666666666666666666
3007;420;0,250000000000000000000
3007;600;0,500000000000000000000
3007;17678;0,250000000000000000000
3015;2704;0,500000000000000000000
3015;233872;0,500000000000000000000
3029;334;0,444444444444444444444
3029;641;0,111111111111111111111
3029;1963;0,222222222222222222222
3029;3557;0,111111111111111111111
3029;4215;0,111111111111111111111
3033;45;0,250000000000000000000
3033;61;0,125000000000000000000
3033;1866;0,125000000000000000000
3033;3905;0,250000000000000000000
3033;8000;0,250000000000000000000
3040;855;0,500000000000000000000
3040;5016;0,500000000000000000000
3045;249;0,083333333333333333333
3045;268;0,083333333333333333333
3045;861;0,333333333333333333333
3045;1142;0,083333333333333333333
3045;2515;0,083333333333333333333
3045;2714;0,166666666666666666666
3045;3103;0,083333333333333333333
3045;4376;0,083333333333333333333
3049;313;0,333333333333333333333
3049;8957;0,333333333333333333333
3049;21502;0,333333333333333333333
3071;2337;0,500000000000000000000
3071;2438;0,500000000000000000000
3085;960;0,117647058823529411764
3085;1401;0,058823529411764705882
3085;2147;0,039215686274509803921
3085;2697;0,098039215686274509803
3085;4146;0,117647058823529411764
3085;4147;0,098039215686274509803
3085;5367;0,137254901960784313725
3085;5691;0,058823529411764705882
3085;9356;0,137254901960784313725
3085;10658;0,078431372549019607843
3085;14899;0,058823529411764705882
3087;1824;1,000000000000000000000
3091;2198;0,500000000000000000000
3091;5061;0,500000000000000000000
3096;74;0,250000000000000000000
3096;1085;0,125000000000000000000
3096;1503;0,125000000000000000000
3096;1827;0,125000000000000000000
3096;4179;0,125000000000000000000
3096;12936;0,250000000000000000000
3098;3123;0,500000000000000000000
3098;13074;0,500000000000000000000
3099;423;1,000000000000000000000
3103;540;0,333333333333333333333
3103;1710;0,166666666666666666666
3103;6723;0,333333333333333333333
3103;245879;0,166666666666666666666
3104;5212;1,000000000000000000000
3105;119;0,333333333333333333333
3105;485;0,333333333333333333333
3105;1265;0,333333333333333333333
3118;2549;0,500000000000000000000
3118;3340;0,500000000000000000000
3123;71;0,028571428571428571428
3123;189;0,028571428571428571428
3123;309;0,028571428571428571428
3123;558;0,028571428571428571428
3123;644;0,028571428571428571428
3123;1022;0,028571428571428571428
3123;1152;0,057142857142857142857
3123;1276;0,028571428571428571428
3123;2414;0,028571428571428571428
3123;2736;0,028571428571428571428
3123;3098;0,057142857142857142857
3123;3141;0,057142857142857142857
3123;3852;0,028571428571428571428
3123;4159;0,085714285714285714285
3123;4501;0,028571428571428571428
3123;5136;0,057142857142857142857
3123;5306;0,028571428571428571428
3123;5338;0,028571428571428571428
3123;5659;0,028571428571428571428
3123;6496;0,085714285714285714285
3123;6497;0,057142857142857142857
3123;6514;0,028571428571428571428
3123;6515;0,028571428571428571428
3123;6517;0,028571428571428571428
3123;6523;0,028571428571428571428
3123;41776;0,028571428571428571428
3141;1231;0,200000000000000000000
3141;2736;0,266666666666666666666
3141;3123;0,133333333333333333333
3141;3142;0,133333333333333333333
3141;3996;0,066666666666666666666
3141;333343;0,200000000000000000000
3142;2823;0,333333333333333333333
3142;4281;0,166666666666666666666
3142;9807;0,166666666666666666666
3142;14465;0,333333333333333333333
3143;365;0,083333333333333333333
3143;703;0,166666666666666666666
3143;1280;0,125000000000000000000
3143;2190;0,041666666666666666666
3143;2362;0,083333333333333333333
3143;3966;0,083333333333333333333
3143;6250;0,041666666666666666666
3143;6800;0,083333333333333333333
3143;7416;0,083333333333333333333
3143;9194;0,083333333333333333333
3143;9195;0,083333333333333333333
3143;14069;0,041666666666666666666
3145;979;0,222222222222222222222
3145;995;0,222222222222222222222
3145;2736;0,444444444444444444444
3145;7886;0,111111111111111111111
3158;1290;0,333333333333333333333
3158;2223;0,333333333333333333333
3158;353698;0,333333333333333333333
3164;4101;1,000000000000000000000
3169;4991;0,666666666666666666666
3169;6929;0,333333333333333333333
3176;2467;0,100000000000000000000
3176;2569;0,050000000000000000000
3176;3962;0,050000000000000000000
3176;3986;0,250000000000000000000
3176;7906;0,050000000000000000000
3176;16845;0,050000000000000000000
3176;17280;0,250000000000000000000
3176;17281;0,050000000000000000000
3176;31885;0,050000000000000000000
3176;119973;0,100000000000000000000
3178;1425;0,200000000000000000000
3178;2494;0,100000000000000000000
3178;2877;0,300000000000000000000
3178;3197;0,200000000000000000000
3178;4145;0,200000000000000000000
3180;21396;0,250000000000000000000
3180;26786;0,750000000000000000000
3182;48;0,153846153846153846153
3182;3265;0,153846153846153846153
3182;3728;0,230769230769230769230
3182;8106;0,153846153846153846153
3182;239964;0,307692307692307692307
3188;1236;1,000000000000000000000
3189;4020;1,000000000000000000000
3203;7135;1,000000000000000000000
3212;4;0,013698630136986301369
3212;37;0,013698630136986301369
3212;38;0,013698630136986301369
3212;189;0,013698630136986301369
3212;296;0,041095890410958904109
3212;568;0,013698630136986301369
3212;609;0,013698630136986301369
3212;864;0,041095890410958904109
3212;891;0,013698630136986301369
3212;1082;0,013698630136986301369
3212;1083;0,013698630136986301369
3212;1434;0,013698630136986301369
3212;1724;0,013698630136986301369
3212;1768;0,013698630136986301369
3212;1840;0,013698630136986301369
3212;1854;0,013698630136986301369
3212;1892;0,013698630136986301369
3212;2371;0,027397260273972602739
3212;2433;0,013698630136986301369
3212;2543;0,013698630136986301369
3212;2544;0,013698630136986301369
3212;2778;0,013698630136986301369
3212;3278;0,013698630136986301369
3212;3518;0,013698630136986301369
3212;3980;0,013698630136986301369
3212;4100;0,013698630136986301369
3212;4372;0,013698630136986301369
3212;4374;0,013698630136986301369
3212;4522;0,013698630136986301369
3212;4576;0,027397260273972602739
3212;4629;0,027397260273972602739
3212;5481;0,013698630136986301369
3212;6461;0,013698630136986301369
3212;6701;0,027397260273972602739
3212;7215;0,013698630136986301369
3212;7521;0,013698630136986301369
3212;7648;0,027397260273972602739
3212;7756;0,013698630136986301369
3212;9707;0,013698630136986301369
3212;10255;0,013698630136986301369
3212;11004;0,013698630136986301369
3212;11656;0,013698630136986301369
3212;11695;0,013698630136986301369
3212;11734;0,013698630136986301369
3212;12755;0,013698630136986301369
3212;13141;0,013698630136986301369
3212;13452;0,013698630136986301369
3212;13642;0,013698630136986301369
3212;13899;0,013698630136986301369
3212;17678;0,013698630136986301369
3212;18622;0,013698630136986301369
3212;19402;0,013698630136986301369
3212;22575;0,013698630136986301369
3212;23775;0,013698630136986301369
3212;28615;0,013698630136986301369
3212;28624;0,013698630136986301369
3212;28625;0,013698630136986301369
3212;28627;0,013698630136986301369
3212;28628;0,013698630136986301369
3212;28629;0,013698630136986301369
3212;28631;0,013698630136986301369
3212;28640;0,013698630136986301369
3212;28647;0,013698630136986301369
3212;28648;0,013698630136986301369
3214;5168;1,000000000000000000000
3222;428;0,333333333333333333333
3222;1092;0,666666666666666666666
3223;351;0,333333333333333333333
3223;54879;0,666666666666666666666
3235;198;0,333333333333333333333
3235;1942;0,333333333333333333333
3235;2117;0,333333333333333333333
3241;13;1,000000000000000000000
3251;1096;0,333333333333333333333
3251;1225;0,333333333333333333333
3251;10892;0,333333333333333333333
3256;488;0,050000000000000000000
3256;567;0,100000000000000000000
3256;738;0,100000000000000000000
3256;1589;0,100000000000000000000
3256;1600;0,150000000000000000000
3256;2512;0,050000000000000000000
3256;9721;0,200000000000000000000
3256;81163;0,050000000000000000000
3256;189452;0,050000000000000000000
3256;276963;0,050000000000000000000
3256;328526;0,050000000000000000000
3256;343424;0,050000000000000000000
3265;48;0,142857142857142857142
3265;3182;0,142857142857142857142
3265;3728;0,142857142857142857142
3265;8106;0,428571428571428571428
3265;239964;0,142857142857142857142
3269;2385;0,333333333333333333333
3269;6316;0,333333333333333333333
3269;9406;0,333333333333333333333
3293;8928;1,000000000000000000000
3296;192;0,285714285714285714285
3296;5214;0,714285714285714285714
3301;1910;0,500000000000000000000
3301;8826;0,500000000000000000000
3306;4434;1,000000000000000000000
3315;437;0,500000000000000000000
3315;1561;0,500000000000000000000
3318;275;0,071428571428571428571
3318;349;0,071428571428571428571
3318;826;0,071428571428571428571
3318;3417;0,071428571428571428571
3318;3962;0,142857142857142857142
3318;7095;0,071428571428571428571
3318;8750;0,142857142857142857142
3318;9288;0,142857142857142857142
3318;12664;0,071428571428571428571
3318;17207;0,071428571428571428571
3318;184987;0,071428571428571428571
3325;1234;0,500000000000000000000
3325;12098;0,500000000000000000000
3328;5632;1,000000000000000000000
3340;115;0,012658227848101265822
3340;371;0,037974683544303797468
3340;468;0,037974683544303797468
3340;588;0,037974683544303797468
3340;952;0,037974683544303797468
3340;1284;0,037974683544303797468
3340;1949;0,012658227848101265822
3340;2128;0,025316455696202531645
3340;2129;0,012658227848101265822
3340;2335;0,050632911392405063291
3340;2408;0,025316455696202531645
3340;2549;0,037974683544303797468
3340;2647;0,037974683544303797468
3340;2794;0,012658227848101265822
3340;2804;0,025316455696202531645
3340;3118;0,037974683544303797468
3340;3170;0,037974683544303797468
3340;3180;0,037974683544303797468
3340;3341;0,025316455696202531645
3340;3342;0,025316455696202531645
3340;3343;0,025316455696202531645
3340;3345;0,050632911392405063291
3340;3346;0,025316455696202531645
3340;3347;0,025316455696202531645
3340;3348;0,037974683544303797468
3340;3349;0,037974683544303797468
3340;3350;0,050632911392405063291
3340;5232;0,025316455696202531645
3340;7367;0,025316455696202531645
3340;26786;0,012658227848101265822
3340;189452;0,012658227848101265822
3340;336063;0,063291139240506329113
3342;952;1,000000000000000000000
3344;2731;1,000000000000000000000
3345;336063;1,000000000000000000000
3348;3340;1,000000000000000000000
3350;3340;1,000000000000000000000
3356;1286;0,500000000000000000000
3356;3355;0,500000000000000000000
3359;1321;0,050000000000000000000
3359;1708;0,050000000000000000000
3359;2195;0,150000000000000000000
3359;2506;0,150000000000000000000
3359;2991;0,050000000000000000000
3359;5753;0,250000000000000000000
3359;10093;0,100000000000000000000
3359;140271;0,050000000000000000000
3359;747808;0,150000000000000000000
3360;4794;1,000000000000000000000
3362;119973;1,000000000000000000000
3370;853;1,000000000000000000000
3392;2087;1,000000000000000000000
3393;285;0,083333333333333333333
3393;845;0,027777777777777777777
3393;1085;0,027777777777777777777
3393;1180;0,027777777777777777777
3393;1234;0,055555555555555555555
3393;1235;0,111111111111111111111
3393;1262;0,027777777777777777777
3393;1276;0,027777777777777777777
3393;1556;0,027777777777777777777
3393;1967;0,055555555555555555555
3393;2330;0,055555555555555555555
3393;2472;0,083333333333333333333
3393;2990;0,083333333333333333333
3393;3838;0,083333333333333333333
3393;6723;0,194444444444444444444
3393;8489;0,027777777777777777777
3394;425;0,200000000000000000000
3394;441;0,200000000000000000000
3394;3894;0,400000000000000000000
3394;27763;0,200000000000000000000
3395;517;0,181818181818181818181
3395;849;0,090909090909090909090
3395;1565;0,090909090909090909090
3395;5077;0,090909090909090909090
3395;5691;0,090909090909090909090
3395;7135;0,090909090909090909090
3395;10188;0,090909090909090909090
3395;20843;0,090909090909090909090
3395;116140;0,090909090909090909090
3395;431565;0,090909090909090909090
3401;6812;1,000000000000000000000
3403;887;0,500000000000000000000
3403;6624;0,250000000000000000000
3403;7780;0,250000000000000000000
3408;1765;0,333333333333333333333
3408;7975;0,333333333333333333333
3408;12664;0,333333333333333333333
3414;4262;0,785714285714285714285
3414;4491;0,071428571428571428571
3414;9434;0,142857142857142857142
3420;1439;0,038461538461538461538
3420;1637;0,038461538461538461538
3420;1831;0,038461538461538461538
3420;2080;0,038461538461538461538
3420;2112;0,038461538461538461538
3420;2838;0,038461538461538461538
3420;3091;0,038461538461538461538
3420;3161;0,038461538461538461538
3420;4476;0,038461538461538461538
3420;7711;0,153846153846153846153
3420;8512;0,038461538461538461538
3420;9356;0,038461538461538461538
3420;11138;0,038461538461538461538
3420;12938;0,038461538461538461538
3420;22298;0,038461538461538461538
3420;38738;0,115384615384615384615
3420;42210;0,038461538461538461538
3420;76428;0,038461538461538461538
3420;173893;0,076923076923076923076
3420;440497;0,038461538461538461538
3427;174;0,086956521739130434782
3427;232;0,043478260869565217391
3427;870;0,043478260869565217391
3427;1064;0,086956521739130434782
3427;1402;0,043478260869565217391
3427;1454;0,086956521739130434782
3427;1608;0,043478260869565217391
3427;1735;0,043478260869565217391
3427;2193;0,043478260869565217391
3427;2195;0,043478260869565217391
3427;3359;0,043478260869565217391
3427;4085;0,086956521739130434782
3427;4518;0,043478260869565217391
3427;8071;0,043478260869565217391
3427;8212;0,086956521739130434782
3427;156500;0,130434782608695652173
3431;9309;1,000000000000000000000
3433;1068;0,166666666666666666666
3433;1089;0,833333333333333333333
3436;1154;1,000000000000000000000
3443;668;0,333333333333333333333
3443;1131;0,333333333333333333333
3443;321395;0,333333333333333333333
3457;3458;0,500000000000000000000
3457;11330;0,500000000000000000000
3458;576;0,500000000000000000000
3458;12572;0,500000000000000000000
3465;407;0,111111111111111111111
3465;945;0,222222222222222222222
3465;1135;0,111111111111111111111
3465;3176;0,111111111111111111111
3465;7660;0,111111111111111111111
3465;8396;0,111111111111111111111
3465;13074;0,111111111111111111111
3465;184987;0,111111111111111111111
3473;275;0,125000000000000000000
3473;826;0,125000000000000000000
3473;2379;0,312500000000000000000
3473;2714;0,187500000000000000000
3473;3234;0,125000000000000000000
3473;216172;0,125000000000000000000
3476;389;1,000000000000000000000
3477;1218;1,000000000000000000000
3496;7;1,000000000000000000000
3499;576;1,000000000000000000000
3518;1637;0,666666666666666666666
3518;3212;0,333333333333333333333
3523;71;0,169491525423728813559
3523;194;0,050847457627118644067
3523;276;0,016949152542372881355
3523;360;0,016949152542372881355
3523;529;0,016949152542372881355
3523;662;0,016949152542372881355
3523;695;0,033898305084745762711
3523;1316;0,016949152542372881355
3523;1724;0,033898305084745762711
3523;1943;0,016949152542372881355
3523;2547;0,016949152542372881355
3523;3235;0,033898305084745762711
3523;4512;0,016949152542372881355
3523;4991;0,016949152542372881355
3523;12432;0,033898305084745762711
3523;12816;0,016949152542372881355
3523;41776;0,016949152542372881355
3523;59745;0,101694915254237288135
3523;63981;0,016949152542372881355
3523;78108;0,169491525423728813559
3523;98841;0,050847457627118644067
3523;366089;0,118644067796610169491
3528;1154;0,500000000000000000000
3528;2302;0,500000000000000000000
3551;609;0,400000000000000000000
3551;5800;0,200000000000000000000
3551;8268;0,200000000000000000000
3551;9376;0,200000000000000000000
3560;5125;1,000000000000000000000
3574;309;0,250000000000000000000
3574;1948;0,375000000000000000000
3574;4853;0,125000000000000000000
3574;5054;0,250000000000000000000
3575;18398;1,000000000000000000000
3585;3586;0,181818181818181818181
3585;5012;0,181818181818181818181
3585;7699;0,272727272727272727272
3585;8478;0,181818181818181818181
3585;248834;0,181818181818181818181
3586;5012;0,363636363636363636363
3586;7699;0,272727272727272727272
3586;8468;0,090909090909090909090
3586;8478;0,090909090909090909090
3586;248834;0,181818181818181818181
3587;1181;0,333333333333333333333
3587;3588;0,333333333333333333333
3587;6169;0,333333333333333333333
3588;525;0,187500000000000000000
3588;2648;0,062500000000000000000
3588;3587;0,125000000000000000000
3588;4219;0,187500000000000000000
3588;5651;0,125000000000000000000
3588;6169;0,312500000000000000000
3590;1181;1,000000000000000000000
3591;28;0,333333333333333333333
3591;192;0,333333333333333333333
3591;2272;0,333333333333333333333
3601;281170;1,000000000000000000000
3610;978;0,166666666666666666666
3610;1085;0,333333333333333333333
3610;2591;0,166666666666666666666
3610;8756;0,166666666666666666666
3610;15302;0,166666666666666666666
3618;2438;0,200000000000000000000
3618;2678;0,400000000000000000000
3618;3978;0,200000000000000000000
3618;6694;0,200000000000000000000
3619;2684;1,000000000000000000000
3625;80;0,100000000000000000000
3625;502;0,300000000000000000000
3625;668;0,100000000000000000000
3625;1131;0,100000000000000000000
3625;1248;0,100000000000000000000
3625;3443;0,100000000000000000000
3625;3515;0,100000000000000000000
3625;321395;0,100000000000000000000
3633;2293;1,000000000000000000000
3636;798;1,000000000000000000000
3647;5601;1,000000000000000000000
3648;5601;1,000000000000000000000
3665;5484;0,500000000000000000000
3665;256951;0,500000000000000000000
3667;3496;0,500000000000000000000
3667;7975;0,500000000000000000000
3671;869;0,500000000000000000000
3671;1116;0,500000000000000000000
3675;172;1,000000000000000000000
3680;4237;1,000000000000000000000
3685;1293;0,047619047619047619047
3685;2099;0,047619047619047619047
3685;2371;0,047619047619047619047
3685;2743;0,047619047619047619047
3685;5627;0,238095238095238095238
3685;8267;0,238095238095238095238
3685;8306;0,238095238095238095238
3685;15643;0,095238095238095238095
3697;1218;0,750000000000000000000
3697;3704;0,250000000000000000000
3731;288;0,250000000000000000000
3731;545;0,250000000000000000000
3731;3360;0,250000000000000000000
3731;4794;0,250000000000000000000
3738;521;0,090909090909090909090
3738;761;0,181818181818181818181
3738;1314;0,090909090909090909090
3738;1315;0,272727272727272727272
3738;2374;0,181818181818181818181
3738;5666;0,090909090909090909090
3738;7532;0,090909090909090909090
3747;2057;1,000000000000000000000
3753;96;0,200000000000000000000
3753;2461;0,400000000000000000000
3753;3857;0,200000000000000000000
3753;5578;0,200000000000000000000
3779;407;1,000000000000000000000
3791;39;0,333333333333333333333
3791;1092;0,333333333333333333333
3791;2897;0,333333333333333333333
3800;866;0,333333333333333333333
3800;4237;0,333333333333333333333
3800;7747;0,333333333333333333333
3802;727;0,052631578947368421052
3802;2445;0,157894736842105263157
3802;2657;0,052631578947368421052
3802;9468;0,578947368421052631578
3802;10188;0,052631578947368421052
3802;59745;0,105263157894736842105
3809;294;0,750000000000000000000
3809;1018;0,250000000000000000000
3811;527;0,250000000000000000000
3811;613;0,250000000000000000000
3811;7886;0,250000000000000000000
3811;9691;0,250000000000000000000
3823;46;1,000000000000000000000
3825;1220;0,200000000000000000000
3825;1822;0,200000000000000000000
3825;2576;0,400000000000000000000
3825;6130;0,200000000000000000000
3827;1313;0,500000000000000000000
3827;24098;0,500000000000000000000
3842;853;0,037037037037037037037
3842;1459;0,074074074074074074074
3842;5010;0,185185185185185185185
3842;5037;0,666666666666666666666
3842;12769;0,037037037037037037037
3852;2479;0,333333333333333333333
3852;3141;0,333333333333333333333
3852;3996;0,333333333333333333333
3857;96;0,250000000000000000000
3857;2461;0,250000000000000000000
3857;3753;0,250000000000000000000
3857;7886;0,250000000000000000000
3859;978;1,000000000000000000000
3864;10169;0,166666666666666666666
3864;309580;0,166666666666666666666
3864;325535;0,166666666666666666666
3864;327858;0,166666666666666666666
3864;343719;0,166666666666666666666
3864;353446;0,166666666666666666666
3867;1814;1,000000000000000000000
3871;2374;0,500000000000000000000
3871;2714;0,500000000000000000000
3872;980;1,000000000000000000000
3877;1588;1,000000000000000000000
3894;3394;1,000000000000000000000
3911;2850;1,000000000000000000000
3944;266;0,333333333333333333333
3944;1080;0,666666666666666666666
3962;3176;0,333333333333333333333
3962;3318;0,333333333333333333333
3962;8750;0,333333333333333333333
3968;4;0,333333333333333333333
3968;1877;0,333333333333333333333
3968;2433;0,333333333333333333333
3971;1563;0,066666666666666666666
3971;1632;0,066666666666666666666
3971;1686;0,133333333333333333333
3971;1692;0,133333333333333333333
3971;1694;0,466666666666666666666
3971;2976;0,066666666666666666666
3971;3049;0,066666666666666666666
3975;3575;0,500000000000000000000
3975;7630;0,500000000000000000000
3978;288;0,571428571428571428571
3978;2678;0,285714285714285714285
3978;119483;0,142857142857142857142
3980;4;1,000000000000000000000
3983;995;1,000000000000000000000
3991;5437;1,000000000000000000000
3992;1570;1,000000000000000000000
3996;1657;0,076923076923076923076
3996;2355;0,076923076923076923076
3996;2479;0,076923076923076923076
3996;2802;0,384615384615384615384
3996;3141;0,076923076923076923076
3996;3852;0,076923076923076923076
3996;5338;0,153846153846153846153
3996;6502;0,076923076923076923076
3998;190;0,200000000000000000000
3998;192;0,200000000000000000000
3998;877;0,200000000000000000000
3998;2504;0,200000000000000000000
3998;2825;0,200000000000000000000
4001;5635;1,000000000000000000000
4004;727;0,181818181818181818181
4004;899;0,090909090909090909090
4004;1307;0,272727272727272727272
4004;3235;0,090909090909090909090
4004;3763;0,181818181818181818181
4004;9468;0,181818181818181818181
4020;54;0,200000000000000000000
4020;1225;0,200000000000000000000
4020;2991;0,200000000000000000000
4020;3619;0,200000000000000000000
4020;29081;0,200000000000000000000
4021;477;1,000000000000000000000
4024;71;1,000000000000000000000
4052;420;0,250000000000000000000
4052;474028;0,750000000000000000000
4059;1196;0,333333333333333333333
4059;7886;0,666666666666666666666
4078;414;1,000000000000000000000
4080;4825;1,000000000000000000000
4086;2052;1,000000000000000000000
4089;244;0,333333333333333333333
4089;3250;0,333333333333333333333
4089;6267;0,166666666666666666666
4089;9088;0,166666666666666666666
4090;6892;0,250000000000000000000
4090;9360;0,750000000000000000000
4091;609;0,400000000000000000000
4091;1171;0,200000000000000000000
4091;3551;0,200000000000000000000
4091;8268;0,200000000000000000000
4100;4091;0,166666666666666666666
4100;7648;0,666666666666666666666
4100;13899;0,166666666666666666666
4101;1949;0,500000000000000000000
4101;3164;0,500000000000000000000
4102;7886;1,000000000000000000000
4108;520;0,083333333333333333333
4108;527;0,083333333333333333333
4108;613;0,166666666666666666666
4108;1182;0,083333333333333333333
4108;1588;0,083333333333333333333
4108;2596;0,083333333333333333333
4108;3811;0,083333333333333333333
4108;3877;0,083333333333333333333
4108;5093;0,083333333333333333333
4108;7572;0,083333333333333333333
4108;16076;0,083333333333333333333
4117;251;0,125000000000000000000
4117;1515;0,125000000000000000000
4117;2714;0,125000000000000000000
4117;3459;0,250000000000000000000
4117;4592;0,375000000000000000000
4132;27557;1,000000000000000000000
4145;80;0,010869565217391304347
4145;2175;0,293478260869565217391
4145;3178;0,010869565217391304347
4145;3197;0,021739130434782608695
4145;3408;0,010869565217391304347
4145;5852;0,021739130434782608695
4145;7072;0,021739130434782608695
4145;8373;0,021739130434782608695
4145;9288;0,010869565217391304347
4145;12664;0,010869565217391304347
4145;17207;0,010869565217391304347
4145;65998;0,271739130434782608695
4145;66075;0,271739130434782608695
4145;119973;0,010869565217391304347
4146;4271;0,136363636363636363636
4146;4414;0,227272727272727272727
4146;7747;0,181818181818181818181
4146;28250;0,227272727272727272727
4146;28264;0,227272727272727272727
4147;965;0,041666666666666666666
4147;2146;0,333333333333333333333
4147;2697;0,375000000000000000000
4147;3085;0,041666666666666666666
4147;533247;0,208333333333333333333
4148;447;0,461538461538461538461
4148;2731;0,076923076923076923076
4148;4699;0,230769230769230769230
4148;59841;0,230769230769230769230
4159;4501;1,000000000000000000000
4172;3471;1,000000000000000000000
4173;332;0,461538461538461538461
4173;531;0,153846153846153846153
4173;668;0,153846153846153846153
4173;754;0,153846153846153846153
4173;1391;0,076923076923076923076
4179;253;0,125000000000000000000
4179;841;0,250000000000000000000
4179;1503;0,250000000000000000000
4179;2559;0,125000000000000000000
4179;5061;0,125000000000000000000
4179;233872;0,125000000000000000000
4187;241;0,125000000000000000000
4187;455;0,250000000000000000000
4187;1499;0,375000000000000000000
4187;3234;0,125000000000000000000
4187;3872;0,125000000000000000000
4213;251;0,333333333333333333333
4213;1515;0,166666666666666666666
4213;2009;0,333333333333333333333
4213;4592;0,166666666666666666666
4215;742;0,200000000000000000000
4215;1963;0,400000000000000000000
4215;4621;0,200000000000000000000
4215;5597;0,200000000000000000000
4225;761;0,066666666666666666666
4225;793;0,066666666666666666666
4225;1182;0,066666666666666666666
4225;1227;0,200000000000000000000
4225;2306;0,200000000000000000000
4225;2374;0,066666666666666666666
4225;4622;0,066666666666666666666
4225;6048;0,066666666666666666666
4225;7886;0,066666666666666666666
4225;8460;0,066666666666666666666
4225;160268;0,066666666666666666666
4228;793;0,250000000000000000000
4228;1845;0,750000000000000000000
4237;1121;0,250000000000000000000
4237;2147;0,250000000000000000000
4237;3800;0,250000000000000000000
4237;7759;0,250000000000000000000
4240;8723;1,000000000000000000000
4245;1561;0,333333333333333333333
4245;1700;0,666666666666666666666
4262;3414;0,666666666666666666666
4262;4491;0,111111111111111111111
4262;9184;0,222222222222222222222
4268;2200;0,333333333333333333333
4268;3763;0,333333333333333333333
4268;7920;0,333333333333333333333
4269;4861;1,000000000000000000000
4271;1122;0,500000000000000000000
4271;3500;0,166666666666666666666
4271;5691;0,333333333333333333333
4278;538;0,500000000000000000000
4278;440509;0,500000000000000000000
4280;4281;1,000000000000000000000
4281;911;0,083333333333333333333
4281;960;0,083333333333333333333
4281;2150;0,083333333333333333333
4281;2644;0,083333333333333333333
4281;3142;0,083333333333333333333
4281;4280;0,166666666666666666666
4281;4715;0,083333333333333333333
4281;6581;0,083333333333333333333
4281;8500;0,083333333333333333333
4281;9389;0,083333333333333333333
4281;9409;0,083333333333333333333
4299;163;0,142857142857142857142
4299;3429;0,142857142857142857142
4299;4440;0,142857142857142857142
4299;4475;0,142857142857142857142
4299;8095;0,285714285714285714285
4299;10020;0,142857142857142857142
4307;527;0,187500000000000000000
4307;613;0,250000000000000000000
4307;3811;0,125000000000000000000
4307;4108;0,062500000000000000000
4307;4345;0,062500000000000000000
4307;5093;0,125000000000000000000
4307;9762;0,062500000000000000000
4307;17248;0,062500000000000000000
4307;724778;0,062500000000000000000
4313;249;0,142857142857142857142
4313;291;0,142857142857142857142
4313;695;0,285714285714285714285
4313;2009;0,142857142857142857142
4313;3459;0,142857142857142857142
4313;4213;0,142857142857142857142
4337;9330;1,000000000000000000000
4345;428;0,333333333333333333333
4345;613;0,333333333333333333333
4345;3811;0,333333333333333333333
4355;2484;0,250000000000000000000
4355;2586;0,250000000000000000000
4355;3891;0,250000000000000000000
4355;9468;0,250000000000000000000
4361;768;1,000000000000000000000
4364;7747;0,800000000000000000000
4364;8090;0,200000000000000000000
4376;251;0,043478260869565217391
4376;737;0,043478260869565217391
4376;912;0,043478260869565217391
4376;1448;0,086956521739130434782
4376;1520;0,043478260869565217391
4376;1741;0,043478260869565217391
4376;2398;0,043478260869565217391
4376;2472;0,043478260869565217391
4376;2655;0,086956521739130434782
4376;2661;0,043478260869565217391
4376;3701;0,043478260869565217391
4376;4117;0,043478260869565217391
4376;4592;0,043478260869565217391
4376;6008;0,043478260869565217391
4376;7160;0,043478260869565217391
4376;9258;0,043478260869565217391
4376;10018;0,043478260869565217391
4376;13676;0,043478260869565217391
4376;216172;0,043478260869565217391
4376;245879;0,043478260869565217391
4376;281170;0,043478260869565217391
4377;2884;1,000000000000000000000
4380;356;0,500000000000000000000
4380;866;0,500000000000000000000
4398;251;0,285714285714285714285
4398;2379;0,285714285714285714285
4398;4592;0,428571428571428571428
4421;1010;0,153846153846153846153
4421;1220;0,076923076923076923076
4421;2001;0,153846153846153846153
4421;2484;0,076923076923076923076
4421;3809;0,076923076923076923076
4421;4877;0,076923076923076923076
4421;5470;0,153846153846153846153
4421;5800;0,076923076923076923076
4421;14050;0,076923076923076923076
4421;424798;0,076923076923076923076
4431;3985;1,000000000000000000000
4432;4471;1,000000000000000000000
4434;1109;0,500000000000000000000
4434;3306;0,500000000000000000000
4435;267;0,333333333333333333333
4435;315;0,333333333333333333333
4435;990;0,333333333333333333333
4437;4299;1,000000000000000000000
4440;839;0,200000000000000000000
4440;1717;0,200000000000000000000
4440;4432;0,200000000000000000000
4440;4772;0,200000000000000000000
4440;8928;0,200000000000000000000
4453;1498;1,000000000000000000000
4471;839;0,250000000000000000000
4471;1717;0,250000000000000000000
4471;4432;0,500000000000000000000
4472;1498;0,666666666666666666666
4472;3230;0,333333333333333333333
4476;15302;1,000000000000000000000
4483;285;0,166666666666666666666
4483;453;0,166666666666666666666
4483;979;0,166666666666666666666
4483;2578;0,333333333333333333333
4483;6072;0,166666666666666666666
4486;2884;1,000000000000000000000
4491;3414;0,500000000000000000000
4491;4262;0,500000000000000000000
4497;5484;1,000000000000000000000
4498;658;1,000000000000000000000
4500;1780;1,000000000000000000000
4501;13074;1,000000000000000000000
4512;854;1,000000000000000000000
4518;437;0,105263157894736842105
4518;1563;0,052631578947368421052
4518;2367;0,684210526315789473684
4518;6940;0,052631578947368421052
4518;9951;0,052631578947368421052
4518;23886;0,052631578947368421052
4522;1083;0,333333333333333333333
4522;7648;0,333333333333333333333
4522;13899;0,333333333333333333333
4525;3748;1,000000000000000000000
4530;1316;0,500000000000000000000
4530;8163;0,500000000000000000000
4533;9385;1,000000000000000000000
4552;41;0,500000000000000000000
4552;1261;0,500000000000000000000
4553;472;0,142857142857142857142
4553;1154;0,428571428571428571428
4553;1981;0,142857142857142857142
4553;2302;0,142857142857142857142
4553;5383;0,142857142857142857142
4561;2272;1,000000000000000000000
4572;8489;1,000000000000000000000
4576;306;0,200000000000000000000
4576;3212;0,400000000000000000000
4576;11734;0,400000000000000000000
4578;162;1,000000000000000000000
4592;248;0,125000000000000000000
4592;251;0,050000000000000000000
4592;1513;0,025000000000000000000
4592;1515;0,050000000000000000000
4592;1591;0,025000000000000000000
4592;2379;0,300000000000000000000
4592;2714;0,075000000000000000000
4592;3234;0,025000000000000000000
4592;4117;0,125000000000000000000
4592;4213;0,050000000000000000000
4592;4398;0,050000000000000000000
4592;6008;0,025000000000000000000
4592;9258;0,075000000000000000000
4613;1754;0,750000000000000000000
4613;747808;0,250000000000000000000
4621;1785;0,200000000000000000000
4621;3557;0,200000000000000000000
4621;5177;0,400000000000000000000
4621;90666;0,200000000000000000000
4622;4225;1,000000000000000000000
4627;7975;1,000000000000000000000
4629;3212;1,000000000000000000000
4639;576;0,400000000000000000000
4639;1089;0,600000000000000000000
4681;1751;0,333333333333333333333
4681;608895;0,666666666666666666666
4692;4755;1,000000000000000000000
4695;645;0,500000000000000000000
4695;1231;0,500000000000000000000
4697;313;0,600000000000000000000
4697;934;0,200000000000000000000
4697;3418;0,200000000000000000000
4713;251;0,571428571428571428571
4713;284;0,142857142857142857142
4713;2742;0,142857142857142857142
4713;3459;0,142857142857142857142
4715;960;0,142857142857142857142
4715;2147;0,142857142857142857142
4715;4281;0,142857142857142857142
4715;7221;0,428571428571428571428
4715;9184;0,142857142857142857142
4722;615;1,000000000000000000000
4729;2487;1,000000000000000000000
4748;8633;1,000000000000000000000
4750;288;1,000000000000000000000
4755;4692;1,000000000000000000000
4772;1717;1,000000000000000000000
4786;1140;0,666666666666666666666
4786;119973;0,333333333333333333333
4787;284;1,000000000000000000000
4794;545;0,250000000000000000000
4794;3360;0,250000000000000000000
4794;3731;0,500000000000000000000
4821;17521;0,500000000000000000000
4821;21697;0,500000000000000000000
4825;237;1,000000000000000000000
4837;10613;1,000000000000000000000
4852;8590;1,000000000000000000000
4853;3574;1,000000000000000000000
4861;229;0,500000000000000000000
4861;4269;0,500000000000000000000
4874;6923;0,500000000000000000000
4874;9905;0,500000000000000000000
4877;347;1,000000000000000000000
4918;1073;0,083333333333333333333
4918;1157;0,083333333333333333333
4918;1985;0,083333333333333333333
4918;4919;0,083333333333333333333
4918;7209;0,250000000000000000000
4918;8164;0,083333333333333333333
4918;9513;0,166666666666666666666
4918;24601;0,166666666666666666666
4919;9651;0,666666666666666666666
4919;41776;0,333333333333333333333
4933;5856;1,000000000000000000000
4942;3975;1,000000000000000000000
4976;1002;0,142857142857142857142
4976;2499;0,142857142857142857142
4976;3347;0,142857142857142857142
4976;5016;0,142857142857142857142
4976;9376;0,142857142857142857142
4976;70862;0,142857142857142857142
4976;77678;0,142857142857142857142
4988;5077;1,000000000000000000000
5001;479;0,250000000000000000000
5001;1171;0,250000000000000000000
5001;6048;0,250000000000000000000
5001;8460;0,250000000000000000000
5016;45;0,011494252873563218390
5016;61;0,022988505747126436781
5016;66;0,022988505747126436781
5016;407;0,011494252873563218390
5016;622;0,011494252873563218390
5016;975;0,022988505747126436781
5016;999;0,022988505747126436781
5016;1002;0,022988505747126436781
5016;1012;0,022988505747126436781
5016;1016;0,022988505747126436781
5016;1020;0,045977011494252873563
5016;1077;0,022988505747126436781
5016;1180;0,022988505747126436781
5016;1556;0,045977011494252873563
5016;1756;0,022988505747126436781
5016;2499;0,022988505747126436781
5016;2642;0,011494252873563218390
5016;2746;0,011494252873563218390
5016;2791;0,022988505747126436781
5016;3033;0,022988505747126436781
5016;3040;0,011494252873563218390
5016;3188;0,011494252873563218390
5016;3585;0,022988505747126436781
5016;3586;0,022988505747126436781
5016;3827;0,022988505747126436781
5016;3905;0,022988505747126436781
5016;4292;0,022988505747126436781
5016;4976;0,022988505747126436781
5016;5012;0,034482758620689655172
5016;5626;0,011494252873563218390
5016;5681;0,022988505747126436781
5016;5921;0,022988505747126436781
5016;6006;0,011494252873563218390
5016;6483;0,011494252873563218390
5016;8000;0,022988505747126436781
5016;8445;0,022988505747126436781
5016;8478;0,011494252873563218390
5016;8480;0,011494252873563218390
5016;9481;0,022988505747126436781
5016;9482;0,022988505747126436781
5016;12596;0,022988505747126436781
5016;24098;0,011494252873563218390
5016;28617;0,011494252873563218390
5016;77678;0,022988505747126436781
5016;248832;0,022988505747126436781
5016;248836;0,022988505747126436781
5016;248841;0,022988505747126436781
5016;347540;0,022988505747126436781
5029;1637;1,000000000000000000000
5054;853;0,333333333333333333333
5054;2865;0,666666666666666666666
5061;652;0,100000000000000000000
5061;885;0,150000000000000000000
5061;886;0,100000000000000000000
5061;978;0,050000000000000000000
5061;1406;0,100000000000000000000
5061;1949;0,050000000000000000000
5061;2198;0,050000000000000000000
5061;2335;0,050000000000000000000
5061;3091;0,050000000000000000000
5061;4179;0,050000000000000000000
5061;8910;0,050000000000000000000
5061;42210;0,050000000000000000000
5061;47352;0,050000000000000000000
5061;157662;0,100000000000000000000
5071;332;0,111111111111111111111
5071;870;0,037037037037037037037
5071;1180;0,259259259259259259259
5071;2206;0,037037037037037037037
5071;7209;0,148148148148148148148
5071;8899;0,074074074074074074074
5071;12596;0,296296296296296296296
5071;15643;0,037037037037037037037
5077;12591;1,000000000000000000000
5082;2216;1,000000000000000000000
5083;7711;0,666666666666666666666
5083;233872;0,333333333333333333333
5089;135;0,200000000000000000000
5089;211;0,400000000000000000000
5089;2200;0,400000000000000000000
5092;2554;1,000000000000000000000
5093;738;0,333333333333333333333
5093;4307;0,166666666666666666666
5093;4345;0,166666666666666666666
5093;6913;0,166666666666666666666
5093;7886;0,166666666666666666666
5101;28822;1,000000000000000000000
5125;2467;0,200000000000000000000
5125;3176;0,200000000000000000000
5125;7906;0,200000000000000000000
5125;27652;0,200000000000000000000
5125;184987;0,200000000000000000000
5138;7560;1,000000000000000000000
5142;1820;0,125000000000000000000
5142;3503;0,125000000000000000000
5142;6444;0,125000000000000000000
5142;8478;0,250000000000000000000
5142;10823;0,125000000000000000000
5142;12876;0,125000000000000000000
5142;12880;0,125000000000000000000
5148;1727;1,000000000000000000000
5149;54;0,032786885245901639344
5149;119;0,049180327868852459016
5149;277;0,016393442622950819672
5149;322;0,016393442622950819672
5149;550;0,016393442622950819672
5149;558;0,016393442622950819672
5149;657;0,032786885245901639344
5149;658;0,016393442622950819672
5149;689;0,016393442622950819672
5149;1068;0,016393442622950819672
5149;1254;0,049180327868852459016
5149;1344;0,032786885245901639344
5149;1463;0,016393442622950819672
5149;1487;0,016393442622950819672
5149;1663;0,016393442622950819672
5149;1664;0,016393442622950819672
5149;1839;0,016393442622950819672
5149;2007;0,016393442622950819672
5149;2182;0,016393442622950819672
5149;2184;0,016393442622950819672
5149;2206;0,016393442622950819672
5149;2380;0,016393442622950819672
5149;2817;0,016393442622950819672
5149;3105;0,032786885245901639344
5149;3642;0,016393442622950819672
5149;3694;0,016393442622950819672
5149;4031;0,016393442622950819672
5149;4172;0,016393442622950819672
5149;5457;0,016393442622950819672
5149;5657;0,016393442622950819672
5149;5789;0,016393442622950819672
5149;5790;0,016393442622950819672
5149;6567;0,016393442622950819672
5149;7111;0,032786885245901639344
5149;7598;0,016393442622950819672
5149;7694;0,016393442622950819672
5149;9138;0,016393442622950819672
5149;9394;0,016393442622950819672
5149;9618;0,016393442622950819672
5149;12247;0,016393442622950819672
5149;12706;0,032786885245901639344
5149;14733;0,016393442622950819672
5149;15895;0,016393442622950819672
5149;20853;0,016393442622950819672
5149;21161;0,016393442622950819672
5149;28546;0,016393442622950819672
5149;41776;0,032786885245901639344
5149;189452;0,016393442622950819672
5149;512469;0,032786885245901639344
5158;1034;0,250000000000000000000
5158;2741;0,250000000000000000000
5158;8489;0,500000000000000000000
5163;2498;1,000000000000000000000
5167;190;1,000000000000000000000
5168;411;0,200000000000000000000
5168;3214;0,800000000000000000000
5174;678;1,000000000000000000000
5175;3197;1,000000000000000000000
5177;747;0,250000000000000000000
5177;3436;0,250000000000000000000
5177;4621;0,250000000000000000000
5177;8516;0,250000000000000000000
5214;192;0,181818181818181818181
5214;995;0,272727272727272727272
5214;3296;0,272727272727272727272
5214;4364;0,090909090909090909090
5214;13372;0,181818181818181818181
5219;841;0,400000000000000000000
5219;2046;0,600000000000000000000
5232;3340;1,000000000000000000000
5239;1504;0,666666666666666666666
5239;5591;0,333333333333333333333
5257;3256;1,000000000000000000000
5264;547;0,333333333333333333333
5264;3071;0,333333333333333333333
5264;5350;0,333333333333333333333
5306;82;0,250000000000000000000
5306;89;0,250000000000000000000
5306;2487;0,250000000000000000000
5306;3237;0,250000000000000000000
5309;4538;1,000000000000000000000
5329;198;0,062500000000000000000
5329;306;0,125000000000000000000
5329;605;0,125000000000000000000
5329;885;0,125000000000000000000
5329;1120;0,062500000000000000000
5329;1307;0,125000000000000000000
5329;2825;0,062500000000000000000
5329;3235;0,062500000000000000000
5329;5493;0,125000000000000000000
5329;9468;0,062500000000000000000
5329;659902;0,062500000000000000000
5338;1143;0,250000000000000000000
5338;3111;0,250000000000000000000
5338;3996;0,500000000000000000000
5360;351;0,285714285714285714285
5360;1894;0,428571428571428571428
5360;17268;0,285714285714285714285
5367;1121;0,300000000000000000000
5367;2147;0,100000000000000000000
5367;2195;0,200000000000000000000
5367;6581;0,200000000000000000000
5367;7759;0,100000000000000000000
5367;8623;0,100000000000000000000
5383;1154;0,500000000000000000000
5383;4553;0,500000000000000000000
5392;770;0,222222222222222222222
5392;5037;0,555555555555555555555
5392;12769;0,222222222222222222222
5395;54;1,000000000000000000000
5415;1104;1,000000000000000000000
5437;3991;0,500000000000000000000
5437;18258;0,500000000000000000000
5438;970;0,500000000000000000000
5438;533247;0,500000000000000000000
5440;794;0,583333333333333333333
5440;1596;0,083333333333333333333
5440;2216;0,166666666666666666666
5440;5459;0,083333333333333333333
5440;57838;0,083333333333333333333
5449;978;0,333333333333333333333
5449;2080;0,666666666666666666666
5459;878;0,333333333333333333333
5459;2786;0,333333333333333333333
5459;5440;0,333333333333333333333
5464;48;0,041666666666666666666
5464;178;0,041666666666666666666
5464;334;0,083333333333333333333
5464;380;0,041666666666666666666
5464;447;0,041666666666666666666
5464;796;0,125000000000000000000
5464;1196;0,041666666666666666666
5464;1713;0,041666666666666666666
5464;1806;0,041666666666666666666
5464;1963;0,041666666666666666666
5464;2429;0,041666666666666666666
5464;2458;0,041666666666666666666
5464;2798;0,041666666666666666666
5464;3776;0,041666666666666666666
5464;4293;0,041666666666666666666
5464;5004;0,083333333333333333333
5464;5190;0,041666666666666666666
5464;8602;0,041666666666666666666
5464;19199;0,041666666666666666666
5464;366672;0,041666666666666666666
5469;622;0,500000000000000000000
5469;1109;0,500000000000000000000
5470;3551;1,000000000000000000000
5481;3212;0,250000000000000000000
5481;13899;0,250000000000000000000
5481;365534;0,500000000000000000000
5506;545;0,333333333333333333333
5506;5915;0,666666666666666666666
5513;1606;0,500000000000000000000
5513;5591;0,500000000000000000000
5519;3414;0,250000000000000000000
5519;5922;0,500000000000000000000
5519;29061;0,250000000000000000000
5523;48862;0,500000000000000000000
5523;76428;0,500000000000000000000
5528;886;0,166666666666666666666
5528;2198;0,500000000000000000000
5528;2352;0,166666666666666666666
5528;233872;0,166666666666666666666
5530;2318;0,333333333333333333333
5530;9396;0,666666666666666666666
5536;1762;1,000000000000000000000
5543;15975;1,000000000000000000000
5564;65;0,071428571428571428571
5564;192;0,357142857142857142857
5564;1109;0,071428571428571428571
5564;1780;0,071428571428571428571
5564;2046;0,071428571428571428571
5564;2146;0,071428571428571428571
5564;9389;0,071428571428571428571
5564;10946;0,142857142857142857142
5564;689461;0,071428571428571428571
5578;74;0,500000000000000000000
5578;249;0,500000000000000000000
5591;5239;0,666666666666666666666
5591;8931;0,333333333333333333333
5601;437;0,037037037037037037037
5601;1560;0,037037037037037037037
5601;1562;0,037037037037037037037
5601;1565;0,037037037037037037037
5601;1567;0,037037037037037037037
5601;1609;0,037037037037037037037
5601;1610;0,037037037037037037037
5601;1700;0,037037037037037037037
5601;1883;0,037037037037037037037
5601;1887;0,037037037037037037037
5601;2470;0,037037037037037037037
5601;2890;0,037037037037037037037
5601;3647;0,037037037037037037037
5601;3648;0,037037037037037037037
5601;3768;0,037037037037037037037
5601;4526;0,037037037037037037037
5601;6072;0,037037037037037037037
5601;6634;0,037037037037037037037
5601;6940;0,037037037037037037037
5601;9694;0,037037037037037037037
5601;9951;0,037037037037037037037
5601;10176;0,037037037037037037037
5601;10179;0,037037037037037037037
5601;11476;0,037037037037037037037
5601;21396;0,037037037037037037037
5601;21750;0,037037037037037037037
5601;24919;0,037037037037037037037
5603;266;1,000000000000000000000
5611;352;0,026315789473684210526
5611;354;0,026315789473684210526
5611;423;0,026315789473684210526
5611;424;0,026315789473684210526
5611;425;0,026315789473684210526
5611;426;0,026315789473684210526
5611;427;0,026315789473684210526
5611;441;0,026315789473684210526
5611;442;0,026315789473684210526
5611;443;0,026315789473684210526
5611;444;0,026315789473684210526
5611;849;0,026315789473684210526
5611;1117;0,026315789473684210526
5611;1315;0,026315789473684210526
5611;1942;0,289473684210526315789
5611;2555;0,026315789473684210526
5611;2561;0,026315789473684210526
5611;3394;0,026315789473684210526
5611;4510;0,026315789473684210526
5611;7605;0,026315789473684210526
5611;12390;0,026315789473684210526
5611;12418;0,026315789473684210526
5611;13335;0,026315789473684210526
5611;13482;0,026315789473684210526
5611;29085;0,026315789473684210526
5611;48826;0,026315789473684210526
5611;184646;0,026315789473684210526
5611;511019;0,026315789473684210526
5613;306;0,090909090909090909090
5613;1855;0,181818181818181818181
5613;2851;0,363636363636363636363
5613;5061;0,090909090909090909090
5613;8062;0,090909090909090909090
5613;8909;0,045454545454545454545
5613;13122;0,045454545454545454545
5613;17584;0,090909090909090909090
5616;978;0,333333333333333333333
5616;2838;0,333333333333333333333
5616;3859;0,166666666666666666666
5616;12936;0,166666666666666666666
5617;13704;1,000000000000000000000
5622;845;0,500000000000000000000
5622;846;0,500000000000000000000
5624;189452;1,000000000000000000000
5626;85;0,028571428571428571428
5626;249;0,028571428571428571428
5626;396;0,028571428571428571428
5626;407;0,028571428571428571428
5626;520;0,028571428571428571428
5626;522;0,028571428571428571428
5626;706;0,028571428571428571428
5626;964;0,028571428571428571428
5626;975;0,028571428571428571428
5626;1085;0,028571428571428571428
5626;1314;0,028571428571428571428
5626;1340;0,028571428571428571428
5626;1556;0,028571428571428571428
5626;1949;0,028571428571428571428
5626;2293;0,028571428571428571428
5626;2375;0,028571428571428571428
5626;2559;0,028571428571428571428
5626;2591;0,028571428571428571428
5626;3038;0,028571428571428571428
5626;3096;0,028571428571428571428
5626;3188;0,028571428571428571428
5626;3586;0,028571428571428571428
5626;3829;0,028571428571428571428
5626;3891;0,028571428571428571428
5626;3905;0,028571428571428571428
5626;4476;0,028571428571428571428
5626;4486;0,028571428571428571428
5626;4877;0,028571428571428571428
5626;5012;0,028571428571428571428
5626;5800;0,028571428571428571428
5626;7626;0,028571428571428571428
5626;8000;0,028571428571428571428
5626;8458;0,028571428571428571428
5626;12596;0,028571428571428571428
5626;22211;0,028571428571428571428
5627;1171;0,250000000000000000000
5627;1313;0,250000000000000000000
5627;4831;0,250000000000000000000
5627;50959;0,250000000000000000000
5628;2293;1,000000000000000000000
5629;2385;0,750000000000000000000
5629;4720;0,250000000000000000000
5632;1667;0,333333333333333333333
5632;8623;0,666666666666666666666
5635;2001;1,000000000000000000000
5637;440566;1,000000000000000000000
5638;983;0,250000000000000000000
5638;1117;0,125000000000000000000
5638;4350;0,250000000000000000000
5638;408414;0,250000000000000000000
5638;653116;0,125000000000000000000
5640;517;0,500000000000000000000
5640;26479;0,500000000000000000000
5643;189452;1,000000000000000000000
5651;3588;0,500000000000000000000
5651;4137;0,500000000000000000000
5654;11552;1,000000000000000000000
5660;749;1,000000000000000000000
5666;852;0,333333333333333333333
5666;3289;0,166666666666666666666
5666;3683;0,166666666666666666666
5666;4998;0,166666666666666666666
5666;17302;0,166666666666666666666
5681;178;0,500000000000000000000
5681;1556;0,500000000000000000000
5691;829;0,200000000000000000000
5691;866;0,200000000000000000000
5691;960;0,200000000000000000000
5691;3085;0,200000000000000000000
5691;5367;0,200000000000000000000
5753;1321;0,500000000000000000000
5753;7994;0,500000000000000000000
5782;1220;1,000000000000000000000
5790;12706;1,000000000000000000000
5824;2464;0,800000000000000000000
5824;283639;0,200000000000000000000
5852;2494;1,000000000000000000000
5854;135596;1,000000000000000000000
5856;579;0,043478260869565217391
5856;652;0,043478260869565217391
5856;988;0,043478260869565217391
5856;1053;0,043478260869565217391
5856;1949;0,043478260869565217391
5856;2440;0,043478260869565217391
5856;3164;0,043478260869565217391
5856;3480;0,043478260869565217391
5856;3815;0,043478260869565217391
5856;4102;0,043478260869565217391
5856;4377;0,043478260869565217391
5856;4933;0,043478260869565217391
5856;5172;0,043478260869565217391
5856;5350;0,043478260869565217391
5856;6557;0,043478260869565217391
5856;7920;0,043478260869565217391
5856;12577;0,043478260869565217391
5856;13907;0,043478260869565217391
5856;17727;0,043478260869565217391
5856;22880;0,043478260869565217391
5856;24837;0,043478260869565217391
5856;24838;0,043478260869565217391
5856;367451;0,043478260869565217391
5886;362;1,000000000000000000000
5892;14465;1,000000000000000000000
5915;3360;0,750000000000000000000
5915;6694;0,250000000000000000000
5918;3256;1,000000000000000000000
5922;5519;1,000000000000000000000
5935;520;0,250000000000000000000
5935;1182;0,500000000000000000000
5935;8442;0,250000000000000000000
5960;1913;1,000000000000000000000
5991;1098;1,000000000000000000000
6000;805;0,666666666666666666666
6000;8566;0,333333333333333333333
6007;1178;0,500000000000000000000
6007;6008;0,500000000000000000000
6008;2379;0,285714285714285714285
6008;2714;0,142857142857142857142
6008;4592;0,142857142857142857142
6008;6007;0,285714285714285714285
6008;7975;0,142857142857142857142
6010;8756;0,500000000000000000000
6010;173893;0,500000000000000000000
6048;2374;0,750000000000000000000
6048;5001;0,250000000000000000000
6058;7711;1,000000000000000000000
6072;5601;1,000000000000000000000
6130;6567;1,000000000000000000000
6144;174;0,500000000000000000000
6144;313;0,500000000000000000000
6151;391;0,250000000000000000000
6151;3158;0,250000000000000000000
6151;12356;0,250000000000000000000
6151;116348;0,250000000000000000000
6169;3587;0,500000000000000000000
6169;3588;0,500000000000000000000
6189;3414;1,000000000000000000000
6203;122;1,000000000000000000000
6213;2385;0,500000000000000000000
6213;151009;0,250000000000000000000
6213;434991;0,250000000000000000000
6234;4222;0,500000000000000000000
6234;9389;0,500000000000000000000
6262;6430;1,000000000000000000000
6267;4132;0,500000000000000000000
6267;16487;0,500000000000000000000
6297;3905;1,000000000000000000000
6300;606566;1,000000000000000000000
6316;622;0,333333333333333333333
6316;2385;0,333333333333333333333
6316;5441;0,333333333333333333333
6320;77;1,000000000000000000000
6347;250;0,250000000000000000000
6347;2713;0,500000000000000000000
6347;4376;0,250000000000000000000
6349;527;0,333333333333333333333
6349;1588;0,666666666666666666666
6353;244;0,666666666666666666666
6353;853;0,333333333333333333333
6372;2484;1,000000000000000000000
6413;1567;0,142857142857142857142
6413;8049;0,285714285714285714285
6413;23886;0,571428571428571428571
6430;6262;0,500000000000000000000
6430;12356;0,500000000000000000000
6433;853;0,500000000000000000000
6433;4534;0,500000000000000000000
6440;12936;1,000000000000000000000
6461;2778;0,500000000000000000000
6461;6723;0,500000000000000000000
6468;115;1,000000000000000000000
6496;3098;1,000000000000000000000
6498;5168;1,000000000000000000000
6501;644;0,250000000000000000000
6501;1657;0,125000000000000000000
6501;6502;0,125000000000000000000
6501;6509;0,500000000000000000000
6502;1657;0,222222222222222222222
6502;2355;0,111111111111111111111
6502;2657;0,111111111111111111111
6502;6501;0,111111111111111111111
6502;6509;0,444444444444444444444
6503;5935;0,250000000000000000000
6503;239966;0,500000000000000000000
6503;283638;0,250000000000000000000
6504;6511;0,500000000000000000000
6504;6527;0,500000000000000000000
6509;140271;1,000000000000000000000
6511;6504;1,000000000000000000000
6535;1889;1,000000000000000000000
6543;8489;1,000000000000000000000
6548;497;0,200000000000000000000
6548;1060;0,400000000000000000000
6548;2046;0,200000000000000000000
6548;7759;0,200000000000000000000
6567;475;0,333333333333333333333
6567;6130;0,666666666666666666666
6581;960;0,166666666666666666666
6581;4281;0,166666666666666666666
6581;5367;0,500000000000000000000
6581;18247;0,166666666666666666666
6624;3403;1,000000000000000000000
6627;131;1,000000000000000000000
6634;307;0,052631578947368421052
6634;324;0,052631578947368421052
6634;1064;0,210526315789473684210
6634;3656;0,052631578947368421052
6634;4852;0,052631578947368421052
6634;5392;0,052631578947368421052
6634;7957;0,052631578947368421052
6634;8839;0,052631578947368421052
6634;8843;0,052631578947368421052
6634;8858;0,052631578947368421052
6634;8870;0,052631578947368421052
6634;21750;0,052631578947368421052
6634;23419;0,052631578947368421052
6634;34696;0,052631578947368421052
6634;56282;0,052631578947368421052
6634;284855;0,052631578947368421052
6664;557;1,000000000000000000000
6694;346;0,105263157894736842105
6694;545;0,157894736842105263157
6694;2438;0,052631578947368421052
6694;3304;0,631578947368421052631
6694;5915;0,052631578947368421052
6701;3212;1,000000000000000000000
6721;194;0,500000000000000000000
6721;600;0,500000000000000000000
6723;285;0,037037037037037037037
6723;721;0,074074074074074074074
6723;1710;0,111111111111111111111
6723;2091;0,074074074074074074074
6723;2510;0,037037037037037037037
6723;2990;0,037037037037037037037
6723;3393;0,296296296296296296296
6723;3838;0,037037037037037037037
6723;4890;0,148148148148148148148
6723;9288;0,037037037037037037037
6723;240182;0,037037037037037037037
6723;651622;0,074074074074074074074
6746;4098;1,000000000000000000000
6765;2275;0,444444444444444444444
6765;2287;0,555555555555555555555
6788;306;0,666666666666666666666
6788;567;0,333333333333333333333
6812;428;0,333333333333333333333
6812;4307;0,333333333333333333333
6812;7572;0,333333333333333333333
6856;3015;1,000000000000000000000
6892;2596;0,200000000000000000000
6892;3256;0,200000000000000000000
6892;4090;0,400000000000000000000
6892;17248;0,200000000000000000000
6918;11369;0,666666666666666666666
6918;25221;0,333333333333333333333
6923;4874;1,000000000000000000000
6929;3169;1,000000000000000000000
6930;7886;1,000000000000000000000
6940;21396;1,000000000000000000000
6955;7711;0,333333333333333333333
6955;11552;0,666666666666666666666
6979;251;1,000000000000000000000
6981;251;1,000000000000000000000
6986;2380;0,750000000000000000000
6986;2493;0,250000000000000000000
6992;3716;1,000000000000000000000
7030;283;0,500000000000000000000
7030;12563;0,500000000000000000000
7049;251;0,400000000000000000000
7049;1570;0,200000000000000000000
7049;1583;0,100000000000000000000
7049;10020;0,200000000000000000000
7049;12907;0,100000000000000000000
7072;2140;0,166666666666666666666
7072;4145;0,500000000000000000000
7072;7975;0,333333333333333333333
7080;846;1,000000000000000000000
7095;59;0,090909090909090909090
7095;778;0,090909090909090909090
7095;1833;0,090909090909090909090
7095;3178;0,090909090909090909090
7095;3197;0,090909090909090909090
7095;8373;0,090909090909090909090
7095;9288;0,090909090909090909090
7095;28484;0,090909090909090909090
7095;66075;0,090909090909090909090
7095;119973;0,090909090909090909090
7095;373924;0,090909090909090909090
7111;119;0,285714285714285714285
7111;1663;0,285714285714285714285
7111;5790;0,285714285714285714285
7111;41776;0,142857142857142857142
7126;2798;1,000000000000000000000
7135;3395;0,500000000000000000000
7135;5077;0,500000000000000000000
7142;254;0,500000000000000000000
7142;229072;0,250000000000000000000
7142;283638;0,250000000000000000000
7160;181;0,050000000000000000000
7160;678;0,050000000000000000000
7160;1889;0,050000000000000000000
7160;2379;0,100000000000000000000
7160;2661;0,450000000000000000000
7160;2713;0,050000000000000000000
7160;2714;0,050000000000000000000
7160;3234;0,100000000000000000000
7160;3381;0,050000000000000000000
7160;8786;0,050000000000000000000
7209;320;0,083333333333333333333
7209;1596;0,166666666666666666666
7209;2206;0,166666666666666666666
7209;4918;0,083333333333333333333
7209;5071;0,333333333333333333333
7209;12706;0,166666666666666666666
7221;1263;0,333333333333333333333
7221;1744;0,333333333333333333333
7221;8723;0,333333333333333333333
7278;1328;0,500000000000000000000
7278;5831;0,500000000000000000000
7322;7711;1,000000000000000000000
7341;967;0,200000000000000000000
7341;1127;0,200000000000000000000
7341;4498;0,200000000000000000000
7341;5536;0,200000000000000000000
7341;367121;0,200000000000000000000
7434;2182;1,000000000000000000000
7521;568;0,100000000000000000000
7521;3212;0,200000000000000000000
7521;4576;0,100000000000000000000
7521;4629;0,100000000000000000000
7521;6461;0,100000000000000000000
7521;12755;0,100000000000000000000
7521;13141;0,100000000000000000000
7521;17678;0,100000000000000000000
7521;113392;0,100000000000000000000
7543;551;0,028301886792452830188
7543;600;0,066037735849056603773
7543;859;0,018867924528301886792
7543;1344;0,028301886792452830188
7543;1454;0,028301886792452830188
7543;1898;0,037735849056603773584
7543;2435;0,018867924528301886792
7543;2743;0,028301886792452830188
7543;2786;0,028301886792452830188
7543;3256;0,009433962264150943396
7543;3420;0,028301886792452830188
7543;3683;0,018867924528301886792
7543;3685;0,028301886792452830188
7543;4587;0,028301886792452830188
7543;5136;0,028301886792452830188
7543;7717;0,028301886792452830188
7543;7975;0,028301886792452830188
7543;8212;0,028301886792452830188
7543;12959;0,028301886792452830188
7543;15737;0,028301886792452830188
7543;23759;0,018867924528301886792
7543;27613;0,028301886792452830188
7543;152027;0,349056603773584905660
7543;329272;0,037735849056603773584
7560;477;0,200000000000000000000
7560;5138;0,400000000000000000000
7560;15471;0,200000000000000000000
7560;233872;0,200000000000000000000
7574;184;0,250000000000000000000
7574;407;0,250000000000000000000
7574;475;0,500000000000000000000
7578;1182;0,500000000000000000000
7578;2306;0,500000000000000000000
7585;638;1,000000000000000000000
7586;151;1,000000000000000000000
7597;645;1,000000000000000000000
7626;975;0,300000000000000000000
7626;1171;0,100000000000000000000
7626;2112;0,100000000000000000000
7626;3476;0,200000000000000000000
7626;4292;0,100000000000000000000
7626;7886;0,100000000000000000000
7626;747808;0,100000000000000000000
7630;1913;0,333333333333333333333
7630;3975;0,166666666666666666666
7630;747808;0,500000000000000000000
7653;576;1,000000000000000000000
7672;1206;0,333333333333333333333
7672;2396;0,333333333333333333333
7672;3563;0,333333333333333333333
7711;371;0,090909090909090909090
7711;1684;0,090909090909090909090
7711;1831;0,181818181818181818181
7711;3420;0,181818181818181818181
7711;5083;0,090909090909090909090
7711;38738;0,090909090909090909090
7711;42210;0,090909090909090909090
7711;45724;0,181818181818181818181
7713;174;0,023809523809523809523
7713;277;0,023809523809523809523
7713;288;0,023809523809523809523
7713;568;0,023809523809523809523
7713;622;0,023809523809523809523
7713;671;0,023809523809523809523
7713;749;0,023809523809523809523
7713;978;0,023809523809523809523
7713;1100;0,023809523809523809523
7713;1254;0,023809523809523809523
7713;1293;0,023809523809523809523
7713;1598;0,047619047619047619047
7713;1678;0,023809523809523809523
7713;1735;0,023809523809523809523
7713;2275;0,023809523809523809523
7713;2512;0,023809523809523809523
7713;2743;0,023809523809523809523
7713;3123;0,047619047619047619047
7713;3256;0,023809523809523809523
7713;3381;0,023809523809523809523
7713;3683;0,023809523809523809523
7713;4085;0,047619047619047619047
7713;4159;0,023809523809523809523
7713;5617;0,023809523809523809523
7713;5624;0,023809523809523809523
7713;6723;0,023809523809523809523
7713;8165;0,023809523809523809523
7713;8489;0,023809523809523809523
7713;8909;0,023809523809523809523
7713;9898;0,023809523809523809523
7713;12563;0,023809523809523809523
7713;12745;0,023809523809523809523
7713;18641;0,023809523809523809523
7713;26786;0,023809523809523809523
7713;28602;0,023809523809523809523
7713;28818;0,023809523809523809523
7713;28821;0,023809523809523809523
7713;189452;0,023809523809523809523
7713;190971;0,023809523809523809523
7732;6907;1,000000000000000000000
7738;8648;1,000000000000000000000
7747;521;0,250000000000000000000
7747;3800;0,250000000000000000000
7747;4364;0,250000000000000000000
7747;7759;0,250000000000000000000
7748;891;0,333333333333333333333
7748;2001;0,333333333333333333333
7748;368117;0,333333333333333333333
7756;568;0,428571428571428571428
7756;1082;0,142857142857142857142
7756;4576;0,142857142857142857142
7756;7648;0,285714285714285714285
7759;192;0,031250000000000000000
7759;815;0,031250000000000000000
7759;1122;0,125000000000000000000
7759;1780;0,250000000000000000000
7759;2071;0,031250000000000000000
7759;2150;0,031250000000000000000
7759;2271;0,031250000000000000000
7759;3271;0,031250000000000000000
7759;4237;0,031250000000000000000
7759;4500;0,031250000000000000000
7759;5367;0,031250000000000000000
7759;5632;0,093750000000000000000
7759;9391;0,031250000000000000000
7759;9399;0,093750000000000000000
7759;19031;0,093750000000000000000
7759;640335;0,031250000000000000000
7774;7886;1,000000000000000000000
7859;10860;1,000000000000000000000
7874;220;0,500000000000000000000
7874;2826;0,500000000000000000000
7886;137;0,022222222222222222222
7886;229;0,022222222222222222222
7886;712;0,022222222222222222222
7886;713;0,022222222222222222222
7886;778;0,022222222222222222222
7886;980;0,022222222222222222222
7886;1079;0,022222222222222222222
7886;1133;0,022222222222222222222
7886;1206;0,022222222222222222222
7886;1310;0,022222222222222222222
7886;1457;0,011111111111111111111
7886;1504;0,022222222222222222222
7886;1512;0,011111111111111111111
7886;1891;0,022222222222222222222
7886;2882;0,011111111111111111111
7886;3145;0,022222222222222222222
7886;3209;0,022222222222222222222
7886;3657;0,022222222222222222222
7886;3811;0,022222222222222222222
7886;3857;0,022222222222222222222
7886;4059;0,022222222222222222222
7886;4102;0,022222222222222222222
7886;4225;0,022222222222222222222
7886;4625;0,022222222222222222222
7886;5093;0,022222222222222222222
7886;5174;0,022222222222222222222
7886;5239;0,022222222222222222222
7886;5854;0,022222222222222222222
7886;5922;0,022222222222222222222
7886;6048;0,022222222222222222222
7886;6930;0,022222222222222222222
7886;7418;0,022222222222222222222
7886;7626;0,022222222222222222222
7886;7774;0,022222222222222222222
7886;8373;0,011111111111111111111
7886;8447;0,022222222222222222222
7886;9159;0,022222222222222222222
7886;9274;0,022222222222222222222
7886;9762;0,022222222222222222222
7886;11415;0,022222222222222222222
7886;12876;0,022222222222222222222
7886;13796;0,022222222222222222222
7886;13886;0,022222222222222222222
7886;17274;0,022222222222222222222
7886;18258;0,022222222222222222222
7886;398786;0,022222222222222222222
7886;589508;0,022222222222222222222
7906;3176;0,500000000000000000000
7906;184987;0,500000000000000000000
7920;4268;1,000000000000000000000
7954;1771;1,000000000000000000000
7968;475;0,333333333333333333333
7968;8636;0,666666666666666666666
7975;288;0,033333333333333333333
7975;349;0,033333333333333333333
7975;351;0,033333333333333333333
7975;406;0,033333333333333333333
7975;411;0,033333333333333333333
7975;417;0,033333333333333333333
7975;669;0,033333333333333333333
7975;846;0,066666666666666666666
7975;945;0,033333333333333333333
7975;1140;0,033333333333333333333
7975;1340;0,033333333333333333333
7975;1671;0,033333333333333333333
7975;2877;0,033333333333333333333
7975;2961;0,033333333333333333333
7975;3408;0,033333333333333333333
7975;3443;0,033333333333333333333
7975;3667;0,033333333333333333333
7975;4627;0,066666666666666666666
7975;6008;0,033333333333333333333
7975;7072;0,033333333333333333333
7975;7095;0,033333333333333333333
7975;7802;0,033333333333333333333
7975;9380;0,033333333333333333333
7975;12563;0,033333333333333333333
7975;17267;0,033333333333333333333
7975;119973;0,066666666666666666666
7975;189452;0,033333333333333333333
7994;1632;1,000000000000000000000
8003;2080;1,000000000000000000000
8009;244;0,500000000000000000000
8009;4874;0,500000000000000000000
8050;1162;0,071428571428571428571
8050;2489;0,071428571428571428571
8050;2863;0,142857142857142857142
8050;3683;0,071428571428571428571
8050;7080;0,142857142857142857142
8050;15737;0,142857142857142857142
8050;28780;0,142857142857142857142
8050;28784;0,142857142857142857142
8050;508708;0,071428571428571428571
8051;615;0,500000000000000000000
8051;669;0,500000000000000000000
8062;1719;0,750000000000000000000
8062;2884;0,250000000000000000000
8071;870;1,000000000000000000000
8081;3372;0,333333333333333333333
8081;13074;0,333333333333333333333
8081;179346;0,333333333333333333333
8090;528;0,333333333333333333333
8090;2223;0,333333333333333333333
8090;4364;0,333333333333333333333
8095;1868;0,166666666666666666666
8095;1889;0,333333333333333333333
8095;4299;0,333333333333333333333
8095;5289;0,166666666666666666666
8106;48;0,166666666666666666666
8106;3182;0,166666666666666666666
8106;3265;0,333333333333333333333
8106;3728;0,166666666666666666666
8106;239964;0,166666666666666666666
8109;945;0,333333333333333333333
8109;2518;0,111111111111111111111
8109;2664;0,222222222222222222222
8109;3667;0,111111111111111111111
8109;7998;0,222222222222222222222
8143;2504;1,000000000000000000000
8156;1866;0,333333333333333333333
8156;4237;0,666666666666666666666
8164;1073;0,409090909090909090909
8164;1157;0,136363636363636363636
8164;1315;0,181818181818181818181
8164;1984;0,090909090909090909090
8164;1985;0,090909090909090909090
8164;9513;0,090909090909090909090
8205;11369;1,000000000000000000000
8223;297;1,000000000000000000000
8229;4;0,007812500000000000000
8229;37;0,007812500000000000000
8229;38;0,015625000000000000000
8229;189;0,007812500000000000000
8229;216;0,007812500000000000000
8229;246;0,007812500000000000000
8229;271;0,007812500000000000000
8229;294;0,007812500000000000000
8229;523;0,007812500000000000000
8229;545;0,007812500000000000000
8229;573;0,007812500000000000000
8229;609;0,007812500000000000000
8229;891;0,023437500000000000000
8229;1010;0,007812500000000000000
8229;1018;0,007812500000000000000
8229;1082;0,007812500000000000000
8229;1434;0,007812500000000000000
8229;1497;0,007812500000000000000
8229;1724;0,007812500000000000000
8229;1768;0,007812500000000000000
8229;1824;0,007812500000000000000
8229;1840;0,007812500000000000000
8229;1854;0,007812500000000000000
8229;1892;0,007812500000000000000
8229;2001;0,007812500000000000000
8229;2188;0,007812500000000000000
8229;2322;0,007812500000000000000
8229;2323;0,007812500000000000000
8229;2337;0,007812500000000000000
8229;2343;0,007812500000000000000
8229;2372;0,007812500000000000000
8229;2433;0,007812500000000000000
8229;2438;0,007812500000000000000
8229;2484;0,007812500000000000000
8229;2543;0,007812500000000000000
8229;2678;0,007812500000000000000
8229;2679;0,007812500000000000000
8229;3071;0,007812500000000000000
8229;3189;0,007812500000000000000
8229;3278;0,007812500000000000000
8229;3304;0,007812500000000000000
8229;3360;0,007812500000000000000
8229;3518;0,007812500000000000000
8229;3551;0,007812500000000000000
8229;3618;0,007812500000000000000
8229;3731;0,007812500000000000000
8229;3809;0,007812500000000000000
8229;3844;0,007812500000000000000
8229;3916;0,007812500000000000000
8229;3978;0,007812500000000000000
8229;3980;0,007812500000000000000
8229;4000;0,007812500000000000000
8229;4001;0,007812500000000000000
8229;4090;0,007812500000000000000
8229;4091;0,007812500000000000000
8229;4100;0,007812500000000000000
8229;4372;0,007812500000000000000
8229;4374;0,015625000000000000000
8229;4421;0,007812500000000000000
8229;4522;0,007812500000000000000
8229;4576;0,007812500000000000000
8229;4657;0,007812500000000000000
8229;4728;0,007812500000000000000
8229;4750;0,007812500000000000000
8229;4794;0,007812500000000000000
8229;4877;0,007812500000000000000
8229;5470;0,007812500000000000000
8229;5481;0,007812500000000000000
8229;5506;0,007812500000000000000
8229;5800;0,007812500000000000000
8229;5915;0,007812500000000000000
8229;6372;0,007812500000000000000
8229;6461;0,007812500000000000000
8229;6694;0,007812500000000000000
8229;6701;0,007812500000000000000
8229;6991;0,007812500000000000000
8229;7215;0,007812500000000000000
8229;7648;0,007812500000000000000
8229;7748;0,007812500000000000000
8229;7756;0,007812500000000000000
8229;7968;0,007812500000000000000
8229;8268;0,015625000000000000000
8229;8635;0,007812500000000000000
8229;8636;0,007812500000000000000
8229;9114;0,007812500000000000000
8229;9118;0,007812500000000000000
8229;9376;0,007812500000000000000
8229;9462;0,007812500000000000000
8229;9992;0,007812500000000000000
8229;10255;0,007812500000000000000
8229;10523;0,007812500000000000000
8229;10860;0,007812500000000000000
8229;11004;0,007812500000000000000
8229;11014;0,007812500000000000000
8229;11458;0,007812500000000000000
8229;11656;0,007812500000000000000
8229;11695;0,007812500000000000000
8229;11734;0,007812500000000000000
8229;12385;0,007812500000000000000
8229;13141;0,007812500000000000000
8229;13504;0,007812500000000000000
8229;13642;0,007812500000000000000
8229;13899;0,007812500000000000000
8229;14050;0,007812500000000000000
8229;14652;0,007812500000000000000
8229;15867;0,007812500000000000000
8229;17148;0,007812500000000000000
8229;17677;0,007812500000000000000
8229;17773;0,007812500000000000000
8229;18149;0,007812500000000000000
8229;18300;0,007812500000000000000
8229;18622;0,007812500000000000000
8229;19402;0,007812500000000000000
8229;20436;0,007812500000000000000
8229;21512;0,007812500000000000000
8229;21513;0,007812500000000000000
8229;21515;0,007812500000000000000
8229;23561;0,007812500000000000000
8229;23562;0,007812500000000000000
8229;23563;0,007812500000000000000
8229;23564;0,007812500000000000000
8229;27528;0,007812500000000000000
8229;659899;0,007812500000000000000
8267;8268;1,000000000000000000000
8268;37;0,142857142857142857142
8268;148;0,214285714285714285714
8268;296;0,071428571428571428571
8268;3551;0,142857142857142857142
8268;4091;0,071428571428571428571
8268;5627;0,071428571428571428571
8268;7648;0,071428571428571428571
8268;7968;0,071428571428571428571
8268;8267;0,071428571428571428571
8268;9376;0,071428571428571428571
8293;866;1,000000000000000000000
8306;660;0,333333333333333333333
8306;2543;0,333333333333333333333
8306;113392;0,333333333333333333333
8320;2991;1,000000000000000000000
8348;545;0,833333333333333333333
8348;27527;0,166666666666666666666
8353;356;0,333333333333333333333
8353;1442;0,166666666666666666666
8353;2098;0,166666666666666666666
8353;24668;0,166666666666666666666
8353;27349;0,166666666666666666666
8373;7095;0,500000000000000000000
8373;7886;0,500000000000000000000
8396;1762;0,250000000000000000000
8396;5175;0,250000000000000000000
8396;16845;0,250000000000000000000
8396;17268;0,250000000000000000000
8440;1182;0,571428571428571428571
8440;4225;0,428571428571428571428
8441;35;0,076923076923076923076
8441;643;0,076923076923076923076
8441;2648;0,153846153846153846153
8441;3169;0,153846153846153846153
8441;6929;0,153846153846153846153
8441;8459;0,153846153846153846153
8441;8465;0,076923076923076923076
8441;28397;0,153846153846153846153
8442;2306;0,250000000000000000000
8442;5935;0,500000000000000000000
8442;8460;0,250000000000000000000
8445;77678;0,500000000000000000000
8445;418454;0,500000000000000000000
8446;475;0,333333333333333333333
8446;8460;0,333333333333333333333
8446;317905;0,333333333333333333333
8447;7886;1,000000000000000000000
8461;434663;1,000000000000000000000
8462;793;1,000000000000000000000
8465;240;0,018181818181818181818
8465;362;0,018181818181818181818
8465;475;0,018181818181818181818
8465;479;0,018181818181818181818
8465;520;0,018181818181818181818
8465;525;0,018181818181818181818
8465;643;0,018181818181818181818
8465;706;0,018181818181818181818
8465;793;0,018181818181818181818
8465;852;0,018181818181818181818
8465;1107;0,018181818181818181818
8465;1171;0,018181818181818181818
8465;1313;0,018181818181818181818
8465;1314;0,018181818181818181818
8465;1347;0,018181818181818181818
8465;1554;0,018181818181818181818
8465;1748;0,018181818181818181818
8465;1938;0,018181818181818181818
8465;2306;0,018181818181818181818
8465;2490;0,018181818181818181818
8465;2491;0,018181818181818181818
8465;2815;0,018181818181818181818
8465;3038;0,018181818181818181818
8465;3289;0,018181818181818181818
8465;3374;0,018181818181818181818
8465;3590;0,018181818181818181818
8465;4219;0,018181818181818181818
8465;4242;0,018181818181818181818
8465;4497;0,018181818181818181818
8465;4706;0,018181818181818181818
8465;4835;0,018181818181818181818
8465;4991;0,018181818181818181818
8465;4995;0,018181818181818181818
8465;4998;0,018181818181818181818
8465;4999;0,018181818181818181818
8465;5001;0,018181818181818181818
8465;5002;0,018181818181818181818
8465;5003;0,018181818181818181818
8465;5005;0,018181818181818181818
8465;5011;0,018181818181818181818
8465;5013;0,018181818181818181818
8465;5015;0,018181818181818181818
8465;5019;0,018181818181818181818
8465;5666;0,018181818181818181818
8465;5935;0,018181818181818181818
8465;8438;0,018181818181818181818
8465;8442;0,018181818181818181818
8465;8458;0,018181818181818181818
8465;8460;0,018181818181818181818
8465;8462;0,018181818181818181818
8465;8470;0,018181818181818181818
8465;8473;0,018181818181818181818
8465;8476;0,018181818181818181818
8465;21271;0,018181818181818181818
8465;310049;0,018181818181818181818
8466;479;0,500000000000000000000
8466;418454;0,500000000000000000000
8478;5142;0,666666666666666666666
8478;13428;0,333333333333333333333
8484;975;1,000000000000000000000
8489;11;0,058823529411764705882
8489;181;0,058823529411764705882
8489;469;0,117647058823529411764
8489;798;0,058823529411764705882
8489;972;0,117647058823529411764
8489;1639;0,058823529411764705882
8489;2741;0,058823529411764705882
8489;4572;0,117647058823529411764
8489;5158;0,058823529411764705882
8489;5872;0,058823529411764705882
8489;6543;0,058823529411764705882
8489;7713;0,117647058823529411764
8489;12396;0,058823529411764705882
8491;1693;1,000000000000000000000
8493;1083;0,500000000000000000000
8493;9254;0,500000000000000000000
8516;214;0,200000000000000000000
8516;978;0,200000000000000000000
8516;5177;0,400000000000000000000
8516;8910;0,200000000000000000000
8566;904;0,500000000000000000000
8566;2822;0,500000000000000000000
8590;1703;1,000000000000000000000
8611;163;0,666666666666666666666
8611;2578;0,333333333333333333333
8623;9;0,017543859649122807017
8623;77;0,017543859649122807017
8623;90;0,017543859649122807017
8623;192;0,017543859649122807017
8623;206;0,017543859649122807017
8623;521;0,017543859649122807017
8623;528;0,035087719298245614035
8623;529;0,017543859649122807017
8623;911;0,017543859649122807017
8623;1066;0,017543859649122807017
8623;1109;0,017543859649122807017
8623;1122;0,017543859649122807017
8623;1150;0,017543859649122807017
8623;1234;0,052631578947368421052
8623;1419;0,017543859649122807017
8623;1473;0,017543859649122807017
8623;1866;0,017543859649122807017
8623;1971;0,017543859649122807017
8623;2027;0,017543859649122807017
8623;2041;0,017543859649122807017
8623;2046;0,035087719298245614035
8623;2054;0,017543859649122807017
8623;2059;0,017543859649122807017
8623;2149;0,017543859649122807017
8623;2150;0,017543859649122807017
8623;2216;0,017543859649122807017
8623;2271;0,017543859649122807017
8623;2492;0,017543859649122807017
8623;3142;0,017543859649122807017
8623;3680;0,017543859649122807017
8623;3800;0,017543859649122807017
8623;4070;0,017543859649122807017
8623;5487;0,017543859649122807017
8623;5557;0,017543859649122807017
8623;5564;0,017543859649122807017
8623;5632;0,070175438596491228070
8623;6213;0,017543859649122807017
8623;6320;0,017543859649122807017
8623;8156;0,017543859649122807017
8623;9110;0,017543859649122807017
8623;9390;0,017543859649122807017
8623;9391;0,017543859649122807017
8623;9399;0,017543859649122807017
8623;9400;0,017543859649122807017
8623;9417;0,017543859649122807017
8623;9431;0,017543859649122807017
8623;9440;0,017543859649122807017
8623;11030;0,017543859649122807017
8623;18251;0,017543859649122807017
8623;352262;0,017543859649122807017
8630;615;0,333333333333333333333
8630;3045;0,333333333333333333333
8630;23646;0,333333333333333333333
8633;526;0,333333333333333333333
8633;4748;0,666666666666666666666
8636;148;1,000000000000000000000
8641;13187;1,000000000000000000000
8648;162;0,222222222222222222222
8648;266;0,222222222222222222222
8648;1046;0,111111111111111111111
8648;13814;0,111111111111111111111
8648;442813;0,333333333333333333333
8671;2179;1,000000000000000000000
8723;1744;1,000000000000000000000
8756;1085;0,500000000000000000000
8756;2591;0,500000000000000000000
8774;453;0,250000000000000000000
8774;2578;0,500000000000000000000
8774;284852;0,250000000000000000000
8786;7160;1,000000000000000000000
8787;182;0,500000000000000000000
8787;798;0,500000000000000000000
8820;2275;1,000000000000000000000
8830;85;1,000000000000000000000
8843;12698;1,000000000000000000000
8870;2421;0,500000000000000000000
8870;6634;0,500000000000000000000
8889;8396;1,000000000000000000000
8899;433;0,400000000000000000000
8899;5071;0,200000000000000000000
8899;28457;0,400000000000000000000
8902;4386;1,000000000000000000000
8909;1162;0,071428571428571428571
8909;1949;0,071428571428571428571
8909;2863;0,071428571428571428571
8909;5613;0,214285714285714285714
8909;7713;0,071428571428571428571
8909;8910;0,285714285714285714285
8909;189452;0,071428571428571428571
8909;665791;0,142857142857142857142
8910;972;0,038461538461538461538
8910;1754;0,038461538461538461538
8910;2080;0,038461538461538461538
8910;2129;0,038461538461538461538
8910;2198;0,076923076923076923076
8910;2834;0,076923076923076923076
8910;3235;0,038461538461538461538
8910;5061;0,115384615384615384615
8910;8909;0,038461538461538461538
8910;9721;0,038461538461538461538
8910;37815;0,038461538461538461538
8910;38738;0,038461538461538461538
8910;47352;0,076923076923076923076
8910;50332;0,038461538461538461538
8910;50959;0,076923076923076923076
8910;76428;0,038461538461538461538
8910;190971;0,038461538461538461538
8910;747808;0,115384615384615384615
8928;3293;1,000000000000000000000
8957;313;1,000000000000000000000
9047;354;1,000000000000000000000
9068;2287;0,166666666666666666666
9068;2510;0,500000000000000000000
9068;15975;0,166666666666666666666
9068;651622;0,166666666666666666666
9098;297;1,000000000000000000000
9107;1065;1,000000000000000000000
9114;1824;0,750000000000000000000
9114;2438;0,250000000000000000000
9150;74;1,000000000000000000000
9159;6694;0,500000000000000000000
9159;7886;0,500000000000000000000
9184;1744;0,500000000000000000000
9184;4262;0,500000000000000000000
9208;977;0,250000000000000000000
9208;7759;0,750000000000000000000
9215;3496;1,000000000000000000000
9226;119;0,500000000000000000000
9226;1254;0,500000000000000000000
9274;7886;1,000000000000000000000
9288;2877;0,200000000000000000000
9288;3197;0,200000000000000000000
9288;3318;0,200000000000000000000
9288;4145;0,200000000000000000000
9288;7072;0,200000000000000000000
9296;978;0,857142857142857142857
9296;1085;0,142857142857142857142
9309;9288;1,000000000000000000000
9330;4337;1,000000000000000000000
9340;1451;1,000000000000000000000
9356;148;0,044444444444444444444
9356;484;0,022222222222222222222
9356;719;0,022222222222222222222
9356;1439;0,066666666666666666666
9356;1440;0,044444444444444444444
9356;1976;0,022222222222222222222
9356;2734;0,022222222222222222222
9356;3085;0,044444444444444444444
9356;3420;0,066666666666666666666
9356;5523;0,022222222222222222222
9356;5627;0,044444444444444444444
9356;5654;0,022222222222222222222
9356;8003;0,022222222222222222222
9356;9668;0,088888888888888888888
9356;10658;0,022222222222222222222
9356;11552;0,022222222222222222222
9356;12938;0,022222222222222222222
9356;22211;0,022222222222222222222
9356;28821;0,022222222222222222222
9356;28826;0,111111111111111111111
9356;37814;0,088888888888888888888
9356;45718;0,022222222222222222222
9356;45724;0,044444444444444444444
9356;50959;0,022222222222222222222
9356;173893;0,022222222222222222222
9356;189452;0,022222222222222222222
9376;246;0,028571428571428571428
9376;271;0,028571428571428571428
9376;288;0,028571428571428571428
9376;294;0,028571428571428571428
9376;545;0,028571428571428571428
9376;609;0,028571428571428571428
9376;1497;0,028571428571428571428
9376;1824;0,028571428571428571428
9376;2323;0,028571428571428571428
9376;2337;0,028571428571428571428
9376;2343;0,028571428571428571428
9376;2372;0,028571428571428571428
9376;2678;0,057142857142857142857
9376;3360;0,028571428571428571428
9376;3551;0,028571428571428571428
9376;3731;0,028571428571428571428
9376;3978;0,028571428571428571428
9376;4657;0,028571428571428571428
9376;4728;0,028571428571428571428
9376;4794;0,028571428571428571428
9376;5915;0,028571428571428571428
9376;7968;0,028571428571428571428
9376;8635;0,028571428571428571428
9376;9992;0,028571428571428571428
9376;10860;0,028571428571428571428
9376;11014;0,028571428571428571428
9376;12385;0,028571428571428571428
9376;14652;0,028571428571428571428
9376;15867;0,028571428571428571428
9376;17677;0,028571428571428571428
9376;17773;0,028571428571428571428
9376;23561;0,028571428571428571428
9376;23562;0,028571428571428571428
9376;23563;0,028571428571428571428
9389;960;0,333333333333333333333
9389;6234;0,333333333333333333333
9389;7759;0,333333333333333333333
9393;151009;1,000000000000000000000
9395;1286;0,333333333333333333333
9395;2064;0,666666666666666666666
9396;526;0,250000000000000000000
9396;5530;0,750000000000000000000
9399;7759;1,000000000000000000000
9405;7767;1,000000000000000000000
9409;960;0,200000000000000000000
9409;2644;0,200000000000000000000
9409;4281;0,600000000000000000000
9418;866;1,000000000000000000000
9424;9433;1,000000000000000000000
9429;423622;1,000000000000000000000
9433;9424;1,000000000000000000000
9441;1694;1,000000000000000000000
9481;4292;1,000000000000000000000
9483;50;0,500000000000000000000
9483;1500;0,500000000000000000000
9510;4;0,333333333333333333333
9510;13899;0,666666666666666666666
9513;1157;0,500000000000000000000
9513;5646;0,500000000000000000000
9542;1315;1,000000000000000000000
9660;7998;0,333333333333333333333
9660;8109;0,333333333333333333333
9660;17282;0,333333333333333333333
9668;1440;0,166666666666666666666
9668;3420;0,166666666666666666666
9668;9356;0,166666666666666666666
9668;10658;0,166666666666666666666
9668;28826;0,166666666666666666666
9668;37814;0,166666666666666666666
9720;16076;1,000000000000000000000
9721;9725;1,000000000000000000000
9722;9729;1,000000000000000000000
9725;233872;1,000000000000000000000
9729;522;0,250000000000000000000
9729;956;0,250000000000000000000
9729;9722;0,250000000000000000000
9729;13074;0,250000000000000000000
9730;9729;1,000000000000000000000
9762;1227;0,142857142857142857142
9762;4307;0,142857142857142857142
9762;12159;0,428571428571428571428
9762;389498;0,285714285714285714285
9807;877;0,250000000000000000000
9807;878;0,125000000000000000000
9807;2214;0,125000000000000000000
9807;3142;0,250000000000000000000
9807;4765;0,125000000000000000000
9807;4979;0,125000000000000000000
9831;12938;1,000000000000000000000
9832;1831;0,500000000000000000000
9832;9356;0,500000000000000000000
9846;352;0,500000000000000000000
9846;4530;0,500000000000000000000
9898;387438;1,000000000000000000000
9941;287;0,800000000000000000000
9941;747;0,200000000000000000000
9951;4518;0,500000000000000000000
9951;5601;0,500000000000000000000
9960;2326;1,000000000000000000000
9968;2479;0,500000000000000000000
9968;3141;0,500000000000000000000
9992;2372;1,000000000000000000000
9998;1250;1,000000000000000000000
10020;101;0,111111111111111111111
10020;251;0,222222222222222222222
10020;698;0,111111111111111111111
10020;861;0,111111111111111111111
10020;2741;0,444444444444444444444
10080;1263;0,500000000000000000000
10080;14465;0,500000000000000000000
10176;5601;1,000000000000000000000
10177;1700;0,666666666666666666666
10177;27269;0,333333333333333333333
10188;135;0,052631578947368421052
10188;183;0,052631578947368421052
10188;980;0,105263157894736842105
10188;1234;0,105263157894736842105
10188;1235;0,052631578947368421052
10188;1236;0,052631578947368421052
10188;1237;0,105263157894736842105
10188;1278;0,052631578947368421052
10188;1591;0,157894736842105263157
10188;1931;0,052631578947368421052
10188;2684;0,052631578947368421052
10188;3395;0,052631578947368421052
10188;3802;0,052631578947368421052
10188;21154;0,052631578947368421052
10197;2716;1,000000000000000000000
10255;2543;1,000000000000000000000
10338;40;0,038461538461538461538
10338;214;0,076923076923076923076
10338;1094;0,038461538461538461538
10338;1429;0,038461538461538461538
10338;1785;0,038461538461538461538
10338;2080;0,192307692307692307692
10338;2083;0,038461538461538461538
10338;4621;0,038461538461538461538
10338;8003;0,038461538461538461538
10338;25488;0,076923076923076923076
10338;37813;0,038461538461538461538
10338;40961;0,038461538461538461538
10338;45604;0,038461538461538461538
10338;90666;0,076923076923076923076
10338;136265;0,038461538461538461538
10338;233872;0,115384615384615384615
10338;357817;0,038461538461538461538
10359;59745;1,000000000000000000000
10390;12938;1,000000000000000000000
10409;375;1,000000000000000000000
10523;2001;1,000000000000000000000
10602;17276;1,000000000000000000000
10613;4837;1,000000000000000000000
10649;57838;1,000000000000000000000
10682;1065;0,500000000000000000000
10682;418454;0,500000000000000000000
10740;883;0,500000000000000000000
10740;9434;0,500000000000000000000
10860;113392;1,000000000000000000000
10892;255863;1,000000000000000000000
10926;713;1,000000000000000000000
10946;1667;0,500000000000000000000
10946;5564;0,500000000000000000000
11138;397;0,500000000000000000000
11138;21112;0,500000000000000000000
11213;22;0,500000000000000000000
11213;977;0,500000000000000000000
11330;2184;0,500000000000000000000
11330;329279;0,500000000000000000000
11369;1771;0,090909090909090909090
11369;2425;0,363636363636363636363
11369;6918;0,181818181818181818181
11369;8205;0,363636363636363636363
11377;1889;1,000000000000000000000
11415;2884;1,000000000000000000000
11427;23886;0,500000000000000000000
11427;497739;0,500000000000000000000
11476;613;0,200000000000000000000
11476;1454;0,200000000000000000000
11476;1564;0,200000000000000000000
11476;1567;0,200000000000000000000
11476;5601;0,200000000000000000000
11527;629364;1,000000000000000000000
11536;512;1,000000000000000000000
11552;1831;0,200000000000000000000
11552;5654;0,200000000000000000000
11552;9356;0,100000000000000000000
11552;38738;0,100000000000000000000
11552;45724;0,200000000000000000000
11552;157662;0,100000000000000000000
11552;233872;0,100000000000000000000
11656;2433;0,200000000000000000000
11656;2778;0,400000000000000000000
11656;3212;0,200000000000000000000
11656;3968;0,200000000000000000000
11695;3212;0,333333333333333333333
11695;4100;0,333333333333333333333
11695;4372;0,333333333333333333333
11734;1596;0,100000000000000000000
11734;3212;0,100000000000000000000
11734;4576;0,700000000000000000000
11734;17678;0,100000000000000000000
11869;883;0,500000000000000000000
11869;3249;0,500000000000000000000
11902;4148;0,500000000000000000000
11902;604233;0,500000000000000000000
12026;979;0,500000000000000000000
12026;1703;0,500000000000000000000
12156;9;0,037037037037037037037
12156;853;0,074074074074074074074
12156;1262;0,037037037037037037037
12156;1319;0,074074074074074074074
12156;1717;0,074074074074074074074
12156;4430;0,074074074074074074074
12156;4470;0,074074074074074074074
12156;4772;0,074074074074074074074
12156;5526;0,074074074074074074074
12156;8873;0,074074074074074074074
12156;9090;0,074074074074074074074
12156;9360;0,037037037037037037037
12156;13622;0,074074074074074074074
12156;27862;0,074074074074074074074
12156;122436;0,074074074074074074074
12159;4307;0,166666666666666666666
12159;9762;0,833333333333333333333
12269;5092;1,000000000000000000000
12339;853;0,500000000000000000000
12339;2277;0,500000000000000000000
12356;458;0,666666666666666666666
12356;504;0,333333333333333333333
12372;1689;1,000000000000000000000
12389;12842;1,000000000000000000000
12432;853;1,000000000000000000000
12433;853;1,000000000000000000000
12497;4744;1,000000000000000000000
12563;382;0,071428571428571428571
12563;388;0,035714285714285714285
12563;398;0,107142857142857142857
12563;404;0,035714285714285714285
12563;411;0,035714285714285714285
12563;458;0,178571428571428571428
12563;1218;0,035714285714285714285
12563;2993;0,035714285714285714285
12563;3022;0,107142857142857142857
12563;6151;0,035714285714285714285
12563;7030;0,035714285714285714285
12563;11527;0,035714285714285714285
12563;12850;0,071428571428571428571
12563;25274;0,035714285714285714285
12563;119973;0,107142857142857142857
12563;189452;0,035714285714285714285
12579;846;1,000000000000000000000
12596;1180;0,666666666666666666666
12596;5071;0,222222222222222222222
12596;5626;0,111111111111111111111
12685;3390;1,000000000000000000000
12698;8843;1,000000000000000000000
12706;5149;0,125000000000000000000
12706;5790;0,625000000000000000000
12706;7209;0,250000000000000000000
12798;5856;1,000000000000000000000
12805;12698;1,000000000000000000000
12820;9898;1,000000000000000000000
12826;853;1,000000000000000000000
12850;389;0,166666666666666666666
12850;1218;0,500000000000000000000
12850;2119;0,166666666666666666666
12850;3318;0,166666666666666666666
12876;283633;1,000000000000000000000
12880;4553;1,000000000000000000000
12936;978;0,333333333333333333333
12936;1503;0,333333333333333333333
12936;233872;0,333333333333333333333
12938;275;0,250000000000000000000
12938;9356;0,250000000000000000000
12938;9831;0,250000000000000000000
12938;10390;0,250000000000000000000
13074;71;0,038461538461538461538
13074;96;0,038461538461538461538
13074;360;0,038461538461538461538
13074;689;0,038461538461538461538
13074;1065;0,038461538461538461538
13074;1321;0,038461538461538461538
13074;1401;0,038461538461538461538
13074;1589;0,038461538461538461538
13074;1695;0,038461538461538461538
13074;1724;0,038461538461538461538
13074;2569;0,038461538461538461538
13074;2647;0,038461538461538461538
13074;3098;0,038461538461538461538
13074;3465;0,038461538461538461538
13074;4501;0,038461538461538461538
13074;6554;0,038461538461538461538
13074;8081;0,038461538461538461538
13074;8687;0,038461538461538461538
13074;9171;0,038461538461538461538
13074;9729;0,038461538461538461538
13074;13026;0,038461538461538461538
13074;17773;0,038461538461538461538
13074;18641;0,038461538461538461538
13074;28940;0,038461538461538461538
13074;83103;0,038461538461538461538
13074;352364;0,038461538461538461538
13141;37;0,093750000000000000000
13141;38;0,093750000000000000000
13141;179;0,031250000000000000000
13141;568;0,031250000000000000000
13141;609;0,062500000000000000000
13141;920;0,031250000000000000000
13141;1724;0,062500000000000000000
13141;1877;0,062500000000000000000
13141;1892;0,031250000000000000000
13141;3212;0,031250000000000000000
13141;3518;0,031250000000000000000
13141;7215;0,093750000000000000000
13141;7521;0,031250000000000000000
13141;7648;0,031250000000000000000
13141;12755;0,062500000000000000000
13141;331627;0,062500000000000000000
13141;365531;0,062500000000000000000
13141;365532;0,031250000000000000000
13141;365533;0,062500000000000000000
13158;2800;0,500000000000000000000
13158;2884;0,500000000000000000000
13187;8641;1,000000000000000000000
13195;313;0,500000000000000000000
13195;21502;0,250000000000000000000
13195;25861;0,250000000000000000000
13265;9;0,001647446457990115321
13265;22;0,001647446457990115321
13265;65;0,001647446457990115321
13265;77;0,001647446457990115321
13265;78;0,001647446457990115321
13265;90;0,001647446457990115321
13265;127;0,001647446457990115321
13265;151;0,001647446457990115321
13265;184;0,001647446457990115321
13265;190;0,001647446457990115321
13265;192;0,001647446457990115321
13265;206;0,001647446457990115321
13265;235;0,001647446457990115321
13265;242;0,001647446457990115321
13265;307;0,001647446457990115321
13265;373;0,001647446457990115321
13265;378;0,001647446457990115321
13265;466;0,001647446457990115321
13265;467;0,001647446457990115321
13265;474;0,001647446457990115321
13265;496;0,001647446457990115321
13265;497;0,001647446457990115321
13265;512;0,001647446457990115321
13265;521;0,001647446457990115321
13265;524;0,001647446457990115321
13265;526;0,001647446457990115321
13265;528;0,001647446457990115321
13265;529;0,001647446457990115321
13265;577;0,001647446457990115321
13265;594;0,001647446457990115321
13265;611;0,001647446457990115321
13265;620;0,001647446457990115321
13265;621;0,001647446457990115321
13265;622;0,001647446457990115321
13265;766;0,001647446457990115321
13265;815;0,001647446457990115321
13265;841;0,001647446457990115321
13265;866;0,001647446457990115321
13265;877;0,001647446457990115321
13265;878;0,001647446457990115321
13265;883;0,001647446457990115321
13265;887;0,001647446457990115321
13265;906;0,001647446457990115321
13265;911;0,001647446457990115321
13265;938;0,001647446457990115321
13265;960;0,001647446457990115321
13265;965;0,001647446457990115321
13265;970;0,001647446457990115321
13265;977;0,001647446457990115321
13265;1044;0,001647446457990115321
13265;1060;0,001647446457990115321
13265;1066;0,001647446457990115321
13265;1101;0,001647446457990115321
13265;1109;0,001647446457990115321
13265;1114;0,001647446457990115321
13265;1121;0,001647446457990115321
13265;1122;0,001647446457990115321
13265;1150;0,001647446457990115321
13265;1234;0,001647446457990115321
13265;1240;0,001647446457990115321
13265;1263;0,001647446457990115321
13265;1274;0,001647446457990115321
13265;1286;0,001647446457990115321
13265;1325;0,001647446457990115321
13265;1327;0,001647446457990115321
13265;1328;0,001647446457990115321
13265;1329;0,001647446457990115321
13265;1331;0,001647446457990115321
13265;1332;0,001647446457990115321
13265;1335;0,001647446457990115321
13265;1336;0,001647446457990115321
13265;1337;0,001647446457990115321
13265;1393;0,001647446457990115321
13265;1401;0,001647446457990115321
13265;1419;0,001647446457990115321
13265;1432;0,001647446457990115321
13265;1473;0,001647446457990115321
13265;1475;0,001647446457990115321
13265;1508;0,001647446457990115321
13265;1525;0,001647446457990115321
13265;1549;0,001647446457990115321
13265;1625;0,001647446457990115321
13265;1632;0,001647446457990115321
13265;1667;0,001647446457990115321
13265;1676;0,001647446457990115321
13265;1743;0,001647446457990115321
13265;1744;0,001647446457990115321
13265;1780;0,001647446457990115321
13265;1838;0,001647446457990115321
13265;1856;0,001647446457990115321
13265;1866;0,001647446457990115321
13265;1971;0,001647446457990115321
13265;2017;0,001647446457990115321
13265;2023;0,001647446457990115321
13265;2027;0,001647446457990115321
13265;2029;0,001647446457990115321
13265;2037;0,001647446457990115321
13265;2039;0,001647446457990115321
13265;2041;0,001647446457990115321
13265;2043;0,001647446457990115321
13265;2046;0,001647446457990115321
13265;2050;0,001647446457990115321
13265;2052;0,001647446457990115321
13265;2054;0,001647446457990115321
13265;2059;0,001647446457990115321
13265;2064;0,001647446457990115321
13265;2066;0,001647446457990115321
13265;2070;0,001647446457990115321
13265;2071;0,001647446457990115321
13265;2146;0,001647446457990115321
13265;2147;0,001647446457990115321
13265;2150;0,001647446457990115321
13265;2152;0,001647446457990115321
13265;2153;0,001647446457990115321
13265;2156;0,001647446457990115321
13265;2212;0,001647446457990115321
13265;2213;0,001647446457990115321
13265;2215;0,001647446457990115321
13265;2216;0,001647446457990115321
13265;2223;0,001647446457990115321
13265;2271;0,001647446457990115321
13265;2272;0,001647446457990115321
13265;2280;0,001647446457990115321
13265;2312;0,001647446457990115321
13265;2349;0,001647446457990115321
13265;2359;0,001647446457990115321
13265;2369;0,001647446457990115321
13265;2385;0,001647446457990115321
13265;2403;0,001647446457990115321
13265;2418;0,001647446457990115321
13265;2434;0,001647446457990115321
13265;2492;0,001647446457990115321
13265;2498;0,001647446457990115321
13265;2503;0,001647446457990115321
13265;2504;0,001647446457990115321
13265;2586;0,001647446457990115321
13265;2644;0,001647446457990115321
13265;2683;0,001647446457990115321
13265;2697;0,001647446457990115321
13265;2737;0,001647446457990115321
13265;2738;0,001647446457990115321
13265;2740;0,001647446457990115321
13265;2779;0,001647446457990115321
13265;2780;0,001647446457990115321
13265;2786;0,001647446457990115321
13265;2823;0,001647446457990115321
13265;2830;0,001647446457990115321
13265;2832;0,001647446457990115321
13265;2998;0,001647446457990115321
13265;3017;0,001647446457990115321
13265;3085;0,001647446457990115321
13265;3116;0,001647446457990115321
13265;3142;0,001647446457990115321
13265;3147;0,001647446457990115321
13265;3158;0,001647446457990115321
13265;3204;0,001647446457990115321
13265;3205;0,001647446457990115321
13265;3241;0,001647446457990115321
13265;3268;0,001647446457990115321
13265;3269;0,001647446457990115321
13265;3271;0,001647446457990115321
13265;3296;0,001647446457990115321
13265;3311;0,001647446457990115321
13265;3328;0,001647446457990115321
13265;3355;0,001647446457990115321
13265;3356;0,001647446457990115321
13265;3394;0,001647446457990115321
13265;3403;0,001647446457990115321
13265;3414;0,001647446457990115321
13265;3535;0,001647446457990115321
13265;3591;0,001647446457990115321
13265;3680;0,001647446457990115321
13265;3703;0,001647446457990115321
13265;3704;0,001647446457990115321
13265;3714;0,001647446457990115321
13265;3736;0,001647446457990115321
13265;3748;0,001647446457990115321
13265;3781;0,001647446457990115321
13265;3798;0,001647446457990115321
13265;3800;0,001647446457990115321
13265;3864;0,001647446457990115321
13265;3983;0,001647446457990115321
13265;3991;0,001647446457990115321
13265;3998;0,001647446457990115321
13265;4048;0,001647446457990115321
13265;4064;0,001647446457990115321
13265;4070;0,001647446457990115321
13265;4086;0,001647446457990115321
13265;4146;0,001647446457990115321
13265;4147;0,001647446457990115321
13265;4197;0,001647446457990115321
13265;4208;0,001647446457990115321
13265;4237;0,001647446457990115321
13265;4240;0,001647446457990115321
13265;4262;0,001647446457990115321
13265;4271;0,001647446457990115321
13265;4280;0,001647446457990115321
13265;4281;0,001647446457990115321
13265;4364;0,001647446457990115321
13265;4380;0,001647446457990115321
13265;4414;0,001647446457990115321
13265;4472;0,001647446457990115321
13265;4491;0,001647446457990115321
13265;4493;0,001647446457990115321
13265;4500;0,001647446457990115321
13265;4525;0,001647446457990115321
13265;4533;0,001647446457990115321
13265;4561;0,001647446457990115321
13265;4580;0,001647446457990115321
13265;4625;0,001647446457990115321
13265;4715;0,001647446457990115321
13265;4720;0,001647446457990115321
13265;4748;0,001647446457990115321
13265;4755;0,001647446457990115321
13265;4758;0,001647446457990115321
13265;4765;0,001647446457990115321
13265;4829;0,001647446457990115321
13265;4979;0,001647446457990115321
13265;5082;0,001647446457990115321
13265;5097;0,001647446457990115321
13265;5119;0,001647446457990115321
13265;5144;0,001647446457990115321
13265;5167;0,001647446457990115321
13265;5214;0,001647446457990115321
13265;5219;0,001647446457990115321
13265;5250;0,001647446457990115321
13265;5264;0,001647446457990115321
13265;5351;0,001647446457990115321
13265;5367;0,001647446457990115321
13265;5437;0,001647446457990115321
13265;5438;0,001647446457990115321
13265;5439;0,001647446457990115321
13265;5441;0,001647446457990115321
13265;5442;0,001647446457990115321
13265;5443;0,001647446457990115321
13265;5444;0,001647446457990115321
13265;5445;0,001647446457990115321
13265;5446;0,001647446457990115321
13265;5459;0,001647446457990115321
13265;5469;0,001647446457990115321
13265;5487;0,001647446457990115321
13265;5513;0,001647446457990115321
13265;5519;0,001647446457990115321
13265;5522;0,001647446457990115321
13265;5530;0,001647446457990115321
13265;5545;0,001647446457990115321
13265;5557;0,001647446457990115321
13265;5564;0,001647446457990115321
13265;5629;0,001647446457990115321
13265;5632;0,001647446457990115321
13265;5691;0,001647446457990115321
13265;5698;0,001647446457990115321
13265;5762;0,001647446457990115321
13265;5831;0,001647446457990115321
13265;5892;0,001647446457990115321
13265;5922;0,001647446457990115321
13265;5944;0,001647446457990115321
13265;6189;0,001647446457990115321
13265;6213;0,001647446457990115321
13265;6234;0,001647446457990115321
13265;6316;0,001647446457990115321
13265;6320;0,001647446457990115321
13265;6465;0,001647446457990115321
13265;6472;0,001647446457990115321
13265;6548;0,001647446457990115321
13265;6581;0,001647446457990115321
13265;6604;0,001647446457990115321
13265;6624;0,001647446457990115321
13265;6693;0,001647446457990115321
13265;6781;0,001647446457990115321
13265;6827;0,001647446457990115321
13265;6828;0,001647446457990115321
13265;7221;0,001647446457990115321
13265;7278;0,001647446457990115321
13265;7301;0,001647446457990115321
13265;7328;0,001647446457990115321
13265;7546;0,001647446457990115321
13265;7564;0,001647446457990115321
13265;7586;0,001647446457990115321
13265;7650;0,003294892915980230642
13265;7747;0,001647446457990115321
13265;7759;0,001647446457990115321
13265;7762;0,001647446457990115321
13265;7767;0,001647446457990115321
13265;7780;0,001647446457990115321
13265;7788;0,001647446457990115321
13265;7939;0,001647446457990115321
13265;7979;0,001647446457990115321
13265;7983;0,001647446457990115321
13265;8090;0,001647446457990115321
13265;8143;0,001647446457990115321
13265;8156;0,001647446457990115321
13265;8293;0,001647446457990115321
13265;8381;0,001647446457990115321
13265;8500;0,001647446457990115321
13265;8611;0,001647446457990115321
13265;8618;0,001647446457990115321
13265;8623;0,001647446457990115321
13265;8633;0,001647446457990115321
13265;8723;0,001647446457990115321
13265;8730;0,001647446457990115321
13265;8933;0,001647446457990115321
13265;9026;0,001647446457990115321
13265;9110;0,001647446457990115321
13265;9158;0,001647446457990115321
13265;9184;0,001647446457990115321
13265;9208;0,001647446457990115321
13265;9217;0,001647446457990115321
13265;9371;0,001647446457990115321
13265;9381;0,001647446457990115321
13265;9382;0,001647446457990115321
13265;9384;0,001647446457990115321
13265;9385;0,001647446457990115321
13265;9386;0,001647446457990115321
13265;9387;0,001647446457990115321
13265;9389;0,001647446457990115321
13265;9390;0,001647446457990115321
13265;9391;0,001647446457990115321
13265;9392;0,001647446457990115321
13265;9393;0,001647446457990115321
13265;9395;0,001647446457990115321
13265;9396;0,001647446457990115321
13265;9398;0,001647446457990115321
13265;9399;0,001647446457990115321
13265;9400;0,001647446457990115321
13265;9401;0,001647446457990115321
13265;9402;0,001647446457990115321
13265;9403;0,001647446457990115321
13265;9405;0,001647446457990115321
13265;9406;0,001647446457990115321
13265;9407;0,001647446457990115321
13265;9408;0,001647446457990115321
13265;9409;0,001647446457990115321
13265;9410;0,001647446457990115321
13265;9411;0,001647446457990115321
13265;9412;0,001647446457990115321
13265;9413;0,001647446457990115321
13265;9414;0,001647446457990115321
13265;9415;0,001647446457990115321
13265;9416;0,001647446457990115321
13265;9417;0,001647446457990115321
13265;9418;0,001647446457990115321
13265;9420;0,001647446457990115321
13265;9421;0,001647446457990115321
13265;9422;0,001647446457990115321
13265;9424;0,001647446457990115321
13265;9425;0,001647446457990115321
13265;9430;0,001647446457990115321
13265;9431;0,001647446457990115321
13265;9432;0,001647446457990115321
13265;9433;0,001647446457990115321
13265;9434;0,001647446457990115321
13265;9435;0,001647446457990115321
13265;9436;0,001647446457990115321
13265;9437;0,001647446457990115321
13265;9438;0,001647446457990115321
13265;9439;0,001647446457990115321
13265;9441;0,001647446457990115321
13265;9442;0,001647446457990115321
13265;9624;0,001647446457990115321
13265;9681;0,001647446457990115321
13265;9806;0,001647446457990115321
13265;9807;0,001647446457990115321
13265;9839;0,001647446457990115321
13265;9994;0,001647446457990115321
13265;10000;0,001647446457990115321
13265;10080;0,001647446457990115321
13265;10169;0,001647446457990115321
13265;10649;0,001647446457990115321
13265;10740;0,001647446457990115321
13265;10946;0,001647446457990115321
13265;11030;0,001647446457990115321
13265;11213;0,001647446457990115321
13265;11536;0,001647446457990115321
13265;11839;0,001647446457990115321
13265;11999;0,001647446457990115321
13265;12098;0,001647446457990115321
13265;12394;0,001647446457990115321
13265;12523;0,001647446457990115321
13265;12612;0,001647446457990115321
13265;12717;0,001647446457990115321
13265;12798;0,001647446457990115321
13265;13006;0,001647446457990115321
13265;13026;0,001647446457990115321
13265;13369;0,001647446457990115321
13265;13372;0,001647446457990115321
13265;13545;0,001647446457990115321
13265;13560;0,001647446457990115321
13265;14073;0,001647446457990115321
13265;14151;0,001647446457990115321
13265;14465;0,001647446457990115321
13265;14839;0,001647446457990115321
13265;14899;0,001647446457990115321
13265;15437;0,001647446457990115321
13265;15890;0,001647446457990115321
13265;16644;0,001647446457990115321
13265;17323;0,001647446457990115321
13265;17453;0,001647446457990115321
13265;17502;0,001647446457990115321
13265;17530;0,001647446457990115321
13265;17603;0,001647446457990115321
13265;18003;0,001647446457990115321
13265;18145;0,001647446457990115321
13265;18247;0,001647446457990115321
13265;18251;0,001647446457990115321
13265;18258;0,001647446457990115321
13265;18264;0,001647446457990115321
13265;18577;0,001647446457990115321
13265;19031;0,001647446457990115321
13265;20235;0,001647446457990115321
13265;20662;0,001647446457990115321
13265;20669;0,001647446457990115321
13265;20801;0,001647446457990115321
13265;20969;0,001647446457990115321
13265;21594;0,001647446457990115321
13265;21839;0,001647446457990115321
13265;25849;0,001647446457990115321
13265;25899;0,001647446457990115321
13265;26502;0,001647446457990115321
13265;26746;0,001647446457990115321
13265;27173;0,001647446457990115321
13265;27286;0,001647446457990115321
13265;27312;0,001647446457990115321
13265;27315;0,001647446457990115321
13265;27316;0,001647446457990115321
13265;27317;0,001647446457990115321
13265;27320;0,001647446457990115321
13265;27321;0,001647446457990115321
13265;27324;0,001647446457990115321
13265;27325;0,001647446457990115321
13265;27330;0,001647446457990115321
13265;27332;0,001647446457990115321
13265;27335;0,001647446457990115321
13265;27337;0,001647446457990115321
13265;27340;0,001647446457990115321
13265;27456;0,001647446457990115321
13265;27494;0,001647446457990115321
13265;27500;0,001647446457990115321
13265;27512;0,001647446457990115321
13265;27636;0,001647446457990115321
13265;27761;0,001647446457990115321
13265;27762;0,001647446457990115321
13265;27764;0,001647446457990115321
13265;27765;0,001647446457990115321
13265;27767;0,001647446457990115321
13265;27768;0,001647446457990115321
13265;27770;0,001647446457990115321
13265;27771;0,001647446457990115321
13265;27773;0,001647446457990115321
13265;27774;0,001647446457990115321
13265;27778;0,001647446457990115321
13265;27779;0,001647446457990115321
13265;27780;0,001647446457990115321
13265;27781;0,001647446457990115321
13265;27782;0,001647446457990115321
13265;27788;0,001647446457990115321
13265;27789;0,001647446457990115321
13265;27790;0,001647446457990115321
13265;27791;0,001647446457990115321
13265;27793;0,001647446457990115321
13265;27797;0,001647446457990115321
13265;27799;0,001647446457990115321
13265;27800;0,001647446457990115321
13265;27803;0,001647446457990115321
13265;27808;0,001647446457990115321
13265;27837;0,001647446457990115321
13265;27854;0,001647446457990115321
13265;27863;0,001647446457990115321
13265;27865;0,001647446457990115321
13265;27870;0,001647446457990115321
13265;27884;0,001647446457990115321
13265;27891;0,001647446457990115321
13265;27892;0,001647446457990115321
13265;27893;0,001647446457990115321
13265;27902;0,001647446457990115321
13265;27928;0,001647446457990115321
13265;28159;0,001647446457990115321
13265;28225;0,001647446457990115321
13265;28227;0,001647446457990115321
13265;28234;0,001647446457990115321
13265;28235;0,001647446457990115321
13265;28239;0,001647446457990115321
13265;28240;0,001647446457990115321
13265;28241;0,001647446457990115321
13265;28242;0,001647446457990115321
13265;28245;0,001647446457990115321
13265;28248;0,001647446457990115321
13265;28250;0,001647446457990115321
13265;28254;0,001647446457990115321
13265;28257;0,001647446457990115321
13265;28258;0,001647446457990115321
13265;28259;0,001647446457990115321
13265;28260;0,001647446457990115321
13265;28261;0,001647446457990115321
13265;28264;0,001647446457990115321
13265;28270;0,001647446457990115321
13265;28272;0,001647446457990115321
13265;28273;0,001647446457990115321
13265;28274;0,001647446457990115321
13265;28275;0,001647446457990115321
13265;28277;0,001647446457990115321
13265;28279;0,001647446457990115321
13265;28281;0,001647446457990115321
13265;28286;0,001647446457990115321
13265;28442;0,001647446457990115321
13265;28513;0,001647446457990115321
13265;28593;0,001647446457990115321
13265;28598;0,001647446457990115321
13265;28738;0,001647446457990115321
13265;28815;0,001647446457990115321
13265;28866;0,001647446457990115321
13265;28867;0,001647446457990115321
13265;28868;0,001647446457990115321
13265;28869;0,001647446457990115321
13265;28871;0,001647446457990115321
13265;28872;0,001647446457990115321
13265;28873;0,001647446457990115321
13265;28875;0,001647446457990115321
13265;28877;0,001647446457990115321
13265;28879;0,001647446457990115321
13265;28887;0,001647446457990115321
13265;28899;0,001647446457990115321
13265;28902;0,001647446457990115321
13265;28903;0,001647446457990115321
13265;28905;0,001647446457990115321
13265;28906;0,001647446457990115321
13265;28907;0,001647446457990115321
13265;28908;0,001647446457990115321
13265;28909;0,001647446457990115321
13265;28910;0,001647446457990115321
13265;28911;0,001647446457990115321
13265;28912;0,001647446457990115321
13265;28925;0,001647446457990115321
13265;29061;0,001647446457990115321
13265;29068;0,001647446457990115321
13265;44981;0,001647446457990115321
13265;50625;0,001647446457990115321
13265;53012;0,001647446457990115321
13265;56195;0,001647446457990115321
13265;57838;0,001647446457990115321
13265;62135;0,001647446457990115321
13265;67566;0,001647446457990115321
13265;71224;0,001647446457990115321
13265;92556;0,001647446457990115321
13265;99818;0,001647446457990115321
13265;112062;0,001647446457990115321
13265;134008;0,001647446457990115321
13265;135596;0,001647446457990115321
13265;137497;0,001647446457990115321
13265;139139;0,001647446457990115321
13265;143291;0,001647446457990115321
13265;151009;0,001647446457990115321
13265;151929;0,001647446457990115321
13265;169356;0,001647446457990115321
13265;170451;0,001647446457990115321
13265;173632;0,001647446457990115321
13265;219255;0,001647446457990115321
13265;255445;0,001647446457990115321
13265;257324;0,001647446457990115321
13265;259831;0,001647446457990115321
13265;276505;0,001647446457990115321
13265;284854;0,001647446457990115321
13265;286660;0,001647446457990115321
13265;287409;0,001647446457990115321
13265;308238;0,001647446457990115321
13265;309580;0,001647446457990115321
13265;325535;0,001647446457990115321
13265;326597;0,001647446457990115321
13265;327535;0,001647446457990115321
13265;327858;0,001647446457990115321
13265;327859;0,001647446457990115321
13265;327860;0,001647446457990115321
13265;329223;0,001647446457990115321
13265;329359;0,001647446457990115321
13265;330934;0,001647446457990115321
13265;333184;0,001647446457990115321
13265;334818;0,001647446457990115321
13265;343719;0,001647446457990115321
13265;352262;0,001647446457990115321
13265;352420;0,001647446457990115321
13265;353446;0,001647446457990115321
13265;355594;0,001647446457990115321
13265;365524;0,001647446457990115321
13265;368482;0,001647446457990115321
13265;369262;0,001647446457990115321
13265;377275;0,001647446457990115321
13265;379234;0,001647446457990115321
13265;382779;0,001647446457990115321
13265;402244;0,001647446457990115321
13265;402245;0,001647446457990115321
13265;402247;0,001647446457990115321
13265;409094;0,001647446457990115321
13265;455454;0,001647446457990115321
13265;455455;0,001647446457990115321
13265;455456;0,001647446457990115321
13265;455457;0,001647446457990115321
13265;455458;0,001647446457990115321
13265;455459;0,001647446457990115321
13265;455460;0,001647446457990115321
13265;455461;0,001647446457990115321
13265;455462;0,001647446457990115321
13265;455463;0,001647446457990115321
13265;525330;0,001647446457990115321
13265;533247;0,001647446457990115321
13265;640335;0,001647446457990115321
13265;708789;0,001647446457990115321
13310;27966;1,000000000000000000000
13335;4344;1,000000000000000000000
13360;2271;1,000000000000000000000
13369;20969;1,000000000000000000000
13372;5214;1,000000000000000000000
13396;8723;0,500000000000000000000
13396;431565;0,500000000000000000000
13398;273;1,000000000000000000000
13476;6567;1,000000000000000000000
13502;9898;1,000000000000000000000
13537;2939;0,166666666666666666666
13537;2950;0,500000000000000000000
13537;59841;0,166666666666666666666
13537;59867;0,166666666666666666666
13545;9807;1,000000000000000000000
13579;2;0,500000000000000000000
13579;13239;0,500000000000000000000
13584;8878;1,000000000000000000000
13622;1100;0,500000000000000000000
13622;5682;0,500000000000000000000
13671;4777;1,000000000000000000000
13674;1855;1,000000000000000000000
13704;617;0,500000000000000000000
13704;8109;0,500000000000000000000
13769;8602;1,000000000000000000000
13796;7886;1,000000000000000000000
13799;2021;0,500000000000000000000
13799;12176;0,500000000000000000000
13850;1220;0,500000000000000000000
13850;27478;0,500000000000000000000
13886;5854;1,000000000000000000000
13899;2543;0,100000000000000000000
13899;2544;0,100000000000000000000
13899;3212;0,100000000000000000000
13899;3278;0,100000000000000000000
13899;4100;0,100000000000000000000
13899;4522;0,100000000000000000000
13899;5481;0,100000000000000000000
13899;9510;0,200000000000000000000
13899;10255;0,100000000000000000000
13907;15302;1,000000000000000000000
14010;904;0,333333333333333333333
14010;945;0,333333333333333333333
14010;743909;0,333333333333333333333
14048;714174;1,000000000000000000000
14050;2001;1,000000000000000000000
14124;295;0,285714285714285714285
14124;13335;0,428571428571428571428
14124;27326;0,285714285714285714285
14151;9;0,001307189542483660130
14151;46;0,001307189542483660130
14151;47;0,001307189542483660130
14151;48;0,001307189542483660130
14151;80;0,001307189542483660130
14151;102;0,001307189542483660130
14151;137;0,001307189542483660130
14151;178;0,001307189542483660130
14151;179;0,001307189542483660130
14151;184;0,001307189542483660130
14151;206;0,001307189542483660130
14151;211;0,001307189542483660130
14151;213;0,001307189542483660130
14151;218;0,001307189542483660130
14151;229;0,001307189542483660130
14151;253;0,001307189542483660130
14151;268;0,001307189542483660130
14151;273;0,001307189542483660130
14151;275;0,001307189542483660130
14151;299;0,001307189542483660130
14151;307;0,001307189542483660130
14151;324;0,001307189542483660130
14151;337;0,001307189542483660130
14151;341;0,001307189542483660130
14151;346;0,001307189542483660130
14151;363;0,001307189542483660130
14151;378;0,001307189542483660130
14151;385;0,001307189542483660130
14151;433;0,001307189542483660130
14151;460;0,001307189542483660130
14151;467;0,001307189542483660130
14151;477;0,001307189542483660130
14151;540;0,001307189542483660130
14151;547;0,001307189542483660130
14151;571;0,001307189542483660130
14151;591;0,001307189542483660130
14151;612;0,001307189542483660130
14151;626;0,001307189542483660130
14151;641;0,001307189542483660130
14151;683;0,001307189542483660130
14151;689;0,001307189542483660130
14151;712;0,001307189542483660130
14151;713;0,001307189542483660130
14151;724;0,001307189542483660130
14151;750;0,001307189542483660130
14151;752;0,001307189542483660130
14151;761;0,001307189542483660130
14151;774;0,001307189542483660130
14151;778;0,001307189542483660130
14151;785;0,001307189542483660130
14151;805;0,001307189542483660130
14151;833;0,001307189542483660130
14151;897;0,001307189542483660130
14151;899;0,001307189542483660130
14151;918;0,001307189542483660130
14151;941;0,001307189542483660130
14151;980;0,001307189542483660130
14151;984;0,001307189542483660130
14151;1044;0,001307189542483660130
14151;1048;0,001307189542483660130
14151;1058;0,001307189542483660130
14151;1079;0,001307189542483660130
14151;1131;0,001307189542483660130
14151;1133;0,001307189542483660130
14151;1137;0,001307189542483660130
14151;1153;0,001307189542483660130
14151;1160;0,001307189542483660130
14151;1162;0,005228758169934640522
14151;1206;0,001307189542483660130
14151;1239;0,001307189542483660130
14151;1246;0,001307189542483660130
14151;1274;0,001307189542483660130
14151;1310;0,001307189542483660130
14151;1319;0,001307189542483660130
14151;1322;0,001307189542483660130
14151;1327;0,001307189542483660130
14151;1329;0,001307189542483660130
14151;1332;0,001307189542483660130
14151;1337;0,001307189542483660130
14151;1419;0,001307189542483660130
14151;1445;0,001307189542483660130
14151;1447;0,001307189542483660130
14151;1457;0,001307189542483660130
14151;1458;0,001307189542483660130
14151;1464;0,001307189542483660130
14151;1466;0,001307189542483660130
14151;1504;0,001307189542483660130
14151;1505;0,001307189542483660130
14151;1510;0,001307189542483660130
14151;1512;0,001307189542483660130
14151;1516;0,001307189542483660130
14151;1523;0,001307189542483660130
14151;1524;0,001307189542483660130
14151;1526;0,001307189542483660130
14151;1527;0,001307189542483660130
14151;1533;0,001307189542483660130
14151;1549;0,001307189542483660130
14151;1560;0,001307189542483660130
14151;1600;0,001307189542483660130
14151;1606;0,001307189542483660130
14151;1616;0,001307189542483660130
14151;1676;0,001307189542483660130
14151;1723;0,001307189542483660130
14151;1785;0,003921568627450980392
14151;1833;0,003921568627450980392
14151;1838;0,001307189542483660130
14151;1850;0,001307189542483660130
14151;1868;0,001307189542483660130
14151;1873;0,001307189542483660130
14151;1877;0,001307189542483660130
14151;1889;0,001307189542483660130
14151;1891;0,001307189542483660130
14151;1892;0,001307189542483660130
14151;1893;0,001307189542483660130
14151;1910;0,001307189542483660130
14151;1976;0,001307189542483660130
14151;2015;0,001307189542483660130
14151;2017;0,001307189542483660130
14151;2039;0,001307189542483660130
14151;2041;0,001307189542483660130
14151;2050;0,001307189542483660130
14151;2064;0,001307189542483660130
14151;2066;0,001307189542483660130
14151;2078;0,001307189542483660130
14151;2119;0,001307189542483660130
14151;2128;0,001307189542483660130
14151;2129;0,001307189542483660130
14151;2136;0,001307189542483660130
14151;2152;0,001307189542483660130
14151;2156;0,001307189542483660130
14151;2164;0,001307189542483660130
14151;2200;0,001307189542483660130
14151;2204;0,001307189542483660130
14151;2318;0,001307189542483660130
14151;2330;0,001307189542483660130
14151;2349;0,001307189542483660130
14151;2383;0,001307189542483660130
14151;2388;0,001307189542483660130
14151;2416;0,001307189542483660130
14151;2428;0,001307189542483660130
14151;2438;0,001307189542483660130
14151;2461;0,001307189542483660130
14151;2479;0,001307189542483660130
14151;2511;0,001307189542483660130
14151;2516;0,001307189542483660130
14151;2520;0,001307189542483660130
14151;2551;0,001307189542483660130
14151;2576;0,001307189542483660130
14151;2588;0,001307189542483660130
14151;2598;0,001307189542483660130
14151;2605;0,001307189542483660130
14151;2607;0,001307189542483660130
14151;2614;0,003921568627450980392
14151;2652;0,001307189542483660130
14151;2677;0,001307189542483660130
14151;2786;0,001307189542483660130
14151;2794;0,001307189542483660130
14151;2799;0,001307189542483660130
14151;2800;0,001307189542483660130
14151;2830;0,001307189542483660130
14151;2887;0,001307189542483660130
14151;2893;0,001307189542483660130
14151;2921;0,001307189542483660130
14151;3019;0,001307189542483660130
14151;3029;0,001307189542483660130
14151;3053;0,001307189542483660130
14151;3145;0,001307189542483660130
14151;3146;0,001307189542483660130
14151;3158;0,001307189542483660130
14151;3182;0,001307189542483660130
14151;3204;0,001307189542483660130
14151;3209;0,001307189542483660130
14151;3214;0,001307189542483660130
14151;3223;0,001307189542483660130
14151;3225;0,001307189542483660130
14151;3230;0,001307189542483660130
14151;3245;0,001307189542483660130
14151;3265;0,001307189542483660130
14151;3301;0,001307189542483660130
14151;3304;0,001307189542483660130
14151;3323;0,001307189542483660130
14151;3332;0,001307189542483660130
14151;3355;0,001307189542483660130
14151;3403;0,001307189542483660130
14151;3418;0,001307189542483660130
14151;3426;0,001307189542483660130
14151;3457;0,001307189542483660130
14151;3458;0,001307189542483660130
14151;3476;0,001307189542483660130
14151;3477;0,001307189542483660130
14151;3485;0,001307189542483660130
14151;3499;0,001307189542483660130
14151;3503;0,001307189542483660130
14151;3519;0,001307189542483660130
14151;3557;0,001307189542483660130
14151;3560;0,001307189542483660130
14151;3615;0,001307189542483660130
14151;3618;0,001307189542483660130
14151;3633;0,001307189542483660130
14151;3647;0,001307189542483660130
14151;3648;0,001307189542483660130
14151;3656;0,001307189542483660130
14151;3657;0,001307189542483660130
14151;3665;0,001307189542483660130
14151;3714;0,001307189542483660130
14151;3722;0,001307189542483660130
14151;3736;0,001307189542483660130
14151;3747;0,001307189542483660130
14151;3753;0,001307189542483660130
14151;3768;0,001307189542483660130
14151;3788;0,001307189542483660130
14151;3791;0,001307189542483660130
14151;3793;0,001307189542483660130
14151;3800;0,001307189542483660130
14151;3811;0,001307189542483660130
14151;3825;0,001307189542483660130
14151;3827;0,001307189542483660130
14151;3840;0,001307189542483660130
14151;3850;0,001307189542483660130
14151;3857;0,001307189542483660130
14151;3862;0,001307189542483660130
14151;3864;0,001307189542483660130
14151;3916;0,001307189542483660130
14151;3944;0,001307189542483660130
14151;3957;0,001307189542483660130
14151;3968;0,001307189542483660130
14151;3983;0,001307189542483660130
14151;4018;0,001307189542483660130
14151;4021;0,001307189542483660130
14151;4024;0,001307189542483660130
14151;4039;0,001307189542483660130
14151;4059;0,001307189542483660130
14151;4070;0,001307189542483660130
14151;4078;0,001307189542483660130
14151;4102;0,001307189542483660130
14151;4148;0,001307189542483660130
14151;4225;0,001307189542483660130
14151;4228;0,001307189542483660130
14151;4244;0,001307189542483660130
14151;4257;0,001307189542483660130
14151;4269;0,001307189542483660130
14151;4307;0,001307189542483660130
14151;4309;0,001307189542483660130
14151;4323;0,001307189542483660130
14151;4349;0,001307189542483660130
14151;4377;0,001307189542483660130
14151;4497;0,001307189542483660130
14151;4513;0,001307189542483660130
14151;4526;0,001307189542483660130
14151;4578;0,001307189542483660130
14151;4598;0,001307189542483660130
14151;4621;0,001307189542483660130
14151;4625;0,001307189542483660130
14151;4636;0,001307189542483660130
14151;4681;0,001307189542483660130
14151;4697;0,001307189542483660130
14151;4713;0,001307189542483660130
14151;4720;0,001307189542483660130
14151;4722;0,001307189542483660130
14151;4748;0,001307189542483660130
14151;4749;0,001307189542483660130
14151;4751;0,001307189542483660130
14151;4752;0,001307189542483660130
14151;4754;0,001307189542483660130
14151;4755;0,001307189542483660130
14151;4803;0,001307189542483660130
14151;4852;0,001307189542483660130
14151;4861;0,001307189542483660130
14151;4876;0,001307189542483660130
14151;4935;0,001307189542483660130
14151;4979;0,001307189542483660130
14151;5029;0,001307189542483660130
14151;5053;0,001307189542483660130
14151;5093;0,001307189542483660130
14151;5101;0,001307189542483660130
14151;5138;0,001307189542483660130
14151;5144;0,001307189542483660130
14151;5174;0,001307189542483660130
14151;5214;0,001307189542483660130
14151;5239;0,001307189542483660130
14151;5250;0,001307189542483660130
14151;5289;0,001307189542483660130
14151;5304;0,001307189542483660130
14151;5309;0,001307189542483660130
14151;5350;0,001307189542483660130
14151;5351;0,001307189542483660130
14151;5383;0,001307189542483660130
14151;5408;0,001307189542483660130
14151;5500;0,001307189542483660130
14151;5506;0,001307189542483660130
14151;5523;0,001307189542483660130
14151;5526;0,001307189542483660130
14151;5534;0,001307189542483660130
14151;5543;0,001307189542483660130
14151;5578;0,001307189542483660130
14151;5601;0,001307189542483660130
14151;5651;0,001307189542483660130
14151;5681;0,001307189542483660130
14151;5693;0,001307189542483660130
14151;5700;0,001307189542483660130
14151;5784;0,001307189542483660130
14151;5824;0,001307189542483660130
14151;5831;0,001307189542483660130
14151;5833;0,001307189542483660130
14151;5852;0,001307189542483660130
14151;5854;0,001307189542483660130
14151;5856;0,001307189542483660130
14151;5861;0,001307189542483660130
14151;5886;0,001307189542483660130
14151;5892;0,001307189542483660130
14151;5922;0,001307189542483660130
14151;5935;0,001307189542483660130
14151;5967;0,001307189542483660130
14151;6010;0,001307189542483660130
14151;6027;0,001307189542483660130
14151;6048;0,001307189542483660130
14151;6151;0,001307189542483660130
14151;6169;0,001307189542483660130
14151;6192;0,001307189542483660130
14151;6234;0,001307189542483660130
14151;6267;0,001307189542483660130
14151;6326;0,001307189542483660130
14151;6440;0,003921568627450980392
14151;6444;0,001307189542483660130
14151;6465;0,001307189542483660130
14151;6468;0,001307189542483660130
14151;6498;0,001307189542483660130
14151;6503;0,001307189542483660130
14151;6535;0,001307189542483660130
14151;6594;0,001307189542483660130
14151;6604;0,001307189542483660130
14151;6624;0,001307189542483660130
14151;6634;0,001307189542483660130
14151;6635;0,001307189542483660130
14151;6666;0,001307189542483660130
14151;6681;0,001307189542483660130
14151;6694;0,001307189542483660130
14151;6746;0,001307189542483660130
14151;6781;0,001307189542483660130
14151;6788;0,001307189542483660130
14151;6828;0,001307189542483660130
14151;6883;0,001307189542483660130
14151;6913;0,001307189542483660130
14151;6930;0,001307189542483660130
14151;6952;0,001307189542483660130
14151;6979;0,001307189542483660130
14151;6980;0,001307189542483660130
14151;6981;0,001307189542483660130
14151;6986;0,001307189542483660130
14151;7095;0,001307189542483660130
14151;7131;0,001307189542483660130
14151;7142;0,001307189542483660130
14151;7151;0,001307189542483660130
14151;7209;0,001307189542483660130
14151;7240;0,001307189542483660130
14151;7259;0,001307189542483660130
14151;7260;0,001307189542483660130
14151;7278;0,001307189542483660130
14151;7328;0,001307189542483660130
14151;7418;0,001307189542483660130
14151;7546;0,001307189542483660130
14151;7564;0,001307189542483660130
14151;7574;0,001307189542483660130
14151;7578;0,001307189542483660130
14151;7586;0,001307189542483660130
14151;7626;0,001307189542483660130
14151;7738;0,001307189542483660130
14151;7774;0,001307189542483660130
14151;7788;0,001307189542483660130
14151;7859;0,001307189542483660130
14151;7979;0,001307189542483660130
14151;8044;0,001307189542483660130
14151;8106;0,001307189542483660130
14151;8281;0,001307189542483660130
14151;8373;0,001307189542483660130
14151;8440;0,001307189542483660130
14151;8445;0,001307189542483660130
14151;8447;0,001307189542483660130
14151;8454;0,001307189542483660130
14151;8464;0,001307189542483660130
14151;8478;0,001307189542483660130
14151;8484;0,001307189542483660130
14151;8498;0,001307189542483660130
14151;8618;0,001307189542483660130
14151;8648;0,001307189542483660130
14151;8687;0,001307189542483660130
14151;8705;0,001307189542483660130
14151;8730;0,001307189542483660130
14151;8762;0,001307189542483660130
14151;8818;0,001307189542483660130
14151;8826;0,001307189542483660130
14151;8827;0,001307189542483660130
14151;8828;0,001307189542483660130
14151;8829;0,001307189542483660130
14151;8830;0,001307189542483660130
14151;8831;0,001307189542483660130
14151;8832;0,001307189542483660130
14151;8833;0,001307189542483660130
14151;8834;0,001307189542483660130
14151;8835;0,001307189542483660130
14151;8836;0,001307189542483660130
14151;8837;0,001307189542483660130
14151;8838;0,001307189542483660130
14151;8839;0,001307189542483660130
14151;8840;0,001307189542483660130
14151;8841;0,001307189542483660130
14151;8842;0,001307189542483660130
14151;8843;0,001307189542483660130
14151;8844;0,001307189542483660130
14151;8845;0,001307189542483660130
14151;8847;0,001307189542483660130
14151;8849;0,001307189542483660130
14151;8850;0,001307189542483660130
14151;8852;0,001307189542483660130
14151;8853;0,001307189542483660130
14151;8854;0,001307189542483660130
14151;8855;0,001307189542483660130
14151;8856;0,001307189542483660130
14151;8858;0,001307189542483660130
14151;8859;0,001307189542483660130
14151;8860;0,001307189542483660130
14151;8861;0,001307189542483660130
14151;8862;0,001307189542483660130
14151;8863;0,001307189542483660130
14151;8865;0,001307189542483660130
14151;8866;0,001307189542483660130
14151;8867;0,001307189542483660130
14151;8869;0,001307189542483660130
14151;8870;0,001307189542483660130
14151;8871;0,001307189542483660130
14151;8872;0,001307189542483660130
14151;8873;0,001307189542483660130
14151;8874;0,001307189542483660130
14151;8875;0,001307189542483660130
14151;8877;0,001307189542483660130
14151;8878;0,001307189542483660130
14151;8879;0,001307189542483660130
14151;8899;0,001307189542483660130
14151;8902;0,001307189542483660130
14151;8933;0,001307189542483660130
14151;9088;0,001307189542483660130
14151;9114;0,001307189542483660130
14151;9159;0,001307189542483660130
14151;9208;0,001307189542483660130
14151;9230;0,001307189542483660130
14151;9274;0,001307189542483660130
14151;9345;0,001307189542483660130
14151;9385;0,001307189542483660130
14151;9396;0,001307189542483660130
14151;9405;0,001307189542483660130
14151;9416;0,001307189542483660130
14151;9419;0,001307189542483660130
14151;9421;0,001307189542483660130
14151;9510;0,001307189542483660130
14151;9554;0,001307189542483660130
14151;9657;0,001307189542483660130
14151;9665;0,001307189542483660130
14151;9681;0,001307189542483660130
14151;9691;0,001307189542483660130
14151;9762;0,001307189542483660130
14151;9805;0,001307189542483660130
14151;9831;0,001307189542483660130
14151;9832;0,001307189542483660130
14151;9940;0,001307189542483660130
14151;9951;0,001307189542483660130
14151;9968;0,001307189542483660130
14151;9982;0,001307189542483660130
14151;10000;0,001307189542483660130
14151;10080;0,001307189542483660130
14151;10085;0,001307189542483660130
14151;10169;0,001307189542483660130
14151;10390;0,001307189542483660130
14151;10491;0,001307189542483660130
14151;10602;0,001307189542483660130
14151;10604;0,001307189542483660130
14151;10633;0,001307189542483660130
14151;10649;0,001307189542483660130
14151;10682;0,001307189542483660130
14151;10740;0,001307189542483660130
14151;10823;0,001307189542483660130
14151;10892;0,001307189542483660130
14151;11030;0,001307189542483660130
14151;11213;0,001307189542483660130
14151;11263;0,001307189542483660130
14151;11330;0,001307189542483660130
14151;11382;0,001307189542483660130
14151;11415;0,001307189542483660130
14151;11476;0,001307189542483660130
14151;11536;0,001307189542483660130
14151;11902;0,001307189542483660130
14151;11999;0,001307189542483660130
14151;12159;0,002614379084967320261
14151;12176;0,001307189542483660130
14151;12333;0,001307189542483660130
14151;12362;0,001307189542483660130
14151;12372;0,001307189542483660130
14151;12387;0,001307189542483660130
14151;12395;0,001307189542483660130
14151;12500;0,001307189542483660130
14151;12712;0,001307189542483660130
14151;12768;0,001307189542483660130
14151;12775;0,001307189542483660130
14151;12798;0,001307189542483660130
14151;12876;0,001307189542483660130
14151;12880;0,001307189542483660130
14151;13006;0,001307189542483660130
14151;13035;0,001307189542483660130
14151;13041;0,001307189542483660130
14151;13054;0,001307189542483660130
14151;13291;0,001307189542483660130
14151;13292;0,001307189542483660130
14151;13310;0,001307189542483660130
14151;13369;0,001307189542483660130
14151;13372;0,001307189542483660130
14151;13398;0,001307189542483660130
14151;13496;0,001307189542483660130
14151;13713;0,001307189542483660130
14151;13796;0,001307189542483660130
14151;13799;0,001307189542483660130
14151;13814;0,001307189542483660130
14151;13886;0,001307189542483660130
14151;14073;0,001307189542483660130
14151;14269;0,001307189542483660130
14151;14465;0,001307189542483660130
14151;14826;0,001307189542483660130
14151;14827;0,001307189542483660130
14151;15207;0,001307189542483660130
14151;15437;0,001307189542483660130
14151;15889;0,001307189542483660130
14151;15975;0,001307189542483660130
14151;16487;0,001307189542483660130
14151;16644;0,001307189542483660130
14151;16786;0,001307189542483660130
14151;16866;0,001307189542483660130
14151;16974;0,001307189542483660130
14151;17209;0,001307189542483660130
14151;17267;0,002614379084967320261
14151;17268;0,001307189542483660130
14151;17274;0,001307189542483660130
14151;17426;0,001307189542483660130
14151;17587;0,001307189542483660130
14151;17603;0,001307189542483660130
14151;17720;0,001307189542483660130
14151;17826;0,001307189542483660130
14151;17930;0,001307189542483660130
14151;18247;0,001307189542483660130
14151;18258;0,001307189542483660130
14151;18979;0,001307189542483660130
14151;19031;0,001307189542483660130
14151;19176;0,001307189542483660130
14151;19186;0,001307189542483660130
14151;19198;0,001307189542483660130
14151;20666;0,001307189542483660130
14151;20668;0,001307189542483660130
14151;20770;0,001307189542483660130
14151;20801;0,001307189542483660130
14151;20915;0,001307189542483660130
14151;21396;0,001307189542483660130
14151;21470;0,001307189542483660130
14151;21496;0,001307189542483660130
14151;21597;0,001307189542483660130
14151;21684;0,001307189542483660130
14151;21750;0,001307189542483660130
14151;23096;0,001307189542483660130
14151;23419;0,001307189542483660130
14151;23928;0,001307189542483660130
14151;24370;0,001307189542483660130
14151;24371;0,001307189542483660130
14151;24536;0,001307189542483660130
14151;24837;0,001307189542483660130
14151;24838;0,001307189542483660130
14151;24839;0,001307189542483660130
14151;25653;0,001307189542483660130
14151;26347;0,001307189542483660130
14151;26354;0,001307189542483660130
14151;26502;0,001307189542483660130
14151;27079;0,001307189542483660130
14151;27173;0,001307189542483660130
14151;27286;0,001307189542483660130
14151;27390;0,001307189542483660130
14151;27422;0,001307189542483660130
14151;27512;0,001307189542483660130
14151;27557;0,001307189542483660130
14151;27588;0,001307189542483660130
14151;27639;0,001307189542483660130
14151;27813;0,001307189542483660130
14151;27837;0,001307189542483660130
14151;27841;0,001307189542483660130
14151;27857;0,001307189542483660130
14151;27862;0,001307189542483660130
14151;27865;0,001307189542483660130
14151;27892;0,001307189542483660130
14151;27893;0,001307189542483660130
14151;27938;0,001307189542483660130
14151;27984;0,001307189542483660130
14151;28034;0,001307189542483660130
14151;28372;0,001307189542483660130
14151;28405;0,001307189542483660130
14151;28457;0,001307189542483660130
14151;28463;0,001307189542483660130
14151;28467;0,001307189542483660130
14151;28523;0,001307189542483660130
14151;28544;0,001307189542483660130
14151;28580;0,001307189542483660130
14151;28598;0,001307189542483660130
14151;28914;0,001307189542483660130
14151;28993;0,001307189542483660130
14151;29014;0,001307189542483660130
14151;29376;0,001307189542483660130
14151;29796;0,001307189542483660130
14151;31885;0,001307189542483660130
14151;34696;0,001307189542483660130
14151;40961;0,001307189542483660130
14151;41565;0,001307189542483660130
14151;44336;0,001307189542483660130
14151;45837;0,001307189542483660130
14151;48862;0,001307189542483660130
14151;53224;0,001307189542483660130
14151;54440;0,001307189542483660130
14151;56195;0,001307189542483660130
14151;56282;0,001307189542483660130
14151;58138;0,001307189542483660130
14151;59522;0,001307189542483660130
14151;67275;0,001307189542483660130
14151;67591;0,001307189542483660130
14151;67593;0,001307189542483660130
14151;76695;0,001307189542483660130
14151;83231;0,005228758169934640522
14151;94073;0,001307189542483660130
14151;113365;0,001307189542483660130
14151;119483;0,001307189542483660130
14151;135123;0,001307189542483660130
14151;137801;0,001307189542483660130
14151;144425;0,002614379084967320261
14151;146155;0,001307189542483660130
14151;152076;0,001307189542483660130
14151;219132;0,001307189542483660130
14151;219255;0,001307189542483660130
14151;238453;0,001307189542483660130
14151;239963;0,001307189542483660130
14151;239964;0,001307189542483660130
14151;239965;0,001307189542483660130
14151;239966;0,001307189542483660130
14151;239968;0,001307189542483660130
14151;239969;0,001307189542483660130
14151;247698;0,001307189542483660130
14151;248831;0,001307189542483660130
14151;248834;0,001307189542483660130
14151;248835;0,001307189542483660130
14151;248836;0,001307189542483660130
14151;248837;0,001307189542483660130
14151;248841;0,001307189542483660130
14151;251573;0,001307189542483660130
14151;253384;0,001307189542483660130
14151;255463;0,001307189542483660130
14151;255726;0,001307189542483660130
14151;255740;0,001307189542483660130
14151;255741;0,001307189542483660130
14151;255863;0,001307189542483660130
14151;255899;0,001307189542483660130
14151;256235;0,001307189542483660130
14151;256804;0,001307189542483660130
14151;256951;0,001307189542483660130
14151;257158;0,001307189542483660130
14151;257324;0,001307189542483660130
14151;259341;0,001307189542483660130
14151;259342;0,001307189542483660130
14151;276505;0,001307189542483660130
14151;276695;0,001307189542483660130
14151;276780;0,001307189542483660130
14151;276963;0,001307189542483660130
14151;278190;0,001307189542483660130
14151;278192;0,001307189542483660130
14151;278351;0,001307189542483660130
14151;280033;0,001307189542483660130
14151;281067;0,001307189542483660130
14151;281170;0,001307189542483660130
14151;283281;0,001307189542483660130
14151;283633;0,001307189542483660130
14151;283636;0,001307189542483660130
14151;283638;0,001307189542483660130
14151;283639;0,001307189542483660130
14151;284426;0,001307189542483660130
14151;284852;0,001307189542483660130
14151;284853;0,001307189542483660130
14151;284854;0,001307189542483660130
14151;284855;0,001307189542483660130
14151;284856;0,001307189542483660130
14151;286660;0,001307189542483660130
14151;286988;0,001307189542483660130
14151;308238;0,001307189542483660130
14151;309580;0,001307189542483660130
14151;313473;0,001307189542483660130
14151;318787;0,001307189542483660130
14151;321112;0,001307189542483660130
14151;321395;0,001307189542483660130
14151;324897;0,001307189542483660130
14151;325286;0,001307189542483660130
14151;325535;0,001307189542483660130
14151;326192;0,001307189542483660130
14151;327858;0,001307189542483660130
14151;327859;0,001307189542483660130
14151;328526;0,001307189542483660130
14151;329359;0,001307189542483660130
14151;330168;0,001307189542483660130
14151;331627;0,001307189542483660130
14151;334818;0,001307189542483660130
14151;334820;0,001307189542483660130
14151;335189;0,002614379084967320261
14151;336063;0,001307189542483660130
14151;336640;0,001307189542483660130
14151;343358;0,001307189542483660130
14151;343424;0,001307189542483660130
14151;352262;0,001307189542483660130
14151;353698;0,001307189542483660130
14151;353914;0,001307189542483660130
14151;355336;0,001307189542483660130
14151;357817;0,003921568627450980392
14151;365524;0,001307189542483660130
14151;365531;0,001307189542483660130
14151;365532;0,001307189542483660130
14151;365533;0,001307189542483660130
14151;365534;0,001307189542483660130
14151;365535;0,001307189542483660130
14151;365536;0,001307189542483660130
14151;366869;0,001307189542483660130
14151;367121;0,001307189542483660130
14151;367451;0,001307189542483660130
14151;368117;0,001307189542483660130
14151;372528;0,001307189542483660130
14151;373924;0,001307189542483660130
14151;377026;0,001307189542483660130
14151;381254;0,001307189542483660130
14151;381277;0,001307189542483660130
14151;382779;0,001307189542483660130
14151;409930;0,001307189542483660130
14151;413321;0,001307189542483660130
14151;418454;0,001307189542483660130
14151;423622;0,001307189542483660130
14151;432293;0,001307189542483660130
14151;437540;0,001307189542483660130
14151;440566;0,001307189542483660130
14151;458190;0,001307189542483660130
14151;589508;0,001307189542483660130
14151;657590;0,001307189542483660130
14465;3142;0,250000000000000000000
14465;5892;0,500000000000000000000
14465;10080;0,250000000000000000000
14742;3395;0,666666666666666666666
14742;28101;0,333333333333333333333
14803;3891;1,000000000000000000000
14826;336640;1,000000000000000000000
14827;6856;1,000000000000000000000
14841;3480;1,000000000000000000000
15222;2422;1,000000000000000000000
15302;74;0,033333333333333333333
15302;115;0,033333333333333333333
15302;176;0,033333333333333333333
15302;214;0,033333333333333333333
15302;475;0,033333333333333333333
15302;605;0,033333333333333333333
15302;885;0,033333333333333333333
15302;1164;0,033333333333333333333
15302;1192;0,033333333333333333333
15302;1843;0,033333333333333333333
15302;2080;0,066666666666666666666
15302;2352;0,033333333333333333333
15302;2559;0,033333333333333333333
15302;2591;0,033333333333333333333
15302;3508;0,033333333333333333333
15302;3532;0,033333333333333333333
15302;3610;0,033333333333333333333
15302;3891;0,033333333333333333333
15302;4476;0,033333333333333333333
15302;6406;0,033333333333333333333
15302;7560;0,033333333333333333333
15302;8756;0,033333333333333333333
15302;12936;0,033333333333333333333
15302;13907;0,033333333333333333333
15302;25488;0,033333333333333333333
15302;47352;0,033333333333333333333
15302;50959;0,033333333333333333333
15302;76428;0,033333333333333333333
15302;653504;0,033333333333333333333
15471;275;0,125000000000000000000
15471;731;0,250000000000000000000
15471;95154;0,625000000000000000000
15643;135;0,029411764705882352941
15643;276;0,029411764705882352941
15643;277;0,029411764705882352941
15643;354;0,029411764705882352941
15643;427;0,029411764705882352941
15643;443;0,058823529411764705882
15643;749;0,029411764705882352941
15643;1118;0,058823529411764705882
15643;1149;0,058823529411764705882
15643;1180;0,029411764705882352941
15643;1366;0,029411764705882352941
15643;1946;0,029411764705882352941
15643;2112;0,058823529411764705882
15643;2445;0,029411764705882352941
15643;2489;0,029411764705882352941
15643;3607;0,058823529411764705882
15643;3685;0,088235294117647058823
15643;4004;0,029411764705882352941
15643;4344;0,058823529411764705882
15643;5071;0,029411764705882352941
15643;7605;0,058823529411764705882
15643;41776;0,029411764705882352941
15643;604246;0,088235294117647058823
15867;3978;1,000000000000000000000
15889;2001;1,000000000000000000000
15890;866;1,000000000000000000000
16076;5119;0,333333333333333333333
16076;9720;0,333333333333333333333
16076;27848;0,333333333333333333333
16487;997;0,250000000000000000000
16487;6267;0,750000000000000000000
16497;2275;0,500000000000000000000
16497;387438;0,500000000000000000000
16527;8756;0,500000000000000000000
16527;385198;0,500000000000000000000
16653;853;1,000000000000000000000
16815;546;1,000000000000000000000
16845;8396;1,000000000000000000000
17208;2664;0,666666666666666666666
17208;17207;0,333333333333333333333
17248;3235;0,333333333333333333333
17248;6892;0,666666666666666666666
17267;7975;0,500000000000000000000
17267;687941;0,500000000000000000000
17268;5360;0,500000000000000000000
17268;16845;0,500000000000000000000
17269;502;0,500000000000000000000
17269;13769;0,500000000000000000000
17276;918;0,200000000000000000000
17276;54879;0,400000000000000000000
17276;276780;0,200000000000000000000
17276;440509;0,200000000000000000000
17278;3176;0,500000000000000000000
17278;184987;0,500000000000000000000
17302;5666;1,000000000000000000000
17323;528;0,500000000000000000000
17323;53012;0,500000000000000000000
17352;13239;1,000000000000000000000
17449;458;1,000000000000000000000
17549;1591;0,333333333333333333333
17549;1678;0,333333333333333333333
17549;26219;0,166666666666666666666
17549;604484;0,166666666666666666666
17553;2275;1,000000000000000000000
17611;2193;0,200000000000000000000
17611;2993;0,400000000000000000000
17611;7975;0,400000000000000000000
17634;16527;0,500000000000000000000
17634;386794;0,500000000000000000000
17678;3212;1,000000000000000000000
17762;864;1,000000000000000000000
17773;891;1,000000000000000000000
18247;1263;0,500000000000000000000
18247;20969;0,500000000000000000000
18300;10523;1,000000000000000000000
18398;3575;0,500000000000000000000
18398;9898;0,250000000000000000000
18398;13579;0,250000000000000000000
18525;313;1,000000000000000000000
18641;71;0,031250000000000000000
18641;96;0,031250000000000000000
18641;240;0,062500000000000000000
18641;249;0,031250000000000000000
18641;277;0,062500000000000000000
18641;360;0,062500000000000000000
18641;420;0,031250000000000000000
18641;695;0,031250000000000000000
18641;744;0,062500000000000000000
18641;845;0,031250000000000000000
18641;846;0,031250000000000000000
18641;1142;0,031250000000000000000
18641;1724;0,031250000000000000000
18641;1925;0,093750000000000000000
18641;1945;0,031250000000000000000
18641;2054;0,031250000000000000000
18641;3427;0,031250000000000000000
18641;3465;0,031250000000000000000
18641;3998;0,031250000000000000000
18641;4219;0,031250000000000000000
18641;5632;0,062500000000000000000
18641;13074;0,031250000000000000000
18641;59745;0,031250000000000000000
18641;131383;0,031250000000000000000
18641;398787;0,031250000000000000000
18979;14803;1,000000000000000000000
19031;7759;1,000000000000000000000
19176;232;0,800000000000000000000
19176;934;0,200000000000000000000
20216;5626;1,000000000000000000000
20476;1868;1,000000000000000000000
20666;3940;1,000000000000000000000
20843;3395;1,000000000000000000000
20853;179346;1,000000000000000000000
20969;13369;1,000000000000000000000
21112;2961;1,000000000000000000000
21154;1237;1,000000000000000000000
21331;1453;1,000000000000000000000
21396;3180;1,000000000000000000000
21470;1100;1,000000000000000000000
21502;752863;1,000000000000000000000
21697;1657;1,000000000000000000000
21734;4274;0,500000000000000000000
21734;9998;0,500000000000000000000
21750;812;1,000000000000000000000
22211;9356;1,000000000000000000000
22298;11552;1,000000000000000000000
23058;2396;1,000000000000000000000
23228;739;1,000000000000000000000
23646;8630;1,000000000000000000000
23720;281;0,500000000000000000000
23720;1370;0,500000000000000000000
23759;1678;0,500000000000000000000
23759;3636;0,500000000000000000000
23886;1565;0,142857142857142857142
23886;1567;0,142857142857142857142
23886;4518;0,285714285714285714285
23886;6413;0,428571428571428571428
24098;3827;1,000000000000000000000
24460;21697;1,000000000000000000000
24668;426;0,500000000000000000000
24668;5628;0,500000000000000000000
24769;1218;1,000000000000000000000
25078;17710;1,000000000000000000000
25221;2275;0,500000000000000000000
25221;6918;0,500000000000000000000
25229;2287;1,000000000000000000000
25230;1894;1,000000000000000000000
25264;233872;1,000000000000000000000
25488;15302;1,000000000000000000000
25861;13195;1,000000000000000000000
26251;1468;0,250000000000000000000
26251;1771;0,250000000000000000000
26251;2421;0,250000000000000000000
26251;5623;0,250000000000000000000
26354;16845;1,000000000000000000000
26786;2838;0,333333333333333333333
26786;3340;0,666666666666666666666
27062;2275;0,250000000000000000000
27062;2422;0,250000000000000000000
27062;377520;0,500000000000000000000
27065;1220;0,250000000000000000000
27065;2422;0,250000000000000000000
27065;28210;0,250000000000000000000
27065;387438;0,250000000000000000000
27067;2287;0,250000000000000000000
27067;2419;0,250000000000000000000
27067;13850;0,250000000000000000000
27067;349155;0,250000000000000000000
27173;5082;1,000000000000000000000
27198;829;1,000000000000000000000
27349;8353;1,000000000000000000000
27478;2275;1,000000000000000000000
27512;22;1,000000000000000000000
27557;4132;1,000000000000000000000
27592;352;0,500000000000000000000
27592;4530;0,500000000000000000000
27610;5645;0,500000000000000000000
27610;615495;0,500000000000000000000
27674;1547;0,166666666666666666666
27674;3601;0,333333333333333333333
27674;4777;0,166666666666666666666
27674;4787;0,333333333333333333333
27700;220;0,400000000000000000000
27700;2826;0,600000000000000000000
27708;220;0,200000000000000000000
27708;1699;0,200000000000000000000
27708;2367;0,200000000000000000000
27708;2826;0,400000000000000000000
27762;27774;1,000000000000000000000
27763;977;0,500000000000000000000
27763;5632;0,500000000000000000000
27836;3575;1,000000000000000000000
27862;176;1,000000000000000000000
28029;2877;1,000000000000000000000
28031;10941;1,000000000000000000000
28118;311;1,000000000000000000000
28156;13;1,000000000000000000000
28171;4274;1,000000000000000000000
28213;2275;1,000000000000000000000
28344;1221;1,000000000000000000000
28366;9309;1,000000000000000000000
28397;35;0,666666666666666666666
28397;5005;0,333333333333333333333
28408;1218;1,000000000000000000000
28457;1689;0,250000000000000000000
28457;8899;0,750000000000000000000
28464;239964;1,000000000000000000000
28528;854;0,500000000000000000000
28528;4636;0,500000000000000000000
28557;689;1,000000000000000000000
28601;5037;1,000000000000000000000
28629;3212;1,000000000000000000000
28699;770;1,000000000000000000000
28720;1178;1,000000000000000000000
28784;8050;1,000000000000000000000
28821;9356;1,000000000000000000000
28822;5101;0,500000000000000000000
28822;440497;0,500000000000000000000
28826;40;0,200000000000000000000
28826;14826;0,200000000000000000000
28826;40961;0,200000000000000000000
28826;189452;0,200000000000000000000
28826;357817;0,200000000000000000000
28914;2510;1,000000000000000000000
28970;822;0,500000000000000000000
28970;3152;0,500000000000000000000
29081;1967;0,250000000000000000000
29081;4020;0,250000000000000000000
29081;651622;0,500000000000000000000
29376;1085;0,250000000000000000000
29376;2591;0,500000000000000000000
29376;16527;0,250000000000000000000
30696;2850;1,000000000000000000000
31343;96;1,000000000000000000000
31885;2200;0,500000000000000000000
31885;16845;0,500000000000000000000
36186;1637;1,000000000000000000000
37814;9356;0,800000000000000000000
37814;9668;0,200000000000000000000
38589;625;1,000000000000000000000
38738;5061;0,166666666666666666666
38738;6955;0,166666666666666666666
38738;11552;0,666666666666666666666
41565;15682;1,000000000000000000000
41776;276;0,050000000000000000000
41776;277;0,050000000000000000000
41776;354;0,050000000000000000000
41776;359;0,100000000000000000000
41776;695;0,050000000000000000000
41776;891;0,100000000000000000000
41776;945;0,050000000000000000000
41776;1946;0,050000000000000000000
41776;3085;0,050000000000000000000
41776;3095;0,050000000000000000000
41776;4586;0,050000000000000000000
41776;4918;0,050000000000000000000
41776;4919;0,050000000000000000000
41776;5149;0,050000000000000000000
41776;15643;0,100000000000000000000
41776;245879;0,100000000000000000000
42210;1684;1,000000000000000000000
45724;7711;0,400000000000000000000
45724;11552;0,200000000000000000000
45724;233872;0,400000000000000000000
47352;5061;0,500000000000000000000
47352;15302;0,500000000000000000000
48255;499117;1,000000000000000000000
48826;4510;1,000000000000000000000
49722;602;1,000000000000000000000
50959;1864;0,250000000000000000000
50959;366347;0,500000000000000000000
50959;499117;0,250000000000000000000
53224;11415;1,000000000000000000000
54879;351;0,500000000000000000000
54879;10926;0,500000000000000000000
56738;83103;1,000000000000000000000
57273;1162;1,000000000000000000000
57838;5440;0,500000000000000000000
57838;10649;0,500000000000000000000
59745;43;0,045454545454545454545
59745;138;0,045454545454545454545
59745;983;0,022727272727272727272
59745;1169;0,318181818181818181818
59745;1489;0,045454545454545454545
59745;2445;0,022727272727272727272
59745;3235;0,022727272727272727272
59745;3523;0,022727272727272727272
59745;3802;0,045454545454545454545
59745;10359;0,022727272727272727272
59745;59841;0,113636363636363636363
59745;366089;0,136363636363636363636
59745;408414;0,090909090909090909090
59745;499117;0,022727272727272727272
59745;642255;0,022727272727272727272
59841;283;0,040000000000000000000
59841;296;0,040000000000000000000
59841;359;0,020000000000000000000
59841;602;0,020000000000000000000
59841;628;0,040000000000000000000
59841;695;0,060000000000000000000
59841;846;0,060000000000000000000
59841;943;0,020000000000000000000
59841;1695;0,020000000000000000000
59841;2697;0,040000000000000000000
59841;2731;0,020000000000000000000
59841;2863;0,060000000000000000000
59841;3123;0,040000000000000000000
59841;3256;0,040000000000000000000
59841;3427;0,040000000000000000000
59841;3683;0,040000000000000000000
59841;4148;0,020000000000000000000
59841;5149;0,040000000000000000000
59841;8715;0,040000000000000000000
59841;12959;0,040000000000000000000
59841;14481;0,040000000000000000000
59841;59745;0,100000000000000000000
59841;366089;0,020000000000000000000
59841;408414;0,020000000000000000000
59841;499117;0,080000000000000000000
65998;2175;0,066666666666666666666
65998;4145;0,733333333333333333333
65998;7095;0,133333333333333333333
65998;66075;0,066666666666666666666
66075;4145;0,965517241379310344827
66075;7095;0,034482758620689655172
67709;174;0,038461538461538461538
67709;220;0,019230769230769230769
67709;232;0,019230769230769230769
67709;289;0,019230769230769230769
67709;313;0,019230769230769230769
67709;577;0,019230769230769230769
67709;870;0,019230769230769230769
67709;1014;0,019230769230769230769
67709;1064;0,038461538461538461538
67709;1321;0,019230769230769230769
67709;1402;0,019230769230769230769
67709;1455;0,019230769230769230769
67709;1563;0,019230769230769230769
67709;1564;0,019230769230769230769
67709;1566;0,019230769230769230769
67709;1608;0,019230769230769230769
67709;1632;0,019230769230769230769
67709;1685;0,019230769230769230769
67709;1687;0,019230769230769230769
67709;1688;0,019230769230769230769
67709;1689;0,019230769230769230769
67709;1690;0,019230769230769230769
67709;1691;0,019230769230769230769
67709;1692;0,019230769230769230769
67709;1693;0,019230769230769230769
67709;1694;0,019230769230769230769
67709;1696;0,019230769230769230769
67709;1697;0,019230769230769230769
67709;1698;0,019230769230769230769
67709;1699;0,019230769230769230769
67709;1700;0,019230769230769230769
67709;1702;0,019230769230769230769
67709;1703;0,019230769230769230769
67709;1705;0,019230769230769230769
67709;1706;0,019230769230769230769
67709;1707;0,019230769230769230769
67709;1708;0,019230769230769230769
67709;1709;0,019230769230769230769
67709;1763;0,019230769230769230769
67709;1769;0,019230769230769230769
67709;2008;0,019230769230769230769
67709;2825;0,019230769230769230769
67709;2826;0,019230769230769230769
67709;3427;0,019230769230769230769
67709;4697;0,019230769230769230769
67709;8212;0,019230769230769230769
67709;23562;0,019230769230769230769
67709;28777;0,019230769230769230769
67709;529797;0,019230769230769230769
67709;747847;0,019230769230769230769
71411;748;0,300000000000000000000
71411;75827;0,300000000000000000000
71411;75828;0,100000000000000000000
71411;325599;0,200000000000000000000
71411;674925;0,100000000000000000000
73134;29667;1,000000000000000000000
75230;1967;0,500000000000000000000
75230;651622;0,500000000000000000000
75827;747;0,277777777777777777777
75827;1976;0,111111111111111111111
75827;5523;0,111111111111111111111
75827;48862;0,111111111111111111111
75827;71411;0,166666666666666666666
75827;75828;0,111111111111111111111
75827;76428;0,055555555555555555555
75827;325599;0,055555555555555555555
75828;748;0,250000000000000000000
75828;71411;0,250000000000000000000
75828;75827;0,500000000000000000000
76428;747;0,125000000000000000000
76428;748;0,250000000000000000000
76428;2734;0,125000000000000000000
76428;4667;0,125000000000000000000
76428;8516;0,250000000000000000000
76428;99942;0,125000000000000000000
77678;4976;0,500000000000000000000
77678;8445;0,500000000000000000000
78108;662;0,066666666666666666666
78108;826;0,133333333333333333333
78108;3523;0,533333333333333333333
78108;59745;0,066666666666666666666
78108;408414;0,066666666666666666666
78108;499117;0,133333333333333333333
81648;3607;1,000000000000000000000
83103;13074;1,000000000000000000000
84925;983;1,000000000000000000000
89703;191488;1,000000000000000000000
90666;10338;1,000000000000000000000
91818;3944;0,500000000000000000000
91818;442813;0,500000000000000000000
95084;8109;1,000000000000000000000
95154;1684;0,166666666666666666666
95154;15471;0,666666666666666666666
95154;47352;0,166666666666666666666
98841;276;0,200000000000000000000
98841;983;0,600000000000000000000
98841;41776;0,200000000000000000000
99942;214;0,200000000000000000000
99942;747;0,200000000000000000000
99942;748;0,200000000000000000000
99942;1205;0,200000000000000000000
99942;81648;0,200000000000000000000
112062;749;1,000000000000000000000
113365;2421;1,000000000000000000000
113392;148;0,090909090909090909090
113392;660;0,090909090909090909090
113392;846;0,363636363636363636363
113392;3212;0,090909090909090909090
113392;4091;0,090909090909090909090
113392;7521;0,181818181818181818181
113392;10860;0,090909090909090909090
113459;4991;0,333333333333333333333
113459;98068;0,666666666666666666666
114536;149;0,090909090909090909090
114536;437;0,045454545454545454545
114536;1681;0,045454545454545454545
114536;2230;0,045454545454545454545
114536;2326;0,136363636363636363636
114536;2470;0,045454545454545454545
114536;3049;0,045454545454545454545
114536;3089;0,045454545454545454545
114536;3233;0,045454545454545454545
114536;3427;0,045454545454545454545
114536;7168;0,045454545454545454545
114536;7874;0,045454545454545454545
114536;8213;0,181818181818181818181
114536;10176;0,045454545454545454545
114536;25861;0,090909090909090909090
116140;441;0,111111111111111111111
116140;517;0,111111111111111111111
116140;632;0,111111111111111111111
116140;854;0,055555555555555555555
116140;1117;0,166666666666666666666
116140;3395;0,111111111111111111111
116140;8253;0,277777777777777777777
116140;474028;0,055555555555555555555
119483;3978;1,000000000000000000000
119973;80;0,010989010989010989010
119973;83;0,010989010989010989010
119973;108;0,021978021978021978021
119973;219;0,021978021978021978021
119973;324;0,010989010989010989010
119973;349;0,021978021978021978021
119973;351;0,021978021978021978021
119973;502;0,010989010989010989010
119973;538;0,054945054945054945054
119973;638;0,010989010989010989010
119973;778;0,010989010989010989010
119973;1140;0,010989010989010989010
119973;1315;0,010989010989010989010
119973;1340;0,021978021978021978021
119973;1425;0,010989010989010989010
119973;1504;0,010989010989010989010
119973;1765;0,021978021978021978021
119973;1822;0,010989010989010989010
119973;1850;0,010989010989010989010
119973;2004;0,010989010989010989010
119973;2264;0,010989010989010989010
119973;2517;0,010989010989010989010
119973;2569;0,021978021978021978021
119973;2664;0,010989010989010989010
119973;2887;0,010989010989010989010
119973;2993;0,043956043956043956043
119973;3053;0,010989010989010989010
119973;3176;0,010989010989010989010
119973;3178;0,032967032967032967032
119973;3197;0,010989010989010989010
119973;3284;0,010989010989010989010
119973;3362;0,010989010989010989010
119973;3408;0,043956043956043956043
119973;3443;0,010989010989010989010
119973;3515;0,010989010989010989010
119973;3667;0,010989010989010989010
119973;3999;0,010989010989010989010
119973;4145;0,010989010989010989010
119973;4278;0,010989010989010989010
119973;4786;0,010989010989010989010
119973;5591;0,010989010989010989010
119973;7975;0,010989010989010989010
119973;8223;0,032967032967032967032
119973;10103;0,010989010989010989010
119973;10435;0,021978021978021978021
119973;10602;0,010989010989010989010
119973;10633;0,010989010989010989010
119973;12333;0,010989010989010989010
119973;12563;0,054945054945054945054
119973;12664;0,010989010989010989010
119973;12670;0,010989010989010989010
119973;17209;0,010989010989010989010
119973;17270;0,010989010989010989010
119973;17272;0,010989010989010989010
119973;17611;0,043956043956043956043
119973;28460;0,010989010989010989010
119973;28489;0,010989010989010989010
119973;44336;0,010989010989010989010
119973;54879;0,021978021978021978021
119973;184987;0,010989010989010989010
119973;321395;0,010989010989010989010
125861;2364;1,000000000000000000000
131383;1724;0,500000000000000000000
131383;18641;0,500000000000000000000
135123;148;0,500000000000000000000
135123;3978;0,500000000000000000000
136265;10338;0,500000000000000000000
136265;366347;0,500000000000000000000
136664;380;0,333333333333333333333
136664;695;0,166666666666666666666
136664;5148;0,166666666666666666666
136664;13769;0,333333333333333333333
139869;394;0,500000000000000000000
139869;7975;0,500000000000000000000
140271;4695;1,000000000000000000000
146462;1988;1,000000000000000000000
151009;4720;1,000000000000000000000
151929;85;0,666666666666666666666
151929;2385;0,333333333333333333333
157662;2834;0,400000000000000000000
157662;5061;0,200000000000000000000
157662;9150;0,200000000000000000000
157662;11552;0,200000000000000000000
157749;1293;1,000000000000000000000
160268;4379;0,333333333333333333333
160268;8442;0,666666666666666666666
163510;11;1,000000000000000000000
173893;3420;0,200000000000000000000
173893;6010;0,200000000000000000000
173893;9356;0,200000000000000000000
173893;11552;0,200000000000000000000
173893;28822;0,200000000000000000000
179346;1171;0,200000000000000000000
179346;1348;0,200000000000000000000
179346;1721;0,200000000000000000000
179346;8081;0,200000000000000000000
179346;20853;0,200000000000000000000
184646;442;0,500000000000000000000
184646;4510;0,500000000000000000000
184987;1340;0,285714285714285714285
184987;2569;0,142857142857142857142
184987;3465;0,285714285714285714285
184987;3962;0,142857142857142857142
184987;17278;0,142857142857142857142
189452;174;0,009009009009009009009
189452;283;0,009009009009009009009
189452;288;0,036036036036036036036
189452;293;0,027027027027027027027
189452;296;0,018018018018018018018
189452;315;0,009009009009009009009
189452;568;0,009009009009009009009
189452;622;0,027027027027027027027
189452;749;0,009009009009009009009
189452;965;0,018018018018018018018
189452;978;0,027027027027027027027
189452;1100;0,009009009009009009009
189452;1152;0,027027027027027027027
189452;1171;0,018018018018018018018
189452;1254;0,018018018018018018018
189452;1293;0,009009009009009009009
189452;1454;0,018018018018018018018
189452;2147;0,009009009009009009009
189452;2275;0,027027027027027027027
189452;2435;0,009009009009009009009
189452;2512;0,018018018018018018018
189452;2697;0,009009009009009009009
189452;2744;0,009009009009009009009
189452;2863;0,009009009009009009009
189452;2916;0,009009009009009009009
189452;2993;0,027027027027027027027
189452;3123;0,009009009009009009009
189452;3256;0,027027027027027027027
189452;3294;0,018018018018018018018
189452;3340;0,009009009009009009009
189452;3381;0,009009009009009009009
189452;3427;0,009009009009009009009
189452;3683;0,009009009009009009009
189452;4085;0,009009009009009009009
189452;4159;0,018018018018018018018
189452;4350;0,027027027027027027027
189452;4359;0,009009009009009009009
189452;4570;0,009009009009009009009
189452;4874;0,018018018018018018018
189452;5149;0,009009009009009009009
189452;5395;0,009009009009009009009
189452;5617;0,018018018018018018018
189452;5624;0,018018018018018018018
189452;5628;0,009009009009009009009
189452;7030;0,009009009009009009009
189452;7713;0,009009009009009009009
189452;7975;0,009009009009009009009
189452;8165;0,018018018018018018018
189452;8489;0,009009009009009009009
189452;8715;0,009009009009009009009
189452;8909;0,027027027027027027027
189452;8910;0,009009009009009009009
189452;9356;0,036036036036036036036
189452;9898;0,009009009009009009009
189452;12563;0,036036036036036036036
189452;12745;0,018018018018018018018
189452;17611;0,018018018018018018018
189452;26786;0,027027027027027027027
189452;27672;0,027027027027027027027
189452;28826;0,027027027027027027027
189452;119973;0,027027027027027027027
189452;190971;0,009009009009009009009
190971;846;0,200000000000000000000
190971;8165;0,200000000000000000000
190971;8910;0,200000000000000000000
190971;189452;0,400000000000000000000
191488;9898;1,000000000000000000000
192866;744;0,083333333333333333333
192866;845;0,416666666666666666666
192866;846;0,333333333333333333333
192866;1263;0,083333333333333333333
192866;1437;0,083333333333333333333
193005;1041;1,000000000000000000000
229072;1141;0,666666666666666666666
229072;7142;0,333333333333333333333
233872;6;0,004149377593360995850
233872;39;0,004149377593360995850
233872;40;0,004149377593360995850
233872;74;0,006224066390041493775
233872;96;0,006224066390041493775
233872;140;0,004149377593360995850
233872;176;0,004149377593360995850
233872;186;0,006224066390041493775
233872;198;0,006224066390041493775
233872;214;0,006224066390041493775
233872;282;0,004149377593360995850
233872;360;0,004149377593360995850
233872;371;0,004149377593360995850
233872;398;0,006224066390041493775
233872;464;0,004149377593360995850
233872;475;0,004149377593360995850
233872;488;0,004149377593360995850
233872;521;0,004149377593360995850
233872;522;0,004149377593360995850
233872;527;0,004149377593360995850
233872;585;0,004149377593360995850
233872;588;0,004149377593360995850
233872;607;0,004149377593360995850
233872;613;0,004149377593360995850
233872;635;0,004149377593360995850
233872;652;0,004149377593360995850
233872;731;0,004149377593360995850
233872;747;0,004149377593360995850
233872;748;0,006224066390041493775
233872;844;0,004149377593360995850
233872;882;0,006224066390041493775
233872;885;0,004149377593360995850
233872;886;0,004149377593360995850
233872;923;0,004149377593360995850
233872;952;0,004149377593360995850
233872;956;0,004149377593360995850
233872;1016;0,004149377593360995850
233872;1077;0,004149377593360995850
233872;1080;0,004149377593360995850
233872;1085;0,006224066390041493775
233872;1092;0,004149377593360995850
233872;1094;0,004149377593360995850
233872;1124;0,004149377593360995850
233872;1125;0,006224066390041493775
233872;1180;0,004149377593360995850
233872;1192;0,006224066390041493775
233872;1210;0,004149377593360995850
233872;1284;0,006224066390041493775
233872;1307;0,006224066390041493775
233872;1406;0,006224066390041493775
233872;1471;0,004149377593360995850
233872;1503;0,004149377593360995850
233872;1600;0,004149377593360995850
233872;1637;0,004149377593360995850
233872;1806;0,004149377593360995850
233872;1810;0,006224066390041493775
233872;1831;0,004149377593360995850
233872;1841;0,004149377593360995850
233872;1843;0,010373443983402489626
233872;1864;0,004149377593360995850
233872;1897;0,006224066390041493775
233872;1949;0,004149377593360995850
233872;1956;0,004149377593360995850
233872;1996;0,004149377593360995850
233872;2075;0,006224066390041493775
233872;2080;0,004149377593360995850
233872;2083;0,006224066390041493775
233872;2117;0,004149377593360995850
233872;2125;0,004149377593360995850
233872;2176;0,004149377593360995850
233872;2198;0,004149377593360995850
233872;2274;0,004149377593360995850
233872;2278;0,006224066390041493775
233872;2288;0,004149377593360995850
233872;2335;0,004149377593360995850
233872;2352;0,004149377593360995850
233872;2408;0,004149377593360995850
233872;2559;0,006224066390041493775
233872;2591;0,004149377593360995850
233872;2600;0,004149377593360995850
233872;2647;0,002074688796680497925
233872;2655;0,004149377593360995850
233872;2704;0,004149377593360995850
233872;2712;0,004149377593360995850
233872;2734;0,006224066390041493775
233872;2794;0,006224066390041493775
233872;3015;0,006224066390041493775
233872;3091;0,004149377593360995850
233872;3096;0,004149377593360995850
233872;3161;0,004149377593360995850
233872;3180;0,004149377593360995850
233872;3208;0,006224066390041493775
233872;3235;0,004149377593360995850
233872;3341;0,004149377593360995850
233872;3344;0,004149377593360995850
233872;3347;0,006224066390041493775
233872;3350;0,004149377593360995850
233872;3401;0,004149377593360995850
233872;3436;0,004149377593360995850
233872;3481;0,006224066390041493775
233872;3508;0,004149377593360995850
233872;3532;0,004149377593360995850
233872;3567;0,004149377593360995850
233872;3599;0,002074688796680497925
233872;3610;0,004149377593360995850
233872;3678;0,004149377593360995850
233872;3763;0,004149377593360995850
233872;3797;0,004149377593360995850
233872;3815;0,004149377593360995850
233872;3829;0,004149377593360995850
233872;3859;0,004149377593360995850
233872;3891;0,004149377593360995850
233872;4102;0,006224066390041493775
233872;4117;0,004149377593360995850
233872;4179;0,006224066390041493775
233872;4268;0,004149377593360995850
233872;4486;0,006224066390041493775
233872;4627;0,004149377593360995850
233872;4667;0,004149377593360995850
233872;4991;0,004149377593360995850
233872;5083;0,004149377593360995850
233872;5089;0,004149377593360995850
233872;5177;0,004149377593360995850
233872;5449;0,004149377593360995850
233872;5493;0,004149377593360995850
233872;5521;0,006224066390041493775
233872;5528;0,004149377593360995850
233872;5612;0,004149377593360995850
233872;5719;0,004149377593360995850
233872;5921;0,004149377593360995850
233872;6102;0,004149377593360995850
233872;6349;0,008298755186721991701
233872;6406;0,006224066390041493775
233872;6557;0,004149377593360995850
233872;6840;0,004149377593360995850
233872;6856;0,004149377593360995850
233872;6915;0,004149377593360995850
233872;6955;0,006224066390041493775
233872;6994;0,002074688796680497925
233872;6997;0,004149377593360995850
233872;7009;0,004149377593360995850
233872;7322;0,004149377593360995850
233872;7367;0,006224066390041493775
233872;7480;0,006224066390041493775
233872;7532;0,004149377593360995850
233872;7560;0,004149377593360995850
233872;7711;0,002074688796680497925
233872;7911;0,004149377593360995850
233872;7920;0,006224066390041493775
233872;8003;0,004149377593360995850
233872;8200;0,004149377593360995850
233872;8458;0,004149377593360995850
233872;8460;0,004149377593360995850
233872;8512;0,004149377593360995850
233872;8516;0,004149377593360995850
233872;8756;0,004149377593360995850
233872;8985;0,004149377593360995850
233872;9019;0,004149377593360995850
233872;9296;0,004149377593360995850
233872;9468;0,004149377593360995850
233872;9722;0,008298755186721991701
233872;9723;0,004149377593360995850
233872;9724;0,004149377593360995850
233872;9725;0,004149377593360995850
233872;9727;0,004149377593360995850
233872;9728;0,004149377593360995850
233872;9729;0,004149377593360995850
233872;9730;0,004149377593360995850
233872;10338;0,008298755186721991701
233872;10640;0,006224066390041493775
233872;10724;0,004149377593360995850
233872;10744;0,004149377593360995850
233872;11552;0,004149377593360995850
233872;12577;0,006224066390041493775
233872;12938;0,006224066390041493775
233872;13158;0,004149377593360995850
233872;13178;0,004149377593360995850
233872;13907;0,004149377593360995850
233872;14013;0,004149377593360995850
233872;14803;0,008298755186721991701
233872;14907;0,004149377593360995850
233872;15331;0,004149377593360995850
233872;15471;0,004149377593360995850
233872;17665;0,004149377593360995850
233872;18071;0,004149377593360995850
233872;22211;0,004149377593360995850
233872;22298;0,004149377593360995850
233872;22702;0,004149377593360995850
233872;22704;0,004149377593360995850
233872;22708;0,006224066390041493775
233872;25264;0,004149377593360995850
233872;25488;0,004149377593360995850
233872;28822;0,006224066390041493775
233872;30811;0,004149377593360995850
233872;37811;0,004149377593360995850
233872;37815;0,004149377593360995850
233872;38738;0,006224066390041493775
233872;41556;0,006224066390041493775
233872;42210;0,002074688796680497925
233872;45686;0,004149377593360995850
233872;45724;0,006224066390041493775
233872;47352;0,006224066390041493775
233872;50332;0,004149377593360995850
233872;50959;0,004149377593360995850
233872;55041;0,004149377593360995850
233872;63783;0,004149377593360995850
233872;76428;0,004149377593360995850
233872;81648;0,004149377593360995850
233872;95154;0,004149377593360995850
233872;99942;0,004149377593360995850
233872;105800;0,004149377593360995850
233872;157662;0,004149377593360995850
233872;173893;0,004149377593360995850
233872;319841;0,004149377593360995850
233872;440497;0,004149377593360995850
233872;653504;0,004149377593360995850
239964;48;0,172413793103448275862
239964;752;0,068965517241379310344
239964;3182;0,206896551724137931034
239964;3265;0,172413793103448275862
239964;3728;0,206896551724137931034
239964;8106;0,172413793103448275862
239965;796;0,666666666666666666666
239965;1673;0,333333333333333333333
239966;6503;1,000000000000000000000
239969;5869;0,250000000000000000000
239969;239963;0,750000000000000000000
240182;1967;0,250000000000000000000
240182;6723;0,500000000000000000000
240182;84925;0,250000000000000000000
245879;54;0,025000000000000000000
245879;249;0,037500000000000000000
245879;277;0,025000000000000000000
245879;283;0,050000000000000000000
245879;396;0,025000000000000000000
245879;468;0,025000000000000000000
245879;615;0,012500000000000000000
245879;645;0,025000000000000000000
245879;689;0,025000000000000000000
245879;839;0,025000000000000000000
245879;861;0,025000000000000000000
245879;869;0,025000000000000000000
245879;891;0,025000000000000000000
245879;937;0,025000000000000000000
245879;1065;0,025000000000000000000
245879;1104;0,025000000000000000000
245879;1122;0,025000000000000000000
245879;1316;0,025000000000000000000
245879;1608;0,025000000000000000000
245879;1724;0,025000000000000000000
245879;2252;0,012500000000000000000
245879;2293;0,012500000000000000000
245879;2561;0,025000000000000000000
245879;2991;0,025000000000000000000
245879;3098;0,025000000000000000000
245879;3100;0,025000000000000000000
245879;3103;0,012500000000000000000
245879;3235;0,025000000000000000000
245879;3446;0,025000000000000000000
245879;4004;0,025000000000000000000
245879;4020;0,025000000000000000000
245879;4313;0,012500000000000000000
245879;5628;0,025000000000000000000
245879;7111;0,025000000000000000000
245879;7711;0,025000000000000000000
245879;8163;0,025000000000000000000
245879;8985;0,025000000000000000000
245879;12432;0,025000000000000000000
245879;13622;0,025000000000000000000
245879;21490;0,025000000000000000000
245879;41776;0,025000000000000000000
248334;35;0,005882352941176470588
248334;240;0,005882352941176470588
248334;362;0,005882352941176470588
248334;385;0,005882352941176470588
248334;475;0,005882352941176470588
248334;479;0,005882352941176470588
248334;520;0,005882352941176470588
248334;525;0,005882352941176470588
248334;706;0,005882352941176470588
248334;758;0,005882352941176470588
248334;761;0,005882352941176470588
248334;793;0,005882352941176470588
248334;833;0,005882352941176470588
248334;975;0,005882352941176470588
248334;1058;0,005882352941176470588
248334;1098;0,005882352941176470588
248334;1107;0,005882352941176470588
248334;1171;0,005882352941176470588
248334;1182;0,005882352941176470588
248334;1290;0,005882352941176470588
248334;1313;0,005882352941176470588
248334;1314;0,005882352941176470588
248334;1347;0,005882352941176470588
248334;1512;0,005882352941176470588
248334;1514;0,005882352941176470588
248334;1527;0,005882352941176470588
248334;1554;0,005882352941176470588
248334;1650;0,005882352941176470588
248334;1748;0,005882352941176470588
248334;1778;0,005882352941176470588
248334;1845;0,005882352941176470588
248334;1938;0,005882352941176470588
248334;2204;0,005882352941176470588
248334;2306;0,005882352941176470588
248334;2374;0,005882352941176470588
248334;2490;0,005882352941176470588
248334;2491;0,005882352941176470588
248334;2648;0,005882352941176470588
248334;2652;0,005882352941176470588
248334;2815;0,005882352941176470588
248334;3038;0,005882352941176470588
248334;3097;0,005882352941176470588
248334;3108;0,005882352941176470588
248334;3169;0,005882352941176470588
248334;3188;0,005882352941176470588
248334;3209;0,005882352941176470588
248334;3374;0,005882352941176470588
248334;3563;0,005882352941176470588
248334;3579;0,005882352941176470588
248334;3585;0,005882352941176470588
248334;3586;0,005882352941176470588
248334;3587;0,005882352941176470588
248334;3588;0,005882352941176470588
248334;3590;0,005882352941176470588
248334;3665;0,005882352941176470588
248334;3708;0,005882352941176470588
248334;3738;0,005882352941176470588
248334;3741;0,005882352941176470588
248334;3827;0,005882352941176470588
248334;4108;0,005882352941176470588
248334;4137;0,005882352941176470588
248334;4219;0,005882352941176470588
248334;4222;0,005882352941176470588
248334;4225;0,005882352941176470588
248334;4228;0,005882352941176470588
248334;4242;0,005882352941176470588
248334;4379;0,005882352941176470588
248334;4497;0,005882352941176470588
248334;4603;0,005882352941176470588
248334;4622;0,005882352941176470588
248334;4706;0,005882352941176470588
248334;4835;0,005882352941176470588
248334;4991;0,005882352941176470588
248334;4999;0,005882352941176470588
248334;5001;0,005882352941176470588
248334;5002;0,005882352941176470588
248334;5003;0,005882352941176470588
248334;5005;0,005882352941176470588
248334;5007;0,005882352941176470588
248334;5011;0,005882352941176470588
248334;5012;0,005882352941176470588
248334;5013;0,005882352941176470588
248334;5015;0,005882352941176470588
248334;5019;0,005882352941176470588
248334;5484;0,005882352941176470588
248334;5886;0,005882352941176470588
248334;5935;0,005882352941176470588
248334;5991;0,005882352941176470588
248334;6006;0,005882352941176470588
248334;6048;0,005882352941176470588
248334;6169;0,005882352941176470588
248334;6532;0,005882352941176470588
248334;6883;0,005882352941176470588
248334;6929;0,005882352941176470588
248334;7532;0,005882352941176470588
248334;7574;0,005882352941176470588
248334;7578;0,005882352941176470588
248334;7626;0,005882352941176470588
248334;7699;0,005882352941176470588
248334;7739;0,005882352941176470588
248334;8000;0,005882352941176470588
248334;8022;0,005882352941176470588
248334;8172;0,005882352941176470588
248334;8366;0,005882352941176470588
248334;8434;0,005882352941176470588
248334;8435;0,005882352941176470588
248334;8436;0,005882352941176470588
248334;8437;0,005882352941176470588
248334;8438;0,005882352941176470588
248334;8439;0,005882352941176470588
248334;8440;0,005882352941176470588
248334;8441;0,005882352941176470588
248334;8442;0,005882352941176470588
248334;8443;0,005882352941176470588
248334;8445;0,005882352941176470588
248334;8446;0,005882352941176470588
248334;8447;0,005882352941176470588
248334;8448;0,005882352941176470588
248334;8450;0,005882352941176470588
248334;8452;0,005882352941176470588
248334;8453;0,005882352941176470588
248334;8454;0,005882352941176470588
248334;8455;0,005882352941176470588
248334;8456;0,005882352941176470588
248334;8457;0,005882352941176470588
248334;8458;0,005882352941176470588
248334;8459;0,005882352941176470588
248334;8460;0,005882352941176470588
248334;8461;0,005882352941176470588
248334;8462;0,005882352941176470588
248334;8463;0,005882352941176470588
248334;8464;0,005882352941176470588
248334;8465;0,005882352941176470588
248334;8466;0,005882352941176470588
248334;8467;0,005882352941176470588
248334;8468;0,005882352941176470588
248334;8469;0,005882352941176470588
248334;8470;0,005882352941176470588
248334;8471;0,005882352941176470588
248334;8472;0,005882352941176470588
248334;8473;0,005882352941176470588
248334;8475;0,005882352941176470588
248334;8476;0,005882352941176470588
248334;8477;0,005882352941176470588
248334;8478;0,005882352941176470588
248334;8479;0,005882352941176470588
248334;8482;0,005882352941176470588
248334;8483;0,005882352941176470588
248334;8484;0,005882352941176470588
248334;52385;0,005882352941176470588
248334;54774;0,005882352941176470588
248334;248828;0,005882352941176470588
248334;248830;0,005882352941176470588
248334;248831;0,005882352941176470588
248334;248832;0,005882352941176470588
248334;248833;0,005882352941176470588
248334;248834;0,005882352941176470588
248334;248835;0,005882352941176470588
248334;248836;0,005882352941176470588
248334;248837;0,005882352941176470588
248334;248838;0,005882352941176470588
248334;248839;0,005882352941176470588
248334;248840;0,005882352941176470588
248334;248841;0,005882352941176470588
248334;256951;0,005882352941176470588
248334;278274;0,005882352941176470588
248334;310049;0,005882352941176470588
248334;317905;0,005882352941176470588
248334;418454;0,005882352941176470588
248334;759294;0,005882352941176470588
248831;2306;0,250000000000000000000
248831;365536;0,750000000000000000000
248832;4292;0,333333333333333333333
248832;347540;0,666666666666666666666
248834;3585;0,125000000000000000000
248834;3586;0,125000000000000000000
248834;5012;0,500000000000000000000
248834;7699;0,125000000000000000000
248834;8478;0,125000000000000000000
248835;2306;0,333333333333333333333
248835;8468;0,666666666666666666666
248836;2306;1,000000000000000000000
248838;3563;1,000000000000000000000
248840;975;1,000000000000000000000
248841;66;0,666666666666666666666
248841;1556;0,333333333333333333333
251573;2196;0,750000000000000000000
251573;283638;0,250000000000000000000
255740;2865;1,000000000000000000000
255863;10892;1,000000000000000000000
256804;550;1,000000000000000000000
256951;3665;0,125000000000000000000
256951;4991;0,125000000000000000000
256951;5484;0,750000000000000000000
257324;474;1,000000000000000000000
259831;90;0,076923076923076923076
259831;906;0,038461538461538461538
259831;911;0,038461538461538461538
259831;2998;0,038461538461538461538
259831;3142;0,076923076923076923076
259831;3414;0,038461538461538461538
259831;3991;0,038461538461538461538
259831;4048;0,038461538461538461538
259831;4232;0,038461538461538461538
259831;4262;0,038461538461538461538
259831;4720;0,038461538461538461538
259831;5437;0,038461538461538461538
259831;5629;0,038461538461538461538
259831;6189;0,038461538461538461538
259831;6604;0,038461538461538461538
259831;9382;0,038461538461538461538
259831;10649;0,038461538461538461538
259831;13369;0,038461538461538461538
259831;18258;0,038461538461538461538
259831;57838;0,038461538461538461538
259831;151009;0,038461538461538461538
259831;151929;0,038461538461538461538
259831;333184;0,038461538461538461538
259831;352420;0,038461538461538461538
276780;351;0,333333333333333333333
276780;54879;0,666666666666666666666
276963;388810;1,000000000000000000000
279623;367121;1,000000000000000000000
281170;980;0,076923076923076923076
281170;1868;0,153846153846153846153
281170;2515;0,076923076923076923076
281170;3601;0,076923076923076923076
281170;4376;0,076923076923076923076
281170;5500;0,153846153846153846153
281170;6503;0,076923076923076923076
281170;283638;0,153846153846153846153
281170;365536;0,153846153846153846153
282900;733;1,000000000000000000000
283281;925;0,500000000000000000000
283281;1135;0,500000000000000000000
283633;182;0,250000000000000000000
283633;1154;0,250000000000000000000
283633;2302;0,250000000000000000000
283633;12876;0,250000000000000000000
283635;283636;1,000000000000000000000
283636;5042;0,166666666666666666666
283636;283635;0,333333333333333333333
283636;283637;0,500000000000000000000
283637;283636;1,000000000000000000000
283638;1160;0,058823529411764705882
283638;1868;0,058823529411764705882
283638;2800;0,058823529411764705882
283638;3656;0,058823529411764705882
283638;5500;0,058823529411764705882
283638;6151;0,058823529411764705882
283638;6503;0,058823529411764705882
283638;7142;0,058823529411764705882
283638;27512;0,058823529411764705882
283638;41565;0,058823529411764705882
283638;239966;0,058823529411764705882
283638;239970;0,058823529411764705882
283638;251238;0,058823529411764705882
283638;281170;0,117647058823529411764
283638;365524;0,058823529411764705882
283638;365536;0,058823529411764705882
283639;5824;1,000000000000000000000
284852;2421;0,500000000000000000000
284852;8774;0,500000000000000000000
287409;355594;1,000000000000000000000
306994;184;0,076923076923076923076
306994;404;0,076923076923076923076
306994;407;0,153846153846153846153
306994;458;0,076923076923076923076
306994;713;0,102564102564102564102
306994;1139;0,025641025641025641025
306994;2551;0,076923076923076923076
306994;2571;0,025641025641025641025
306994;2585;0,076923076923076923076
306994;2630;0,076923076923076923076
306994;3779;0,076923076923076923076
306994;5626;0,025641025641025641025
306994;7574;0,051282051282051282051
306994;589508;0,076923076923076923076
307900;12769;1,000000000000000000000
326192;4372;0,500000000000000000000
326192;4374;0,500000000000000000000
327099;3496;1,000000000000000000000
328526;273;0,250000000000000000000
328526;428;0,250000000000000000000
328526;9730;0,250000000000000000000
328526;276963;0,250000000000000000000
329223;1949;1,000000000000000000000
330168;2421;1,000000000000000000000
331627;1220;0,500000000000000000000
331627;365531;0,500000000000000000000
333184;65;1,000000000000000000000
333343;3141;1,000000000000000000000
336063;2129;0,285714285714285714285
336063;2335;0,142857142857142857142
336063;2464;0,142857142857142857142
336063;3340;0,285714285714285714285
336063;3345;0,142857142857142857142
336640;222;0,333333333333333333333
336640;744;0,083333333333333333333
336640;845;0,083333333333333333333
336640;1637;0,083333333333333333333
336640;14826;0,416666666666666666666
343358;115;0,888888888888888888888
343358;2352;0,111111111111111111111
343719;3864;1,000000000000000000000
347540;66;0,666666666666666666666
347540;248832;0,333333333333333333333
349041;71;0,111111111111111111111
349041;194;0,185185185185185185185
349041;472;0,037037037037037037037
349041;628;0,111111111111111111111
349041;695;0,074074074074074074074
349041;1939;0,037037037037037037037
349041;1940;0,444444444444444444444
349155;1771;1,000000000000000000000
352262;1121;1,000000000000000000000
353698;3158;1,000000000000000000000
355594;287409;1,000000000000000000000
356607;4361;1,000000000000000000000
357817;4621;1,000000000000000000000
365531;331627;1,000000000000000000000
365533;609;0,500000000000000000000
365533;365532;0,500000000000000000000
365534;5481;1,000000000000000000000
365536;248831;0,571428571428571428571
365536;281170;0,285714285714285714285
365536;283638;0,142857142857142857142
366089;138;0,090909090909090909090
366089;695;0,090909090909090909090
366089;59745;0,545454545454545454545
366089;393418;0,090909090909090909090
366089;408414;0,181818181818181818181
366867;527;0,076923076923076923076
366867;613;0,076923076923076923076
366867;983;0,153846153846153846153
366867;584749;0,692307692307692307692
366869;739;1,000000000000000000000
367121;4498;0,666666666666666666666
367121;279623;0,333333333333333333333
368117;382779;1,000000000000000000000
373677;2275;1,000000000000000000000
373924;7095;1,000000000000000000000
374246;558;0,285714285714285714285
374246;851;0,428571428571428571428
374246;2657;0,142857142857142857142
374246;59745;0,142857142857142857142
377520;27062;1,000000000000000000000
381254;2551;1,000000000000000000000
381277;458;0,500000000000000000000
381277;713;0,500000000000000000000
382779;368117;1,000000000000000000000
385198;8756;1,000000000000000000000
386794;2176;0,333333333333333333333
386794;5526;0,333333333333333333333
386794;16527;0,333333333333333333333
387437;1220;1,000000000000000000000
387438;9898;0,333333333333333333333
387438;16497;0,333333333333333333333
387438;27065;0,333333333333333333333
388810;964;0,250000000000000000000
388810;2421;0,250000000000000000000
388810;276963;0,500000000000000000000
389498;39;0,100000000000000000000
389498;428;0,200000000000000000000
389498;612;0,200000000000000000000
389498;964;0,100000000000000000000
389498;8156;0,100000000000000000000
389498;9762;0,200000000000000000000
389498;16527;0,100000000000000000000
393418;37;0,148936170212765957446
393418;38;0,021276595744680851063
393418;148;0,042553191489361702127
393418;288;0,021276595744680851063
393418;296;0,106382978723404255319
393418;660;0,021276595744680851063
393418;891;0,106382978723404255319
393418;1010;0,021276595744680851063
393418;1169;0,021276595744680851063
393418;1854;0,021276595744680851063
393418;2343;0,021276595744680851063
393418;2678;0,042553191489361702127
393418;3551;0,021276595744680851063
393418;4091;0,021276595744680851063
393418;5800;0,021276595744680851063
393418;6461;0,042553191489361702127
393418;7215;0,063829787234042553191
393418;7648;0,021276595744680851063
393418;7968;0,042553191489361702127
393418;8268;0,021276595744680851063
393418;113392;0,063829787234042553191
393418;349041;0,021276595744680851063
393418;366089;0,063829787234042553191
398786;3766;0,666666666666666666666
398786;398787;0,333333333333333333333
398787;18641;0,666666666666666666666
398787;398786;0,333333333333333333333
403195;747;1,000000000000000000000
404510;136265;1,000000000000000000000
408414;43;0,040000000000000000000
408414;138;0,040000000000000000000
408414;1169;0,400000000000000000000
408414;5638;0,040000000000000000000
408414;56738;0,040000000000000000000
408414;59745;0,240000000000000000000
408414;78108;0,040000000000000000000
408414;366089;0,040000000000000000000
408414;499117;0,120000000000000000000
408487;2479;1,000000000000000000000
424798;4421;0,333333333333333333333
424798;5643;0,666666666666666666666
427048;266;0,250000000000000000000
427048;13398;0,500000000000000000000
427048;608895;0,250000000000000000000
431565;3664;0,666666666666666666666
431565;13396;0,333333333333333333333
434991;108;0,047619047619047619047
434991;219;0,047619047619047619047
434991;349;0,047619047619047619047
434991;351;0,047619047619047619047
434991;454;0,047619047619047619047
434991;538;0,047619047619047619047
434991;869;0,047619047619047619047
434991;1340;0,047619047619047619047
434991;1894;0,047619047619047619047
434991;2592;0,095238095238095238095
434991;2594;0,047619047619047619047
434991;2664;0,095238095238095238095
434991;3362;0,047619047619047619047
434991;4278;0,047619047619047619047
434991;54879;0,047619047619047619047
434991;136664;0,095238095238095238095
434991;440509;0,095238095238095238095
437540;25264;1,000000000000000000000
440509;1340;0,153846153846153846153
440509;1521;0,230769230769230769230
440509;4278;0,076923076923076923076
440509;12387;0,076923076923076923076
440509;17276;0,076923076923076923076
440509;434991;0,307692307692307692307
440509;687941;0,076923076923076923076
442813;266;0,500000000000000000000
442813;8648;0,500000000000000000000
443599;1154;0,500000000000000000000
443599;2302;0,500000000000000000000
453859;194;0,333333333333333333333
453859;472;0,333333333333333333333
453859;1754;0,333333333333333333333
468947;9814;1,000000000000000000000
474028;517;0,200000000000000000000
474028;829;0,100000000000000000000
474028;3395;0,400000000000000000000
474028;20843;0,100000000000000000000
474028;26479;0,100000000000000000000
474028;116140;0,100000000000000000000
494193;5578;1,000000000000000000000
499117;475;0,200000000000000000000
499117;1169;0,466666666666666666666
499117;48255;0,066666666666666666666
499117;59841;0,066666666666666666666
499117;78108;0,066666666666666666666
499117;408414;0,133333333333333333333
507180;530;1,000000000000000000000
508708;1162;0,500000000000000000000
508708;7080;0,500000000000000000000
511019;423;0,100000000000000000000
511019;849;0,100000000000000000000
511019;850;0,100000000000000000000
511019;1024;0,200000000000000000000
511019;1117;0,100000000000000000000
511019;8109;0,100000000000000000000
511019;13482;0,100000000000000000000
511019;55134;0,200000000000000000000
512469;1891;1,000000000000000000000
533247;2146;0,500000000000000000000
533247;2786;0,500000000000000000000
547708;3515;1,000000000000000000000
584314;1181;0,500000000000000000000
584314;13428;0,500000000000000000000
584969;485;1,000000000000000000000
587053;970;1,000000000000000000000
589508;2585;1,000000000000000000000
591752;1597;1,000000000000000000000
604246;628;0,428571428571428571428
604246;1169;0,142857142857142857142
604246;2191;0,142857142857142857142
604246;15643;0,285714285714285714285
604484;131;0,500000000000000000000
604484;612735;0,500000000000000000000
606566;721;0,125000000000000000000
606566;1133;0,125000000000000000000
606566;2326;0,125000000000000000000
606566;2844;0,250000000000000000000
606566;2895;0,125000000000000000000
606566;6300;0,125000000000000000000
606566;11921;0,125000000000000000000
606725;390;0,200000000000000000000
606725;21112;0,600000000000000000000
606725;743909;0,200000000000000000000
608895;738;0,047619047619047619047
608895;1589;0,047619047619047619047
608895;2607;0,047619047619047619047
608895;4681;0,142857142857142857142
608895;8873;0,047619047619047619047
608895;16527;0,047619047619047619047
608895;98068;0,047619047619047619047
608895;119483;0,047619047619047619047
608895;239970;0,047619047619047619047
608895;283638;0,047619047619047619047
608895;284852;0,095238095238095238095
608895;321395;0,047619047619047619047
608895;334473;0,047619047619047619047
608895;366869;0,047619047619047619047
608895;367121;0,047619047619047619047
608895;386794;0,047619047619047619047
608895;389498;0,047619047619047619047
608895;427048;0,047619047619047619047
612735;27672;1,000000000000000000000
615495;27610;1,000000000000000000000
622466;131;0,500000000000000000000
622466;1263;0,250000000000000000000
622466;311584;0,250000000000000000000
640335;7759;1,000000000000000000000
640396;4437;1,000000000000000000000
642255;754;0,035714285714285714285
642255;819;0,357142857142857142857
642255;876;0,250000000000000000000
642255;1116;0,107142857142857142857
642255;1129;0,107142857142857142857
642255;59745;0,071428571428571428571
642255;359918;0,035714285714285714285
642255;665791;0,035714285714285714285
651622;2510;0,285714285714285714285
651622;3103;0,142857142857142857142
651622;6723;0,142857142857142857142
651622;29081;0,285714285714285714285
651622;75230;0,142857142857142857142
653116;4350;0,500000000000000000000
653116;5638;0,500000000000000000000
653504;15302;1,000000000000000000000
665791;668;0,071428571428571428571
665791;754;0,142857142857142857142
665791;876;0,142857142857142857142
665791;933;0,142857142857142857142
665791;1129;0,071428571428571428571
665791;4173;0,214285714285714285714
665791;507180;0,071428571428571428571
665791;642255;0,142857142857142857142
687941;7;0,500000000000000000000
687941;2130;0,500000000000000000000
689461;5564;1,000000000000000000000
693032;281;0,400000000000000000000
693032;1129;0,400000000000000000000
693032;1370;0,200000000000000000000
714174;14048;1,000000000000000000000
724778;9762;1,000000000000000000000
725179;571;1,000000000000000000000
743909;410;0,181818181818181818181
743909;418;0,090909090909090909090
743909;904;0,181818181818181818181
743909;945;0,181818181818181818181
743909;1946;0,090909090909090909090
743909;1984;0,090909090909090909090
743909;606725;0,181818181818181818181
744171;249;0,333333333333333333333
744171;4881;0,333333333333333333333
744171;245879;0,333333333333333333333
744732;520;1,000000000000000000000
747808;1754;0,500000000000000000000
747808;3359;0,100000000000000000000
747808;4991;0,100000000000000000000
747808;7215;0,200000000000000000000
747808;7630;0,100000000000000000000
747847;437;1,000000000000000000000
771844;1632;1,000000000000000000000
789157;738;1,000000000000000000000
791903;1130;1,000000000000000000000
792462;288;0,142857142857142857142
792462;292;0,142857142857142857142
792462;7975;0,142857142857142857142
792462;12563;0,142857142857142857142
792462;14010;0,285714285714285714285
792462;119973;0,142857142857142857142
