7;1762;0,142857142857142857142
7;6930;0,428571428571428571428
7;7585;0,428571428571428571428
22;3158;1,000000000000000000000
39;3877;0,333333333333333333333
39;5918;0,333333333333333333333
39;389498;0,333333333333333333333
48;14978;1,000000000000000000000
54;119;0,071428571428571428571
54;995;0,142857142857142857142
54;1116;0,142857142857142857142
54;1891;0,071428571428571428571
54;2792;0,285714285714285714285
54;4041;0,071428571428571428571
54;4150;0,071428571428571428571
54;7111;0,142857142857142857142
57;2487;1,000000000000000000000
65;475;0,052631578947368421052
65;526;0,052631578947368421052
65;528;0,052631578947368421052
65;1122;0,052631578947368421052
65;1286;0,157894736842105263157
65;3085;0,052631578947368421052
65;4274;0,052631578947368421052
65;4281;0,052631578947368421052
65;6213;0,105263157894736842105
65;9395;0,210526315789473684210
65;112062;0,052631578947368421052
65;333184;0,105263157894736842105
71;645;0,100000000000000000000
71;695;0,250000000000000000000
71;1143;0,050000000000000000000
71;1569;0,050000000000000000000
71;1724;0,050000000000000000000
71;1948;0,050000000000000000000
71;2355;0,050000000000000000000
71;3235;0,050000000000000000000
71;3523;0,100000000000000000000
71;59841;0,100000000000000000000
71;98841;0,050000000000000000000
71;366089;0,050000000000000000000
71;906176;0,050000000000000000000
72;474028;1,000000000000000000000
74;498;0,333333333333333333333
74;16527;0,333333333333333333333
74;50332;0,333333333333333333333
77;2054;0,666666666666666666666
77;6320;0,333333333333333333333
80;502;0,111111111111111111111
80;531;0,555555555555555555555
80;668;0,222222222222222222222
80;17352;0,111111111111111111111
83;5591;1,000000000000000000000
90;151009;1,000000000000000000000
96;122;0,068181818181818181818
96;168;0,022727272727272727272
96;249;0,068181818181818181818
96;250;0,022727272727272727272
96;261;0,045454545454545454545
96;277;0,022727272727272727272
96;283;0,022727272727272727272
96;615;0,045454545454545454545
96;1141;0,045454545454545454545
96;1967;0,045454545454545454545
96;1988;0,022727272727272727272
96;2293;0,090909090909090909090
96;3045;0,090909090909090909090
96;3219;0,204545454545454545454
96;3753;0,022727272727272727272
96;3857;0,022727272727272727272
96;5628;0,022727272727272727272
96;12391;0,022727272727272727272
96;18641;0,022727272727272727272
96;31343;0,022727272727272727272
96;131383;0,022727272727272727272
96;1082399;0,022727272727272727272
100;155;0,018518518518518518518
100;194;0,111111111111111111111
100;815;0,018518518518518518518
100;1004;0,037037037037037037037
100;1042;0,037037037037037037037
100;1567;0,018518518518518518518
100;1877;0,018518518518518518518
100;2017;0,037037037037037037037
100;2052;0,037037037037037037037
100;2302;0,018518518518518518518
100;2419;0,037037037037037037037
100;2510;0,018518518518518518518
100;2716;0,018518518518518518518
100;3135;0,018518518518518518518
100;3225;0,037037037037037037037
100;3299;0,018518518518518518518
100;3551;0,018518518518518518518
100;3980;0,018518518518518518518
100;4931;0,037037037037037037037
100;6068;0,018518518518518518518
100;8000;0,037037037037037037037
100;8723;0,037037037037037037037
100;9415;0,037037037037037037037
100;13642;0,018518518518518518518
100;18247;0,037037037037037037037
100;19734;0,018518518518518518518
100;20969;0,092592592592592592592
100;27175;0,055555555555555555555
100;372528;0,018518518518518518518
100;377520;0,055555555555555555555
101;241;0,076923076923076923076
101;398;0,076923076923076923076
101;827;0,076923076923076923076
101;873;0,076923076923076923076
101;1042;0,076923076923076923076
101;1271;0,038461538461538461538
101;1276;0,038461538461538461538
101;1894;0,038461538461538461538
101;2472;0,076923076923076923076
101;3429;0,076923076923076923076
101;3838;0,076923076923076923076
101;4507;0,038461538461538461538
101;5174;0,076923076923076923076
101;6008;0,076923076923076923076
101;6347;0,076923076923076923076
104;172;0,250000000000000000000
104;768;0,250000000000000000000
104;937;0,250000000000000000000
104;2427;0,250000000000000000000
108;1340;0,833333333333333333333
108;7975;0,166666666666666666666
115;490;0,185185185185185185185
115;1949;0,111111111111111111111
115;4269;0,074074074074074074074
115;6468;0,037037037037037037037
115;8818;0,037037037037037037037
115;136664;0,037037037037037037037
115;335189;0,148148148148148148148
115;343358;0,111111111111111111111
115;383630;0,222222222222222222222
115;484680;0,037037037037037037037
119;54;0,285714285714285714285
119;551;0,071428571428571428571
119;1254;0,071428571428571428571
119;1344;0,214285714285714285714
119;2817;0,071428571428571428571
119;5415;0,142857142857142857142
119;7111;0,071428571428571428571
119;179346;0,071428571428571428571
120;1727;0,250000000000000000000
120;2200;0,250000000000000000000
120;5360;0,500000000000000000000
127;349041;1,000000000000000000000
132;550;0,500000000000000000000
132;658;0,500000000000000000000
138;3100;0,333333333333333333333
138;4108;0,333333333333333333333
138;604246;0,333333333333333333333
148;749;0,333333333333333333333
148;2350;0,333333333333333333333
148;2576;0,333333333333333333333
151;2071;1,000000000000000000000
155;100;1,000000000000000000000
162;3320;0,333333333333333333333
162;4108;0,333333333333333333333
162;4578;0,333333333333333333333
163;104;0,250000000000000000000
163;3985;0,750000000000000000000
166;3773;1,000000000000000000000
172;104;0,083333333333333333333
172;704;0,083333333333333333333
172;772;0,083333333333333333333
172;839;0,083333333333333333333
172;1476;0,083333333333333333333
172;1498;0,083333333333333333333
172;3306;0,083333333333333333333
172;4009;0,166666666666666666666
172;4283;0,083333333333333333333
172;4431;0,083333333333333333333
172;4772;0,083333333333333333333
174;289;0,055555555555555555555
174;437;0,277777777777777777777
174;1173;0,055555555555555555555
174;1610;0,111111111111111111111
174;1694;0,111111111111111111111
174;2470;0,055555555555555555555
174;2826;0,055555555555555555555
174;3971;0,055555555555555555555
174;6144;0,055555555555555555555
174;7994;0,111111111111111111111
174;21502;0,055555555555555555555
179;37;0,800000000000000000000
179;211;0,200000000000000000000
181;1853;1,000000000000000000000
183;530;0,500000000000000000000
183;3219;0,500000000000000000000
186;3877;1,000000000000000000000
187;772;1,000000000000000000000
189;214;0,142857142857142857142
189;1035;0,142857142857142857142
189;3098;0,285714285714285714285
189;5329;0,142857142857142857142
189;6496;0,142857142857142857142
189;11734;0,142857142857142857142
192;496;0,034482758620689655172
192;1122;0,034482758620689655172
192;1667;0,034482758620689655172
192;2037;0,034482758620689655172
192;2271;0,034482758620689655172
192;2272;0,103448275862068965517
192;2359;0,034482758620689655172
192;3296;0,068965517241379310344
192;3591;0,034482758620689655172
192;4364;0,034482758620689655172
192;4561;0,034482758620689655172
192;5214;0,034482758620689655172
192;5564;0,068965517241379310344
192;6213;0,068965517241379310344
192;7762;0,034482758620689655172
192;9387;0,034482758620689655172
192;9391;0,068965517241379310344
192;9413;0,034482758620689655172
192;9432;0,034482758620689655172
192;10946;0,068965517241379310344
192;13372;0,034482758620689655172
192;355594;0,034482758620689655172
194;71;0,038461538461538461538
194;100;0,230769230769230769230
194;1042;0,115384615384615384615
194;1754;0,076923076923076923076
194;1939;0,038461538461538461538
194;1940;0,038461538461538461538
194;349041;0,461538461538461538461
199;3105;1,000000000000000000000
211;179;0,125000000000000000000
211;886;0,125000000000000000000
211;4355;0,125000000000000000000
211;5089;0,250000000000000000000
211;5613;0,125000000000000000000
211;8909;0,250000000000000000000
213;747;0,375000000000000000000
213;882;0,187500000000000000000
213;1637;0,125000000000000000000
213;75827;0,062500000000000000000
213;75828;0,062500000000000000000
213;76428;0,125000000000000000000
213;403195;0,062500000000000000000
228;3251;1,000000000000000000000
232;1608;0,250000000000000000000
232;2470;0,250000000000000000000
232;931417;0,500000000000000000000
241;1142;1,000000000000000000000
242;1286;0,333333333333333333333
242;2586;0,333333333333333333333
242;2738;0,333333333333333333333
244;853;0,166666666666666666666
244;868;0,166666666666666666666
244;3565;0,166666666666666666666
244;6132;0,166666666666666666666
244;6353;0,166666666666666666666
244;12388;0,166666666666666666666
248;5628;1,000000000000000000000
249;96;0,230769230769230769230
249;283;0,076923076923076923076
249;538;0,076923076923076923076
249;2293;0,076923076923076923076
249;3045;0,153846153846153846153
249;3753;0,076923076923076923076
249;19939;0,076923076923076923076
249;245879;0,153846153846153846153
249;374246;0,076923076923076923076
250;96;0,250000000000000000000
250;678;0,250000000000000000000
250;1149;0,250000000000000000000
250;5628;0,250000000000000000000
256;208;1,000000000000000000000
261;96;0,571428571428571428571
261;237;0,285714285714285714285
261;1364;0,142857142857142857142
263;131;0,333333333333333333333
263;5638;0,333333333333333333333
263;311584;0,333333333333333333333
266;2383;0,250000000000000000000
266;4345;0,250000000000000000000
266;13398;0,250000000000000000000
266;13814;0,250000000000000000000
267;2713;1,000000000000000000000
268;615;0,500000000000000000000
268;2137;0,250000000000000000000
268;3608;0,250000000000000000000
269;251;1,000000000000000000000
273;1949;1,000000000000000000000
276;695;0,333333333333333333333
276;704;0,222222222222222222222
276;8228;0,111111111111111111111
276;8229;0,111111111111111111111
276;59745;0,222222222222222222222
279;678;1,000000000000000000000
282;15471;1,000000000000000000000
283;11;0,333333333333333333333
283;96;0,166666666666666666666
283;1142;0,166666666666666666666
283;4359;0,166666666666666666666
283;4777;0,166666666666666666666
284;251;0,142857142857142857142
284;3429;0,714285714285714285714
284;8095;0,142857142857142857142
287;14;0,230769230769230769230
287;1262;0,076923076923076923076
287;2073;0,692307692307692307692
288;290;0,250000000000000000000
288;1293;0,250000000000000000000
288;2350;0,250000000000000000000
288;6701;0,250000000000000000000
289;1685;1,000000000000000000000
290;246;0,032258064516129032258
290;288;0,064516129032258064516
290;545;0,032258064516129032258
290;1030;0,064516129032258064516
290;1288;0,064516129032258064516
290;1497;0,032258064516129032258
290;1824;0,032258064516129032258
290;2337;0,032258064516129032258
290;2343;0,032258064516129032258
290;2371;0,032258064516129032258
290;2678;0,032258064516129032258
290;3978;0,032258064516129032258
290;4657;0,032258064516129032258
290;4728;0,032258064516129032258
290;4794;0,032258064516129032258
290;5627;0,032258064516129032258
290;5915;0,032258064516129032258
290;8348;0,064516129032258064516
290;8636;0,032258064516129032258
290;9159;0,032258064516129032258
290;9376;0,032258064516129032258
290;10860;0,032258064516129032258
290;12385;0,032258064516129032258
290;17677;0,032258064516129032258
290;17773;0,032258064516129032258
290;27527;0,032258064516129032258
290;119483;0,032258064516129032258
291;13;1,000000000000000000000
293;1221;0,500000000000000000000
293;5136;0,500000000000000000000
294;4750;1,000000000000000000000
296;1288;0,500000000000000000000
296;2350;0,250000000000000000000
296;3212;0,250000000000000000000
297;365;0,100000000000000000000
297;557;0,050000000000000000000
297;703;0,050000000000000000000
297;990;0,050000000000000000000
297;1500;0,050000000000000000000
297;2091;0,050000000000000000000
297;3143;0,050000000000000000000
297;3155;0,050000000000000000000
297;3966;0,050000000000000000000
297;6300;0,050000000000000000000
297;7882;0,050000000000000000000
297;8738;0,050000000000000000000
297;12433;0,050000000000000000000
297;12442;0,050000000000000000000
297;16647;0,050000000000000000000
297;16654;0,050000000000000000000
297;16655;0,050000000000000000000
297;16656;0,050000000000000000000
297;16665;0,050000000000000000000
299;1094;0,500000000000000000000
299;1806;0,500000000000000000000
303;1749;0,500000000000000000000
303;3637;0,500000000000000000000
306;131;0,400000000000000000000
306;727;0,200000000000000000000
306;1840;0,200000000000000000000
306;7389;0,200000000000000000000
309;1948;1,000000000000000000000
313;4697;1,000000000000000000000
315;853;1,000000000000000000000
317;318;0,833333333333333333333
317;10093;0,166666666666666666666
318;317;0,333333333333333333333
318;3836;0,666666666666666666666
320;2310;0,555555555555555555555
320;2792;0,333333333333333333333
320;15863;0,111111111111111111111
324;440509;1,000000000000000000000
334;36;0,125000000000000000000
334;196;0,125000000000000000000
334;380;0,125000000000000000000
334;2435;0,125000000000000000000
334;3029;0,125000000000000000000
334;3557;0,125000000000000000000
334;4215;0,125000000000000000000
334;13041;0,125000000000000000000
337;410;0,750000000000000000000
337;805;0,250000000000000000000
341;742;0,714285714285714285714
341;3557;0,285714285714285714285
349;538;0,200000000000000000000
349;2592;0,200000000000000000000
349;7975;0,200000000000000000000
349;17269;0,400000000000000000000
352;24668;1,000000000000000000000
354;276;1,000000000000000000000
356;7755;1,000000000000000000000
359;1945;1,000000000000000000000
363;5626;1,000000000000000000000
379;2547;1,000000000000000000000
380;36;0,090909090909090909090
380;196;0,090909090909090909090
380;334;0,060606060606060606060
380;756;0,181818181818181818181
380;3029;0,121212121212121212121
380;3557;0,151515151515151515151
380;4215;0,090909090909090909090
380;4719;0,121212121212121212121
380;13041;0,090909090909090909090
388;389;0,020000000000000000000
388;390;0,020000000000000000000
388;391;0,040000000000000000000
388;392;0,020000000000000000000
388;393;0,020000000000000000000
388;394;0,020000000000000000000
388;395;0,020000000000000000000
388;396;0,020000000000000000000
388;397;0,020000000000000000000
388;398;0,040000000000000000000
388;399;0,020000000000000000000
388;400;0,020000000000000000000
388;401;0,020000000000000000000
388;403;0,020000000000000000000
388;404;0,020000000000000000000
388;405;0,040000000000000000000
388;406;0,020000000000000000000
388;407;0,020000000000000000000
388;408;0,020000000000000000000
388;409;0,020000000000000000000
388;410;0,040000000000000000000
388;411;0,020000000000000000000
388;412;0,020000000000000000000
388;414;0,020000000000000000000
388;415;0,020000000000000000000
388;416;0,020000000000000000000
388;417;0,040000000000000000000
388;418;0,020000000000000000000
388;419;0,060000000000000000000
388;805;0,020000000000000000000
388;904;0,020000000000000000000
388;945;0,020000000000000000000
388;1218;0,020000000000000000000
388;2119;0,020000000000000000000
388;2694;0,020000000000000000000
388;5536;0,020000000000000000000
388;6262;0,020000000000000000000
388;8525;0,020000000000000000000
388;8641;0,020000000000000000000
388;9098;0,020000000000000000000
388;11235;0,040000000000000000000
388;606725;0,020000000000000000000
391;398;0,200000000000000000000
391;1894;0,400000000000000000000
391;6262;0,200000000000000000000
391;12356;0,200000000000000000000
392;3513;0,500000000000000000000
392;7975;0,500000000000000000000
393;1178;0,333333333333333333333
393;1596;0,666666666666666666666
395;930;0,500000000000000000000
395;2140;0,500000000000000000000
398;391;0,333333333333333333333
398;407;0,333333333333333333333
398;3465;0,333333333333333333333
399;367121;1,000000000000000000000
400;945;1,000000000000000000000
407;458;0,250000000000000000000
407;2445;0,250000000000000000000
407;2630;0,250000000000000000000
407;5626;0,250000000000000000000
408;400;0,333333333333333333333
408;669;0,333333333333333333333
408;17262;0,333333333333333333333
410;337;0,333333333333333333333
410;394;0,166666666666666666666
410;396;0,333333333333333333333
410;606725;0,166666666666666666666
411;1728;1,000000000000000000000
413;405;1,000000000000000000000
414;1127;0,500000000000000000000
414;7975;0,500000000000000000000
417;419;1,000000000000000000000
419;388;0,055555555555555555555
419;396;0,055555555555555555555
419;414;0,055555555555555555555
419;418;0,055555555555555555555
419;945;0,055555555555555555555
419;1221;0,166666666666666666666
419;1671;0,055555555555555555555
419;1762;0,055555555555555555555
419;1894;0,055555555555555555555
419;3465;0,055555555555555555555
419;7975;0,055555555555555555555
419;12959;0,055555555555555555555
419;14526;0,166666666666666666666
419;16921;0,055555555555555555555
420;1169;0,250000000000000000000
420;5016;0,250000000000000000000
420;7130;0,250000000000000000000
420;131383;0,250000000000000000000
423;352;0,061224489795918367346
423;424;0,020408163265306122448
423;425;0,061224489795918367346
423;426;0,061224489795918367346
423;427;0,061224489795918367346
423;441;0,061224489795918367346
423;442;0,061224489795918367346
423;443;0,061224489795918367346
423;444;0,061224489795918367346
423;513;0,020408163265306122448
423;849;0,020408163265306122448
423;1117;0,040816326530612244897
423;1315;0,061224489795918367346
423;2500;0,061224489795918367346
423;2555;0,061224489795918367346
423;3876;0,020408163265306122448
423;5611;0,061224489795918367346
423;13335;0,061224489795918367346
423;98841;0,020408163265306122448
423;511019;0,061224489795918367346
424;443;0,500000000000000000000
424;48826;0,500000000000000000000
426;424;1,000000000000000000000
427;513;1,000000000000000000000
428;3089;0,250000000000000000000
428;3450;0,250000000000000000000
428;4345;0,500000000000000000000
441;3394;0,111111111111111111111
441;3664;0,111111111111111111111
441;5077;0,333333333333333333333
441;12591;0,111111111111111111111
441;116140;0,333333333333333333333
443;704910;1,000000000000000000000
453;839;0,500000000000000000000
453;979;0,250000000000000000000
453;13498;0,250000000000000000000
464;1142;0,500000000000000000000
464;2375;0,500000000000000000000
466;7221;1,000000000000000000000
469;468;0,666666666666666666666
469;667;0,333333333333333333333
479;8473;1,000000000000000000000
485;119;0,250000000000000000000
485;3105;0,250000000000000000000
485;4150;0,250000000000000000000
485;584969;0,250000000000000000000
488;1864;0,500000000000000000000
488;666007;0,500000000000000000000
497;622;0,111111111111111111111
497;1780;0,777777777777777777777
497;7759;0,111111111111111111111
502;531;0,111111111111111111111
502;668;0,111111111111111111111
502;1248;0,111111111111111111111
502;1745;0,111111111111111111111
502;3443;0,111111111111111111111
502;3515;0,222222222222222222222
502;3625;0,111111111111111111111
502;321395;0,111111111111111111111
510;2578;1,000000000000000000000
513;7135;1,000000000000000000000
518;15048;0,250000000000000000000
518;353914;0,500000000000000000000
518;431089;0,250000000000000000000
519;1764;0,285714285714285714285
519;2005;0,571428571428571428571
519;3317;0,142857142857142857142
520;1650;0,250000000000000000000
520;1778;0,500000000000000000000
520;98841;0,250000000000000000000
521;1122;0,333333333333333333333
521;1286;0,333333333333333333333
521;2146;0,333333333333333333333
524;2779;0,500000000000000000000
524;2786;0,500000000000000000000
526;65;0,250000000000000000000
526;1286;0,250000000000000000000
526;4262;0,250000000000000000000
526;9436;0,250000000000000000000
527;520;0,400000000000000000000
527;1046;0,200000000000000000000
527;2445;0,200000000000000000000
527;125861;0,200000000000000000000
538;249;0,200000000000000000000
538;349;0,600000000000000000000
538;351;0,200000000000000000000
543;886;1,000000000000000000000
545;290;0,400000000000000000000
545;3304;0,400000000000000000000
545;5915;0,200000000000000000000
547;988;1,000000000000000000000
550;132;0,100000000000000000000
550;658;0,200000000000000000000
550;3230;0,100000000000000000000
550;3694;0,200000000000000000000
550;4150;0,100000000000000000000
550;15895;0,200000000000000000000
550;21839;0,100000000000000000000
551;1265;0,500000000000000000000
551;5149;0,500000000000000000000
558;851;1,000000000000000000000
571;14;1,000000000000000000000
577;100;1,000000000000000000000
588;100;0,250000000000000000000
588;2129;0,750000000000000000000
605;5171;1,000000000000000000000
613;488;0,125000000000000000000
613;2008;0,500000000000000000000
613;5603;0,375000000000000000000
615;96;0,166666666666666666666
615;268;0,166666666666666666666
615;283;0,166666666666666666666
615;540;0,166666666666666666666
615;984;0,166666666666666666666
615;2398;0,166666666666666666666
622;466;0,181818181818181818181
622;497;0,090909090909090909090
622;1169;0,181818181818181818181
622;2054;0,272727272727272727272
622;2147;0,181818181818181818181
622;6316;0,090909090909090909090
625;798;0,500000000000000000000
625;983;0,250000000000000000000
625;1154;0,166666666666666666666
625;6203;0,083333333333333333333
626;122;0,333333333333333333333
626;1154;0,333333333333333333333
626;2852;0,333333333333333333333
628;194;0,200000000000000000000
628;567;0,200000000000000000000
628;1762;0,400000000000000000000
628;1036379;0,200000000000000000000
635;1637;1,000000000000000000000
645;71;0,666666666666666666666
645;7686;0,333333333333333333333
652;579;0,166666666666666666666
652;1864;0,166666666666666666666
652;3164;0,166666666666666666666
652;4377;0,333333333333333333333
652;7920;0,166666666666666666666
660;1678;1,000000000000000000000
662;529;0,111111111111111111111
662;78108;0,888888888888888888888
667;469;0,500000000000000000000
667;157749;0,500000000000000000000
668;80;0,071428571428571428571
668;502;0,142857142857142857142
668;530;0,107142857142857142857
668;531;0,035714285714285714285
668;876;0,035714285714285714285
668;1130;0,071428571428571428571
668;1131;0,107142857142857142857
668;1248;0,142857142857142857142
668;2516;0,035714285714285714285
668;3443;0,035714285714285714285
668;3515;0,107142857142857142857
668;3625;0,035714285714285714285
668;321395;0,071428571428571428571
671;1894;0,500000000000000000000
671;3465;0,500000000000000000000
678;11;0,076923076923076923076
678;267;0,038461538461538461538
678;279;0,038461538461538461538
678;615;0,038461538461538461538
678;861;0,038461538461538461538
678;980;0,038461538461538461538
678;1515;0,038461538461538461538
678;1570;0,115384615384615384615
678;1583;0,115384615384615384615
678;1889;0,076923076923076923076
678;2139;0,038461538461538461538
678;2661;0,076923076923076923076
678;3872;0,076923076923076923076
678;6164;0,038461538461538461538
678;7160;0,076923076923076923076
678;216172;0,076923076923076923076
682;3155;0,666666666666666666666
682;6773;0,333333333333333333333
683;682;1,000000000000000000000
689;360;0,500000000000000000000
689;846;0,500000000000000000000
695;71;0,500000000000000000000
695;1489;0,166666666666666666666
695;59841;0,166666666666666666666
695;98841;0,166666666666666666666
698;2087;0,500000000000000000000
698;6723;0,500000000000000000000
700;1754;1,000000000000000000000
713;407;0,250000000000000000000
713;458;0,125000000000000000000
713;2585;0,125000000000000000000
713;3779;0,125000000000000000000
713;5626;0,125000000000000000000
713;306994;0,250000000000000000000
731;15471;1,000000000000000000000
740;2;0,200000000000000000000
740;1902;0,400000000000000000000
740;8858;0,200000000000000000000
740;13502;0,200000000000000000000
747;748;0,111111111111111111111
747;5523;0,055555555555555555555
747;8516;0,166666666666666666666
747;75827;0,555555555555555555555
747;76428;0,055555555555555555555
747;403195;0,055555555555555555555
748;213;0,055555555555555555555
748;747;0,055555555555555555555
748;1762;0,055555555555555555555
748;38738;0,055555555555555555555
748;71411;0,222222222222222222222
748;75827;0,333333333333333333333
748;76428;0,055555555555555555555
748;403195;0,166666666666666666666
749;148;0,125000000000000000000
749;1939;0,250000000000000000000
749;2054;0,250000000000000000000
749;5149;0,250000000000000000000
749;336063;0,125000000000000000000
750;3401;0,166666666666666666666
750;6812;0,333333333333333333333
750;343424;0,500000000000000000000
761;547;0,111111111111111111111
761;995;0,222222222222222222222
761;1098;0,111111111111111111111
761;2657;0,111111111111111111111
761;4225;0,222222222222222222222
761;6048;0,111111111111111111111
761;248835;0,111111111111111111111
765;3158;0,500000000000000000000
765;3857;0,500000000000000000000
768;104;0,333333333333333333333
768;822;0,333333333333333333333
768;2578;0,333333333333333333333
772;187;0,500000000000000000000
772;4751;0,250000000000000000000
772;254306;0,250000000000000000000
774;3829;1,000000000000000000000
777;453;1,000000000000000000000
778;5852;1,000000000000000000000
787;3459;1,000000000000000000000
794;7132;1,000000000000000000000
802;698;1,000000000000000000000
815;100;1,000000000000000000000
817;3318;1,000000000000000000000
819;111;0,142857142857142857142
819;281;0,071428571428571428571
819;452;0,142857142857142857142
819;933;0,214285714285714285714
819;1130;0,071428571428571428571
819;1370;0,071428571428571428571
819;1391;0,285714285714285714285
822;768;1,000000000000000000000
827;1948;0,076923076923076923076
827;2355;0,461538461538461538461
827;3399;0,153846153846153846153
827;6027;0,153846153846153846153
827;6509;0,153846153846153846153
829;12;0,714285714285714285714
829;5640;0,142857142857142857142
829;6511;0,142857142857142857142
835;1152;1,000000000000000000000
839;172;0,166666666666666666666
839;1498;0,333333333333333333333
839;1598;0,333333333333333333333
839;4772;0,166666666666666666666
841;4561;0,333333333333333333333
841;5564;0,333333333333333333333
841;17323;0,333333333333333333333
844;360;0,200000000000000000000
844;1719;0,400000000000000000000
844;3508;0,100000000000000000000
844;3802;0,100000000000000000000
844;9338;0,100000000000000000000
844;13178;0,100000000000000000000
845;846;0,210526315789473684210
845;982;0,078947368421052631578
845;1041;0,131578947368421052631
845;1263;0,131578947368421052631
845;1437;0,078947368421052631578
845;1724;0,078947368421052631578
845;2396;0,026315789473684210526
845;2731;0,026315789473684210526
845;131383;0,052631578947368421052
845;192866;0,052631578947368421052
845;336640;0,026315789473684210526
845;398787;0,026315789473684210526
845;623129;0,078947368421052631578
846;131;0,018181818181818181818
846;275;0,018181818181818181818
846;277;0,072727272727272727272
846;283;0,018181818181818181818
846;293;0,018181818181818181818
846;642;0,018181818181818181818
846;845;0,236363636363636363636
846;982;0,018181818181818181818
846;1041;0,018181818181818181818
846;1065;0,054545454545454545454
846;1263;0,018181818181818181818
846;1437;0,036363636363636363636
846;1724;0,018181818181818181818
846;2396;0,018181818181818181818
846;2697;0,018181818181818181818
846;2731;0,054545454545454545454
846;2834;0,018181818181818181818
846;3105;0,018181818181818181818
846;3683;0,018181818181818181818
846;7030;0,018181818181818181818
846;7660;0,036363636363636363636
846;8539;0,018181818181818181818
846;8715;0,018181818181818181818
846;17549;0,018181818181818181818
846;59841;0,036363636363636363636
846;131383;0,109090909090909090909
846;163510;0,018181818181818181818
846;192866;0,018181818181818181818
853;557;0,023809523809523809523
853;564;0,023809523809523809523
853;721;0,023809523809523809523
853;1239;0,023809523809523809523
853;2190;0,023809523809523809523
853;2191;0,047619047619047619047
853;2235;0,023809523809523809523
853;2744;0,047619047619047619047
853;2844;0,023809523809523809523
853;3249;0,023809523809523809523
853;3966;0,023809523809523809523
853;4538;0,047619047619047619047
853;4938;0,023809523809523809523
853;6250;0,023809523809523809523
853;6353;0,095238095238095238095
853;6366;0,023809523809523809523
853;7416;0,023809523809523809523
853;8738;0,023809523809523809523
853;9106;0,023809523809523809523
853;9483;0,023809523809523809523
853;9905;0,023809523809523809523
853;11534;0,023809523809523809523
853;11890;0,023809523809523809523
853;11921;0,023809523809523809523
853;12429;0,023809523809523809523
853;12432;0,023809523809523809523
853;12433;0,023809523809523809523
853;12436;0,023809523809523809523
853;12442;0,023809523809523809523
853;12826;0,023809523809523809523
853;15860;0,023809523809523809523
853;16650;0,023809523809523809523
853;16656;0,023809523809523809523
853;16658;0,023809523809523809523
853;16661;0,047619047619047619047
854;71;0,100000000000000000000
854;853;0,200000000000000000000
854;1569;0,100000000000000000000
854;2277;0,100000000000000000000
854;2972;0,100000000000000000000
854;4512;0,100000000000000000000
854;116140;0,200000000000000000000
854;474028;0,100000000000000000000
855;23930;1,000000000000000000000
860;1033;0,333333333333333333333
860;1583;0,333333333333333333333
860;1988;0,333333333333333333333
861;678;0,083333333333333333333
861;1583;0,166666666666666666666
861;1591;0,083333333333333333333
861;3045;0,416666666666666666666
861;5628;0,083333333333333333333
861;6723;0,083333333333333333333
861;6923;0,083333333333333333333
863;180;1,000000000000000000000
866;970;0,428571428571428571428
866;2059;0,142857142857142857142
866;2780;0,285714285714285714285
866;3798;0,142857142857142857142
869;7975;1,000000000000000000000
873;1894;1,000000000000000000000
877;887;0,125000000000000000000
877;1044;0,125000000000000000000
877;5679;0,250000000000000000000
877;9434;0,125000000000000000000
877;9807;0,125000000000000000000
877;12798;0,125000000000000000000
877;18258;0,125000000000000000000
882;213;0,250000000000000000000
882;1471;0,375000000000000000000
882;28826;0,125000000000000000000
882;50959;0,250000000000000000000
883;2786;1,000000000000000000000
885;2083;0,250000000000000000000
885;2199;0,500000000000000000000
885;5329;0,250000000000000000000
886;211;0,250000000000000000000
886;543;0,500000000000000000000
886;2863;0,250000000000000000000
887;877;0,500000000000000000000
887;525330;0,500000000000000000000
904;388;0,166666666666666666666
904;407;0,166666666666666666666
904;2200;0,166666666666666666666
904;3318;0,166666666666666666666
904;41776;0,166666666666666666666
904;353698;0,166666666666666666666
906;2146;1,000000000000000000000
911;4262;0,200000000000000000000
911;7788;0,300000000000000000000
911;13006;0,100000000000000000000
911;16644;0,300000000000000000000
911;57838;0,100000000000000000000
912;3234;1,000000000000000000000
918;276780;1,000000000000000000000
925;579;0,250000000000000000000
925;5698;0,250000000000000000000
925;442813;0,250000000000000000000
925;591752;0,250000000000000000000
930;395;0,500000000000000000000
930;3697;0,500000000000000000000
933;819;0,666666666666666666666
933;693032;0,333333333333333333333
937;104;1,000000000000000000000
938;512;1,000000000000000000000
943;4206;1,000000000000000000000
945;1140;0,500000000000000000000
945;41776;0,500000000000000000000
955;4681;0,500000000000000000000
955;27861;0,500000000000000000000
960;3414;1,000000000000000000000
970;866;0,294117647058823529411
970;965;0,058823529411764705882
970;977;0,294117647058823529411
970;1286;0,117647058823529411764
970;2156;0,058823529411764705882
970;2786;0,058823529411764705882
970;13265;0,058823529411764705882
970;587053;0,058823529411764705882
972;2741;1,000000000000000000000
977;866;0,117647058823529411764
977;970;0,235294117647058823529
977;1508;0,058823529411764705882
977;1744;0,058823529411764705882
977;3142;0,058823529411764705882
977;4280;0,294117647058823529411
977;5564;0,117647058823529411764
977;8090;0,058823529411764705882
978;1085;0,043478260869565217391
978;2559;0,043478260869565217391
978;9296;0,043478260869565217391
978;28826;0,304347826086956521739
978;1088819;0,565217391304347826086
980;678;0,142857142857142857142
980;2684;0,142857142857142857142
980;3219;0,428571428571428571428
980;3619;0,142857142857142857142
980;693032;0,142857142857142857142
982;845;0,083333333333333333333
982;1041;0,166666666666666666666
982;1042;0,250000000000000000000
982;2275;0,083333333333333333333
982;2834;0,083333333333333333333
982;12963;0,166666666666666666666
982;623129;0,083333333333333333333
982;767166;0,083333333333333333333
983;122;0,333333333333333333333
983;625;0,333333333333333333333
983;1154;0,111111111111111111111
983;4476;0,111111111111111111111
983;10606;0,111111111111111111111
984;615;1,000000000000000000000
988;547;0,666666666666666666666
988;5171;0,333333333333333333333
990;853;0,333333333333333333333
990;1096;0,333333333333333333333
990;2744;0,333333333333333333333
995;54;0,040000000000000000000
995;351;0,080000000000000000000
995;407;0,120000000000000000000
995;695;0,160000000000000000000
995;761;0,080000000000000000000
995;1827;0,080000000000000000000
995;2109;0,080000000000000000000
995;2129;0,040000000000000000000
995;2591;0,040000000000000000000
995;2850;0,080000000000000000000
995;2865;0,080000000000000000000
995;4059;0,040000000000000000000
995;11382;0,080000000000000000000
997;5693;0,500000000000000000000
997;16487;0,500000000000000000000
1004;100;0,500000000000000000000
1004;6892;0,500000000000000000000
1010;1018;0,142857142857142857142
1010;2001;0,428571428571428571428
1010;5470;0,142857142857142857142
1010;5635;0,142857142857142857142
1010;13504;0,142857142857142857142
1018;20770;1,000000000000000000000
1024;1117;0,500000000000000000000
1024;704910;0,500000000000000000000
1030;2337;0,333333333333333333333
1030;2678;0,333333333333333333333
1030;8348;0,333333333333333333333
1033;860;0,500000000000000000000
1033;659899;0,500000000000000000000
1034;2852;1,000000000000000000000
1035;189;0,333333333333333333333
1035;851;0,333333333333333333333
1035;2657;0,333333333333333333333
1036;1610;1,000000000000000000000
1041;41;0,011560693641618497109
1041;240;0,005780346820809248554
1041;845;0,052023121387283236994
1041;846;0,011560693641618497109
1041;982;0,052023121387283236994
1041;1042;0,011560693641618497109
1041;1190;0,005780346820809248554
1041;1220;0,005780346820809248554
1041;1444;0,005780346820809248554
1041;1468;0,005780346820809248554
1041;1724;0,011560693641618497109
1041;1771;0,005780346820809248554
1041;2275;0,011560693641618497109
1041;2287;0,005780346820809248554
1041;2419;0,005780346820809248554
1041;2420;0,005780346820809248554
1041;2421;0,005780346820809248554
1041;2422;0,023121387283236994219
1041;2423;0,005780346820809248554
1041;2424;0,005780346820809248554
1041;2425;0,011560693641618497109
1041;2731;0,005780346820809248554
1041;3716;0,005780346820809248554
1041;3993;0,005780346820809248554
1041;4692;0,005780346820809248554
1041;5065;0,005780346820809248554
1041;5782;0,005780346820809248554
1041;6068;0,005780346820809248554
1041;6201;0,005780346820809248554
1041;6419;0,005780346820809248554
1041;6630;0,005780346820809248554
1041;6641;0,005780346820809248554
1041;6678;0,005780346820809248554
1041;6734;0,005780346820809248554
1041;6765;0,005780346820809248554
1041;6881;0,005780346820809248554
1041;6918;0,005780346820809248554
1041;7139;0,005780346820809248554
1041;7392;0,005780346820809248554
1041;7478;0,005780346820809248554
1041;7954;0,005780346820809248554
1041;8013;0,005780346820809248554
1041;8205;0,005780346820809248554
1041;8820;0,005780346820809248554
1041;9065;0,005780346820809248554
1041;9066;0,005780346820809248554
1041;9067;0,005780346820809248554
1041;9068;0,005780346820809248554
1041;9069;0,005780346820809248554
1041;9674;0,005780346820809248554
1041;10298;0,005780346820809248554
1041;10592;0,005780346820809248554
1041;10606;0,005780346820809248554
1041;11369;0,005780346820809248554
1041;11826;0,005780346820809248554
1041;12375;0,005780346820809248554
1041;12489;0,005780346820809248554
1041;13179;0,005780346820809248554
1041;13850;0,005780346820809248554
1041;14069;0,005780346820809248554
1041;15222;0,005780346820809248554
1041;15686;0,005780346820809248554
1041;15944;0,005780346820809248554
1041;16497;0,005780346820809248554
1041;16994;0,005780346820809248554
1041;17553;0,005780346820809248554
1041;17888;0,005780346820809248554
1041;18080;0,005780346820809248554
1041;18098;0,005780346820809248554
1041;19627;0,005780346820809248554
1041;19726;0,005780346820809248554
1041;20307;0,005780346820809248554
1041;21159;0,005780346820809248554
1041;22534;0,005780346820809248554
1041;23180;0,005780346820809248554
1041;25205;0,005780346820809248554
1041;25220;0,005780346820809248554
1041;25221;0,005780346820809248554
1041;25222;0,005780346820809248554
1041;25223;0,005780346820809248554
1041;25224;0,005780346820809248554
1041;25225;0,005780346820809248554
1041;25226;0,005780346820809248554
1041;25227;0,005780346820809248554
1041;25229;0,005780346820809248554
1041;25230;0,005780346820809248554
1041;25905;0,005780346820809248554
1041;26251;0,005780346820809248554
1041;27062;0,005780346820809248554
1041;27063;0,005780346820809248554
1041;27064;0,005780346820809248554
1041;27065;0,005780346820809248554
1041;27066;0,005780346820809248554
1041;27067;0,005780346820809248554
1041;27175;0,005780346820809248554
1041;27472;0,005780346820809248554
1041;27474;0,005780346820809248554
1041;27478;0,005780346820809248554
1041;27810;0,005780346820809248554
1041;28183;0,005780346820809248554
1041;28184;0,005780346820809248554
1041;28185;0,005780346820809248554
1041;28187;0,005780346820809248554
1041;28188;0,005780346820809248554
1041;28189;0,005780346820809248554
1041;28191;0,005780346820809248554
1041;28193;0,005780346820809248554
1041;28194;0,005780346820809248554
1041;28195;0,005780346820809248554
1041;28198;0,005780346820809248554
1041;28199;0,005780346820809248554
1041;28200;0,005780346820809248554
1041;28202;0,005780346820809248554
1041;28210;0,005780346820809248554
1041;28212;0,005780346820809248554
1041;28213;0,005780346820809248554
1041;28853;0,005780346820809248554
1041;28856;0,005780346820809248554
1041;28857;0,005780346820809248554
1041;28858;0,005780346820809248554
1041;35557;0,005780346820809248554
1041;102129;0,005780346820809248554
1041;108876;0,005780346820809248554
1041;131383;0,005780346820809248554
1041;145389;0,005780346820809248554
1041;349155;0,005780346820809248554
1041;373677;0,011560693641618497109
1041;377520;0,005780346820809248554
1041;383065;0,005780346820809248554
1041;383066;0,005780346820809248554
1041;383067;0,005780346820809248554
1041;383068;0,005780346820809248554
1041;383069;0,005780346820809248554
1041;383070;0,005780346820809248554
1041;387436;0,005780346820809248554
1041;387437;0,005780346820809248554
1041;387438;0,005780346820809248554
1041;387439;0,005780346820809248554
1041;387441;0,005780346820809248554
1041;767166;0,046242774566473988439
1042;194;0,176470588235294117647
1042;982;0,058823529411764705882
1042;1041;0,058823529411764705882
1042;1220;0,352941176470588235294
1042;1771;0,117647058823529411764
1042;2275;0,058823529411764705882
1042;2287;0,058823529411764705882
1042;11369;0,117647058823529411764
1044;877;0,250000000000000000000
1044;9434;0,500000000000000000000
1044;525330;0,250000000000000000000
1046;39;0,090909090909090909090
1046;266;0,090909090909090909090
1046;527;0,090909090909090909090
1046;567;0,090909090909090909090
1046;956;0,090909090909090909090
1046;964;0,090909090909090909090
1046;1751;0,090909090909090909090
1046;3675;0,090909090909090909090
1046;9721;0,090909090909090909090
1046;9730;0,181818181818181818181
1053;5856;1,000000000000000000000
1058;1277;1,000000000000000000000
1064;3427;1,000000000000000000000
1066;9;0,001636661211129296235
1066;22;0,001636661211129296235
1066;65;0,001636661211129296235
1066;77;0,001636661211129296235
1066;78;0,001636661211129296235
1066;90;0,001636661211129296235
1066;127;0,001636661211129296235
1066;151;0,001636661211129296235
1066;184;0,001636661211129296235
1066;190;0,001636661211129296235
1066;192;0,001636661211129296235
1066;206;0,001636661211129296235
1066;235;0,001636661211129296235
1066;242;0,001636661211129296235
1066;307;0,001636661211129296235
1066;373;0,001636661211129296235
1066;378;0,001636661211129296235
1066;466;0,001636661211129296235
1066;467;0,001636661211129296235
1066;474;0,001636661211129296235
1066;496;0,001636661211129296235
1066;497;0,001636661211129296235
1066;512;0,001636661211129296235
1066;521;0,001636661211129296235
1066;524;0,001636661211129296235
1066;526;0,001636661211129296235
1066;528;0,001636661211129296235
1066;529;0,001636661211129296235
1066;577;0,001636661211129296235
1066;594;0,001636661211129296235
1066;611;0,001636661211129296235
1066;620;0,001636661211129296235
1066;621;0,001636661211129296235
1066;622;0,003273322422258592471
1066;766;0,001636661211129296235
1066;815;0,001636661211129296235
1066;841;0,001636661211129296235
1066;866;0,001636661211129296235
1066;877;0,001636661211129296235
1066;878;0,001636661211129296235
1066;883;0,001636661211129296235
1066;887;0,001636661211129296235
1066;906;0,001636661211129296235
1066;911;0,001636661211129296235
1066;938;0,001636661211129296235
1066;960;0,001636661211129296235
1066;965;0,001636661211129296235
1066;966;0,001636661211129296235
1066;970;0,001636661211129296235
1066;977;0,001636661211129296235
1066;1044;0,001636661211129296235
1066;1060;0,001636661211129296235
1066;1101;0,001636661211129296235
1066;1109;0,001636661211129296235
1066;1114;0,001636661211129296235
1066;1121;0,001636661211129296235
1066;1122;0,003273322422258592471
1066;1150;0,001636661211129296235
1066;1234;0,001636661211129296235
1066;1240;0,001636661211129296235
1066;1263;0,001636661211129296235
1066;1274;0,001636661211129296235
1066;1286;0,001636661211129296235
1066;1325;0,001636661211129296235
1066;1327;0,001636661211129296235
1066;1328;0,001636661211129296235
1066;1329;0,001636661211129296235
1066;1331;0,001636661211129296235
1066;1332;0,001636661211129296235
1066;1335;0,001636661211129296235
1066;1336;0,001636661211129296235
1066;1337;0,001636661211129296235
1066;1393;0,001636661211129296235
1066;1401;0,001636661211129296235
1066;1419;0,001636661211129296235
1066;1432;0,001636661211129296235
1066;1443;0,001636661211129296235
1066;1473;0,001636661211129296235
1066;1475;0,001636661211129296235
1066;1508;0,001636661211129296235
1066;1525;0,001636661211129296235
1066;1549;0,001636661211129296235
1066;1625;0,001636661211129296235
1066;1632;0,001636661211129296235
1066;1667;0,001636661211129296235
1066;1676;0,001636661211129296235
1066;1743;0,001636661211129296235
1066;1744;0,001636661211129296235
1066;1780;0,001636661211129296235
1066;1838;0,001636661211129296235
1066;1856;0,001636661211129296235
1066;1866;0,001636661211129296235
1066;1971;0,001636661211129296235
1066;2017;0,001636661211129296235
1066;2023;0,001636661211129296235
1066;2027;0,001636661211129296235
1066;2029;0,001636661211129296235
1066;2037;0,001636661211129296235
1066;2039;0,001636661211129296235
1066;2041;0,001636661211129296235
1066;2043;0,001636661211129296235
1066;2046;0,001636661211129296235
1066;2050;0,001636661211129296235
1066;2052;0,001636661211129296235
1066;2054;0,001636661211129296235
1066;2059;0,001636661211129296235
1066;2064;0,001636661211129296235
1066;2066;0,001636661211129296235
1066;2070;0,001636661211129296235
1066;2071;0,001636661211129296235
1066;2146;0,001636661211129296235
1066;2147;0,001636661211129296235
1066;2150;0,001636661211129296235
1066;2152;0,001636661211129296235
1066;2153;0,001636661211129296235
1066;2156;0,001636661211129296235
1066;2212;0,001636661211129296235
1066;2213;0,001636661211129296235
1066;2215;0,001636661211129296235
1066;2216;0,001636661211129296235
1066;2223;0,001636661211129296235
1066;2271;0,001636661211129296235
1066;2272;0,001636661211129296235
1066;2280;0,001636661211129296235
1066;2312;0,001636661211129296235
1066;2349;0,001636661211129296235
1066;2359;0,001636661211129296235
1066;2369;0,001636661211129296235
1066;2385;0,001636661211129296235
1066;2403;0,001636661211129296235
1066;2418;0,001636661211129296235
1066;2434;0,001636661211129296235
1066;2492;0,001636661211129296235
1066;2498;0,001636661211129296235
1066;2503;0,001636661211129296235
1066;2504;0,001636661211129296235
1066;2586;0,001636661211129296235
1066;2644;0,001636661211129296235
1066;2683;0,001636661211129296235
1066;2697;0,004909983633387888707
1066;2737;0,001636661211129296235
1066;2738;0,001636661211129296235
1066;2740;0,001636661211129296235
1066;2779;0,001636661211129296235
1066;2780;0,001636661211129296235
1066;2786;0,001636661211129296235
1066;2823;0,001636661211129296235
1066;2830;0,001636661211129296235
1066;2998;0,001636661211129296235
1066;3017;0,001636661211129296235
1066;3085;0,001636661211129296235
1066;3116;0,001636661211129296235
1066;3142;0,001636661211129296235
1066;3147;0,001636661211129296235
1066;3158;0,001636661211129296235
1066;3204;0,001636661211129296235
1066;3205;0,001636661211129296235
1066;3241;0,001636661211129296235
1066;3268;0,001636661211129296235
1066;3269;0,001636661211129296235
1066;3271;0,001636661211129296235
1066;3296;0,001636661211129296235
1066;3311;0,001636661211129296235
1066;3328;0,001636661211129296235
1066;3355;0,001636661211129296235
1066;3356;0,001636661211129296235
1066;3394;0,001636661211129296235
1066;3403;0,001636661211129296235
1066;3414;0,001636661211129296235
1066;3535;0,001636661211129296235
1066;3591;0,001636661211129296235
1066;3680;0,001636661211129296235
1066;3703;0,001636661211129296235
1066;3704;0,001636661211129296235
1066;3714;0,001636661211129296235
1066;3736;0,001636661211129296235
1066;3748;0,001636661211129296235
1066;3781;0,001636661211129296235
1066;3798;0,001636661211129296235
1066;3800;0,001636661211129296235
1066;3864;0,001636661211129296235
1066;3983;0,001636661211129296235
1066;3991;0,001636661211129296235
1066;3998;0,001636661211129296235
1066;4048;0,001636661211129296235
1066;4064;0,001636661211129296235
1066;4070;0,001636661211129296235
1066;4086;0,001636661211129296235
1066;4146;0,001636661211129296235
1066;4147;0,001636661211129296235
1066;4197;0,001636661211129296235
1066;4208;0,001636661211129296235
1066;4237;0,001636661211129296235
1066;4240;0,001636661211129296235
1066;4262;0,001636661211129296235
1066;4271;0,001636661211129296235
1066;4280;0,001636661211129296235
1066;4281;0,001636661211129296235
1066;4364;0,001636661211129296235
1066;4380;0,001636661211129296235
1066;4414;0,001636661211129296235
1066;4491;0,001636661211129296235
1066;4493;0,001636661211129296235
1066;4500;0,001636661211129296235
1066;4525;0,001636661211129296235
1066;4533;0,001636661211129296235
1066;4561;0,001636661211129296235
1066;4580;0,001636661211129296235
1066;4625;0,001636661211129296235
1066;4715;0,001636661211129296235
1066;4720;0,001636661211129296235
1066;4748;0,001636661211129296235
1066;4755;0,001636661211129296235
1066;4758;0,001636661211129296235
1066;4765;0,001636661211129296235
1066;4829;0,001636661211129296235
1066;4979;0,001636661211129296235
1066;5082;0,001636661211129296235
1066;5097;0,001636661211129296235
1066;5119;0,001636661211129296235
1066;5144;0,001636661211129296235
1066;5167;0,001636661211129296235
1066;5214;0,001636661211129296235
1066;5219;0,001636661211129296235
1066;5250;0,001636661211129296235
1066;5264;0,001636661211129296235
1066;5351;0,001636661211129296235
1066;5367;0,001636661211129296235
1066;5437;0,001636661211129296235
1066;5438;0,001636661211129296235
1066;5439;0,001636661211129296235
1066;5441;0,001636661211129296235
1066;5442;0,001636661211129296235
1066;5443;0,001636661211129296235
1066;5444;0,001636661211129296235
1066;5445;0,001636661211129296235
1066;5446;0,001636661211129296235
1066;5459;0,001636661211129296235
1066;5469;0,001636661211129296235
1066;5487;0,001636661211129296235
1066;5513;0,001636661211129296235
1066;5519;0,001636661211129296235
1066;5522;0,001636661211129296235
1066;5530;0,001636661211129296235
1066;5545;0,001636661211129296235
1066;5557;0,001636661211129296235
1066;5564;0,001636661211129296235
1066;5629;0,001636661211129296235
1066;5632;0,001636661211129296235
1066;5691;0,003273322422258592471
1066;5698;0,001636661211129296235
1066;5762;0,001636661211129296235
1066;5831;0,001636661211129296235
1066;5892;0,001636661211129296235
1066;5922;0,001636661211129296235
1066;5944;0,001636661211129296235
1066;6189;0,001636661211129296235
1066;6213;0,001636661211129296235
1066;6234;0,001636661211129296235
1066;6316;0,001636661211129296235
1066;6320;0,001636661211129296235
1066;6465;0,001636661211129296235
1066;6472;0,001636661211129296235
1066;6548;0,001636661211129296235
1066;6581;0,001636661211129296235
1066;6604;0,001636661211129296235
1066;6624;0,001636661211129296235
1066;6693;0,001636661211129296235
1066;6759;0,001636661211129296235
1066;6781;0,001636661211129296235
1066;6827;0,001636661211129296235
1066;6828;0,001636661211129296235
1066;7221;0,001636661211129296235
1066;7278;0,001636661211129296235
1066;7301;0,001636661211129296235
1066;7328;0,001636661211129296235
1066;7546;0,001636661211129296235
1066;7564;0,001636661211129296235
1066;7586;0,001636661211129296235
1066;7650;0,001636661211129296235
1066;7747;0,001636661211129296235
1066;7759;0,001636661211129296235
1066;7762;0,001636661211129296235
1066;7767;0,001636661211129296235
1066;7780;0,001636661211129296235
1066;7788;0,001636661211129296235
1066;7939;0,001636661211129296235
1066;7979;0,001636661211129296235
1066;7983;0,001636661211129296235
1066;8090;0,001636661211129296235
1066;8143;0,001636661211129296235
1066;8156;0,001636661211129296235
1066;8293;0,001636661211129296235
1066;8381;0,001636661211129296235
1066;8500;0,001636661211129296235
1066;8611;0,001636661211129296235
1066;8618;0,001636661211129296235
1066;8623;0,001636661211129296235
1066;8723;0,001636661211129296235
1066;8730;0,001636661211129296235
1066;8933;0,001636661211129296235
1066;9026;0,001636661211129296235
1066;9110;0,001636661211129296235
1066;9158;0,001636661211129296235
1066;9184;0,001636661211129296235
1066;9208;0,001636661211129296235
1066;9217;0,001636661211129296235
1066;9371;0,001636661211129296235
1066;9381;0,001636661211129296235
1066;9382;0,001636661211129296235
1066;9385;0,001636661211129296235
1066;9386;0,001636661211129296235
1066;9387;0,001636661211129296235
1066;9389;0,001636661211129296235
1066;9390;0,001636661211129296235
1066;9391;0,004909983633387888707
1066;9392;0,001636661211129296235
1066;9393;0,001636661211129296235
1066;9395;0,001636661211129296235
1066;9396;0,001636661211129296235
1066;9398;0,001636661211129296235
1066;9399;0,001636661211129296235
1066;9400;0,001636661211129296235
1066;9401;0,001636661211129296235
1066;9402;0,001636661211129296235
1066;9403;0,001636661211129296235
1066;9405;0,001636661211129296235
1066;9406;0,001636661211129296235
1066;9407;0,001636661211129296235
1066;9408;0,001636661211129296235
1066;9409;0,001636661211129296235
1066;9410;0,001636661211129296235
1066;9411;0,001636661211129296235
1066;9412;0,001636661211129296235
1066;9413;0,001636661211129296235
1066;9414;0,001636661211129296235
1066;9415;0,001636661211129296235
1066;9416;0,001636661211129296235
1066;9417;0,001636661211129296235
1066;9418;0,001636661211129296235
1066;9420;0,001636661211129296235
1066;9421;0,001636661211129296235
1066;9422;0,001636661211129296235
1066;9423;0,001636661211129296235
1066;9424;0,001636661211129296235
1066;9425;0,001636661211129296235
1066;9426;0,001636661211129296235
1066;9430;0,001636661211129296235
1066;9431;0,001636661211129296235
1066;9432;0,001636661211129296235
1066;9433;0,001636661211129296235
1066;9434;0,001636661211129296235
1066;9435;0,001636661211129296235
1066;9436;0,001636661211129296235
1066;9437;0,001636661211129296235
1066;9438;0,001636661211129296235
1066;9439;0,001636661211129296235
1066;9441;0,001636661211129296235
1066;9442;0,001636661211129296235
1066;9624;0,001636661211129296235
1066;9681;0,001636661211129296235
1066;9806;0,001636661211129296235
1066;9807;0,001636661211129296235
1066;9839;0,001636661211129296235
1066;10000;0,001636661211129296235
1066;10080;0,001636661211129296235
1066;10169;0,001636661211129296235
1066;10649;0,001636661211129296235
1066;10740;0,001636661211129296235
1066;10946;0,001636661211129296235
1066;11030;0,001636661211129296235
1066;11213;0,001636661211129296235
1066;11536;0,001636661211129296235
1066;11839;0,001636661211129296235
1066;11999;0,001636661211129296235
1066;12001;0,001636661211129296235
1066;12098;0,001636661211129296235
1066;12394;0,001636661211129296235
1066;12523;0,001636661211129296235
1066;12612;0,001636661211129296235
1066;12717;0,001636661211129296235
1066;12798;0,001636661211129296235
1066;13006;0,001636661211129296235
1066;13026;0,001636661211129296235
1066;13265;0,001636661211129296235
1066;13369;0,001636661211129296235
1066;13372;0,001636661211129296235
1066;13545;0,001636661211129296235
1066;13560;0,001636661211129296235
1066;14073;0,001636661211129296235
1066;14151;0,001636661211129296235
1066;14465;0,001636661211129296235
1066;14839;0,001636661211129296235
1066;15437;0,001636661211129296235
1066;15890;0,001636661211129296235
1066;16644;0,001636661211129296235
1066;17323;0,001636661211129296235
1066;17453;0,001636661211129296235
1066;17502;0,001636661211129296235
1066;17530;0,001636661211129296235
1066;17603;0,001636661211129296235
1066;18145;0,001636661211129296235
1066;18247;0,001636661211129296235
1066;18251;0,001636661211129296235
1066;18258;0,001636661211129296235
1066;18264;0,001636661211129296235
1066;18577;0,001636661211129296235
1066;19031;0,001636661211129296235
1066;20235;0,001636661211129296235
1066;20662;0,001636661211129296235
1066;20669;0,001636661211129296235
1066;20801;0,001636661211129296235
1066;20969;0,001636661211129296235
1066;21594;0,001636661211129296235
1066;21839;0,001636661211129296235
1066;25849;0,001636661211129296235
1066;25899;0,001636661211129296235
1066;26502;0,001636661211129296235
1066;26746;0,001636661211129296235
1066;27173;0,001636661211129296235
1066;27286;0,001636661211129296235
1066;27312;0,001636661211129296235
1066;27315;0,001636661211129296235
1066;27316;0,001636661211129296235
1066;27317;0,001636661211129296235
1066;27320;0,001636661211129296235
1066;27321;0,001636661211129296235
1066;27324;0,001636661211129296235
1066;27325;0,001636661211129296235
1066;27330;0,001636661211129296235
1066;27332;0,001636661211129296235
1066;27335;0,001636661211129296235
1066;27337;0,001636661211129296235
1066;27340;0,001636661211129296235
1066;27456;0,001636661211129296235
1066;27494;0,001636661211129296235
1066;27500;0,001636661211129296235
1066;27512;0,001636661211129296235
1066;27636;0,001636661211129296235
1066;27761;0,001636661211129296235
1066;27762;0,001636661211129296235
1066;27764;0,001636661211129296235
1066;27765;0,001636661211129296235
1066;27767;0,001636661211129296235
1066;27768;0,001636661211129296235
1066;27770;0,001636661211129296235
1066;27771;0,001636661211129296235
1066;27773;0,001636661211129296235
1066;27774;0,001636661211129296235
1066;27778;0,001636661211129296235
1066;27779;0,001636661211129296235
1066;27781;0,001636661211129296235
1066;27782;0,001636661211129296235
1066;27788;0,001636661211129296235
1066;27789;0,001636661211129296235
1066;27790;0,001636661211129296235
1066;27791;0,001636661211129296235
1066;27793;0,001636661211129296235
1066;27797;0,001636661211129296235
1066;27799;0,001636661211129296235
1066;27800;0,001636661211129296235
1066;27803;0,001636661211129296235
1066;27808;0,001636661211129296235
1066;27837;0,001636661211129296235
1066;27854;0,001636661211129296235
1066;27863;0,001636661211129296235
1066;27865;0,001636661211129296235
1066;27870;0,001636661211129296235
1066;27891;0,001636661211129296235
1066;27892;0,001636661211129296235
1066;27893;0,001636661211129296235
1066;27902;0,001636661211129296235
1066;27928;0,001636661211129296235
1066;28159;0,001636661211129296235
1066;28227;0,001636661211129296235
1066;28234;0,001636661211129296235
1066;28235;0,001636661211129296235
1066;28239;0,001636661211129296235
1066;28240;0,001636661211129296235
1066;28241;0,001636661211129296235
1066;28242;0,001636661211129296235
1066;28245;0,001636661211129296235
1066;28248;0,001636661211129296235
1066;28250;0,001636661211129296235
1066;28254;0,001636661211129296235
1066;28257;0,001636661211129296235
1066;28258;0,001636661211129296235
1066;28259;0,001636661211129296235
1066;28260;0,001636661211129296235
1066;28261;0,001636661211129296235
1066;28264;0,001636661211129296235
1066;28270;0,001636661211129296235
1066;28273;0,001636661211129296235
1066;28274;0,001636661211129296235
1066;28275;0,001636661211129296235
1066;28277;0,001636661211129296235
1066;28279;0,001636661211129296235
1066;28286;0,001636661211129296235
1066;28442;0,001636661211129296235
1066;28513;0,001636661211129296235
1066;28593;0,001636661211129296235
1066;28598;0,001636661211129296235
1066;28738;0,001636661211129296235
1066;28815;0,001636661211129296235
1066;28866;0,001636661211129296235
1066;28867;0,001636661211129296235
1066;28868;0,001636661211129296235
1066;28869;0,001636661211129296235
1066;28871;0,001636661211129296235
1066;28872;0,001636661211129296235
1066;28873;0,001636661211129296235
1066;28875;0,001636661211129296235
1066;28877;0,001636661211129296235
1066;28879;0,001636661211129296235
1066;28887;0,001636661211129296235
1066;28899;0,001636661211129296235
1066;28902;0,001636661211129296235
1066;28903;0,001636661211129296235
1066;28905;0,001636661211129296235
1066;28906;0,001636661211129296235
1066;28907;0,001636661211129296235
1066;28908;0,001636661211129296235
1066;28909;0,001636661211129296235
1066;28910;0,001636661211129296235
1066;28911;0,001636661211129296235
1066;28912;0,001636661211129296235
1066;28925;0,001636661211129296235
1066;29061;0,001636661211129296235
1066;29068;0,001636661211129296235
1066;44981;0,001636661211129296235
1066;50625;0,001636661211129296235
1066;53012;0,001636661211129296235
1066;56195;0,001636661211129296235
1066;57838;0,001636661211129296235
1066;62135;0,001636661211129296235
1066;67566;0,001636661211129296235
1066;71224;0,001636661211129296235
1066;78275;0,001636661211129296235
1066;92556;0,001636661211129296235
1066;99818;0,001636661211129296235
1066;112062;0,001636661211129296235
1066;134008;0,001636661211129296235
1066;135596;0,001636661211129296235
1066;137497;0,001636661211129296235
1066;139139;0,001636661211129296235
1066;151009;0,001636661211129296235
1066;151929;0,001636661211129296235
1066;169356;0,001636661211129296235
1066;170451;0,001636661211129296235
1066;173632;0,001636661211129296235
1066;219255;0,001636661211129296235
1066;255445;0,001636661211129296235
1066;257324;0,001636661211129296235
1066;259831;0,001636661211129296235
1066;276505;0,001636661211129296235
1066;284854;0,001636661211129296235
1066;286660;0,001636661211129296235
1066;287409;0,001636661211129296235
1066;308238;0,001636661211129296235
1066;309580;0,001636661211129296235
1066;325535;0,001636661211129296235
1066;326597;0,001636661211129296235
1066;327535;0,001636661211129296235
1066;327858;0,001636661211129296235
1066;327859;0,001636661211129296235
1066;327860;0,001636661211129296235
1066;329223;0,001636661211129296235
1066;329359;0,001636661211129296235
1066;330934;0,001636661211129296235
1066;333184;0,001636661211129296235
1066;334818;0,001636661211129296235
1066;343719;0,001636661211129296235
1066;352262;0,001636661211129296235
1066;352420;0,001636661211129296235
1066;353446;0,001636661211129296235
1066;355594;0,001636661211129296235
1066;365524;0,001636661211129296235
1066;368482;0,001636661211129296235
1066;369262;0,001636661211129296235
1066;377275;0,001636661211129296235
1066;379234;0,001636661211129296235
1066;382779;0,001636661211129296235
1066;402244;0,001636661211129296235
1066;402245;0,001636661211129296235
1066;402247;0,001636661211129296235
1066;409094;0,001636661211129296235
1066;455454;0,001636661211129296235
1066;455455;0,001636661211129296235
1066;455456;0,001636661211129296235
1066;455457;0,001636661211129296235
1066;455458;0,001636661211129296235
1066;455459;0,001636661211129296235
1066;455460;0,001636661211129296235
1066;455461;0,001636661211129296235
1066;455462;0,001636661211129296235
1066;455463;0,001636661211129296235
1066;525330;0,001636661211129296235
1066;533247;0,001636661211129296235
1066;640335;0,001636661211129296235
1066;708789;0,001636661211129296235
1066;810172;0,001636661211129296235
1066;985164;0,001636661211129296235
1066;995380;0,001636661211129296235
1066;1084196;0,001636661211129296235
1069;5168;1,000000000000000000000
1079;2007;0,666666666666666666666
1079;12706;0,333333333333333333333
1080;2600;1,000000000000000000000
1082;891;0,833333333333333333333
1082;2544;0,166666666666666666666
1083;3212;0,500000000000000000000
1083;28629;0,500000000000000000000
1085;860;0,100000000000000000000
1085;1637;0,100000000000000000000
1085;2464;0,100000000000000000000
1085;2712;0,100000000000000000000
1085;3829;0,200000000000000000000
1085;8756;0,200000000000000000000
1085;9296;0,100000000000000000000
1085;11966;0,100000000000000000000
1094;299;0,111111111111111111111
1094;748;0,111111111111111111111
1094;1164;0,222222222222222222222
1094;3420;0,111111111111111111111
1094;6955;0,111111111111111111111
1094;7711;0,222222222222222222222
1094;38738;0,111111111111111111111
1109;1401;0,250000000000000000000
1109;5367;0,750000000000000000000
1117;2972;0,083333333333333333333
1117;8253;0,250000000000000000000
1117;116140;0,166666666666666666666
1117;125861;0,166666666666666666666
1117;704910;0,333333333333333333333
1121;5367;1,000000000000000000000
1127;414;1,000000000000000000000
1131;668;1,000000000000000000000
1135;351;0,068965517241379310344
1135;519;0,068965517241379310344
1135;1140;0,068965517241379310344
1135;1340;0,068965517241379310344
1135;2004;0,068965517241379310344
1135;2467;0,068965517241379310344
1135;2493;0,034482758620689655172
1135;2494;0,034482758620689655172
1135;2877;0,068965517241379310344
1135;3465;0,068965517241379310344
1135;5591;0,068965517241379310344
1135;7095;0,103448275862068965517
1135;7975;0,103448275862068965517
1135;8223;0,068965517241379310344
1135;687941;0,034482758620689655172
1139;3477;0,333333333333333333333
1139;5626;0,333333333333333333333
1139;589508;0,333333333333333333333
1141;283;0,125000000000000000000
1141;2293;0,250000000000000000000
1141;3633;0,125000000000000000000
1141;5628;0,500000000000000000000
1142;241;0,200000000000000000000
1142;283;0,200000000000000000000
1142;464;0,200000000000000000000
1142;2375;0,200000000000000000000
1142;278351;0,200000000000000000000
1143;71;0,066666666666666666666
1143;645;0,066666666666666666666
1143;2109;0,066666666666666666666
1143;2414;0,066666666666666666666
1143;3128;0,066666666666666666666
1143;3967;0,066666666666666666666
1143;4160;0,066666666666666666666
1143;4501;0,066666666666666666666
1143;4853;0,133333333333333333333
1143;6027;0,066666666666666666666
1143;6045;0,066666666666666666666
1143;6513;0,066666666666666666666
1143;9968;0,066666666666666666666
1143;743544;0,066666666666666666666
1154;85;0,076923076923076923076
1154;122;0,153846153846153846153
1154;182;0,076923076923076923076
1154;625;0,307692307692307692307
1154;626;0,076923076923076923076
1154;983;0,076923076923076923076
1154;1639;0,076923076923076923076
1154;4553;0,153846153846153846153
1160;1513;0,500000000000000000000
1160;3158;0,500000000000000000000
1169;71;0,052083333333333333333
1169;100;0,052083333333333333333
1169;138;0,052083333333333333333
1169;276;0,052083333333333333333
1169;622;0,010416666666666666666
1169;695;0,052083333333333333333
1169;1939;0,010416666666666666666
1169;1942;0,052083333333333333333
1169;1943;0,052083333333333333333
1169;1945;0,052083333333333333333
1169;1946;0,052083333333333333333
1169;4512;0,052083333333333333333
1169;13537;0,052083333333333333333
1169;14010;0,010416666666666666666
1169;20235;0,010416666666666666666
1169;41776;0,052083333333333333333
1169;59745;0,062500000000000000000
1169;59841;0,041666666666666666666
1169;78108;0,010416666666666666666
1169;98841;0,052083333333333333333
1169;131383;0,052083333333333333333
1169;366089;0,020833333333333333333
1169;604246;0,052083333333333333333
1169;906176;0,020833333333333333333
1169;1051510;0,020833333333333333333
1173;174;0,500000000000000000000
1173;1706;0,500000000000000000000
1187;8957;1,000000000000000000000
1190;2293;1,000000000000000000000
1196;1556;0,333333333333333333333
1196;4059;0,333333333333333333333
1196;727898;0,333333333333333333333
1198;14652;1,000000000000000000000
1205;5523;1,000000000000000000000
1206;6151;0,333333333333333333333
1206;6250;0,666666666666666666666
1210;1864;0,333333333333333333333
1210;2278;0,333333333333333333333
1210;2704;0,333333333333333333333
1216;826;1,000000000000000000000
1220;2275;0,166666666666666666666
1220;5782;0,166666666666666666666
1220;8820;0,166666666666666666666
1220;349155;0,166666666666666666666
1220;377520;0,166666666666666666666
1220;387438;0,166666666666666666666
1221;293;0,100000000000000000000
1221;419;0,100000000000000000000
1221;1727;0,100000000000000000000
1221;2694;0,300000000000000000000
1221;3449;0,200000000000000000000
1221;7095;0,100000000000000000000
1221;8396;0,100000000000000000000
1225;78108;1,000000000000000000000
1227;9722;0,500000000000000000000
1227;9762;0,500000000000000000000
1228;1487;0,250000000000000000000
1228;2318;0,250000000000000000000
1228;2509;0,250000000000000000000
1228;33843;0,250000000000000000000
1231;100;0,066666666666666666666
1231;3141;0,600000000000000000000
1231;3142;0,133333333333333333333
1231;4695;0,066666666666666666666
1231;5519;0,066666666666666666666
1231;93146;0,066666666666666666666
1246;1092;0,500000000000000000000
1246;3222;0,500000000000000000000
1248;17269;1,000000000000000000000
1250;27672;1,000000000000000000000
1265;551;1,000000000000000000000
1271;101;1,000000000000000000000
1276;4159;0,333333333333333333333
1276;6524;0,666666666666666666666
1277;1058;0,100000000000000000000
1277;1234;0,100000000000000000000
1277;1278;0,100000000000000000000
1277;3188;0,100000000000000000000
1277;9651;0,100000000000000000000
1277;10188;0,200000000000000000000
1277;24875;0,100000000000000000000
1277;29027;0,100000000000000000000
1277;602536;0,100000000000000000000
1278;183;0,400000000000000000000
1278;1902;0,300000000000000000000
1278;2684;0,100000000000000000000
1278;4020;0,100000000000000000000
1278;20235;0,100000000000000000000
1286;65;0,047619047619047619047
1286;242;0,142857142857142857142
1286;521;0,047619047619047619047
1286;524;0,095238095238095238095
1286;526;0,047619047619047619047
1286;970;0,095238095238095238095
1286;2434;0,047619047619047619047
1286;2586;0,095238095238095238095
1286;3085;0,047619047619047619047
1286;5632;0,047619047619047619047
1286;28686;0,190476190476190476190
1286;57838;0,047619047619047619047
1286;151929;0,047619047619047619047
1288;296;0,142857142857142857142
1288;864;0,142857142857142857142
1288;2371;0,142857142857142857142
1288;3212;0,142857142857142857142
1288;4629;0,285714285714285714285
1288;113392;0,142857142857142857142
1290;385;1,000000000000000000000
1307;727;0,250000000000000000000
1307;2851;0,250000000000000000000
1307;4004;0,250000000000000000000
1307;5329;0,250000000000000000000
1310;2515;0,333333333333333333333
1310;5289;0,666666666666666666666
1319;12706;1,000000000000000000000
1321;1455;0,500000000000000000000
1321;2826;0,500000000000000000000
1329;1336;1,000000000000000000000
1337;749;1,000000000000000000000
1340;351;0,400000000000000000000
1340;4278;0,300000000000000000000
1340;41776;0,100000000000000000000
1340;54879;0,100000000000000000000
1340;374246;0,100000000000000000000
1342;278351;1,000000000000000000000
1352;714174;1,000000000000000000000
1370;452;0,125000000000000000000
1370;531;0,083333333333333333333
1370;719;0,041666666666666666666
1370;754;0,125000000000000000000
1370;1116;0,041666666666666666666
1370;1129;0,083333333333333333333
1370;1130;0,125000000000000000000
1370;23720;0,083333333333333333333
1370;665791;0,083333333333333333333
1370;693032;0,125000000000000000000
1370;791903;0,083333333333333333333
1379;158;0,500000000000000000000
1379;469;0,500000000000000000000
1397;14526;1,000000000000000000000
1406;277;0,250000000000000000000
1406;845;0,250000000000000000000
1406;2559;0,250000000000000000000
1406;3096;0,250000000000000000000
1419;4070;0,250000000000000000000
1419;8623;0,500000000000000000000
1419;744732;0,250000000000000000000
1427;163;0,058823529411764705882
1427;172;0,058823529411764705882
1427;822;0,058823529411764705882
1427;1054;0,058823529411764705882
1427;1379;0,058823529411764705882
1427;1476;0,058823529411764705882
1427;1597;0,058823529411764705882
1427;1598;0,058823529411764705882
1427;4283;0,058823529411764705882
1427;4299;0,058823529411764705882
1427;4424;0,058823529411764705882
1427;4430;0,058823529411764705882
1427;4432;0,058823529411764705882
1427;4435;0,058823529411764705882
1427;4440;0,058823529411764705882
1427;4451;0,058823529411764705882
1427;4471;0,058823529411764705882
1432;17549;1,000000000000000000000
1434;288;0,071428571428571428571
1434;568;0,095238095238095238095
1434;608;0,095238095238095238095
1434;1082;0,095238095238095238095
1434;1083;0,071428571428571428571
1434;3212;0,095238095238095238095
1434;3968;0,047619047619047619047
1434;5037;0,047619047619047619047
1434;6991;0,095238095238095238095
1434;11656;0,095238095238095238095
1434;17677;0,095238095238095238095
1434;17678;0,095238095238095238095
1437;845;0,625000000000000000000
1437;846;0,250000000000000000000
1437;1065;0,125000000000000000000
1439;3436;0,500000000000000000000
1439;1075127;0,500000000000000000000
1447;411;0,500000000000000000000
1447;1069;0,500000000000000000000
1453;2506;0,333333333333333333333
1453;2825;0,666666666666666666666
1454;1173;0,200000000000000000000
1454;1610;0,200000000000000000000
1454;1694;0,200000000000000000000
1454;6144;0,200000000000000000000
1454;7994;0,200000000000000000000
1455;1321;0,500000000000000000000
1455;2254;0,500000000000000000000
1457;12706;0,250000000000000000000
1457;15895;0,750000000000000000000
1468;658;0,666666666666666666666
1468;2420;0,333333333333333333333
1471;882;1,000000000000000000000
1479;2863;0,333333333333333333333
1479;3143;0,333333333333333333333
1479;12428;0,333333333333333333333
1487;909;0,571428571428571428571
1487;1089;0,285714285714285714285
1487;42413;0,142857142857142857142
1498;172;0,250000000000000000000
1498;839;0,250000000000000000000
1498;1476;0,250000000000000000000
1498;4099;0,250000000000000000000
1499;3234;1,000000000000000000000
1501;844;0,090909090909090909090
1501;1719;0,181818181818181818181
1501;2884;0,090909090909090909090
1501;3508;0,090909090909090909090
1501;4486;0,090909090909090909090
1501;13178;0,090909090909090909090
1501;14683;0,090909090909090909090
1501;14803;0,090909090909090909090
1501;22708;0,090909090909090909090
1501;1058833;0,090909090909090909090
1503;2591;1,000000000000000000000
1510;108;0,250000000000000000000
1510;3223;0,250000000000000000000
1510;4954;0,250000000000000000000
1510;17282;0,250000000000000000000
1513;1160;1,000000000000000000000
1515;251;0,500000000000000000000
1515;4313;0,500000000000000000000
1526;1868;1,000000000000000000000
1533;1963;0,500000000000000000000
1533;5006;0,250000000000000000000
1533;7478;0,250000000000000000000
1538;2098;1,000000000000000000000
1544;943;0,166666666666666666666
1544;2435;0,500000000000000000000
1544;113459;0,333333333333333333333
1547;3234;1,000000000000000000000
1552;747808;1,000000000000000000000
1554;793;0,375000000000000000000
1554;1681;0,250000000000000000000
1554;2374;0,125000000000000000000
1554;4228;0,250000000000000000000
1556;66;0,230769230769230769230
1556;520;0,076923076923076923076
1556;859;0,076923076923076923076
1556;999;0,076923076923076923076
1556;1016;0,076923076923076923076
1556;1196;0,153846153846153846153
1556;3683;0,307692307692307692307
1562;1691;1,000000000000000000000
1566;752;0,250000000000000000000
1566;2008;0,750000000000000000000
1567;100;0,500000000000000000000
1567;10176;0,500000000000000000000
1570;1583;0,250000000000000000000
1570;3045;0,250000000000000000000
1570;4507;0,250000000000000000000
1570;281170;0,250000000000000000000
1589;428;0,250000000000000000000
1589;1678;0,250000000000000000000
1589;3877;0,250000000000000000000
1589;608895;0,250000000000000000000
1591;283;0,034482758620689655172
1591;737;0,034482758620689655172
1591;861;0,103448275862068965517
1591;980;0,034482758620689655172
1591;1142;0,034482758620689655172
1591;1513;0,034482758620689655172
1591;1547;0,034482758620689655172
1591;1814;0,034482758620689655172
1591;2111;0,034482758620689655172
1591;2181;0,103448275862068965517
1591;2252;0,034482758620689655172
1591;2379;0,034482758620689655172
1591;2510;0,034482758620689655172
1591;3045;0,137931034482758620689
1591;3234;0,103448275862068965517
1591;3619;0,034482758620689655172
1591;5628;0,068965517241379310344
1591;10020;0,068965517241379310344
1596;111;0,076923076923076923076
1596;237;0,076923076923076923076
1596;393;0,153846153846153846153
1596;452;0,076923076923076923076
1596;1180;0,076923076923076923076
1596;3741;0,076923076923076923076
1596;4681;0,230769230769230769230
1596;5440;0,230769230769230769230
1598;839;1,000000000000000000000
1606;17268;1,000000000000000000000
1608;232;0,200000000000000000000
1608;812;0,200000000000000000000
1608;1700;0,200000000000000000000
1608;27269;0,200000000000000000000
1608;931417;0,200000000000000000000
1609;437;1,000000000000000000000
1610;24;0,083333333333333333333
1610;174;0,083333333333333333333
1610;1173;0,250000000000000000000
1610;1454;0,083333333333333333333
1610;1608;0,166666666666666666666
1610;2470;0,083333333333333333333
1610;3768;0,166666666666666666666
1610;13291;0,083333333333333333333
1625;9413;1,000000000000000000000
1629;17426;1,000000000000000000000
1632;2825;0,500000000000000000000
1632;4386;0,500000000000000000000
1637;2712;0,250000000000000000000
1637;2734;0,083333333333333333333
1637;3214;0,083333333333333333333
1637;5383;0,166666666666666666666
1637;12775;0,166666666666666666666
1637;95154;0,083333333333333333333
1637;336640;0,166666666666666666666
1639;2375;0,250000000000000000000
1639;4553;0,750000000000000000000
1644;7574;1,000000000000000000000
1650;520;1,000000000000000000000
1662;1639;1,000000000000000000000
1667;192;0,111111111111111111111
1667;964;0,111111111111111111111
1667;2272;0,111111111111111111111
1667;4561;0,222222222222222222222
1667;5367;0,111111111111111111111
1667;9402;0,111111111111111111111
1667;10946;0,222222222222222222222
1671;3449;1,000000000000000000000
1678;660;0,333333333333333333333
1678;1344;0,222222222222222222222
1678;1589;0,111111111111111111111
1678;7713;0,111111111111111111111
1678;179346;0,222222222222222222222
1689;313;0,125000000000000000000
1689;1608;0,125000000000000000000
1689;1703;0,125000000000000000000
1689;1706;0,125000000000000000000
1689;2196;0,375000000000000000000
1689;4697;0,125000000000000000000
1691;1562;1,000000000000000000000
1692;3971;0,500000000000000000000
1692;1063091;0,500000000000000000000
1694;174;1,000000000000000000000
1697;1321;1,000000000000000000000
1705;433;1,000000000000000000000
1710;100;0,250000000000000000000
1710;3838;0,500000000000000000000
1710;9215;0,250000000000000000000
1717;649;0,100000000000000000000
1717;772;0,100000000000000000000
1717;822;0,100000000000000000000
1717;839;0,100000000000000000000
1717;1476;0,100000000000000000000
1717;2073;0,100000000000000000000
1717;4471;0,100000000000000000000
1717;4772;0,100000000000000000000
1717;8909;0,100000000000000000000
1717;728154;0,100000000000000000000
1723;4627;1,000000000000000000000
1727;120;1,000000000000000000000
1728;292;0,250000000000000000000
1728;411;0,250000000000000000000
1728;3214;0,500000000000000000000
1731;24;1,000000000000000000000
1744;7301;1,000000000000000000000
1745;1116;1,000000000000000000000
1751;1046;1,000000000000000000000
1754;40;0,125000000000000000000
1754;66;0,125000000000000000000
1754;700;0,125000000000000000000
1754;748;0,125000000000000000000
1754;1762;0,125000000000000000000
1754;4699;0,125000000000000000000
1754;5449;0,125000000000000000000
1754;349041;0,125000000000000000000
1762;292;0,100000000000000000000
1762;388;0,100000000000000000000
1762;748;0,100000000000000000000
1762;1754;0,300000000000000000000
1762;7975;0,100000000000000000000
1762;14010;0,100000000000000000000
1762;17281;0,200000000000000000000
1764;519;0,250000000000000000000
1764;2005;0,500000000000000000000
1764;17266;0,250000000000000000000
1769;380;1,000000000000000000000
1771;1042;0,142857142857142857142
1771;1220;0,047619047619047619047
1771;1444;0,047619047619047619047
1771;2275;0,047619047619047619047
1771;2287;0,047619047619047619047
1771;2420;0,047619047619047619047
1771;2425;0,047619047619047619047
1771;6678;0,047619047619047619047
1771;6918;0,047619047619047619047
1771;7478;0,047619047619047619047
1771;8820;0,047619047619047619047
1771;9065;0,047619047619047619047
1771;9066;0,047619047619047619047
1771;9067;0,047619047619047619047
1771;9068;0,047619047619047619047
1771;9069;0,047619047619047619047
1771;16497;0,047619047619047619047
1771;27810;0,047619047619047619047
1771;28202;0,047619047619047619047
1779;254;1,000000000000000000000
1780;497;0,400000000000000000000
1780;4500;0,200000000000000000000
1780;7759;0,400000000000000000000
1814;698;0,400000000000000000000
1814;1591;0,200000000000000000000
1814;2087;0,200000000000000000000
1814;4376;0,200000000000000000000
1822;10103;1,000000000000000000000
1824;10085;1,000000000000000000000
1831;275;1,000000000000000000000
1838;529;0,166666666666666666666
1838;4755;0,500000000000000000000
1838;8623;0,333333333333333333333
1840;3212;1,000000000000000000000
1853;181;1,000000000000000000000
1854;37;0,333333333333333333333
1854;4435;0,666666666666666666666
1862;5239;1,000000000000000000000
1864;1210;1,000000000000000000000
1866;3033;0,333333333333333333333
1866;985164;0,666666666666666666666
1868;5500;1,000000000000000000000
1877;100;1,000000000000000000000
1879;27416;0,666666666666666666666
1879;28557;0,333333333333333333333
1887;4526;1,000000000000000000000
1889;678;0,230769230769230769230
1889;2661;0,230769230769230769230
1889;2706;0,076923076923076923076
1889;2716;0,153846153846153846153
1889;7160;0,307692307692307692307
1891;54;0,666666666666666666666
1891;13720;0,333333333333333333333
1894;101;0,142857142857142857142
1894;351;0,142857142857142857142
1894;391;0,285714285714285714285
1894;877;0,142857142857142857142
1894;7095;0,142857142857142857142
1894;119973;0,142857142857142857142
1897;528;0,083333333333333333333
1897;3548;0,083333333333333333333
1897;4906;0,083333333333333333333
1897;78108;0,750000000000000000000
1902;2;0,200000000000000000000
1902;740;0,400000000000000000000
1902;1278;0,400000000000000000000
1913;8873;0,250000000000000000000
1913;284852;0,250000000000000000000
1913;334473;0,250000000000000000000
1913;366869;0,250000000000000000000
1917;472;0,500000000000000000000
1917;8489;0,500000000000000000000
1931;135;0,142857142857142857142
1931;980;0,285714285714285714285
1931;2684;0,571428571428571428571
1940;37;0,111111111111111111111
1940;628;0,166666666666666666666
1940;59841;0,055555555555555555555
1940;349041;0,055555555555555555555
1940;1036379;0,611111111111111111111
1945;359;1,000000000000000000000
1946;2277;0,333333333333333333333
1946;3842;0,166666666666666666666
1946;6433;0,500000000000000000000
1948;71;0,111111111111111111111
1948;309;0,333333333333333333333
1948;827;0,111111111111111111111
1948;2355;0,111111111111111111111
1948;3141;0,222222222222222222222
1948;3399;0,111111111111111111111
1949;2435;0,500000000000000000000
1949;3508;0,250000000000000000000
1949;1077510;0,250000000000000000000
1959;10255;1,000000000000000000000
1967;96;0,107142857142857142857
1967;602;0,071428571428571428571
1967;1710;0,107142857142857142857
1967;3103;0,214285714285714285714
1967;3189;0,107142857142857142857
1967;3459;0,035714285714285714285
1967;4020;0,035714285714285714285
1967;6723;0,178571428571428571428
1967;29081;0,142857142857142857142
1974;23;0,500000000000000000000
1974;4421;0,500000000000000000000
1988;96;0,166666666666666666666
1988;860;0,083333333333333333333
1988;2293;0,166666666666666666666
1988;3219;0,166666666666666666666
1988;3753;0,083333333333333333333
1988;4825;0,083333333333333333333
1988;370126;0,250000000000000000000
1991;2239;1,000000000000000000000
2005;519;0,333333333333333333333
2005;1764;0,333333333333333333333
2005;17266;0,333333333333333333333
2007;1079;0,333333333333333333333
2007;2008;0,500000000000000000000
2007;12706;0,166666666666666666666
2008;613;0,333333333333333333333
2008;1566;0,333333333333333333333
2008;2007;0,333333333333333333333
2015;3891;0,500000000000000000000
2015;18979;0,500000000000000000000
2017;100;0,181818181818181818181
2017;1109;0,272727272727272727272
2017;1971;0,090909090909090909090
2017;2064;0,090909090909090909090
2017;8623;0,363636363636363636363
2021;1254;0,200000000000000000000
2021;1754;0,200000000000000000000
2021;5657;0,400000000000000000000
2021;7111;0,200000000000000000000
2023;15895;1,000000000000000000000
2027;2492;1,000000000000000000000
2037;496;0,333333333333333333333
2037;2272;0,333333333333333333333
2037;3591;0,333333333333333333333
2052;100;1,000000000000000000000
2064;2017;1,000000000000000000000
2071;151;1,000000000000000000000
2073;287;1,000000000000000000000
2080;10338;1,000000000000000000000
2083;2489;1,000000000000000000000
2087;1814;0,666666666666666666666
2087;3392;0,333333333333333333333
2098;1538;0,090909090909090909090
2098;7755;0,090909090909090909090
2098;8353;0,181818181818181818181
2098;24668;0,090909090909090909090
2098;27349;0,545454545454545454545
2099;2445;0,750000000000000000000
2099;3802;0,250000000000000000000
2105;770;0,142857142857142857142
2105;1749;0,142857142857142857142
2105;8049;0,571428571428571428571
2105;8165;0,142857142857142857142
2112;2350;1,000000000000000000000
2117;605;0,333333333333333333333
2117;885;0,333333333333333333333
2117;1942;0,333333333333333333333
2129;3340;1,000000000000000000000
2140;337;0,142857142857142857142
2140;395;0,428571428571428571428
2140;410;0,285714285714285714285
2140;1727;0,142857142857142857142
2145;3633;0,500000000000000000000
2145;4825;0,500000000000000000000
2146;521;0,333333333333333333333
2146;2271;0,333333333333333333333
2146;9389;0,333333333333333333333
2147;5367;0,333333333333333333333
2147;10740;0,333333333333333333333
2147;13671;0,333333333333333333333
2164;1111;0,666666666666666666666
2164;3426;0,333333333333333333333
2175;4145;0,200000000000000000000
2175;6723;0,200000000000000000000
2175;65998;0,400000000000000000000
2175;715172;0,200000000000000000000
2179;2817;1,000000000000000000000
2181;1591;1,000000000000000000000
2191;853;1,000000000000000000000
2196;1689;0,625000000000000000000
2196;2506;0,375000000000000000000
2198;4268;0,500000000000000000000
2198;9360;0,500000000000000000000
2199;885;0,500000000000000000000
2199;2288;0,500000000000000000000
2200;120;0,333333333333333333333
2200;904;0,333333333333333333333
2200;5493;0,333333333333333333333
2204;3188;1,000000000000000000000
2210;201;0,125000000000000000000
2210;844;0,125000000000000000000
2210;1719;0,125000000000000000000
2210;2884;0,125000000000000000000
2210;3532;0,125000000000000000000
2210;3891;0,125000000000000000000
2210;13158;0,125000000000000000000
2210;13178;0,125000000000000000000
2223;3158;1,000000000000000000000
2239;163;0,222222222222222222222
2239;1991;0,555555555555555555555
2239;4440;0,111111111111111111111
2239;13265;0,111111111111111111111
2254;1455;1,000000000000000000000
2269;681;1,000000000000000000000
2271;2272;0,200000000000000000000
2271;3296;0,200000000000000000000
2271;3591;0,200000000000000000000
2271;4561;0,400000000000000000000
2272;192;0,038461538461538461538
2272;496;0,076923076923076923076
2272;1667;0,038461538461538461538
2272;2037;0,038461538461538461538
2272;2271;0,076923076923076923076
2272;2359;0,038461538461538461538
2272;3296;0,076923076923076923076
2272;3591;0,038461538461538461538
2272;4364;0,038461538461538461538
2272;4561;0,038461538461538461538
2272;5214;0,038461538461538461538
2272;5564;0,038461538461538461538
2272;7762;0,076923076923076923076
2272;9387;0,038461538461538461538
2272;9402;0,076923076923076923076
2272;9413;0,038461538461538461538
2272;9432;0,038461538461538461538
2272;10946;0,038461538461538461538
2272;13372;0,038461538461538461538
2272;355594;0,038461538461538461538
2272;533247;0,038461538461538461538
2275;982;0,272727272727272727272
2275;1042;0,090909090909090909090
2275;2425;0,181818181818181818181
2275;8205;0,181818181818181818181
2275;26251;0,090909090909090909090
2275;373677;0,181818181818181818181
2287;1444;0,047619047619047619047
2287;6734;0,047619047619047619047
2287;6765;0,047619047619047619047
2287;6918;0,047619047619047619047
2287;7139;0,047619047619047619047
2287;9674;0,047619047619047619047
2287;10298;0,047619047619047619047
2287;11369;0,047619047619047619047
2287;16994;0,047619047619047619047
2287;19627;0,047619047619047619047
2287;23180;0,047619047619047619047
2287;25205;0,047619047619047619047
2287;25223;0,047619047619047619047
2287;25224;0,047619047619047619047
2287;25225;0,047619047619047619047
2287;25226;0,047619047619047619047
2287;25227;0,047619047619047619047
2287;25229;0,047619047619047619047
2287;28198;0,047619047619047619047
2287;383067;0,047619047619047619047
2287;383069;0,047619047619047619047
2293;96;0,166666666666666666666
2293;249;0,055555555555555555555
2293;1141;0,111111111111111111111
2293;1190;0,111111111111111111111
2293;2145;0,055555555555555555555
2293;3633;0,222222222222222222222
2293;5628;0,222222222222222222222
2293;14069;0,055555555555555555555
2310;320;1,000000000000000000000
2318;1228;1,000000000000000000000
2322;545;0,500000000000000000000
2322;7968;0,500000000000000000000
2337;2678;1,000000000000000000000
2350;148;0,181818181818181818181
2350;296;0,272727272727272727272
2350;891;0,363636363636363636363
2350;2112;0,090909090909090909090
2350;3551;0,090909090909090909090
2352;214;0,500000000000000000000
2352;81648;0,500000000000000000000
2355;71;0,076923076923076923076
2355;827;0,461538461538461538461
2355;1276;0,076923076923076923076
2355;1948;0,076923076923076923076
2355;3098;0,153846153846153846153
2355;4024;0,076923076923076923076
2355;9968;0,076923076923076923076
2359;352262;1,000000000000000000000
2372;1288;0,333333333333333333333
2372;2433;0,333333333333333333333
2372;7975;0,333333333333333333333
2374;240;0,071428571428571428571
2374;1554;0,214285714285714285714
2374;1650;0,071428571428571428571
2374;1845;0,428571428571428571428
2374;6048;0,142857142857142857142
2374;584314;0,071428571428571428571
2379;1591;0,040000000000000000000
2379;2714;0,080000000000000000000
2379;3234;0,760000000000000000000
2379;3473;0,080000000000000000000
2379;12907;0,040000000000000000000
2380;3135;1,000000000000000000000
2383;266;0,750000000000000000000
2383;8648;0,250000000000000000000
2388;5449;1,000000000000000000000
2414;1143;0,500000000000000000000
2414;3996;0,500000000000000000000
2418;866;0,500000000000000000000
2418;3998;0,500000000000000000000
2419;100;0,666666666666666666666
2419;4625;0,333333333333333333333
2420;2287;0,500000000000000000000
2420;7478;0,500000000000000000000
2422;1041;0,050000000000000000000
2422;1042;0,025000000000000000000
2422;2419;0,050000000000000000000
2422;2424;0,050000000000000000000
2422;5782;0,050000000000000000000
2422;6419;0,050000000000000000000
2422;9068;0,050000000000000000000
2422;13850;0,050000000000000000000
2422;15686;0,050000000000000000000
2422;16497;0,050000000000000000000
2422;20307;0,050000000000000000000
2422;27062;0,050000000000000000000
2422;27063;0,050000000000000000000
2422;27065;0,050000000000000000000
2422;27066;0,050000000000000000000
2422;27067;0,050000000000000000000
2422;28184;0,050000000000000000000
2422;108876;0,050000000000000000000
2422;377520;0,050000000000000000000
2422;387438;0,075000000000000000000
2425;2275;0,333333333333333333333
2425;6765;0,166666666666666666666
2425;8820;0,166666666666666666666
2425;11369;0,333333333333333333333
2427;104;0,666666666666666666666
2427;4099;0,333333333333333333333
2428;14978;1,000000000000000000000
2433;37;0,250000000000000000000
2433;2372;0,500000000000000000000
2433;4522;0,250000000000000000000
2434;4627;1,000000000000000000000
2436;693032;1,000000000000000000000
2438;1288;0,166666666666666666666
2438;2337;0,166666666666666666666
2438;2679;0,166666666666666666666
2438;3304;0,333333333333333333333
2438;10080;0,166666666666666666666
2445;407;0,071428571428571428571
2445;527;0,142857142857142857142
2445;844;0,071428571428571428571
2445;2099;0,285714285714285714285
2445;3802;0,357142857142857142857
2445;5071;0,071428571428571428571
2461;5578;1,000000000000000000000
2464;984;0,285714285714285714285
2464;1085;0,142857142857142857142
2464;5824;0,142857142857142857142
2464;6781;0,142857142857142857142
2464;253384;0,142857142857142857142
2464;255463;0,142857142857142857142
2467;1178;1,000000000000000000000
2470;2890;0,500000000000000000000
2470;9694;0,500000000000000000000
2481;2364;1,000000000000000000000
2484;1010;0,250000000000000000000
2484;4877;0,250000000000000000000
2484;5470;0,250000000000000000000
2484;14050;0,250000000000000000000
2487;3996;1,000000000000000000000
2489;3235;1,000000000000000000000
2492;2150;1,000000000000000000000
2494;519;0,500000000000000000000
2494;778;0,500000000000000000000
2500;194;0,100000000000000000000
2500;425;0,050000000000000000000
2500;426;0,050000000000000000000
2500;442;0,050000000000000000000
2500;444;0,050000000000000000000
2500;2561;0,100000000000000000000
2500;4052;0,050000000000000000000
2500;4510;0,050000000000000000000
2500;4640;0,100000000000000000000
2500;7135;0,050000000000000000000
2500;27198;0,050000000000000000000
2500;184646;0,100000000000000000000
2500;1080816;0,200000000000000000000
2504;13265;1,000000000000000000000
2506;2196;1,000000000000000000000
2515;96;0,083333333333333333333
2515;249;0,083333333333333333333
2515;678;0,083333333333333333333
2515;861;0,083333333333333333333
2515;1495;0,083333333333333333333
2515;1591;0,083333333333333333333
2515;1981;0,083333333333333333333
2515;2293;0,083333333333333333333
2515;2655;0,083333333333333333333
2515;5289;0,250000000000000000000
2517;219;0,500000000000000000000
2517;7975;0,500000000000000000000
2520;28763;1,000000000000000000000
2523;2716;0,111111111111111111111
2523;4772;0,333333333333333333333
2523;281170;0,555555555555555555555
2543;4100;0,500000000000000000000
2543;10255;0,500000000000000000000
2544;1082;1,000000000000000000000
2547;3523;0,500000000000000000000
2547;906176;0,500000000000000000000
2555;3876;1,000000000000000000000
2559;464;1,000000000000000000000
2561;184646;1,000000000000000000000
2576;148;1,000000000000000000000
2578;925;1,000000000000000000000
2586;242;0,500000000000000000000
2586;373;0,250000000000000000000
2586;9110;0,250000000000000000000
2591;1085;0,250000000000000000000
2591;2559;0,250000000000000000000
2591;11966;0,250000000000000000000
2591;29376;0,250000000000000000000
2596;527;0,500000000000000000000
2596;7741;0,500000000000000000000
2600;1589;0,333333333333333333333
2600;9722;0,333333333333333333333
2600;366867;0,333333333333333333333
2630;407;1,000000000000000000000
2655;2515;1,000000000000000000000
2657;558;0,250000000000000000000
2657;3523;0,250000000000000000000
2657;98841;0,250000000000000000000
2657;374246;0,250000000000000000000
2661;678;0,083333333333333333333
2661;1889;0,083333333333333333333
2661;2713;0,083333333333333333333
2661;3873;0,083333333333333333333
2661;7160;0,666666666666666666666
2664;1831;0,333333333333333333333
2664;2517;0,333333333333333333333
2664;17276;0,333333333333333333333
2678;1030;0,500000000000000000000
2678;365536;0,500000000000000000000
2683;9418;1,000000000000000000000
2684;980;0,571428571428571428571
2684;1278;0,142857142857142857142
2684;10188;0,285714285714285714285
2694;1221;1,000000000000000000000
2697;846;0,500000000000000000000
2697;5367;0,500000000000000000000
2704;1210;1,000000000000000000000
2706;268;0,083333333333333333333
2706;279;0,083333333333333333333
2706;1048;0,083333333333333333333
2706;1271;0,083333333333333333333
2706;1889;0,083333333333333333333
2706;3045;0,166666666666666666666
2706;3429;0,166666666666666666666
2706;3701;0,083333333333333333333
2706;7116;0,083333333333333333333
2706;321112;0,083333333333333333333
2712;1085;0,222222222222222222222
2712;1637;0,444444444444444444444
2712;3214;0,333333333333333333333
2713;267;0,142857142857142857142
2713;1889;0,285714285714285714285
2713;2661;0,285714285714285714285
2713;2714;0,142857142857142857142
2713;6535;0,142857142857142857142
2714;250;0,034482758620689655172
2714;1149;0,034482758620689655172
2714;1160;0,034482758620689655172
2714;1523;0,034482758620689655172
2714;2379;0,103448275862068965517
2714;2661;0,103448275862068965517
2714;2713;0,137931034482758620689
2714;3045;0,103448275862068965517
2714;3873;0,034482758620689655172
2714;4513;0,034482758620689655172
2714;4613;0,034482758620689655172
2714;5430;0,034482758620689655172
2714;5628;0,034482758620689655172
2714;5861;0,034482758620689655172
2714;6347;0,034482758620689655172
2714;6535;0,034482758620689655172
2714;7160;0,068965517241379310344
2714;10595;0,034482758620689655172
2714;28997;0,034482758620689655172
2716;100;0,400000000000000000000
2716;2523;0,400000000000000000000
2716;10197;0,200000000000000000000
2745;4451;1,000000000000000000000
2746;1096171;1,000000000000000000000
2772;1996;0,500000000000000000000
2772;8985;0,500000000000000000000
2779;524;0,250000000000000000000
2779;526;0,250000000000000000000
2779;9026;0,250000000000000000000
2779;9418;0,250000000000000000000
2780;2786;1,000000000000000000000
2786;965;0,272727272727272727272
2786;1263;0,181818181818181818181
2786;2780;0,090909090909090909090
2786;4262;0,181818181818181818181
2786;5437;0,090909090909090909090
2786;8381;0,090909090909090909090
2786;9217;0,090909090909090909090
2792;54;0,250000000000000000000
2792;320;0,500000000000000000000
2792;1086504;0,250000000000000000000
2803;275;0,142857142857142857142
2803;642;0,142857142857142857142
2803;826;0,142857142857142857142
2803;1113;0,142857142857142857142
2803;8539;0,285714285714285714285
2803;1099115;0,142857142857142857142
2822;120;0,142857142857142857142
2822;337;0,142857142857142857142
2822;410;0,142857142857142857142
2822;415;0,142857142857142857142
2822;805;0,142857142857142857142
2822;3513;0,142857142857142857142
2822;6000;0,142857142857142857142
2825;2826;0,500000000000000000000
2825;3823;0,500000000000000000000
2828;934;1,000000000000000000000
2832;3748;0,125000000000000000000
2832;5441;0,625000000000000000000
2832;6316;0,125000000000000000000
2832;9406;0,125000000000000000000
2834;283;0,181818181818181818181
2834;468;0,181818181818181818181
2834;845;0,090909090909090909090
2834;846;0,181818181818181818181
2834;982;0,090909090909090909090
2834;4777;0,181818181818181818181
2834;157662;0,090909090909090909090
2850;306;0,500000000000000000000
2850;995;0,500000000000000000000
2852;1495;1,000000000000000000000
2853;8489;1,000000000000000000000
2890;2470;1,000000000000000000000
2897;1092;1,000000000000000000000
2916;277;0,333333333333333333333
2916;1681;0,333333333333333333333
2916;2925;0,333333333333333333333
2921;100;1,000000000000000000000
2925;2916;1,000000000000000000000
2961;1447;1,000000000000000000000
2972;1117;0,666666666666666666666
2972;2364;0,166666666666666666666
2972;125861;0,166666666666666666666
2991;4020;1,000000000000000000000
2993;12563;1,000000000000000000000
2998;151009;1,000000000000000000000
3029;380;1,000000000000000000000
3033;286660;1,000000000000000000000
3045;96;0,230769230769230769230
3045;249;0,307692307692307692307
3045;678;0,076923076923076923076
3045;861;0,230769230769230769230
3045;1591;0,076923076923076923076
3045;7116;0,076923076923076923076
3069;642;1,000000000000000000000
3071;2337;1,000000000000000000000
3085;960;0,250000000000000000000
3085;1286;0,250000000000000000000
3085;1401;0,250000000000000000000
3085;4147;0,250000000000000000000
3091;15471;1,000000000000000000000
3096;1724;1,000000000000000000000
3098;189;0,200000000000000000000
3098;2355;0,600000000000000000000
3098;3141;0,200000000000000000000
3099;423;0,500000000000000000000
3099;98841;0,500000000000000000000
3100;138;1,000000000000000000000
3103;1967;1,000000000000000000000
3104;100;1,000000000000000000000
3105;485;0,166666666666666666666
3105;846;0,166666666666666666666
3105;1171;0,166666666666666666666
3105;13476;0,166666666666666666666
3105;372528;0,166666666666666666666
3105;584969;0,166666666666666666666
3118;3340;1,000000000000000000000
3123;71;0,040000000000000000000
3123;189;0,040000000000000000000
3123;309;0,040000000000000000000
3123;644;0,040000000000000000000
3123;645;0,040000000000000000000
3123;1022;0,040000000000000000000
3123;1276;0,040000000000000000000
3123;1657;0,040000000000000000000
3123;2414;0,040000000000000000000
3123;2736;0,040000000000000000000
3123;3098;0,040000000000000000000
3123;3141;0,040000000000000000000
3123;3852;0,040000000000000000000
3123;3996;0,040000000000000000000
3123;4159;0,040000000000000000000
3123;4501;0,040000000000000000000
3123;5306;0,040000000000000000000
3123;5338;0,040000000000000000000
3123;5659;0,040000000000000000000
3123;6496;0,040000000000000000000
3123;6497;0,040000000000000000000
3123;6514;0,040000000000000000000
3123;6515;0,040000000000000000000
3123;6517;0,040000000000000000000
3123;6523;0,040000000000000000000
3141;242;0,076923076923076923076
3141;1231;0,692307692307692307692
3141;2823;0,076923076923076923076
3141;3142;0,153846153846153846153
3142;2823;0,333333333333333333333
3142;3141;0,333333333333333333333
3142;14465;0,333333333333333333333
3143;1280;0,333333333333333333333
3143;3273;0,333333333333333333333
3143;7416;0,333333333333333333333
3158;22;0,333333333333333333333
3158;1160;0,333333333333333333333
3158;2223;0,333333333333333333333
3161;2591;1,000000000000000000000
3164;4102;1,000000000000000000000
3169;4991;0,250000000000000000000
3169;6929;0,500000000000000000000
3169;256951;0,250000000000000000000
3176;17269;1,000000000000000000000
3188;521;0,166666666666666666666
3188;852;0,166666666666666666666
3188;2054;0,333333333333333333333
3188;2204;0,166666666666666666666
3188;10682;0,166666666666666666666
3189;2512;0,666666666666666666666
3189;4090;0,333333333333333333333
3197;9288;1,000000000000000000000
3203;441;1,000000000000000000000
3204;1121;0,333333333333333333333
3204;6316;0,666666666666666666666
3212;4;0,028571428571428571428
3212;38;0,028571428571428571428
3212;296;0,028571428571428571428
3212;568;0,028571428571428571428
3212;608;0,028571428571428571428
3212;891;0,028571428571428571428
3212;1083;0,028571428571428571428
3212;1288;0,028571428571428571428
3212;1724;0,028571428571428571428
3212;1768;0,028571428571428571428
3212;1840;0,028571428571428571428
3212;1854;0,028571428571428571428
3212;1892;0,028571428571428571428
3212;3278;0,028571428571428571428
3212;4374;0,028571428571428571428
3212;4522;0,028571428571428571428
3212;5481;0,028571428571428571428
3212;6461;0,028571428571428571428
3212;7215;0,028571428571428571428
3212;7521;0,028571428571428571428
3212;7756;0,028571428571428571428
3212;10255;0,028571428571428571428
3212;11004;0,028571428571428571428
3212;11695;0,028571428571428571428
3212;13141;0,028571428571428571428
3212;13452;0,028571428571428571428
3212;13642;0,028571428571428571428
3212;17678;0,028571428571428571428
3212;18622;0,028571428571428571428
3212;19402;0,028571428571428571428
3212;22575;0,028571428571428571428
3212;23775;0,028571428571428571428
3212;28615;0,028571428571428571428
3212;28647;0,028571428571428571428
3212;28648;0,028571428571428571428
3214;1637;0,142857142857142857142
3214;1728;0,428571428571428571428
3214;2712;0,285714285714285714285
3214;5168;0,142857142857142857142
3222;1246;1,000000000000000000000
3223;918;0,500000000000000000000
3223;5360;0,500000000000000000000
3230;132;0,600000000000000000000
3230;550;0,400000000000000000000
3235;1307;0,111111111111111111111
3235;1942;0,111111111111111111111
3235;2489;0,111111111111111111111
3235;2851;0,111111111111111111111
3235;5329;0,333333333333333333333
3235;374246;0,111111111111111111111
3235;653504;0,111111111111111111111
3241;4906;1,000000000000000000000
3251;59;0,833333333333333333333
3251;228;0,166666666666666666666
3260;3320;0,500000000000000000000
3260;5016;0,500000000000000000000
3265;1713;1,000000000000000000000
3268;2786;1,000000000000000000000
3278;3212;1,000000000000000000000
3293;5643;1,000000000000000000000
3296;192;0,111111111111111111111
3296;496;0,055555555555555555555
3296;1667;0,055555555555555555555
3296;2037;0,055555555555555555555
3296;2271;0,111111111111111111111
3296;2272;0,111111111111111111111
3296;2359;0,055555555555555555555
3296;3591;0,055555555555555555555
3296;4364;0,055555555555555555555
3296;4561;0,055555555555555555555
3296;5564;0,111111111111111111111
3296;7762;0,055555555555555555555
3296;10946;0,111111111111111111111
3299;100;1,000000000000000000000
3301;28119;1,000000000000000000000
3304;545;0,500000000000000000000
3304;8348;0,250000000000000000000
3304;9159;0,250000000000000000000
3315;27734;1,000000000000000000000
3318;642;0,142857142857142857142
3318;826;0,285714285714285714285
3318;3417;0,142857142857142857142
3318;14010;0,428571428571428571428
3334;3378;1,000000000000000000000
3340;588;0,166666666666666666666
3340;2129;0,500000000000000000000
3340;3342;0,166666666666666666666
3340;3347;0,166666666666666666666
3344;7275;0,833333333333333333333
3344;24099;0,166666666666666666666
3345;2129;1,000000000000000000000
3359;2195;0,125000000000000000000
3359;2506;0,125000000000000000000
3359;5753;0,125000000000000000000
3359;7994;0,125000000000000000000
3359;8071;0,125000000000000000000
3359;8491;0,125000000000000000000
3359;10093;0,125000000000000000000
3359;140271;0,125000000000000000000
3383;196;0,333333333333333333333
3383;1583;0,333333333333333333333
3383;4787;0,333333333333333333333
3392;2087;1,000000000000000000000
3395;829;1,000000000000000000000
3399;1948;1,000000000000000000000
3401;428;0,250000000000000000000
3401;750;0,250000000000000000000
3401;6812;0,250000000000000000000
3401;343424;0,250000000000000000000
3414;4262;0,333333333333333333333
3414;13369;0,333333333333333333333
3414;14465;0,333333333333333333333
3420;1439;0,500000000000000000000
3420;1440;0,500000000000000000000
3427;172;0,250000000000000000000
3427;174;0,250000000000000000000
3427;934;0,250000000000000000000
3427;114536;0,250000000000000000000
3429;101;0,083333333333333333333
3429;279;0,166666666666666666666
3429;284;0,416666666666666666666
3429;2706;0,083333333333333333333
3429;3045;0,083333333333333333333
3429;4398;0,083333333333333333333
3429;7116;0,083333333333333333333
3433;1089;1,000000000000000000000
3446;12685;1,000000000000000000000
3449;1948;0,500000000000000000000
3449;612735;0,500000000000000000000
3457;455;1,000000000000000000000
3473;296;0,250000000000000000000
3473;1033;0,250000000000000000000
3473;216172;0,250000000000000000000
3473;393418;0,250000000000000000000
3485;5042;1,000000000000000000000
3496;6930;1,000000000000000000000
3515;668;1,000000000000000000000
3523;71;0,052631578947368421052
3523;276;0,052631578947368421052
3523;513;0,052631578947368421052
3523;529;0,052631578947368421052
3523;2547;0,052631578947368421052
3523;3235;0,052631578947368421052
3523;59745;0,052631578947368421052
3523;78108;0,052631578947368421052
3523;98841;0,105263157894736842105
3523;366089;0,157894736842105263157
3523;408414;0,052631578947368421052
3523;906176;0,263157894736842105263
3528;2302;1,000000000000000000000
3551;100;0,666666666666666666666
3551;2350;0,333333333333333333333
3574;3399;1,000000000000000000000
3575;4305;0,600000000000000000000
3575;8539;0,400000000000000000000
3585;5171;1,000000000000000000000
3586;1756;0,500000000000000000000
3586;7699;0,500000000000000000000
3587;1938;0,600000000000000000000
3587;3588;0,400000000000000000000
3588;525;0,375000000000000000000
3588;2435;0,250000000000000000000
3588;2648;0,125000000000000000000
3588;3587;0,125000000000000000000
3588;4219;0,125000000000000000000
3591;192;0,051282051282051282051
3591;496;0,051282051282051282051
3591;1667;0,051282051282051282051
3591;2037;0,051282051282051282051
3591;2271;0,051282051282051282051
3591;2272;0,051282051282051282051
3591;2359;0,051282051282051282051
3591;3296;0,102564102564102564102
3591;4364;0,051282051282051282051
3591;4561;0,051282051282051282051
3591;5214;0,051282051282051282051
3591;5564;0,051282051282051282051
3591;7762;0,051282051282051282051
3591;9387;0,051282051282051282051
3591;9413;0,051282051282051282051
3591;9432;0,051282051282051282051
3591;10946;0,076923076923076923076
3591;13372;0,051282051282051282051
3615;12768;1,000000000000000000000
3618;271;0,200000000000000000000
3618;3978;0,600000000000000000000
3618;15867;0,200000000000000000000
3619;980;1,000000000000000000000
3633;1141;0,400000000000000000000
3633;2145;0,200000000000000000000
3633;2293;0,400000000000000000000
3665;5005;0,142857142857142857142
3665;5484;0,428571428571428571428
3665;5886;0,142857142857142857142
3665;8623;0,285714285714285714285
3675;6413;1,000000000000000000000
3685;5627;0,333333333333333333333
3685;8267;0,333333333333333333333
3685;8306;0,333333333333333333333
3738;475;1,000000000000000000000
3753;1364;0,500000000000000000000
3753;4825;0,500000000000000000000
3768;1610;1,000000000000000000000
3779;458;1,000000000000000000000
3797;1810;1,000000000000000000000
3800;521;1,000000000000000000000
3802;1277;0,285714285714285714285
3802;2099;0,142857142857142857142
3802;2445;0,571428571428571428571
3809;1010;1,000000000000000000000
3827;1556;0,750000000000000000000
3827;248841;0,250000000000000000000
3829;275;0,133333333333333333333
3829;282;0,133333333333333333333
3829;477;0,133333333333333333333
3829;731;0,133333333333333333333
3829;5138;0,133333333333333333333
3829;15471;0,066666666666666666666
3829;173893;0,133333333333333333333
3829;282773;0,133333333333333333333
3836;318;0,666666666666666666666
3836;4472;0,333333333333333333333
3842;853;0,250000000000000000000
3842;4534;0,250000000000000000000
3842;5010;0,250000000000000000000
3842;20984;0,250000000000000000000
3857;96;0,142857142857142857142
3857;765;0,285714285714285714285
3857;3753;0,285714285714285714285
3857;5578;0,285714285714285714285
3867;9686;1,000000000000000000000
3869;5628;1,000000000000000000000
3870;3608;1,000000000000000000000
3871;9691;1,000000000000000000000
3872;678;1,000000000000000000000
3876;5092;1,000000000000000000000
3877;39;0,166666666666666666666
3877;186;0,333333333333333333333
3877;1589;0,166666666666666666666
3877;666007;0,333333333333333333333
3891;2489;0,500000000000000000000
3891;3508;0,500000000000000000000
3916;1497;1,000000000000000000000
3944;7564;1,000000000000000000000
3957;12706;1,000000000000000000000
3971;174;0,166666666666666666666
3971;934;0,166666666666666666666
3971;1692;0,166666666666666666666
3971;6413;0,166666666666666666666
3971;8957;0,166666666666666666666
3971;23886;0,166666666666666666666
3975;4268;1,000000000000000000000
3978;5915;0,500000000000000000000
3978;119483;0,500000000000000000000
3980;100;0,750000000000000000000
3980;458;0,250000000000000000000
3985;163;1,000000000000000000000
3993;22534;1,000000000000000000000
3998;3269;1,000000000000000000000
4004;23;1,000000000000000000000
4020;277;0,100000000000000000000
4020;423;0,100000000000000000000
4020;602;0,100000000000000000000
4020;1278;0,100000000000000000000
4020;2991;0,200000000000000000000
4020;8163;0,100000000000000000000
4020;219164;0,100000000000000000000
4020;1048958;0,200000000000000000000
4024;71;1,000000000000000000000
4059;995;0,333333333333333333333
4059;1196;0,333333333333333333333
4059;4396;0,333333333333333333333
4070;1419;1,000000000000000000000
4089;3250;1,000000000000000000000
4099;104;0,142857142857142857142
4099;1498;0,142857142857142857142
4099;2427;0,142857142857142857142
4099;4453;0,142857142857142857142
4099;4472;0,142857142857142857142
4099;122436;0,142857142857142857142
4099;788294;0,142857142857142857142
4108;138;0,500000000000000000000
4108;162;0,250000000000000000000
4108;4205;0,250000000000000000000
4132;997;0,500000000000000000000
4132;27557;0,500000000000000000000
4145;2175;0,333333333333333333333
4145;7975;0,133333333333333333333
4145;65998;0,333333333333333333333
4145;66075;0,200000000000000000000
4147;2146;0,375000000000000000000
4147;2697;0,375000000000000000000
4147;3085;0,250000000000000000000
4159;835;1,000000000000000000000
4187;241;0,500000000000000000000
4187;267;0,500000000000000000000
4197;2823;1,000000000000000000000
4225;520;0,100000000000000000000
4225;761;0,200000000000000000000
4225;1182;0,200000000000000000000
4225;5935;0,300000000000000000000
4225;6048;0,200000000000000000000
4228;793;0,400000000000000000000
4228;1554;0,600000000000000000000
4240;1744;0,142857142857142857142
4240;4906;0,285714285714285714285
4240;5622;0,285714285714285714285
4240;5691;0,142857142857142857142
4240;8723;0,142857142857142857142
4244;15863;1,000000000000000000000
4245;1700;1,000000000000000000000
4257;27862;1,000000000000000000000
4262;526;0,125000000000000000000
4262;911;0,750000000000000000000
4262;2786;0,125000000000000000000
4268;2198;0,166666666666666666666
4268;3975;0,166666666666666666666
4268;1058833;0,333333333333333333333
4268;1077888;0,333333333333333333333
4269;115;1,000000000000000000000
4281;1122;0,500000000000000000000
4281;3085;0,500000000000000000000
4283;4458;1,000000000000000000000
4305;3575;0,500000000000000000000
4305;7160;0,500000000000000000000
4309;885;1,000000000000000000000
4313;11;1,000000000000000000000
4323;5628;1,000000000000000000000
4345;428;1,000000000000000000000
4355;211;0,142857142857142857142
4355;306;0,142857142857142857142
4355;727;0,285714285714285714285
4355;2484;0,285714285714285714285
4355;23930;0,142857142857142857142
4359;283;0,250000000000000000000
4359;5628;0,250000000000000000000
4359;7160;0,250000000000000000000
4359;8489;0,250000000000000000000
4364;3591;1,000000000000000000000
4376;285;0,333333333333333333333
4376;1814;0,333333333333333333333
4376;5289;0,333333333333333333333
4377;652;1,000000000000000000000
4380;866;0,500000000000000000000
4380;2786;0,500000000000000000000
4386;1632;1,000000000000000000000
4398;3429;0,666666666666666666666
4398;4592;0,333333333333333333333
4421;1974;1,000000000000000000000
4428;27887;1,000000000000000000000
4431;1991;0,500000000000000000000
4431;2239;0,500000000000000000000
4432;839;1,000000000000000000000
4435;1854;0,250000000000000000000
4435;4538;0,250000000000000000000
4435;5493;0,250000000000000000000
4435;5603;0,250000000000000000000
4437;1597;1,000000000000000000000
4438;3306;1,000000000000000000000
4451;822;0,500000000000000000000
4451;1054;0,500000000000000000000
4458;69;0,200000000000000000000
4458;4283;0,200000000000000000000
4458;4429;0,200000000000000000000
4458;4449;0,200000000000000000000
4458;14899;0,200000000000000000000
4472;4099;1,000000000000000000000
4476;983;0,500000000000000000000
4476;30811;0,500000000000000000000
4486;100;0,500000000000000000000
4486;9722;0,500000000000000000000
4500;1780;1,000000000000000000000
4507;267;1,000000000000000000000
4513;1040;0,333333333333333333333
4513;2713;0,666666666666666666666
4525;5441;1,000000000000000000000
4533;26746;1,000000000000000000000
4552;41;0,500000000000000000000
4552;1261;0,500000000000000000000
4553;1154;0,333333333333333333333
4553;1639;0,333333333333333333333
4553;2375;0,333333333333333333333
4561;841;0,250000000000000000000
4561;1667;0,500000000000000000000
4561;2271;0,250000000000000000000
4572;8489;1,000000000000000000000
4592;251;0,500000000000000000000
4592;18641;0,500000000000000000000
4621;3557;1,000000000000000000000
4627;2434;1,000000000000000000000
4629;4;0,250000000000000000000
4629;1288;0,750000000000000000000
4639;576;0,500000000000000000000
4639;3694;0,500000000000000000000
4657;4728;1,000000000000000000000
4681;955;0,125000000000000000000
4681;1596;0,500000000000000000000
4681;7741;0,250000000000000000000
4681;276963;0,125000000000000000000
4692;257563;1,000000000000000000000
4695;1231;1,000000000000000000000
4697;313;0,333333333333333333333
4697;1689;0,666666666666666666666
4715;529;1,000000000000000000000
4719;380;0,056603773584905660377
4719;1963;0,018867924528301886792
4719;2512;0,094339622641509433962
4719;3083;0,018867924528301886792
4719;59841;0,773584905660377358490
4719;192866;0,018867924528301886792
4719;1048032;0,018867924528301886792
4729;82;0,125000000000000000000
4729;89;0,250000000000000000000
4729;1040;0,125000000000000000000
4729;2487;0,125000000000000000000
4729;3237;0,125000000000000000000
4729;6523;0,125000000000000000000
4729;237945;0,125000000000000000000
4755;1838;1,000000000000000000000
4772;839;0,166666666666666666666
4772;1184;0,166666666666666666666
4772;2523;0,333333333333333333333
4772;4861;0,166666666666666666666
4772;5493;0,166666666666666666666
4777;525;1,000000000000000000000
4787;1583;0,500000000000000000000
4787;3383;0,500000000000000000000
4821;4906;0,500000000000000000000
4821;5449;0,500000000000000000000
4825;1988;1,000000000000000000000
4829;524;1,000000000000000000000
4852;6503;0,125000000000000000000
4852;8590;0,875000000000000000000
4861;8909;0,500000000000000000000
4861;53224;0,500000000000000000000
4874;2470;0,200000000000000000000
4874;2512;0,400000000000000000000
4874;5245;0,200000000000000000000
4874;12119;0,200000000000000000000
4876;368117;1,000000000000000000000
4935;17727;1,000000000000000000000
4942;4583;1,000000000000000000000
4976;5016;1,000000000000000000000
5016;420;0,200000000000000000000
5016;2791;0,200000000000000000000
5016;5012;0,600000000000000000000
5029;484;1,000000000000000000000
5071;1116;0,250000000000000000000
5071;1391;0,625000000000000000000
5071;2445;0,125000000000000000000
5077;441;0,111111111111111111111
5077;4988;0,111111111111111111111
5077;12591;0,777777777777777777777
5089;135;0,250000000000000000000
5089;211;0,750000000000000000000
5092;3876;0,500000000000000000000
5092;17607;0,500000000000000000000
5107;352;0,500000000000000000000
5107;4530;0,500000000000000000000
5148;136664;0,250000000000000000000
5148;606725;0,250000000000000000000
5148;1022478;0,500000000000000000000
5149;749;0,333333333333333333333
5149;1678;0,333333333333333333333
5149;7111;0,333333333333333333333
5158;373677;1,000000000000000000000
5167;27763;1,000000000000000000000
5168;1069;0,250000000000000000000
5168;3214;0,750000000000000000000
5174;101;1,000000000000000000000
5177;3436;0,750000000000000000000
5177;8473;0,250000000000000000000
5214;3591;1,000000000000000000000
5239;5591;0,666666666666666666666
5239;17266;0,333333333333333333333
5264;547;0,142857142857142857142
5264;1676;0,142857142857142857142
5264;3071;0,142857142857142857142
5264;3301;0,142857142857142857142
5264;5350;0,142857142857142857142
5264;6130;0,142857142857142857142
5264;6234;0,142857142857142857142
5289;1310;0,400000000000000000000
5289;2515;0,200000000000000000000
5289;4376;0,200000000000000000000
5289;9691;0,200000000000000000000
5309;4538;0,200000000000000000000
5309;5543;0,600000000000000000000
5309;11921;0,200000000000000000000
5329;189;0,100000000000000000000
5329;214;0,200000000000000000000
5329;1196;0,100000000000000000000
5329;1307;0,100000000000000000000
5329;1840;0,100000000000000000000
5329;1963;0,200000000000000000000
5329;5528;0,200000000000000000000
5350;5264;1,000000000000000000000
5354;16655;1,000000000000000000000
5360;120;1,000000000000000000000
5367;2147;0,666666666666666666666
5367;3535;0,333333333333333333333
5392;5037;0,500000000000000000000
5392;56282;0,500000000000000000000
5415;100;0,333333333333333333333
5415;119;0,333333333333333333333
5415;3104;0,333333333333333333333
5437;2786;1,000000000000000000000
5440;1596;0,333333333333333333333
5440;1939;0,333333333333333333333
5440;5469;0,333333333333333333333
5445;127;1,000000000000000000000
5449;4821;1,000000000000000000000
5457;551;1,000000000000000000000
5459;1508;1,000000000000000000000
5469;1109;0,250000000000000000000
5469;5440;0,750000000000000000000
5481;4100;1,000000000000000000000
5500;2139;1,000000000000000000000
5506;2438;0,333333333333333333333
5506;5915;0,666666666666666666666
5513;1606;1,000000000000000000000
5528;543;0,166666666666666666666
5528;2352;0,166666666666666666666
5528;5329;0,500000000000000000000
5528;343358;0,166666666666666666666
5530;9184;0,750000000000000000000
5530;9396;0,250000000000000000000
5536;7341;1,000000000000000000000
5543;4538;0,285714285714285714285
5543;5309;0,571428571428571428571
5543;9905;0,142857142857142857142
5564;192;0,043478260869565217391
5564;496;0,043478260869565217391
5564;977;0,086956521739130434782
5564;1667;0,043478260869565217391
5564;2037;0,043478260869565217391
5564;2271;0,043478260869565217391
5564;2272;0,086956521739130434782
5564;2359;0,043478260869565217391
5564;3296;0,043478260869565217391
5564;3591;0,043478260869565217391
5564;4364;0,043478260869565217391
5564;4561;0,043478260869565217391
5564;5214;0,043478260869565217391
5564;5698;0,043478260869565217391
5564;7762;0,043478260869565217391
5564;9387;0,043478260869565217391
5564;9413;0,043478260869565217391
5564;9432;0,043478260869565217391
5564;10946;0,086956521739130434782
5564;13372;0,043478260869565217391
5578;2461;0,333333333333333333333
5578;3753;0,666666666666666666666
5591;83;1,000000000000000000000
5603;162;0,400000000000000000000
5603;527;0,200000000000000000000
5603;613;0,200000000000000000000
5603;4307;0,200000000000000000000
5611;352;0,050000000000000000000
5611;423;0,050000000000000000000
5611;425;0,050000000000000000000
5611;426;0,050000000000000000000
5611;427;0,050000000000000000000
5611;441;0,050000000000000000000
5611;442;0,050000000000000000000
5611;443;0,050000000000000000000
5611;444;0,050000000000000000000
5611;513;0,050000000000000000000
5611;849;0,050000000000000000000
5611;1315;0,050000000000000000000
5611;1942;0,150000000000000000000
5611;2500;0,050000000000000000000
5611;2555;0,050000000000000000000
5611;3876;0,050000000000000000000
5611;13335;0,050000000000000000000
5611;511019;0,050000000000000000000
5613;211;1,000000000000000000000
5617;40028;1,000000000000000000000
5622;4240;1,000000000000000000000
5626;407;1,000000000000000000000
5628;85;0,024390243902439024390
5628;96;0,024390243902439024390
5628;122;0,024390243902439024390
5628;182;0,024390243902439024390
5628;247;0,024390243902439024390
5628;248;0,024390243902439024390
5628;250;0,024390243902439024390
5628;251;0,024390243902439024390
5628;285;0,024390243902439024390
5628;781;0,024390243902439024390
5628;861;0,024390243902439024390
5628;1142;0,024390243902439024390
5628;1495;0,024390243902439024390
5628;1591;0,024390243902439024390
5628;1981;0,024390243902439024390
5628;2139;0,024390243902439024390
5628;2293;0,121951219512195121951
5628;2464;0,024390243902439024390
5628;2515;0,024390243902439024390
5628;2655;0,024390243902439024390
5628;2714;0,024390243902439024390
5628;3633;0,024390243902439024390
5628;3866;0,024390243902439024390
5628;3867;0,024390243902439024390
5628;3868;0,024390243902439024390
5628;3869;0,024390243902439024390
5628;3870;0,024390243902439024390
5628;3871;0,024390243902439024390
5628;3872;0,024390243902439024390
5628;3873;0,024390243902439024390
5628;4117;0,024390243902439024390
5628;4313;0,024390243902439024390
5628;4323;0,024390243902439024390
5628;5042;0,024390243902439024390
5628;5223;0,024390243902439024390
5628;14013;0,024390243902439024390
5628;24668;0,024390243902439024390
5629;878;0,666666666666666666666
5629;151009;0,333333333333333333333
5632;1286;1,000000000000000000000
5635;523;0,083333333333333333333
5635;1010;0,083333333333333333333
5635;2001;0,083333333333333333333
5635;2484;0,083333333333333333333
5635;3551;0,083333333333333333333
5635;4091;0,083333333333333333333
5635;5470;0,083333333333333333333
5635;6991;0,083333333333333333333
5635;7748;0,083333333333333333333
5635;12528;0,083333333333333333333
5635;14050;0,083333333333333333333
5635;28661;0,083333333333333333333
5638;59841;1,000000000000000000000
5643;3293;1,000000000000000000000
5651;2491;1,000000000000000000000
5666;28397;1,000000000000000000000
5691;9434;1,000000000000000000000
5698;5564;1,000000000000000000000
5824;374246;1,000000000000000000000
5851;12698;1,000000000000000000000
5886;3665;1,000000000000000000000
5915;3978;0,500000000000000000000
5915;5506;0,500000000000000000000
5918;39;0,166666666666666666666
5918;964;0,166666666666666666666
5918;2772;0,666666666666666666666
5935;1748;1,000000000000000000000
5991;475;0,500000000000000000000
5991;3038;0,500000000000000000000
6007;7975;1,000000000000000000000
6048;761;0,333333333333333333333
6048;2374;0,333333333333333333333
6048;4225;0,333333333333333333333
6068;100;0,333333333333333333333
6068;6630;0,666666666666666666666
6105;3838;1,000000000000000000000
6132;14481;1,000000000000000000000
6144;174;0,666666666666666666666
6144;1454;0,333333333333333333333
6151;1206;1,000000000000000000000
6203;122;1,000000000000000000000
6213;151009;1,000000000000000000000
6219;629364;1,000000000000000000000
6262;391;1,000000000000000000000
6267;997;1,000000000000000000000
6316;127;0,142857142857142857142
6316;1121;0,142857142857142857142
6316;2385;0,142857142857142857142
6316;3116;0,142857142857142857142
6316;3269;0,142857142857142857142
6316;5441;0,142857142857142857142
6316;7328;0,142857142857142857142
6320;240;0,500000000000000000000
6320;9406;0,500000000000000000000
6347;250;0,333333333333333333333
6347;1591;0,111111111111111111111
6347;2713;0,444444444444444444444
6347;3234;0,111111111111111111111
6349;4837;1,000000000000000000000
6354;853;0,200000000000000000000
6354;1925;0,200000000000000000000
6354;5245;0,600000000000000000000
6413;8049;0,111111111111111111111
6413;23886;0,888888888888888888888
6419;1220;0,333333333333333333333
6419;2422;0,333333333333333333333
6419;11826;0,333333333333333333333
6430;390;0,250000000000000000000
6430;12356;0,375000000000000000000
6430;21112;0,125000000000000000000
6430;28404;0,250000000000000000000
6433;1946;0,666666666666666666666
6433;8165;0,333333333333333333333
6496;4159;1,000000000000000000000
6499;100;1,000000000000000000000
6501;100;0,500000000000000000000
6501;1657;0,500000000000000000000
6509;827;1,000000000000000000000
6511;829;1,000000000000000000000
6535;2713;1,000000000000000000000
6543;122;1,000000000000000000000
6567;12706;1,000000000000000000000
6581;1744;1,000000000000000000000
6627;5679;0,666666666666666666666
6627;623129;0,333333333333333333333
6630;1220;0,500000000000000000000
6630;6068;0,500000000000000000000
6634;1064;0,142857142857142857142
6634;1510;0,142857142857142857142
6634;1563;0,142857142857142857142
6634;1632;0,142857142857142857142
6634;3867;0,142857142857142857142
6634;20915;0,285714285714285714285
6635;5591;1,000000000000000000000
6694;2438;1,000000000000000000000
6701;288;1,000000000000000000000
6723;698;0,333333333333333333333
6723;2175;0,166666666666666666666
6723;3894;0,166666666666666666666
6723;6461;0,166666666666666666666
6723;9514;0,166666666666666666666
6765;1220;0,083333333333333333333
6765;2275;0,500000000000000000000
6765;2425;0,083333333333333333333
6765;11369;0,333333333333333333333
6812;738;1,000000000000000000000
6856;9356;1,000000000000000000000
6883;5005;1,000000000000000000000
6892;1004;1,000000000000000000000
6918;11369;0,666666666666666666666
6918;25229;0,333333333333333333333
6923;854;0,333333333333333333333
6923;861;0,333333333333333333333
6923;5245;0,333333333333333333333
6929;2435;0,250000000000000000000
6929;3169;0,750000000000000000000
6930;7;1,000000000000000000000
6955;3091;1,000000000000000000000
7030;846;0,666666666666666666666
7030;5643;0,333333333333333333333
7049;1570;0,300000000000000000000
7049;1583;0,400000000000000000000
7049;10020;0,300000000000000000000
7072;7975;1,000000000000000000000
7095;1894;0,333333333333333333333
7095;7975;0,333333333333333333333
7095;119973;0,333333333333333333333
7111;119;0,333333333333333333333
7111;5149;0,333333333333333333333
7111;415767;0,333333333333333333333
7116;3045;0,500000000000000000000
7116;3429;0,500000000000000000000
7130;420;1,000000000000000000000
7131;7882;1,000000000000000000000
7135;441;1,000000000000000000000
7142;85;1,000000000000000000000
7160;678;0,041666666666666666666
7160;1889;0,083333333333333333333
7160;2661;0,500000000000000000000
7160;2713;0,166666666666666666666
7160;2714;0,041666666666666666666
7160;2825;0,041666666666666666666
7160;4305;0,041666666666666666666
7160;4359;0,083333333333333333333
7209;2206;0,500000000000000000000
7209;28567;0,500000000000000000000
7221;466;1,000000000000000000000
7240;1239;1,000000000000000000000
7278;352262;1,000000000000000000000
7521;3212;1,000000000000000000000
7543;551;0,017857142857142857142
7543;600;0,053571428571428571428
7543;1344;0,017857142857142857142
7543;1454;0,035714285714285714285
7543;1898;0,035714285714285714285
7543;2743;0,035714285714285714285
7543;2786;0,035714285714285714285
7543;3256;0,035714285714285714285
7543;3420;0,035714285714285714285
7543;3685;0,035714285714285714285
7543;4587;0,017857142857142857142
7543;5136;0,035714285714285714285
7543;7975;0,035714285714285714285
7543;8212;0,035714285714285714285
7543;12959;0,035714285714285714285
7543;23759;0,035714285714285714285
7543;27613;0,017857142857142857142
7543;152027;0,410714285714285714285
7543;329272;0,035714285714285714285
7560;4039;0,250000000000000000000
7560;4748;0,500000000000000000000
7560;15471;0,250000000000000000000
7564;2029;0,500000000000000000000
7564;3944;0,500000000000000000000
7574;407;1,000000000000000000000
7578;1182;1,000000000000000000000
7626;975;0,500000000000000000000
7626;248840;0,500000000000000000000
7686;1152;0,500000000000000000000
7686;5136;0,500000000000000000000
7716;584969;1,000000000000000000000
7738;59;1,000000000000000000000
7741;4681;1,000000000000000000000
7748;368117;1,000000000000000000000
7755;354;0,250000000000000000000
7755;356;0,250000000000000000000
7755;2098;0,250000000000000000000
7755;7895;0,250000000000000000000
7759;1780;1,000000000000000000000
7886;4225;1,000000000000000000000
7939;2786;1,000000000000000000000
7975;108;0,016949152542372881355
7975;349;0,033898305084745762711
7975;392;0,016949152542372881355
7975;394;0,016949152542372881355
7975;396;0,016949152542372881355
7975;406;0,016949152542372881355
7975;413;0,016949152542372881355
7975;414;0,033898305084745762711
7975;418;0,016949152542372881355
7975;419;0,033898305084745762711
7975;638;0,016949152542372881355
7975;869;0,033898305084745762711
7975;1123;0,016949152542372881355
7975;1135;0,050847457627118644067
7975;1340;0,033898305084745762711
7975;1397;0,016949152542372881355
7975;1762;0,016949152542372881355
7975;1764;0,033898305084745762711
7975;2264;0,016949152542372881355
7975;2372;0,016949152542372881355
7975;2494;0,016949152542372881355
7975;2517;0,033898305084745762711
7975;2569;0,033898305084745762711
7975;2592;0,016949152542372881355
7975;2694;0,033898305084745762711
7975;2877;0,033898305084745762711
7975;3408;0,033898305084745762711
7975;3443;0,016949152542372881355
7975;3515;0,033898305084745762711
7975;3667;0,016949152542372881355
7975;4145;0,033898305084745762711
7975;6007;0,016949152542372881355
7975;7072;0,016949152542372881355
7975;7095;0,016949152542372881355
7975;8223;0,016949152542372881355
7975;8396;0,033898305084745762711
7975;8750;0,016949152542372881355
7975;8889;0,016949152542372881355
7975;9380;0,016949152542372881355
7975;12670;0,033898305084745762711
7975;14526;0,016949152542372881355
7975;22864;0,016949152542372881355
7994;174;1,000000000000000000000
8003;1981;1,000000000000000000000
8050;7080;1,000000000000000000000
8062;1864;0,500000000000000000000
8062;11415;0,500000000000000000000
8071;290;1,000000000000000000000
8090;7747;1,000000000000000000000
8095;284;0,500000000000000000000
8095;1427;0,500000000000000000000
8109;945;0,250000000000000000000
8109;1073;0,250000000000000000000
8109;7998;0,500000000000000000000
8162;275;1,000000000000000000000
8205;2275;1,000000000000000000000
8229;37;0,500000000000000000000
8229;891;0,500000000000000000000
8293;5444;1,000000000000000000000
8320;2991;1,000000000000000000000
8348;246;0,111111111111111111111
8348;545;0,222222222222222222222
8348;1030;0,111111111111111111111
8348;1497;0,111111111111111111111
8348;2678;0,111111111111111111111
8348;3304;0,222222222222222222222
8348;5915;0,111111111111111111111
8353;2098;1,000000000000000000000
8373;7095;1,000000000000000000000
8381;4906;1,000000000000000000000
8396;7975;1,000000000000000000000
8437;8465;1,000000000000000000000
8440;1182;0,700000000000000000000
8440;4379;0,100000000000000000000
8440;5935;0,100000000000000000000
8440;160268;0,100000000000000000000
8442;5935;1,000000000000000000000
8445;1016;1,000000000000000000000
8447;7478;1,000000000000000000000
8464;8465;1,000000000000000000000
8465;240;0,014084507042253521126
8465;362;0,014084507042253521126
8465;385;0,007042253521126760563
8465;475;0,014084507042253521126
8465;479;0,014084507042253521126
8465;507;0,007042253521126760563
8465;520;0,014084507042253521126
8465;525;0,007042253521126760563
8465;706;0,014084507042253521126
8465;742;0,007042253521126760563
8465;783;0,007042253521126760563
8465;793;0,014084507042253521126
8465;796;0,007042253521126760563
8465;852;0,007042253521126760563
8465;975;0,007042253521126760563
8465;999;0,007042253521126760563
8465;1016;0,007042253521126760563
8465;1065;0,007042253521126760563
8465;1104;0,007042253521126760563
8465;1107;0,014084507042253521126
8465;1111;0,007042253521126760563
8465;1112;0,007042253521126760563
8465;1171;0,014084507042253521126
8465;1196;0,007042253521126760563
8465;1313;0,014084507042253521126
8465;1314;0,014084507042253521126
8465;1315;0,014084507042253521126
8465;1556;0,007042253521126760563
8465;1673;0,007042253521126760563
8465;1713;0,007042253521126760563
8465;1748;0,007042253521126760563
8465;1806;0,007042253521126760563
8465;1848;0,007042253521126760563
8465;1938;0,014084507042253521126
8465;1963;0,007042253521126760563
8465;2166;0,007042253521126760563
8465;2296;0,007042253521126760563
8465;2306;0,014084507042253521126
8465;2429;0,007042253521126760563
8465;2490;0,007042253521126760563
8465;2491;0,014084507042253521126
8465;2815;0,007042253521126760563
8465;3038;0,014084507042253521126
8465;3082;0,007042253521126760563
8465;3188;0,007042253521126760563
8465;3208;0,007042253521126760563
8465;3374;0,014084507042253521126
8465;3563;0,007042253521126760563
8465;3590;0,007042253521126760563
8465;3599;0,007042253521126760563
8465;3683;0,007042253521126760563
8465;3776;0,007042253521126760563
8465;3905;0,007042253521126760563
8465;4219;0,014084507042253521126
8465;4222;0,007042253521126760563
8465;4242;0,014084507042253521126
8465;4292;0,007042253521126760563
8465;4293;0,007042253521126760563
8465;4497;0,007042253521126760563
8465;4706;0,007042253521126760563
8465;4831;0,007042253521126760563
8465;4835;0,007042253521126760563
8465;4991;0,014084507042253521126
8465;4992;0,007042253521126760563
8465;4993;0,007042253521126760563
8465;4994;0,007042253521126760563
8465;4995;0,014084507042253521126
8465;4997;0,007042253521126760563
8465;4998;0,014084507042253521126
8465;4999;0,014084507042253521126
8465;5000;0,007042253521126760563
8465;5001;0,014084507042253521126
8465;5002;0,007042253521126760563
8465;5003;0,014084507042253521126
8465;5004;0,007042253521126760563
8465;5005;0,014084507042253521126
8465;5006;0,007042253521126760563
8465;5007;0,007042253521126760563
8465;5008;0,007042253521126760563
8465;5009;0,007042253521126760563
8465;5010;0,007042253521126760563
8465;5011;0,014084507042253521126
8465;5012;0,007042253521126760563
8465;5013;0,014084507042253521126
8465;5014;0,007042253521126760563
8465;5015;0,014084507042253521126
8465;5016;0,007042253521126760563
8465;5017;0,007042253521126760563
8465;5019;0,014084507042253521126
8465;5666;0,007042253521126760563
8465;5935;0,007042253521126760563
8465;8438;0,007042253521126760563
8465;8442;0,007042253521126760563
8465;8449;0,007042253521126760563
8465;8458;0,007042253521126760563
8465;8460;0,028169014084507042253
8465;8462;0,014084507042253521126
8465;8464;0,007042253521126760563
8465;8470;0,007042253521126760563
8465;8473;0,007042253521126760563
8465;8476;0,007042253521126760563
8465;21271;0,007042253521126760563
8465;248831;0,007042253521126760563
8465;248837;0,007042253521126760563
8465;310049;0,007042253521126760563
8465;347540;0,007042253521126760563
8465;584314;0,014084507042253521126
8473;479;0,500000000000000000000
8473;5177;0,500000000000000000000
8478;7699;1,000000000000000000000
8489;469;0,142857142857142857142
8489;1917;0,142857142857142857142
8489;2853;0,142857142857142857142
8489;4359;0,142857142857142857142
8489;5042;0,142857142857142857142
8489;5872;0,142857142857142857142
8489;9714;0,142857142857142857142
8513;490;0,500000000000000000000
8513;1864;0,500000000000000000000
8516;747;1,000000000000000000000
8566;458;1,000000000000000000000
8568;485;0,333333333333333333333
8568;3241;0,333333333333333333333
8568;12497;0,333333333333333333333
8580;1282;1,000000000000000000000
8590;1453;0,333333333333333333333
8590;4852;0,666666666666666666666
8623;1419;0,100000000000000000000
8623;1838;0,100000000000000000000
8623;2017;0,400000000000000000000
8623;3665;0,400000000000000000000
8636;2350;1,000000000000000000000
8641;388;1,000000000000000000000
8648;266;0,166666666666666666666
8648;2383;0,166666666666666666666
8648;13814;0,166666666666666666666
8648;442813;0,500000000000000000000
8666;853;1,000000000000000000000
8723;100;0,750000000000000000000
8723;1744;0,250000000000000000000
8749;28532;1,000000000000000000000
8756;2591;0,500000000000000000000
8756;9668;0,500000000000000000000
8820;1220;0,333333333333333333333
8820;2425;0,666666666666666666666
8826;8873;1,000000000000000000000
8858;740;0,500000000000000000000
8858;45837;0,500000000000000000000
8873;8826;0,666666666666666666666
8873;608895;0,333333333333333333333
8889;7975;1,000000000000000000000
8909;211;0,200000000000000000000
8909;1717;0,200000000000000000000
8909;4861;0,400000000000000000000
8909;5493;0,200000000000000000000
8910;2834;0,166666666666666666666
8910;15302;0,166666666666666666666
8910;157662;0,166666666666666666666
8910;398786;0,500000000000000000000
8933;3374;1,000000000000000000000
8957;3971;1,000000000000000000000
9026;9418;1,000000000000000000000
9067;1468;0,142857142857142857142
9067;2421;0,142857142857142857142
9067;6201;0,142857142857142857142
9067;8013;0,142857142857142857142
9067;10606;0,142857142857142857142
9067;28189;0,142857142857142857142
9067;28194;0,142857142857142857142
9068;2422;0,500000000000000000000
9068;387437;0,500000000000000000000
9110;2586;0,500000000000000000000
9110;4755;0,500000000000000000000
9114;356607;1,000000000000000000000
9159;5915;0,500000000000000000000
9159;6694;0,500000000000000000000
9184;4262;0,333333333333333333333
9184;5530;0,666666666666666666666
9208;7759;1,000000000000000000000
9288;1669;0,500000000000000000000
9288;1833;0,500000000000000000000
9300;27938;1,000000000000000000000
9309;10602;1,000000000000000000000
9338;844;1,000000000000000000000
9356;2489;0,750000000000000000000
9356;6856;0,250000000000000000000
9382;151009;1,000000000000000000000
9385;5441;1,000000000000000000000
9391;192;0,600000000000000000000
9391;1066;0,400000000000000000000
9395;333184;1,000000000000000000000
9396;5530;1,000000000000000000000
9402;1667;0,500000000000000000000
9402;2272;0,500000000000000000000
9406;6320;1,000000000000000000000
9412;1121;0,500000000000000000000
9412;4197;0,500000000000000000000
9413;496;0,333333333333333333333
9413;1625;0,333333333333333333333
9413;3122;0,333333333333333333333
9414;9415;1,000000000000000000000
9415;100;1,000000000000000000000
9418;524;0,250000000000000000000
9418;2683;0,250000000000000000000
9418;2786;0,250000000000000000000
9418;9807;0,250000000000000000000
9430;13265;1,000000000000000000000
9431;100;0,200000000000000000000
9431;1473;0,200000000000000000000
9431;1838;0,600000000000000000000
9432;496;1,000000000000000000000
9434;877;1,000000000000000000000
9437;622;1,000000000000000000000
9481;1182;1,000000000000000000000
9510;13899;1,000000000000000000000
9513;1985;1,000000000000000000000
9657;285;1,000000000000000000000
9668;4179;0,333333333333333333333
9668;8756;0,333333333333333333333
9668;8985;0,333333333333333333333
9686;3867;1,000000000000000000000
9691;100;0,500000000000000000000
9691;3871;0,500000000000000000000
9721;1046;1,000000000000000000000
9722;1227;0,333333333333333333333
9722;2600;0,333333333333333333333
9722;4486;0,333333333333333333333
9729;266;0,142857142857142857142
9729;527;0,142857142857142857142
9729;956;0,142857142857142857142
9729;964;0,142857142857142857142
9729;1897;0,142857142857142857142
9729;1997;0,142857142857142857142
9729;9722;0,142857142857142857142
9730;1046;1,000000000000000000000
9762;1227;0,500000000000000000000
9762;9722;0,500000000000000000000
9807;970;0,250000000000000000000
9807;9026;0,250000000000000000000
9807;9434;0,250000000000000000000
9807;525330;0,250000000000000000000
9831;12938;1,000000000000000000000
9832;5171;1,000000000000000000000
9898;2;0,083333333333333333333
9898;740;0,166666666666666666666
9898;1171;0,083333333333333333333
9898;6250;0,250000000000000000000
9898;12579;0,083333333333333333333
9898;191488;0,333333333333333333333
9924;2129;0,250000000000000000000
9924;2647;0,250000000000000000000
9924;3345;0,250000000000000000000
9924;28783;0,250000000000000000000
9940;964;0,500000000000000000000
9940;9441;0,500000000000000000000
9951;174;0,500000000000000000000
9951;931417;0,500000000000000000000
9968;2355;1,000000000000000000000
9982;9309;1,000000000000000000000
10018;12907;1,000000000000000000000
10020;284;1,000000000000000000000
10080;2438;0,500000000000000000000
10080;6045;0,500000000000000000000
10085;1824;1,000000000000000000000
10188;829;0,142857142857142857142
10188;2111;0,428571428571428571428
10188;2684;0,428571428571428571428
10255;1959;1,000000000000000000000
10595;2713;1,000000000000000000000
10602;9309;1,000000000000000000000
10649;6465;0,250000000000000000000
10649;151009;0,750000000000000000000
10682;3188;1,000000000000000000000
10926;1340;1,000000000000000000000
10946;1667;0,200000000000000000000
10946;2272;0,200000000000000000000
10946;3296;0,200000000000000000000
10946;3591;0,200000000000000000000
10946;4561;0,200000000000000000000
11138;5536;1,000000000000000000000
11369;1042;0,120000000000000000000
11369;2425;0,240000000000000000000
11369;6734;0,040000000000000000000
11369;6765;0,360000000000000000000
11369;6918;0,040000000000000000000
11369;373677;0,200000000000000000000
11552;748;0,333333333333333333333
11552;116409;0,666666666666666666666
11695;3212;1,000000000000000000000
11826;6419;1,000000000000000000000
11902;604233;1,000000000000000000000
11966;2591;1,000000000000000000000
11999;5444;1,000000000000000000000
12026;149;0,010989010989010989010
12026;289;0,010989010989010989010
12026;313;0,021978021978021978021
12026;380;0,010989010989010989010
12026;433;0,021978021978021978021
12026;492;0,010989010989010989010
12026;712;0,010989010989010989010
12026;752;0,021978021978021978021
12026;1173;0,021978021978021978021
12026;1186;0,021978021978021978021
12026;1187;0,021978021978021978021
12026;1321;0,010989010989010989010
12026;1402;0,021978021978021978021
12026;1453;0,010989010989010989010
12026;1455;0,021978021978021978021
12026;1632;0,010989010989010989010
12026;1685;0,010989010989010989010
12026;1690;0,010989010989010989010
12026;1692;0,010989010989010989010
12026;1694;0,010989010989010989010
12026;1697;0,010989010989010989010
12026;1698;0,010989010989010989010
12026;1703;0,010989010989010989010
12026;1705;0,010989010989010989010
12026;1706;0,010989010989010989010
12026;1707;0,010989010989010989010
12026;1708;0,021978021978021978021
12026;1709;0,010989010989010989010
12026;1763;0,010989010989010989010
12026;1769;0,010989010989010989010
12026;1910;0,021978021978021978021
12026;2254;0,021978021978021978021
12026;2367;0,010989010989010989010
12026;2506;0,010989010989010989010
12026;2825;0,021978021978021978021
12026;2828;0,010989010989010989010
12026;3049;0,021978021978021978021
12026;3359;0,010989010989010989010
12026;3823;0,010989010989010989010
12026;3971;0,021978021978021978021
12026;4386;0,021978021978021978021
12026;4697;0,010989010989010989010
12026;5478;0,010989010989010989010
12026;6144;0,021978021978021978021
12026;7168;0,010989010989010989010
12026;7874;0,010989010989010989010
12026;7994;0,010989010989010989010
12026;8071;0,021978021978021978021
12026;8899;0,010989010989010989010
12026;8957;0,010989010989010989010
12026;9261;0,010989010989010989010
12026;10093;0,021978021978021978021
12026;12372;0,021978021978021978021
12026;13195;0,010989010989010989010
12026;14653;0,010989010989010989010
12026;21331;0,021978021978021978021
12026;21502;0,010989010989010989010
12026;24536;0,010989010989010989010
12026;25861;0,010989010989010989010
12026;27708;0,021978021978021978021
12026;27710;0,010989010989010989010
12026;27715;0,021978021978021978021
12026;28457;0,021978021978021978021
12026;28463;0,010989010989010989010
12026;28467;0,010989010989010989010
12026;28790;0,010989010989010989010
12026;284855;0,021978021978021978021
12269;3876;1,000000000000000000000
12339;853;1,000000000000000000000
12356;391;0,500000000000000000000
12356;904;0,500000000000000000000
12362;1600;1,000000000000000000000
12391;96;1,000000000000000000000
12432;853;1,000000000000000000000
12591;160;0,500000000000000000000
12591;5077;0,500000000000000000000
12596;1016;0,333333333333333333333
12596;1180;0,666666666666666666666
12706;1079;0,222222222222222222222
12706;1457;0,222222222222222222222
12706;3957;0,111111111111111111111
12706;5790;0,444444444444444444444
12768;564;0,500000000000000000000
12768;3615;0,500000000000000000000
12775;1637;0,333333333333333333333
12775;13253;0,333333333333333333333
12775;28853;0,333333333333333333333
12826;853;1,000000000000000000000
12876;6444;1,000000000000000000000
12938;9831;1,000000000000000000000
12959;27707;1,000000000000000000000
12963;982;1,000000000000000000000
12964;854;1,000000000000000000000
13074;5660;1,000000000000000000000
13141;568;0,181818181818181818181
13141;3212;0,272727272727272727272
13141;6461;0,181818181818181818181
13141;7521;0,181818181818181818181
13141;12755;0,181818181818181818181
13176;681;1,000000000000000000000
13253;285;0,026315789473684210526
13253;1048;0,026315789473684210526
13253;1141;0,026315789473684210526
13253;1156;0,026315789473684210526
13253;1495;0,026315789473684210526
13253;1513;0,026315789473684210526
13253;1868;0,026315789473684210526
13253;1873;0,026315789473684210526
13253;1988;0,078947368421052631578
13253;2145;0,026315789473684210526
13253;2375;0,026315789473684210526
13253;2474;0,026315789473684210526
13253;2515;0,026315789473684210526
13253;2742;0,026315789473684210526
13253;3000;0,026315789473684210526
13253;3005;0,026315789473684210526
13253;3174;0,026315789473684210526
13253;3459;0,026315789473684210526
13253;3753;0,026315789473684210526
13253;3857;0,026315789473684210526
13253;3872;0,026315789473684210526
13253;4553;0,026315789473684210526
13253;4881;0,052631578947368421052
13253;5223;0,026315789473684210526
13253;5578;0,026315789473684210526
13253;6666;0,026315789473684210526
13253;12775;0,026315789473684210526
13253;22211;0,052631578947368421052
13253;67275;0,026315789473684210526
13253;229072;0,026315789473684210526
13253;257563;0,026315789473684210526
13253;276695;0,026315789473684210526
13253;281170;0,026315789473684210526
13253;355336;0,026315789473684210526
13265;970;0,333333333333333333333
13265;1263;0,333333333333333333333
13265;7650;0,333333333333333333333
13310;257563;1,000000000000000000000
13335;4274;0,150000000000000000000
13335;14742;0,850000000000000000000
13369;3414;1,000000000000000000000
13372;496;0,250000000000000000000
13372;7762;0,750000000000000000000
13452;17678;1,000000000000000000000
13476;3105;1,000000000000000000000
13502;7660;1,000000000000000000000
13504;37;1,000000000000000000000
13579;980;1,000000000000000000000
13623;5682;1,000000000000000000000
13642;100;1,000000000000000000000
13799;5657;1,000000000000000000000
13899;4100;1,000000000000000000000
14010;3022;0,666666666666666666666
14010;3318;0,333333333333333333333
14050;523;0,166666666666666666666
14050;573;0,166666666666666666666
14050;4090;0,166666666666666666666
14050;7748;0,166666666666666666666
14050;8268;0,166666666666666666666
14050;20436;0,166666666666666666666
14151;407;0,083333333333333333333
14151;1111;0,250000000000000000000
14151;1162;0,083333333333333333333
14151;2164;0,166666666666666666666
14151;3265;0,083333333333333333333
14151;5005;0,083333333333333333333
14151;5138;0,083333333333333333333
14151;8818;0,083333333333333333333
14151;83231;0,083333333333333333333
14266;28030;1,000000000000000000000
14465;3142;1,000000000000000000000
14526;419;0,333333333333333333333
14526;475;0,333333333333333333333
14526;1397;0,222222222222222222222
14526;7975;0,111111111111111111111
14652;1198;1,000000000000000000000
15302;1058833;1,000000000000000000000
15471;275;0,100000000000000000000
15471;282;0,100000000000000000000
15471;477;0,100000000000000000000
15471;731;0,300000000000000000000
15471;3829;0,050000000000000000000
15471;5138;0,100000000000000000000
15471;95154;0,050000000000000000000
15471;173893;0,100000000000000000000
15471;282773;0,100000000000000000000
15863;132;0,500000000000000000000
15863;320;0,500000000000000000000
15867;3618;1,000000000000000000000
15887;911;0,500000000000000000000
15887;16644;0,500000000000000000000
15895;551;1,000000000000000000000
15975;9905;1,000000000000000000000
16487;997;1,000000000000000000000
16497;1041;0,500000000000000000000
16497;1771;0,500000000000000000000
16644;1109;1,000000000000000000000
16649;853;1,000000000000000000000
16653;853;1,000000000000000000000
16665;2235;0,066666666666666666666
16665;3019;0,133333333333333333333
16665;3155;0,133333333333333333333
16665;3378;0,066666666666666666666
16665;3840;0,066666666666666666666
16665;6594;0,066666666666666666666
16665;7624;0,066666666666666666666
16665;7941;0,066666666666666666666
16665;12432;0,066666666666666666666
16665;12433;0,066666666666666666666
16665;12436;0,066666666666666666666
16665;28034;0,066666666666666666666
16665;106444;0,066666666666666666666
16921;419;1,000000000000000000000
16994;25229;1,000000000000000000000
17262;408;1,000000000000000000000
17266;519;0,250000000000000000000
17266;2005;0,250000000000000000000
17266;3178;0,250000000000000000000
17266;5239;0,250000000000000000000
17268;25488;1,000000000000000000000
17269;349;0,400000000000000000000
17269;1140;0,200000000000000000000
17269;1822;0,200000000000000000000
17269;10103;0,200000000000000000000
17276;2664;1,000000000000000000000
17281;17280;1,000000000000000000000
17282;1135;1,000000000000000000000
17323;841;1,000000000000000000000
17352;255726;1,000000000000000000000
17426;1629;1,000000000000000000000
17553;6918;1,000000000000000000000
17678;3212;1,000000000000000000000
17727;1596;1,000000000000000000000
18247;100;1,000000000000000000000
18251;28;1,000000000000000000000
18258;5437;1,000000000000000000000
18517;3359;1,000000000000000000000
18592;21161;1,000000000000000000000
18641;71;0,018518518518518518518
18641;96;0,037037037037037037037
18641;277;0,018518518518518518518
18641;360;0,018518518518518518518
18641;689;0,037037037037037037037
18641;1065;0,037037037037037037037
18641;1169;0,018518518518518518518
18641;1321;0,037037037037037037037
18641;1401;0,037037037037037037037
18641;1589;0,037037037037037037037
18641;1724;0,111111111111111111111
18641;1925;0,055555555555555555555
18641;1946;0,018518518518518518518
18641;2569;0,037037037037037037037
18641;2647;0,037037037037037037037
18641;4501;0,037037037037037037037
18641;6554;0,037037037037037037037
18641;7660;0,037037037037037037037
18641;8081;0,037037037037037037037
18641;8687;0,055555555555555555555
18641;9729;0,037037037037037037037
18641;13026;0,037037037037037037037
18641;17773;0,037037037037037037037
18641;28940;0,037037037037037037037
18641;59745;0,018518518518518518518
18641;83103;0,037037037037037037037
18641;352364;0,037037037037037037037
18979;2015;1,000000000000000000000
19939;249;1,000000000000000000000
20235;127;0,111111111111111111111
20235;911;0,111111111111111111111
20235;1169;0,111111111111111111111
20235;1278;0,111111111111111111111
20235;9184;0,111111111111111111111
20235;134008;0,444444444444444444444
20307;2422;1,000000000000000000000
20915;21396;1,000000000000000000000
20969;100;1,000000000000000000000
21161;3105;1,000000000000000000000
21396;1608;0,333333333333333333333
21396;1700;0,333333333333333333333
21396;20915;0,333333333333333333333
21507;27826;1,000000000000000000000
21684;1162;1,000000000000000000000
21734;2961;1,000000000000000000000
21839;8500;1,000000000000000000000
22123;527;0,500000000000000000000
22123;4345;0,500000000000000000000
23720;452;0,333333333333333333333
23720;1129;0,111111111111111111111
23720;1370;0,333333333333333333333
23720;1745;0,222222222222222222222
23775;3212;1,000000000000000000000
23886;232;0,033898305084745762711
23886;437;0,016949152542372881355
23886;812;0,033898305084745762711
23886;934;0,033898305084745762711
23886;1064;0,016949152542372881355
23886;1167;0,033898305084745762711
23886;1561;0,033898305084745762711
23886;1562;0,033898305084745762711
23886;1563;0,033898305084745762711
23886;1564;0,033898305084745762711
23886;1565;0,050847457627118644067
23886;1567;0,033898305084745762711
23886;1608;0,033898305084745762711
23886;1609;0,033898305084745762711
23886;1610;0,033898305084745762711
23886;1691;0,033898305084745762711
23886;1700;0,033898305084745762711
23886;1766;0,033898305084745762711
23886;1887;0,016949152542372881355
23886;1906;0,033898305084745762711
23886;2470;0,033898305084745762711
23886;2890;0,033898305084745762711
23886;3647;0,016949152542372881355
23886;4245;0,033898305084745762711
23886;4518;0,033898305084745762711
23886;4526;0,016949152542372881355
23886;6072;0,033898305084745762711
23886;9694;0,033898305084745762711
23886;10176;0,033898305084745762711
23886;12026;0,016949152542372881355
23886;20915;0,050847457627118644067
23886;21396;0,016949152542372881355
24536;326192;1,000000000000000000000
24668;356;0,250000000000000000000
24668;2098;0,250000000000000000000
24668;5628;0,250000000000000000000
24668;8353;0,250000000000000000000
25227;2287;0,500000000000000000000
25227;16994;0,500000000000000000000
25229;6918;0,333333333333333333333
25229;16994;0,666666666666666666666
25230;1894;1,000000000000000000000
25264;5101;0,500000000000000000000
25264;37813;0,500000000000000000000
25488;1429;1,000000000000000000000
26502;1274;1,000000000000000000000
26566;27652;1,000000000000000000000
27175;100;1,000000000000000000000
27557;255863;1,000000000000000000000
27577;8353;1,000000000000000000000
27674;4777;1,000000000000000000000
27836;3575;1,000000000000000000000
27861;955;1,000000000000000000000
27862;140;1,000000000000000000000
27931;100;0,500000000000000000000
27931;191488;0,500000000000000000000
27938;9300;1,000000000000000000000
27984;7660;1,000000000000000000000
28342;22864;1,000000000000000000000
28397;35;1,000000000000000000000
28464;239964;1,000000000000000000000
28528;2326;1,000000000000000000000
28550;9441;1,000000000000000000000
28567;551;0,500000000000000000000
28567;7209;0,500000000000000000000
28598;1827;1,000000000000000000000
28602;14733;1,000000000000000000000
28615;3212;1,000000000000000000000
28629;189;0,250000000000000000000
28629;1083;0,250000000000000000000
28629;17678;0,250000000000000000000
28629;28615;0,250000000000000000000
28763;2520;1,000000000000000000000
28826;882;0,125000000000000000000
28826;1471;0,125000000000000000000
28826;1637;0,125000000000000000000
28826;1831;0,125000000000000000000
28826;5177;0,125000000000000000000
28826;8516;0,125000000000000000000
28826;10338;0,125000000000000000000
28826;76428;0,125000000000000000000
29081;13673;1,000000000000000000000
29376;1085;0,500000000000000000000
29376;2591;0,500000000000000000000
29796;796;1,000000000000000000000
30811;4476;1,000000000000000000000
31343;96;1,000000000000000000000
37811;95154;1,000000000000000000000
37815;7322;1,000000000000000000000
38589;625;0,333333333333333333333
38589;3528;0,333333333333333333333
38589;6203;0,333333333333333333333
38738;1094;1,000000000000000000000
41776;276;0,076923076923076923076
41776;354;0,230769230769230769230
41776;904;0,076923076923076923076
41776;1340;0,076923076923076923076
41776;7660;0,076923076923076923076
41776;18641;0,076923076923076923076
41776;26479;0,076923076923076923076
41776;98841;0,153846153846153846153
41776;245879;0,076923076923076923076
41776;1064740;0,076923076923076923076
42413;1089;1,000000000000000000000
43844;6678;0,500000000000000000000
43844;18080;0,500000000000000000000
45604;1440;1,000000000000000000000
45837;8858;1,000000000000000000000
48826;291;0,333333333333333333333
48826;184646;0,666666666666666666666
50905;9356;1,000000000000000000000
50959;213;0,250000000000000000000
50959;882;0,250000000000000000000
50959;9356;0,250000000000000000000
50959;28826;0,250000000000000000000
56282;5392;1,000000000000000000000
57838;911;0,250000000000000000000
57838;3141;0,500000000000000000000
57838;352420;0,250000000000000000000
59745;1169;0,250000000000000000000
59745;1939;0,250000000000000000000
59745;366089;0,250000000000000000000
59745;408414;0,250000000000000000000
59841;71;0,015873015873015873015
59841;419;0,002267573696145124716
59841;602;0,002267573696145124716
59841;695;0,002267573696145124716
59841;846;0,011337868480725623582
59841;943;0,002267573696145124716
59841;1065;0,004535147392290249433
59841;1066;0,002267573696145124716
59841;1142;0,002267573696145124716
59841;1169;0,018140589569160997732
59841;1563;0,002267573696145124716
59841;1940;0,002267573696145124716
59841;2083;0,002267573696145124716
59841;2435;0,002267573696145124716
59841;2512;0,004535147392290249433
59841;2731;0,006802721088435374149
59841;4719;0,158730158730158730158
59841;5245;0,002267573696145124716
59841;5789;0,002267573696145124716
59841;6497;0,002267573696145124716
59841;7322;0,002267573696145124716
59841;7660;0,002267573696145124716
59841;8268;0,002267573696145124716
59841;9019;0,002267573696145124716
59841;13502;0,002267573696145124716
59841;59745;0,002267573696145124716
59841;83103;0,714285714285714285714
59841;192866;0,009070294784580498866
59841;366089;0,009070294784580498866
59841;408414;0,002267573696145124716
59841;764124;0,002267573696145124716
65998;4145;0,500000000000000000000
65998;66075;0,500000000000000000000
66075;4145;0,600000000000000000000
66075;65998;0,400000000000000000000
71411;748;0,666666666666666666666
71411;75827;0,333333333333333333333
74054;706;1,000000000000000000000
75827;76428;1,000000000000000000000
75828;213;1,000000000000000000000
76428;213;0,500000000000000000000
76428;3607;0,250000000000000000000
76428;71411;0,250000000000000000000
77678;27763;1,000000000000000000000
78108;1169;0,250000000000000000000
78108;4906;0,250000000000000000000
78108;59745;0,250000000000000000000
78108;98841;0,250000000000000000000
83103;4719;0,047619047619047619047
83103;59841;0,904761904761904761904
83103;192866;0,047619047619047619047
89703;1912;0,500000000000000000000
89703;4583;0,500000000000000000000
91818;266;0,250000000000000000000
91818;3944;0,250000000000000000000
91818;343424;0,250000000000000000000
91818;442813;0,250000000000000000000
94073;749;0,333333333333333333333
94073;2851;0,333333333333333333333
94073;5329;0,333333333333333333333
95084;865;1,000000000000000000000
98841;423;0,166666666666666666666
98841;520;0,166666666666666666666
98841;628;0,166666666666666666666
98841;3099;0,166666666666666666666
98841;3523;0,166666666666666666666
98841;41776;0,166666666666666666666
112062;65;0,250000000000000000000
112062;826;0,500000000000000000000
112062;151009;0,250000000000000000000
114536;174;0,250000000000000000000
114536;437;0,250000000000000000000
114536;8213;0,500000000000000000000
116140;131;0,058823529411764705882
116140;441;0,235294117647058823529
116140;517;0,176470588235294117647
116140;854;0,058823529411764705882
116140;1117;0,117647058823529411764
116140;3395;0,117647058823529411764
116140;8253;0,058823529411764705882
116140;474028;0,117647058823529411764
116140;704910;0,058823529411764705882
116409;38738;1,000000000000000000000
119973;189452;1,000000000000000000000
125861;527;0,333333333333333333333
125861;2972;0,333333333333333333333
125861;431565;0,333333333333333333333
131383;71;0,050000000000000000000
131383;96;0,025000000000000000000
131383;249;0,025000000000000000000
131383;277;0,025000000000000000000
131383;283;0,025000000000000000000
131383;360;0,075000000000000000000
131383;420;0,050000000000000000000
131383;695;0,050000000000000000000
131383;749;0,025000000000000000000
131383;845;0,050000000000000000000
131383;846;0,175000000000000000000
131383;1065;0,100000000000000000000
131383;1122;0,025000000000000000000
131383;1678;0,025000000000000000000
131383;1724;0,050000000000000000000
131383;1945;0,050000000000000000000
131383;2112;0,025000000000000000000
131383;3085;0,025000000000000000000
131383;18641;0,050000000000000000000
131383;398786;0,025000000000000000000
131383;398787;0,050000000000000000000
135596;2223;1,000000000000000000000
136664;115;0,200000000000000000000
136664;1025;0,400000000000000000000
136664;5148;0,400000000000000000000
139869;904;1,000000000000000000000
140271;89;1,000000000000000000000
144425;2269;1,000000000000000000000
146462;1988;0,750000000000000000000
146462;4825;0,250000000000000000000
151009;90;0,068965517241379310344
151009;906;0,068965517241379310344
151009;1475;0,068965517241379310344
151009;2998;0,068965517241379310344
151009;3991;0,068965517241379310344
151009;4720;0,068965517241379310344
151009;5437;0,068965517241379310344
151009;5629;0,068965517241379310344
151009;9382;0,068965517241379310344
151009;9393;0,068965517241379310344
151009;9839;0,068965517241379310344
151009;10649;0,103448275862068965517
151009;18258;0,068965517241379310344
151009;57838;0,068965517241379310344
152076;2464;1,000000000000000000000
157662;2834;1,000000000000000000000
160268;2306;0,333333333333333333333
160268;5935;0,666666666666666666666
163510;846;1,000000000000000000000
173893;3161;0,500000000000000000000
173893;4039;0,500000000000000000000
179346;119;0,200000000000000000000
179346;657;0,200000000000000000000
179346;1678;0,400000000000000000000
179346;3105;0,200000000000000000000
184646;423;0,500000000000000000000
184646;48826;0,250000000000000000000
184646;1080816;0,250000000000000000000
184987;898;0,444444444444444444444
184987;2467;0,444444444444444444444
184987;17281;0,111111111111111111111
189452;3256;0,142857142857142857142
189452;5617;0,285714285714285714285
189452;8489;0,142857142857142857142
189452;9714;0,285714285714285714285
189452;119973;0,142857142857142857142
190971;119973;1,000000000000000000000
191488;14072;0,500000000000000000000
191488;27931;0,500000000000000000000
192866;293;0,090909090909090909090
192866;845;0,181818181818181818181
192866;846;0,272727272727272727272
192866;4719;0,090909090909090909090
192866;7030;0,090909090909090909090
192866;17549;0,090909090909090909090
192866;59841;0,181818181818181818181
229072;1988;1,000000000000000000000
239964;178;0,200000000000000000000
239964;3082;0,200000000000000000000
239964;28464;0,600000000000000000000
239969;2244;0,142857142857142857142
239969;2428;0,071428571428571428571
239969;2458;0,071428571428571428571
239969;4699;0,071428571428571428571
239969;14978;0,071428571428571428571
239969;239963;0,571428571428571428571
245879;15722;0,500000000000000000000
245879;41776;0,500000000000000000000
248834;3585;0,333333333333333333333
248834;7699;0,333333333333333333333
248834;7741;0,333333333333333333333
248835;761;1,000000000000000000000
248836;1514;0,250000000000000000000
248836;8477;0,250000000000000000000
248836;59841;0,250000000000000000000
248836;248841;0,250000000000000000000
248837;525;1,000000000000000000000
248838;248835;1,000000000000000000000
248840;520;0,500000000000000000000
248840;1314;0,500000000000000000000
248841;66;0,333333333333333333333
248841;1556;0,333333333333333333333
248841;3827;0,333333333333333333333
251238;1779;1,000000000000000000000
254306;772;1,000000000000000000000
255463;2464;1,000000000000000000000
255740;5054;0,500000000000000000000
255740;331627;0,500000000000000000000
255863;27557;1,000000000000000000000
256951;3169;0,142857142857142857142
256951;5484;0,857142857142857142857
276505;4525;1,000000000000000000000
276780;918;1,000000000000000000000
276963;4681;1,000000000000000000000
278351;1342;0,666666666666666666666
278351;144425;0,333333333333333333333
281170;1570;0,166666666666666666666
281170;2523;0,833333333333333333333
282773;275;0,166666666666666666666
282773;282;0,166666666666666666666
282773;477;0,166666666666666666666
282773;731;0,166666666666666666666
282773;5138;0,166666666666666666666
282773;173893;0,166666666666666666666
283633;2302;1,000000000000000000000
283636;5042;1,000000000000000000000
283638;365536;1,000000000000000000000
284853;16658;1,000000000000000000000
286660;975;0,250000000000000000000
286660;3033;0,250000000000000000000
286660;25849;0,500000000000000000000
306994;407;0,500000000000000000000
306994;2585;0,500000000000000000000
311584;622466;1,000000000000000000000
323416;823709;1,000000000000000000000
326192;24536;0,200000000000000000000
326192;418454;0,800000000000000000000
331627;37;1,000000000000000000000
333184;2147;1,000000000000000000000
335189;115;0,333333333333333333333
335189;490;0,166666666666666666666
335189;1949;0,166666666666666666666
335189;343358;0,333333333333333333333
336063;749;0,500000000000000000000
336063;14151;0,500000000000000000000
336640;1637;1,000000000000000000000
343358;5528;1,000000000000000000000
343424;428;0,500000000000000000000
343424;4993;0,500000000000000000000
347540;45;0,500000000000000000000
347540;66;0,500000000000000000000
349041;39;0,045454545454545454545
349041;127;0,068181818181818181818
349041;194;0,159090909090909090909
349041;379;0,022727272727272727272
349041;628;0,045454545454545454545
349041;1754;0,022727272727272727272
349041;1940;0,136363636363636363636
349041;1036379;0,500000000000000000000
352262;2359;0,666666666666666666666
352262;7278;0,333333333333333333333
352420;57838;1,000000000000000000000
353698;904;1,000000000000000000000
353914;518;0,666666666666666666666
353914;2388;0,333333333333333333333
355594;2272;1,000000000000000000000
356607;9114;1,000000000000000000000
359918;4172;1,000000000000000000000
365531;1096588;1,000000000000000000000
365532;37;0,500000000000000000000
365532;365533;0,500000000000000000000
365533;365532;1,000000000000000000000
365534;5481;1,000000000000000000000
365536;2678;0,333333333333333333333
365536;76695;0,333333333333333333333
365536;283638;0,333333333333333333333
366089;71;0,090909090909090909090
366089;525;0,181818181818181818181
366089;983;0,090909090909090909090
366089;1169;0,454545454545454545454
366089;604246;0,090909090909090909090
366089;906176;0,090909090909090909090
366867;1600;0,500000000000000000000
366867;2600;0,500000000000000000000
367121;1127;0,833333333333333333333
367121;942326;0,166666666666666666666
368117;4876;0,400000000000000000000
368117;7748;0,600000000000000000000
372528;100;0,666666666666666666666
372528;3105;0,333333333333333333333
373677;982;0,100000000000000000000
373677;1041;0,100000000000000000000
373677;1042;0,100000000000000000000
373677;2275;0,200000000000000000000
373677;5158;0,100000000000000000000
373677;11369;0,400000000000000000000
374246;249;0,100000000000000000000
374246;520;0,100000000000000000000
374246;558;0,100000000000000000000
374246;851;0,100000000000000000000
374246;1340;0,100000000000000000000
374246;9386;0,100000000000000000000
374246;26502;0,100000000000000000000
374246;38738;0,100000000000000000000
374246;653504;0,200000000000000000000
377520;100;1,000000000000000000000
383069;25229;1,000000000000000000000
387437;2422;0,200000000000000000000
387437;9068;0,400000000000000000000
387437;20307;0,400000000000000000000
387438;2422;1,000000000000000000000
398786;749;0,250000000000000000000
398786;4219;0,250000000000000000000
398786;8910;0,500000000000000000000
403195;213;0,111111111111111111111
403195;747;0,222222222222222222222
403195;748;0,222222222222222222222
403195;71411;0,222222222222222222222
403195;75827;0,222222222222222222222
415767;7111;1,000000000000000000000
431565;2364;0,333333333333333333333
431565;2972;0,166666666666666666666
431565;125861;0,166666666666666666666
431565;1080816;0,333333333333333333333
434991;538;0,500000000000000000000
434991;440509;0,500000000000000000000
442813;925;0,333333333333333333333
442813;8648;0,666666666666666666666
453859;11;0,500000000000000000000
453859;700;0,500000000000000000000
468947;1092;0,666666666666666666666
468947;3222;0,333333333333333333333
471750;266;1,000000000000000000000
474028;71;0,125000000000000000000
474028;72;0,125000000000000000000
474028;829;0,125000000000000000000
474028;854;0,125000000000000000000
474028;1569;0,125000000000000000000
474028;2277;0,125000000000000000000
474028;2972;0,125000000000000000000
474028;4512;0,125000000000000000000
494193;4384;1,000000000000000000000
497739;6413;1,000000000000000000000
507180;530;0,166666666666666666666
507180;668;0,166666666666666666666
507180;719;0,083333333333333333333
507180;876;0,250000000000000000000
507180;2017;0,083333333333333333333
507180;2146;0,166666666666666666666
507180;642255;0,083333333333333333333
511019;1117;1,000000000000000000000
525330;877;0,052631578947368421052
525330;878;0,052631578947368421052
525330;883;0,052631578947368421052
525330;887;0,105263157894736842105
525330;1044;0,052631578947368421052
525330;2214;0,052631578947368421052
525330;2215;0,052631578947368421052
525330;3403;0,052631578947368421052
525330;4765;0,052631578947368421052
525330;5459;0,052631578947368421052
525330;6624;0,052631578947368421052
525330;7780;0,052631578947368421052
525330;9434;0,052631578947368421052
525330;10740;0,052631578947368421052
525330;12798;0,052631578947368421052
525330;20669;0,052631578947368421052
525330;173632;0,052631578947368421052
525330;329359;0,052631578947368421052
533247;2272;1,000000000000000000000
542220;360;0,250000000000000000000
542220;3508;0,250000000000000000000
542220;9338;0,250000000000000000000
542220;13178;0,250000000000000000000
547708;778;1,000000000000000000000
547774;16656;1,000000000000000000000
558010;7660;1,000000000000000000000
584314;5013;0,333333333333333333333
584314;8460;0,333333333333333333333
584314;8465;0,333333333333333333333
587057;9402;0,666666666666666666666
587057;587053;0,333333333333333333333
589508;458;0,333333333333333333333
589508;1139;0,666666666666666666666
591752;122436;1,000000000000000000000
604246;138;1,000000000000000000000
606566;3155;0,500000000000000000000
606566;16647;0,500000000000000000000
606725;410;1,000000000000000000000
622466;5638;0,500000000000000000000
622466;311584;0,500000000000000000000
623129;845;0,318181818181818181818
623129;846;0,090909090909090909090
623129;982;0,045454545454545454545
623129;1041;0,181818181818181818181
623129;1437;0,045454545454545454545
623129;1724;0,045454545454545454545
623129;2731;0,045454545454545454545
623129;131383;0,045454545454545454545
623129;192866;0,045454545454545454545
623129;193005;0,090909090909090909090
623129;398787;0,045454545454545454545
651431;980;0,500000000000000000000
651431;2684;0,500000000000000000000
653504;3235;0,166666666666666666666
653504;9832;0,333333333333333333333
653504;374246;0,500000000000000000000
665791;452;0,125000000000000000000
665791;530;0,250000000000000000000
665791;668;0,125000000000000000000
665791;754;0,250000000000000000000
665791;1129;0,250000000000000000000
671388;5526;0,500000000000000000000
671388;29376;0,500000000000000000000
693032;933;0,083333333333333333333
693032;980;0,083333333333333333333
693032;1370;0,583333333333333333333
693032;2436;0,083333333333333333333
693032;791903;0,166666666666666666666
704910;443;0,250000000000000000000
704910;1024;0,500000000000000000000
704910;8253;0,250000000000000000000
714174;191488;1,000000000000000000000
725179;428;0,750000000000000000000
725179;3548;0,250000000000000000000
728154;649;0,764705882352941176470
728154;1717;0,176470588235294117647
728154;2073;0,058823529411764705882
743909;396;0,166666666666666666666
743909;904;0,500000000000000000000
743909;945;0,333333333333333333333
744732;520;0,153846153846153846153
744732;1182;0,384615384615384615384
744732;2306;0,076923076923076923076
744732;8442;0,307692307692307692307
744732;160268;0,076923076923076923076
747808;179;0,111111111111111111111
747808;1079;0,222222222222222222222
747808;1552;0,111111111111111111111
747808;7598;0,111111111111111111111
747808;7626;0,111111111111111111111
747808;13799;0,111111111111111111111
747808;26347;0,111111111111111111111
747808;98068;0,111111111111111111111
767229;2375;1,000000000000000000000
771844;1101;1,000000000000000000000
791903;281;0,066666666666666666666
791903;876;0,066666666666666666666
791903;1129;0,066666666666666666666
791903;1370;0,333333333333333333333
791903;23720;0,133333333333333333333
791903;693032;0,333333333333333333333
823709;5628;0,500000000000000000000
823709;323416;0,500000000000000000000
906176;71;0,125000000000000000000
906176;695;0,125000000000000000000
906176;1169;0,250000000000000000000
906176;3523;0,250000000000000000000
906176;366089;0,125000000000000000000
906176;940328;0,125000000000000000000
931417;232;0,200000000000000000000
931417;437;0,100000000000000000000
931417;1562;0,100000000000000000000
931417;1608;0,100000000000000000000
931417;1766;0,100000000000000000000
931417;1883;0,100000000000000000000
931417;1906;0,100000000000000000000
931417;2470;0,100000000000000000000
931417;9951;0,100000000000000000000
940328;3523;0,250000000000000000000
940328;906176;0,750000000000000000000
965643;2991;1,000000000000000000000
985164;1866;1,000000000000000000000
1022270;2596;0,333333333333333333333
1022270;17248;0,666666666666666666666
1036379;628;0,030303030303030303030
1036379;1940;0,393939393939393939393
1036379;349041;0,575757575757575757575
1048032;796;0,125000000000000000000
1048032;1806;0,125000000000000000000
1048032;2296;0,125000000000000000000
1048032;2396;0,125000000000000000000
1048032;2429;0,125000000000000000000
1048032;4719;0,375000000000000000000
1048958;2500;0,500000000000000000000
1048958;4020;0,500000000000000000000
1051510;43;0,047619047619047619047
1051510;109;0,047619047619047619047
1051510;138;0,047619047619047619047
1051510;475;0,190476190476190476190
1051510;761;0,095238095238095238095
1051510;826;0,047619047619047619047
1051510;1096;0,047619047619047619047
1051510;1142;0,047619047619047619047
1051510;1169;0,238095238095238095238
1051510;59745;0,095238095238095238095
1051510;366089;0,047619047619047619047
1051510;408414;0,047619047619047619047
1056888;11;0,500000000000000000000
1056888;85;0,500000000000000000000
1058833;198;0,022058823529411764705
1058833;978;0,191176470588235294117
1058833;1501;0,022058823529411764705
1058833;2210;0,073529411764705882352
1058833;2278;0,014705882352941176470
1058833;4268;0,058823529411764705882
1058833;4860;0,022058823529411764705
1058833;6994;0,066176470588235294117
1058833;6997;0,058823529411764705882
1058833;9150;0,007352941176470588235
1058833;9356;0,279411764705882352941
1058833;9924;0,022058823529411764705
1058833;28826;0,154411764705882352941
1058833;157662;0,007352941176470588235
1063091;934;0,333333333333333333333
1063091;1692;0,666666666666666666666
1064740;41776;1,000000000000000000000
1071327;263;0,111111111111111111111
1071327;5638;0,111111111111111111111
1071327;622466;0,111111111111111111111
1071327;758567;0,111111111111111111111
1071327;1060716;0,111111111111111111111
1071327;1071567;0,111111111111111111111
1071327;1075127;0,111111111111111111111
1071327;1080537;0,111111111111111111111
1071327;1098045;0,111111111111111111111
1075127;1439;1,000000000000000000000
1077510;1949;1,000000000000000000000
1080816;829;0,500000000000000000000
1080816;431565;0,500000000000000000000
1084196;77;0,333333333333333333333
1084196;749;0,333333333333333333333
1084196;1939;0,333333333333333333333
1086504;54;0,333333333333333333333
1086504;2792;0,666666666666666666666
1091569;5363;1,000000000000000000000
1096171;66;1,000000000000000000000
