7;7585;1,000000000000000000000
9;8623;1,000000000000000000000
17;523;0,500000000000000000000
17;2133;0,500000000000000000000
39;649;0,333333333333333333333
39;8350;0,333333333333333333333
39;8985;0,333333333333333333333
48;4831;1,000000000000000000000
54;256;0,103448275862068965517
54;527;0,034482758620689655172
54;995;0,241379310344827586206
54;1116;0,034482758620689655172
54;1225;0,034482758620689655172
54;1891;0,172413793103448275862
54;2792;0,068965517241379310344
54;2991;0,034482758620689655172
54;3619;0,034482758620689655172
54;4020;0,034482758620689655172
54;4150;0,034482758620689655172
54;5149;0,068965517241379310344
54;12698;0,103448275862068965517
57;1948;0,500000000000000000000
57;237945;0,500000000000000000000
65;475;0,076923076923076923076
65;1122;0,076923076923076923076
65;1286;0,153846153846153846153
65;1754;0,230769230769230769230
65;2064;0,153846153846153846153
65;4274;0,076923076923076923076
65;112062;0,076923076923076923076
65;333184;0,153846153846153846153
71;360;0,500000000000000000000
71;854;0,500000000000000000000
77;622;0,500000000000000000000
77;6320;0,500000000000000000000
80;502;0,333333333333333333333
80;531;0,333333333333333333333
80;668;0,333333333333333333333
90;826;0,166666666666666666666
90;4262;0,166666666666666666666
90;9393;0,166666666666666666666
90;57838;0,333333333333333333333
90;151009;0,166666666666666666666
96;122;0,100000000000000000000
96;261;0,200000000000000000000
96;283;0,200000000000000000000
96;1988;0,100000000000000000000
96;31343;0,200000000000000000000
96;283638;0,200000000000000000000
101;1591;0,200000000000000000000
101;1940;0,200000000000000000000
101;2515;0,200000000000000000000
101;3234;0,400000000000000000000
104;172;0,250000000000000000000
104;1498;0,500000000000000000000
104;4472;0,250000000000000000000
108;349;0,375000000000000000000
108;1340;0,250000000000000000000
108;440509;0,375000000000000000000
115;490;0,050000000000000000000
115;1210;0,025000000000000000000
115;1855;0,125000000000000000000
115;5613;0,025000000000000000000
115;6468;0,125000000000000000000
115;8818;0,175000000000000000000
115;335189;0,125000000000000000000
115;343358;0,150000000000000000000
115;383630;0,200000000000000000000
119;132;0,071428571428571428571
119;658;0,142857142857142857142
119;1374;0,071428571428571428571
119;1839;0,071428571428571428571
119;3372;0,071428571428571428571
119;4150;0,142857142857142857142
119;4744;0,142857142857142857142
119;4931;0,142857142857142857142
119;5149;0,071428571428571428571
119;9226;0,071428571428571428571
127;3748;1,000000000000000000000
132;119;0,076923076923076923076
132;550;0,153846153846153846153
132;596;0,153846153846153846153
132;658;0,076923076923076923076
132;689;0,461538461538461538461
132;1319;0,076923076923076923076
135;13;0,040000000000000000000
135;183;0,040000000000000000000
135;198;0,080000000000000000000
135;282;0,080000000000000000000
135;287;0,160000000000000000000
135;352;0,040000000000000000000
135;984;0,040000000000000000000
135;995;0,120000000000000000000
135;1117;0,040000000000000000000
135;1316;0,040000000000000000000
135;1402;0,040000000000000000000
135;2111;0,040000000000000000000
135;2850;0,040000000000000000000
135;4020;0,040000000000000000000
135;4530;0,040000000000000000000
135;5484;0,040000000000000000000
135;7577;0,040000000000000000000
135;9230;0,040000000000000000000
138;528;0,250000000000000000000
138;1169;0,250000000000000000000
138;4206;0,250000000000000000000
138;366089;0,250000000000000000000
148;296;0,333333333333333333333
148;1951;0,333333333333333333333
148;4091;0,333333333333333333333
163;104;0,250000000000000000000
163;4283;0,500000000000000000000
163;5061;0,250000000000000000000
172;104;0,153846153846153846153
172;1498;0,615384615384615384615
172;1991;0,153846153846153846153
172;59745;0,076923076923076923076
174;846;0,142857142857142857142
174;934;0,071428571428571428571
174;1064;0,071428571428571428571
174;1321;0,071428571428571428571
174;1454;0,071428571428571428571
174;3427;0,428571428571428571428
174;4518;0,071428571428571428571
174;529797;0,071428571428571428571
179;37;0,571428571428571428571
179;211;0,428571428571428571428
180;863;0,333333333333333333333
180;27557;0,666666666666666666666
181;122;0,500000000000000000000
181;2741;0,500000000000000000000
183;3033;0,200000000000000000000
183;3219;0,800000000000000000000
184;3827;0,500000000000000000000
184;381254;0,500000000000000000000
189;1082;0,083333333333333333333
189;1581;0,083333333333333333333
189;1840;0,083333333333333333333
189;3087;0,083333333333333333333
189;4576;0,083333333333333333333
189;5053;0,083333333333333333333
189;6701;0,083333333333333333333
189;7756;0,333333333333333333333
189;18622;0,083333333333333333333
192;496;0,040000000000000000000
192;1667;0,080000000000000000000
192;2037;0,040000000000000000000
192;2271;0,040000000000000000000
192;2272;0,040000000000000000000
192;2359;0,040000000000000000000
192;3296;0,040000000000000000000
192;3591;0,080000000000000000000
192;4364;0,040000000000000000000
192;4561;0,040000000000000000000
192;5214;0,040000000000000000000
192;5564;0,080000000000000000000
192;7759;0,040000000000000000000
192;7762;0,040000000000000000000
192;9413;0,040000000000000000000
192;9432;0,040000000000000000000
192;10946;0,120000000000000000000
192;13372;0,040000000000000000000
192;355594;0,040000000000000000000
192;379234;0,040000000000000000000
194;71;0,027027027027027027027
194;72;0,027027027027027027027
194;100;0,027027027027027027027
194;277;0,027027027027027027027
194;359;0,027027027027027027027
194;628;0,162162162162162162162
194;669;0,027027027027027027027
194;700;0,027027027027027027027
194;749;0,027027027027027027027
194;837;0,027027027027027027027
194;995;0,027027027027027027027
194;1754;0,189189189189189189189
194;1827;0,027027027027027027027
194;1925;0,027027027027027027027
194;1940;0,054054054054054054054
194;2561;0,027027027027027027027
194;4640;0,027027027027027027027
194;59745;0,027027027027027027027
194;349041;0,081081081081081081081
194;453859;0,081081081081081081081
194;747808;0,027027027027027027027
206;9391;1,000000000000000000000
211;179;0,400000000000000000000
211;2199;0,600000000000000000000
213;747;0,750000000000000000000
213;1637;0,083333333333333333333
213;2712;0,083333333333333333333
213;403195;0,083333333333333333333
219;2516;0,400000000000000000000
219;3515;0,400000000000000000000
219;440509;0,200000000000000000000
220;2050;1,000000000000000000000
232;19176;1,000000000000000000000
241;283;0,500000000000000000000
241;3234;0,500000000000000000000
242;1286;1,000000000000000000000
244;1096;0,200000000000000000000
244;2498;0,200000000000000000000
244;2865;0,200000000000000000000
244;6353;0,200000000000000000000
244;8975;0,200000000000000000000
246;8348;1,000000000000000000000
247;237;0,500000000000000000000
247;1779;0,250000000000000000000
247;8489;0,250000000000000000000
249;1064;0,125000000000000000000
249;1154;0,125000000000000000000
249;3344;0,125000000000000000000
249;4219;0,125000000000000000000
249;245879;0,500000000000000000000
250;2713;1,000000000000000000000
253;85;1,000000000000000000000
256;54;0,500000000000000000000
256;208;0,166666666666666666666
256;517;0,166666666666666666666
256;28970;0,166666666666666666666
261;96;0,066666666666666666666
261;237;0,266666666666666666666
261;1364;0,200000000000000000000
261;4881;0,266666666666666666666
261;5628;0,066666666666666666666
261;140175;0,066666666666666666666
261;533535;0,066666666666666666666
263;131;0,250000000000000000000
263;420;0,250000000000000000000
263;845;0,250000000000000000000
263;846;0,250000000000000000000
266;13814;1,000000000000000000000
267;2139;0,500000000000000000000
267;3459;0,500000000000000000000
273;442813;1,000000000000000000000
276;166;0,142857142857142857142
276;695;0,428571428571428571428
276;835;0,142857142857142857142
276;3395;0,142857142857142857142
276;59745;0,142857142857142857142
279;3234;0,500000000000000000000
279;7116;0,500000000000000000000
283;11;0,062500000000000000000
283;249;0,062500000000000000000
283;479;0,062500000000000000000
283;1141;0,062500000000000000000
283;2512;0,062500000000000000000
283;3473;0,125000000000000000000
283;3636;0,062500000000000000000
283;4777;0,062500000000000000000
283;5628;0,187500000000000000000
283;8489;0,062500000000000000000
283;189452;0,062500000000000000000
283;245879;0,125000000000000000000
287;14;0,666666666666666666666
287;1262;0,166666666666666666666
287;1829;0,083333333333333333333
287;2073;0,083333333333333333333
288;2678;0,250000000000000000000
288;4091;0,250000000000000000000
288;4728;0,250000000000000000000
288;5627;0,250000000000000000000
289;4380;1,000000000000000000000
290;246;0,021276595744680851063
290;271;0,021276595744680851063
290;288;0,021276595744680851063
290;294;0,021276595744680851063
290;317;0,021276595744680851063
290;545;0,021276595744680851063
290;1030;0,021276595744680851063
290;1288;0,021276595744680851063
290;1497;0,021276595744680851063
290;1696;0,021276595744680851063
290;1824;0,021276595744680851063
290;1901;0,021276595744680851063
290;1951;0,021276595744680851063
290;2337;0,021276595744680851063
290;2343;0,021276595744680851063
290;2371;0,021276595744680851063
290;2372;0,021276595744680851063
290;2678;0,021276595744680851063
290;3360;0,021276595744680851063
290;3731;0,021276595744680851063
290;3978;0,021276595744680851063
290;4657;0,021276595744680851063
290;4728;0,021276595744680851063
290;4794;0,021276595744680851063
290;5915;0,021276595744680851063
290;7968;0,021276595744680851063
290;8348;0,021276595744680851063
290;8635;0,021276595744680851063
290;9376;0,021276595744680851063
290;9992;0,021276595744680851063
290;10860;0,021276595744680851063
290;11014;0,021276595744680851063
290;12385;0,021276595744680851063
290;14652;0,021276595744680851063
290;15867;0,021276595744680851063
290;17677;0,021276595744680851063
290;17773;0,021276595744680851063
290;17789;0,021276595744680851063
290;23561;0,021276595744680851063
290;23562;0,021276595744680851063
290;23563;0,021276595744680851063
290;26101;0,021276595744680851063
290;27527;0,021276595744680851063
290;27531;0,021276595744680851063
290;27535;0,021276595744680851063
290;27537;0,021276595744680851063
290;27539;0,021276595744680851063
291;59745;0,666666666666666666666
291;659899;0,333333333333333333333
292;7;0,041666666666666666666
292;219;0,041666666666666666666
292;382;0,041666666666666666666
292;398;0,041666666666666666666
292;545;0,041666666666666666666
292;1514;0,041666666666666666666
292;1822;0,041666666666666666666
292;1824;0,041666666666666666666
292;2296;0,041666666666666666666
292;2515;0,083333333333333333333
292;2961;0,041666666666666666666
292;3360;0,041666666666666666666
292;3417;0,041666666666666666666
292;3515;0,041666666666666666666
292;3779;0,041666666666666666666
292;4379;0,041666666666666666666
292;6297;0,041666666666666666666
292;8439;0,041666666666666666666
292;11527;0,041666666666666666666
292;15682;0,041666666666666666666
292;25488;0,041666666666666666666
292;28346;0,041666666666666666666
292;28835;0,041666666666666666666
293;2512;0,333333333333333333333
293;8306;0,333333333333333333333
293;12563;0,333333333333333333333
295;667;1,000000000000000000000
296;148;0,666666666666666666666
296;3095;0,333333333333333333333
306;4576;0,750000000000000000000
306;529797;0,250000000000000000000
307;1332;0,500000000000000000000
307;1337;0,500000000000000000000
309;1948;1,000000000000000000000
310;2851;1,000000000000000000000
317;318;0,750000000000000000000
317;4728;0,250000000000000000000
320;2792;0,400000000000000000000
320;5415;0,200000000000000000000
320;7209;0,200000000000000000000
320;8912;0,200000000000000000000
324;219;0,200000000000000000000
324;440509;0,800000000000000000000
330;4094;1,000000000000000000000
332;452;0,666666666666666666666
332;1391;0,333333333333333333333
334;447;0,500000000000000000000
334;2435;0,500000000000000000000
341;742;1,000000000000000000000
349;108;0,600000000000000000000
349;1340;0,200000000000000000000
349;440509;0,200000000000000000000
352;354;0,200000000000000000000
352;356;0,200000000000000000000
352;423;0,200000000000000000000
352;15643;0,400000000000000000000
359;1945;1,000000000000000000000
375;399;0,500000000000000000000
375;403;0,500000000000000000000
379;380;1,000000000000000000000
380;379;0,111111111111111111111
380;641;0,444444444444444444444
380;1769;0,222222222222222222222
380;5464;0,111111111111111111111
380;409930;0,111111111111111111111
382;12563;1,000000000000000000000
385;1314;1,000000000000000000000
388;391;0,333333333333333333333
388;1218;0,333333333333333333333
388;6262;0,333333333333333333333
390;410;1,000000000000000000000
391;3465;1,000000000000000000000
393;1178;1,000000000000000000000
395;12563;1,000000000000000000000
396;120;0,200000000000000000000
396;410;0,400000000000000000000
396;8566;0,400000000000000000000
398;101;0,250000000000000000000
398;502;0,250000000000000000000
398;1276;0,250000000000000000000
398;12563;0,250000000000000000000
400;9340;0,800000000000000000000
400;12563;0,200000000000000000000
407;404;0,133333333333333333333
407;458;0,066666666666666666666
407;713;0,066666666666666666666
407;2585;0,066666666666666666666
407;2630;0,066666666666666666666
407;3779;0,266666666666666666666
407;5626;0,266666666666666666666
407;750852;0,066666666666666666666
410;411;0,333333333333333333333
410;412;0,333333333333333333333
410;4435;0,333333333333333333333
411;7906;1,000000000000000000000
412;7906;1,000000000000000000000
415;1517;0,200000000000000000000
415;1727;0,200000000000000000000
415;2822;0,200000000000000000000
415;8017;0,200000000000000000000
415;21112;0,200000000000000000000
419;689;0,250000000000000000000
419;1762;0,250000000000000000000
419;2694;0,500000000000000000000
420;39;0,055555555555555555555
420;42;0,222222222222222222222
420;4881;0,222222222222222222222
420;6960;0,277777777777777777777
420;494193;0,222222222222222222222
423;424;0,500000000000000000000
423;427;0,500000000000000000000
426;423;1,000000000000000000000
428;266;0,500000000000000000000
428;738;0,500000000000000000000
441;5077;1,000000000000000000000
443;29085;1,000000000000000000000
453;839;0,142857142857142857142
453;1717;0,142857142857142857142
453;4299;0,285714285714285714285
453;4432;0,142857142857142857142
453;4677;0,285714285714285714285
454;4205;1,000000000000000000000
455;3381;1,000000000000000000000
464;1085;0,333333333333333333333
464;2591;0,333333333333333333333
464;11966;0,333333333333333333333
466;6320;0,750000000000000000000
466;13265;0,250000000000000000000
472;85;0,250000000000000000000
472;984;0,750000000000000000000
474;1856;1,000000000000000000000
479;240;0,111111111111111111111
479;1171;0,444444444444444444444
479;1314;0,222222222222222222222
479;8473;0,222222222222222222222
485;320;0,500000000000000000000
485;584969;0,500000000000000000000
488;28763;1,000000000000000000000
496;466;0,071428571428571428571
496;497;0,071428571428571428571
496;2037;0,071428571428571428571
496;2359;0,071428571428571428571
496;3271;0,071428571428571428571
496;3296;0,071428571428571428571
496;3591;0,071428571428571428571
496;7759;0,142857142857142857142
496;7762;0,071428571428571428571
496;9402;0,071428571428571428571
496;9403;0,071428571428571428571
496;9413;0,071428571428571428571
496;9432;0,071428571428571428571
497;7759;1,000000000000000000000
498;12;0,057142857142857142857
498;13;0,057142857142857142857
498;24;0,028571428571428571428
498;246;0,028571428571428571428
498;404;0,028571428571428571428
498;1020;0,028571428571428571428
498;1033;0,028571428571428571428
498;1313;0,028571428571428571428
498;1482;0,028571428571428571428
498;1634;0,028571428571428571428
498;1664;0,028571428571428571428
498;1974;0,028571428571428571428
498;2216;0,028571428571428571428
498;2414;0,028571428571428571428
498;2832;0,028571428571428571428
498;3197;0,028571428571428571428
498;3473;0,028571428571428571428
498;3678;0,028571428571428571428
498;4081;0,028571428571428571428
498;4429;0,028571428571428571428
498;4570;0,028571428571428571428
498;5438;0,028571428571428571428
498;5459;0,028571428571428571428
498;5557;0,028571428571428571428
498;6554;0,028571428571428571428
498;6892;0,028571428571428571428
498;8201;0,028571428571428571428
498;8738;0,028571428571428571428
498;9489;0,028571428571428571428
498;18622;0,028571428571428571428
498;20984;0,028571428571428571428
498;28705;0,028571428571428571428
498;45711;0,028571428571428571428
502;80;0,045454545454545454545
502;219;0,068181818181818181818
502;324;0,022727272727272727272
502;379;0,022727272727272727272
502;530;0,045454545454545454545
502;531;0,022727272727272727272
502;876;0,090909090909090909090
502;1131;0,068181818181818181818
502;1248;0,045454545454545454545
502;1893;0,022727272727272727272
502;2516;0,045454545454545454545
502;2517;0,022727272727272727272
502;2518;0,022727272727272727272
502;3443;0,045454545454545454545
502;3515;0,136363636363636363636
502;3625;0,159090909090909090909
502;12333;0,022727272727272727272
502;119973;0,022727272727272727272
502;321395;0,068181818181818181818
504;416;0,250000000000000000000
504;6430;0,250000000000000000000
504;8223;0,250000000000000000000
504;119973;0,250000000000000000000
513;983;1,000000000000000000000
517;256;0,142857142857142857142
517;829;0,142857142857142857142
517;3395;0,142857142857142857142
517;5395;0,142857142857142857142
517;116140;0,285714285714285714285
517;474028;0,142857142857142857142
518;353914;1,000000000000000000000
519;2494;0,500000000000000000000
519;3317;0,500000000000000000000
520;527;0,125000000000000000000
520;1182;0,375000000000000000000
520;1778;0,125000000000000000000
520;2306;0,125000000000000000000
520;4379;0,250000000000000000000
521;3800;0,500000000000000000000
521;8156;0,500000000000000000000
523;527;1,000000000000000000000
527;496;0,111111111111111111111
527;520;0,111111111111111111111
527;613;0,111111111111111111111
527;1897;0,111111111111111111111
527;4307;0,111111111111111111111
527;4345;0,222222222222222222222
527;5093;0,111111111111111111111
527;9019;0,111111111111111111111
529;77;0,250000000000000000000
529;1234;0,500000000000000000000
529;3523;0,250000000000000000000
538;4278;0,666666666666666666666
538;440509;0,333333333333333333333
540;3103;1,000000000000000000000
543;2554;0,250000000000000000000
543;2851;0,500000000000000000000
543;5613;0,250000000000000000000
545;3189;0,250000000000000000000
545;6694;0,750000000000000000000
547;652;0,100000000000000000000
547;761;0,700000000000000000000
547;4377;0,200000000000000000000
550;132;0,193548387096774193548
550;596;0,129032258064516129032
550;658;0,129032258064516129032
550;1319;0,129032258064516129032
550;2882;0,129032258064516129032
550;3230;0,129032258064516129032
550;28602;0,032258064516129032258
550;256804;0,129032258064516129032
551;2131;1,000000000000000000000
567;420;1,000000000000000000000
571;1844;0,666666666666666666666
571;5127;0,333333333333333333333
573;1082;1,000000000000000000000
576;1265;0,166666666666666666666
576;3694;0,333333333333333333333
576;4639;0,333333333333333333333
576;12572;0,166666666666666666666
577;2195;1,000000000000000000000
588;748;1,000000000000000000000
600;3007;1,000000000000000000000
608;609;1,000000000000000000000
612;9762;0,500000000000000000000
612;389498;0,500000000000000000000
613;527;0,142857142857142857142
613;1182;0,071428571428571428571
613;1566;0,071428571428571428571
613;3877;0,142857142857142857142
613;4108;0,142857142857142857142
613;4307;0,214285714285714285714
613;8464;0,071428571428571428571
613;17248;0,071428571428571428571
613;389498;0,071428571428571428571
615;1898;0,500000000000000000000
615;4080;0,500000000000000000000
620;2434;1,000000000000000000000
621;512;0,052631578947368421052
621;611;0,052631578947368421052
621;970;0,052631578947368421052
621;1856;0,052631578947368421052
621;2029;0,052631578947368421052
621;2385;0,052631578947368421052
621;2434;0,052631578947368421052
621;3268;0,052631578947368421052
621;4380;0,052631578947368421052
621;4829;0,052631578947368421052
621;5119;0,052631578947368421052
621;5438;0,052631578947368421052
621;5439;0,052631578947368421052
621;5442;0,052631578947368421052
621;5443;0,052631578947368421052
621;5444;0,052631578947368421052
621;5445;0,052631578947368421052
621;8293;0,052631578947368421052
621;9412;0,052631578947368421052
622;2385;0,500000000000000000000
622;2435;0,250000000000000000000
622;5632;0,250000000000000000000
625;254;0,200000000000000000000
625;635;0,100000000000000000000
625;798;0,200000000000000000000
625;2302;0,200000000000000000000
625;5383;0,100000000000000000000
625;6203;0,200000000000000000000
626;625;0,333333333333333333333
626;1154;0,666666666666666666666
641;380;1,000000000000000000000
644;645;0,125000000000000000000
644;3098;0,375000000000000000000
644;4512;0,250000000000000000000
644;5338;0,125000000000000000000
644;140271;0,125000000000000000000
645;369;0,666666666666666666666
645;6518;0,333333333333333333333
648;2380;1,000000000000000000000
652;547;0,250000000000000000000
652;579;0,125000000000000000000
652;1949;0,125000000000000000000
652;2800;0,125000000000000000000
652;3164;0,125000000000000000000
652;5061;0,125000000000000000000
652;7920;0,125000000000000000000
657;485;0,500000000000000000000
657;1344;0,500000000000000000000
660;288;1,000000000000000000000
662;529;0,142857142857142857142
662;1944;0,142857142857142857142
662;78108;0,714285714285714285714
668;80;0,058823529411764705882
668;219;0,058823529411764705882
668;530;0,058823529411764705882
668;876;0,058823529411764705882
668;1116;0,058823529411764705882
668;1129;0,176470588235294117647
668;1131;0,176470588235294117647
668;1248;0,058823529411764705882
668;2516;0,058823529411764705882
668;3443;0,117647058823529411764
668;507180;0,058823529411764705882
668;642255;0,058823529411764705882
669;24;0,062500000000000000000
669;689;0,125000000000000000000
669;706;0,062500000000000000000
669;1186;0,062500000000000000000
669;1513;0,125000000000000000000
669;2223;0,187500000000000000000
669;2744;0,062500000000000000000
669;3143;0,062500000000000000000
669;5175;0,062500000000000000000
669;7968;0,062500000000000000000
669;12435;0,062500000000000000000
669;59745;0,062500000000000000000
678;277;0,333333333333333333333
678;1310;0,666666666666666666666
689;39;0,029411764705882352941
689;132;0,029411764705882352941
689;266;0,029411764705882352941
689;407;0,029411764705882352941
689;411;0,029411764705882352941
689;419;0,088235294117647058823
689;458;0,029411764705882352941
689;502;0,029411764705882352941
689;1255;0,029411764705882352941
689;1432;0,058823529411764705882
689;1697;0,058823529411764705882
689;1702;0,029411764705882352941
689;1763;0,029411764705882352941
689;1913;0,029411764705882352941
689;2515;0,058823529411764705882
689;2585;0,029411764705882352941
689;3188;0,029411764705882352941
689;3829;0,029411764705882352941
689;3859;0,029411764705882352941
689;4486;0,029411764705882352941
689;5521;0,029411764705882352941
689;5626;0,029411764705882352941
689;6372;0,029411764705882352941
689;7968;0,029411764705882352941
689;13239;0,029411764705882352941
689;25488;0,029411764705882352941
689;28557;0,029411764705882352941
689;28834;0,029411764705882352941
689;283638;0,029411764705882352941
698;2087;1,000000000000000000000
713;458;0,857142857142857142857
713;381277;0,142857142857142857142
731;15471;1,000000000000000000000
733;2910;0,090909090909090909090
733;2916;0,090909090909090909090
733;2919;0,090909090909090909090
733;2925;0,090909090909090909090
733;2929;0,090909090909090909090
733;2932;0,090909090909090909090
733;2935;0,090909090909090909090
733;2941;0,090909090909090909090
733;2948;0,090909090909090909090
733;2950;0,090909090909090909090
733;282900;0,090909090909090909090
737;3234;1,000000000000000000000
740;3153;0,250000000000000000000
740;3976;0,250000000000000000000
740;9898;0,250000000000000000000
740;27966;0,250000000000000000000
747;213;0,368421052631578947368
747;748;0,052631578947368421052
747;2734;0,052631578947368421052
747;28517;0,052631578947368421052
747;76428;0,105263157894736842105
747;81648;0,105263157894736842105
747;99942;0,052631578947368421052
747;325599;0,157894736842105263157
747;403195;0,052631578947368421052
748;747;0,266666666666666666666
748;885;0,066666666666666666666
748;2734;0,066666666666666666666
748;28517;0,066666666666666666666
748;75828;0,133333333333333333333
748;76428;0,200000000000000000000
748;81163;0,066666666666666666666
748;81648;0,066666666666666666666
748;99942;0,066666666666666666666
749;1118;0,125000000000000000000
749;1939;0,125000000000000000000
749;2054;0,750000000000000000000
750;3401;0,500000000000000000000
750;6812;0,250000000000000000000
750;343424;0,250000000000000000000
752;1632;1,000000000000000000000
758;3289;1,000000000000000000000
761;547;0,555555555555555555555
761;4225;0,333333333333333333333
761;8000;0,111111111111111111111
763;28970;1,000000000000000000000
765;518;0,333333333333333333333
765;1684;0,333333333333333333333
765;3158;0,333333333333333333333
766;2046;1,000000000000000000000
768;475;0,333333333333333333333
768;4299;0,666666666666666666666
771;2464;1,000000000000000000000
772;1717;1,000000000000000000000
777;937;1,000000000000000000000
778;3178;0,500000000000000000000
778;119973;0,500000000000000000000
784;3294;0,333333333333333333333
784;5643;0,666666666666666666666
787;36;0,400000000000000000000
787;285;0,400000000000000000000
787;4398;0,200000000000000000000
794;1596;0,250000000000000000000
794;5440;0,250000000000000000000
794;7132;0,250000000000000000000
794;7866;0,250000000000000000000
802;3234;1,000000000000000000000
805;5626;0,200000000000000000000
805;8566;0,200000000000000000000
805;13187;0,200000000000000000000
805;20216;0,200000000000000000000
805;353698;0,200000000000000000000
808;9722;1,000000000000000000000
815;6234;1,000000000000000000000
817;351;0,125000000000000000000
817;10602;0,125000000000000000000
817;17276;0,125000000000000000000
817;54879;0,125000000000000000000
817;276780;0,125000000000000000000
817;440509;0,375000000000000000000
819;452;0,083333333333333333333
819;531;0,250000000000000000000
819;1116;0,500000000000000000000
819;1745;0,166666666666666666666
822;4434;0,500000000000000000000
822;9686;0,500000000000000000000
827;3098;0,500000000000000000000
827;6504;0,500000000000000000000
828;285;1,000000000000000000000
835;4159;0,333333333333333333333
835;5136;0,333333333333333333333
835;6504;0,333333333333333333333
839;172;0,200000000000000000000
839;1498;0,600000000000000000000
839;4472;0,200000000000000000000
841;3142;1,000000000000000000000
844;360;0,117647058823529411764
844;1855;0,117647058823529411764
844;2015;0,235294117647058823529
844;3567;0,529411764705882352941
845;420;0,041666666666666666666
845;846;0,041666666666666666666
845;982;0,041666666666666666666
845;1041;0,208333333333333333333
845;1263;0,125000000000000000000
845;1724;0,125000000000000000000
845;2731;0,041666666666666666666
845;10020;0,083333333333333333333
845;59841;0,041666666666666666666
845;131383;0,083333333333333333333
845;219164;0,041666666666666666666
845;398787;0,083333333333333333333
845;623129;0,041666666666666666666
846;174;0,030303030303030303030
846;277;0,030303030303030303030
846;283;0,030303030303030303030
846;296;0,030303030303030303030
846;845;0,030303030303030303030
846;904;0,060606060606060606060
846;1152;0,030303030303030303030
846;1437;0,121212121212121212121
846;2435;0,030303030303030303030
846;2697;0,030303030303030303030
846;2744;0,030303030303030303030
846;2834;0,030303030303030303030
846;2863;0,030303030303030303030
846;3123;0,030303030303030303030
846;3256;0,030303030303030303030
846;3427;0,030303030303030303030
846;3636;0,030303030303030303030
846;3683;0,030303030303030303030
846;4777;0,060606060606060606060
846;5149;0,030303030303030303030
846;5638;0,030303030303030303030
846;7975;0,030303030303030303030
846;8715;0,030303030303030303030
846;192866;0,121212121212121212121
846;623129;0,030303030303030303030
853;1458;0,500000000000000000000
853;5700;0,500000000000000000000
854;990;0,200000000000000000000
854;9090;0,200000000000000000000
854;16660;0,200000000000000000000
854;28528;0,400000000000000000000
855;1843;0,250000000000000000000
855;1949;0,250000000000000000000
855;2851;0,250000000000000000000
855;4355;0,250000000000000000000
860;1988;1,000000000000000000000
861;1570;0,090909090909090909090
861;1583;0,090909090909090909090
861;1678;0,090909090909090909090
861;2139;0,090909090909090909090
861;2398;0,090909090909090909090
861;3045;0,454545454545454545454
861;9691;0,090909090909090909090
869;1765;0,250000000000000000000
869;2569;0,250000000000000000000
869;7906;0,500000000000000000000
877;524;0,250000000000000000000
877;887;0,250000000000000000000
877;1044;0,250000000000000000000
877;525330;0,250000000000000000000
883;4765;0,500000000000000000000
883;5513;0,500000000000000000000
885;748;0,666666666666666666666
885;94073;0,333333333333333333333
887;877;0,666666666666666666666
887;3394;0,333333333333333333333
890;1231;1,000000000000000000000
899;28152;1,000000000000000000000
904;846;0,500000000000000000000
904;945;0,166666666666666666666
904;3053;0,166666666666666666666
904;119973;0,166666666666666666666
911;4262;1,000000000000000000000
918;351;0,166666666666666666666
918;4803;0,166666666666666666666
918;54879;0,500000000000000000000
918;440509;0,166666666666666666666
925;10491;1,000000000000000000000
933;1391;1,000000000000000000000
943;3683;1,000000000000000000000
945;283;0,047619047619047619047
945;296;0,047619047619047619047
945;388;0,047619047619047619047
945;391;0,047619047619047619047
945;719;0,047619047619047619047
945;1135;0,047619047619047619047
945;1140;0,047619047619047619047
945;2140;0,047619047619047619047
945;2489;0,047619047619047619047
945;3085;0,047619047619047619047
945;3095;0,095238095238095238095
945;3123;0,047619047619047619047
945;3256;0,047619047619047619047
945;3427;0,047619047619047619047
945;3683;0,047619047619047619047
945;5149;0,047619047619047619047
945;14481;0,047619047619047619047
945;17282;0,047619047619047619047
945;20476;0,047619047619047619047
945;41776;0,047619047619047619047
955;4681;1,000000000000000000000
960;911;0,047619047619047619047
960;1401;0,047619047619047619047
960;1744;0,047619047619047619047
960;2280;0,047619047619047619047
960;3142;0,047619047619047619047
960;3414;0,047619047619047619047
960;4240;0,047619047619047619047
960;4262;0,047619047619047619047
960;4491;0,047619047619047619047
960;4715;0,047619047619047619047
960;4758;0,047619047619047619047
960;5530;0,047619047619047619047
960;5691;0,095238095238095238095
960;6604;0,047619047619047619047
960;7221;0,047619047619047619047
960;7301;0,047619047619047619047
960;8723;0,047619047619047619047
960;9184;0,047619047619047619047
960;9409;0,047619047619047619047
960;9806;0,047619047619047619047
965;2147;0,500000000000000000000
965;5144;0,500000000000000000000
970;621;0,125000000000000000000
970;622;0,125000000000000000000
970;1286;0,125000000000000000000
970;7650;0,125000000000000000000
970;13265;0,500000000000000000000
972;11;0,500000000000000000000
972;4890;0,500000000000000000000
977;866;0,500000000000000000000
977;5691;0,250000000000000000000
977;9184;0,250000000000000000000
980;113;0,750000000000000000000
980;1277;0,250000000000000000000
982;623129;1,000000000000000000000
983;138;0,027027027027027027027
983;155;0,027027027027027027027
983;161;0,027027027027027027027
983;194;0,027027027027027027027
983;427;0,027027027027027027027
983;454;0,027027027027027027027
983;498;0,027027027027027027027
983;513;0,027027027027027027027
983;588;0,027027027027027027027
983;695;0,027027027027027027027
983;920;0,027027027027027027027
983;1118;0,027027027027027027027
983;1122;0,027027027027027027027
983;1364;0,027027027027027027027
983;1841;0,027027027027027027027
983;2302;0,027027027027027027027
983;2445;0,027027027027027027027
983;2504;0,027027027027027027027
983;2544;0,027027027027027027027
983;2744;0,027027027027027027027
983;2823;0,027027027027027027027
983;3233;0,027027027027027027027
983;4004;0,027027027027027027027
983;4205;0,027027027027027027027
983;4206;0,027027027027027027027
983;4553;0,054054054054054054054
983;4627;0,027027027027027027027
983;4821;0,027027027027027027027
983;4906;0,027027027027027027027
983;9693;0,027027027027027027027
983;21697;0,135135135135135135135
983;27848;0,027027027027027027027
984;135;0,133333333333333333333
984;472;0,333333333333333333333
984;1917;0,200000000000000000000
984;3528;0,266666666666666666666
984;4553;0,066666666666666666666
990;853;0,500000000000000000000
990;4538;0,500000000000000000000
993;444;1,000000000000000000000
995;54;0,350000000000000000000
995;362;0,050000000000000000000
995;521;0,050000000000000000000
995;1891;0,100000000000000000000
995;1949;0,100000000000000000000
995;2728;0,050000000000000000000
995;3983;0,050000000000000000000
995;4091;0,050000000000000000000
995;6048;0,050000000000000000000
995;7215;0,100000000000000000000
995;8156;0,050000000000000000000
997;3940;0,500000000000000000000
997;6267;0,500000000000000000000
1004;6892;1,000000000000000000000
1010;1018;0,250000000000000000000
1010;3809;0,500000000000000000000
1010;393418;0,250000000000000000000
1014;1608;0,500000000000000000000
1014;9951;0,500000000000000000000
1018;6461;1,000000000000000000000
1022;1657;1,000000000000000000000
1024;28752;1,000000000000000000000
1033;1639;1,000000000000000000000
1034;2302;1,000000000000000000000
1037;13769;1,000000000000000000000
1040;6554;0,666666666666666666666
1040;27848;0,333333333333333333333
1041;845;0,172413793103448275862
1041;982;0,344827586206896551724
1041;1263;0,068965517241379310344
1041;1724;0,034482758620689655172
1041;2287;0,103448275862068965517
1041;2422;0,068965517241379310344
1041;2972;0,034482758620689655172
1041;16497;0,034482758620689655172
1041;26251;0,034482758620689655172
1041;193005;0,034482758620689655172
1041;336640;0,034482758620689655172
1041;767166;0,034482758620689655172
1042;1220;0,166666666666666666666
1042;1771;0,166666666666666666666
1042;1942;0,166666666666666666666
1042;2424;0,166666666666666666666
1042;3235;0,166666666666666666666
1042;41776;0,166666666666666666666
1044;877;1,000000000000000000000
1046;408414;1,000000000000000000000
1048;3045;1,000000000000000000000
1053;1949;1,000000000000000000000
1058;833;0,111111111111111111111
1058;1236;0,111111111111111111111
1058;1512;0,222222222222222222222
1058;2204;0,111111111111111111111
1058;3188;0,111111111111111111111
1058;10682;0,111111111111111111111
1058;48255;0,111111111111111111111
1058;98068;0,111111111111111111111
1060;3271;1,000000000000000000000
1064;174;0,266666666666666666666
1064;249;0,133333333333333333333
1064;1321;0,200000000000000000000
1064;1563;0,133333333333333333333
1064;3427;0,266666666666666666666
1069;2961;1,000000000000000000000
1076;4442;1,000000000000000000000
1077;1020;0,500000000000000000000
1077;5921;0,500000000000000000000
1082;38;0,066666666666666666666
1082;189;0,066666666666666666666
1082;573;0,066666666666666666666
1082;609;0,133333333333333333333
1082;891;0,066666666666666666666
1082;1854;0,066666666666666666666
1082;2433;0,066666666666666666666
1082;4372;0,066666666666666666666
1082;6461;0,066666666666666666666
1082;7756;0,133333333333333333333
1082;12755;0,066666666666666666666
1082;13899;0,066666666666666666666
1082;19402;0,066666666666666666666
1085;1065;0,066666666666666666666
1085;2375;0,066666666666666666666
1085;2435;0,066666666666666666666
1085;2591;0,133333333333333333333
1085;3610;0,133333333333333333333
1085;5626;0,066666666666666666666
1085;8756;0,133333333333333333333
1085;9296;0,333333333333333333333
1094;1164;0,400000000000000000000
1094;38738;0,600000000000000000000
1101;2046;1,000000000000000000000
1117;8253;0,500000000000000000000
1117;12591;0,500000000000000000000
1121;285;0,062500000000000000000
1121;521;0,062500000000000000000
1121;2147;0,437500000000000000000
1121;2271;0,062500000000000000000
1121;2779;0,062500000000000000000
1121;3095;0,062500000000000000000
1121;3158;0,062500000000000000000
1121;3998;0,062500000000000000000
1121;6581;0,062500000000000000000
1121;10169;0,062500000000000000000
1123;9615;1,000000000000000000000
1124;725179;1,000000000000000000000
1131;80;0,125000000000000000000
1131;668;0,125000000000000000000
1131;876;0,250000000000000000000
1131;321395;0,125000000000000000000
1131;440509;0,250000000000000000000
1131;642255;0,125000000000000000000
1133;2362;1,000000000000000000000
1135;1596;0,500000000000000000000
1135;1606;0,500000000000000000000
1140;5591;1,000000000000000000000
1141;283;0,200000000000000000000
1141;2145;0,200000000000000000000
1141;2293;0,200000000000000000000
1141;5628;0,400000000000000000000
1142;4513;1,000000000000000000000
1143;644;0,222222222222222222222
1143;645;0,111111111111111111111
1143;2109;0,111111111111111111111
1143;5338;0,111111111111111111111
1143;6514;0,111111111111111111111
1143;6527;0,222222222222222222222
1143;9968;0,111111111111111111111
1149;937;0,500000000000000000000
1149;5430;0,500000000000000000000
1150;2054;1,000000000000000000000
1152;846;1,000000000000000000000
1154;249;0,166666666666666666666
1154;2293;0,166666666666666666666
1154;2302;0,166666666666666666666
1154;8363;0,166666666666666666666
1154;12775;0,333333333333333333333
1160;1391;0,062500000000000000000
1160;1513;0,312500000000000000000
1160;1696;0,062500000000000000000
1160;3158;0,062500000000000000000
1160;3656;0,062500000000000000000
1160;6151;0,062500000000000000000
1160;6347;0,062500000000000000000
1160;41565;0,062500000000000000000
1160;283638;0,187500000000000000000
1160;353698;0,062500000000000000000
1164;1094;1,000000000000000000000
1165;105800;1,000000000000000000000
1167;1014;1,000000000000000000000
1169;71;0,053571428571428571428
1169;100;0,053571428571428571428
1169;138;0,053571428571428571428
1169;276;0,053571428571428571428
1169;695;0,053571428571428571428
1169;1939;0,008928571428571428571
1169;1942;0,053571428571428571428
1169;1943;0,053571428571428571428
1169;1944;0,053571428571428571428
1169;1945;0,053571428571428571428
1169;1946;0,053571428571428571428
1169;3523;0,053571428571428571428
1169;4206;0,008928571428571428571
1169;4512;0,053571428571428571428
1169;13537;0,053571428571428571428
1169;41776;0,053571428571428571428
1169;59745;0,071428571428571428571
1169;59841;0,017857142857142857142
1169;98841;0,053571428571428571428
1169;131383;0,053571428571428571428
1169;408414;0,008928571428571428571
1169;499117;0,026785714285714285714
1181;859;0,200000000000000000000
1181;2306;0,400000000000000000000
1181;5484;0,200000000000000000000
1181;584314;0,200000000000000000000
1196;3523;0,200000000000000000000
1196;4059;0,400000000000000000000
1196;8225;0,200000000000000000000
1196;727898;0,200000000000000000000
1198;14652;1,000000000000000000000
1206;6151;1,000000000000000000000
1210;115;0,333333333333333333333
1210;9468;0,666666666666666666666
1216;111;0,500000000000000000000
1216;2742;0,500000000000000000000
1220;1042;0,250000000000000000000
1220;1771;0,250000000000000000000
1220;2419;0,250000000000000000000
1220;20307;0,250000000000000000000
1221;21986;1,000000000000000000000
1225;12430;1,000000000000000000000
1228;1457;0,500000000000000000000
1228;2131;0,500000000000000000000
1231;890;0,600000000000000000000
1231;4695;0,200000000000000000000
1231;5519;0,200000000000000000000
1234;528;0,166666666666666666666
1234;877;0,166666666666666666666
1234;2684;0,166666666666666666666
1234;8623;0,500000000000000000000
1235;3393;1,000000000000000000000
1236;190;0,055555555555555555555
1236;407;0,055555555555555555555
1236;911;0,055555555555555555555
1236;1058;0,055555555555555555555
1236;1109;0,055555555555555555555
1236;1277;0,055555555555555555555
1236;2204;0,166666666666666666666
1236;3188;0,222222222222222222222
1236;3325;0,055555555555555555555
1236;4086;0,055555555555555555555
1236;5469;0,055555555555555555555
1236;9424;0,055555555555555555555
1236;21154;0,055555555555555555555
1237;1092;0,250000000000000000000
1237;1234;0,333333333333333333333
1237;1277;0,166666666666666666666
1237;2684;0,083333333333333333333
1237;3325;0,166666666666666666666
1250;657;0,076923076923076923076
1250;835;0,038461538461538461538
1250;859;0,076923076923076923076
1250;904;0,038461538461538461538
1250;1121;0,038461538461538461538
1250;2834;0,115384615384615384615
1250;4147;0,038461538461538461538
1250;8213;0,038461538461538461538
1250;8229;0,076923076923076923076
1250;23759;0,038461538461538461538
1250;24254;0,038461538461538461538
1250;24258;0,115384615384615384615
1250;28784;0,115384615384615384615
1250;307900;0,076923076923076923076
1250;329272;0,038461538461538461538
1250;653116;0,038461538461538461538
1254;54;0,025000000000000000000
1254;119;0,100000000000000000000
1254;533;0,025000000000000000000
1254;550;0,025000000000000000000
1254;596;0,025000000000000000000
1254;914;0,025000000000000000000
1254;1068;0,025000000000000000000
1254;1663;0,025000000000000000000
1254;1867;0,025000000000000000000
1254;2007;0,025000000000000000000
1254;2021;0,025000000000000000000
1254;2182;0,025000000000000000000
1254;2184;0,025000000000000000000
1254;2206;0,025000000000000000000
1254;2310;0,025000000000000000000
1254;3135;0,025000000000000000000
1254;3372;0,025000000000000000000
1254;3471;0,025000000000000000000
1254;3694;0,025000000000000000000
1254;4031;0,025000000000000000000
1254;4150;0,025000000000000000000
1254;4172;0,025000000000000000000
1254;5149;0,075000000000000000000
1254;5657;0,025000000000000000000
1254;5789;0,025000000000000000000
1254;6130;0,025000000000000000000
1254;6567;0,025000000000000000000
1254;9226;0,025000000000000000000
1254;12572;0,025000000000000000000
1254;15895;0,025000000000000000000
1254;28550;0,025000000000000000000
1254;189452;0,050000000000000000000
1254;190971;0,050000000000000000000
1255;560;0,142857142857142857142
1255;596;0,142857142857142857142
1255;909;0,142857142857142857142
1255;3499;0,142857142857142857142
1255;4639;0,142857142857142857142
1255;5789;0,142857142857142857142
1255;28970;0,142857142857142857142
1261;4890;1,000000000000000000000
1265;576;0,333333333333333333333
1265;4172;0,333333333333333333333
1265;28970;0,333333333333333333333
1276;4507;1,000000000000000000000
1277;135;0,071428571428571428571
1277;1058;0,035714285714285714285
1277;1116;0,035714285714285714285
1277;1234;0,107142857142857142857
1277;1235;0,107142857142857142857
1277;1236;0,107142857142857142857
1277;1237;0,035714285714285714285
1277;2111;0,035714285714285714285
1277;2684;0,035714285714285714285
1277;10188;0,285714285714285714285
1277;21154;0,071428571428571428571
1277;602536;0,071428571428571428571
1278;2;0,052631578947368421052
1278;113;0,105263157894736842105
1278;135;0,052631578947368421052
1278;287;0,052631578947368421052
1278;520;0,052631578947368421052
1278;912;0,052631578947368421052
1278;1277;0,052631578947368421052
1278;1591;0,052631578947368421052
1278;1814;0,105263157894736842105
1278;1902;0,105263157894736842105
1278;3392;0,105263157894736842105
1278;5218;0,052631578947368421052
1278;5909;0,052631578947368421052
1278;13472;0,052631578947368421052
1278;587057;0,052631578947368421052
1284;855;1,000000000000000000000
1286;65;0,181818181818181818181
1286;452;0,090909090909090909090
1286;938;0,181818181818181818181
1286;970;0,181818181818181818181
1286;3142;0,090909090909090909090
1286;7747;0,090909090909090909090
1286;13545;0,181818181818181818181
1288;2371;1,000000000000000000000
1293;13504;1,000000000000000000000
1307;2117;0,666666666666666666666
1307;4004;0,333333333333333333333
1310;678;0,333333333333333333333
1310;5289;0,666666666666666666666
1316;352;0,500000000000000000000
1316;7577;0,500000000000000000000
1319;12706;1,000000000000000000000
1321;1014;0,050000000000000000000
1321;1064;0,050000000000000000000
1321;1432;0,050000000000000000000
1321;1563;0,350000000000000000000
1321;1696;0,100000000000000000000
1321;2195;0,050000000000000000000
1321;3359;0,150000000000000000000
1321;3427;0,150000000000000000000
1321;23562;0,050000000000000000000
1322;6267;1,000000000000000000000
1327;1332;1,000000000000000000000
1331;1337;1,000000000000000000000
1335;378;1,000000000000000000000
1337;190;0,500000000000000000000
1337;1331;0,500000000000000000000
1340;349;0,090909090909090909090
1340;351;0,272727272727272727272
1340;407;0,090909090909090909090
1340;1510;0,090909090909090909090
1340;2664;0,090909090909090909090
1340;2761;0,090909090909090909090
1340;10926;0,181818181818181818181
1340;434991;0,090909090909090909090
1342;11;0,600000000000000000000
1342;283;0,400000000000000000000
1344;179346;1,000000000000000000000
1348;658;0,500000000000000000000
1348;28970;0,500000000000000000000
1364;237;0,285714285714285714285
1364;261;0,285714285714285714285
1364;983;0,285714285714285714285
1364;2133;0,142857142857142857142
1370;281;0,500000000000000000000
1370;1025;0,500000000000000000000
1374;119;0,333333333333333333333
1374;4313;0,666666666666666666666
1379;591752;1,000000000000000000000
1397;475;0,142857142857142857142
1397;1729;0,142857142857142857142
1397;1731;0,142857142857142857142
1397;5168;0,142857142857142857142
1397;6567;0,142857142857142857142
1397;13329;0,142857142857142857142
1397;499117;0,142857142857142857142
1402;1321;0,500000000000000000000
1402;529797;0,500000000000000000000
1432;689;0,500000000000000000000
1432;1321;0,166666666666666666666
1432;1482;0,166666666666666666666
1432;17549;0,166666666666666666666
1437;846;1,000000000000000000000
1439;1440;1,000000000000000000000
1440;1589;1,000000000000000000000
1444;1771;0,200000000000000000000
1444;2287;0,200000000000000000000
1444;9065;0,200000000000000000000
1444;9068;0,200000000000000000000
1444;9069;0,200000000000000000000
1445;324897;1,000000000000000000000
1451;9340;1,000000000000000000000
1454;1610;0,750000000000000000000
1454;28467;0,250000000000000000000
1455;28561;0,250000000000000000000
1455;267368;0,750000000000000000000
1457;1228;0,333333333333333333333
1457;2509;0,333333333333333333333
1457;12706;0,333333333333333333333
1464;1637;1,000000000000000000000
1468;26251;1,000000000000000000000
1473;1866;0,666666666666666666666
1473;9431;0,333333333333333333333
1478;1131;1,000000000000000000000
1479;194;0,333333333333333333333
1479;5037;0,666666666666666666666
1487;909;1,000000000000000000000
1497;288;0,500000000000000000000
1497;2678;0,500000000000000000000
1498;104;0,095238095238095238095
1498;172;0,380952380952380952380
1498;839;0,142857142857142857142
1498;2427;0,047619047619047619047
1498;3836;0,047619047619047619047
1498;4453;0,047619047619047619047
1498;4472;0,238095238095238095238
1510;108;0,333333333333333333333
1510;1340;0,333333333333333333333
1510;4954;0,111111111111111111111
1510;10926;0,111111111111111111111
1510;440509;0,111111111111111111111
1512;1058;1,000000000000000000000
1513;122;0,058823529411764705882
1513;285;0,058823529411764705882
1513;669;0,117647058823529411764
1513;1085;0,058823529411764705882
1513;1570;0,058823529411764705882
1513;1701;0,058823529411764705882
1513;1827;0,058823529411764705882
1513;2398;0,058823529411764705882
1513;2515;0,058823529411764705882
1513;2761;0,117647058823529411764
1513;2990;0,058823529411764705882
1513;3838;0,058823529411764705882
1513;6007;0,058823529411764705882
1513;6008;0,058823529411764705882
1513;13646;0,058823529411764705882
1515;1448;0,200000000000000000000
1515;4398;0,200000000000000000000
1515;4592;0,400000000000000000000
1515;13676;0,200000000000000000000
1516;336063;1,000000000000000000000
1526;4020;1,000000000000000000000
1544;2435;1,000000000000000000000
1549;1597;1,000000000000000000000
1554;793;0,600000000000000000000
1554;1845;0,400000000000000000000
1556;61;0,083333333333333333333
1556;975;0,083333333333333333333
1556;999;0,041666666666666666666
1556;1016;0,083333333333333333333
1556;2499;0,083333333333333333333
1556;3188;0,083333333333333333333
1556;5012;0,291666666666666666666
1556;5016;0,083333333333333333333
1556;8000;0,041666666666666666666
1556;8445;0,041666666666666666666
1556;347540;0,083333333333333333333
1561;1700;1,000000000000000000000
1562;1700;0,500000000000000000000
1562;4526;0,500000000000000000000
1565;812;0,125000000000000000000
1565;2470;0,125000000000000000000
1565;2890;0,500000000000000000000
1565;3395;0,250000000000000000000
1566;613;1,000000000000000000000
1570;101;0,029411764705882352941
1570;248;0,029411764705882352941
1570;250;0,029411764705882352941
1570;251;0,058823529411764705882
1570;285;0,029411764705882352941
1570;861;0,058823529411764705882
1570;1448;0,029411764705882352941
1570;1513;0,029411764705882352941
1570;1520;0,029411764705882352941
1570;1591;0,029411764705882352941
1570;2139;0,029411764705882352941
1570;2252;0,029411764705882352941
1570;2398;0,029411764705882352941
1570;2515;0,029411764705882352941
1570;3045;0,058823529411764705882
1570;3381;0,029411764705882352941
1570;3473;0,029411764705882352941
1570;3867;0,029411764705882352941
1570;3870;0,029411764705882352941
1570;3871;0,117647058823529411764
1570;3872;0,029411764705882352941
1570;3873;0,029411764705882352941
1570;4187;0,029411764705882352941
1570;4376;0,029411764705882352941
1570;4613;0,029411764705882352941
1570;6105;0,029411764705882352941
1570;7334;0,029411764705882352941
1570;216172;0,029411764705882352941
1589;39;0,142857142857142857142
1589;1439;0,285714285714285714285
1589;1440;0,428571428571428571428
1589;608895;0,142857142857142857142
1591;283;0,050000000000000000000
1591;861;0,150000000000000000000
1591;980;0,050000000000000000000
1591;2237;0,100000000000000000000
1591;2379;0,150000000000000000000
1591;3045;0,150000000000000000000
1591;3234;0,050000000000000000000
1591;3381;0,050000000000000000000
1591;4313;0,050000000000000000000
1591;4592;0,050000000000000000000
1591;7030;0,100000000000000000000
1591;10020;0,050000000000000000000
1596;1135;0,200000000000000000000
1596;2772;0,200000000000000000000
1596;5918;0,400000000000000000000
1596;9098;0,200000000000000000000
1608;437;0,166666666666666666666
1608;1014;0,166666666666666666666
1608;1563;0,166666666666666666666
1608;1883;0,166666666666666666666
1608;4245;0,166666666666666666666
1608;6940;0,166666666666666666666
1609;3768;0,200000000000000000000
1609;4085;0,400000000000000000000
1609;6940;0,400000000000000000000
1610;1454;1,000000000000000000000
1632;752;0,333333333333333333333
1632;2195;0,333333333333333333333
1632;156500;0,333333333333333333333
1637;213;0,076923076923076923076
1637;222;0,038461538461538461538
1637;411;0,038461538461538461538
1637;1154;0,038461538461538461538
1637;1464;0,076923076923076923076
1637;2091;0,038461538461538461538
1637;2712;0,307692307692307692307
1637;3518;0,038461538461538461538
1637;3633;0,038461538461538461538
1637;5083;0,038461538461538461538
1637;12775;0,038461538461538461538
1637;14826;0,076923076923076923076
1637;283638;0,076923076923076923076
1637;336640;0,038461538461538461538
1637;357817;0,038461538461538461538
1639;85;0,300000000000000000000
1639;1033;0,200000000000000000000
1639;1154;0,100000000000000000000
1639;2133;0,100000000000000000000
1639;4336;0,200000000000000000000
1639;9350;0,100000000000000000000
1644;2421;1,000000000000000000000
1650;13041;1,000000000000000000000
1657;6496;1,000000000000000000000
1663;208;1,000000000000000000000
1667;190;0,066666666666666666666
1667;192;0,133333333333333333333
1667;964;0,133333333333333333333
1667;1122;0,066666666666666666666
1667;2150;0,066666666666666666666
1667;3328;0,266666666666666666666
1667;5219;0,133333333333333333333
1667;5632;0,066666666666666666666
1667;7759;0,066666666666666666666
1676;5441;1,000000000000000000000
1678;861;0,500000000000000000000
1678;9019;0,500000000000000000000
1681;131;0,333333333333333333333
1681;420;0,333333333333333333333
1681;733;0,333333333333333333333
1689;1694;1,000000000000000000000
1693;1708;1,000000000000000000000
1694;1692;0,500000000000000000000
1694;2196;0,500000000000000000000
1696;1160;0,500000000000000000000
1696;1321;0,500000000000000000000
1697;689;0,142857142857142857142
1697;1708;0,285714285714285714285
1697;2506;0,142857142857142857142
1697;5753;0,285714285714285714285
1697;10093;0,142857142857142857142
1700;433;0,071428571428571428571
1700;1562;0,142857142857142857142
1700;1608;0,071428571428571428571
1700;1695;0,071428571428571428571
1700;2139;0,071428571428571428571
1700;3251;0,071428571428571428571
1700;4172;0,071428571428571428571
1700;4245;0,071428571428571428571
1700;4518;0,071428571428571428571
1700;7968;0,071428571428571428571
1700;9951;0,142857142857142857142
1700;283638;0,071428571428571428571
1702;689;1,000000000000000000000
1708;1693;0,333333333333333333333
1708;1754;0,666666666666666666666
1717;772;0,285714285714285714285
1717;839;0,142857142857142857142
1717;1598;0,142857142857142857142
1717;4772;0,142857142857142857142
1717;6781;0,142857142857142857142
1717;728154;0,142857142857142857142
1727;606725;1,000000000000000000000
1729;475;0,166666666666666666666
1729;1397;0,166666666666666666666
1729;1731;0,166666666666666666666
1729;6567;0,166666666666666666666
1729;13329;0,166666666666666666666
1729;499117;0,166666666666666666666
1731;20476;1,000000000000000000000
1744;9807;1,000000000000000000000
1749;8049;1,000000000000000000000
1754;39;0,026315789473684210526
1754;65;0,039473684210526315789
1754;194;0,013157894736842105263
1754;309;0,013157894736842105263
1754;322;0,013157894736842105263
1754;472;0,039473684210526315789
1754;520;0,013157894736842105263
1754;695;0,013157894736842105263
1754;700;0,013157894736842105263
1754;748;0,052631578947368421052
1754;1286;0,039473684210526315789
1754;1663;0,026315789473684210526
1754;1678;0,013157894736842105263
1754;1708;0,078947368421052631578
1754;1762;0,039473684210526315789
1754;2021;0,039473684210526315789
1754;2188;0,013157894736842105263
1754;2844;0,026315789473684210526
1754;4613;0,039473684210526315789
1754;4991;0,052631578947368421052
1754;6721;0,013157894736842105263
1754;7215;0,039473684210526315789
1754;7630;0,026315789473684210526
1754;8910;0,026315789473684210526
1754;27478;0,013157894736842105263
1754;335189;0,013157894736842105263
1754;393418;0,026315789473684210526
1754;453859;0,013157894736842105263
1754;747808;0,223684210526315789473
1763;689;1,000000000000000000000
1765;869;0,600000000000000000000
1765;7906;0,200000000000000000000
1765;440509;0,200000000000000000000
1771;1042;0,052631578947368421052
1771;1220;0,078947368421052631578
1771;1444;0,052631578947368421052
1771;2275;0,105263157894736842105
1771;2287;0,052631578947368421052
1771;2420;0,052631578947368421052
1771;6918;0,078947368421052631578
1771;8820;0,052631578947368421052
1771;9065;0,052631578947368421052
1771;9066;0,052631578947368421052
1771;9067;0,052631578947368421052
1771;9068;0,052631578947368421052
1771;9069;0,052631578947368421052
1771;25205;0,026315789473684210526
1771;27478;0,026315789473684210526
1771;27810;0,078947368421052631578
1771;28202;0,052631578947368421052
1771;453859;0,026315789473684210526
1778;520;1,000000000000000000000
1779;7142;1,000000000000000000000
1785;10338;1,000000000000000000000
1814;3392;1,000000000000000000000
1822;5852;1,000000000000000000000
1831;9832;0,333333333333333333333
1831;38738;0,666666666666666666666
1839;119;1,000000000000000000000
1840;71;0,333333333333333333333
1840;7756;0,666666666666666666666
1843;855;0,500000000000000000000
1843;4355;0,500000000000000000000
1844;571;1,000000000000000000000
1850;538;0,250000000000000000000
1850;3362;0,250000000000000000000
1850;28580;0,500000000000000000000
1853;3189;0,250000000000000000000
1853;37814;0,500000000000000000000
1853;76428;0,250000000000000000000
1854;1082;0,333333333333333333333
1854;19402;0,666666666666666666666
1855;115;0,750000000000000000000
1855;844;0,250000000000000000000
1864;115;0,034482758620689655172
1864;475;0,103448275862068965517
1864;477;0,034482758620689655172
1864;490;0,034482758620689655172
1864;652;0,034482758620689655172
1864;885;0,034482758620689655172
1864;988;0,034482758620689655172
1864;1120;0,034482758620689655172
1864;1210;0,034482758620689655172
1864;1843;0,034482758620689655172
1864;1949;0,034482758620689655172
1864;2198;0,034482758620689655172
1864;2884;0,034482758620689655172
1864;3532;0,034482758620689655172
1864;3567;0,034482758620689655172
1864;3815;0,034482758620689655172
1864;3891;0,034482758620689655172
1864;4355;0,034482758620689655172
1864;5083;0,034482758620689655172
1864;5521;0,034482758620689655172
1864;9360;0,034482758620689655172
1864;9468;0,034482758620689655172
1864;13178;0,034482758620689655172
1864;13907;0,034482758620689655172
1864;50332;0,034482758620689655172
1864;50959;0,034482758620689655172
1864;499117;0,034482758620689655172
1866;521;0,071428571428571428571
1866;1473;0,071428571428571428571
1866;2149;0,142857142857142857142
1866;3033;0,428571428571428571428
1866;3680;0,071428571428571428571
1866;4237;0,071428571428571428571
1866;5626;0,071428571428571428571
1866;8156;0,071428571428571428571
1873;1156;1,000000000000000000000
1877;2433;1,000000000000000000000
1887;1567;1,000000000000000000000
1889;2661;0,333333333333333333333
1889;2713;0,666666666666666666666
1891;54;0,333333333333333333333
1891;995;0,333333333333333333333
1891;54440;0,333333333333333333333
1893;904;0,500000000000000000000
1893;119973;0,500000000000000000000
1897;527;0,187500000000000000000
1897;528;0,062500000000000000000
1897;975;0,062500000000000000000
1897;3548;0,312500000000000000000
1897;3998;0,062500000000000000000
1897;78108;0,187500000000000000000
1897;725179;0,125000000000000000000
1898;1342;0,666666666666666666666
1898;4747;0,333333333333333333333
1902;5610;0,333333333333333333333
1902;5909;0,333333333333333333333
1902;14048;0,333333333333333333333
1912;13074;0,666666666666666666666
1912;19582;0,333333333333333333333
1913;1352;1,000000000000000000000
1917;85;0,400000000000000000000
1917;984;0,600000000000000000000
1940;101;0,666666666666666666666
1940;194;0,333333333333333333333
1942;1340;1,000000000000000000000
1945;360;1,000000000000000000000
1946;127;0,076923076923076923076
1946;904;0,076923076923076923076
1946;1692;0,076923076923076923076
1946;2277;0,153846153846153846153
1946;2825;0,076923076923076923076
1946;2991;0,076923076923076923076
1946;3842;0,153846153846153846153
1946;6433;0,076923076923076923076
1946;15643;0,076923076923076923076
1946;41776;0,076923076923076923076
1946;743909;0,076923076923076923076
1948;57;0,250000000000000000000
1948;309;0,250000000000000000000
1948;2355;0,250000000000000000000
1948;3399;0,250000000000000000000
1949;115;0,035714285714285714285
1949;579;0,035714285714285714285
1949;652;0,035714285714285714285
1949;988;0,035714285714285714285
1949;1053;0,071428571428571428571
1949;1956;0,035714285714285714285
1949;2440;0,035714285714285714285
1949;3164;0,035714285714285714285
1949;3480;0,035714285714285714285
1949;3815;0,035714285714285714285
1949;4102;0,071428571428571428571
1949;4377;0,035714285714285714285
1949;4933;0,071428571428571428571
1949;5172;0,035714285714285714285
1949;5350;0,035714285714285714285
1949;5856;0,035714285714285714285
1949;6557;0,035714285714285714285
1949;7920;0,035714285714285714285
1949;12577;0,035714285714285714285
1949;13907;0,035714285714285714285
1949;17727;0,035714285714285714285
1949;22880;0,035714285714285714285
1949;24837;0,035714285714285714285
1949;24838;0,035714285714285714285
1949;367451;0,035714285714285714285
1988;615;0,100000000000000000000
1988;860;0,200000000000000000000
1988;4881;0,700000000000000000000
1991;172;0,333333333333333333333
1991;999;0,166666666666666666666
1991;2239;0,333333333333333333333
1991;4361;0,166666666666666666666
1996;8985;1,000000000000000000000
2005;349;0,500000000000000000000
2005;28464;0,500000000000000000000
2015;844;0,600000000000000000000
2015;3891;0,400000000000000000000
2017;1109;1,000000000000000000000
2021;5149;1,000000000000000000000
2023;15895;1,000000000000000000000
2041;7586;1,000000000000000000000
2046;766;0,333333333333333333333
2046;1101;0,333333333333333333333
2046;728154;0,333333333333333333333
2064;65;0,250000000000000000000
2064;9395;0,250000000000000000000
2064;333184;0,500000000000000000000
2087;3392;1,000000000000000000000
2099;3802;1,000000000000000000000
2111;1235;0,333333333333333333333
2111;602536;0,666666666666666666666
2117;306;0,166666666666666666666
2117;1307;0,666666666666666666666
2117;2851;0,166666666666666666666
2130;4821;0,125000000000000000000
2130;13367;0,125000000000000000000
2130;24460;0,125000000000000000000
2130;373782;0,625000000000000000000
2137;5626;1,000000000000000000000
2139;85;0,200000000000000000000
2139;861;0,200000000000000000000
2139;1700;0,200000000000000000000
2139;2293;0,200000000000000000000
2139;3234;0,200000000000000000000
2140;6000;0,500000000000000000000
2140;7072;0,500000000000000000000
2145;1141;0,500000000000000000000
2145;2293;0,500000000000000000000
2146;2214;1,000000000000000000000
2147;407;0,090909090909090909090
2147;524;0,090909090909090909090
2147;622;0,363636363636363636363
2147;2216;0,090909090909090909090
2147;2385;0,090909090909090909090
2147;5632;0,090909090909090909090
2147;7759;0,181818181818181818181
2148;682;1,000000000000000000000
2149;1866;1,000000000000000000000
2156;970;1,000000000000000000000
2164;1111;0,666666666666666666666
2164;2244;0,333333333333333333333
2181;28970;1,000000000000000000000
2191;1096;0,500000000000000000000
2191;3143;0,500000000000000000000
2195;1321;0,333333333333333333333
2195;7994;0,333333333333333333333
2195;529797;0,333333333333333333333
2196;1402;0,166666666666666666666
2196;1455;0,166666666666666666666
2196;1694;0,500000000000000000000
2196;1695;0,166666666666666666666
2198;652;0,095238095238095238095
2198;1956;0,047619047619047619047
2198;3164;0,142857142857142857142
2198;4179;0,047619047619047619047
2198;5089;0,047619047619047619047
2198;10640;0,380952380952380952380
2198;12577;0,238095238095238095238
2199;211;0,666666666666666666666
2199;2704;0,333333333333333333333
2200;1596;0,500000000000000000000
2200;4268;0,500000000000000000000
2210;2015;1,000000000000000000000
2216;2147;0,500000000000000000000
2216;7759;0,500000000000000000000
2223;3158;1,000000000000000000000
2237;1591;1,000000000000000000000
2239;1991;0,800000000000000000000
2239;2578;0,200000000000000000000
2254;2195;1,000000000000000000000
2269;237;0,250000000000000000000
2269;2742;0,750000000000000000000
2271;1122;0,333333333333333333333
2271;2147;0,333333333333333333333
2271;13360;0,333333333333333333333
2272;496;0,333333333333333333333
2272;5219;0,333333333333333333333
2272;10946;0,333333333333333333333
2275;1771;0,375000000000000000000
2275;5092;0,250000000000000000000
2275;11369;0,125000000000000000000
2275;27478;0,250000000000000000000
2277;5354;1,000000000000000000000
2287;240;0,066666666666666666666
2287;475;0,066666666666666666666
2287;1041;0,133333333333333333333
2287;2422;0,066666666666666666666
2287;6765;0,066666666666666666666
2287;9674;0,066666666666666666666
2287;10298;0,066666666666666666666
2287;16994;0,066666666666666666666
2287;25205;0,066666666666666666666
2287;25227;0,066666666666666666666
2287;25229;0,066666666666666666666
2287;25230;0,066666666666666666666
2287;383067;0,066666666666666666666
2287;383069;0,066666666666666666666
2293;122;0,166666666666666666666
2293;237;0,166666666666666666666
2293;1154;0,166666666666666666666
2293;2145;0,166666666666666666666
2293;3219;0,166666666666666666666
2293;5628;0,166666666666666666666
2318;3083;1,000000000000000000000
2322;5915;1,000000000000000000000
2343;296;1,000000000000000000000
2352;3815;1,000000000000000000000
2355;71;0,142857142857142857142
2355;827;0,142857142857142857142
2355;3098;0,285714285714285714285
2355;3237;0,142857142857142857142
2355;3399;0,142857142857142857142
2355;4853;0,142857142857142857142
2364;431565;1,000000000000000000000
2371;1288;1,000000000000000000000
2374;689;0,333333333333333333333
2374;8465;0,666666666666666666666
2379;861;0,043478260869565217391
2379;1591;0,173913043478260869565
2379;2714;0,304347826086956521739
2379;3234;0,391304347826086956521
2379;3473;0,086956521739130434782
2380;648;1,000000000000000000000
2385;622;0,500000000000000000000
2385;2147;0,500000000000000000000
2388;353914;1,000000000000000000000
2398;861;1,000000000000000000000
2419;1220;0,666666666666666666666
2419;1771;0,333333333333333333333
2421;2893;0,333333333333333333333
2421;27175;0,666666666666666666666
2422;1041;0,333333333333333333333
2422;2287;0,333333333333333333333
2422;5380;0,333333333333333333333
2424;1042;0,500000000000000000000
2424;16497;0,500000000000000000000
2425;8205;0,500000000000000000000
2425;11369;0,500000000000000000000
2427;1498;1,000000000000000000000
2428;447;0,666666666666666666666
2428;4293;0,333333333333333333333
2434;419;1,000000000000000000000
2438;5506;1,000000000000000000000
2440;7920;1,000000000000000000000
2445;983;0,200000000000000000000
2445;3235;0,200000000000000000000
2445;3802;0,600000000000000000000
2464;771;0,125000000000000000000
2464;984;0,125000000000000000000
2464;2291;0,125000000000000000000
2464;3528;0,125000000000000000000
2464;4722;0,125000000000000000000
2464;6781;0,125000000000000000000
2464;8949;0,125000000000000000000
2464;278351;0,125000000000000000000
2467;3986;0,333333333333333333333
2467;17280;0,333333333333333333333
2467;17281;0,333333333333333333333
2470;934;0,500000000000000000000
2470;8213;0,500000000000000000000
2479;3141;0,083333333333333333333
2479;4024;0,083333333333333333333
2479;4821;0,083333333333333333333
2479;4852;0,250000000000000000000
2479;6027;0,083333333333333333333
2479;6498;0,083333333333333333333
2479;9968;0,083333333333333333333
2479;16786;0,250000000000000000000
2484;5635;0,500000000000000000000
2484;6567;0,500000000000000000000
2487;4729;1,000000000000000000000
2489;2863;1,000000000000000000000
2492;2027;0,500000000000000000000
2492;3147;0,500000000000000000000
2498;244;0,333333333333333333333
2498;1096;0,333333333333333333333
2498;16647;0,333333333333333333333
2500;2561;1,000000000000000000000
2503;4748;1,000000000000000000000
2504;2578;0,500000000000000000000
2504;13265;0,500000000000000000000
2509;73;0,125000000000000000000
2509;658;0,125000000000000000000
2509;1228;0,125000000000000000000
2509;1457;0,250000000000000000000
2509;2131;0,125000000000000000000
2509;2882;0,125000000000000000000
2509;3230;0,125000000000000000000
2515;292;0,500000000000000000000
2515;28405;0,500000000000000000000
2516;668;1,000000000000000000000
2518;876;0,333333333333333333333
2518;3443;0,666666666666666666666
2543;4100;1,000000000000000000000
2549;2704;1,000000000000000000000
2554;543;0,500000000000000000000
2554;2555;0,500000000000000000000
2555;3876;1,000000000000000000000
2559;2591;1,000000000000000000000
2561;2500;1,000000000000000000000
2569;405;0,250000000000000000000
2569;3475;0,250000000000000000000
2569;408414;0,500000000000000000000
2578;9;0,001642036124794745484
2578;22;0,001642036124794745484
2578;65;0,001642036124794745484
2578;77;0,001642036124794745484
2578;78;0,001642036124794745484
2578;90;0,001642036124794745484
2578;127;0,001642036124794745484
2578;151;0,001642036124794745484
2578;172;0,001642036124794745484
2578;184;0,001642036124794745484
2578;190;0,001642036124794745484
2578;192;0,001642036124794745484
2578;206;0,001642036124794745484
2578;235;0,001642036124794745484
2578;242;0,001642036124794745484
2578;307;0,001642036124794745484
2578;373;0,001642036124794745484
2578;378;0,001642036124794745484
2578;466;0,001642036124794745484
2578;467;0,001642036124794745484
2578;474;0,001642036124794745484
2578;496;0,001642036124794745484
2578;497;0,001642036124794745484
2578;512;0,001642036124794745484
2578;521;0,001642036124794745484
2578;524;0,001642036124794745484
2578;526;0,001642036124794745484
2578;528;0,001642036124794745484
2578;529;0,001642036124794745484
2578;577;0,001642036124794745484
2578;594;0,001642036124794745484
2578;611;0,001642036124794745484
2578;620;0,001642036124794745484
2578;621;0,001642036124794745484
2578;622;0,001642036124794745484
2578;766;0,001642036124794745484
2578;815;0,001642036124794745484
2578;822;0,001642036124794745484
2578;841;0,001642036124794745484
2578;866;0,001642036124794745484
2578;877;0,001642036124794745484
2578;878;0,001642036124794745484
2578;883;0,001642036124794745484
2578;887;0,001642036124794745484
2578;906;0,001642036124794745484
2578;938;0,001642036124794745484
2578;960;0,001642036124794745484
2578;965;0,001642036124794745484
2578;966;0,001642036124794745484
2578;970;0,001642036124794745484
2578;977;0,001642036124794745484
2578;1044;0,001642036124794745484
2578;1060;0,001642036124794745484
2578;1066;0,001642036124794745484
2578;1101;0,001642036124794745484
2578;1109;0,001642036124794745484
2578;1114;0,001642036124794745484
2578;1121;0,001642036124794745484
2578;1122;0,001642036124794745484
2578;1150;0,001642036124794745484
2578;1234;0,001642036124794745484
2578;1240;0,001642036124794745484
2578;1263;0,001642036124794745484
2578;1274;0,001642036124794745484
2578;1286;0,001642036124794745484
2578;1325;0,001642036124794745484
2578;1327;0,001642036124794745484
2578;1328;0,001642036124794745484
2578;1329;0,001642036124794745484
2578;1331;0,001642036124794745484
2578;1332;0,001642036124794745484
2578;1335;0,001642036124794745484
2578;1336;0,001642036124794745484
2578;1337;0,001642036124794745484
2578;1393;0,001642036124794745484
2578;1401;0,001642036124794745484
2578;1419;0,001642036124794745484
2578;1432;0,001642036124794745484
2578;1473;0,001642036124794745484
2578;1475;0,001642036124794745484
2578;1508;0,001642036124794745484
2578;1525;0,001642036124794745484
2578;1549;0,001642036124794745484
2578;1625;0,001642036124794745484
2578;1632;0,001642036124794745484
2578;1667;0,001642036124794745484
2578;1676;0,001642036124794745484
2578;1743;0,001642036124794745484
2578;1744;0,001642036124794745484
2578;1780;0,001642036124794745484
2578;1838;0,001642036124794745484
2578;1856;0,001642036124794745484
2578;1866;0,001642036124794745484
2578;1971;0,001642036124794745484
2578;2017;0,001642036124794745484
2578;2023;0,001642036124794745484
2578;2027;0,001642036124794745484
2578;2029;0,001642036124794745484
2578;2037;0,001642036124794745484
2578;2039;0,001642036124794745484
2578;2041;0,001642036124794745484
2578;2043;0,001642036124794745484
2578;2046;0,001642036124794745484
2578;2050;0,001642036124794745484
2578;2052;0,001642036124794745484
2578;2054;0,001642036124794745484
2578;2059;0,001642036124794745484
2578;2064;0,001642036124794745484
2578;2066;0,001642036124794745484
2578;2070;0,001642036124794745484
2578;2071;0,001642036124794745484
2578;2146;0,001642036124794745484
2578;2147;0,001642036124794745484
2578;2150;0,001642036124794745484
2578;2152;0,001642036124794745484
2578;2153;0,001642036124794745484
2578;2156;0,001642036124794745484
2578;2212;0,001642036124794745484
2578;2213;0,001642036124794745484
2578;2215;0,001642036124794745484
2578;2216;0,001642036124794745484
2578;2223;0,001642036124794745484
2578;2271;0,001642036124794745484
2578;2272;0,001642036124794745484
2578;2280;0,001642036124794745484
2578;2312;0,001642036124794745484
2578;2349;0,001642036124794745484
2578;2359;0,001642036124794745484
2578;2369;0,001642036124794745484
2578;2385;0,001642036124794745484
2578;2403;0,001642036124794745484
2578;2418;0,001642036124794745484
2578;2434;0,001642036124794745484
2578;2492;0,001642036124794745484
2578;2498;0,001642036124794745484
2578;2503;0,001642036124794745484
2578;2504;0,001642036124794745484
2578;2586;0,001642036124794745484
2578;2644;0,001642036124794745484
2578;2683;0,001642036124794745484
2578;2697;0,001642036124794745484
2578;2737;0,001642036124794745484
2578;2738;0,001642036124794745484
2578;2740;0,001642036124794745484
2578;2779;0,001642036124794745484
2578;2780;0,001642036124794745484
2578;2786;0,001642036124794745484
2578;2823;0,001642036124794745484
2578;2830;0,001642036124794745484
2578;2832;0,001642036124794745484
2578;2998;0,001642036124794745484
2578;3017;0,001642036124794745484
2578;3085;0,001642036124794745484
2578;3116;0,001642036124794745484
2578;3142;0,001642036124794745484
2578;3147;0,001642036124794745484
2578;3158;0,001642036124794745484
2578;3204;0,001642036124794745484
2578;3205;0,001642036124794745484
2578;3241;0,001642036124794745484
2578;3268;0,001642036124794745484
2578;3269;0,001642036124794745484
2578;3271;0,001642036124794745484
2578;3296;0,001642036124794745484
2578;3311;0,001642036124794745484
2578;3328;0,001642036124794745484
2578;3355;0,001642036124794745484
2578;3356;0,001642036124794745484
2578;3394;0,001642036124794745484
2578;3403;0,001642036124794745484
2578;3414;0,001642036124794745484
2578;3535;0,001642036124794745484
2578;3591;0,001642036124794745484
2578;3703;0,001642036124794745484
2578;3704;0,001642036124794745484
2578;3714;0,001642036124794745484
2578;3736;0,001642036124794745484
2578;3748;0,001642036124794745484
2578;3781;0,001642036124794745484
2578;3798;0,001642036124794745484
2578;3800;0,001642036124794745484
2578;3864;0,001642036124794745484
2578;3983;0,001642036124794745484
2578;3991;0,001642036124794745484
2578;3998;0,001642036124794745484
2578;4048;0,001642036124794745484
2578;4064;0,001642036124794745484
2578;4070;0,001642036124794745484
2578;4086;0,001642036124794745484
2578;4146;0,001642036124794745484
2578;4147;0,001642036124794745484
2578;4197;0,001642036124794745484
2578;4208;0,001642036124794745484
2578;4237;0,001642036124794745484
2578;4240;0,001642036124794745484
2578;4262;0,001642036124794745484
2578;4271;0,001642036124794745484
2578;4280;0,001642036124794745484
2578;4281;0,001642036124794745484
2578;4364;0,001642036124794745484
2578;4380;0,001642036124794745484
2578;4414;0,001642036124794745484
2578;4491;0,001642036124794745484
2578;4493;0,001642036124794745484
2578;4500;0,001642036124794745484
2578;4525;0,001642036124794745484
2578;4533;0,001642036124794745484
2578;4561;0,001642036124794745484
2578;4580;0,001642036124794745484
2578;4625;0,001642036124794745484
2578;4715;0,001642036124794745484
2578;4720;0,001642036124794745484
2578;4748;0,001642036124794745484
2578;4755;0,001642036124794745484
2578;4758;0,001642036124794745484
2578;4765;0,001642036124794745484
2578;4829;0,001642036124794745484
2578;4979;0,001642036124794745484
2578;5082;0,001642036124794745484
2578;5097;0,001642036124794745484
2578;5119;0,001642036124794745484
2578;5144;0,001642036124794745484
2578;5167;0,001642036124794745484
2578;5214;0,001642036124794745484
2578;5219;0,001642036124794745484
2578;5250;0,001642036124794745484
2578;5264;0,001642036124794745484
2578;5351;0,001642036124794745484
2578;5367;0,001642036124794745484
2578;5437;0,001642036124794745484
2578;5438;0,001642036124794745484
2578;5439;0,001642036124794745484
2578;5441;0,001642036124794745484
2578;5442;0,001642036124794745484
2578;5443;0,001642036124794745484
2578;5444;0,001642036124794745484
2578;5445;0,001642036124794745484
2578;5446;0,001642036124794745484
2578;5459;0,001642036124794745484
2578;5469;0,001642036124794745484
2578;5487;0,001642036124794745484
2578;5513;0,001642036124794745484
2578;5519;0,001642036124794745484
2578;5522;0,001642036124794745484
2578;5530;0,001642036124794745484
2578;5545;0,001642036124794745484
2578;5557;0,001642036124794745484
2578;5564;0,001642036124794745484
2578;5629;0,001642036124794745484
2578;5632;0,001642036124794745484
2578;5691;0,001642036124794745484
2578;5698;0,001642036124794745484
2578;5762;0,001642036124794745484
2578;5831;0,001642036124794745484
2578;5892;0,001642036124794745484
2578;5922;0,001642036124794745484
2578;5944;0,001642036124794745484
2578;6189;0,001642036124794745484
2578;6213;0,001642036124794745484
2578;6234;0,001642036124794745484
2578;6316;0,001642036124794745484
2578;6320;0,001642036124794745484
2578;6465;0,001642036124794745484
2578;6472;0,001642036124794745484
2578;6548;0,001642036124794745484
2578;6581;0,001642036124794745484
2578;6604;0,001642036124794745484
2578;6624;0,001642036124794745484
2578;6693;0,001642036124794745484
2578;6781;0,001642036124794745484
2578;6827;0,001642036124794745484
2578;6828;0,001642036124794745484
2578;7221;0,001642036124794745484
2578;7278;0,001642036124794745484
2578;7301;0,001642036124794745484
2578;7328;0,001642036124794745484
2578;7546;0,001642036124794745484
2578;7564;0,001642036124794745484
2578;7586;0,001642036124794745484
2578;7650;0,001642036124794745484
2578;7747;0,001642036124794745484
2578;7759;0,001642036124794745484
2578;7762;0,001642036124794745484
2578;7767;0,001642036124794745484
2578;7780;0,001642036124794745484
2578;7788;0,001642036124794745484
2578;7939;0,001642036124794745484
2578;7979;0,001642036124794745484
2578;7983;0,001642036124794745484
2578;8090;0,001642036124794745484
2578;8143;0,001642036124794745484
2578;8156;0,001642036124794745484
2578;8293;0,001642036124794745484
2578;8381;0,001642036124794745484
2578;8500;0,001642036124794745484
2578;8611;0,001642036124794745484
2578;8618;0,001642036124794745484
2578;8623;0,001642036124794745484
2578;8633;0,001642036124794745484
2578;8723;0,001642036124794745484
2578;8730;0,001642036124794745484
2578;8933;0,001642036124794745484
2578;9026;0,001642036124794745484
2578;9110;0,001642036124794745484
2578;9158;0,001642036124794745484
2578;9184;0,001642036124794745484
2578;9208;0,001642036124794745484
2578;9217;0,001642036124794745484
2578;9371;0,001642036124794745484
2578;9381;0,001642036124794745484
2578;9382;0,001642036124794745484
2578;9384;0,001642036124794745484
2578;9385;0,001642036124794745484
2578;9386;0,001642036124794745484
2578;9387;0,001642036124794745484
2578;9389;0,001642036124794745484
2578;9390;0,001642036124794745484
2578;9391;0,001642036124794745484
2578;9392;0,001642036124794745484
2578;9393;0,001642036124794745484
2578;9395;0,001642036124794745484
2578;9396;0,001642036124794745484
2578;9398;0,001642036124794745484
2578;9399;0,001642036124794745484
2578;9400;0,001642036124794745484
2578;9401;0,001642036124794745484
2578;9402;0,001642036124794745484
2578;9403;0,001642036124794745484
2578;9405;0,001642036124794745484
2578;9406;0,001642036124794745484
2578;9407;0,001642036124794745484
2578;9408;0,001642036124794745484
2578;9409;0,001642036124794745484
2578;9410;0,001642036124794745484
2578;9411;0,001642036124794745484
2578;9412;0,001642036124794745484
2578;9413;0,001642036124794745484
2578;9414;0,001642036124794745484
2578;9415;0,001642036124794745484
2578;9416;0,001642036124794745484
2578;9417;0,001642036124794745484
2578;9418;0,001642036124794745484
2578;9420;0,001642036124794745484
2578;9421;0,001642036124794745484
2578;9422;0,001642036124794745484
2578;9424;0,001642036124794745484
2578;9425;0,001642036124794745484
2578;9426;0,001642036124794745484
2578;9430;0,001642036124794745484
2578;9431;0,001642036124794745484
2578;9432;0,001642036124794745484
2578;9433;0,001642036124794745484
2578;9434;0,001642036124794745484
2578;9435;0,001642036124794745484
2578;9436;0,001642036124794745484
2578;9437;0,001642036124794745484
2578;9438;0,001642036124794745484
2578;9439;0,001642036124794745484
2578;9441;0,001642036124794745484
2578;9442;0,001642036124794745484
2578;9624;0,001642036124794745484
2578;9681;0,001642036124794745484
2578;9806;0,001642036124794745484
2578;9807;0,001642036124794745484
2578;9839;0,001642036124794745484
2578;9994;0,001642036124794745484
2578;10000;0,001642036124794745484
2578;10080;0,001642036124794745484
2578;10169;0,001642036124794745484
2578;10649;0,001642036124794745484
2578;10740;0,001642036124794745484
2578;10946;0,001642036124794745484
2578;11030;0,001642036124794745484
2578;11213;0,001642036124794745484
2578;11536;0,001642036124794745484
2578;11839;0,001642036124794745484
2578;11999;0,001642036124794745484
2578;12001;0,001642036124794745484
2578;12098;0,001642036124794745484
2578;12394;0,001642036124794745484
2578;12523;0,001642036124794745484
2578;12612;0,001642036124794745484
2578;12717;0,001642036124794745484
2578;12798;0,001642036124794745484
2578;13006;0,001642036124794745484
2578;13026;0,001642036124794745484
2578;13265;0,001642036124794745484
2578;13369;0,001642036124794745484
2578;13372;0,001642036124794745484
2578;13545;0,001642036124794745484
2578;13560;0,001642036124794745484
2578;14073;0,001642036124794745484
2578;14151;0,001642036124794745484
2578;14465;0,001642036124794745484
2578;14839;0,001642036124794745484
2578;14899;0,001642036124794745484
2578;15437;0,001642036124794745484
2578;15890;0,001642036124794745484
2578;16644;0,001642036124794745484
2578;17323;0,001642036124794745484
2578;17453;0,001642036124794745484
2578;17502;0,001642036124794745484
2578;17530;0,001642036124794745484
2578;17603;0,001642036124794745484
2578;18145;0,001642036124794745484
2578;18247;0,001642036124794745484
2578;18251;0,001642036124794745484
2578;18258;0,001642036124794745484
2578;18264;0,001642036124794745484
2578;18577;0,001642036124794745484
2578;19031;0,001642036124794745484
2578;20235;0,001642036124794745484
2578;20662;0,001642036124794745484
2578;20669;0,001642036124794745484
2578;20801;0,001642036124794745484
2578;20969;0,001642036124794745484
2578;21594;0,001642036124794745484
2578;21839;0,001642036124794745484
2578;25849;0,001642036124794745484
2578;25899;0,001642036124794745484
2578;26502;0,001642036124794745484
2578;26746;0,001642036124794745484
2578;27173;0,001642036124794745484
2578;27286;0,001642036124794745484
2578;27312;0,001642036124794745484
2578;27315;0,001642036124794745484
2578;27316;0,001642036124794745484
2578;27317;0,001642036124794745484
2578;27320;0,001642036124794745484
2578;27321;0,001642036124794745484
2578;27324;0,001642036124794745484
2578;27325;0,001642036124794745484
2578;27330;0,001642036124794745484
2578;27332;0,001642036124794745484
2578;27335;0,001642036124794745484
2578;27337;0,001642036124794745484
2578;27340;0,001642036124794745484
2578;27456;0,001642036124794745484
2578;27494;0,001642036124794745484
2578;27500;0,001642036124794745484
2578;27512;0,001642036124794745484
2578;27636;0,001642036124794745484
2578;27761;0,001642036124794745484
2578;27762;0,001642036124794745484
2578;27764;0,001642036124794745484
2578;27765;0,001642036124794745484
2578;27767;0,001642036124794745484
2578;27768;0,001642036124794745484
2578;27770;0,001642036124794745484
2578;27771;0,001642036124794745484
2578;27773;0,001642036124794745484
2578;27774;0,001642036124794745484
2578;27778;0,001642036124794745484
2578;27779;0,001642036124794745484
2578;27781;0,001642036124794745484
2578;27782;0,001642036124794745484
2578;27788;0,001642036124794745484
2578;27789;0,001642036124794745484
2578;27790;0,001642036124794745484
2578;27791;0,001642036124794745484
2578;27793;0,001642036124794745484
2578;27797;0,001642036124794745484
2578;27799;0,001642036124794745484
2578;27800;0,001642036124794745484
2578;27803;0,001642036124794745484
2578;27808;0,001642036124794745484
2578;27837;0,001642036124794745484
2578;27854;0,001642036124794745484
2578;27863;0,001642036124794745484
2578;27865;0,001642036124794745484
2578;27870;0,001642036124794745484
2578;27884;0,001642036124794745484
2578;27891;0,001642036124794745484
2578;27892;0,001642036124794745484
2578;27893;0,001642036124794745484
2578;27902;0,001642036124794745484
2578;27928;0,001642036124794745484
2578;28159;0,001642036124794745484
2578;28227;0,001642036124794745484
2578;28234;0,001642036124794745484
2578;28235;0,001642036124794745484
2578;28239;0,001642036124794745484
2578;28240;0,001642036124794745484
2578;28241;0,001642036124794745484
2578;28242;0,001642036124794745484
2578;28245;0,001642036124794745484
2578;28248;0,001642036124794745484
2578;28250;0,001642036124794745484
2578;28254;0,001642036124794745484
2578;28257;0,001642036124794745484
2578;28258;0,001642036124794745484
2578;28259;0,001642036124794745484
2578;28260;0,001642036124794745484
2578;28261;0,001642036124794745484
2578;28264;0,001642036124794745484
2578;28270;0,001642036124794745484
2578;28272;0,001642036124794745484
2578;28273;0,001642036124794745484
2578;28274;0,001642036124794745484
2578;28275;0,001642036124794745484
2578;28277;0,001642036124794745484
2578;28279;0,001642036124794745484
2578;28281;0,001642036124794745484
2578;28286;0,001642036124794745484
2578;28442;0,001642036124794745484
2578;28513;0,001642036124794745484
2578;28593;0,001642036124794745484
2578;28598;0,001642036124794745484
2578;28738;0,001642036124794745484
2578;28815;0,001642036124794745484
2578;28866;0,001642036124794745484
2578;28867;0,001642036124794745484
2578;28868;0,001642036124794745484
2578;28869;0,001642036124794745484
2578;28871;0,001642036124794745484
2578;28872;0,001642036124794745484
2578;28873;0,001642036124794745484
2578;28875;0,001642036124794745484
2578;28877;0,001642036124794745484
2578;28879;0,001642036124794745484
2578;28887;0,001642036124794745484
2578;28899;0,001642036124794745484
2578;28902;0,001642036124794745484
2578;28903;0,001642036124794745484
2578;28905;0,001642036124794745484
2578;28906;0,001642036124794745484
2578;28907;0,001642036124794745484
2578;28908;0,001642036124794745484
2578;28909;0,001642036124794745484
2578;28910;0,001642036124794745484
2578;28911;0,001642036124794745484
2578;28912;0,001642036124794745484
2578;28925;0,001642036124794745484
2578;29061;0,001642036124794745484
2578;29068;0,001642036124794745484
2578;37814;0,001642036124794745484
2578;44981;0,001642036124794745484
2578;50625;0,001642036124794745484
2578;53012;0,001642036124794745484
2578;56195;0,001642036124794745484
2578;57838;0,001642036124794745484
2578;62135;0,001642036124794745484
2578;67566;0,001642036124794745484
2578;71224;0,001642036124794745484
2578;78275;0,001642036124794745484
2578;92556;0,001642036124794745484
2578;99818;0,001642036124794745484
2578;112062;0,001642036124794745484
2578;134008;0,001642036124794745484
2578;135596;0,001642036124794745484
2578;137497;0,001642036124794745484
2578;139139;0,001642036124794745484
2578;151009;0,001642036124794745484
2578;151929;0,001642036124794745484
2578;169356;0,001642036124794745484
2578;170451;0,001642036124794745484
2578;173632;0,001642036124794745484
2578;219255;0,001642036124794745484
2578;255445;0,001642036124794745484
2578;257324;0,001642036124794745484
2578;259831;0,001642036124794745484
2578;276505;0,001642036124794745484
2578;284854;0,001642036124794745484
2578;286660;0,001642036124794745484
2578;287409;0,001642036124794745484
2578;308238;0,001642036124794745484
2578;309580;0,001642036124794745484
2578;325535;0,001642036124794745484
2578;326597;0,001642036124794745484
2578;327535;0,001642036124794745484
2578;327858;0,001642036124794745484
2578;327859;0,001642036124794745484
2578;327860;0,001642036124794745484
2578;329223;0,001642036124794745484
2578;329359;0,001642036124794745484
2578;330934;0,001642036124794745484
2578;333184;0,001642036124794745484
2578;334818;0,001642036124794745484
2578;343719;0,001642036124794745484
2578;352262;0,001642036124794745484
2578;352420;0,001642036124794745484
2578;353446;0,001642036124794745484
2578;355594;0,001642036124794745484
2578;365524;0,001642036124794745484
2578;368482;0,001642036124794745484
2578;369262;0,001642036124794745484
2578;377275;0,001642036124794745484
2578;379234;0,003284072249589490968
2578;382779;0,001642036124794745484
2578;402244;0,001642036124794745484
2578;402245;0,001642036124794745484
2578;402247;0,001642036124794745484
2578;409094;0,001642036124794745484
2578;455454;0,001642036124794745484
2578;455455;0,001642036124794745484
2578;455456;0,001642036124794745484
2578;455457;0,001642036124794745484
2578;455458;0,001642036124794745484
2578;455459;0,001642036124794745484
2578;455460;0,001642036124794745484
2578;455461;0,001642036124794745484
2578;455462;0,001642036124794745484
2578;455463;0,001642036124794745484
2578;525330;0,001642036124794745484
2578;533247;0,001642036124794745484
2578;640335;0,001642036124794745484
2578;708789;0,001642036124794745484
2578;810172;0,001642036124794745484
2585;407;0,666666666666666666666
2585;5626;0,333333333333333333333
2586;242;0,250000000000000000000
2586;1286;0,250000000000000000000
2586;2736;0,250000000000000000000
2586;3142;0,250000000000000000000
2591;464;0,111111111111111111111
2591;978;0,111111111111111111111
2591;2559;0,222222222222222222222
2591;5029;0,333333333333333333333
2591;9554;0,111111111111111111111
2591;11966;0,111111111111111111111
2592;1340;1,000000000000000000000
2596;1182;0,500000000000000000000
2596;5603;0,500000000000000000000
2607;752;0,833333333333333333333
2607;608895;0,166666666666666666666
2630;3829;0,333333333333333333333
2630;5626;0,666666666666666666666
2647;484;1,000000000000000000000
2655;4787;1,000000000000000000000
2659;16659;1,000000000000000000000
2661;1237;0,333333333333333333333
2661;1889;0,333333333333333333333
2661;2713;0,333333333333333333333
2678;288;0,200000000000000000000
2678;891;0,200000000000000000000
2678;3978;0,400000000000000000000
2678;10860;0,200000000000000000000
2684;113;0,166666666666666666666
2684;980;0,333333333333333333333
2684;1234;0,166666666666666666666
2684;3619;0,166666666666666666666
2684;10188;0,166666666666666666666
2697;846;1,000000000000000000000
2704;1120;0,250000000000000000000
2704;9468;0,750000000000000000000
2706;279;1,000000000000000000000
2712;213;0,090909090909090909090
2712;1637;0,909090909090909090909
2713;1889;1,000000000000000000000
2714;283;0,090909090909090909090
2714;861;0,090909090909090909090
2714;2379;0,818181818181818181818
2739;242;1,000000000000000000000
2740;242;0,200000000000000000000
2740;373;0,066666666666666666666
2740;466;0,066666666666666666666
2740;594;0,066666666666666666666
2740;841;0,066666666666666666666
2740;1101;0,066666666666666666666
2740;1234;0,066666666666666666666
2740;2586;0,066666666666666666666
2740;2738;0,066666666666666666666
2740;2823;0,066666666666666666666
2740;5219;0,066666666666666666666
2740;9402;0,066666666666666666666
2740;9442;0,066666666666666666666
2741;181;0,500000000000000000000
2741;472;0,500000000000000000000
2746;3095;1,000000000000000000000
2761;1340;1,000000000000000000000
2772;5626;1,000000000000000000000
2779;2780;0,166666666666666666666
2779;3714;0,500000000000000000000
2779;9026;0,166666666666666666666
2779;9807;0,166666666666666666666
2780;2825;1,000000000000000000000
2786;474;0,250000000000000000000
2786;2147;0,750000000000000000000
2788;24;1,000000000000000000000
2791;999;1,000000000000000000000
2792;54;1,000000000000000000000
2796;76428;1,000000000000000000000
2800;176;0,250000000000000000000
2800;652;0,250000000000000000000
2800;3891;0,500000000000000000000
2802;3996;0,500000000000000000000
2802;6502;0,500000000000000000000
2803;16;0,011583011583011583011
2803;57;0,011583011583011583011
2803;71;0,011583011583011583011
2803;82;0,011583011583011583011
2803;89;0,011583011583011583011
2803;234;0,011583011583011583011
2803;309;0,011583011583011583011
2803;369;0,015444015444015444015
2803;644;0,011583011583011583011
2803;645;0,011583011583011583011
2803;827;0,011583011583011583011
2803;835;0,011583011583011583011
2803;890;0,011583011583011583011
2803;1022;0,011583011583011583011
2803;1040;0,011583011583011583011
2803;1143;0,011583011583011583011
2803;1152;0,011583011583011583011
2803;1231;0,011583011583011583011
2803;1276;0,011583011583011583011
2803;1612;0,011583011583011583011
2803;1657;0,011583011583011583011
2803;1948;0,011583011583011583011
2803;2109;0,011583011583011583011
2803;2355;0,011583011583011583011
2803;2414;0,011583011583011583011
2803;2479;0,015444015444015444015
2803;2487;0,011583011583011583011
2803;2736;0,011583011583011583011
2803;2739;0,011583011583011583011
2803;2802;0,011583011583011583011
2803;3098;0,011583011583011583011
2803;3123;0,011583011583011583011
2803;3128;0,011583011583011583011
2803;3141;0,015444015444015444015
2803;3145;0,015444015444015444015
2803;3237;0,011583011583011583011
2803;3399;0,011583011583011583011
2803;3574;0,011583011583011583011
2803;3852;0,011583011583011583011
2803;3953;0,011583011583011583011
2803;3967;0,011583011583011583011
2803;3996;0,011583011583011583011
2803;4024;0,015444015444015444015
2803;4159;0,011583011583011583011
2803;4160;0,011583011583011583011
2803;4306;0,011583011583011583011
2803;4501;0,011583011583011583011
2803;4695;0,011583011583011583011
2803;4852;0,003861003861003861003
2803;4853;0,011583011583011583011
2803;5136;0,011583011583011583011
2803;5306;0,011583011583011583011
2803;5338;0,011583011583011583011
2803;5607;0,011583011583011583011
2803;6027;0,003861003861003861003
2803;6045;0,011583011583011583011
2803;6495;0,015444015444015444015
2803;6496;0,011583011583011583011
2803;6497;0,011583011583011583011
2803;6498;0,015444015444015444015
2803;6499;0,011583011583011583011
2803;6501;0,011583011583011583011
2803;6502;0,011583011583011583011
2803;6503;0,015444015444015444015
2803;6504;0,007722007722007722007
2803;6505;0,011583011583011583011
2803;6506;0,011583011583011583011
2803;6509;0,011583011583011583011
2803;6511;0,011583011583011583011
2803;6512;0,011583011583011583011
2803;6513;0,011583011583011583011
2803;6514;0,011583011583011583011
2803;6515;0,011583011583011583011
2803;6517;0,011583011583011583011
2803;6518;0,011583011583011583011
2803;6520;0,011583011583011583011
2803;6523;0,011583011583011583011
2803;6524;0,011583011583011583011
2803;6527;0,011583011583011583011
2803;7686;0,011583011583011583011
2803;8238;0,011583011583011583011
2803;9968;0,003861003861003861003
2803;33180;0,003861003861003861003
2803;93146;0,011583011583011583011
2803;140271;0,011583011583011583011
2803;237945;0,003861003861003861003
2803;328404;0,003861003861003861003
2803;743544;0,011583011583011583011
2823;242;0,111111111111111111111
2823;373;0,055555555555555555555
2823;466;0,055555555555555555555
2823;594;0,055555555555555555555
2823;766;0,055555555555555555555
2823;841;0,055555555555555555555
2823;1101;0,055555555555555555555
2823;1234;0,055555555555555555555
2823;2586;0,055555555555555555555
2823;2738;0,055555555555555555555
2823;2740;0,055555555555555555555
2823;2830;0,055555555555555555555
2823;5219;0,055555555555555555555
2823;9402;0,055555555555555555555
2823;9403;0,055555555555555555555
2823;9442;0,055555555555555555555
2823;20801;0,055555555555555555555
2825;2780;0,166666666666666666666
2825;2826;0,500000000000000000000
2825;529797;0,333333333333333333333
2832;4197;1,000000000000000000000
2834;468;0,166666666666666666666
2834;846;0,333333333333333333333
2834;2489;0,166666666666666666666
2834;4777;0,333333333333333333333
2850;135;1,000000000000000000000
2865;59;0,018867924528301886792
2865;228;0,018867924528301886792
2865;244;0,018867924528301886792
2865;681;0,018867924528301886792
2865;854;0,018867924528301886792
2865;990;0,018867924528301886792
2865;997;0,018867924528301886792
2865;1225;0,018867924528301886792
2865;1243;0,018867924528301886792
2865;1725;0,018867924528301886792
2865;2249;0,018867924528301886792
2865;2326;0,018867924528301886792
2865;2482;0,018867924528301886792
2865;3233;0,018867924528301886792
2865;3250;0,018867924528301886792
2865;3251;0,018867924528301886792
2865;3292;0,018867924528301886792
2865;3331;0,018867924528301886792
2865;4089;0,018867924528301886792
2865;4132;0,018867924528301886792
2865;4247;0,018867924528301886792
2865;4334;0,018867924528301886792
2865;4401;0,018867924528301886792
2865;4874;0,018867924528301886792
2865;5054;0,037735849056603773584
2865;5163;0,018867924528301886792
2865;5682;0,018867924528301886792
2865;5783;0,018867924528301886792
2865;6664;0,018867924528301886792
2865;6923;0,018867924528301886792
2865;8666;0,018867924528301886792
2865;11382;0,018867924528301886792
2865;12339;0,018867924528301886792
2865;12428;0,018867924528301886792
2865;12430;0,018867924528301886792
2865;12435;0,018867924528301886792
2865;12826;0,018867924528301886792
2865;13622;0,018867924528301886792
2865;14125;0,018867924528301886792
2865;14323;0,018867924528301886792
2865;15726;0,018867924528301886792
2865;15866;0,018867924528301886792
2865;16649;0,018867924528301886792
2865;16651;0,018867924528301886792
2865;16653;0,018867924528301886792
2865;16659;0,018867924528301886792
2865;16660;0,018867924528301886792
2865;16664;0,018867924528301886792
2865;20474;0,018867924528301886792
2865;21592;0,018867924528301886792
2865;21597;0,018867924528301886792
2865;28538;0,018867924528301886792
2877;219;0,500000000000000000000
2877;119973;0,500000000000000000000
2893;2421;1,000000000000000000000
2897;428;0,333333333333333333333
2897;1092;0,666666666666666666666
2932;733;1,000000000000000000000
2948;733;1,000000000000000000000
2950;733;1,000000000000000000000
2961;1069;0,500000000000000000000
2961;4627;0,500000000000000000000
2972;1117;1,000000000000000000000
2993;119973;1,000000000000000000000
2998;57838;0,500000000000000000000
2998;151009;0,500000000000000000000
3024;8017;1,000000000000000000000
3033;183;0,200000000000000000000
3033;1866;0,400000000000000000000
3033;286660;0,400000000000000000000
3045;249;0,111111111111111111111
3045;267;0,055555555555555555555
3045;861;0,277777777777777777777
3045;1048;0,166666666666666666666
3045;1142;0,055555555555555555555
3045;1570;0,111111111111111111111
3045;1591;0,055555555555555555555
3045;4376;0,055555555555555555555
3045;7116;0,055555555555555555555
3045;321112;0,055555555555555555555
3069;642;1,000000000000000000000
3071;547;0,250000000000000000000
3071;3301;0,250000000000000000000
3071;5264;0,250000000000000000000
3071;5350;0,250000000000000000000
3085;192;0,142857142857142857142
3085;528;0,142857142857142857142
3085;841;0,142857142857142857142
3085;960;0,142857142857142857142
3085;2271;0,142857142857142857142
3085;5441;0,142857142857142857142
3085;7759;0,142857142857142857142
3095;283;0,035714285714285714285
3095;296;0,035714285714285714285
3095;945;0,035714285714285714285
3095;1984;0,035714285714285714285
3095;2489;0,035714285714285714285
3095;2744;0,071428571428571428571
3095;3085;0,035714285714285714285
3095;3123;0,035714285714285714285
3095;3256;0,071428571428571428571
3095;3427;0,035714285714285714285
3095;3683;0,035714285714285714285
3095;4396;0,035714285714285714285
3095;5149;0,035714285714285714285
3095;5660;0,035714285714285714285
3095;12098;0,035714285714285714285
3095;14481;0,035714285714285714285
3095;20476;0,035714285714285714285
3095;59745;0,321428571428571428571
3098;644;0,333333333333333333333
3098;2586;0,333333333333333333333
3098;3141;0,333333333333333333333
3099;184646;1,000000000000000000000
3103;540;0,500000000000000000000
3103;3234;0,125000000000000000000
3103;6723;0,375000000000000000000
3122;5627;1,000000000000000000000
3123;71;0,035714285714285714285
3123;189;0,035714285714285714285
3123;309;0,035714285714285714285
3123;644;0,107142857142857142857
3123;846;0,035714285714285714285
3123;1022;0,035714285714285714285
3123;1152;0,035714285714285714285
3123;1276;0,035714285714285714285
3123;2414;0,035714285714285714285
3123;2488;0,035714285714285714285
3123;2736;0,035714285714285714285
3123;3098;0,071428571428571428571
3123;3141;0,035714285714285714285
3123;3852;0,035714285714285714285
3123;3996;0,035714285714285714285
3123;4159;0,035714285714285714285
3123;4501;0,035714285714285714285
3123;5306;0,035714285714285714285
3123;5338;0,035714285714285714285
3123;5659;0,035714285714285714285
3123;6496;0,035714285714285714285
3123;6514;0,035714285714285714285
3123;6515;0,035714285714285714285
3123;6517;0,035714285714285714285
3123;6523;0,035714285714285714285
3141;3098;0,125000000000000000000
3141;4852;0,250000000000000000000
3141;9968;0,125000000000000000000
3141;333343;0,375000000000000000000
3141;881832;0,125000000000000000000
3142;1286;0,500000000000000000000
3142;3414;0,500000000000000000000
3145;2736;1,000000000000000000000
3158;765;0,066666666666666666666
3158;2223;0,133333333333333333333
3158;3146;0,066666666666666666666
3158;6151;0,066666666666666666666
3158;9114;0,066666666666666666666
3158;9421;0,133333333333333333333
3158;14826;0,066666666666666666666
3158;41565;0,066666666666666666666
3158;326192;0,066666666666666666666
3158;352262;0,133333333333333333333
3158;353698;0,066666666666666666666
3158;365536;0,066666666666666666666
3164;652;0,333333333333333333333
3164;2198;0,333333333333333333333
3164;3877;0,333333333333333333333
3169;35;0,200000000000000000000
3169;4991;0,200000000000000000000
3169;6929;0,200000000000000000000
3169;28397;0,400000000000000000000
3170;3340;1,000000000000000000000
3176;2467;1,000000000000000000000
3178;4145;0,200000000000000000000
3178;9288;0,200000000000000000000
3178;119973;0,600000000000000000000
3180;326192;1,000000000000000000000
3188;689;0,400000000000000000000
3188;5012;0,600000000000000000000
3212;12591;1,000000000000000000000
3214;5168;1,000000000000000000000
3222;1092;0,500000000000000000000
3222;2897;0,500000000000000000000
3223;54879;1,000000000000000000000
3230;550;1,000000000000000000000
3235;135;0,166666666666666666666
3235;2851;0,666666666666666666666
3235;6406;0,166666666666666666666
3237;1657;1,000000000000000000000
3250;7624;1,000000000000000000000
3251;59;0,333333333333333333333
3251;1700;0,333333333333333333333
3251;4172;0,333333333333333333333
3256;527;0,500000000000000000000
3256;3095;0,500000000000000000000
3265;1713;1,000000000000000000000
3268;5219;1,000000000000000000000
3278;4100;1,000000000000000000000
3293;8928;0,666666666666666666666
3293;22893;0,333333333333333333333
3296;3591;0,333333333333333333333
3296;5214;0,333333333333333333333
3296;5219;0,333333333333333333333
3306;904;1,000000000000000000000
3318;7095;0,500000000000000000000
3318;14010;0,500000000000000000000
3325;1234;1,000000000000000000000
3328;1667;0,666666666666666666666
3328;5545;0,333333333333333333333
3340;3170;1,000000000000000000000
3344;249;1,000000000000000000000
3356;524;1,000000000000000000000
3359;313;0,038461538461538461538
3359;1321;0,115384615384615384615
3359;1402;0,038461538461538461538
3359;1453;0,038461538461538461538
3359;1632;0,038461538461538461538
3359;1692;0,038461538461538461538
3359;1699;0,038461538461538461538
3359;1705;0,038461538461538461538
3359;1707;0,038461538461538461538
3359;1769;0,038461538461538461538
3359;2195;0,115384615384615384615
3359;2254;0,038461538461538461538
3359;2506;0,076923076923076923076
3359;2826;0,038461538461538461538
3359;2991;0,038461538461538461538
3359;3427;0,038461538461538461538
3359;4386;0,038461538461538461538
3359;5753;0,038461538461538461538
3359;21502;0,038461538461538461538
3359;140271;0,038461538461538461538
3359;529797;0,038461538461538461538
3362;10633;1,000000000000000000000
3381;10020;1,000000000000000000000
3383;196;0,666666666666666666666
3383;251;0,333333333333333333333
3392;1278;0,500000000000000000000
3392;1814;0,500000000000000000000
3393;122;0,166666666666666666666
3393;1180;0,166666666666666666666
3393;1235;0,666666666666666666666
3394;425;0,500000000000000000000
3394;517;0,500000000000000000000
3395;72;1,000000000000000000000
3399;1948;1,000000000000000000000
3408;66075;0,500000000000000000000
3408;119973;0,500000000000000000000
3414;911;0,047619047619047619047
3414;4262;0,952380952380952380952
3417;292;1,000000000000000000000
3418;1708;0,500000000000000000000
3418;2506;0,500000000000000000000
3427;1064;0,142857142857142857142
3427;1321;0,285714285714285714285
3427;1563;0,142857142857142857142
3427;2195;0,142857142857142857142
3427;8213;0,142857142857142857142
3427;114536;0,142857142857142857142
3429;3045;0,333333333333333333333
3429;48826;0,333333333333333333333
3429;653116;0,333333333333333333333
3443;668;0,250000000000000000000
3443;876;0,500000000000000000000
3443;2518;0,250000000000000000000
3465;391;0,200000000000000000000
3465;945;0,200000000000000000000
3465;8268;0,200000000000000000000
3465;8396;0,200000000000000000000
3465;59745;0,200000000000000000000
3473;285;0,142857142857142857142
3473;737;0,142857142857142857142
3473;2379;0,428571428571428571428
3473;3234;0,142857142857142857142
3473;4787;0,142857142857142857142
3475;2569;1,000000000000000000000
3496;1135;1,000000000000000000000
3500;9158;1,000000000000000000000
3513;12563;1,000000000000000000000
3515;219;0,166666666666666666666
3515;502;0,500000000000000000000
3515;1248;0,333333333333333333333
3523;71;0,115384615384615384615
3523;360;0,038461538461538461538
3523;529;0,038461538461538461538
3523;1316;0,038461538461538461538
3523;1724;0,076923076923076923076
3523;1943;0,038461538461538461538
3523;3235;0,076923076923076923076
3523;12432;0,076923076923076923076
3523;12816;0,038461538461538461538
3523;41776;0,038461538461538461538
3523;59745;0,076923076923076923076
3523;63981;0,038461538461538461538
3523;98841;0,038461538461538461538
3523;366089;0,230769230769230769230
3523;906176;0,038461538461538461538
3528;984;0,500000000000000000000
3528;2302;0,500000000000000000000
3551;5627;1,000000000000000000000
3574;1143;0,333333333333333333333
3574;1948;0,333333333333333333333
3574;5054;0,333333333333333333333
3575;3975;1,000000000000000000000
3585;5016;1,000000000000000000000
3587;1938;1,000000000000000000000
3588;525;1,000000000000000000000
3590;8475;1,000000000000000000000
3591;192;0,500000000000000000000
3591;3296;0,500000000000000000000
3601;4881;0,600000000000000000000
3601;281170;0,400000000000000000000
3625;502;0,750000000000000000000
3625;434991;0,250000000000000000000
3633;283638;1,000000000000000000000
3648;9951;1,000000000000000000000
3656;283638;1,000000000000000000000
3665;5484;0,800000000000000000000
3665;5886;0,200000000000000000000
3680;1866;1,000000000000000000000
3685;5627;0,333333333333333333333
3685;8267;0,333333333333333333333
3685;8306;0,333333333333333333333
3738;761;1,000000000000000000000
3748;127;1,000000000000000000000
3768;1700;1,000000000000000000000
3779;407;0,800000000000000000000
3779;5626;0,200000000000000000000
3791;1600;0,333333333333333333333
3791;8985;0,666666666666666666666
3800;521;0,400000000000000000000
3800;2005;0,200000000000000000000
3800;4237;0,200000000000000000000
3800;8156;0,200000000000000000000
3802;2445;0,500000000000000000000
3802;2657;0,333333333333333333333
3802;59745;0,166666666666666666666
3809;2001;1,000000000000000000000
3811;4108;0,250000000000000000000
3811;4345;0,250000000000000000000
3811;6913;0,500000000000000000000
3815;1864;1,000000000000000000000
3823;98841;0,500000000000000000000
3823;529797;0,500000000000000000000
3825;6130;0,333333333333333333333
3825;8373;0,333333333333333333333
3825;119973;0,333333333333333333333
3827;184;0,333333333333333333333
3827;7574;0,666666666666666666666
3829;774;1,000000000000000000000
3836;1498;1,000000000000000000000
3842;1459;0,066666666666666666666
3842;1946;0,066666666666666666666
3842;1963;0,266666666666666666666
3842;5010;0,200000000000000000000
3842;5037;0,066666666666666666666
3842;6433;0,066666666666666666666
3842;12441;0,200000000000000000000
3842;20984;0,066666666666666666666
3852;475;0,333333333333333333333
3852;1657;0,333333333333333333333
3852;4695;0,333333333333333333333
3857;283638;1,000000000000000000000
3859;689;1,000000000000000000000
3869;9350;1,000000000000000000000
3871;1570;0,333333333333333333333
3871;11377;0,666666666666666666666
3876;2555;1,000000000000000000000
3877;613;0,500000000000000000000
3877;7571;0,500000000000000000000
3891;360;0,500000000000000000000
3891;2800;0,500000000000000000000
3911;30696;1,000000000000000000000
3916;1497;1,000000000000000000000
3957;7418;1,000000000000000000000
3962;2467;0,500000000000000000000
3962;3178;0,500000000000000000000
3971;1455;0,333333333333333333333
3971;1629;0,333333333333333333333
3971;4206;0,333333333333333333333
3975;3575;0,500000000000000000000
3975;28017;0,500000000000000000000
3978;2678;1,000000000000000000000
3980;8493;0,500000000000000000000
3980;11004;0,500000000000000000000
3983;995;1,000000000000000000000
3986;2467;1,000000000000000000000
3996;1016;0,200000000000000000000
3996;1657;0,200000000000000000000
3996;6027;0,200000000000000000000
3996;6502;0,400000000000000000000
3998;528;0,500000000000000000000
3998;1897;0,500000000000000000000
4004;1307;0,500000000000000000000
4004;8873;0,500000000000000000000
4020;1310;0,500000000000000000000
4020;1526;0,500000000000000000000
4024;2479;0,500000000000000000000
4024;6505;0,500000000000000000000
4039;173893;1,000000000000000000000
4059;1196;1,000000000000000000000
4064;2223;1,000000000000000000000
4070;9391;1,000000000000000000000
4091;393418;1,000000000000000000000
4094;3399;1,000000000000000000000
4100;568;1,000000000000000000000
4117;284;0,142857142857142857142
4117;2510;0,428571428571428571428
4117;4592;0,285714285714285714285
4117;10020;0,142857142857142857142
4132;681;0,333333333333333333333
4132;863;0,333333333333333333333
4132;1243;0,333333333333333333333
4145;2175;0,315789473684210526315
4145;3178;0,052631578947368421052
4145;7095;0,052631578947368421052
4145;65998;0,263157894736842105263
4145;66075;0,210526315789473684210
4145;119973;0,105263157894736842105
4147;2146;0,600000000000000000000
4147;2697;0,400000000000000000000
4148;447;0,400000000000000000000
4148;4699;0,200000000000000000000
4148;8225;0,200000000000000000000
4148;59841;0,200000000000000000000
4159;3123;0,500000000000000000000
4159;189452;0,500000000000000000000
4173;754;1,000000000000000000000
4179;2198;1,000000000000000000000
4187;241;0,166666666666666666666
4187;274;0,500000000000000000000
4187;6007;0,166666666666666666666
4187;6008;0,166666666666666666666
4225;761;0,250000000000000000000
4225;1778;0,125000000000000000000
4225;4345;0,125000000000000000000
4225;6048;0,125000000000000000000
4225;7578;0,125000000000000000000
4225;8156;0,125000000000000000000
4225;9762;0,125000000000000000000
4232;9436;1,000000000000000000000
4237;5484;0,500000000000000000000
4237;8156;0,500000000000000000000
4247;475;1,000000000000000000000
4257;727;0,666666666666666666666
4257;2851;0,333333333333333333333
4262;90;0,043478260869565217391
4262;911;0,043478260869565217391
4262;3414;0,782608695652173913043
4262;4491;0,130434782608695652173
4268;477;0,055555555555555555555
4268;547;0,111111111111111111111
4268;1180;0,055555555555555555555
4268;2200;0,166666666666666666666
4268;4021;0,111111111111111111111
4268;4935;0,111111111111111111111
4268;5350;0,111111111111111111111
4268;5856;0,055555555555555555555
4268;11415;0,111111111111111111111
4268;343424;0,111111111111111111111
4269;115;0,333333333333333333333
4269;4268;0,666666666666666666666
4278;440509;1,000000000000000000000
4299;1379;0,333333333333333333333
4299;1597;0,333333333333333333333
4299;4424;0,333333333333333333333
4307;613;0,200000000000000000000
4307;4345;0,200000000000000000000
4307;5093;0,400000000000000000000
4307;6913;0,200000000000000000000
4313;1374;0,666666666666666666666
4313;1591;0,333333333333333333333
4345;527;0,250000000000000000000
4345;1778;0,250000000000000000000
4345;4225;0,250000000000000000000
4345;6913;0,250000000000000000000
4355;855;0,125000000000000000000
4355;1843;0,500000000000000000000
4355;1864;0,125000000000000000000
4355;5613;0,125000000000000000000
4355;23930;0,125000000000000000000
4376;283;0,333333333333333333333
4376;3045;0,333333333333333333333
4376;189452;0,333333333333333333333
4377;579;1,000000000000000000000
4380;289;1,000000000000000000000
4386;8902;1,000000000000000000000
4398;4592;1,000000000000000000000
4421;891;1,000000000000000000000
4428;839;0,500000000000000000000
4428;4474;0,500000000000000000000
4429;17;0,033333333333333333333
4429;104;0,033333333333333333333
4429;303;0,033333333333333333333
4429;422;0,033333333333333333333
4429;494;0,033333333333333333333
4429;768;0,033333333333333333333
4429;839;0,033333333333333333333
4429;937;0,033333333333333333333
4429;1427;0,033333333333333333333
4429;1476;0,033333333333333333333
4429;1498;0,033333333333333333333
4429;1612;0,033333333333333333333
4429;1749;0,033333333333333333333
4429;1915;0,033333333333333333333
4429;2427;0,033333333333333333333
4429;3836;0,033333333333333333333
4429;4299;0,033333333333333333333
4429;4430;0,033333333333333333333
4429;4433;0,033333333333333333333
4429;4434;0,033333333333333333333
4429;4445;0,033333333333333333333
4429;4453;0,033333333333333333333
4429;4463;0,033333333333333333333
4429;4467;0,033333333333333333333
4429;4471;0,033333333333333333333
4429;4472;0,033333333333333333333
4429;4474;0,033333333333333333333
4429;4475;0,033333333333333333333
4429;6520;0,033333333333333333333
4429;17516;0,033333333333333333333
4434;822;0,500000000000000000000
4434;15887;0,500000000000000000000
4435;19402;1,000000000000000000000
4453;1498;1,000000000000000000000
4470;4437;1,000000000000000000000
4472;104;0,333333333333333333333
4472;839;0,333333333333333333333
4472;1498;0,333333333333333333333
4475;4299;1,000000000000000000000
4486;689;1,000000000000000000000
4491;4262;0,600000000000000000000
4491;7221;0,200000000000000000000
4491;8723;0,200000000000000000000
4498;2822;1,000000000000000000000
4507;101;0,333333333333333333333
4507;1276;0,666666666666666666666
4512;644;0,250000000000000000000
4512;2181;0,250000000000000000000
4512;2364;0,250000000000000000000
4512;16653;0,250000000000000000000
4513;9967;1,000000000000000000000
4518;1700;1,000000000000000000000
4526;1562;1,000000000000000000000
4530;111;0,200000000000000000000
4530;332;0,100000000000000000000
4530;754;0,100000000000000000000
4530;1025;0,100000000000000000000
4530;1391;0,100000000000000000000
4530;2111;0,100000000000000000000
4530;2175;0,100000000000000000000
4530;6723;0,100000000000000000000
4530;84925;0,100000000000000000000
4552;41;0,500000000000000000000
4552;1261;0,500000000000000000000
4553;254;0,125000000000000000000
4553;798;0,250000000000000000000
4553;983;0,125000000000000000000
4553;984;0,125000000000000000000
4553;4821;0,125000000000000000000
4553;8489;0,125000000000000000000
4553;24460;0,125000000000000000000
4586;17572;1,000000000000000000000
4592;1515;0,250000000000000000000
4592;2510;0,125000000000000000000
4592;4117;0,250000000000000000000
4592;4398;0,125000000000000000000
4592;5719;0,125000000000000000000
4592;35009;0,125000000000000000000
4621;25488;0,500000000000000000000
4621;357817;0,500000000000000000000
4638;275;0,500000000000000000000
4638;642;0,500000000000000000000
4639;576;0,666666666666666666666
4639;3694;0,333333333333333333333
4695;644;0,333333333333333333333
4695;1231;0,666666666666666666666
4697;3418;0,800000000000000000000
4697;8568;0,200000000000000000000
4713;251;1,000000000000000000000
4719;1111;0,500000000000000000000
4719;2396;0,500000000000000000000
4729;1563;0,333333333333333333333
4729;2487;0,333333333333333333333
4729;3069;0,333333333333333333333
4747;1142;0,666666666666666666666
4747;1342;0,333333333333333333333
4748;8633;1,000000000000000000000
4777;846;0,500000000000000000000
4777;2834;0,500000000000000000000
4803;273;0,083333333333333333333
4803;918;0,083333333333333333333
4803;4625;0,083333333333333333333
4803;8044;0,083333333333333333333
4803;17426;0,083333333333333333333
4803;17826;0,083333333333333333333
4803;28457;0,083333333333333333333
4803;278192;0,083333333333333333333
4803;327099;0,083333333333333333333
4803;327859;0,083333333333333333333
4803;366869;0,083333333333333333333
4803;382779;0,083333333333333333333
4821;1946;0,500000000000000000000
4821;21697;0,500000000000000000000
4825;5628;1,000000000000000000000
4852;890;0,250000000000000000000
4852;2479;0,500000000000000000000
4852;3141;0,250000000000000000000
4853;2355;1,000000000000000000000
4933;367451;1,000000000000000000000
4942;3575;1,000000000000000000000
5016;74;0,027027027027027027027
5016;214;0,027027027027027027027
5016;360;0,027027027027027027027
5016;420;0,027027027027027027027
5016;527;0,027027027027027027027
5016;652;0,027027027027027027027
5016;808;0,027027027027027027027
5016;839;0,027027027027027027027
5016;966;0,027027027027027027027
5016;972;0,027027027027027027027
5016;999;0,027027027027027027027
5016;1085;0,027027027027027027027
5016;1501;0,027027027027027027027
5016;1556;0,027027027027027027027
5016;1981;0,027027027027027027027
5016;1991;0,027027027027027027027
5016;2080;0,054054054054054054054
5016;2515;0,027027027027027027027
5016;3260;0,027027027027027027027
5016;3508;0,027027027027027027027
5016;3585;0,054054054054054054054
5016;3678;0,027027027027027027027
5016;3763;0,027027027027027027027
5016;3827;0,027027027027027027027
5016;6349;0,027027027027027027027
5016;7322;0,027027027027027027027
5016;8909;0,027027027027027027027
5016;9719;0,027027027027027027027
5016;9720;0,027027027027027027027
5016;9722;0,027027027027027027027
5016;13158;0,027027027027027027027
5016;15762;0,027027027027027027027
5016;37815;0,027027027027027027027
5016;42210;0,027027027027027027027
5016;653504;0,027027027027027027027
5029;2591;1,000000000000000000000
5053;1840;1,000000000000000000000
5054;2865;1,000000000000000000000
5061;8910;1,000000000000000000000
5071;7209;1,000000000000000000000
5077;12591;1,000000000000000000000
5082;27173;1,000000000000000000000
5083;1180;1,000000000000000000000
5089;1843;0,500000000000000000000
5089;2198;0,500000000000000000000
5092;2275;0,500000000000000000000
5092;17323;0,500000000000000000000
5093;738;0,200000000000000000000
5093;2596;0,200000000000000000000
5093;4108;0,200000000000000000000
5093;4307;0,400000000000000000000
5119;16076;1,000000000000000000000
5144;965;1,000000000000000000000
5149;54;0,142857142857142857142
5149;658;0,142857142857142857142
5149;846;0,142857142857142857142
5149;2021;0,142857142857142857142
5149;2184;0,142857142857142857142
5149;3105;0,142857142857142857142
5149;41776;0,142857142857142857142
5158;4890;1,000000000000000000000
5163;5682;1,000000000000000000000
5167;6828;1,000000000000000000000
5168;1397;0,333333333333333333333
5168;3214;0,666666666666666666666
5175;16845;1,000000000000000000000
5177;689;0,142857142857142857142
5177;3436;0,428571428571428571428
5177;4621;0,285714285714285714285
5177;50959;0,142857142857142857142
5214;3296;0,666666666666666666666
5214;13372;0,333333333333333333333
5219;497;0,076923076923076923076
5219;766;0,076923076923076923076
5219;1101;0,076923076923076923076
5219;1667;0,076923076923076923076
5219;2046;0,076923076923076923076
5219;2272;0,153846153846153846153
5219;2738;0,076923076923076923076
5219;3268;0,076923076923076923076
5219;3296;0,076923076923076923076
5219;5564;0,076923076923076923076
5219;9418;0,076923076923076923076
5219;10946;0,076923076923076923076
5257;273;1,000000000000000000000
5264;3071;0,666666666666666666666
5264;8826;0,333333333333333333333
5289;8095;1,000000000000000000000
5306;826;1,000000000000000000000
5329;1897;0,500000000000000000000
5329;2657;0,500000000000000000000
5338;645;0,500000000000000000000
5338;1657;0,500000000000000000000
5351;20969;1,000000000000000000000
5354;1175;0,047619047619047619047
5354;2277;0,047619047619047619047
5354;3100;0,047619047619047619047
5354;5511;0,047619047619047619047
5354;8056;0,047619047619047619047
5354;9350;0,047619047619047619047
5354;10941;0,047619047619047619047
5354;12500;0,095238095238095238095
5354;27929;0,047619047619047619047
5354;27931;0,047619047619047619047
5354;27953;0,047619047619047619047
5354;27966;0,047619047619047619047
5354;27968;0,047619047619047619047
5354;27973;0,047619047619047619047
5354;28010;0,047619047619047619047
5354;28017;0,047619047619047619047
5354;28019;0,047619047619047619047
5354;28030;0,047619047619047619047
5354;28032;0,047619047619047619047
5354;191488;0,047619047619047619047
5360;440509;1,000000000000000000000
5367;2147;1,000000000000000000000
5383;625;1,000000000000000000000
5430;5782;1,000000000000000000000
5440;794;0,500000000000000000000
5440;5637;0,500000000000000000000
5443;621;1,000000000000000000000
5445;621;1,000000000000000000000
5464;380;0,200000000000000000000
5464;3776;0,400000000000000000000
5464;5009;0,200000000000000000000
5464;8202;0,200000000000000000000
5470;1293;1,000000000000000000000
5506;2438;1,000000000000000000000
5513;883;0,333333333333333333333
5513;1606;0,333333333333333333333
5513;660708;0,333333333333333333333
5519;1231;0,500000000000000000000
5519;5441;0,500000000000000000000
5543;1239;0,062500000000000000000
5543;3273;0,062500000000000000000
5543;3650;0,062500000000000000000
5543;4538;0,187500000000000000000
5543;5309;0,062500000000000000000
5543;5784;0,062500000000000000000
5543;6681;0,062500000000000000000
5543;7131;0,062500000000000000000
5543;7151;0,062500000000000000000
5543;7240;0,062500000000000000000
5543;9112;0,062500000000000000000
5543;15975;0,062500000000000000000
5543;16656;0,062500000000000000000
5543;16663;0,062500000000000000000
5564;192;0,166666666666666666666
5564;1066;0,166666666666666666666
5564;6320;0,166666666666666666666
5564;10946;0,500000000000000000000
5578;3753;0,666666666666666666666
5578;494193;0,333333333333333333333
5591;1504;1,000000000000000000000
5603;2596;1,000000000000000000000
5610;1902;1,000000000000000000000
5611;423;0,666666666666666666666
5611;1942;0,333333333333333333333
5613;23;0,007936507936507936507
5613;115;0,007936507936507936507
5613;176;0,007936507936507936507
5613;198;0,007936507936507936507
5613;201;0,007936507936507936507
5613;360;0,007936507936507936507
5613;490;0,007936507936507936507
5613;543;0,015873015873015873015
5613;579;0,007936507936507936507
5613;607;0,007936507936507936507
5613;652;0,007936507936507936507
5613;727;0,007936507936507936507
5613;844;0,007936507936507936507
5613;855;0,007936507936507936507
5613;885;0,007936507936507936507
5613;886;0,007936507936507936507
5613;1053;0,007936507936507936507
5613;1120;0,007936507936507936507
5613;1210;0,007936507936507936507
5613;1307;0,007936507936507936507
5613;1501;0,007936507936507936507
5613;1585;0,007936507936507936507
5613;1719;0,007936507936507936507
5613;1841;0,007936507936507936507
5613;1843;0,007936507936507936507
5613;1855;0,007936507936507936507
5613;1864;0,007936507936507936507
5613;1949;0,007936507936507936507
5613;1956;0,007936507936507936507
5613;2048;0,007936507936507936507
5613;2117;0,007936507936507936507
5613;2125;0,007936507936507936507
5613;2162;0,007936507936507936507
5613;2198;0,007936507936507936507
5613;2199;0,007936507936507936507
5613;2210;0,007936507936507936507
5613;2278;0,007936507936507936507
5613;2288;0,007936507936507936507
5613;2352;0,007936507936507936507
5613;2440;0,007936507936507936507
5613;2621;0,007936507936507936507
5613;2704;0,007936507936507936507
5613;2794;0,007936507936507936507
5613;2850;0,007936507936507936507
5613;2851;0,023809523809523809523
5613;2884;0,007936507936507936507
5613;3015;0,007936507936507936507
5613;3164;0,007936507936507936507
5613;3235;0,007936507936507936507
5613;3480;0,007936507936507936507
5613;3481;0,007936507936507936507
5613;3508;0,007936507936507936507
5613;3532;0,007936507936507936507
5613;3567;0,007936507936507936507
5613;3678;0,007936507936507936507
5613;3763;0,007936507936507936507
5613;3815;0,007936507936507936507
5613;3891;0,007936507936507936507
5613;3911;0,007936507936507936507
5613;4004;0,007936507936507936507
5613;4257;0,007936507936507936507
5613;4268;0,007936507936507936507
5613;4355;0,015873015873015873015
5613;4486;0,007936507936507936507
5613;4814;0,007936507936507936507
5613;4860;0,007936507936507936507
5613;4933;0,007936507936507936507
5613;4935;0,007936507936507936507
5613;5061;0,007936507936507936507
5613;5088;0,007936507936507936507
5613;5089;0,007936507936507936507
5613;5172;0,007936507936507936507
5613;5329;0,007936507936507936507
5613;5493;0,007936507936507936507
5613;5521;0,007936507936507936507
5613;5528;0,007936507936507936507
5613;6406;0,007936507936507936507
5613;6557;0,007936507936507936507
5613;6856;0,007936507936507936507
5613;6994;0,007936507936507936507
5613;6997;0,007936507936507936507
5613;7920;0,007936507936507936507
5613;8062;0,007936507936507936507
5613;8513;0,007936507936507936507
5613;8909;0,007936507936507936507
5613;9300;0,007936507936507936507
5613;9338;0,007936507936507936507
5613;9360;0,007936507936507936507
5613;9468;0,007936507936507936507
5613;9476;0,007936507936507936507
5613;9542;0,007936507936507936507
5613;10480;0,007936507936507936507
5613;10640;0,007936507936507936507
5613;12577;0,007936507936507936507
5613;13122;0,007936507936507936507
5613;13158;0,007936507936507936507
5613;13178;0,007936507936507936507
5613;13907;0,007936507936507936507
5613;14602;0,007936507936507936507
5613;14683;0,007936507936507936507
5613;14803;0,007936507936507936507
5613;14881;0,007936507936507936507
5613;15331;0,007936507936507936507
5613;15762;0,007936507936507936507
5613;15888;0,007936507936507936507
5613;16280;0,007936507936507936507
5613;17584;0,007936507936507936507
5613;17622;0,007936507936507936507
5613;17665;0,007936507936507936507
5613;17727;0,007936507936507936507
5613;18070;0,007936507936507936507
5613;18396;0,007936507936507936507
5613;21005;0,007936507936507936507
5613;22702;0,007936507936507936507
5613;22705;0,007936507936507936507
5613;22708;0,007936507936507936507
5613;22880;0,007936507936507936507
5613;23930;0,007936507936507936507
5613;23953;0,007936507936507936507
5613;23954;0,007936507936507936507
5613;72209;0,007936507936507936507
5613;508789;0,007936507936507936507
5617;189452;1,000000000000000000000
5626;351;0,052631578947368421052
5626;396;0,105263157894736842105
5626;407;0,105263157894736842105
5626;458;0,105263157894736842105
5626;975;0,052631578947368421052
5626;1085;0,052631578947368421052
5626;1556;0,052631578947368421052
5626;2585;0,052631578947368421052
5626;2630;0,052631578947368421052
5626;3038;0,052631578947368421052
5626;3779;0,052631578947368421052
5626;3827;0,052631578947368421052
5626;3891;0,052631578947368421052
5626;5012;0,052631578947368421052
5626;6326;0,052631578947368421052
5626;7626;0,052631578947368421052
5627;148;1,000000000000000000000
5628;2293;0,250000000000000000000
5628;3245;0,250000000000000000000
5628;4825;0,250000000000000000000
5628;189452;0,250000000000000000000
5629;57838;1,000000000000000000000
5632;622;0,500000000000000000000
5632;9381;0,500000000000000000000
5635;18149;0,500000000000000000000
5635;18300;0,500000000000000000000
5637;5440;0,333333333333333333333
5637;13074;0,333333333333333333333
5637;440566;0,333333333333333333333
5640;517;1,000000000000000000000
5647;849;0,090909090909090909090
5647;850;0,090909090909090909090
5647;1024;0,090909090909090909090
5647;4344;0,090909090909090909090
5647;11249;0,090909090909090909090
5647;13482;0,090909090909090909090
5647;29667;0,272727272727272727272
5647;55134;0,090909090909090909090
5647;511019;0,090909090909090909090
5651;2491;0,666666666666666666666
5651;2648;0,333333333333333333333
5660;3095;1,000000000000000000000
5691;12394;1,000000000000000000000
5700;853;1,000000000000000000000
5753;1697;0,500000000000000000000
5753;3359;0,500000000000000000000
5782;5430;1,000000000000000000000
5784;1239;0,333333333333333333333
5784;5543;0,333333333333333333333
5784;7131;0,333333333333333333333
5790;12706;1,000000000000000000000
5851;13644;1,000000000000000000000
5856;4268;1,000000000000000000000
5886;362;0,500000000000000000000
5886;3665;0,500000000000000000000
5918;1596;0,500000000000000000000
5918;2772;0,500000000000000000000
5922;4187;1,000000000000000000000
5935;520;0,750000000000000000000
5935;1182;0,250000000000000000000
5991;3038;1,000000000000000000000
6000;2140;0,500000000000000000000
6000;12563;0,500000000000000000000
6007;13671;1,000000000000000000000
6045;6499;1,000000000000000000000
6048;793;0,500000000000000000000
6048;995;0,500000000000000000000
6058;2851;1,000000000000000000000
6130;2792;0,500000000000000000000
6130;3825;0,500000000000000000000
6151;6430;1,000000000000000000000
6169;848;0,200000000000000000000
6169;1938;0,800000000000000000000
6189;475;0,333333333333333333333
6189;4262;0,333333333333333333333
6189;6213;0,333333333333333333333
6203;625;1,000000000000000000000
6234;815;1,000000000000000000000
6267;1322;1,000000000000000000000
6316;1121;0,500000000000000000000
6316;2147;0,500000000000000000000
6347;250;0,800000000000000000000
6347;1889;0,200000000000000000000
6349;527;0,500000000000000000000
6349;1588;0,500000000000000000000
6353;244;1,000000000000000000000
6413;23886;1,000000000000000000000
6419;1220;0,333333333333333333333
6419;1771;0,333333333333333333333
6419;2275;0,333333333333333333333
6444;85;1,000000000000000000000
6461;1018;0,250000000000000000000
6461;1082;0,250000000000000000000
6461;2433;0,250000000000000000000
6461;11656;0,250000000000000000000
6468;115;1,000000000000000000000
6483;1077;0,166666666666666666666
6483;1180;0,166666666666666666666
6483;3905;0,166666666666666666666
6483;4292;0,166666666666666666666
6483;4976;0,166666666666666666666
6483;5016;0,166666666666666666666
6498;2479;1,000000000000000000000
6502;564;0,250000000000000000000
6502;1657;0,250000000000000000000
6502;2802;0,500000000000000000000
6503;13796;1,000000000000000000000
6509;140271;1,000000000000000000000
6524;1276;1,000000000000000000000
6543;222;0,333333333333333333333
6543;4553;0,333333333333333333333
6543;8489;0,333333333333333333333
6554;1040;0,333333333333333333333
6554;2961;0,333333333333333333333
6554;3763;0,333333333333333333333
6567;13476;1,000000000000000000000
6581;2023;0,500000000000000000000
6581;18247;0,500000000000000000000
6634;1064;0,666666666666666666666
6634;9951;0,333333333333333333333
6635;1504;1,000000000000000000000
6701;2632;0,500000000000000000000
6701;5700;0,500000000000000000000
6721;600;0,500000000000000000000
6721;3007;0,500000000000000000000
6723;285;0,500000000000000000000
6723;1967;0,500000000000000000000
6765;2275;0,300000000000000000000
6765;2287;0,300000000000000000000
6765;11369;0,300000000000000000000
6765;383069;0,100000000000000000000
6773;394755;1,000000000000000000000
6792;12339;1,000000000000000000000
6812;750;0,333333333333333333333
6812;3401;0,333333333333333333333
6812;343424;0,333333333333333333333
6856;885;1,000000000000000000000
6892;1004;0,500000000000000000000
6892;3877;0,250000000000000000000
6892;9722;0,250000000000000000000
6913;4108;0,200000000000000000000
6913;4345;0,800000000000000000000
6918;1771;0,333333333333333333333
6918;25205;0,333333333333333333333
6918;373677;0,333333333333333333333
6929;4835;1,000000000000000000000
6930;3496;1,000000000000000000000
6962;475;1,000000000000000000000
7030;1591;0,500000000000000000000
7030;8910;0,500000000000000000000
7049;1570;0,166666666666666666666
7049;1583;0,666666666666666666666
7049;10020;0,166666666666666666666
7080;2834;1,000000000000000000000
7095;3178;0,222222222222222222222
7095;3197;0,111111111111111111111
7095;3318;0,111111111111111111111
7095;4145;0,111111111111111111111
7095;9288;0,222222222222222222222
7095;119973;0,222222222222222222222
7111;3105;1,000000000000000000000
7126;11902;1,000000000000000000000
7135;5077;1,000000000000000000000
7142;85;0,500000000000000000000
7142;1779;0,250000000000000000000
7142;251238;0,250000000000000000000
7151;16647;1,000000000000000000000
7160;2661;1,000000000000000000000
7209;320;0,200000000000000000000
7209;5071;0,600000000000000000000
7209;28970;0,200000000000000000000
7221;9184;1,000000000000000000000
7399;7748;1,000000000000000000000
7418;208;0,250000000000000000000
7418;2206;0,500000000000000000000
7418;3957;0,250000000000000000000
7434;1839;1,000000000000000000000
7543;551;0,021739130434782608695
7543;600;0,043478260869565217391
7543;859;0,021739130434782608695
7543;1344;0,021739130434782608695
7543;1454;0,021739130434782608695
7543;1898;0,021739130434782608695
7543;2435;0,021739130434782608695
7543;2743;0,043478260869565217391
7543;2786;0,021739130434782608695
7543;3420;0,043478260869565217391
7543;3683;0,021739130434782608695
7543;3685;0,043478260869565217391
7543;4587;0,021739130434782608695
7543;5136;0,021739130434782608695
7543;7975;0,043478260869565217391
7543;8212;0,021739130434782608695
7543;12959;0,043478260869565217391
7543;23759;0,043478260869565217391
7543;27613;0,021739130434782608695
7543;152027;0,413043478260869565217
7543;329272;0,021739130434782608695
7546;5441;1,000000000000000000000
7560;4039;0,333333333333333333333
7560;4748;0,666666666666666666666
7564;2385;0,500000000000000000000
7564;4380;0,500000000000000000000
7574;3827;0,400000000000000000000
7574;5626;0,600000000000000000000
7586;2041;1,000000000000000000000
7626;248840;1,000000000000000000000
7650;13265;1,000000000000000000000
7694;12706;0,600000000000000000000
7694;28970;0,400000000000000000000
7711;1094;1,000000000000000000000
7713;131383;1,000000000000000000000
7741;3563;0,500000000000000000000
7741;9722;0,500000000000000000000
7748;7399;0,500000000000000000000
7748;368117;0,500000000000000000000
7755;27349;1,000000000000000000000
7756;189;0,500000000000000000000
7756;568;0,250000000000000000000
7756;1840;0,250000000000000000000
7759;192;0,100000000000000000000
7759;496;0,100000000000000000000
7759;497;0,100000000000000000000
7759;841;0,100000000000000000000
7759;2147;0,100000000000000000000
7759;5632;0,100000000000000000000
7759;19031;0,200000000000000000000
7759;284854;0,100000000000000000000
7759;308238;0,100000000000000000000
7767;9430;1,000000000000000000000
7780;525330;1,000000000000000000000
7793;2054;1,000000000000000000000
7874;8044;1,000000000000000000000
7906;411;0,200000000000000000000
7906;869;0,400000000000000000000
7906;1765;0,200000000000000000000
7906;12563;0,200000000000000000000
7920;652;0,500000000000000000000
7920;3164;0,500000000000000000000
7968;891;0,500000000000000000000
7968;1497;0,500000000000000000000
7975;83;0,125000000000000000000
7975;219;0,125000000000000000000
7975;406;0,125000000000000000000
7975;846;0,125000000000000000000
7975;1222;0,125000000000000000000
7975;1894;0,125000000000000000000
7975;5536;0,125000000000000000000
7975;7095;0,125000000000000000000
7983;12706;1,000000000000000000000
7994;2195;1,000000000000000000000
8044;7874;1,000000000000000000000
8056;5354;1,000000000000000000000
8090;151929;1,000000000000000000000
8095;284;0,333333333333333333333
8095;861;0,333333333333333333333
8095;216172;0,333333333333333333333
8106;239964;1,000000000000000000000
8109;945;1,000000000000000000000
8156;521;0,666666666666666666666
8156;4225;0,333333333333333333333
8205;2425;0,666666666666666666666
8205;11369;0,333333333333333333333
8229;8636;1,000000000000000000000
8255;565;0,023255813953488372093
8255;1458;0,023255813953488372093
8255;1459;0,023255813953488372093
8255;1506;0,023255813953488372093
8255;1516;0,023255813953488372093
8255;1925;0,023255813953488372093
8255;1943;0,023255813953488372093
8255;2520;0,023255813953488372093
8255;2588;0,023255813953488372093
8255;2995;0,023255813953488372093
8255;3225;0,023255813953488372093
8255;3842;0,023255813953488372093
8255;3879;0,023255813953488372093
8255;3940;0,023255813953488372093
8255;4534;0,023255813953488372093
8255;4841;0,023255813953488372093
8255;4954;0,023255813953488372093
8255;5037;0,023255813953488372093
8255;5363;0,023255813953488372093
8255;5392;0,023255813953488372093
8255;5396;0,023255813953488372093
8255;6739;0,023255813953488372093
8255;6960;0,023255813953488372093
8255;7015;0,023255813953488372093
8255;7873;0,023255813953488372093
8255;8372;0,023255813953488372093
8255;8687;0,023255813953488372093
8255;8698;0,023255813953488372093
8255;8708;0,023255813953488372093
8255;10491;0,023255813953488372093
8255;12119;0,023255813953488372093
8255;12431;0,023255813953488372093
8255;12439;0,023255813953488372093
8255;12763;0,023255813953488372093
8255;12764;0,023255813953488372093
8255;12765;0,023255813953488372093
8255;12766;0,023255813953488372093
8255;12767;0,023255813953488372093
8255;12768;0,023255813953488372093
8255;12769;0,023255813953488372093
8255;12770;0,023255813953488372093
8255;12771;0,023255813953488372093
8255;12772;0,023255813953488372093
8268;4091;0,333333333333333333333
8268;5627;0,333333333333333333333
8268;8267;0,333333333333333333333
8348;246;0,055555555555555555555
8348;1497;0,055555555555555555555
8348;1696;0,055555555555555555555
8348;2337;0,055555555555555555555
8348;2371;0,055555555555555555555
8348;2678;0,055555555555555555555
8348;3844;0,055555555555555555555
8348;3978;0,055555555555555555555
8348;4728;0,055555555555555555555
8348;9376;0,055555555555555555555
8348;9462;0,055555555555555555555
8348;12385;0,055555555555555555555
8348;17773;0,055555555555555555555
8348;17789;0,055555555555555555555
8348;23562;0,055555555555555555555
8348;27527;0,055555555555555555555
8348;27535;0,055555555555555555555
8348;27539;0,055555555555555555555
8353;2098;1,000000000000000000000
8366;1098;0,400000000000000000000
8366;5011;0,200000000000000000000
8366;8000;0,400000000000000000000
8373;3178;0,666666666666666666666
8373;119973;0,333333333333333333333
8440;1182;0,916666666666666666666
8440;5935;0,083333333333333333333
8441;35;0,666666666666666666666
8441;848;0,333333333333333333333
8442;520;0,666666666666666666666
8442;4379;0,333333333333333333333
8446;8366;1,000000000000000000000
8464;613;0,500000000000000000000
8464;4991;0,500000000000000000000
8465;240;0,019047619047619047619
8465;362;0,019047619047619047619
8465;475;0,019047619047619047619
8465;479;0,019047619047619047619
8465;520;0,019047619047619047619
8465;525;0,019047619047619047619
8465;642;0,009523809523809523809
8465;706;0,019047619047619047619
8465;793;0,019047619047619047619
8465;826;0,009523809523809523809
8465;852;0,019047619047619047619
8465;1107;0,019047619047619047619
8465;1171;0,019047619047619047619
8465;1313;0,019047619047619047619
8465;1314;0,019047619047619047619
8465;1315;0,019047619047619047619
8465;1748;0,019047619047619047619
8465;1938;0,019047619047619047619
8465;2306;0,019047619047619047619
8465;2374;0,009523809523809523809
8465;2490;0,019047619047619047619
8465;2491;0,019047619047619047619
8465;2815;0,019047619047619047619
8465;3038;0,019047619047619047619
8465;3374;0,019047619047619047619
8465;3590;0,019047619047619047619
8465;4219;0,019047619047619047619
8465;4242;0,019047619047619047619
8465;4497;0,019047619047619047619
8465;4706;0,019047619047619047619
8465;4835;0,019047619047619047619
8465;4991;0,019047619047619047619
8465;4998;0,019047619047619047619
8465;4999;0,019047619047619047619
8465;5001;0,019047619047619047619
8465;5002;0,019047619047619047619
8465;5003;0,019047619047619047619
8465;5005;0,019047619047619047619
8465;5011;0,019047619047619047619
8465;5013;0,019047619047619047619
8465;5015;0,019047619047619047619
8465;5019;0,019047619047619047619
8465;5666;0,019047619047619047619
8465;5935;0,019047619047619047619
8465;8438;0,019047619047619047619
8465;8442;0,019047619047619047619
8465;8458;0,019047619047619047619
8465;8460;0,019047619047619047619
8465;8462;0,019047619047619047619
8465;8470;0,019047619047619047619
8465;8473;0,019047619047619047619
8465;8476;0,019047619047619047619
8465;21271;0,019047619047619047619
8465;310049;0,019047619047619047619
8466;479;1,000000000000000000000
8473;479;0,500000000000000000000
8473;8450;0,500000000000000000000
8489;85;0,058823529411764705882
8489;182;0,058823529411764705882
8489;247;0,058823529411764705882
8489;254;0,058823529411764705882
8489;469;0,058823529411764705882
8489;472;0,058823529411764705882
8489;1639;0,058823529411764705882
8489;1917;0,058823529411764705882
8489;1981;0,058823529411764705882
8489;2302;0,058823529411764705882
8489;2464;0,058823529411764705882
8489;3246;0,058823529411764705882
8489;4553;0,058823529411764705882
8489;4777;0,058823529411764705882
8489;5223;0,058823529411764705882
8489;6543;0,117647058823529411764
8493;891;0,500000000000000000000
8493;3980;0,500000000000000000000
8513;5854;1,000000000000000000000
8566;396;0,600000000000000000000
8566;5626;0,400000000000000000000
8623;9;0,333333333333333333333
8623;1234;0,666666666666666666666
8641;2140;0,500000000000000000000
8641;13187;0,500000000000000000000
8648;266;1,000000000000000000000
8666;2249;1,000000000000000000000
8715;12579;0,500000000000000000000
8715;27836;0,500000000000000000000
8750;3318;1,000000000000000000000
8786;2741;0,500000000000000000000
8786;8787;0,500000000000000000000
8787;8786;1,000000000000000000000
8805;1265;0,500000000000000000000
8805;28532;0,500000000000000000000
8826;5264;1,000000000000000000000
8870;7660;1,000000000000000000000
8910;2834;0,250000000000000000000
8910;5061;0,500000000000000000000
8910;7030;0,250000000000000000000
8975;244;1,000000000000000000000
8985;3791;1,000000000000000000000
8999;4274;1,000000000000000000000
9015;4206;1,000000000000000000000
9019;527;0,500000000000000000000
9019;4307;0,500000000000000000000
9026;2779;1,000000000000000000000
9068;2510;1,000000000000000000000
9069;2425;1,000000000000000000000
9090;9686;1,000000000000000000000
9098;1596;1,000000000000000000000
9114;3158;1,000000000000000000000
9184;7221;1,000000000000000000000
9226;119;0,500000000000000000000
9226;435;0,500000000000000000000
9288;3178;1,000000000000000000000
9350;170;0,083333333333333333333
9350;248;0,083333333333333333333
9350;1639;0,083333333333333333333
9350;2474;0,083333333333333333333
9350;2523;0,083333333333333333333
9350;3262;0,083333333333333333333
9350;3848;0,083333333333333333333
9350;3869;0,083333333333333333333
9350;8856;0,083333333333333333333
9350;9665;0,083333333333333333333
9350;10197;0,083333333333333333333
9350;27973;0,083333333333333333333
9356;3085;0,333333333333333333333
9356;3436;0,333333333333333333333
9356;189452;0,333333333333333333333
9367;14124;1,000000000000000000000
9382;57838;0,500000000000000000000
9382;259831;0,500000000000000000000
9391;206;0,500000000000000000000
9391;1109;0,500000000000000000000
9395;2064;0,250000000000000000000
9395;27173;0,750000000000000000000
9409;1401;0,500000000000000000000
9409;2280;0,500000000000000000000
9410;9433;1,000000000000000000000
9412;1121;1,000000000000000000000
9430;866;0,666666666666666666666
9430;7767;0,333333333333333333333
9431;378;0,500000000000000000000
9431;1473;0,500000000000000000000
9433;9410;1,000000000000000000000
9483;982;1,000000000000000000000
9510;13899;1,000000000000000000000
9513;1073;0,142857142857142857142
9513;1157;0,142857142857142857142
9513;1984;0,142857142857142857142
9513;1985;0,142857142857142857142
9513;4918;0,142857142857142857142
9513;4919;0,142857142857142857142
9513;8164;0,142857142857142857142
9554;29376;0,750000000000000000000
9554;385198;0,250000000000000000000
9615;398;1,000000000000000000000
9668;417;0,166666666666666666666
9668;3219;0,166666666666666666666
9668;7480;0,166666666666666666666
9668;8516;0,166666666666666666666
9668;9722;0,166666666666666666666
9668;47352;0,166666666666666666666
9674;2287;1,000000000000000000000
9686;7532;1,000000000000000000000
9691;861;1,000000000000000000000
9721;1600;0,500000000000000000000
9721;2512;0,500000000000000000000
9722;1227;0,666666666666666666666
9722;6892;0,333333333333333333333
9723;3877;1,000000000000000000000
9762;1227;0,666666666666666666666
9762;4225;0,333333333333333333333
9807;877;0,333333333333333333333
9807;2779;0,666666666666666666666
9832;1831;1,000000000000000000000
9846;1025;1,000000000000000000000
9898;2512;1,000000000000000000000
9910;4995;1,000000000000000000000
9924;1284;0,333333333333333333333
9924;3118;0,333333333333333333333
9924;9925;0,333333333333333333333
9941;2080;1,000000000000000000000
9951;1014;0,058823529411764705882
9951;1560;0,058823529411764705882
9951;1700;0,117647058823529411764
9951;3647;0,058823529411764705882
9951;3648;0,058823529411764705882
9951;3768;0,058823529411764705882
9951;4526;0,058823529411764705882
9951;5601;0,058823529411764705882
9951;6634;0,058823529411764705882
9951;11476;0,058823529411764705882
9951;13291;0,058823529411764705882
9951;19176;0,058823529411764705882
9951;20915;0,058823529411764705882
9951;21396;0,058823529411764705882
9951;21750;0,058823529411764705882
9951;284856;0,058823529411764705882
9968;3141;1,000000000000000000000
10020;845;0,333333333333333333333
10020;1271;0,333333333333333333333
10020;1591;0,166666666666666666666
10020;4117;0,166666666666666666666
10093;1697;0,333333333333333333333
10093;2230;0,333333333333333333333
10093;3359;0,333333333333333333333
10169;1121;1,000000000000000000000
10175;4081;1,000000000000000000000
10188;113;0,058823529411764705882
10188;249;0,058823529411764705882
10188;281;0,058823529411764705882
10188;678;0,058823529411764705882
10188;1745;0,058823529411764705882
10188;2111;0,058823529411764705882
10188;2661;0,058823529411764705882
10188;2684;0,058823529411764705882
10188;3029;0,058823529411764705882
10188;3395;0,058823529411764705882
10188;3619;0,058823529411764705882
10188;4219;0,058823529411764705882
10188;7160;0,058823529411764705882
10188;21154;0,235294117647058823529
10241;83103;1,000000000000000000000
10255;1959;1,000000000000000000000
10338;748;0,250000000000000000000
10338;1785;0,250000000000000000000
10338;76428;0,500000000000000000000
10602;440509;1,000000000000000000000
10633;440509;1,000000000000000000000
10649;57838;1,000000000000000000000
10892;3251;1,000000000000000000000
10926;351;0,200000000000000000000
10926;458;0,200000000000000000000
10926;1340;0,400000000000000000000
10926;54879;0,200000000000000000000
10946;192;0,250000000000000000000
10946;5219;0,250000000000000000000
10946;5564;0,500000000000000000000
11004;4;0,500000000000000000000
11004;4374;0,500000000000000000000
11014;28600;1,000000000000000000000
11249;1574;1,000000000000000000000
11369;2275;0,200000000000000000000
11369;2425;0,400000000000000000000
11369;6765;0,200000000000000000000
11369;8205;0,200000000000000000000
11377;3871;1,000000000000000000000
11656;568;0,333333333333333333333
11656;608;0,333333333333333333333
11656;6461;0,333333333333333333333
11680;9158;1,000000000000000000000
11734;1596;0,500000000000000000000
11734;4576;0,500000000000000000000
11902;604233;1,000000000000000000000
11999;5444;1,000000000000000000000
12156;547;0,026315789473684210526
12156;689;0,026315789473684210526
12156;853;0,078947368421052631578
12156;1319;0,078947368421052631578
12156;1717;0,052631578947368421052
12156;4336;0,026315789473684210526
12156;4425;0,026315789473684210526
12156;4430;0,078947368421052631578
12156;4470;0,052631578947368421052
12156;4772;0,078947368421052631578
12156;5526;0,052631578947368421052
12156;7480;0,026315789473684210526
12156;8568;0,026315789473684210526
12156;8873;0,078947368421052631578
12156;9090;0,052631578947368421052
12156;13622;0,078947368421052631578
12156;27862;0,052631578947368421052
12156;40028;0,026315789473684210526
12156;122436;0,078947368421052631578
12165;1912;1,000000000000000000000
12362;1600;1,000000000000000000000
12390;3394;1,000000000000000000000
12394;5691;1,000000000000000000000
12430;1225;0,200000000000000000000
12430;4538;0,200000000000000000000
12430;5783;0,200000000000000000000
12430;12431;0,200000000000000000000
12430;12436;0,200000000000000000000
12433;4938;1,000000000000000000000
12435;295;0,500000000000000000000
12435;853;0,500000000000000000000
12500;5354;1,000000000000000000000
12528;329279;1,000000000000000000000
12563;120;0,028571428571428571428
12563;293;0,028571428571428571428
12563;375;0,028571428571428571428
12563;382;0,028571428571428571428
12563;395;0,057142857142857142857
12563;398;0,028571428571428571428
12563;400;0,028571428571428571428
12563;405;0,028571428571428571428
12563;413;0,028571428571428571428
12563;419;0,028571428571428571428
12563;805;0,028571428571428571428
12563;1127;0,028571428571428571428
12563;1517;0,028571428571428571428
12563;1671;0,028571428571428571428
12563;1727;0,028571428571428571428
12563;2822;0,057142857142857142857
12563;2961;0,028571428571428571428
12563;3513;0,028571428571428571428
12563;4131;0,057142857142857142857
12563;5536;0,028571428571428571428
12563;6000;0,028571428571428571428
12563;8889;0,028571428571428571428
12563;9380;0,028571428571428571428
12563;9615;0,028571428571428571428
12563;11235;0,028571428571428571428
12563;13187;0,028571428571428571428
12563;14526;0,028571428571428571428
12563;27672;0,028571428571428571428
12563;28420;0,028571428571428571428
12563;28716;0,028571428571428571428
12563;353698;0,028571428571428571428
12563;367121;0,028571428571428571428
12591;441;0,250000000000000000000
12591;1117;0,250000000000000000000
12591;3212;0,250000000000000000000
12591;5077;0,250000000000000000000
12596;66;0,200000000000000000000
12596;1180;0,800000000000000000000
12685;1448;0,333333333333333333333
12685;5623;0,333333333333333333333
12685;129892;0,333333333333333333333
12698;54;1,000000000000000000000
12706;689;0,033333333333333333333
12706;763;0,033333333333333333333
12706;1079;0,033333333333333333333
12706;1297;0,033333333333333333333
12706;1319;0,033333333333333333333
12706;1457;0,033333333333333333333
12706;1891;0,033333333333333333333
12706;2206;0,033333333333333333333
12706;2318;0,033333333333333333333
12706;3230;0,033333333333333333333
12706;3457;0,033333333333333333333
12706;3499;0,033333333333333333333
12706;3957;0,100000000000000000000
12706;4244;0,033333333333333333333
12706;5790;0,066666666666666666666
12706;6986;0,033333333333333333333
12706;7209;0,033333333333333333333
12706;7418;0,033333333333333333333
12706;7694;0,033333333333333333333
12706;12176;0,033333333333333333333
12706;13713;0,033333333333333333333
12706;13796;0,033333333333333333333
12706;13799;0,033333333333333333333
12706;28435;0,033333333333333333333
12706;28584;0,033333333333333333333
12706;28969;0,033333333333333333333
12706;54440;0,033333333333333333333
12775;1154;0,666666666666666666666
12775;283638;0,333333333333333333333
12850;3022;1,000000000000000000000
12876;5142;1,000000000000000000000
12936;6440;1,000000000000000000000
12938;9831;0,500000000000000000000
12938;44336;0,500000000000000000000
12959;27707;1,000000000000000000000
12964;2865;1,000000000000000000000
13074;5637;1,000000000000000000000
13076;24460;1,000000000000000000000
13141;1877;0,250000000000000000000
13141;331627;0,250000000000000000000
13141;365531;0,250000000000000000000
13141;365533;0,250000000000000000000
13187;5626;0,333333333333333333333
13187;8641;0,333333333333333333333
13187;20216;0,333333333333333333333
13265;970;0,300000000000000000000
13265;979;0,100000000000000000000
13265;1122;0,100000000000000000000
13265;2504;0,100000000000000000000
13265;2578;0,100000000000000000000
13265;4472;0,200000000000000000000
13265;8623;0,100000000000000000000
13291;1609;1,000000000000000000000
13329;1864;1,000000000000000000000
13369;6604;1,000000000000000000000
13372;7762;1,000000000000000000000
13396;431565;1,000000000000000000000
13476;6567;1,000000000000000000000
13482;28752;1,000000000000000000000
13502;9898;1,000000000000000000000
13580;740;1,000000000000000000000
13623;4334;0,250000000000000000000
13623;5682;0,500000000000000000000
13623;16649;0,250000000000000000000
13644;5851;1,000000000000000000000
13675;3234;1,000000000000000000000
13676;2826;1,000000000000000000000
13704;8109;1,000000000000000000000
13769;352;1,000000000000000000000
13796;3519;0,200000000000000000000
13796;6503;0,200000000000000000000
13796;12706;0,200000000000000000000
13796;381254;0,200000000000000000000
13796;381277;0,200000000000000000000
13799;5657;0,500000000000000000000
13799;28970;0,500000000000000000000
13899;1082;0,500000000000000000000
13899;9510;0,500000000000000000000
14010;3318;0,333333333333333333333
14010;8017;0,333333333333333333333
14010;25274;0,333333333333333333333
14048;1902;0,666666666666666666666
14048;714174;0,333333333333333333333
14050;1293;1,000000000000000000000
14151;2039;0,333333333333333333333
14151;2054;0,333333333333333333333
14151;59522;0,333333333333333333333
14266;1913;1,000000000000000000000
14683;3532;1,000000000000000000000
14826;1637;0,666666666666666666666
14826;3158;0,333333333333333333333
15207;1673;0,500000000000000000000
15207;1806;0,500000000000000000000
15222;373677;1,000000000000000000000
15302;7080;1,000000000000000000000
15471;275;0,062500000000000000000
15471;282;0,125000000000000000000
15471;477;0,062500000000000000000
15471;731;0,437500000000000000000
15471;3161;0,062500000000000000000
15471;95154;0,125000000000000000000
15471;173893;0,062500000000000000000
15471;282773;0,062500000000000000000
15586;475;1,000000000000000000000
15643;135;0,052631578947368421052
15643;276;0,052631578947368421052
15643;277;0,052631578947368421052
15643;352;0,052631578947368421052
15643;354;0,052631578947368421052
15643;425;0,052631578947368421052
15643;1118;0,052631578947368421052
15643;1366;0,052631578947368421052
15643;1946;0,052631578947368421052
15643;4004;0,052631578947368421052
15643;4530;0,052631578947368421052
15643;5071;0,052631578947368421052
15643;6627;0,052631578947368421052
15643;7605;0,052631578947368421052
15643;7713;0,052631578947368421052
15643;41776;0,052631578947368421052
15643;48826;0,052631578947368421052
15643;98841;0,052631578947368421052
15643;604246;0,052631578947368421052
15975;5543;0,500000000000000000000
15975;9905;0,500000000000000000000
16076;17248;1,000000000000000000000
16497;2275;0,500000000000000000000
16497;2424;0,500000000000000000000
16653;854;0,500000000000000000000
16653;4512;0,500000000000000000000
16786;2479;1,000000000000000000000
16845;17268;1,000000000000000000000
17047;9431;1,000000000000000000000
17248;527;1,000000000000000000000
17260;687941;1,000000000000000000000
17268;16845;1,000000000000000000000
17281;2467;1,000000000000000000000
17323;12269;1,000000000000000000000
17352;46;0,142857142857142857142
17352;80;0,142857142857142857142
17352;1445;0,142857142857142857142
17352;2893;0,142857142857142857142
17352;6746;0,142857142857142857142
17352;8871;0,142857142857142857142
17352;256235;0,142857142857142857142
17584;2794;0,500000000000000000000
17584;6856;0,500000000000000000000
17762;1020;1,000000000000000000000
18247;6581;0,500000000000000000000
18247;20969;0,500000000000000000000
18517;21697;1,000000000000000000000
18525;61;1,000000000000000000000
18641;749;0,142857142857142857142
18641;1696;0,142857142857142857142
18641;1925;0,142857142857142857142
18641;5338;0,142857142857142857142
18641;7660;0,142857142857142857142
18641;23562;0,142857142857142857142
18641;131383;0,142857142857142857142
18695;366867;1,000000000000000000000
19031;7759;1,000000000000000000000
19176;232;1,000000000000000000000
19402;4;0,222222222222222222222
19402;608;0,222222222222222222222
19402;1082;0,111111111111111111111
19402;4372;0,111111111111111111111
19402;4435;0,222222222222222222222
19402;28602;0,111111111111111111111
20216;5626;1,000000000000000000000
20307;530;0,500000000000000000000
20307;1220;0,500000000000000000000
20476;1731;0,500000000000000000000
20476;3095;0,500000000000000000000
20662;4240;1,000000000000000000000
20915;17720;1,000000000000000000000
20969;18247;1,000000000000000000000
21154;2111;0,500000000000000000000
21154;10188;0,500000000000000000000
21512;1293;1,000000000000000000000
21697;3842;0,333333333333333333333
21697;6430;0,333333333333333333333
21697;17521;0,333333333333333333333
22123;8985;1,000000000000000000000
22864;7906;1,000000000000000000000
23228;1903;0,500000000000000000000
23228;1913;0,500000000000000000000
23561;7968;1,000000000000000000000
24254;666007;1,000000000000000000000
24837;3911;1,000000000000000000000
25205;1771;0,333333333333333333333
25205;6918;0,333333333333333333333
25205;453859;0,333333333333333333333
25230;475;0,142857142857142857142
25230;1894;0,428571428571428571428
25230;2287;0,142857142857142857142
25230;6765;0,285714285714285714285
25488;40;0,200000000000000000000
25488;504;0,400000000000000000000
25488;8223;0,400000000000000000000
25849;6320;1,000000000000000000000
26070;945;1,000000000000000000000
26251;1041;1,000000000000000000000
26706;3551;1,000000000000000000000
27173;190;0,200000000000000000000
27173;5082;0,400000000000000000000
27173;9395;0,400000000000000000000
27175;2421;0,500000000000000000000
27175;11369;0,500000000000000000000
27478;1754;1,000000000000000000000
27615;20393;1,000000000000000000000
27950;24460;1,000000000000000000000
27966;740;1,000000000000000000000
28342;5125;1,000000000000000000000
28397;3169;1,000000000000000000000
28405;2515;1,000000000000000000000
28464;4145;0,500000000000000000000
28464;7072;0,500000000000000000000
28467;1454;1,000000000000000000000
28528;854;1,000000000000000000000
28557;689;1,000000000000000000000
28580;1850;1,000000000000000000000
28602;551;1,000000000000000000000
28629;608;1,000000000000000000000
28715;403;1,000000000000000000000
28750;5647;1,000000000000000000000
28754;1574;1,000000000000000000000
28777;2195;1,000000000000000000000
28826;189452;1,000000000000000000000
28839;233872;1,000000000000000000000
28853;373677;1,000000000000000000000
28970;54;0,005235602094240837696
28970;73;0,010471204188481675392
28970;109;0,005235602094240837696
28970;119;0,005235602094240837696
28970;132;0,005235602094240837696
28970;208;0,010471204188481675392
28970;256;0,005235602094240837696
28970;320;0,010471204188481675392
28970;322;0,005235602094240837696
28970;435;0,010471204188481675392
28970;486;0,005235602094240837696
28970;550;0,010471204188481675392
28970;560;0,010471204188481675392
28970;576;0,010471204188481675392
28970;596;0,010471204188481675392
28970;658;0,005235602094240837696
28970;689;0,005235602094240837696
28970;738;0,005235602094240837696
28970;763;0,005235602094240837696
28970;909;0,005235602094240837696
28970;914;0,005235602094240837696
28970;1068;0,010471204188481675392
28970;1079;0,005235602094240837696
28970;1089;0,005235602094240837696
28970;1184;0,010471204188481675392
28970;1255;0,015706806282722513089
28970;1265;0,010471204188481675392
28970;1297;0,005235602094240837696
28970;1319;0,005235602094240837696
28970;1348;0,010471204188481675392
28970;1374;0,010471204188481675392
28970;1457;0,010471204188481675392
28970;1487;0,005235602094240837696
28970;1663;0,005235602094240837696
28970;1664;0,005235602094240837696
28970;1721;0,005235602094240837696
28970;1867;0,010471204188481675392
28970;1891;0,010471204188481675392
28970;2007;0,005235602094240837696
28970;2021;0,005235602094240837696
28970;2115;0,010471204188481675392
28970;2181;0,010471204188481675392
28970;2182;0,010471204188481675392
28970;2184;0,010471204188481675392
28970;2206;0,005235602094240837696
28970;2310;0,005235602094240837696
28970;2318;0,005235602094240837696
28970;2509;0,005235602094240837696
28970;2726;0,005235602094240837696
28970;2792;0,010471204188481675392
28970;2882;0,005235602094240837696
28970;3104;0,010471204188481675392
28970;3120;0,010471204188481675392
28970;3135;0,010471204188481675392
28970;3372;0,010471204188481675392
28970;3433;0,010471204188481675392
28970;3471;0,010471204188481675392
28970;3499;0,005235602094240837696
28970;3694;0,010471204188481675392
28970;3957;0,005235602094240837696
28970;4041;0,010471204188481675392
28970;4150;0,005235602094240837696
28970;4172;0,010471204188481675392
28970;4244;0,010471204188481675392
28970;4639;0,010471204188481675392
28970;4744;0,010471204188481675392
28970;4780;0,005235602094240837696
28970;4931;0,010471204188481675392
28970;5180;0,005235602094240837696
28970;5212;0,005235602094240837696
28970;5262;0,005235602094240837696
28970;5415;0,010471204188481675392
28970;5457;0,010471204188481675392
28970;5657;0,010471204188481675392
28970;5789;0,010471204188481675392
28970;5790;0,010471204188481675392
28970;6130;0,005235602094240837696
28970;6472;0,010471204188481675392
28970;6567;0,010471204188481675392
28970;7209;0,010471204188481675392
28970;7418;0,005235602094240837696
28970;7598;0,005235602094240837696
28970;7694;0,010471204188481675392
28970;7716;0,005235602094240837696
28970;7983;0,010471204188481675392
28970;8081;0,010471204188481675392
28970;8568;0,005235602094240837696
28970;8671;0,010471204188481675392
28970;8805;0,005235602094240837696
28970;9226;0,010471204188481675392
28970;9394;0,005235602094240837696
28970;9506;0,005235602094240837696
28970;9618;0,005235602094240837696
28970;9622;0,005235602094240837696
28970;12176;0,010471204188481675392
28970;12247;0,010471204188481675392
28970;12466;0,010471204188481675392
28970;12572;0,010471204188481675392
28970;13095;0,010471204188481675392
28970;13329;0,005235602094240837696
28970;13476;0,005235602094240837696
28970;13720;0,010471204188481675392
28970;13721;0,010471204188481675392
28970;13797;0,005235602094240837696
28970;13798;0,005235602094240837696
28970;13799;0,005235602094240837696
28970;14733;0,010471204188481675392
28970;15895;0,010471204188481675392
28970;16937;0,005235602094240837696
28970;18276;0,010471204188481675392
28970;18277;0,010471204188481675392
28970;20853;0,010471204188481675392
28970;21161;0,010471204188481675392
28970;27216;0,010471204188481675392
28970;28119;0,005235602094240837696
28970;28289;0,005235602094240837696
28970;28336;0,005235602094240837696
28970;28407;0,010471204188481675392
28970;28532;0,010471204188481675392
28970;28584;0,005235602094240837696
28970;28600;0,005235602094240837696
28970;28605;0,005235602094240837696
28970;28607;0,010471204188481675392
28970;28983;0,005235602094240837696
28970;33843;0,005235602094240837696
30696;2850;1,000000000000000000000
31343;96;1,000000000000000000000
35009;4592;1,000000000000000000000
36186;222;0,500000000000000000000
36186;2269;0,500000000000000000000
37812;9668;1,000000000000000000000
37814;2578;1,000000000000000000000
38589;625;0,464285714285714285714
38589;635;0,035714285714285714285
38589;6203;0,464285714285714285714
38589;8003;0,035714285714285714285
38738;1094;0,666666666666666666666
38738;11552;0,333333333333333333333
40028;979;0,500000000000000000000
40028;1606;0,500000000000000000000
41565;3158;0,333333333333333333333
41565;6151;0,333333333333333333333
41565;353698;0,333333333333333333333
41776;276;0,071428571428571428571
41776;277;0,071428571428571428571
41776;354;0,071428571428571428571
41776;359;0,071428571428571428571
41776;695;0,035714285714285714285
41776;749;0,035714285714285714285
41776;945;0,071428571428571428571
41776;1042;0,035714285714285714285
41776;1945;0,071428571428571428571
41776;1946;0,071428571428571428571
41776;2424;0,035714285714285714285
41776;3095;0,035714285714285714285
41776;4586;0,071428571428571428571
41776;5149;0,107142857142857142857
41776;15643;0,071428571428571428571
41776;98841;0,071428571428571428571
42210;2388;0,500000000000000000000
42210;6406;0,500000000000000000000
44336;12938;1,000000000000000000000
47352;9668;1,000000000000000000000
48826;3429;0,333333333333333333333
48826;12685;0,333333333333333333333
48826;15643;0,333333333333333333333
48862;1976;0,142857142857142857142
48862;5523;0,142857142857142857142
48862;71411;0,142857142857142857142
48862;75827;0,142857142857142857142
48862;75828;0,142857142857142857142
48862;76428;0,142857142857142857142
48862;403195;0,142857142857142857142
49722;2932;1,000000000000000000000
54440;1891;0,454545454545454545454
54440;2131;0,181818181818181818181
54440;4150;0,272727272727272727272
54440;12706;0,090909090909090909090
54879;351;0,333333333333333333333
54879;10602;0,333333333333333333333
54879;440509;0,333333333333333333333
57838;90;0,052631578947368421052
57838;826;0,105263157894736842105
57838;906;0,052631578947368421052
57838;1475;0,052631578947368421052
57838;2998;0,052631578947368421052
57838;3991;0,052631578947368421052
57838;4720;0,052631578947368421052
57838;5437;0,052631578947368421052
57838;5629;0,052631578947368421052
57838;6189;0,052631578947368421052
57838;9382;0,052631578947368421052
57838;9393;0,052631578947368421052
57838;9839;0,052631578947368421052
57838;10649;0,052631578947368421052
57838;18258;0,052631578947368421052
57838;151009;0,052631578947368421052
57838;151929;0,052631578947368421052
57838;259831;0,052631578947368421052
59745;43;0,060606060606060606060
59745;138;0,060606060606060606060
59745;172;0,030303030303030303030
59745;283;0,030303030303030303030
59745;291;0,030303030303030303030
59745;527;0,030303030303030303030
59745;865;0,030303030303030303030
59745;1169;0,181818181818181818181
59745;1848;0,030303030303030303030
59745;2863;0,060606060606060606060
59745;3465;0,030303030303030303030
59745;3523;0,121212121212121212121
59745;3802;0,030303030303030303030
59745;10188;0,030303030303030303030
59745;78108;0,060606060606060606060
59745;184646;0,060606060606060606060
59745;366089;0,121212121212121212121
59841;602;0,062500000000000000000
59841;826;0,187500000000000000000
59841;846;0,125000000000000000000
59841;943;0,062500000000000000000
59841;1098;0,125000000000000000000
59841;1118;0,125000000000000000000
59841;1169;0,062500000000000000000
59841;2731;0,062500000000000000000
59841;4148;0,062500000000000000000
59841;366089;0,125000000000000000000
59867;490;0,500000000000000000000
59867;899;0,500000000000000000000
65998;2175;0,200000000000000000000
65998;4145;0,400000000000000000000
65998;66075;0,400000000000000000000
66075;3408;0,200000000000000000000
66075;4145;0,800000000000000000000
71411;1976;0,125000000000000000000
71411;5523;0,125000000000000000000
71411;48862;0,125000000000000000000
71411;75827;0,125000000000000000000
71411;75828;0,250000000000000000000
71411;76428;0,125000000000000000000
71411;403195;0,125000000000000000000
75230;6723;1,000000000000000000000
75827;748;0,500000000000000000000
75827;48862;0,500000000000000000000
75828;75827;1,000000000000000000000
76428;747;0,176470588235294117647
76428;748;0,176470588235294117647
76428;1853;0,058823529411764705882
76428;2734;0,117647058823529411764
76428;6201;0,058823529411764705882
76428;28517;0,058823529411764705882
76428;71411;0,058823529411764705882
76428;81648;0,117647058823529411764
76428;99942;0,176470588235294117647
77678;887;0,250000000000000000000
77678;1016;0,750000000000000000000
78108;662;0,500000000000000000000
78108;59745;0,250000000000000000000
78108;408414;0,250000000000000000000
81163;748;1,000000000000000000000
81648;747;0,166666666666666666666
81648;748;0,166666666666666666666
81648;2734;0,166666666666666666666
81648;28517;0,166666666666666666666
81648;76428;0,166666666666666666666
81648;99942;0,166666666666666666666
84925;3189;1,000000000000000000000
98841;15643;1,000000000000000000000
112062;65;0,166666666666666666666
112062;475;0,333333333333333333333
112062;826;0,166666666666666666666
112062;6189;0,333333333333333333333
113392;660;1,000000000000000000000
114536;437;0,250000000000000000000
114536;1632;0,250000000000000000000
114536;3049;0,250000000000000000000
114536;8213;0,250000000000000000000
116140;441;0,100000000000000000000
116140;517;0,200000000000000000000
116140;1117;0,150000000000000000000
116140;3395;0,050000000000000000000
116140;8253;0,200000000000000000000
116140;474028;0,100000000000000000000
116140;704910;0,200000000000000000000
119973;904;0,111111111111111111111
119973;4145;0,222222222222222222222
119973;4786;0,111111111111111111111
119973;7030;0,111111111111111111111
119973;7802;0,111111111111111111111
119973;8223;0,111111111111111111111
119973;17274;0,111111111111111111111
119973;687941;0,111111111111111111111
131383;352;0,300000000000000000000
131383;1724;0,200000000000000000000
131383;4530;0,300000000000000000000
131383;18641;0,100000000000000000000
131383;41776;0,100000000000000000000
136265;366347;1,000000000000000000000
136664;1692;1,000000000000000000000
139869;391;0,500000000000000000000
139869;2961;0,500000000000000000000
140175;261;1,000000000000000000000
140271;644;1,000000000000000000000
146462;122;0,500000000000000000000
146462;1988;0,500000000000000000000
151009;90;1,000000000000000000000
151929;826;1,000000000000000000000
157749;667;1,000000000000000000000
160268;1182;1,000000000000000000000
173893;4039;1,000000000000000000000
184646;3099;0,250000000000000000000
184646;59745;0,750000000000000000000
184987;2467;1,000000000000000000000
189452;2993;0,083333333333333333333
189452;5617;0,166666666666666666666
189452;5628;0,166666666666666666666
189452;9356;0,083333333333333333333
189452;190971;0,500000000000000000000
191488;1175;0,047619047619047619047
191488;2277;0,047619047619047619047
191488;5354;0,047619047619047619047
191488;5511;0,047619047619047619047
191488;8056;0,047619047619047619047
191488;9350;0,047619047619047619047
191488;10941;0,047619047619047619047
191488;14072;0,047619047619047619047
191488;27929;0,047619047619047619047
191488;27931;0,047619047619047619047
191488;27949;0,047619047619047619047
191488;27953;0,047619047619047619047
191488;27968;0,047619047619047619047
191488;27973;0,047619047619047619047
191488;28010;0,047619047619047619047
191488;28017;0,047619047619047619047
191488;28019;0,047619047619047619047
191488;28022;0,047619047619047619047
191488;28023;0,047619047619047619047
191488;28030;0,047619047619047619047
191488;28032;0,047619047619047619047
192866;845;0,500000000000000000000
192866;846;0,500000000000000000000
193005;1041;0,500000000000000000000
193005;1437;0,250000000000000000000
193005;192866;0,250000000000000000000
216172;1547;1,000000000000000000000
219255;2007;1,000000000000000000000
237945;57;0,500000000000000000000
237945;6523;0,500000000000000000000
238453;3083;0,500000000000000000000
238453;366672;0,500000000000000000000
239964;1655;0,285714285714285714285
239964;1673;0,142857142857142857142
239964;4293;0,142857142857142857142
239964;8106;0,428571428571428571428
239969;507;1,000000000000000000000
245879;249;0,142857142857142857142
245879;1154;0,142857142857142857142
245879;2293;0,142857142857142857142
245879;3045;0,142857142857142857142
245879;5628;0,142857142857142857142
245879;8630;0,142857142857142857142
245879;12391;0,142857142857142857142
248334;35;0,006024096385542168674
248334;240;0,006024096385542168674
248334;362;0,006024096385542168674
248334;385;0,006024096385542168674
248334;475;0,006024096385542168674
248334;479;0,006024096385542168674
248334;520;0,006024096385542168674
248334;525;0,006024096385542168674
248334;706;0,006024096385542168674
248334;758;0,006024096385542168674
248334;761;0,006024096385542168674
248334;793;0,006024096385542168674
248334;833;0,006024096385542168674
248334;975;0,006024096385542168674
248334;1058;0,006024096385542168674
248334;1098;0,006024096385542168674
248334;1107;0,006024096385542168674
248334;1171;0,006024096385542168674
248334;1182;0,006024096385542168674
248334;1290;0,006024096385542168674
248334;1313;0,006024096385542168674
248334;1314;0,006024096385542168674
248334;1347;0,006024096385542168674
248334;1512;0,006024096385542168674
248334;1527;0,006024096385542168674
248334;1554;0,006024096385542168674
248334;1650;0,006024096385542168674
248334;1748;0,006024096385542168674
248334;1778;0,006024096385542168674
248334;1845;0,006024096385542168674
248334;1938;0,006024096385542168674
248334;2204;0,006024096385542168674
248334;2306;0,006024096385542168674
248334;2374;0,006024096385542168674
248334;2490;0,006024096385542168674
248334;2491;0,006024096385542168674
248334;2648;0,006024096385542168674
248334;2652;0,006024096385542168674
248334;2815;0,006024096385542168674
248334;3038;0,006024096385542168674
248334;3097;0,006024096385542168674
248334;3108;0,006024096385542168674
248334;3169;0,006024096385542168674
248334;3188;0,006024096385542168674
248334;3209;0,006024096385542168674
248334;3374;0,006024096385542168674
248334;3563;0,006024096385542168674
248334;3579;0,006024096385542168674
248334;3585;0,006024096385542168674
248334;3586;0,006024096385542168674
248334;3587;0,006024096385542168674
248334;3588;0,006024096385542168674
248334;3590;0,006024096385542168674
248334;3665;0,006024096385542168674
248334;3708;0,006024096385542168674
248334;3738;0,006024096385542168674
248334;3741;0,006024096385542168674
248334;3827;0,006024096385542168674
248334;4108;0,006024096385542168674
248334;4137;0,006024096385542168674
248334;4219;0,006024096385542168674
248334;4222;0,006024096385542168674
248334;4225;0,006024096385542168674
248334;4228;0,006024096385542168674
248334;4242;0,006024096385542168674
248334;4379;0,006024096385542168674
248334;4497;0,006024096385542168674
248334;4603;0,006024096385542168674
248334;4622;0,006024096385542168674
248334;4706;0,006024096385542168674
248334;4835;0,006024096385542168674
248334;4991;0,006024096385542168674
248334;4999;0,006024096385542168674
248334;5001;0,006024096385542168674
248334;5002;0,006024096385542168674
248334;5003;0,006024096385542168674
248334;5005;0,006024096385542168674
248334;5007;0,006024096385542168674
248334;5011;0,006024096385542168674
248334;5012;0,006024096385542168674
248334;5013;0,006024096385542168674
248334;5015;0,006024096385542168674
248334;5019;0,006024096385542168674
248334;5484;0,006024096385542168674
248334;5886;0,006024096385542168674
248334;5935;0,006024096385542168674
248334;6006;0,006024096385542168674
248334;6048;0,006024096385542168674
248334;6169;0,006024096385542168674
248334;6532;0,006024096385542168674
248334;6883;0,006024096385542168674
248334;6929;0,006024096385542168674
248334;7532;0,006024096385542168674
248334;7574;0,006024096385542168674
248334;7578;0,006024096385542168674
248334;7626;0,006024096385542168674
248334;7699;0,006024096385542168674
248334;7739;0,006024096385542168674
248334;8000;0,006024096385542168674
248334;8022;0,006024096385542168674
248334;8172;0,006024096385542168674
248334;8366;0,006024096385542168674
248334;8434;0,006024096385542168674
248334;8435;0,006024096385542168674
248334;8436;0,006024096385542168674
248334;8437;0,006024096385542168674
248334;8438;0,006024096385542168674
248334;8439;0,006024096385542168674
248334;8440;0,006024096385542168674
248334;8441;0,006024096385542168674
248334;8442;0,006024096385542168674
248334;8443;0,006024096385542168674
248334;8445;0,006024096385542168674
248334;8446;0,006024096385542168674
248334;8447;0,006024096385542168674
248334;8448;0,006024096385542168674
248334;8450;0,006024096385542168674
248334;8453;0,006024096385542168674
248334;8454;0,006024096385542168674
248334;8455;0,006024096385542168674
248334;8456;0,006024096385542168674
248334;8457;0,006024096385542168674
248334;8458;0,006024096385542168674
248334;8459;0,006024096385542168674
248334;8460;0,006024096385542168674
248334;8461;0,006024096385542168674
248334;8462;0,006024096385542168674
248334;8463;0,006024096385542168674
248334;8464;0,006024096385542168674
248334;8465;0,006024096385542168674
248334;8466;0,006024096385542168674
248334;8467;0,006024096385542168674
248334;8468;0,006024096385542168674
248334;8469;0,006024096385542168674
248334;8470;0,006024096385542168674
248334;8471;0,006024096385542168674
248334;8472;0,006024096385542168674
248334;8473;0,006024096385542168674
248334;8475;0,006024096385542168674
248334;8476;0,006024096385542168674
248334;8477;0,006024096385542168674
248334;8478;0,006024096385542168674
248334;8479;0,006024096385542168674
248334;8483;0,006024096385542168674
248334;8484;0,006024096385542168674
248334;52385;0,006024096385542168674
248334;54774;0,006024096385542168674
248334;248828;0,006024096385542168674
248334;248830;0,006024096385542168674
248334;248831;0,006024096385542168674
248334;248832;0,006024096385542168674
248334;248833;0,006024096385542168674
248334;248834;0,006024096385542168674
248334;248835;0,006024096385542168674
248334;248836;0,006024096385542168674
248334;248837;0,006024096385542168674
248334;248838;0,006024096385542168674
248334;248839;0,006024096385542168674
248334;248840;0,006024096385542168674
248334;248841;0,006024096385542168674
248334;256951;0,006024096385542168674
248334;278274;0,006024096385542168674
248334;310049;0,006024096385542168674
248334;317905;0,006024096385542168674
248334;418454;0,006024096385542168674
248334;759294;0,006024096385542168674
248831;365536;1,000000000000000000000
248832;347540;1,000000000000000000000
248834;335189;1,000000000000000000000
248835;1098;1,000000000000000000000
248838;761;0,500000000000000000000
248838;248835;0,500000000000000000000
248841;66;1,000000000000000000000
251238;7142;1,000000000000000000000
251668;122;1,000000000000000000000
255863;12964;1,000000000000000000000
255899;284853;1,000000000000000000000
256951;4379;0,333333333333333333333
256951;4991;0,333333333333333333333
256951;5484;0,333333333333333333333
259831;911;0,166666666666666666666
259831;1278;0,166666666666666666666
259831;3414;0,166666666666666666666
259831;6189;0,166666666666666666666
259831;9382;0,166666666666666666666
259831;57838;0,166666666666666666666
276780;54879;0,333333333333333333333
276780;318787;0,333333333333333333333
276780;440509;0,333333333333333333333
276963;328526;0,500000000000000000000
276963;388810;0,500000000000000000000
281170;3601;1,000000000000000000000
282773;275;0,166666666666666666666
282773;282;0,166666666666666666666
282773;731;0,166666666666666666666
282773;3161;0,166666666666666666666
282773;15471;0,166666666666666666666
282773;173893;0,166666666666666666666
282900;733;1,000000000000000000000
283635;5042;1,000000000000000000000
283638;48;0,051282051282051282051
283638;85;0,051282051282051282051
283638;96;0,051282051282051282051
283638;253;0,025641025641025641025
283638;689;0,051282051282051282051
283638;1160;0,051282051282051282051
283638;1250;0,025641025641025641025
283638;1455;0,025641025641025641025
283638;1637;0,051282051282051282051
283638;3158;0,025641025641025641025
283638;3503;0,025641025641025641025
283638;3633;0,076923076923076923076
283638;3656;0,025641025641025641025
283638;3857;0,025641025641025641025
283638;5856;0,025641025641025641025
283638;6444;0,025641025641025641025
283638;6503;0,025641025641025641025
283638;7774;0,025641025641025641025
283638;10823;0,025641025641025641025
283638;12775;0,076923076923076923076
283638;12876;0,025641025641025641025
283638;12880;0,025641025641025641025
283638;251238;0,025641025641025641025
283638;327099;0,025641025641025641025
283638;328526;0,025641025641025641025
283638;357817;0,076923076923076923076
283638;365536;0,025641025641025641025
284853;16658;1,000000000000000000000
286660;28;0,333333333333333333333
286660;477;0,166666666666666666666
286660;3033;0,500000000000000000000
307900;1154;1,000000000000000000000
311584;131;0,500000000000000000000
311584;622466;0,500000000000000000000
318787;276780;1,000000000000000000000
324897;1910;1,000000000000000000000
326192;3158;0,500000000000000000000
326192;3180;0,250000000000000000000
326192;13369;0,250000000000000000000
326597;524;0,500000000000000000000
326597;9418;0,500000000000000000000
329223;749;1,000000000000000000000
330934;3355;1,000000000000000000000
331627;38;1,000000000000000000000
333184;2064;1,000000000000000000000
333343;3141;0,500000000000000000000
333343;6503;0,500000000000000000000
335189;115;0,750000000000000000000
335189;484680;0,250000000000000000000
336640;1041;0,500000000000000000000
336640;1637;0,500000000000000000000
343424;750;0,250000000000000000000
343424;3401;0,500000000000000000000
343424;4993;0,250000000000000000000
347540;45;0,285714285714285714285
347540;66;0,142857142857142857142
347540;1556;0,142857142857142857142
347540;5012;0,142857142857142857142
347540;48255;0,142857142857142857142
347540;248832;0,142857142857142857142
349041;194;0,238095238095238095238
349041;628;0,142857142857142857142
349041;1754;0,047619047619047619047
349041;1939;0,095238095238095238095
349041;1940;0,476190476190476190476
349155;183;1,000000000000000000000
352262;3158;0,750000000000000000000
352262;8623;0,250000000000000000000
352420;911;1,000000000000000000000
353914;518;0,333333333333333333333
353914;765;0,333333333333333333333
353914;1684;0,166666666666666666666
353914;15048;0,166666666666666666666
357817;3158;0,333333333333333333333
357817;4621;0,333333333333333333333
357817;283638;0,333333333333333333333
365536;3158;0,250000000000000000000
365536;10860;0,500000000000000000000
365536;248831;0,250000000000000000000
366089;1169;0,142857142857142857142
366089;3523;0,285714285714285714285
366089;59745;0,285714285714285714285
366089;408414;0,142857142857142857142
366089;499117;0,142857142857142857142
366347;50332;0,333333333333333333333
366347;50959;0,333333333333333333333
366347;136265;0,333333333333333333333
366867;4307;1,000000000000000000000
367121;5536;0,666666666666666666666
367121;12563;0,333333333333333333333
367451;4933;1,000000000000000000000
368117;7748;1,000000000000000000000
373677;1042;1,000000000000000000000
374246;851;0,200000000000000000000
374246;1035;0,200000000000000000000
374246;1262;0,200000000000000000000
374246;2657;0,200000000000000000000
374246;59745;0,200000000000000000000
381254;184;0,500000000000000000000
381254;2551;0,500000000000000000000
381277;458;0,333333333333333333333
381277;713;0,333333333333333333333
381277;13796;0,333333333333333333333
382842;826;1,000000000000000000000
383630;8818;1,000000000000000000000
388810;964;0,500000000000000000000
388810;276963;0,500000000000000000000
389498;39;0,750000000000000000000
389498;613;0,250000000000000000000
393418;37;0,166666666666666666666
393418;4091;0,166666666666666666666
393418;6461;0,166666666666666666666
393418;7968;0,166666666666666666666
393418;8267;0,166666666666666666666
393418;42413;0,166666666666666666666
398787;71;0,111111111111111111111
398787;360;0,111111111111111111111
398787;420;0,111111111111111111111
398787;845;0,111111111111111111111
398787;846;0,111111111111111111111
398787;1065;0,111111111111111111111
398787;1724;0,111111111111111111111
398787;2731;0,222222222222222222222
403195;747;1,000000000000000000000
404510;136265;0,500000000000000000000
404510;366347;0,500000000000000000000
408414;43;0,055555555555555555555
408414;360;0,055555555555555555555
408414;1046;0,111111111111111111111
408414;1065;0,055555555555555555555
408414;1169;0,388888888888888888888
408414;1945;0,055555555555555555555
408414;2569;0,055555555555555555555
408414;5638;0,055555555555555555555
408414;59745;0,055555555555555555555
408414;78108;0,055555555555555555555
408414;442813;0,055555555555555555555
431565;72;0,250000000000000000000
431565;2364;0,250000000000000000000
431565;13396;0,250000000000000000000
431565;474028;0,250000000000000000000
432293;5360;1,000000000000000000000
434991;108;0,052631578947368421052
434991;454;0,052631578947368421052
434991;520;0,052631578947368421052
434991;964;0,052631578947368421052
434991;1316;0,052631578947368421052
434991;1340;0,052631578947368421052
434991;1689;0,052631578947368421052
434991;1949;0,052631578947368421052
434991;2139;0,052631578947368421052
434991;2182;0,052631578947368421052
434991;2191;0,052631578947368421052
434991;2445;0,052631578947368421052
434991;2657;0,052631578947368421052
434991;3235;0,052631578947368421052
434991;4501;0,052631578947368421052
434991;5800;0,052631578947368421052
434991;6213;0,052631578947368421052
434991;7660;0,052631578947368421052
434991;27870;0,052631578947368421052
440509;80;0,017543859649122807017
440509;108;0,035087719298245614035
440509;219;0,035087719298245614035
440509;324;0,035087719298245614035
440509;349;0,017543859649122807017
440509;351;0,035087719298245614035
440509;502;0,017543859649122807017
440509;538;0,017543859649122807017
440509;817;0,035087719298245614035
440509;869;0,017543859649122807017
440509;918;0,017543859649122807017
440509;1131;0,035087719298245614035
440509;1248;0,017543859649122807017
440509;1510;0,035087719298245614035
440509;1521;0,017543859649122807017
440509;1765;0,017543859649122807017
440509;1850;0,035087719298245614035
440509;1894;0,017543859649122807017
440509;2516;0,017543859649122807017
440509;2517;0,017543859649122807017
440509;2518;0,017543859649122807017
440509;2592;0,017543859649122807017
440509;2594;0,017543859649122807017
440509;2664;0,017543859649122807017
440509;3223;0,017543859649122807017
440509;3362;0,017543859649122807017
440509;3408;0,017543859649122807017
440509;3443;0,017543859649122807017
440509;3515;0,017543859649122807017
440509;3625;0,017543859649122807017
440509;3671;0,017543859649122807017
440509;4278;0,017543859649122807017
440509;5148;0,017543859649122807017
440509;5360;0,017543859649122807017
440509;10435;0,017543859649122807017
440509;10602;0,017543859649122807017
440509;10633;0,017543859649122807017
440509;10926;0,017543859649122807017
440509;12333;0,017543859649122807017
440509;12664;0,017543859649122807017
440509;17207;0,017543859649122807017
440509;17208;0,017543859649122807017
440509;17276;0,017543859649122807017
440509;17279;0,017543859649122807017
440509;28580;0,017543859649122807017
440509;54879;0,017543859649122807017
440509;276780;0,017543859649122807017
440509;434991;0,035087719298245614035
442813;266;0,500000000000000000000
442813;13398;0,500000000000000000000
454754;3245;1,000000000000000000000
474028;72;0,666666666666666666666
474028;431565;0,333333333333333333333
484680;335189;1,000000000000000000000
494193;2435;0,750000000000000000000
494193;5578;0,250000000000000000000
499117;1169;0,363636363636363636363
499117;408414;0,181818181818181818181
499117;906176;0,454545454545454545454
507180;530;0,250000000000000000000
507180;668;0,250000000000000000000
507180;4173;0,500000000000000000000
512469;208;0,500000000000000000000
512469;2847;0,500000000000000000000
525330;877;0,100000000000000000000
525330;878;0,200000000000000000000
525330;883;0,100000000000000000000
525330;4765;0,200000000000000000000
525330;5459;0,100000000000000000000
525330;7780;0,200000000000000000000
525330;9434;0,100000000000000000000
529797;174;0,083333333333333333333
529797;306;0,083333333333333333333
529797;1402;0,083333333333333333333
529797;2218;0,250000000000000000000
529797;2825;0,250000000000000000000
529797;3427;0,083333333333333333333
529797;3823;0,083333333333333333333
529797;67709;0,083333333333333333333
533247;2147;1,000000000000000000000
533535;237;0,500000000000000000000
533535;4881;0,500000000000000000000
559679;12;1,000000000000000000000
584314;475;0,333333333333333333333
584314;1181;0,666666666666666666666
606566;6250;1,000000000000000000000
606725;1727;1,000000000000000000000
629364;419;1,000000000000000000000
642255;452;0,333333333333333333333
642255;531;0,166666666666666666666
642255;1131;0,166666666666666666666
642255;2518;0,166666666666666666666
642255;59745;0,166666666666666666666
651622;9288;1,000000000000000000000
653116;3429;1,000000000000000000000
687941;1606;1,000000000000000000000
693032;111;0,055555555555555555555
693032;281;0,222222222222222222222
693032;452;0,055555555555555555555
693032;1129;0,166666666666666666666
693032;1370;0,222222222222222222222
693032;23720;0,111111111111111111111
693032;791903;0,166666666666666666666
703260;891;1,000000000000000000000
704910;1117;0,500000000000000000000
704910;8253;0,500000000000000000000
714174;2;0,071428571428571428571
714174;740;0,071428571428571428571
714174;1352;0,071428571428571428571
714174;1902;0,071428571428571428571
714174;3153;0,071428571428571428571
714174;3976;0,071428571428571428571
714174;5218;0,071428571428571428571
714174;5610;0,071428571428571428571
714174;5909;0,071428571428571428571
714174;14048;0,142857142857142857142
714174;27936;0,071428571428571428571
714174;27965;0,071428571428571428571
714174;491902;0,071428571428571428571
715172;2175;1,000000000000000000000
725179;1124;0,500000000000000000000
725179;1897;0,500000000000000000000
727998;12805;1,000000000000000000000
728154;2046;1,000000000000000000000
744171;245879;1,000000000000000000000
744732;520;0,500000000000000000000
744732;1182;0,500000000000000000000
747808;1754;1,000000000000000000000
791903;281;0,200000000000000000000
791903;1129;0,200000000000000000000
791903;1370;0,200000000000000000000
791903;63981;0,200000000000000000000
791903;693032;0,200000000000000000000
881832;3141;1,000000000000000000000
