7;119973;1,000000000000000000000
39;612;0,125000000000000000000
39;1046;0,125000000000000000000
39;1589;0,125000000000000000000
39;1754;0,125000000000000000000
39;3877;0,125000000000000000000
39;8156;0,125000000000000000000
39;9762;0,125000000000000000000
39;389498;0,125000000000000000000
48;2578;0,333333333333333333333
48;4831;0,666666666666666666666
54;119;0,071428571428571428571
54;1116;0,071428571428571428571
54;1225;0,071428571428571428571
54;1234;0,071428571428571428571
54;1254;0,142857142857142857142
54;1663;0,071428571428571428571
54;1841;0,071428571428571428571
54;2021;0,071428571428571428571
54;4020;0,071428571428571428571
54;5149;0,142857142857142857142
54;5789;0,071428571428571428571
54;5790;0,071428571428571428571
57;835;0,200000000000000000000
57;1948;0,600000000000000000000
57;140271;0,200000000000000000000
65;1122;0,058823529411764705882
65;1150;0,058823529411764705882
65;1286;0,176470588235294117647
65;1754;0,117647058823529411764
65;2064;0,117647058823529411764
65;4274;0,117647058823529411764
65;5440;0,058823529411764705882
65;5643;0,058823529411764705882
65;9395;0,176470588235294117647
65;333184;0,058823529411764705882
71;194;1,000000000000000000000
72;194;0,125000000000000000000
72;360;0,125000000000000000000
72;517;0,125000000000000000000
72;839;0,125000000000000000000
72;2972;0,125000000000000000000
72;3235;0,125000000000000000000
72;26479;0,125000000000000000000
72;474028;0,125000000000000000000
73;1348;1,000000000000000000000
74;885;0,125000000000000000000
74;1162;0,250000000000000000000
74;1949;0,125000000000000000000
74;5616;0,125000000000000000000
74;6440;0,125000000000000000000
74;17634;0,250000000000000000000
77;642;0,500000000000000000000
77;6320;0,500000000000000000000
80;502;0,083333333333333333333
80;531;0,083333333333333333333
80;668;0,250000000000000000000
80;876;0,416666666666666666666
80;4145;0,166666666666666666666
83;418;0,200000000000000000000
83;1504;0,400000000000000000000
83;5239;0,200000000000000000000
83;6635;0,200000000000000000000
90;1475;0,250000000000000000000
90;9382;0,250000000000000000000
90;57838;0,500000000000000000000
96;37;0,025641025641025641025
96;54;0,025641025641025641025
96;122;0,012820512820512820512
96;168;0,012820512820512820512
96;237;0,012820512820512820512
96;247;0,012820512820512820512
96;248;0,012820512820512820512
96;249;0,038461538461538461538
96;250;0,012820512820512820512
96;251;0,012820512820512820512
96;261;0,025641025641025641025
96;615;0,025641025641025641025
96;688;0,025641025641025641025
96;860;0,025641025641025641025
96;1104;0,025641025641025641025
96;1154;0,012820512820512820512
96;1657;0,038461538461538461538
96;1695;0,025641025641025641025
96;1988;0,025641025641025641025
96;2133;0,012820512820512820512
96;2145;0,064102564102564102564
96;2293;0,012820512820512820512
96;3045;0,051282051282051282051
96;3096;0,051282051282051282051
96;3219;0,012820512820512820512
96;3876;0,025641025641025641025
96;3905;0,038461538461538461538
96;4080;0,025641025641025641025
96;5042;0,012820512820512820512
96;5628;0,012820512820512820512
96;7130;0,038461538461538461538
96;8687;0,025641025641025641025
96;16880;0,025641025641025641025
96;18641;0,012820512820512820512
96;24460;0,012820512820512820512
96;31343;0,012820512820512820512
96;41776;0,051282051282051282051
96;83103;0,025641025641025641025
96;245879;0,012820512820512820512
96;283638;0,025641025641025641025
96;352364;0,025641025641025641025
100;194;0,500000000000000000000
100;4512;0,500000000000000000000
101;6008;1,000000000000000000000
102;668;1,000000000000000000000
104;163;0,181818181818181818181
104;1498;0,818181818181818181818
108;1340;1,000000000000000000000
115;490;0,062500000000000000000
115;1864;0,125000000000000000000
115;6468;0,125000000000000000000
115;8818;0,125000000000000000000
115;335189;0,062500000000000000000
115;343358;0,187500000000000000000
115;383630;0,312500000000000000000
119;485;0,136363636363636363636
119;1254;0,045454545454545454545
119;1348;0,181818181818181818181
119;2021;0,181818181818181818181
119;3230;0,045454545454545454545
119;5790;0,090909090909090909090
119;6581;0,045454545454545454545
119;7111;0,090909090909090909090
119;9506;0,045454545454545454545
119;18641;0,090909090909090909090
119;24947;0,045454545454545454545
127;4580;1,000000000000000000000
132;119;0,333333333333333333333
132;658;0,333333333333333333333
132;3230;0,333333333333333333333
138;475;0,333333333333333333333
138;2130;0,333333333333333333333
138;4206;0,333333333333333333333
148;296;0,166666666666666666666
148;494;0,166666666666666666666
148;891;0,166666666666666666666
148;2433;0,166666666666666666666
148;2598;0,166666666666666666666
148;393418;0,166666666666666666666
149;1692;1,000000000000000000000
151;7586;0,200000000000000000000
151;327859;0,800000000000000000000
162;3877;0,500000000000000000000
162;4578;0,500000000000000000000
163;104;0,200000000000000000000
163;172;0,100000000000000000000
163;453;0,100000000000000000000
163;839;0,100000000000000000000
163;1476;0,100000000000000000000
163;1482;0,100000000000000000000
163;3985;0,200000000000000000000
163;4283;0,100000000000000000000
166;845;0,111111111111111111111
166;1055;0,111111111111111111111
166;5679;0,777777777777777777777
172;839;0,111111111111111111111
172;1476;0,111111111111111111111
172;1498;0,333333333333333333333
172;1717;0,111111111111111111111
172;1939;0,111111111111111111111
172;2543;0,111111111111111111111
172;2578;0,111111111111111111111
174;149;0,006711409395973154362
174;220;0,006711409395973154362
174;232;0,006711409395973154362
174;289;0,006711409395973154362
174;313;0,006711409395973154362
174;380;0,006711409395973154362
174;433;0,006711409395973154362
174;437;0,013422818791946308724
174;492;0,006711409395973154362
174;577;0,006711409395973154362
174;712;0,006711409395973154362
174;752;0,006711409395973154362
174;812;0,006711409395973154362
174;1014;0,006711409395973154362
174;1036;0,006711409395973154362
174;1064;0,006711409395973154362
174;1167;0,006711409395973154362
174;1173;0,006711409395973154362
174;1186;0,006711409395973154362
174;1187;0,006711409395973154362
174;1282;0,006711409395973154362
174;1321;0,006711409395973154362
174;1424;0,006711409395973154362
174;1445;0,006711409395973154362
174;1453;0,006711409395973154362
174;1455;0,006711409395973154362
174;1560;0,006711409395973154362
174;1561;0,006711409395973154362
174;1562;0,006711409395973154362
174;1563;0,006711409395973154362
174;1564;0,006711409395973154362
174;1565;0,006711409395973154362
174;1566;0,006711409395973154362
174;1567;0,006711409395973154362
174;1608;0,006711409395973154362
174;1609;0,006711409395973154362
174;1610;0,006711409395973154362
174;1629;0,006711409395973154362
174;1632;0,006711409395973154362
174;1686;0,006711409395973154362
174;1689;0,006711409395973154362
174;1691;0,006711409395973154362
174;1692;0,006711409395973154362
174;1693;0,006711409395973154362
174;1694;0,006711409395973154362
174;1697;0,006711409395973154362
174;1698;0,006711409395973154362
174;1699;0,006711409395973154362
174;1700;0,006711409395973154362
174;1702;0,006711409395973154362
174;1703;0,006711409395973154362
174;1705;0,006711409395973154362
174;1706;0,006711409395973154362
174;1708;0,006711409395973154362
174;1709;0,006711409395973154362
174;1763;0,006711409395973154362
174;1766;0,006711409395973154362
174;1769;0,006711409395973154362
174;1883;0,006711409395973154362
174;1887;0,006711409395973154362
174;1906;0,006711409395973154362
174;1910;0,006711409395973154362
174;2008;0,006711409395973154362
174;2196;0,006711409395973154362
174;2254;0,006711409395973154362
174;2470;0,006711409395973154362
174;2506;0,006711409395973154362
174;2607;0,006711409395973154362
174;2799;0,006711409395973154362
174;2825;0,006711409395973154362
174;2826;0,006711409395973154362
174;2828;0,006711409395973154362
174;2890;0,006711409395973154362
174;2968;0,006711409395973154362
174;2976;0,006711409395973154362
174;3049;0,006711409395973154362
174;3323;0,006711409395973154362
174;3364;0,006711409395973154362
174;3418;0,006711409395973154362
174;3427;0,013422818791946308724
174;3647;0,006711409395973154362
174;3648;0,006711409395973154362
174;3768;0,006711409395973154362
174;3823;0,006711409395973154362
174;3971;0,006711409395973154362
174;4245;0,006711409395973154362
174;4386;0,006711409395973154362
174;4518;0,006711409395973154362
174;4526;0,006711409395973154362
174;4697;0,006711409395973154362
174;5478;0,006711409395973154362
174;5601;0,006711409395973154362
174;6072;0,006711409395973154362
174;6144;0,006711409395973154362
174;6634;0,006711409395973154362
174;6940;0,006711409395973154362
174;7146;0,006711409395973154362
174;7168;0,006711409395973154362
174;7874;0,006711409395973154362
174;7994;0,006711409395973154362
174;8044;0,006711409395973154362
174;8580;0,006711409395973154362
174;8590;0,006711409395973154362
174;8899;0,006711409395973154362
174;8902;0,006711409395973154362
174;8957;0,006711409395973154362
174;9261;0,006711409395973154362
174;9694;0,006711409395973154362
174;9951;0,006711409395973154362
174;9955;0,006711409395973154362
174;10093;0,006711409395973154362
174;10176;0,006711409395973154362
174;10177;0,006711409395973154362
174;10178;0,006711409395973154362
174;10179;0,006711409395973154362
174;11476;0,006711409395973154362
174;12372;0,006711409395973154362
174;13195;0,006711409395973154362
174;13291;0,006711409395973154362
174;13360;0,006711409395973154362
174;14653;0,006711409395973154362
174;18517;0,006711409395973154362
174;18525;0,006711409395973154362
174;19176;0,006711409395973154362
174;19177;0,006711409395973154362
174;20915;0,006711409395973154362
174;21396;0,006711409395973154362
174;21502;0,006711409395973154362
174;21750;0,006711409395973154362
174;24536;0,006711409395973154362
174;24810;0,006711409395973154362
174;25861;0,006711409395973154362
174;27708;0,006711409395973154362
174;27715;0,006711409395973154362
174;28457;0,006711409395973154362
174;28463;0,006711409395973154362
174;28467;0,006711409395973154362
174;28777;0,006711409395973154362
174;114536;0,006711409395973154362
174;257158;0,006711409395973154362
174;284855;0,006711409395973154362
174;284856;0,006711409395973154362
174;324897;0,006711409395973154362
174;383629;0,006711409395973154362
174;409930;0,006711409395973154362
174;529797;0,006711409395973154362
174;747847;0,006711409395973154362
179;37;0,500000000000000000000
179;1877;0,500000000000000000000
180;863;1,000000000000000000000
181;2435;0,500000000000000000000
181;3122;0,500000000000000000000
183;530;0,600000000000000000000
183;4108;0,200000000000000000000
183;23720;0,200000000000000000000
187;772;1,000000000000000000000
189;1082;0,142857142857142857142
189;4576;0,142857142857142857142
189;5053;0,142857142857142857142
189;5329;0,571428571428571428571
190;2054;0,750000000000000000000
190;5679;0,250000000000000000000
192;841;0,200000000000000000000
192;1122;0,200000000000000000000
192;5214;0,400000000000000000000
192;5564;0,200000000000000000000
194;71;0,137931034482758620689
194;72;0,034482758620689655172
194;100;0,068965517241379310344
194;135;0,034482758620689655172
194;628;0,068965517241379310344
194;695;0,034482758620689655172
194;1109;0,034482758620689655172
194;1754;0,172413793103448275862
194;1827;0,068965517241379310344
194;1940;0,103448275862068965517
194;2500;0,034482758620689655172
194;2561;0,034482758620689655172
194;3122;0,034482758620689655172
194;349041;0,103448275862068965517
194;453859;0,034482758620689655172
199;208;0,083333333333333333333
199;550;0,083333333333333333333
199;658;0,083333333333333333333
199;1089;0,083333333333333333333
199;1344;0,083333333333333333333
199;2184;0,250000000000000000000
199;2792;0,083333333333333333333
199;3105;0,083333333333333333333
199;3694;0,083333333333333333333
199;7418;0,083333333333333333333
211;179;0,333333333333333333333
211;212;0,333333333333333333333
211;2199;0,333333333333333333333
213;747;0,600000000000000000000
213;71411;0,200000000000000000000
213;75828;0,200000000000000000000
219;324;0,375000000000000000000
219;1893;0,125000000000000000000
219;2436;0,125000000000000000000
219;2516;0,250000000000000000000
219;2518;0,125000000000000000000
220;1563;0,333333333333333333333
220;2196;0,333333333333333333333
220;2826;0,333333333333333333333
232;1064;0,500000000000000000000
232;1708;0,250000000000000000000
232;931417;0,250000000000000000000
241;1827;0,181818181818181818181
241;2087;0,045454545454545454545
241;2252;0,136363636363636363636
241;2761;0,136363636363636363636
241;3619;0,045454545454545454545
241;3753;0,090909090909090909090
241;3992;0,090909090909090909090
241;5223;0,045454545454545454545
241;5430;0,045454545454545454545
241;6008;0,045454545454545454545
241;6105;0,045454545454545454545
241;9330;0,045454545454545454545
241;13673;0,045454545454545454545
242;2586;0,500000000000000000000
242;2736;0,500000000000000000000
244;1096;0,250000000000000000000
244;2498;0,250000000000000000000
244;6353;0,500000000000000000000
247;283;0,333333333333333333333
247;1779;0,333333333333333333333
247;8489;0,333333333333333333333
248;2523;1,000000000000000000000
249;96;0,173913043478260869565
249;261;0,043478260869565217391
249;283;0,086956521739130434782
249;1925;0,043478260869565217391
249;2293;0,043478260869565217391
249;3045;0,043478260869565217391
249;4313;0,043478260869565217391
249;5628;0,043478260869565217391
249;245879;0,478260869565217391304
250;1149;0,500000000000000000000
250;4613;0,500000000000000000000
253;283638;1,000000000000000000000
256;208;0,333333333333333333333
256;1906;0,166666666666666666666
256;2310;0,166666666666666666666
256;5212;0,166666666666666666666
256;7418;0,166666666666666666666
261;96;0,375000000000000000000
261;237;0,125000000000000000000
261;249;0,125000000000000000000
261;1364;0,375000000000000000000
263;131;0,315789473684210526315
263;420;0,263157894736842105263
263;425;0,157894736842105263157
263;845;0,157894736842105263157
263;846;0,105263157894736842105
266;1080;0,500000000000000000000
266;8648;0,500000000000000000000
267;861;0,166666666666666666666
267;1526;0,166666666666666666666
267;2139;0,166666666666666666666
267;2990;0,166666666666666666666
267;4080;0,333333333333333333333
269;251;0,142857142857142857142
269;1278;0,142857142857142857142
269;2510;0,142857142857142857142
269;4592;0,428571428571428571428
269;10020;0,142857142857142857142
273;738;0,333333333333333333333
273;1600;0,333333333333333333333
273;1997;0,333333333333333333333
276;135;0,200000000000000000000
276;194;0,066666666666666666666
276;695;0,333333333333333333333
276;3395;0,133333333333333333333
276;3604;0,066666666666666666666
276;5536;0,066666666666666666666
276;15643;0,066666666666666666666
276;59745;0,066666666666666666666
279;2510;0,666666666666666666666
279;7116;0,333333333333333333333
282;275;1,000000000000000000000
283;11;0,076923076923076923076
283;237;0,076923076923076923076
283;247;0,076923076923076923076
283;249;0,076923076923076923076
283;261;0,076923076923076923076
283;472;0,076923076923076923076
283;1157;0,076923076923076923076
283;1342;0,076923076923076923076
283;1364;0,076923076923076923076
283;2464;0,076923076923076923076
283;4777;0,153846153846153846153
283;5223;0,076923076923076923076
284;285;0,500000000000000000000
284;1448;0,500000000000000000000
287;14;0,312500000000000000000
287;826;0,062500000000000000000
287;1262;0,187500000000000000000
287;2073;0,437500000000000000000
288;290;0,142857142857142857142
288;545;0,142857142857142857142
288;3685;0,142857142857142857142
288;5627;0,142857142857142857142
288;8267;0,285714285714285714285
288;393418;0,142857142857142857142
290;288;0,125000000000000000000
290;2371;0,125000000000000000000
290;3245;0,375000000000000000000
290;5679;0,375000000000000000000
291;13;0,333333333333333333333
291;59745;0,333333333333333333333
291;113392;0,333333333333333333333
292;395;0,333333333333333333333
292;2512;0,333333333333333333333
292;52385;0,333333333333333333333
293;277;0,666666666666666666666
293;846;0,333333333333333333333
294;288;1,000000000000000000000
295;5679;1,000000000000000000000
296;8636;1,000000000000000000000
297;5679;1,000000000000000000000
302;1678;0,500000000000000000000
302;2083;0,500000000000000000000
307;1336;1,000000000000000000000
309;1948;1,000000000000000000000
313;8568;0,500000000000000000000
313;13360;0,500000000000000000000
315;8975;1,000000000000000000000
317;318;0,789473684210526315789
317;2099;0,210526315789473684210
318;317;1,000000000000000000000
320;2310;0,083333333333333333333
320;2792;0,166666666666666666666
320;7209;0,666666666666666666666
320;12709;0,083333333333333333333
324;219;0,300000000000000000000
324;538;0,400000000000000000000
324;1893;0,100000000000000000000
324;2516;0,100000000000000000000
324;2518;0,100000000000000000000
334;2396;1,000000000000000000000
337;410;1,000000000000000000000
341;742;1,000000000000000000000
349;538;0,200000000000000000000
349;918;0,200000000000000000000
349;1510;0,200000000000000000000
349;3223;0,200000000000000000000
349;4278;0,200000000000000000000
352;600;0,200000000000000000000
352;1946;0,200000000000000000000
352;24668;0,200000000000000000000
352;131383;0,200000000000000000000
352;159132;0,200000000000000000000
359;945;1,000000000000000000000
365;2498;0,500000000000000000000
365;3143;0,500000000000000000000
373;2740;1,000000000000000000000
379;2498;1,000000000000000000000
380;1282;0,142857142857142857142
380;1769;0,142857142857142857142
380;5464;0,428571428571428571428
380;136664;0,142857142857142857142
380;409930;0,142857142857142857142
388;375;0,027777777777777777777
388;389;0,027777777777777777777
388;390;0,027777777777777777777
388;391;0,055555555555555555555
388;392;0,027777777777777777777
388;393;0,027777777777777777777
388;394;0,027777777777777777777
388;395;0,027777777777777777777
388;396;0,027777777777777777777
388;397;0,027777777777777777777
388;398;0,027777777777777777777
388;399;0,027777777777777777777
388;400;0,027777777777777777777
388;401;0,027777777777777777777
388;403;0,027777777777777777777
388;404;0,027777777777777777777
388;405;0,027777777777777777777
388;406;0,027777777777777777777
388;407;0,027777777777777777777
388;408;0,027777777777777777777
388;409;0,027777777777777777777
388;410;0,027777777777777777777
388;411;0,027777777777777777777
388;412;0,027777777777777777777
388;414;0,027777777777777777777
388;415;0,027777777777777777777
388;416;0,027777777777777777777
388;417;0,027777777777777777777
388;418;0,027777777777777777777
388;419;0,027777777777777777777
388;945;0,009259259259259259259
388;1218;0,018518518518518518518
388;2694;0,027777777777777777777
388;6262;0,018518518518518518518
388;11235;0,027777777777777777777
388;41565;0,009259259259259259259
388;606725;0,027777777777777777777
389;24769;1,000000000000000000000
391;388;0,500000000000000000000
391;6262;0,250000000000000000000
391;12563;0,250000000000000000000
392;415;0,200000000000000000000
392;2822;0,400000000000000000000
392;9288;0,200000000000000000000
392;12563;0,200000000000000000000
393;3049;1,000000000000000000000
396;410;0,500000000000000000000
396;353698;0,500000000000000000000
399;4498;0,333333333333333333333
399;367121;0,333333333333333333333
399;606725;0,333333333333333333333
400;3697;0,250000000000000000000
400;9340;0,500000000000000000000
400;12563;0,250000000000000000000
405;17267;1,000000000000000000000
407;5626;1,000000000000000000000
409;930;1,000000000000000000000
410;337;0,250000000000000000000
410;396;0,250000000000000000000
410;2140;0,500000000000000000000
412;7906;1,000000000000000000000
414;120;0,052631578947368421052
414;401;0,052631578947368421052
414;410;0,052631578947368421052
414;415;0,052631578947368421052
414;419;0,052631578947368421052
414;805;0,052631578947368421052
414;1138;0,052631578947368421052
414;2140;0,052631578947368421052
414;2822;0,052631578947368421052
414;2877;0,052631578947368421052
414;3024;0,052631578947368421052
414;3513;0,052631578947368421052
414;4078;0,210526315789473684210
414;6000;0,052631578947368421052
414;8566;0,052631578947368421052
414;13187;0,052631578947368421052
415;401;1,000000000000000000000
417;752;1,000000000000000000000
418;1135;0,500000000000000000000
418;13704;0,500000000000000000000
419;388;0,166666666666666666666
419;417;0,166666666666666666666
419;945;0,166666666666666666666
419;1671;0,166666666666666666666
419;4206;0,166666666666666666666
419;14010;0,166666666666666666666
420;11;0,016129032258064516129
420;24;0,016129032258064516129
420;39;0,032258064516129032258
420;42;0,032258064516129032258
420;113;0,064516129032258064516
420;131;0,016129032258064516129
420;263;0,032258064516129032258
420;369;0,016129032258064516129
420;427;0,016129032258064516129
420;531;0,016129032258064516129
420;567;0,016129032258064516129
420;642;0,016129032258064516129
420;845;0,096774193548387096774
420;934;0,016129032258064516129
420;1263;0,016129032258064516129
420;1355;0,016129032258064516129
420;1681;0,016129032258064516129
420;1974;0,016129032258064516129
420;2851;0,016129032258064516129
420;3111;0,016129032258064516129
420;3417;0,016129032258064516129
420;3575;0,016129032258064516129
420;4440;0,016129032258064516129
420;4881;0,016129032258064516129
420;6960;0,322580645161290322580
420;7130;0,016129032258064516129
420;17389;0,016129032258064516129
420;59745;0,016129032258064516129
420;311584;0,032258064516129032258
420;494193;0,032258064516129032258
426;1574;0,500000000000000000000
426;7135;0,500000000000000000000
427;940328;1,000000000000000000000
428;1997;0,500000000000000000000
428;4345;0,500000000000000000000
433;1705;0,142857142857142857142
433;4172;0,142857142857142857142
433;283638;0,714285714285714285714
441;4344;0,125000000000000000000
441;5077;0,375000000000000000000
441;7135;0,250000000000000000000
441;12591;0,125000000000000000000
441;125861;0,125000000000000000000
443;423;0,142857142857142857142
443;424;0,142857142857142857142
443;7605;0,428571428571428571428
443;15643;0,285714285714285714285
453;839;0,250000000000000000000
453;1717;0,250000000000000000000
453;2578;0,125000000000000000000
453;4432;0,250000000000000000000
453;13498;0,125000000000000000000
466;2054;1,000000000000000000000
467;1121;1,000000000000000000000
470;1996;1,000000000000000000000
472;283;0,250000000000000000000
472;984;0,250000000000000000000
472;1547;0,250000000000000000000
472;4313;0,250000000000000000000
479;240;0,500000000000000000000
479;8473;0,500000000000000000000
485;119;0,250000000000000000000
485;1344;0,250000000000000000000
485;512469;0,500000000000000000000
497;5219;0,333333333333333333333
497;6548;0,666666666666666666666
498;12;0,001485884101040118870
498;13;0,001485884101040118870
498;14;0,001485884101040118870
498;17;0,001485884101040118870
498;24;0,002971768202080237741
498;54;0,001485884101040118870
498;65;0,001485884101040118870
498;74;0,001485884101040118870
498;82;0,001485884101040118870
498;104;0,001485884101040118870
498;115;0,001485884101040118870
498;132;0,001485884101040118870
498;146;0,001485884101040118870
498;155;0,004457652303120356612
498;160;0,001485884101040118870
498;181;0,001485884101040118870
498;186;0,001485884101040118870
498;234;0,001485884101040118870
498;246;0,002971768202080237741
498;250;0,001485884101040118870
498;260;0,001485884101040118870
498;304;0,001485884101040118870
498;311;0,001485884101040118870
498;375;0,001485884101040118870
498;389;0,001485884101040118870
498;396;0,001485884101040118870
498;400;0,001485884101040118870
498;403;0,001485884101040118870
498;404;0,002971768202080237741
498;405;0,001485884101040118870
498;410;0,001485884101040118870
498;411;0,001485884101040118870
498;418;0,004457652303120356612
498;427;0,004457652303120356612
498;428;0,001485884101040118870
498;440;0,001485884101040118870
498;454;0,001485884101040118870
498;478;0,001485884101040118870
498;494;0,001485884101040118870
498;497;0,001485884101040118870
498;507;0,001485884101040118870
498;522;0,001485884101040118870
498;523;0,001485884101040118870
498;533;0,001485884101040118870
498;543;0,001485884101040118870
498;558;0,001485884101040118870
498;602;0,001485884101040118870
498;609;0,001485884101040118870
498;617;0,001485884101040118870
498;652;0,001485884101040118870
498;681;0,001485884101040118870
498;685;0,001485884101040118870
498;706;0,001485884101040118870
498;737;0,001485884101040118870
498;768;0,001485884101040118870
498;781;0,004457652303120356612
498;784;0,001485884101040118870
498;798;0,001485884101040118870
498;808;0,001485884101040118870
498;812;0,001485884101040118870
498;828;0,001485884101040118870
498;839;0,001485884101040118870
498;851;0,001485884101040118870
498;855;0,001485884101040118870
498;864;0,001485884101040118870
498;869;0,001485884101040118870
498;883;0,001485884101040118870
498;886;0,001485884101040118870
498;891;0,001485884101040118870
498;914;0,001485884101040118870
498;937;0,001485884101040118870
498;952;0,001485884101040118870
498;956;0,001485884101040118870
498;964;0,001485884101040118870
498;967;0,001485884101040118870
498;993;0,001485884101040118870
498;1004;0,001485884101040118870
498;1016;0,001485884101040118870
498;1020;0,002971768202080237741
498;1022;0,001485884101040118870
498;1033;0,001485884101040118870
498;1034;0,001485884101040118870
498;1035;0,001485884101040118870
498;1036;0,001485884101040118870
498;1042;0,001485884101040118870
498;1046;0,001485884101040118870
498;1069;0,001485884101040118870
498;1082;0,001485884101040118870
498;1083;0,001485884101040118870
498;1092;0,001485884101040118870
498;1118;0,001485884101040118870
498;1124;0,001485884101040118870
498;1140;0,001485884101040118870
498;1145;0,001485884101040118870
498;1221;0,001485884101040118870
498;1225;0,001485884101040118870
498;1239;0,001485884101040118870
498;1254;0,001485884101040118870
498;1261;0,001485884101040118870
498;1313;0,004457652303120356612
498;1335;0,001485884101040118870
498;1347;0,001485884101040118870
498;1352;0,001485884101040118870
498;1393;0,001485884101040118870
498;1401;0,001485884101040118870
498;1405;0,001485884101040118870
498;1434;0,001485884101040118870
498;1439;0,001485884101040118870
498;1454;0,001485884101040118870
498;1476;0,001485884101040118870
498;1482;0,001485884101040118870
498;1497;0,001485884101040118870
498;1498;0,001485884101040118870
498;1501;0,001485884101040118870
498;1517;0,001485884101040118870
498;1561;0,001485884101040118870
498;1563;0,001485884101040118870
498;1565;0,001485884101040118870
498;1600;0,001485884101040118870
498;1608;0,001485884101040118870
498;1609;0,001485884101040118870
498;1612;0,001485884101040118870
498;1634;0,005943536404160475482
498;1657;0,001485884101040118870
498;1664;0,001485884101040118870
498;1667;0,001485884101040118870
498;1685;0,001485884101040118870
498;1690;0,001485884101040118870
498;1696;0,001485884101040118870
498;1699;0,001485884101040118870
498;1702;0,001485884101040118870
498;1705;0,001485884101040118870
498;1706;0,001485884101040118870
498;1713;0,001485884101040118870
498;1724;0,001485884101040118870
498;1727;0,001485884101040118870
498;1762;0,001485884101040118870
498;1810;0,001485884101040118870
498;1841;0,001485884101040118870
498;1844;0,001485884101040118870
498;1854;0,001485884101040118870
498;1855;0,001485884101040118870
498;1862;0,001485884101040118870
498;1892;0,004457652303120356612
498;1897;0,001485884101040118870
498;1906;0,001485884101040118870
498;1915;0,004457652303120356612
498;1956;0,001485884101040118870
498;1974;0,002971768202080237741
498;1979;0,001485884101040118870
498;1985;0,001485884101040118870
498;1997;0,001485884101040118870
498;2004;0,001485884101040118870
498;2059;0,004457652303120356612
498;2066;0,001485884101040118870
498;2080;0,001485884101040118870
498;2091;0,001485884101040118870
498;2150;0,001485884101040118870
498;2179;0,001485884101040118870
498;2188;0,001485884101040118870
498;2191;0,001485884101040118870
498;2216;0,002971768202080237741
498;2264;0,004457652303120356612
498;2280;0,001485884101040118870
498;2337;0,001485884101040118870
498;2371;0,001485884101040118870
498;2414;0,002971768202080237741
498;2423;0,001485884101040118870
498;2427;0,001485884101040118870
498;2433;0,001485884101040118870
498;2440;0,001485884101040118870
498;2445;0,001485884101040118870
498;2455;0,004457652303120356612
498;2464;0,001485884101040118870
498;2482;0,004457652303120356612
498;2494;0,001485884101040118870
498;2498;0,004457652303120356612
498;2515;0,004457652303120356612
498;2554;0,001485884101040118870
498;2555;0,001485884101040118870
498;2657;0,001485884101040118870
498;2678;0,001485884101040118870
498;2731;0,001485884101040118870
498;2746;0,001485884101040118870
498;2823;0,001485884101040118870
498;2832;0,002971768202080237741
498;2847;0,001485884101040118870
498;2916;0,001485884101040118870
498;2932;0,001485884101040118870
498;2950;0,001485884101040118870
498;2961;0,001485884101040118870
498;2990;0,001485884101040118870
498;3088;0,001485884101040118870
498;3100;0,001485884101040118870
498;3108;0,001485884101040118870
498;3116;0,001485884101040118870
498;3123;0,001485884101040118870
498;3128;0,001485884101040118870
498;3142;0,001485884101040118870
498;3180;0,001485884101040118870
498;3189;0,001485884101040118870
498;3197;0,001485884101040118870
498;3241;0,001485884101040118870
498;3249;0,001485884101040118870
498;3250;0,001485884101040118870
498;3273;0,004457652303120356612
498;3284;0,001485884101040118870
498;3315;0,004457652303120356612
498;3328;0,001485884101040118870
498;3347;0,001485884101040118870
498;3372;0,001485884101040118870
498;3408;0,001485884101040118870
498;3420;0,001485884101040118870
498;3441;0,001485884101040118870
498;3446;0,001485884101040118870
498;3449;0,002971768202080237741
498;3463;0,001485884101040118870
498;3473;0,002971768202080237741
498;3480;0,001485884101040118870
498;3535;0,001485884101040118870
498;3567;0,001485884101040118870
498;3590;0,004457652303120356612
498;3610;0,001485884101040118870
498;3650;0,001485884101040118870
498;3678;0,002971768202080237741
498;3763;0,005943536404160475482
498;3829;0,004457652303120356612
498;3836;0,001485884101040118870
498;3869;0,001485884101040118870
498;3870;0,001485884101040118870
498;3876;0,001485884101040118870
498;3877;0,001485884101040118870
498;3960;0,001485884101040118870
498;3971;0,001485884101040118870
498;3999;0,001485884101040118870
498;4080;0,001485884101040118870
498;4081;0,002971768202080237741
498;4089;0,001485884101040118870
498;4091;0,001485884101040118870
498;4145;0,001485884101040118870
498;4146;0,001485884101040118870
498;4160;0,001485884101040118870
498;4205;0,001485884101040118870
498;4245;0,001485884101040118870
498;4268;0,001485884101040118870
498;4281;0,001485884101040118870
498;4299;0,001485884101040118870
498;4350;0,001485884101040118870
498;4372;0,004457652303120356612
498;4374;0,004457652303120356612
498;4380;0,001485884101040118870
498;4401;0,001485884101040118870
498;4424;0,001485884101040118870
498;4429;0,002971768202080237741
498;4430;0,001485884101040118870
498;4433;0,001485884101040118870
498;4434;0,001485884101040118870
498;4453;0,001485884101040118870
498;4463;0,001485884101040118870
498;4464;0,001485884101040118870
498;4467;0,001485884101040118870
498;4472;0,004457652303120356612
498;4474;0,001485884101040118870
498;4475;0,001485884101040118870
498;4476;0,001485884101040118870
498;4486;0,002971768202080237741
498;4493;0,001485884101040118870
498;4570;0,001485884101040118870
498;4609;0,001485884101040118870
498;4728;0,001485884101040118870
498;4786;0,001485884101040118870
498;4814;0,001485884101040118870
498;4874;0,001485884101040118870
498;4919;0,001485884101040118870
498;4991;0,001485884101040118870
498;5003;0,001485884101040118870
498;5008;0,001485884101040118870
498;5013;0,001485884101040118870
498;5016;0,001485884101040118870
498;5037;0,001485884101040118870
498;5042;0,001485884101040118870
498;5061;0,001485884101040118870
498;5088;0,001485884101040118870
498;5119;0,001485884101040118870
498;5125;0,001485884101040118870
498;5155;0,001485884101040118870
498;5175;0,001485884101040118870
498;5227;0,001485884101040118870
498;5245;0,001485884101040118870
498;5306;0,004457652303120356612
498;5354;0,001485884101040118870
498;5438;0,002971768202080237741
498;5459;0,002971768202080237741
498;5470;0,001485884101040118870
498;5481;0,004457652303120356612
498;5487;0,001485884101040118870
498;5521;0,001485884101040118870
498;5557;0,002971768202080237741
498;5571;0,001485884101040118870
498;5613;0,001485884101040118870
498;5638;0,001485884101040118870
498;5679;0,001485884101040118870
498;5790;0,001485884101040118870
498;5800;0,001485884101040118870
498;5896;0,001485884101040118870
498;5918;0,001485884101040118870
498;6132;0,001485884101040118870
498;6297;0,001485884101040118870
498;6349;0,001485884101040118870
498;6372;0,001485884101040118870
498;6472;0,001485884101040118870
498;6513;0,001485884101040118870
498;6532;0,001485884101040118870
498;6554;0,002971768202080237741
498;6557;0,001485884101040118870
498;6734;0,001485884101040118870
498;6856;0,001485884101040118870
498;6892;0,001485884101040118870
498;6915;0,001485884101040118870
498;6918;0,001485884101040118870
498;6991;0,001485884101040118870
498;7072;0,001485884101040118870
498;7215;0,001485884101040118870
498;7281;0,004457652303120356612
498;7521;0,001485884101040118870
498;7532;0,001485884101040118870
498;7571;0,001485884101040118870
498;7630;0,001485884101040118870
498;7650;0,001485884101040118870
498;7717;0,001485884101040118870
498;7802;0,001485884101040118870
498;7895;0,001485884101040118870
498;7920;0,004457652303120356612
498;8003;0,001485884101040118870
498;8050;0,001485884101040118870
498;8062;0,001485884101040118870
498;8095;0,001485884101040118870
498;8113;0,001485884101040118870
498;8163;0,001485884101040118870
498;8200;0,001485884101040118870
498;8201;0,001485884101040118870
498;8203;0,004457652303120356612
498;8348;0,001485884101040118870
498;8353;0,001485884101040118870
498;8383;0,001485884101040118870
498;8396;0,004457652303120356612
498;8437;0,001485884101040118870
498;8443;0,001485884101040118870
498;8450;0,001485884101040118870
498;8467;0,001485884101040118870
498;8475;0,001485884101040118870
498;8510;0,001485884101040118870
498;8525;0,001485884101040118870
498;8698;0,001485884101040118870
498;8723;0,001485884101040118870
498;8738;0,002971768202080237741
498;8754;0,001485884101040118870
498;8909;0,001485884101040118870
498;8912;0,001485884101040118870
498;8985;0,001485884101040118870
498;9112;0,001485884101040118870
498;9226;0,001485884101040118870
498;9296;0,001485884101040118870
498;9330;0,001485884101040118870
498;9338;0,001485884101040118870
498;9376;0,001485884101040118870
498;9382;0,001485884101040118870
498;9393;0,001485884101040118870
498;9409;0,001485884101040118870
498;9422;0,001485884101040118870
498;9436;0,001485884101040118870
498;9437;0,004457652303120356612
498;9476;0,001485884101040118870
498;9489;0,002971768202080237741
498;9660;0,004457652303120356612
498;9718;0,001485884101040118870
498;9719;0,001485884101040118870
498;9720;0,001485884101040118870
498;9729;0,001485884101040118870
498;9908;0,001485884101040118870
498;9910;0,001485884101040118870
498;9960;0,001485884101040118870
498;10019;0,001485884101040118870
498;10175;0,001485884101040118870
498;10177;0,001485884101040118870
498;10341;0,001485884101040118870
498;10606;0,001485884101040118870
498;10640;0,001485884101040118870
498;10724;0,001485884101040118870
498;10744;0,001485884101040118870
498;10941;0,001485884101040118870
498;11004;0,001485884101040118870
498;11231;0,001485884101040118870
498;11869;0,001485884101040118870
498;11921;0,001485884101040118870
498;12165;0,001485884101040118870
498;12247;0,004457652303120356612
498;12393;0,001485884101040118870
498;12418;0,001485884101040118870
498;12441;0,001485884101040118870
498;12664;0,001485884101040118870
498;12670;0,002971768202080237741
498;12685;0,001485884101040118870
498;12755;0,001485884101040118870
498;12769;0,001485884101040118870
498;12772;0,001485884101040118870
498;12964;0,001485884101040118870
498;13095;0,001485884101040118870
498;13158;0,001485884101040118870
498;13178;0,001485884101040118870
498;13239;0,001485884101040118870
498;13367;0,001485884101040118870
498;13428;0,001485884101040118870
498;13429;0,001485884101040118870
498;13452;0,001485884101040118870
498;13537;0,001485884101040118870
498;13545;0,001485884101040118870
498;13580;0,001485884101040118870
498;13583;0,001485884101040118870
498;13623;0,001485884101040118870
498;13907;0,001485884101040118870
498;14050;0,001485884101040118870
498;14072;0,004457652303120356612
498;14179;0,001485884101040118870
498;14323;0,001485884101040118870
498;14653;0,004457652303120356612
498;14683;0,001485884101040118870
498;15762;0,001485884101040118870
498;15888;0,001485884101040118870
498;15906;0,001485884101040118870
498;16076;0,001485884101040118870
498;16649;0,001485884101040118870
498;16654;0,001485884101040118870
498;16658;0,001485884101040118870
498;16815;0,001485884101040118870
498;16873;0,001485884101040118870
498;16880;0,001485884101040118870
498;16937;0,001485884101040118870
498;17248;0,001485884101040118870
498;17263;0,004457652303120356612
498;17270;0,001485884101040118870
498;17278;0,001485884101040118870
498;17279;0,001485884101040118870
498;17281;0,004457652303120356612
498;17388;0,001485884101040118870
498;17449;0,001485884101040118870
498;17584;0,001485884101040118870
498;17596;0,001485884101040118870
498;17665;0,001485884101040118870
498;17678;0,001485884101040118870
498;17789;0,001485884101040118870
498;18525;0,004457652303120356612
498;18622;0,002971768202080237741
498;19188;0,001485884101040118870
498;19419;0,004457652303120356612
498;20414;0,001485884101040118870
498;20436;0,004457652303120356612
498;20984;0,002971768202080237741
498;21005;0,001485884101040118870
498;21374;0,001485884101040118870
498;21490;0,001485884101040118870
498;21986;0,001485884101040118870
498;22298;0,001485884101040118870
498;23562;0,001485884101040118870
498;23930;0,001485884101040118870
498;23953;0,001485884101040118870
498;23954;0,001485884101040118870
498;24049;0,001485884101040118870
498;24113;0,001485884101040118870
498;24258;0,001485884101040118870
498;26095;0,001485884101040118870
498;27170;0,001485884101040118870
498;27239;0,001485884101040118870
498;27356;0,001485884101040118870
498;27425;0,001485884101040118870
498;27433;0,001485884101040118870
498;27442;0,004457652303120356612
498;27468;0,001485884101040118870
498;27489;0,001485884101040118870
498;27522;0,001485884101040118870
498;27527;0,001485884101040118870
498;27587;0,001485884101040118870
498;27601;0,001485884101040118870
498;27610;0,004457652303120356612
498;27611;0,001485884101040118870
498;27657;0,001485884101040118870
498;27761;0,001485884101040118870
498;27762;0,001485884101040118870
498;27779;0,001485884101040118870
498;27781;0,001485884101040118870
498;27842;0,001485884101040118870
498;27848;0,001485884101040118870
498;27861;0,001485884101040118870
498;27864;0,001485884101040118870
498;27866;0,001485884101040118870
498;27887;0,004457652303120356612
498;27929;0,001485884101040118870
498;27946;0,001485884101040118870
498;28011;0,001485884101040118870
498;28030;0,004457652303120356612
498;28038;0,001485884101040118870
498;28111;0,001485884101040118870
498;28128;0,001485884101040118870
498;28143;0,001485884101040118870
498;28194;0,001485884101040118870
498;28226;0,001485884101040118870
498;28245;0,001485884101040118870
498;28272;0,001485884101040118870
498;28339;0,001485884101040118870
498;28342;0,001485884101040118870
498;28344;0,001485884101040118870
498;28400;0,001485884101040118870
498;28411;0,001485884101040118870
498;28445;0,001485884101040118870
498;28471;0,001485884101040118870
498;28479;0,001485884101040118870
498;28482;0,001485884101040118870
498;28495;0,001485884101040118870
498;28506;0,001485884101040118870
498;28533;0,001485884101040118870
498;28570;0,001485884101040118870
498;28586;0,001485884101040118870
498;28602;0,001485884101040118870
498;28610;0,001485884101040118870
498;28615;0,001485884101040118870
498;28625;0,001485884101040118870
498;28627;0,001485884101040118870
498;28647;0,001485884101040118870
498;28661;0,001485884101040118870
498;28697;0,001485884101040118870
498;28705;0,002971768202080237741
498;28716;0,001485884101040118870
498;28726;0,001485884101040118870
498;28727;0,001485884101040118870
498;28731;0,004457652303120356612
498;28751;0,001485884101040118870
498;28780;0,001485884101040118870
498;28784;0,001485884101040118870
498;28797;0,001485884101040118870
498;28798;0,001485884101040118870
498;28806;0,001485884101040118870
498;28821;0,001485884101040118870
498;28826;0,001485884101040118870
498;28851;0,001485884101040118870
498;28879;0,001485884101040118870
498;28925;0,001485884101040118870
498;28933;0,001485884101040118870
498;29667;0,001485884101040118870
498;30811;0,001485884101040118870
498;37811;0,001485884101040118870
498;40028;0,001485884101040118870
498;45711;0,001485884101040118870
498;45724;0,001485884101040118870
498;52385;0,001485884101040118870
498;62135;0,001485884101040118870
498;73134;0,001485884101040118870
498;145389;0,001485884101040118870
498;317905;0,001485884101040118870
498;374246;0,001485884101040118870
498;440497;0,001485884101040118870
498;606725;0,001485884101040118870
502;668;0,111111111111111111111
502;719;0,111111111111111111111
502;1131;0,222222222222222222222
502;1606;0,111111111111111111111
502;2436;0,111111111111111111111
502;3443;0,111111111111111111111
502;14010;0,111111111111111111111
502;440509;0,111111111111111111111
504;8223;1,000000000000000000000
510;1913;1,000000000000000000000
513;423;0,250000000000000000000
513;13482;0,250000000000000000000
513;41776;0,500000000000000000000
517;72;0,500000000000000000000
517;1117;0,250000000000000000000
517;116140;0,250000000000000000000
518;3096;1,000000000000000000000
519;1764;0,500000000000000000000
519;2494;0,500000000000000000000
520;362;0,111111111111111111111
520;527;0,055555555555555555555
520;793;0,055555555555555555555
520;1182;0,166666666666666666666
520;1778;0,055555555555555555555
520;1944;0,055555555555555555555
520;4225;0,111111111111111111111
520;4379;0,111111111111111111111
520;5484;0,111111111111111111111
520;5935;0,166666666666666666666
521;528;1,000000000000000000000
523;527;1,000000000000000000000
524;527;0,200000000000000000000
524;866;0,200000000000000000000
524;877;0,200000000000000000000
524;1121;0,200000000000000000000
524;3356;0,200000000000000000000
526;9396;1,000000000000000000000
527;520;0,307692307692307692307
527;521;0,076923076923076923076
527;523;0,076923076923076923076
527;524;0,076923076923076923076
527;526;0,076923076923076923076
527;528;0,076923076923076923076
527;4345;0,153846153846153846153
527;6349;0,076923076923076923076
527;18695;0,076923076923076923076
538;324;0,333333333333333333333
538;349;0,133333333333333333333
538;351;0,066666666666666666666
538;817;0,066666666666666666666
538;3223;0,066666666666666666666
538;4278;0,133333333333333333333
538;10602;0,066666666666666666666
538;119973;0,133333333333333333333
543;1923;1,000000000000000000000
545;409;0,250000000000000000000
545;4374;0,250000000000000000000
545;5506;0,250000000000000000000
545;11734;0,250000000000000000000
547;761;0,222222222222222222222
547;988;0,777777777777777777777
550;132;0,153846153846153846153
550;596;0,153846153846153846153
550;658;0,076923076923076923076
550;1319;0,076923076923076923076
550;2882;0,076923076923076923076
550;3230;0,153846153846153846153
550;4150;0,076923076923076923076
550;12528;0,076923076923076923076
550;12706;0,076923076923076923076
550;256804;0,076923076923076923076
551;3230;1,000000000000000000000
558;794;0,100000000000000000000
558;851;0,100000000000000000000
558;1035;0,100000000000000000000
558;1596;0,100000000000000000000
558;2657;0,100000000000000000000
558;2825;0,100000000000000000000
558;5440;0,100000000000000000000
558;7132;0,100000000000000000000
558;7866;0,100000000000000000000
558;374246;0,100000000000000000000
571;567;0,076923076923076923076
571;1124;0,076923076923076923076
571;1600;0,153846153846153846153
571;1844;0,076923076923076923076
571;1897;0,076923076923076923076
571;3548;0,076923076923076923076
571;3791;0,076923076923076923076
571;6788;0,076923076923076923076
571;9720;0,076923076923076923076
571;81163;0,076923076923076923076
571;701610;0,076923076923076923076
571;725179;0,076923076923076923076
573;1082;0,333333333333333333333
573;4877;0,333333333333333333333
573;393418;0,333333333333333333333
576;3694;1,000000000000000000000
588;748;0,250000000000000000000
588;3340;0,750000000000000000000
594;5679;1,000000000000000000000
600;1079;0,076923076923076923076
600;2743;0,076923076923076923076
600;2851;0,076923076923076923076
600;3007;0,384615384615384615384
600;3123;0,076923076923076923076
600;6721;0,076923076923076923076
600;7130;0,230769230769230769230
605;5329;1,000000000000000000000
607;886;1,000000000000000000000
608;148;0,500000000000000000000
608;609;0,500000000000000000000
612;39;0,166666666666666666666
612;1046;0,166666666666666666666
612;9762;0,333333333333333333333
612;389498;0,333333333333333333333
613;1182;0,250000000000000000000
613;4307;0,500000000000000000000
613;343424;0,250000000000000000000
615;85;0,010204081632653061224
615;96;0,020408163265306122448
615;122;0,010204081632653061224
615;237;0,010204081632653061224
615;247;0,010204081632653061224
615;249;0,010204081632653061224
615;253;0,010204081632653061224
615;268;0,010204081632653061224
615;540;0,010204081632653061224
615;626;0,010204081632653061224
615;724;0,010204081632653061224
615;941;0,010204081632653061224
615;980;0,010204081632653061224
615;984;0,010204081632653061224
615;1048;0,010204081632653061224
615;1142;0,010204081632653061224
615;1153;0,010204081632653061224
615;1154;0,010204081632653061224
615;1160;0,010204081632653061224
615;1310;0,010204081632653061224
615;1523;0,010204081632653061224
615;1526;0,010204081632653061224
615;1868;0,010204081632653061224
615;1873;0,010204081632653061224
615;1889;0,010204081632653061224
615;1988;0,010204081632653061224
615;2136;0,010204081632653061224
615;2293;0,010204081632653061224
615;2461;0,010204081632653061224
615;2464;0,010204081632653061224
615;3245;0,010204081632653061224
615;3485;0,010204081632653061224
615;3503;0,010204081632653061224
615;3633;0,010204081632653061224
615;3753;0,010204081632653061224
615;4018;0,010204081632653061224
615;4323;0,010204081632653061224
615;4513;0,010204081632653061224
615;4598;0,010204081632653061224
615;4713;0,010204081632653061224
615;4722;0,010204081632653061224
615;5042;0,010204081632653061224
615;5174;0,010204081632653061224
615;5289;0,010204081632653061224
615;5304;0,010204081632653061224
615;5383;0,010204081632653061224
615;5500;0,010204081632653061224
615;5578;0,010204081632653061224
615;5824;0,010204081632653061224
615;5861;0,010204081632653061224
615;6444;0,010204081632653061224
615;6535;0,010204081632653061224
615;6666;0,010204081632653061224
615;6746;0,010204081632653061224
615;6781;0,010204081632653061224
615;6979;0,010204081632653061224
615;6980;0,010204081632653061224
615;6981;0,010204081632653061224
615;7142;0,010204081632653061224
615;9657;0,010204081632653061224
615;9691;0,010204081632653061224
615;10823;0,010204081632653061224
615;12712;0,010204081632653061224
615;12775;0,010204081632653061224
615;12876;0,010204081632653061224
615;12880;0,010204081632653061224
615;14013;0,010204081632653061224
615;17720;0,010204081632653061224
615;23419;0,010204081632653061224
615;24370;0,010204081632653061224
615;24371;0,010204081632653061224
615;27588;0,010204081632653061224
615;28405;0,010204081632653061224
615;28914;0,010204081632653061224
615;28993;0,010204081632653061224
615;34696;0,010204081632653061224
615;67275;0,010204081632653061224
615;137801;0,010204081632653061224
615;144425;0,020408163265306122448
615;146155;0,010204081632653061224
615;152076;0,010204081632653061224
615;219132;0,010204081632653061224
615;251573;0,010204081632653061224
615;253384;0,010204081632653061224
615;255463;0,010204081632653061224
615;276695;0,010204081632653061224
615;278351;0,010204081632653061224
615;281067;0,010204081632653061224
615;281170;0,010204081632653061224
615;283633;0,010204081632653061224
615;283636;0,010204081632653061224
615;283638;0,010204081632653061224
615;283639;0,010204081632653061224
615;321112;0,010204081632653061224
615;355336;0,010204081632653061224
615;377026;0,010204081632653061224
621;512;0,071428571428571428571
621;524;0,071428571428571428571
621;970;0,071428571428571428571
621;2029;0,071428571428571428571
621;2434;0,071428571428571428571
621;2683;0,071428571428571428571
621;2779;0,071428571428571428571
621;2780;0,071428571428571428571
621;3268;0,071428571428571428571
621;5438;0,071428571428571428571
621;5439;0,071428571428571428571
621;5444;0,142857142857142857142
621;7939;0,071428571428571428571
622;151;0,076923076923076923076
622;877;0,153846153846153846153
622;2147;0,384615384615384615384
622;3680;0,076923076923076923076
622;5487;0,076923076923076923076
622;8156;0,076923076923076923076
622;18641;0,153846153846153846153
625;122;0,272727272727272727272
625;635;0,090909090909090909090
625;1154;0,090909090909090909090
625;2302;0,181818181818181818181
625;6203;0,363636363636363636363
628;71;0,142857142857142857142
628;194;0,071428571428571428571
628;567;0,071428571428571428571
628;700;0,071428571428571428571
628;1940;0,142857142857142857142
628;1945;0,214285714285714285714
628;59745;0,214285714285714285714
628;59841;0,071428571428571428571
644;4435;1,000000000000000000000
645;89;0,250000000000000000000
645;6517;0,250000000000000000000
645;6518;0,250000000000000000000
645;140271;0,250000000000000000000
648;435;0,333333333333333333333
648;2380;0,333333333333333333333
648;12572;0,333333333333333333333
652;39;0,133333333333333333333
652;547;0,066666666666666666666
652;1949;0,066666666666666666666
652;2800;0,066666666666666666666
652;3164;0,066666666666666666666
652;3877;0,066666666666666666666
652;4377;0,400000000000000000000
652;7920;0,066666666666666666666
652;17727;0,066666666666666666666
657;112314;0,500000000000000000000
657;512469;0,500000000000000000000
660;288;0,333333333333333333333
660;2544;0,333333333333333333333
660;113392;0,333333333333333333333
662;529;0,047619047619047619047
662;1944;0,333333333333333333333
662;3523;0,071428571428571428571
662;78108;0,547619047619047619047
667;1288;1,000000000000000000000
668;80;0,081081081081081081081
668;102;0,054054054054054054054
668;219;0,054054054054054054054
668;324;0,027027027027027027027
668;452;0,027027027027027027027
668;502;0,108108108108108108108
668;531;0,027027027027027027027
668;1116;0,027027027027027027027
668;1131;0,135135135135135135135
668;1248;0,108108108108108108108
668;1893;0,027027027027027027027
668;2516;0,027027027027027027027
668;3443;0,027027027027027027027
668;3515;0,054054054054054054054
668;3625;0,054054054054054054054
668;321395;0,027027027027027027027
668;507180;0,108108108108108108108
668;642255;0,027027027027027027027
669;24;0,035714285714285714285
669;657;0,035714285714285714285
669;878;0,035714285714285714285
669;990;0,035714285714285714285
669;1046;0,035714285714285714285
669;1225;0,035714285714285714285
669;2008;0,035714285714285714285
669;2515;0,035714285714285714285
669;2817;0,035714285714285714285
669;3105;0,035714285714285714285
669;3260;0,035714285714285714285
669;4657;0,035714285714285714285
669;4877;0,035714285714285714285
669;6320;0,035714285714285714285
669;6447;0,035714285714285714285
669;7968;0,035714285714285714285
669;8051;0,035714285714285714285
669;8095;0,035714285714285714285
669;8623;0,107142857142857142857
669;9436;0,071428571428571428571
669;14072;0,035714285714285714285
669;48862;0,107142857142857142857
669;695327;0,035714285714285714285
678;285;0,166666666666666666666
678;1448;0,083333333333333333333
678;1526;0,250000000000000000000
678;1547;0,083333333333333333333
678;1868;0,083333333333333333333
678;1889;0,083333333333333333333
678;2661;0,166666666666666666666
678;7160;0,083333333333333333333
682;681;0,500000000000000000000
682;13176;0,500000000000000000000
689;846;0,666666666666666666666
689;2374;0,333333333333333333333
694;695;0,250000000000000000000
694;749;0,250000000000000000000
694;5618;0,250000000000000000000
694;95084;0,250000000000000000000
695;100;0,333333333333333333333
695;194;0,333333333333333333333
695;4512;0,333333333333333333333
698;3392;1,000000000000000000000
700;453859;1,000000000000000000000
712;433;1,000000000000000000000
713;407;0,142857142857142857142
713;458;0,714285714285714285714
713;826;0,142857142857142857142
731;275;0,250000000000000000000
731;15471;0,750000000000000000000
733;2910;0,027777777777777777777
733;2912;0,027777777777777777777
733;2913;0,027777777777777777777
733;2914;0,027777777777777777777
733;2916;0,055555555555555555555
733;2919;0,055555555555555555555
733;2920;0,027777777777777777777
733;2924;0,027777777777777777777
733;2925;0,055555555555555555555
733;2927;0,027777777777777777777
733;2929;0,055555555555555555555
733;2931;0,027777777777777777777
733;2932;0,055555555555555555555
733;2933;0,027777777777777777777
733;2935;0,083333333333333333333
733;2938;0,027777777777777777777
733;2939;0,027777777777777777777
733;2940;0,027777777777777777777
733;2941;0,055555555555555555555
733;2942;0,027777777777777777777
733;2943;0,027777777777777777777
733;2948;0,055555555555555555555
733;2950;0,055555555555555555555
733;49722;0,055555555555555555555
733;282900;0,027777777777777777777
737;2252;1,000000000000000000000
739;740;0,666666666666666666666
739;23228;0,333333333333333333333
740;739;0,200000000000000000000
740;1175;0,100000000000000000000
740;13502;0,200000000000000000000
740;13809;0,100000000000000000000
740;19582;0,100000000000000000000
740;23228;0,200000000000000000000
740;714174;0,100000000000000000000
747;213;0,500000000000000000000
747;5177;0,500000000000000000000
748;588;0,333333333333333333333
748;50905;0,333333333333333333333
748;75827;0,333333333333333333333
749;1616;0,071428571428571428571
749;1939;0,142857142857142857142
749;2054;0,357142857142857142857
749;2479;0,142857142857142857142
749;4219;0,071428571428571428571
749;5679;0,071428571428571428571
749;398786;0,142857142857142857142
750;3401;0,666666666666666666666
750;6812;0,333333333333333333333
752;417;0,333333333333333333333
752;1597;0,666666666666666666666
758;3374;0,750000000000000000000
758;3563;0,250000000000000000000
761;547;0,250000000000000000000
761;3738;0,500000000000000000000
761;248838;0,250000000000000000000
765;518;1,000000000000000000000
768;163;0,333333333333333333333
768;1498;0,666666666666666666666
771;2464;0,500000000000000000000
771;2706;0,250000000000000000000
771;8928;0,250000000000000000000
774;3829;1,000000000000000000000
777;4432;1,000000000000000000000
778;8373;1,000000000000000000000
781;1448;0,500000000000000000000
781;3234;0,500000000000000000000
785;140;1,000000000000000000000
787;1547;0,500000000000000000000
787;4592;0,500000000000000000000
802;1448;1,000000000000000000000
805;2140;0,250000000000000000000
805;3667;0,500000000000000000000
805;6000;0,250000000000000000000
815;1780;0,200000000000000000000
815;7759;0,800000000000000000000
817;351;0,153846153846153846153
817;918;0,230769230769230769230
817;3223;0,153846153846153846153
817;10602;0,076923076923076923076
817;17276;0,076923076923076923076
817;54879;0,153846153846153846153
817;276780;0,153846153846153846153
819;281;0,200000000000000000000
819;452;0,200000000000000000000
819;933;0,200000000000000000000
819;1025;0,200000000000000000000
819;1370;0,200000000000000000000
822;839;1,000000000000000000000
829;296;0,500000000000000000000
829;8363;0,500000000000000000000
833;1058;1,000000000000000000000
835;1152;0,181818181818181818181
835;1948;0,272727272727272727272
835;3996;0,272727272727272727272
835;5679;0,272727272727272727272
839;163;0,035714285714285714285
839;172;0,071428571428571428571
839;822;0,107142857142857142857
839;1122;0,035714285714285714285
839;1366;0,035714285714285714285
839;1483;0,035714285714285714285
839;1498;0,107142857142857142857
839;1598;0,071428571428571428571
839;1717;0,107142857142857142857
839;2184;0,035714285714285714285
839;2239;0,035714285714285714285
839;3235;0,035714285714285714285
839;3306;0,035714285714285714285
839;4361;0,035714285714285714285
839;4429;0,035714285714285714285
839;4432;0,071428571428571428571
839;4440;0,035714285714285714285
839;26479;0,035714285714285714285
839;83103;0,035714285714285714285
841;1667;1,000000000000000000000
844;1719;0,500000000000000000000
844;2015;0,500000000000000000000
845;131;0,014084507042253521126
845;166;0,014084507042253521126
845;263;0,028169014084507042253
845;277;0,042253521126760563380
845;420;0,056338028169014084507
845;846;0,084507042253521126760
845;1041;0,014084507042253521126
845;1263;0,028169014084507042253
845;1437;0,056338028169014084507
845;1724;0,056338028169014084507
845;131383;0,042253521126760563380
845;192866;0,098591549295774647887
845;398787;0,042253521126760563380
845;623129;0,422535211267605633802
846;131;0,025641025641025641025
846;277;0,051282051282051282051
846;420;0,025641025641025641025
846;689;0,025641025641025641025
846;845;0,153846153846153846153
846;904;0,025641025641025641025
846;1041;0,025641025641025641025
846;1065;0,076923076923076923076
846;1263;0,025641025641025641025
846;1437;0,051282051282051282051
846;1724;0,025641025641025641025
846;2147;0,025641025641025641025
846;2731;0,025641025641025641025
846;2834;0,076923076923076923076
846;3105;0,025641025641025641025
846;3636;0,025641025641025641025
846;3683;0,025641025641025641025
846;4777;0,025641025641025641025
846;7080;0,025641025641025641025
846;12396;0,025641025641025641025
846;12579;0,025641025641025641025
846;59841;0,025641025641025641025
846;131383;0,025641025641025641025
846;192866;0,051282051282051282051
846;533247;0,051282051282051282051
846;623129;0,025641025641025641025
851;374246;1,000000000000000000000
853;777;1,000000000000000000000
854;1725;0,066666666666666666666
854;2659;0,066666666666666666666
854;3508;0,066666666666666666666
854;4636;0,066666666666666666666
854;4751;0,133333333333333333333
854;6792;0,066666666666666666666
854;6923;0,066666666666666666666
854;12440;0,066666666666666666666
854;16651;0,066666666666666666666
854;16653;0,066666666666666666666
854;16659;0,066666666666666666666
854;28528;0,200000000000000000000
855;1284;0,666666666666666666666
855;1843;0,333333333333333333333
860;96;0,500000000000000000000
860;8363;0,500000000000000000000
861;267;0,090909090909090909090
861;1448;0,090909090909090909090
861;1513;0,090909090909090909090
861;1591;0,090909090909090909090
861;1827;0,272727272727272727272
861;2398;0,181818181818181818181
861;2714;0,090909090909090909090
861;4398;0,090909090909090909090
866;3116;1,000000000000000000000
869;502;0,250000000000000000000
869;2664;0,250000000000000000000
869;3671;0,250000000000000000000
869;17208;0,250000000000000000000
877;524;0,200000000000000000000
877;622;0,100000000000000000000
877;5437;0,100000000000000000000
877;5440;0,300000000000000000000
877;5679;0,300000000000000000000
885;74;0,166666666666666666666
885;748;0,166666666666666666666
885;2198;0,166666666666666666666
885;3096;0,166666666666666666666
885;5493;0,166666666666666666666
885;9360;0,166666666666666666666
886;607;0,250000000000000000000
886;5061;0,500000000000000000000
886;6406;0,250000000000000000000
890;4501;1,000000000000000000000
904;846;0,333333333333333333333
904;2472;0,166666666666666666666
904;2516;0,166666666666666666666
904;8223;0,166666666666666666666
904;413321;0,166666666666666666666
911;3414;0,250000000000000000000
911;4262;0,500000000000000000000
911;16644;0,250000000000000000000
918;351;0,222222222222222222222
918;1340;0,111111111111111111111
918;3223;0,111111111111111111111
918;8109;0,111111111111111111111
918;10602;0,111111111111111111111
918;54879;0,111111111111111111111
918;119973;0,111111111111111111111
918;434991;0,111111111111111111111
920;38;0,400000000000000000000
920;1824;0,400000000000000000000
920;3087;0,200000000000000000000
923;547;1,000000000000000000000
925;1766;0,500000000000000000000
925;7015;0,500000000000000000000
930;9340;1,000000000000000000000
933;668;1,000000000000000000000
937;777;0,250000000000000000000
937;1483;0,250000000000000000000
937;8928;0,250000000000000000000
937;245879;0,250000000000000000000
938;5445;0,500000000000000000000
938;5679;0,500000000000000000000
941;285;0,666666666666666666666
941;3601;0,333333333333333333333
945;1178;0,200000000000000000000
945;5679;0,200000000000000000000
945;14010;0,400000000000000000000
945;26070;0,200000000000000000000
960;9806;1,000000000000000000000
965;127;0,500000000000000000000
965;15686;0,500000000000000000000
970;621;0,500000000000000000000
970;2385;0,500000000000000000000
972;1154;0,400000000000000000000
972;1981;0,200000000000000000000
972;2302;0,200000000000000000000
972;4098;0,200000000000000000000
978;40;0,041666666666666666666
978;74;0,041666666666666666666
978;464;0,041666666666666666666
978;1085;0,041666666666666666666
978;1406;0,041666666666666666666
978;1503;0,041666666666666666666
978;2176;0,041666666666666666666
978;2559;0,041666666666666666666
978;2591;0,041666666666666666666
978;3096;0,041666666666666666666
978;3610;0,041666666666666666666
978;3859;0,041666666666666666666
978;4179;0,041666666666666666666
978;5449;0,041666666666666666666
978;5526;0,083333333333333333333
978;6440;0,041666666666666666666
978;8756;0,041666666666666666666
978;9296;0,041666666666666666666
978;9554;0,083333333333333333333
978;12936;0,041666666666666666666
978;29376;0,083333333333333333333
980;1234;0,076923076923076923076
980;1235;0,230769230769230769230
980;1277;0,076923076923076923076
980;1931;0,076923076923076923076
980;2684;0,461538461538461538461
980;3219;0,076923076923076923076
982;845;0,187500000000000000000
982;1041;0,250000000000000000000
982;1724;0,187500000000000000000
982;131383;0,187500000000000000000
982;623129;0,062500000000000000000
982;767166;0,125000000000000000000
983;1169;0,666666666666666666666
983;1364;0,333333333333333333333
984;85;0,200000000000000000000
984;472;0,200000000000000000000
984;1917;0,200000000000000000000
984;4553;0,400000000000000000000
988;547;0,333333333333333333333
988;1949;0,166666666666666666666
988;3877;0,166666666666666666666
988;5350;0,166666666666666666666
988;5613;0,166666666666666666666
990;1925;1,000000000000000000000
995;36;0,041666666666666666666
995;71;0,041666666666666666666
995;162;0,083333333333333333333
995;285;0,083333333333333333333
995;362;0,333333333333333333333
995;1945;0,125000000000000000000
995;2059;0,041666666666666666666
995;4237;0,041666666666666666666
995;5214;0,041666666666666666666
995;8156;0,041666666666666666666
995;10338;0,041666666666666666666
995;13239;0,083333333333333333333
997;3940;1,000000000000000000000
1010;216;0,100000000000000000000
1010;1018;0,400000000000000000000
1010;2001;0,100000000000000000000
1010;3809;0,200000000000000000000
1010;4421;0,100000000000000000000
1010;18149;0,100000000000000000000
1014;3648;0,166666666666666666666
1014;3768;0,166666666666666666666
1014;4518;0,500000000000000000000
1014;114536;0,166666666666666666666
1018;37;0,111111111111111111111
1018;216;0,111111111111111111111
1018;1010;0,111111111111111111111
1018;2001;0,222222222222222222222
1018;3809;0,111111111111111111111
1018;5470;0,111111111111111111111
1018;6461;0,222222222222222222222
1030;288;1,000000000000000000000
1033;722;1,000000000000000000000
1034;2853;0,250000000000000000000
1034;3246;0,250000000000000000000
1034;4553;0,250000000000000000000
1034;14013;0,250000000000000000000
1035;71;0,050000000000000000000
1035;520;0,050000000000000000000
1035;681;0,050000000000000000000
1035;885;0,050000000000000000000
1035;990;0,050000000000000000000
1035;1064;0,050000000000000000000
1035;1340;0,050000000000000000000
1035;1459;0,050000000000000000000
1035;1632;0,050000000000000000000
1035;1663;0,050000000000000000000
1035;2355;0,050000000000000000000
1035;2503;0,050000000000000000000
1035;2586;0,050000000000000000000
1035;2736;0,050000000000000000000
1035;2826;0,050000000000000000000
1035;3096;0,050000000000000000000
1035;3098;0,100000000000000000000
1035;3141;0,050000000000000000000
1035;26746;0,050000000000000000000
1041;982;0,333333333333333333333
1041;1042;0,133333333333333333333
1041;1263;0,133333333333333333333
1041;2287;0,066666666666666666666
1041;20843;0,066666666666666666666
1041;27478;0,066666666666666666666
1041;767166;0,200000000000000000000
1042;2275;0,428571428571428571428
1042;2657;0,142857142857142857142
1042;26251;0,142857142857142857142
1042;27478;0,142857142857142857142
1042;131383;0,142857142857142857142
1044;1931;0,500000000000000000000
1044;398786;0,500000000000000000000
1046;39;0,142857142857142857142
1046;475;0,285714285714285714285
1046;612;0,142857142857142857142
1046;955;0,142857142857142857142
1046;1751;0,142857142857142857142
1046;1897;0,142857142857142857142
1048;5484;0,333333333333333333333
1048;283639;0,666666666666666666666
1053;1949;1,000000000000000000000
1058;98068;1,000000000000000000000
1060;3271;1,000000000000000000000
1064;174;0,133333333333333333333
1064;220;0,066666666666666666666
1064;232;0,133333333333333333333
1064;1035;0,066666666666666666666
1064;1632;0,200000000000000000000
1064;2008;0,066666666666666666666
1064;6634;0,200000000000000000000
1064;529797;0,066666666666666666666
1064;931417;0,066666666666666666666
1066;878;0,166666666666666666666
1066;2146;0,166666666666666666666
1066;2147;0,166666666666666666666
1066;2697;0,166666666666666666666
1066;5459;0,166666666666666666666
1066;533247;0,166666666666666666666
1073;770;0,051282051282051282051
1073;1157;0,076923076923076923076
1073;1315;0,128205128205128205128
1073;1984;0,076923076923076923076
1073;1985;0,102564102564102564102
1073;4918;0,076923076923076923076
1073;4919;0,076923076923076923076
1073;8109;0,128205128205128205128
1073;8164;0,076923076923076923076
1073;8165;0,051282051282051282051
1073;9513;0,153846153846153846153
1079;4697;1,000000000000000000000
1082;38;0,083333333333333333333
1082;189;0,083333333333333333333
1082;573;0,083333333333333333333
1082;609;0,083333333333333333333
1082;891;0,333333333333333333333
1082;2433;0,083333333333333333333
1082;4372;0,083333333333333333333
1082;13899;0,083333333333333333333
1082;19402;0,083333333333333333333
1083;4522;0,500000000000000000000
1083;6461;0,500000000000000000000
1085;464;0,090909090909090909090
1085;978;0,090909090909090909090
1085;2591;0,181818181818181818181
1085;3610;0,272727272727272727272
1085;3829;0,090909090909090909090
1085;8756;0,272727272727272727272
1094;1164;0,250000000000000000000
1094;25264;0,250000000000000000000
1094;38738;0,250000000000000000000
1094;45604;0,250000000000000000000
1100;2275;0,083333333333333333333
1100;4470;0,083333333333333333333
1100;4474;0,250000000000000000000
1100;9367;0,250000000000000000000
1100;122436;0,333333333333333333333
1101;9442;1,000000000000000000000
1109;2017;0,666666666666666666666
1109;2050;0,333333333333333333333
1117;517;0,166666666666666666666
1117;2547;0,166666666666666666666
1117;2972;0,333333333333333333333
1117;704910;0,333333333333333333333
1118;54;0,041666666666666666666
1118;71;0,041666666666666666666
1118;249;0,041666666666666666666
1118;360;0,041666666666666666666
1118;396;0,041666666666666666666
1118;520;0,041666666666666666666
1118;522;0,041666666666666666666
1118;529;0,041666666666666666666
1118;891;0,041666666666666666666
1118;990;0,041666666666666666666
1118;1064;0,041666666666666666666
1118;1122;0,041666666666666666666
1118;1316;0,041666666666666666666
1118;1724;0,041666666666666666666
1118;1943;0,041666666666666666666
1118;2561;0,041666666666666666666
1118;3096;0,041666666666666666666
1118;3098;0,041666666666666666666
1118;3100;0,041666666666666666666
1118;3235;0,041666666666666666666
1118;5679;0,041666666666666666666
1118;12432;0,041666666666666666666
1118;63981;0,041666666666666666666
1118;366089;0,041666666666666666666
1120;475;1,000000000000000000000
1121;467;0,200000000000000000000
1121;524;0,200000000000000000000
1121;1122;0,200000000000000000000
1121;5367;0,200000000000000000000
1121;6316;0,200000000000000000000
1123;405;0,111111111111111111111
1123;2119;0,111111111111111111111
1123;2664;0,111111111111111111111
1123;3146;0,111111111111111111111
1123;8525;0,111111111111111111111
1123;8889;0,111111111111111111111
1123;9615;0,111111111111111111111
1123;11527;0,111111111111111111111
1123;44336;0,111111111111111111111
1124;1996;1,000000000000000000000
1131;668;1,000000000000000000000
1133;1246;1,000000000000000000000
1135;418;0,200000000000000000000
1135;1942;0,100000000000000000000
1135;2494;0,100000000000000000000
1135;3523;0,100000000000000000000
1135;6930;0,100000000000000000000
1135;28932;0,100000000000000000000
1135;283281;0,100000000000000000000
1135;687941;0,200000000000000000000
1139;458;0,250000000000000000000
1139;2630;0,500000000000000000000
1139;589508;0,250000000000000000000
1142;278351;1,000000000000000000000
1143;140271;1,000000000000000000000
1149;250;0,500000000000000000000
1149;3234;0,500000000000000000000
1150;2054;1,000000000000000000000
1154;85;0,190476190476190476190
1154;122;0,095238095238095238095
1154;525;0,095238095238095238095
1154;615;0,047619047619047619047
1154;625;0,095238095238095238095
1154;1495;0,047619047619047619047
1154;1639;0,047619047619047619047
1154;1853;0,047619047619047619047
1154;2302;0,095238095238095238095
1154;4098;0,047619047619047619047
1154;4553;0,047619047619047619047
1154;5223;0,047619047619047619047
1154;12775;0,047619047619047619047
1154;245879;0,047619047619047619047
1160;749;0,150000000000000000000
1160;1391;0,050000000000000000000
1160;1696;0,050000000000000000000
1160;2054;0,100000000000000000000
1160;3158;0,100000000000000000000
1160;3656;0,100000000000000000000
1160;6151;0,100000000000000000000
1160;41565;0,100000000000000000000
1160;283638;0,150000000000000000000
1160;353698;0,100000000000000000000
1164;1094;0,333333333333333333333
1164;25264;0,333333333333333333333
1164;38738;0,333333333333333333333
1169;71;0,055555555555555555555
1169;100;0,055555555555555555555
1169;138;0,055555555555555555555
1169;276;0,055555555555555555555
1169;695;0,055555555555555555555
1169;983;0,015873015873015873015
1169;1942;0,055555555555555555555
1169;1943;0,055555555555555555555
1169;1944;0,055555555555555555555
1169;1945;0,055555555555555555555
1169;1946;0,055555555555555555555
1169;3523;0,055555555555555555555
1169;4512;0,055555555555555555555
1169;13537;0,031746031746031746031
1169;41776;0,055555555555555555555
1169;59745;0,063492063492063492063
1169;59841;0,015873015873015873015
1169;98841;0,055555555555555555555
1169;131383;0,055555555555555555555
1169;366089;0,007936507936507936507
1169;499117;0,031746031746031746031
1173;27700;1,000000000000000000000
1175;740;1,000000000000000000000
1178;945;0,666666666666666666666
1178;2467;0,333333333333333333333
1181;848;1,000000000000000000000
1184;1255;0,500000000000000000000
1184;13329;0,500000000000000000000
1187;1186;0,500000000000000000000
1187;1709;0,500000000000000000000
1196;137;0,066666666666666666666
1196;194;0,066666666666666666666
1196;783;0,066666666666666666666
1196;3523;0,066666666666666666666
1196;4059;0,266666666666666666666
1196;4396;0,066666666666666666666
1196;4709;0,066666666666666666666
1196;5005;0,133333333333333333333
1196;17487;0,066666666666666666666
1196;727898;0,133333333333333333333
1198;8348;1,000000000000000000000
1206;1458;0,333333333333333333333
1206;2520;0,333333333333333333333
1206;5329;0,333333333333333333333
1216;111;0,500000000000000000000
1216;826;0,500000000000000000000
1220;530;0,142857142857142857142
1220;2275;0,142857142857142857142
1220;2422;0,285714285714285714285
1220;13179;0,142857142857142857142
1220;373677;0,285714285714285714285
1225;47;0,005208333333333333333
1225;59;0,005208333333333333333
1225;146;0,005208333333333333333
1225;228;0,005208333333333333333
1225;260;0,005208333333333333333
1225;315;0,005208333333333333333
1225;365;0,005208333333333333333
1225;499;0,005208333333333333333
1225;557;0,005208333333333333333
1225;564;0,005208333333333333333
1225;565;0,005208333333333333333
1225;681;0,005208333333333333333
1225;703;0,005208333333333333333
1225;721;0,005208333333333333333
1225;854;0,005208333333333333333
1225;928;0,005208333333333333333
1225;990;0,005208333333333333333
1225;997;0,005208333333333333333
1225;1096;0,005208333333333333333
1225;1133;0,005208333333333333333
1225;1239;0,005208333333333333333
1225;1243;0,005208333333333333333
1225;1246;0,005208333333333333333
1225;1280;0,005208333333333333333
1225;1459;0,010416666666666666666
1225;1500;0,005208333333333333333
1225;1506;0,005208333333333333333
1225;1725;0,005208333333333333333
1225;1925;0,005208333333333333333
1225;1943;0,005208333333333333333
1225;2057;0,005208333333333333333
1225;2091;0,005208333333333333333
1225;2191;0,005208333333333333333
1225;2235;0,005208333333333333333
1225;2249;0,005208333333333333333
1225;2326;0,005208333333333333333
1225;2362;0,005208333333333333333
1225;2482;0,005208333333333333333
1225;2744;0,005208333333333333333
1225;2844;0,005208333333333333333
1225;2865;0,005208333333333333333
1225;2995;0,005208333333333333333
1225;3019;0,005208333333333333333
1225;3143;0,005208333333333333333
1225;3155;0,005208333333333333333
1225;3225;0,005208333333333333333
1225;3233;0,005208333333333333333
1225;3249;0,005208333333333333333
1225;3250;0,005208333333333333333
1225;3251;0,005208333333333333333
1225;3273;0,005208333333333333333
1225;3292;0,005208333333333333333
1225;3299;0,005208333333333333333
1225;3331;0,005208333333333333333
1225;3378;0,005208333333333333333
1225;3615;0,005208333333333333333
1225;3650;0,005208333333333333333
1225;3842;0,005208333333333333333
1225;3879;0,005208333333333333333
1225;3940;0,005208333333333333333
1225;3966;0,005208333333333333333
1225;4020;0,005208333333333333333
1225;4089;0,005208333333333333333
1225;4132;0,005208333333333333333
1225;4247;0,005208333333333333333
1225;4334;0,005208333333333333333
1225;4401;0,005208333333333333333
1225;4534;0,005208333333333333333
1225;4538;0,005208333333333333333
1225;4636;0,005208333333333333333
1225;4647;0,005208333333333333333
1225;4751;0,005208333333333333333
1225;4841;0,005208333333333333333
1225;4874;0,005208333333333333333
1225;4938;0,005208333333333333333
1225;5037;0,005208333333333333333
1225;5054;0,005208333333333333333
1225;5163;0,005208333333333333333
1225;5245;0,005208333333333333333
1225;5309;0,005208333333333333333
1225;5363;0,005208333333333333333
1225;5408;0,005208333333333333333
1225;5423;0,005208333333333333333
1225;5571;0,005208333333333333333
1225;5659;0,005208333333333333333
1225;5682;0,005208333333333333333
1225;5700;0,005208333333333333333
1225;5783;0,005208333333333333333
1225;5784;0,005208333333333333333
1225;5967;0,005208333333333333333
1225;6250;0,005208333333333333333
1225;6300;0,005208333333333333333
1225;6664;0,005208333333333333333
1225;6681;0,005208333333333333333
1225;6739;0,005208333333333333333
1225;6923;0,005208333333333333333
1225;6960;0,005208333333333333333
1225;7015;0,005208333333333333333
1225;7131;0,005208333333333333333
1225;7240;0,005208333333333333333
1225;7281;0,005208333333333333333
1225;7416;0,005208333333333333333
1225;7624;0,005208333333333333333
1225;7873;0,005208333333333333333
1225;7882;0,005208333333333333333
1225;8281;0,005208333333333333333
1225;8372;0,005208333333333333333
1225;8666;0,005208333333333333333
1225;8687;0,005208333333333333333
1225;8698;0,005208333333333333333
1225;8708;0,005208333333333333333
1225;8738;0,005208333333333333333
1225;9088;0,005208333333333333333
1225;9106;0,005208333333333333333
1225;9112;0,005208333333333333333
1225;9194;0,005208333333333333333
1225;9196;0,005208333333333333333
1225;9345;0,005208333333333333333
1225;9483;0,005208333333333333333
1225;9710;0,005208333333333333333
1225;9905;0,005208333333333333333
1225;11534;0,005208333333333333333
1225;11890;0,005208333333333333333
1225;11921;0,005208333333333333333
1225;12119;0,005208333333333333333
1225;12339;0,005208333333333333333
1225;12428;0,005208333333333333333
1225;12429;0,005208333333333333333
1225;12430;0,010416666666666666666
1225;12431;0,005208333333333333333
1225;12432;0,005208333333333333333
1225;12433;0,005208333333333333333
1225;12435;0,005208333333333333333
1225;12436;0,005208333333333333333
1225;12439;0,005208333333333333333
1225;12441;0,005208333333333333333
1225;12442;0,005208333333333333333
1225;12763;0,005208333333333333333
1225;12764;0,005208333333333333333
1225;12765;0,005208333333333333333
1225;12766;0,005208333333333333333
1225;12767;0,005208333333333333333
1225;12768;0,005208333333333333333
1225;12769;0,005208333333333333333
1225;12770;0,005208333333333333333
1225;12771;0,005208333333333333333
1225;12772;0,005208333333333333333
1225;12826;0,005208333333333333333
1225;13622;0,005208333333333333333
1225;14125;0,005208333333333333333
1225;14323;0,010416666666666666666
1225;14480;0,005208333333333333333
1225;15726;0,005208333333333333333
1225;15860;0,005208333333333333333
1225;15866;0,005208333333333333333
1225;16112;0,005208333333333333333
1225;16487;0,005208333333333333333
1225;16647;0,005208333333333333333
1225;16649;0,005208333333333333333
1225;16650;0,005208333333333333333
1225;16651;0,005208333333333333333
1225;16652;0,005208333333333333333
1225;16653;0,005208333333333333333
1225;16654;0,005208333333333333333
1225;16655;0,005208333333333333333
1225;16656;0,005208333333333333333
1225;16657;0,005208333333333333333
1225;16658;0,005208333333333333333
1225;16659;0,005208333333333333333
1225;16660;0,005208333333333333333
1225;16661;0,005208333333333333333
1225;16662;0,005208333333333333333
1225;16663;0,005208333333333333333
1225;16664;0,005208333333333333333
1225;16665;0,005208333333333333333
1225;16866;0,005208333333333333333
1225;19734;0,005208333333333333333
1225;20474;0,005208333333333333333
1225;21470;0,005208333333333333333
1225;21592;0,005208333333333333333
1225;21597;0,005208333333333333333
1225;22645;0,005208333333333333333
1225;25272;0,005208333333333333333
1225;27522;0,005208333333333333333
1225;27557;0,005208333333333333333
1225;27991;0,005208333333333333333
1225;28034;0,005208333333333333333
1225;28538;0,005208333333333333333
1225;28964;0,005208333333333333333
1227;4225;0,200000000000000000000
1227;9722;0,800000000000000000000
1231;3141;0,200000000000000000000
1231;3145;0,200000000000000000000
1231;6503;0,200000000000000000000
1231;13369;0,400000000000000000000
1234;911;0,090909090909090909090
1234;1277;0,272727272727272727272
1234;1340;0,090909090909090909090
1234;2181;0,090909090909090909090
1234;3325;0,454545454545454545454
1235;980;0,333333333333333333333
1235;1277;0,166666666666666666666
1235;3325;0,166666666666666666666
1235;3393;0,333333333333333333333
1237;1234;1,000000000000000000000
1246;1092;0,666666666666666666666
1246;6250;0,333333333333333333333
1248;876;0,666666666666666666666
1248;3625;0,333333333333333333333
1253;3877;1,000000000000000000000
1254;54;0,333333333333333333333
1254;119;0,166666666666666666666
1254;1171;0,166666666666666666666
1254;1663;0,166666666666666666666
1254;5149;0,166666666666666666666
1261;41;0,375000000000000000000
1261;845;0,125000000000000000000
1261;982;0,125000000000000000000
1261;1041;0,125000000000000000000
1261;8199;0,125000000000000000000
1261;767166;0,125000000000000000000
1265;1867;1,000000000000000000000
1276;71;0,200000000000000000000
1276;3940;0,200000000000000000000
1276;3996;0,200000000000000000000
1276;4159;0,200000000000000000000
1276;5306;0,200000000000000000000
1277;1234;0,071428571428571428571
1277;1235;0,142857142857142857142
1277;1236;0,071428571428571428571
1277;1237;0,142857142857142857142
1277;1278;0,142857142857142857142
1277;10188;0,285714285714285714285
1277;21154;0,071428571428571428571
1277;602536;0,071428571428571428571
1278;748;0,500000000000000000000
1278;7160;0,500000000000000000000
1282;8212;1,000000000000000000000
1284;855;1,000000000000000000000
1286;65;0,333333333333333333333
1286;127;0,111111111111111111111
1286;524;0,111111111111111111111
1286;938;0,111111111111111111111
1286;3414;0,111111111111111111111
1286;57838;0,111111111111111111111
1286;151929;0,111111111111111111111
1288;4629;1,000000000000000000000
1293;4000;0,666666666666666666666
1293;13504;0,333333333333333333333
1307;5329;1,000000000000000000000
1319;12706;1,000000000000000000000
1321;1565;0,500000000000000000000
1321;18641;0,500000000000000000000
1322;180;0,250000000000000000000
1322;863;0,500000000000000000000
1322;1243;0,250000000000000000000
1331;1337;1,000000000000000000000
1332;307;0,071428571428571428571
1332;378;0,071428571428571428571
1332;1240;0,071428571428571428571
1332;1325;0,071428571428571428571
1332;1327;0,071428571428571428571
1332;1328;0,071428571428571428571
1332;1329;0,071428571428571428571
1332;1331;0,071428571428571428571
1332;1335;0,071428571428571428571
1332;1337;0,071428571428571428571
1332;5831;0,071428571428571428571
1332;7278;0,071428571428571428571
1332;15437;0,071428571428571428571
1332;27808;0,071428571428571428571
1335;378;0,250000000000000000000
1335;1327;0,750000000000000000000
1336;307;1,000000000000000000000
1337;1331;1,000000000000000000000
1340;351;0,076923076923076923076
1340;1510;0,076923076923076923076
1340;2594;0,076923076923076923076
1340;3362;0,076923076923076923076
1340;4278;0,153846153846153846153
1340;5360;0,076923076923076923076
1340;41776;0,076923076923076923076
1340;434991;0,307692307692307692307
1340;440509;0,076923076923076923076
1342;283;0,666666666666666666666
1342;4313;0,333333333333333333333
1344;5679;0,500000000000000000000
1344;179346;0,500000000000000000000
1348;73;1,000000000000000000000
1364;261;0,500000000000000000000
1364;983;0,375000000000000000000
1364;2133;0,125000000000000000000
1366;839;1,000000000000000000000
1374;1663;0,500000000000000000000
1374;6130;0,500000000000000000000
1379;158;1,000000000000000000000
1397;7975;1,000000000000000000000
1401;9409;1,000000000000000000000
1402;529797;1,000000000000000000000
1406;2834;1,000000000000000000000
1419;8623;1,000000000000000000000
1429;826;1,000000000000000000000
1432;3449;0,333333333333333333333
1432;17710;0,666666666666666666666
1437;845;0,250000000000000000000
1437;846;0,250000000000000000000
1437;192866;0,250000000000000000000
1437;623129;0,250000000000000000000
1439;748;0,100000000000000000000
1439;2734;0,100000000000000000000
1439;3091;0,100000000000000000000
1439;5679;0,100000000000000000000
1439;9356;0,100000000000000000000
1439;10338;0,100000000000000000000
1439;28517;0,100000000000000000000
1439;28826;0,100000000000000000000
1439;42210;0,100000000000000000000
1439;76428;0,100000000000000000000
1440;2080;0,333333333333333333333
1440;9356;0,333333333333333333333
1440;28826;0,333333333333333333333
1444;1042;0,500000000000000000000
1444;1771;0,500000000000000000000
1455;1692;0,500000000000000000000
1455;267368;0,500000000000000000000
1457;109;0,333333333333333333333
1457;7209;0,666666666666666666666
1462;2184;0,500000000000000000000
1462;3120;0,500000000000000000000
1464;1637;0,500000000000000000000
1464;2712;0,500000000000000000000
1468;6201;1,000000000000000000000
1475;57838;1,000000000000000000000
1476;172;0,500000000000000000000
1476;768;0,500000000000000000000
1479;1749;0,181818181818181818181
1479;2105;0,090909090909090909090
1479;2775;0,090909090909090909090
1479;2863;0,181818181818181818181
1479;7882;0,090909090909090909090
1479;8165;0,090909090909090909090
1479;8698;0,090909090909090909090
1479;8928;0,090909090909090909090
1479;9905;0,090909090909090909090
1483;4471;0,333333333333333333333
1483;10507;0,333333333333333333333
1483;28700;0,333333333333333333333
1487;909;0,625000000000000000000
1487;1089;0,125000000000000000000
1487;1462;0,125000000000000000000
1487;12706;0,125000000000000000000
1498;104;0,533333333333333333333
1498;172;0,200000000000000000000
1498;768;0,066666666666666666666
1498;839;0,066666666666666666666
1498;980;0,066666666666666666666
1498;4432;0,066666666666666666666
1500;557;0,500000000000000000000
1500;1096;0,500000000000000000000
1503;3859;1,000000000000000000000
1504;5591;1,000000000000000000000
1508;2644;0,666666666666666666666
1508;6316;0,333333333333333333333
1510;349;0,500000000000000000000
1510;1894;0,166666666666666666666
1510;2594;0,166666666666666666666
1510;440509;0,166666666666666666666
1513;861;0,333333333333333333333
1513;6008;0,333333333333333333333
1513;8095;0,333333333333333333333
1515;36;0,250000000000000000000
1515;4398;0,250000000000000000000
1515;4592;0,500000000000000000000
1521;44336;1,000000000000000000000
1526;267;0,500000000000000000000
1526;678;0,500000000000000000000
1544;1065;0,181818181818181818181
1544;1171;0,090909090909090909090
1544;2435;0,090909090909090909090
1544;5679;0,181818181818181818181
1544;113459;0,454545454545454545454
1545;75230;1,000000000000000000000
1547;241;0,071428571428571428571
1547;285;0,071428571428571428571
1547;472;0,142857142857142857142
1547;678;0,142857142857142857142
1547;787;0,071428571428571428571
1547;912;0,071428571428571428571
1547;2515;0,071428571428571428571
1547;3601;0,071428571428571428571
1547;29061;0,071428571428571428571
1547;216172;0,071428571428571428571
1547;281170;0,142857142857142857142
1554;793;0,714285714285714285714
1554;2374;0,285714285714285714285
1556;2512;0,285714285714285714285
1556;3519;0,428571428571428571428
1556;5016;0,142857142857142857142
1556;5626;0,142857142857142857142
1565;812;0,142857142857142857142
1565;1321;0,071428571428571428571
1565;1562;0,071428571428571428571
1565;2470;0,071428571428571428571
1565;2890;0,357142857142857142857
1565;3395;0,214285714285714285714
1565;6940;0,071428571428571428571
1566;1694;0,333333333333333333333
1566;27269;0,666666666666666666666
1570;3045;0,500000000000000000000
1570;8630;0,500000000000000000000
1589;40;0,166666666666666666666
1589;642;0,500000000000000000000
1589;738;0,166666666666666666666
1589;666007;0,166666666666666666666
1591;861;0,055555555555555555555
1591;980;0,222222222222222222222
1591;1499;0,055555555555555555555
1591;2379;0,055555555555555555555
1591;3045;0,055555555555555555555
1591;3234;0,222222222222222222222
1591;3872;0,055555555555555555555
1591;4187;0,055555555555555555555
1591;4313;0,055555555555555555555
1591;4613;0,055555555555555555555
1591;7030;0,055555555555555555555
1591;10606;0,055555555555555555555
1596;1180;0,500000000000000000000
1596;11527;0,500000000000000000000
1597;752;0,500000000000000000000
1597;4299;0,166666666666666666666
1597;4440;0,166666666666666666666
1597;591752;0,166666666666666666666
1608;1563;1,000000000000000000000
1610;1609;1,000000000000000000000
1616;113;0,500000000000000000000
1616;407;0,166666666666666666666
1616;749;0,166666666666666666666
1616;826;0,166666666666666666666
1632;1064;0,400000000000000000000
1632;2825;0,200000000000000000000
1632;2826;0,200000000000000000000
1632;529797;0,200000000000000000000
1637;2655;0,142857142857142857142
1637;2712;0,428571428571428571428
1637;10165;0,142857142857142857142
1637;336640;0,285714285714285714285
1639;85;0,333333333333333333333
1639;1154;0,333333333333333333333
1639;1662;0,166666666666666666666
1639;4598;0,166666666666666666666
1644;407;1,000000000000000000000
1657;96;0,045454545454545454545
1657;1022;0,136363636363636363636
1657;3852;0,409090909090909090909
1657;6501;0,272727272727272727272
1657;6502;0,136363636363636363636
1663;5262;1,000000000000000000000
1667;192;0,090909090909090909090
1667;841;0,181818181818181818181
1667;964;0,090909090909090909090
1667;1122;0,090909090909090909090
1667;4364;0,090909090909090909090
1667;5545;0,363636363636363636363
1667;533247;0,090909090909090909090
1678;7713;1,000000000000000000000
1681;2435;0,166666666666666666666
1681;2786;0,166666666666666666666
1681;3105;0,166666666666666666666
1681;3427;0,166666666666666666666
1681;3683;0,166666666666666666666
1681;23759;0,166666666666666666666
1685;3359;1,000000000000000000000
1694;149;0,060606060606060606060
1694;289;0,060606060606060606060
1694;1455;0,090909090909090909090
1694;1566;0,090909090909090909090
1694;1629;0,060606060606060606060
1694;1689;0,060606060606060606060
1694;1692;0,060606060606060606060
1694;1699;0,030303030303030303030
1694;1763;0,060606060606060606060
1694;2196;0,121212121212121212121
1694;2254;0,060606060606060606060
1694;3971;0,090909090909090909090
1694;5478;0,060606060606060606060
1694;9955;0,060606060606060606060
1694;114536;0,030303030303030303030
1700;1561;0,166666666666666666666
1700;4172;0,166666666666666666666
1700;4245;0,166666666666666666666
1700;4518;0,166666666666666666666
1700;4526;0,166666666666666666666
1700;931417;0,166666666666666666666
1708;1563;1,000000000000000000000
1709;1187;1,000000000000000000000
1710;848;0,050000000000000000000
1710;1967;0,200000000000000000000
1710;3234;0,100000000000000000000
1710;6723;0,400000000000000000000
1710;9258;0,250000000000000000000
1717;172;0,500000000000000000000
1717;1829;0,500000000000000000000
1727;396;0,500000000000000000000
1727;4078;0,500000000000000000000
1729;411;0,166666666666666666666
1729;1447;0,166666666666666666666
1729;2961;0,166666666666666666666
1729;3214;0,166666666666666666666
1729;5168;0,166666666666666666666
1729;41565;0,166666666666666666666
1741;4117;1,000000000000000000000
1745;1116;1,000000000000000000000
1754;39;0,027027027027027027027
1754;65;0,054054054054054054054
1754;119;0,027027027027027027027
1754;194;0,054054054054054054054
1754;322;0,027027027027027027027
1754;526;0,027027027027027027027
1754;652;0,027027027027027027027
1754;700;0,054054054054054054054
1754;1286;0,054054054054054054054
1754;2021;0,054054054054054054054
1754;4991;0,027027027027027027027
1754;7660;0,027027027027027027027
1754;14978;0,027027027027027027027
1754;453859;0,027027027027027027027
1754;747808;0,486486486486486486486
1762;419;0,333333333333333333333
1762;1754;0,666666666666666666666
1764;2494;1,000000000000000000000
1771;1220;0,133333333333333333333
1771;1444;0,133333333333333333333
1771;2275;0,066666666666666666666
1771;2419;0,133333333333333333333
1771;2420;0,066666666666666666666
1771;2421;0,066666666666666666666
1771;2422;0,066666666666666666666
1771;2423;0,066666666666666666666
1771;2424;0,066666666666666666666
1771;6068;0,066666666666666666666
1771;25226;0,066666666666666666666
1771;27063;0,066666666666666666666
1778;520;0,500000000000000000000
1778;5935;0,500000000000000000000
1779;85;0,200000000000000000000
1779;247;0,200000000000000000000
1779;5223;0,200000000000000000000
1779;7142;0,200000000000000000000
1779;251238;0,200000000000000000000
1780;7759;1,000000000000000000000
1785;10338;1,000000000000000000000
1799;5776;1,000000000000000000000
1814;698;0,111111111111111111111
1814;802;0,111111111111111111111
1814;1278;0,111111111111111111111
1814;2087;0,222222222222222222222
1814;2472;0,111111111111111111111
1814;2607;0,111111111111111111111
1814;3392;0,222222222222222222222
1822;5852;1,000000000000000000000
1824;920;0,400000000000000000000
1824;9114;0,400000000000000000000
1824;10085;0,200000000000000000000
1831;74;0,200000000000000000000
1831;652;0,200000000000000000000
1831;885;0,200000000000000000000
1831;1192;0,200000000000000000000
1831;1623;0,200000000000000000000
1838;20801;1,000000000000000000000
1839;5679;1,000000000000000000000
1840;4695;1,000000000000000000000
1843;5089;1,000000000000000000000
1850;4278;1,000000000000000000000
1853;1154;0,500000000000000000000
1853;37814;0,500000000000000000000
1864;115;0,100000000000000000000
1864;475;0,233333333333333333333
1864;477;0,033333333333333333333
1864;652;0,033333333333333333333
1864;885;0,033333333333333333333
1864;1120;0,033333333333333333333
1864;1210;0,033333333333333333333
1864;1843;0,033333333333333333333
1864;3532;0,100000000000000000000
1864;3567;0,033333333333333333333
1864;3815;0,033333333333333333333
1864;4355;0,033333333333333333333
1864;5083;0,033333333333333333333
1864;5521;0,066666666666666666666
1864;8513;0,033333333333333333333
1864;50332;0,033333333333333333333
1864;50959;0,033333333333333333333
1864;499117;0,066666666666666666666
1866;521;0,081081081081081081081
1866;528;0,054054054054054054054
1866;1150;0,081081081081081081081
1866;2027;0,027027027027027027027
1866;2492;0,027027027027027027027
1866;3033;0,135135135135135135135
1866;3680;0,108108108108108108108
1866;3800;0,081081081081081081081
1866;4237;0,081081081081081081081
1866;5691;0,054054054054054054054
1866;6320;0,081081081081081081081
1866;8156;0,081081081081081081081
1866;9399;0,081081081081081081081
1866;18251;0,027027027027027027027
1868;678;0,500000000000000000000
1868;13294;0,500000000000000000000
1877;6461;1,000000000000000000000
1879;394;1,000000000000000000000
1883;9951;0,500000000000000000000
1883;931417;0,500000000000000000000
1887;1567;0,500000000000000000000
1887;931417;0,500000000000000000000
1889;2661;0,333333333333333333333
1889;3045;0,166666666666666666666
1889;7116;0,166666666666666666666
1889;7160;0,333333333333333333333
1891;54;0,333333333333333333333
1891;4150;0,333333333333333333333
1891;7128;0,333333333333333333333
1893;324;0,666666666666666666666
1893;2518;0,333333333333333333333
1894;277;0,142857142857142857142
1894;1510;0,142857142857142857142
1894;2594;0,142857142857142857142
1894;3362;0,428571428571428571428
1894;119973;0,142857142857142857142
1897;1046;0,500000000000000000000
1897;1600;0,500000000000000000000
1910;5440;0,500000000000000000000
1910;8899;0,500000000000000000000
1913;510;0,500000000000000000000
1913;1352;0,500000000000000000000
1917;1981;0,250000000000000000000
1917;2853;0,250000000000000000000
1917;3503;0,500000000000000000000
1931;980;0,200000000000000000000
1931;1044;0,200000000000000000000
1931;2214;0,400000000000000000000
1931;8633;0,200000000000000000000
1940;628;0,200000000000000000000
1940;1708;0,200000000000000000000
1940;349041;0,600000000000000000000
1942;5679;0,333333333333333333333
1942;440509;0,666666666666666666666
1945;360;1,000000000000000000000
1946;4538;0,250000000000000000000
1946;7941;0,250000000000000000000
1946;12436;0,250000000000000000000
1946;41776;0,250000000000000000000
1948;57;0,250000000000000000000
1948;309;0,125000000000000000000
1948;835;0,125000000000000000000
1948;3141;0,125000000000000000000
1948;3852;0,125000000000000000000
1948;4853;0,125000000000000000000
1948;140271;0,125000000000000000000
1949;74;0,153846153846153846153
1949;988;0,076923076923076923076
1949;1623;0,076923076923076923076
1949;3096;0,076923076923076923076
1949;3340;0,076923076923076923076
1949;3891;0,076923076923076923076
1949;4476;0,076923076923076923076
1949;4933;0,076923076923076923076
1949;5856;0,076923076923076923076
1949;329223;0,076923076923076923076
1949;367451;0,153846153846153846153
1956;7920;1,000000000000000000000
1974;3111;1,000000000000000000000
1984;9513;1,000000000000000000000
1985;3774;1,000000000000000000000
1988;96;0,100000000000000000000
1988;2515;0,100000000000000000000
1988;3219;0,100000000000000000000
1988;4881;0,400000000000000000000
1988;6666;0,100000000000000000000
1988;370126;0,100000000000000000000
1988;778335;0,100000000000000000000
1991;2239;0,166666666666666666666
1991;3044;0,166666666666666666666
1991;3985;0,166666666666666666666
1991;4427;0,166666666666666666666
1991;4431;0,166666666666666666666
1991;4432;0,166666666666666666666
1996;964;0,250000000000000000000
1996;1124;0,250000000000000000000
1996;9718;0,250000000000000000000
1996;9730;0,250000000000000000000
1997;428;1,000000000000000000000
2004;488062;1,000000000000000000000
2005;519;1,000000000000000000000
2007;1462;1,000000000000000000000
2008;1064;0,500000000000000000000
2008;8590;0,500000000000000000000
2015;844;0,500000000000000000000
2015;1719;0,166666666666666666666
2015;2210;0,333333333333333333333
2017;1109;0,272727272727272727272
2017;1625;0,090909090909090909090
2017;4070;0,090909090909090909090
2017;5564;0,454545454545454545454
2017;8623;0,090909090909090909090
2021;54;0,333333333333333333333
2021;119;0,333333333333333333333
2021;596;0,166666666666666666666
2021;5657;0,166666666666666666666
2023;15895;1,000000000000000000000
2043;8513;0,500000000000000000000
2043;11213;0,500000000000000000000
2046;5564;0,333333333333333333333
2046;6320;0,333333333333333333333
2046;9391;0,333333333333333333333
2052;190;0,333333333333333333333
2052;5167;0,333333333333333333333
2052;6828;0,333333333333333333333
2064;65;0,500000000000000000000
2064;9395;0,333333333333333333333
2064;333184;0,166666666666666666666
2070;5632;1,000000000000000000000
2073;28;1,000000000000000000000
2075;28;0,500000000000000000000
2075;38738;0,500000000000000000000
2080;3095;0,500000000000000000000
2080;12375;0,500000000000000000000
2083;302;0,333333333333333333333
2083;3508;0,666666666666666666666
2087;1814;0,333333333333333333333
2087;3392;0,666666666666666666666
2099;317;0,500000000000000000000
2099;2445;0,500000000000000000000
2105;5037;1,000000000000000000000
2111;602536;1,000000000000000000000
2112;1556;1,000000000000000000000
2119;1123;0,500000000000000000000
2119;3098;0,500000000000000000000
2130;138;0,058823529411764705882
2130;4821;0,058823529411764705882
2130;24460;0,176470588235294117647
2130;27416;0,470588235294117647058
2130;373782;0,235294117647058823529
2137;3197;0,333333333333333333333
2137;5626;0,333333333333333333333
2137;13704;0,333333333333333333333
2139;267;0,200000000000000000000
2139;861;0,200000000000000000000
2139;1154;0,200000000000000000000
2139;2293;0,200000000000000000000
2139;245879;0,200000000000000000000
2140;392;0,100000000000000000000
2140;407;0,200000000000000000000
2140;410;0,100000000000000000000
2140;419;0,100000000000000000000
2140;1727;0,100000000000000000000
2140;4078;0,100000000000000000000
2140;4512;0,100000000000000000000
2140;5852;0,200000000000000000000
2145;96;0,750000000000000000000
2145;3245;0,250000000000000000000
2146;333343;0,666666666666666666666
2146;533247;0,333333333333333333333
2147;77;0,071428571428571428571
2147;622;0,428571428571428571428
2147;846;0,071428571428571428571
2147;1066;0,142857142857142857142
2147;1171;0,071428571428571428571
2147;2786;0,142857142857142857142
2147;190971;0,071428571428571428571
2150;286660;1,000000000000000000000
2152;2204;1,000000000000000000000
2156;695;1,000000000000000000000
2164;5869;0,500000000000000000000
2164;14978;0,500000000000000000000
2175;4145;0,210526315789473684210
2175;7095;0,052631578947368421052
2175;65998;0,631578947368421052631
2175;66075;0,105263157894736842105
2181;1234;1,000000000000000000000
2191;1096;0,666666666666666666666
2191;5408;0,333333333333333333333
2195;1454;0,333333333333333333333
2195;2976;0,333333333333333333333
2195;8902;0,333333333333333333333
2196;149;0,125000000000000000000
2196;220;0,125000000000000000000
2196;475;0,125000000000000000000
2196;1455;0,125000000000000000000
2196;1694;0,250000000000000000000
2196;1695;0,125000000000000000000
2196;1699;0,125000000000000000000
2198;23;0,083333333333333333333
2198;484;0,041666666666666666666
2198;607;0,208333333333333333333
2198;886;0,291666666666666666666
2198;1843;0,208333333333333333333
2198;2200;0,041666666666666666666
2198;5329;0,125000000000000000000
2200;2198;1,000000000000000000000
2204;2152;1,000000000000000000000
2210;2015;0,500000000000000000000
2210;3532;0,500000000000000000000
2212;533247;1,000000000000000000000
2216;5082;0,500000000000000000000
2216;5367;0,166666666666666666666
2216;5632;0,166666666666666666666
2216;9686;0,166666666666666666666
2218;529797;1,000000000000000000000
2223;3158;0,500000000000000000000
2223;4064;0,500000000000000000000
2239;839;0,200000000000000000000
2239;1991;0,600000000000000000000
2239;2578;0,200000000000000000000
2252;241;0,666666666666666666666
2252;737;0,333333333333333333333
2269;689;0,500000000000000000000
2269;2133;0,500000000000000000000
2271;27173;1,000000000000000000000
2272;3296;0,666666666666666666666
2272;5158;0,333333333333333333333
2274;266;1,000000000000000000000
2275;1042;0,090909090909090909090
2275;1771;0,090909090909090909090
2275;6918;0,272727272727272727272
2275;9067;0,090909090909090909090
2275;11369;0,090909090909090909090
2275;27478;0,181818181818181818181
2275;28183;0,090909090909090909090
2275;373677;0,090909090909090909090
2280;4493;1,000000000000000000000
2287;240;0,190476190476190476190
2287;1041;0,095238095238095238095
2287;1042;0,095238095238095238095
2287;2422;0,523809523809523809523
2287;5638;0,047619047619047619047
2287;11369;0,047619047619047619047
2293;42;0,181818181818181818181
2293;249;0,045454545454545454545
2293;1141;0,045454545454545454545
2293;2139;0,045454545454545454545
2293;2145;0,045454545454545454545
2293;2461;0,045454545454545454545
2293;2464;0,045454545454545454545
2293;3219;0,181818181818181818181
2293;3245;0,045454545454545454545
2293;3633;0,045454545454545454545
2293;5628;0,272727272727272727272
2310;320;0,250000000000000000000
2310;648;0,250000000000000000000
2310;5212;0,250000000000000000000
2310;18592;0,250000000000000000000
2322;7968;1,000000000000000000000
2323;2343;1,000000000000000000000
2326;295;0,250000000000000000000
2326;990;0,250000000000000000000
2326;6527;0,250000000000000000000
2326;28528;0,250000000000000000000
2330;3393;1,000000000000000000000
2335;3340;1,000000000000000000000
2337;2438;0,500000000000000000000
2337;3071;0,500000000000000000000
2343;1197;0,125000000000000000000
2343;1198;0,125000000000000000000
2343;2323;0,625000000000000000000
2343;8348;0,125000000000000000000
2352;5061;1,000000000000000000000
2355;3237;1,000000000000000000000
2364;1117;0,375000000000000000000
2364;4512;0,125000000000000000000
2364;5679;0,375000000000000000000
2364;431565;0,125000000000000000000
2371;290;0,500000000000000000000
2371;8164;0,500000000000000000000
2372;545;1,000000000000000000000
2374;360;0,058823529411764705882
2374;689;0,352941176470588235294
2374;793;0,058823529411764705882
2374;1554;0,058823529411764705882
2374;4225;0,352941176470588235294
2374;16527;0,117647058823529411764
2379;861;0,026315789473684210526
2379;1448;0,026315789473684210526
2379;1570;0,026315789473684210526
2379;1591;0,078947368421052631578
2379;2713;0,052631578947368421052
2379;2714;0,026315789473684210526
2379;3234;0,552631578947368421052
2379;3381;0,078947368421052631578
2379;4613;0,026315789473684210526
2379;4747;0,026315789473684210526
2379;4777;0,052631578947368421052
2379;8630;0,026315789473684210526
2383;266;0,500000000000000000000
2383;471750;0,500000000000000000000
2385;622;0,125000000000000000000
2385;2779;0,125000000000000000000
2385;3269;0,125000000000000000000
2385;4765;0,125000000000000000000
2385;5629;0,125000000000000000000
2385;5632;0,250000000000000000000
2385;6316;0,125000000000000000000
2390;4592;1,000000000000000000000
2398;2817;0,333333333333333333333
2398;5493;0,666666666666666666666
2418;526;1,000000000000000000000
2419;356;0,142857142857142857142
2419;1771;0,142857142857142857142
2419;2275;0,142857142857142857142
2419;2421;0,142857142857142857142
2419;2422;0,142857142857142857142
2419;12375;0,142857142857142857142
2419;383065;0,142857142857142857142
2421;2419;0,250000000000000000000
2421;6630;0,250000000000000000000
2421;27063;0,250000000000000000000
2421;27066;0,250000000000000000000
2422;1220;0,250000000000000000000
2422;2287;0,750000000000000000000
2425;407;0,250000000000000000000
2425;9069;0,500000000000000000000
2425;28185;0,250000000000000000000
2433;148;0,052631578947368421052
2433;1082;0,052631578947368421052
2433;1434;0,105263157894736842105
2433;2778;0,157894736842105263157
2433;3705;0,105263157894736842105
2433;3968;0,105263157894736842105
2433;6461;0,105263157894736842105
2433;11656;0,105263157894736842105
2433;11734;0,105263157894736842105
2433;13642;0,105263157894736842105
2434;621;1,000000000000000000000
2436;1129;1,000000000000000000000
2438;2337;0,333333333333333333333
2438;3071;0,333333333333333333333
2438;6694;0,333333333333333333333
2445;2099;0,181818181818181818181
2445;3802;0,727272727272727272727
2445;440509;0,090909090909090909090
2461;168;0,200000000000000000000
2461;2293;0,100000000000000000000
2461;3219;0,300000000000000000000
2461;3633;0,100000000000000000000
2461;5628;0,100000000000000000000
2461;31343;0,200000000000000000000
2464;283;0,250000000000000000000
2464;771;0,250000000000000000000
2464;2293;0,250000000000000000000
2464;253384;0,125000000000000000000
2464;283633;0,125000000000000000000
2467;1178;1,000000000000000000000
2470;4518;0,200000000000000000000
2470;5896;0,200000000000000000000
2470;8212;0,200000000000000000000
2470;9694;0,200000000000000000000
2470;931417;0,200000000000000000000
2474;248;1,000000000000000000000
2479;749;0,153846153846153846153
2479;2504;0,153846153846153846153
2479;3141;0,307692307692307692307
2479;9968;0,230769230769230769230
2479;12938;0,153846153846153846153
2488;1152;1,000000000000000000000
2494;519;0,500000000000000000000
2494;7975;0,500000000000000000000
2498;244;0,500000000000000000000
2498;365;0,500000000000000000000
2500;2561;1,000000000000000000000
2503;3085;0,200000000000000000000
2503;4748;0,200000000000000000000
2503;6465;0,200000000000000000000
2503;9385;0,200000000000000000000
2503;14073;0,200000000000000000000
2504;1109;0,100000000000000000000
2504;2071;0,100000000000000000000
2504;2479;0,200000000000000000000
2504;8143;0,100000000000000000000
2504;13265;0,500000000000000000000
2506;5753;1,000000000000000000000
2511;1162;1,000000000000000000000
2515;1547;0,200000000000000000000
2515;1988;0,200000000000000000000
2515;2379;0,200000000000000000000
2515;2714;0,200000000000000000000
2515;5289;0,200000000000000000000
2516;219;0,200000000000000000000
2516;324;0,200000000000000000000
2516;904;0,200000000000000000000
2516;1893;0,200000000000000000000
2516;2518;0,200000000000000000000
2518;219;0,250000000000000000000
2518;324;0,250000000000000000000
2518;1893;0,250000000000000000000
2518;2516;0,250000000000000000000
2547;1058;1,000000000000000000000
2554;543;1,000000000000000000000
2555;5679;1,000000000000000000000
2561;1118;0,500000000000000000000
2561;2500;0,500000000000000000000
2569;3962;0,500000000000000000000
2569;408414;0,500000000000000000000
2576;331627;1,000000000000000000000
2578;4442;0,166666666666666666666
2578;4461;0,166666666666666666666
2578;7015;0,166666666666666666666
2578;10892;0,166666666666666666666
2578;356607;0,333333333333333333333
2586;242;0,625000000000000000000
2586;1180;0,250000000000000000000
2586;3098;0,125000000000000000000
2591;4;0,333333333333333333333
2591;1085;0,333333333333333333333
2591;5029;0,333333333333333333333
2594;1510;0,500000000000000000000
2594;1894;0,500000000000000000000
2596;527;0,250000000000000000000
2596;1004;0,250000000000000000000
2596;1182;0,250000000000000000000
2596;7572;0,250000000000000000000
2600;4892;1,000000000000000000000
2607;1814;0,500000000000000000000
2607;608895;0,500000000000000000000
2630;1139;1,000000000000000000000
2634;6739;1,000000000000000000000
2644;1508;1,000000000000000000000
2655;1637;1,000000000000000000000
2657;277;0,333333333333333333333
2657;851;0,333333333333333333333
2657;1042;0,333333333333333333333
2659;854;1,000000000000000000000
2661;678;0,200000000000000000000
2661;1149;0,200000000000000000000
2661;1889;0,200000000000000000000
2661;5089;0,200000000000000000000
2661;6535;0,200000000000000000000
2678;288;0,400000000000000000000
2678;3978;0,200000000000000000000
2678;10860;0,200000000000000000000
2678;393418;0,200000000000000000000
2683;524;1,000000000000000000000
2684;113;0,076923076923076923076
2684;530;0,076923076923076923076
2684;718;0,076923076923076923076
2684;719;0,076923076923076923076
2684;980;0,230769230769230769230
2684;1234;0,076923076923076923076
2684;1235;0,076923076923076923076
2684;1591;0,076923076923076923076
2684;1931;0,076923076923076923076
2684;2111;0,153846153846153846153
2694;4627;1,000000000000000000000
2697;2147;0,500000000000000000000
2697;3085;0,500000000000000000000
2704;885;0,166666666666666666666
2704;1864;0,166666666666666666666
2704;3015;0,333333333333333333333
2704;9468;0,333333333333333333333
2712;635;0,066666666666666666666
2712;1464;0,133333333333333333333
2712;1471;0,066666666666666666666
2712;1637;0,333333333333333333333
2712;5029;0,066666666666666666666
2712;7259;0,066666666666666666666
2712;14826;0,066666666666666666666
2712;47352;0,066666666666666666666
2712;336640;0,066666666666666666666
2712;767229;0,066666666666666666666
2713;2379;0,333333333333333333333
2713;4613;0,166666666666666666666
2713;6440;0,166666666666666666666
2713;6535;0,166666666666666666666
2713;15737;0,166666666666666666666
2714;861;0,500000000000000000000
2714;2379;0,500000000000000000000
2716;10020;1,000000000000000000000
2739;2736;1,000000000000000000000
2741;6543;1,000000000000000000000
2746;66;1,000000000000000000000
2761;241;0,500000000000000000000
2761;3872;0,500000000000000000000
2778;2433;0,250000000000000000000
2778;6723;0,500000000000000000000
2778;11656;0,250000000000000000000
2779;621;0,333333333333333333333
2779;4979;0,333333333333333333333
2779;9026;0,333333333333333333333
2780;4979;1,000000000000000000000
2786;965;0,705882352941176470588
2786;2146;0,058823529411764705882
2786;2147;0,235294117647058823529
2792;54;0,250000000000000000000
2792;320;0,250000000000000000000
2792;6130;0,250000000000000000000
2792;12709;0,250000000000000000000
2800;2851;0,500000000000000000000
2800;3678;0,250000000000000000000
2800;3891;0,250000000000000000000
2803;16;0,012422360248447204968
2803;57;0,012422360248447204968
2803;71;0,012422360248447204968
2803;82;0,012422360248447204968
2803;89;0,012422360248447204968
2803;234;0,012422360248447204968
2803;309;0,012422360248447204968
2803;369;0,012422360248447204968
2803;644;0,012422360248447204968
2803;645;0,012422360248447204968
2803;827;0,012422360248447204968
2803;835;0,012422360248447204968
2803;890;0,012422360248447204968
2803;1022;0,012422360248447204968
2803;1040;0,012422360248447204968
2803;1143;0,012422360248447204968
2803;1152;0,003105590062111801242
2803;1231;0,012422360248447204968
2803;1276;0,012422360248447204968
2803;1612;0,012422360248447204968
2803;1657;0,012422360248447204968
2803;1948;0,012422360248447204968
2803;2109;0,003105590062111801242
2803;2355;0,012422360248447204968
2803;2414;0,012422360248447204968
2803;2479;0,012422360248447204968
2803;2487;0,012422360248447204968
2803;2736;0,012422360248447204968
2803;2739;0,006211180124223602484
2803;2802;0,012422360248447204968
2803;3098;0,012422360248447204968
2803;3123;0,012422360248447204968
2803;3128;0,012422360248447204968
2803;3141;0,012422360248447204968
2803;3145;0,012422360248447204968
2803;3237;0,012422360248447204968
2803;3399;0,012422360248447204968
2803;3574;0,012422360248447204968
2803;3852;0,012422360248447204968
2803;3953;0,012422360248447204968
2803;3967;0,012422360248447204968
2803;3996;0,012422360248447204968
2803;4024;0,012422360248447204968
2803;4159;0,012422360248447204968
2803;4160;0,012422360248447204968
2803;4306;0,012422360248447204968
2803;4501;0,012422360248447204968
2803;4695;0,012422360248447204968
2803;4853;0,012422360248447204968
2803;5136;0,012422360248447204968
2803;5306;0,012422360248447204968
2803;5338;0,012422360248447204968
2803;5607;0,012422360248447204968
2803;6045;0,012422360248447204968
2803;6495;0,012422360248447204968
2803;6496;0,012422360248447204968
2803;6497;0,012422360248447204968
2803;6498;0,012422360248447204968
2803;6499;0,012422360248447204968
2803;6501;0,012422360248447204968
2803;6502;0,012422360248447204968
2803;6503;0,012422360248447204968
2803;6504;0,009316770186335403726
2803;6505;0,012422360248447204968
2803;6506;0,012422360248447204968
2803;6509;0,012422360248447204968
2803;6511;0,012422360248447204968
2803;6512;0,012422360248447204968
2803;6513;0,012422360248447204968
2803;6514;0,012422360248447204968
2803;6515;0,012422360248447204968
2803;6517;0,012422360248447204968
2803;6518;0,012422360248447204968
2803;6520;0,012422360248447204968
2803;6523;0,012422360248447204968
2803;6524;0,012422360248447204968
2803;6527;0,012422360248447204968
2803;6543;0,006211180124223602484
2803;7686;0,012422360248447204968
2803;8238;0,012422360248447204968
2803;9968;0,003105590062111801242
2803;93146;0,012422360248447204968
2803;140271;0,012422360248447204968
2803;743544;0,012422360248447204968
2822;414;0,200000000000000000000
2822;3318;0,600000000000000000000
2822;13187;0,200000000000000000000
2823;466;0,500000000000000000000
2823;53012;0,500000000000000000000
2826;220;0,333333333333333333333
2826;1453;0,333333333333333333333
2826;2825;0,333333333333333333333
2832;866;1,000000000000000000000
2834;468;0,200000000000000000000
2834;846;0,600000000000000000000
2834;8910;0,200000000000000000000
2838;8909;0,500000000000000000000
2838;23954;0,500000000000000000000
2850;899;0,142857142857142857142
2850;1719;0,714285714285714285714
2850;3911;0,142857142857142857142
2852;85;0,500000000000000000000
2852;798;0,500000000000000000000
2853;1917;1,000000000000000000000
2865;59;0,018867924528301886792
2865;228;0,018867924528301886792
2865;681;0,018867924528301886792
2865;854;0,018867924528301886792
2865;990;0,018867924528301886792
2865;997;0,018867924528301886792
2865;1225;0,018867924528301886792
2865;1243;0,018867924528301886792
2865;1725;0,018867924528301886792
2865;1925;0,018867924528301886792
2865;2249;0,018867924528301886792
2865;2326;0,018867924528301886792
2865;2482;0,018867924528301886792
2865;3233;0,018867924528301886792
2865;3250;0,018867924528301886792
2865;3251;0,018867924528301886792
2865;3292;0,018867924528301886792
2865;3331;0,018867924528301886792
2865;4089;0,018867924528301886792
2865;4132;0,018867924528301886792
2865;4247;0,018867924528301886792
2865;4334;0,018867924528301886792
2865;4401;0,018867924528301886792
2865;4874;0,018867924528301886792
2865;5054;0,056603773584905660377
2865;5163;0,018867924528301886792
2865;5682;0,018867924528301886792
2865;5783;0,018867924528301886792
2865;6664;0,018867924528301886792
2865;6923;0,018867924528301886792
2865;8666;0,018867924528301886792
2865;12339;0,018867924528301886792
2865;12428;0,018867924528301886792
2865;12430;0,018867924528301886792
2865;12435;0,018867924528301886792
2865;12826;0,018867924528301886792
2865;13622;0,018867924528301886792
2865;14125;0,018867924528301886792
2865;14323;0,018867924528301886792
2865;15726;0,018867924528301886792
2865;15866;0,018867924528301886792
2865;16649;0,018867924528301886792
2865;16651;0,018867924528301886792
2865;16653;0,018867924528301886792
2865;16659;0,018867924528301886792
2865;16660;0,018867924528301886792
2865;16664;0,018867924528301886792
2865;20474;0,018867924528301886792
2865;21592;0,018867924528301886792
2865;21597;0,018867924528301886792
2865;28538;0,018867924528301886792
2877;3178;0,500000000000000000000
2877;7095;0,250000000000000000000
2877;8566;0,250000000000000000000
2890;1563;0,500000000000000000000
2890;1565;0,500000000000000000000
2893;256235;1,000000000000000000000
2932;733;1,000000000000000000000
2935;733;1,000000000000000000000
2938;733;1,000000000000000000000
2939;733;1,000000000000000000000
2961;1729;1,000000000000000000000
2972;72;0,500000000000000000000
2972;1117;0,500000000000000000000
2976;2195;1,000000000000000000000
2990;1448;0,200000000000000000000
2990;2510;0,400000000000000000000
2990;28602;0,400000000000000000000
2993;12563;1,000000000000000000000
2998;9393;0,333333333333333333333
2998;151009;0,333333333333333333333
2998;259831;0,333333333333333333333
3000;42;1,000000000000000000000
3015;2704;1,000000000000000000000
3022;21112;1,000000000000000000000
3029;3557;0,888888888888888888888
3029;357817;0,111111111111111111111
3033;61;0,076923076923076923076
3033;66;0,153846153846153846153
3033;975;0,307692307692307692307
3033;1556;0,076923076923076923076
3033;1866;0,153846153846153846153
3033;5626;0,076923076923076923076
3033;286660;0,153846153846153846153
3045;96;0,230769230769230769230
3045;249;0,153846153846153846153
3045;861;0,538461538461538461538
3045;1570;0,076923076923076923076
3069;642;1,000000000000000000000
3085;960;0,071428571428571428571
3085;1122;0,071428571428571428571
3085;1401;0,071428571428571428571
3085;2697;0,071428571428571428571
3085;4146;0,071428571428571428571
3085;4147;0,107142857142857142857
3085;5367;0,107142857142857142857
3085;5679;0,178571428571428571428
3085;5691;0,071428571428571428571
3085;9356;0,071428571428571428571
3085;10658;0,035714285714285714285
3085;14899;0,071428571428571428571
3095;249;0,062500000000000000000
3095;396;0,062500000000000000000
3095;522;0,062500000000000000000
3095;891;0,062500000000000000000
3095;990;0,062500000000000000000
3095;1064;0,062500000000000000000
3095;1314;0,062500000000000000000
3095;2080;0,062500000000000000000
3095;2184;0,062500000000000000000
3095;2644;0,062500000000000000000
3095;2744;0,020833333333333333333
3095;3096;0,062500000000000000000
3095;3097;0,062500000000000000000
3095;3098;0,062500000000000000000
3095;3099;0,062500000000000000000
3095;3100;0,062500000000000000000
3095;41776;0,020833333333333333333
3095;245879;0,020833333333333333333
3096;96;0,500000000000000000000
3096;1949;0,250000000000000000000
3096;2489;0,250000000000000000000
3103;6723;1,000000000000000000000
3105;533;0,200000000000000000000
3105;846;0,200000000000000000000
3105;4187;0,200000000000000000000
3105;512469;0,400000000000000000000
3123;644;1,000000000000000000000
3141;749;0,031250000000000000000
3141;835;0,031250000000000000000
3141;1231;0,031250000000000000000
3141;1948;0,062500000000000000000
3141;2054;0,031250000000000000000
3141;2130;0,031250000000000000000
3141;2479;0,125000000000000000000
3141;2736;0,093750000000000000000
3141;3098;0,031250000000000000000
3141;3123;0,031250000000000000000
3141;3142;0,062500000000000000000
3141;3852;0,125000000000000000000
3141;3996;0,031250000000000000000
3141;4306;0,031250000000000000000
3141;5306;0,031250000000000000000
3141;6497;0,031250000000000000000
3141;16786;0,062500000000000000000
3141;37183;0,031250000000000000000
3141;259831;0,031250000000000000000
3141;333343;0,062500000000000000000
3142;3141;0,500000000000000000000
3142;14465;0,500000000000000000000
3143;365;0,058823529411764705882
3143;703;0,058823529411764705882
3143;1280;0,058823529411764705882
3143;2190;0,176470588235294117647
3143;2362;0,117647058823529411764
3143;3966;0,058823529411764705882
3143;6250;0,058823529411764705882
3143;6800;0,058823529411764705882
3143;7416;0,058823529411764705882
3143;9194;0,058823529411764705882
3143;9195;0,058823529411764705882
3143;14069;0,117647058823529411764
3143;16112;0,058823529411764705882
3145;1231;0,250000000000000000000
3145;2736;0,500000000000000000000
3145;6045;0,250000000000000000000
3146;1123;1,000000000000000000000
3158;1160;0,066666666666666666666
3158;1322;0,066666666666666666666
3158;2223;0,066666666666666666666
3158;7259;0,066666666666666666666
3158;12333;0,133333333333333333333
3158;27841;0,066666666666666666666
3158;28523;0,133333333333333333333
3158;41565;0,066666666666666666666
3158;283638;0,133333333333333333333
3158;327099;0,133333333333333333333
3158;365536;0,066666666666666666666
3169;362;0,125000000000000000000
3169;4991;0,625000000000000000000
3169;6929;0,250000000000000000000
3176;2467;0,300000000000000000000
3176;3986;0,200000000000000000000
3176;16845;0,100000000000000000000
3176;17278;0,200000000000000000000
3176;17280;0,200000000000000000000
3178;2877;1,000000000000000000000
3180;3340;1,000000000000000000000
3197;2137;0,500000000000000000000
3197;4145;0,500000000000000000000
3203;829;1,000000000000000000000
3222;1092;1,000000000000000000000
3223;224;0,041666666666666666666
3223;324;0,041666666666666666666
3223;351;0,083333333333333333333
3223;918;0,041666666666666666666
3223;1131;0,041666666666666666666
3223;1504;0,041666666666666666666
3223;1510;0,041666666666666666666
3223;2493;0,041666666666666666666
3223;2516;0,041666666666666666666
3223;2921;0,041666666666666666666
3223;3273;0,041666666666666666666
3223;5239;0,041666666666666666666
3223;6930;0,041666666666666666666
3223;10602;0,041666666666666666666
3223;10633;0,041666666666666666666
3223;12333;0,041666666666666666666
3223;12534;0,041666666666666666666
3223;17268;0,041666666666666666666
3223;26354;0,041666666666666666666
3223;31885;0,041666666666666666666
3223;54879;0,083333333333333333333
3223;276780;0,041666666666666666666
3230;119;0,100000000000000000000
3230;132;0,300000000000000000000
3230;550;0,200000000000000000000
3230;551;0,100000000000000000000
3230;596;0,300000000000000000000
3233;2091;0,500000000000000000000
3233;2326;0,500000000000000000000
3235;71;0,083333333333333333333
3235;135;0,166666666666666666666
3235;1210;0,083333333333333333333
3235;3607;0,666666666666666666666
3245;246;0,013888888888888888888
3245;271;0,013888888888888888888
3245;288;0,013888888888888888888
3245;290;0,041666666666666666666
3245;294;0,013888888888888888888
3245;317;0,013888888888888888888
3245;545;0,013888888888888888888
3245;1030;0,013888888888888888888
3245;1288;0,013888888888888888888
3245;1497;0,013888888888888888888
3245;1696;0,013888888888888888888
3245;1824;0,013888888888888888888
3245;1901;0,013888888888888888888
3245;2145;0,027777777777777777777
3245;2322;0,013888888888888888888
3245;2323;0,013888888888888888888
3245;2337;0,013888888888888888888
3245;2343;0,013888888888888888888
3245;2371;0,027777777777777777777
3245;2372;0,013888888888888888888
3245;2438;0,013888888888888888888
3245;2678;0,013888888888888888888
3245;2679;0,013888888888888888888
3245;3071;0,013888888888888888888
3245;3304;0,013888888888888888888
3245;3360;0,013888888888888888888
3245;3618;0,013888888888888888888
3245;3731;0,013888888888888888888
3245;3916;0,013888888888888888888
3245;3978;0,013888888888888888888
3245;4657;0,013888888888888888888
3245;4728;0,013888888888888888888
3245;4750;0,013888888888888888888
3245;4794;0,013888888888888888888
3245;5506;0,013888888888888888888
3245;5915;0,013888888888888888888
3245;6694;0,013888888888888888888
3245;7859;0,013888888888888888888
3245;7968;0,013888888888888888888
3245;8348;0,013888888888888888888
3245;8635;0,013888888888888888888
3245;9114;0,013888888888888888888
3245;9159;0,013888888888888888888
3245;9376;0,013888888888888888888
3245;9992;0,013888888888888888888
3245;10085;0,013888888888888888888
3245;10860;0,013888888888888888888
3245;11014;0,013888888888888888888
3245;12385;0,013888888888888888888
3245;14652;0,013888888888888888888
3245;15867;0,013888888888888888888
3245;17677;0,013888888888888888888
3245;17773;0,013888888888888888888
3245;17789;0,013888888888888888888
3245;23561;0,013888888888888888888
3245;23562;0,013888888888888888888
3245;23563;0,013888888888888888888
3245;26101;0,013888888888888888888
3245;27527;0,013888888888888888888
3245;27531;0,013888888888888888888
3245;27535;0,013888888888888888888
3245;27537;0,013888888888888888888
3245;27539;0,013888888888888888888
3245;76695;0,013888888888888888888
3245;119483;0,013888888888888888888
3245;135123;0,013888888888888888888
3245;365536;0,013888888888888888888
3245;455165;0,013888888888888888888
3250;5783;1,000000000000000000000
3251;10892;1,000000000000000000000
3256;3095;1,000000000000000000000
3265;1713;1,000000000000000000000
3269;2385;0,500000000000000000000
3269;2832;0,500000000000000000000
3271;1060;0,666666666666666666666
3271;533247;0,333333333333333333333
3278;10255;1,000000000000000000000
3284;3962;1,000000000000000000000
3293;8928;1,000000000000000000000
3296;2272;1,000000000000000000000
3304;1514;1,000000000000000000000
3306;704;0,333333333333333333333
3306;839;0,333333333333333333333
3306;937;0,333333333333333333333
3318;349;0,052631578947368421052
3318;399;0,052631578947368421052
3318;2467;0,105263157894736842105
3318;2822;0,157894736842105263157
3318;4145;0,052631578947368421052
3318;4278;0,052631578947368421052
3318;7095;0,210526315789473684210
3318;9288;0,052631578947368421052
3318;12850;0,052631578947368421052
3318;13704;0,052631578947368421052
3318;587053;0,052631578947368421052
3318;587057;0,105263157894736842105
3325;1234;1,000000000000000000000
3340;588;0,090909090909090909090
3340;952;0,090909090909090909090
3340;1949;0,090909090909090909090
3340;2129;0,090909090909090909090
3340;2489;0,090909090909090909090
3340;2794;0,090909090909090909090
3340;3180;0,090909090909090909090
3340;3891;0,090909090909090909090
3340;5089;0,090909090909090909090
3340;5679;0,090909090909090909090
3340;26786;0,090909090909090909090
3344;2731;1,000000000000000000000
3347;4976;1,000000000000000000000
3359;1402;0,166666666666666666666
3359;1685;0,166666666666666666666
3359;1708;0,166666666666666666666
3359;2506;0,166666666666666666666
3359;5753;0,333333333333333333333
3360;839;0,500000000000000000000
3360;878;0,500000000000000000000
3362;1340;1,000000000000000000000
3381;2741;1,000000000000000000000
3383;196;1,000000000000000000000
3392;698;0,200000000000000000000
3392;1814;0,600000000000000000000
3392;2087;0,200000000000000000000
3393;1180;0,333333333333333333333
3393;1235;0,333333333333333333333
3393;2330;0,333333333333333333333
3395;72;0,166666666666666666666
3395;517;0,166666666666666666666
3395;829;0,166666666666666666666
3395;859;0,166666666666666666666
3395;5691;0,166666666666666666666
3395;431565;0,166666666666666666666
3403;6624;1,000000000000000000000
3408;4145;1,000000000000000000000
3414;911;0,090909090909090909090
3414;2147;0,090909090909090909090
3414;3142;0,090909090909090909090
3414;4262;0,454545454545454545454
3414;13369;0,272727272727272727272
3420;10338;0,200000000000000000000
3420;75827;0,800000000000000000000
3426;507;0,500000000000000000000
3426;283635;0,500000000000000000000
3427;174;0,062500000000000000000
3427;777;0,062500000000000000000
3427;1064;0,062500000000000000000
3427;1454;0,062500000000000000000
3427;1563;0,062500000000000000000
3427;1629;0,062500000000000000000
3427;3359;0,062500000000000000000
3427;6413;0,125000000000000000000
3427;8212;0,125000000000000000000
3427;8213;0,125000000000000000000
3427;114536;0,187500000000000000000
3500;848;1,000000000000000000000
3515;668;1,000000000000000000000
3518;38;1,000000000000000000000
3523;71;0,095238095238095238095
3523;135;0,047619047619047619047
3523;529;0,142857142857142857142
3523;662;0,047619047619047619047
3523;695;0,095238095238095238095
3523;3235;0,047619047619047619047
3523;10359;0,047619047619047619047
3523;59745;0,047619047619047619047
3523;78108;0,047619047619047619047
3523;98841;0,095238095238095238095
3523;366089;0,047619047619047619047
3523;906176;0,238095238095238095238
3574;309;1,000000000000000000000
3575;2;0,004587155963302752293
3575;510;0,004587155963302752293
3575;546;0,004587155963302752293
3575;740;0,004587155963302752293
3575;1145;0,004587155963302752293
3575;1175;0,004587155963302752293
3575;1267;0,004587155963302752293
3575;1352;0,004587155963302752293
3575;1408;0,004587155963302752293
3575;1524;0,004587155963302752293
3575;1569;0,004587155963302752293
3575;1902;0,004587155963302752293
3575;1903;0,004587155963302752293
3575;1913;0,004587155963302752293
3575;3100;0,004587155963302752293
3575;3153;0,004587155963302752293
3575;3463;0,004587155963302752293
3575;3975;0,004587155963302752293
3575;3976;0,004587155963302752293
3575;4058;0,004587155963302752293
3575;4305;0,004587155963302752293
3575;4583;0,004587155963302752293
3575;4803;0,004587155963302752293
3575;4942;0,004587155963302752293
3575;5349;0,004587155963302752293
3575;5354;0,004587155963302752293
3575;5386;0,004587155963302752293
3575;5511;0,004587155963302752293
3575;5610;0,004587155963302752293
3575;5660;0,004587155963302752293
3575;5851;0,004587155963302752293
3575;5909;0,004587155963302752293
3575;5960;0,004587155963302752293
3575;6622;0,004587155963302752293
3575;7260;0,004587155963302752293
3575;7630;0,004587155963302752293
3575;8056;0,004587155963302752293
3575;8715;0,004587155963302752293
3575;8762;0,004587155963302752293
3575;8829;0,004587155963302752293
3575;8834;0,004587155963302752293
3575;8838;0,004587155963302752293
3575;8840;0,004587155963302752293
3575;8849;0,004587155963302752293
3575;8859;0,004587155963302752293
3575;8860;0,004587155963302752293
3575;8861;0,004587155963302752293
3575;9015;0,004587155963302752293
3575;9350;0,004587155963302752293
3575;9665;0,004587155963302752293
3575;9898;0,004587155963302752293
3575;10719;0,004587155963302752293
3575;10941;0,004587155963302752293
3575;11675;0,004587155963302752293
3575;12165;0,004587155963302752293
3575;12579;0,004587155963302752293
3575;12698;0,004587155963302752293
3575;12805;0,004587155963302752293
3575;13074;0,004587155963302752293
3575;13239;0,004587155963302752293
3575;13472;0,004587155963302752293
3575;13502;0,004587155963302752293
3575;13579;0,004587155963302752293
3575;13580;0,004587155963302752293
3575;13582;0,004587155963302752293
3575;13584;0,004587155963302752293
3575;13644;0,004587155963302752293
3575;13809;0,004587155963302752293
3575;14048;0,004587155963302752293
3575;14072;0,004587155963302752293
3575;14184;0,004587155963302752293
3575;14266;0,004587155963302752293
3575;14827;0,004587155963302752293
3575;16815;0,004587155963302752293
3575;16873;0,004587155963302752293
3575;16880;0,004587155963302752293
3575;17352;0,004587155963302752293
3575;18398;0,004587155963302752293
3575;19328;0,004587155963302752293
3575;19332;0,004587155963302752293
3575;19582;0,004587155963302752293
3575;19707;0,004587155963302752293
3575;20476;0,004587155963302752293
3575;20668;0,004587155963302752293
3575;21507;0,004587155963302752293
3575;22690;0,004587155963302752293
3575;23228;0,004587155963302752293
3575;23759;0,004587155963302752293
3575;25653;0,004587155963302752293
3575;26149;0,004587155963302752293
3575;26479;0,004587155963302752293
3575;27170;0,004587155963302752293
3575;27239;0,004587155963302752293
3575;27480;0,004587155963302752293
3575;27640;0,004587155963302752293
3575;27671;0,004587155963302752293
3575;27699;0,004587155963302752293
3575;27807;0,004587155963302752293
3575;27811;0,004587155963302752293
3575;27812;0,004587155963302752293
3575;27813;0,004587155963302752293
3575;27814;0,004587155963302752293
3575;27815;0,004587155963302752293
3575;27819;0,004587155963302752293
3575;27821;0,004587155963302752293
3575;27822;0,004587155963302752293
3575;27823;0,004587155963302752293
3575;27824;0,004587155963302752293
3575;27825;0,004587155963302752293
3575;27826;0,004587155963302752293
3575;27830;0,004587155963302752293
3575;27831;0,004587155963302752293
3575;27832;0,004587155963302752293
3575;27836;0,004587155963302752293
3575;27839;0,004587155963302752293
3575;27927;0,004587155963302752293
3575;27929;0,004587155963302752293
3575;27930;0,004587155963302752293
3575;27931;0,004587155963302752293
3575;27932;0,004587155963302752293
3575;27935;0,004587155963302752293
3575;27936;0,004587155963302752293
3575;27945;0,004587155963302752293
3575;27946;0,004587155963302752293
3575;27947;0,004587155963302752293
3575;27948;0,004587155963302752293
3575;27949;0,004587155963302752293
3575;27950;0,004587155963302752293
3575;27951;0,004587155963302752293
3575;27952;0,004587155963302752293
3575;27953;0,004587155963302752293
3575;27955;0,004587155963302752293
3575;27957;0,004587155963302752293
3575;27958;0,004587155963302752293
3575;27959;0,004587155963302752293
3575;27960;0,004587155963302752293
3575;27962;0,004587155963302752293
3575;27963;0,004587155963302752293
3575;27965;0,004587155963302752293
3575;27966;0,004587155963302752293
3575;27967;0,004587155963302752293
3575;27968;0,004587155963302752293
3575;27971;0,004587155963302752293
3575;27973;0,004587155963302752293
3575;27974;0,004587155963302752293
3575;27975;0,004587155963302752293
3575;27976;0,004587155963302752293
3575;27977;0,004587155963302752293
3575;27978;0,004587155963302752293
3575;27979;0,004587155963302752293
3575;27982;0,004587155963302752293
3575;27983;0,004587155963302752293
3575;27984;0,004587155963302752293
3575;27986;0,004587155963302752293
3575;27987;0,004587155963302752293
3575;27988;0,004587155963302752293
3575;27989;0,004587155963302752293
3575;27990;0,004587155963302752293
3575;27993;0,004587155963302752293
3575;27995;0,004587155963302752293
3575;27997;0,004587155963302752293
3575;27998;0,004587155963302752293
3575;27999;0,004587155963302752293
3575;28002;0,004587155963302752293
3575;28003;0,004587155963302752293
3575;28004;0,004587155963302752293
3575;28005;0,004587155963302752293
3575;28009;0,004587155963302752293
3575;28010;0,004587155963302752293
3575;28011;0,004587155963302752293
3575;28012;0,004587155963302752293
3575;28013;0,004587155963302752293
3575;28014;0,004587155963302752293
3575;28017;0,004587155963302752293
3575;28018;0,004587155963302752293
3575;28019;0,004587155963302752293
3575;28021;0,004587155963302752293
3575;28022;0,004587155963302752293
3575;28023;0,004587155963302752293
3575;28026;0,004587155963302752293
3575;28027;0,004587155963302752293
3575;28028;0,004587155963302752293
3575;28029;0,004587155963302752293
3575;28030;0,004587155963302752293
3575;28031;0,004587155963302752293
3575;28032;0,004587155963302752293
3575;28033;0,004587155963302752293
3575;28036;0,004587155963302752293
3575;28037;0,004587155963302752293
3575;28038;0,004587155963302752293
3575;28039;0,004587155963302752293
3575;28040;0,004587155963302752293
3575;28043;0,004587155963302752293
3575;28048;0,004587155963302752293
3575;28049;0,004587155963302752293
3575;28050;0,004587155963302752293
3575;28051;0,004587155963302752293
3575;28073;0,004587155963302752293
3575;28074;0,004587155963302752293
3575;28075;0,004587155963302752293
3575;28076;0,004587155963302752293
3575;28077;0,004587155963302752293
3575;28078;0,004587155963302752293
3575;28079;0,004587155963302752293
3575;28081;0,004587155963302752293
3575;28157;0,004587155963302752293
3575;28742;0,004587155963302752293
3575;28859;0,004587155963302752293
3575;28860;0,004587155963302752293
3575;28886;0,004587155963302752293
3575;28894;0,004587155963302752293
3575;28922;0,004587155963302752293
3575;28931;0,004587155963302752293
3575;28932;0,004587155963302752293
3575;28934;0,004587155963302752293
3575;28936;0,004587155963302752293
3575;28940;0,004587155963302752293
3575;103474;0,004587155963302752293
3586;7699;1,000000000000000000000
3588;2491;0,166666666666666666666
3588;3587;0,083333333333333333333
3588;4219;0,666666666666666666666
3588;8466;0,083333333333333333333
3591;2272;1,000000000000000000000
3601;285;0,066666666666666666666
3601;678;0,066666666666666666666
3601;787;0,066666666666666666666
3601;980;0,066666666666666666666
3601;1310;0,066666666666666666666
3601;1547;0,066666666666666666666
3601;1868;0,066666666666666666666
3601;2514;0,066666666666666666666
3601;2515;0,066666666666666666666
3601;3005;0,066666666666666666666
3601;4881;0,133333333333333333333
3601;5174;0,066666666666666666666
3601;5289;0,066666666666666666666
3601;281170;0,066666666666666666666
3608;37812;1,000000000000000000000
3625;80;0,166666666666666666666
3625;502;0,166666666666666666666
3625;876;0,500000000000000000000
3625;1248;0,166666666666666666666
3656;1160;1,000000000000000000000
3675;7015;1,000000000000000000000
3680;528;0,250000000000000000000
3680;8156;0,250000000000000000000
3680;9391;0,250000000000000000000
3680;349041;0,250000000000000000000
3685;288;0,055555555555555555555
3685;568;0,055555555555555555555
3685;1293;0,055555555555555555555
3685;5627;0,277777777777777777777
3685;8267;0,277777777777777777777
3685;8306;0,277777777777777777777
3701;2510;1,000000000000000000000
3738;521;0,142857142857142857142
3738;761;0,428571428571428571428
3738;1315;0,142857142857142857142
3738;3108;0,142857142857142857142
3738;5666;0,142857142857142857142
3747;5408;1,000000000000000000000
3748;127;0,625000000000000000000
3748;4525;0,125000000000000000000
3748;5441;0,125000000000000000000
3748;6316;0,125000000000000000000
3753;241;0,222222222222222222222
3753;1988;0,111111111111111111111
3753;4825;0,444444444444444444444
3753;5578;0,222222222222222222222
3791;1600;1,000000000000000000000
3802;1939;0,222222222222222222222
3802;2445;0,555555555555555555555
3802;59745;0,222222222222222222222
3811;4345;0,500000000000000000000
3811;6812;0,500000000000000000000
3815;1864;1,000000000000000000000
3825;119973;1,000000000000000000000
3827;66;0,600000000000000000000
3827;8000;0,200000000000000000000
3827;9481;0,200000000000000000000
3836;4;0,037037037037037037037
3836;179;0,037037037037037037037
3836;460;0,037037037037037037037
3836;1877;0,037037037037037037037
3836;2576;0,037037037037037037037
3836;2598;0,037037037037037037037
3836;3968;0,037037037037037037037
3836;4472;0,037037037037037037037
3836;4876;0,037037037037037037037
3836;5053;0,037037037037037037037
3836;8493;0,037037037037037037037
3836;8928;0,074074074074074074074
3836;9510;0,037037037037037037037
3836;10860;0,037037037037037037037
3836;13498;0,037037037037037037037
3836;15889;0,037037037037037037037
3836;18149;0,037037037037037037037
3836;20770;0,037037037037037037037
3836;26408;0,037037037037037037037
3836;28981;0,037037037037037037037
3836;331627;0,037037037037037037037
3836;365531;0,037037037037037037037
3836;365532;0,037037037037037037037
3836;365533;0,037037037037037037037
3836;365534;0,037037037037037037037
3836;368117;0,037037037037037037037
3842;1963;0,111111111111111111111
3842;5010;0,333333333333333333333
3842;12441;0,222222222222222222222
3842;28699;0,111111111111111111111
3842;56282;0,222222222222222222222
3852;1948;0,333333333333333333333
3852;3141;0,555555555555555555555
3852;6502;0,111111111111111111111
3857;96;1,000000000000000000000
3859;74;0,166666666666666666666
3859;1406;0,166666666666666666666
3859;1503;0,166666666666666666666
3859;2591;0,166666666666666666666
3859;4179;0,166666666666666666666
3859;12936;0,166666666666666666666
3867;615;1,000000000000000000000
3869;2716;1,000000000000000000000
3872;2761;0,333333333333333333333
3872;4187;0,666666666666666666666
3876;2555;0,500000000000000000000
3876;5607;0,500000000000000000000
3877;39;0,111111111111111111111
3877;964;0,222222222222222222222
3877;1092;0,111111111111111111111
3877;3256;0,111111111111111111111
3877;3548;0,111111111111111111111
3877;8985;0,111111111111111111111
3877;9722;0,111111111111111111111
3877;666007;0,111111111111111111111
3900;275;1,000000000000000000000
3911;4814;0,333333333333333333333
3911;4935;0,333333333333333333333
3911;24837;0,333333333333333333333
3957;7418;1,000000000000000000000
3962;2467;0,571428571428571428571
3962;2569;0,142857142857142857142
3962;3176;0,142857142857142857142
3962;184987;0,142857142857142857142
3968;4;0,333333333333333333333
3968;1877;0,666666666666666666666
3971;1694;0,500000000000000000000
3971;4206;0,500000000000000000000
3975;4268;0,333333333333333333333
3975;13239;0,333333333333333333333
3975;727998;0,333333333333333333333
3978;3245;1,000000000000000000000
3985;163;1,000000000000000000000
3996;475;0,470588235294117647058
3996;835;0,117647058823529411764
3996;1152;0,058823529411764705882
3996;1276;0,058823529411764705882
3996;2414;0,058823529411764705882
3996;5338;0,058823529411764705882
3996;6027;0,058823529411764705882
3996;74617;0,058823529411764705882
3996;499117;0,058823529411764705882
3998;1122;0,200000000000000000000
3998;3269;0,600000000000000000000
3998;5691;0,200000000000000000000
4000;11695;1,000000000000000000000
4004;306;0,333333333333333333333
4004;727;0,333333333333333333333
4004;59745;0,333333333333333333333
4020;54;0,285714285714285714285
4020;1225;0,142857142857142857142
4020;1316;0,142857142857142857142
4020;5679;0,428571428571428571428
4059;1196;0,800000000000000000000
4059;3776;0,200000000000000000000
4070;2017;0,500000000000000000000
4070;9391;0,500000000000000000000
4078;414;0,250000000000000000000
4078;1727;0,250000000000000000000
4078;59745;0,250000000000000000000
4078;499117;0,250000000000000000000
4080;96;0,666666666666666666666
4080;101;0,333333333333333333333
4086;22;1,000000000000000000000
4089;420;1,000000000000000000000
4090;7748;1,000000000000000000000
4094;3399;0,500000000000000000000
4094;21734;0,500000000000000000000
4108;183;0,250000000000000000000
4108;4205;0,500000000000000000000
4108;6349;0,250000000000000000000
4132;863;0,666666666666666666666
4132;9367;0,333333333333333333333
4145;80;0,043478260869565217391
4145;2175;0,173913043478260869565
4145;3318;0,043478260869565217391
4145;3408;0,173913043478260869565
4145;7072;0,130434782608695652173
4145;7095;0,086956521739130434782
4145;65998;0,173913043478260869565
4145;66075;0,173913043478260869565
4146;28250;1,000000000000000000000
4148;178;0,333333333333333333333
4148;447;0,333333333333333333333
4148;10337;0,333333333333333333333
4159;71;0,083333333333333333333
4159;644;0,083333333333333333333
4159;1171;0,083333333333333333333
4159;1231;0,041666666666666666666
4159;1496;0,041666666666666666666
4159;1657;0,083333333333333333333
4159;1840;0,041666666666666666666
4159;2803;0,041666666666666666666
4159;3098;0,083333333333333333333
4159;4501;0,083333333333333333333
4159;6496;0,083333333333333333333
4159;6523;0,083333333333333333333
4159;7597;0,083333333333333333333
4159;37183;0,083333333333333333333
4172;433;0,166666666666666666666
4172;1462;0,166666666666666666666
4172;1695;0,166666666666666666666
4172;1892;0,166666666666666666666
4172;3471;0,166666666666666666666
4172;14733;0,166666666666666666666
4173;668;0,200000000000000000000
4173;507180;0,400000000000000000000
4173;665791;0,400000000000000000000
4179;1503;0,250000000000000000000
4179;3096;0,250000000000000000000
4179;3859;0,250000000000000000000
4179;4384;0,250000000000000000000
4187;455;0,142857142857142857142
4187;1499;0,142857142857142857142
4187;3872;0,142857142857142857142
4187;3992;0,142857142857142857142
4187;4337;0,142857142857142857142
4187;9330;0,142857142857142857142
4187;281067;0,142857142857142857142
4205;3320;1,000000000000000000000
4215;2396;1,000000000000000000000
4225;1227;0,076923076923076923076
4225;2374;0,153846153846153846153
4225;4307;0,076923076923076923076
4225;5603;0,153846153846153846153
4225;6048;0,153846153846153846153
4225;8460;0,076923076923076923076
4225;8465;0,076923076923076923076
4225;8513;0,076923076923076923076
4225;9722;0,076923076923076923076
4225;160268;0,076923076923076923076
4228;793;0,333333333333333333333
4228;1845;0,666666666666666666666
4237;2435;0,500000000000000000000
4237;41565;0,500000000000000000000
4244;11330;1,000000000000000000000
4257;727;1,000000000000000000000
4262;3414;1,000000000000000000000
4268;477;0,100000000000000000000
4268;547;0,100000000000000000000
4268;1949;0,100000000000000000000
4268;2200;0,100000000000000000000
4268;4021;0,100000000000000000000
4268;4269;0,100000000000000000000
4268;4935;0,100000000000000000000
4268;5350;0,100000000000000000000
4268;11415;0,100000000000000000000
4268;343424;0,100000000000000000000
4269;4268;1,000000000000000000000
4278;1850;0,500000000000000000000
4278;119973;0,500000000000000000000
4280;4281;1,000000000000000000000
4283;8928;1,000000000000000000000
4299;4475;1,000000000000000000000
4306;4160;1,000000000000000000000
4307;613;0,333333333333333333333
4307;3811;0,111111111111111111111
4307;4225;0,111111111111111111111
4307;4345;0,111111111111111111111
4307;5093;0,222222222222222222222
4307;9762;0,111111111111111111111
4313;249;0,500000000000000000000
4313;4927;0,500000000000000000000
4317;5679;1,000000000000000000000
4334;5682;1,000000000000000000000
4337;3381;1,000000000000000000000
4345;428;1,000000000000000000000
4355;727;0,125000000000000000000
4355;855;0,125000000000000000000
4355;1843;0,375000000000000000000
4355;1864;0,125000000000000000000
4355;5329;0,125000000000000000000
4355;81648;0,125000000000000000000
4364;1667;1,000000000000000000000
4376;250;0,062500000000000000000
4376;251;0,062500000000000000000
4376;861;0,062500000000000000000
4376;1513;0,062500000000000000000
4376;1827;0,187500000000000000000
4376;2139;0,062500000000000000000
4376;2252;0,062500000000000000000
4376;2515;0,062500000000000000000
4376;3045;0,062500000000000000000
4376;3867;0,062500000000000000000
4376;3869;0,062500000000000000000
4376;4187;0,062500000000000000000
4376;4337;0,062500000000000000000
4376;6105;0,062500000000000000000
4377;5528;1,000000000000000000000
4384;4179;0,333333333333333333333
4384;380454;0,333333333333333333333
4384;494193;0,333333333333333333333
4398;226;0,100000000000000000000
4398;861;0,100000000000000000000
4398;1515;0,100000000000000000000
4398;3429;0,100000000000000000000
4398;4592;0,500000000000000000000
4398;9514;0,100000000000000000000
4424;17;0,010000000000000000000
4424;69;0,010000000000000000000
4424;104;0,010000000000000000000
4424;163;0,010000000000000000000
4424;172;0,010000000000000000000
4424;265;0,010000000000000000000
4424;303;0,010000000000000000000
4424;422;0,010000000000000000000
4424;469;0,010000000000000000000
4424;768;0,010000000000000000000
4424;772;0,010000000000000000000
4424;777;0,010000000000000000000
4424;822;0,010000000000000000000
4424;839;0,010000000000000000000
4424;1054;0,010000000000000000000
4424;1076;0,010000000000000000000
4424;1379;0,010000000000000000000
4424;1427;0,010000000000000000000
4424;1476;0,010000000000000000000
4424;1498;0,010000000000000000000
4424;1535;0,010000000000000000000
4424;1597;0,010000000000000000000
4424;1598;0,010000000000000000000
4424;1613;0,010000000000000000000
4424;1717;0,010000000000000000000
4424;1915;0,010000000000000000000
4424;1991;0,010000000000000000000
4424;2239;0,010000000000000000000
4424;2427;0,010000000000000000000
4424;2448;0,010000000000000000000
4424;2609;0,010000000000000000000
4424;2745;0,010000000000000000000
4424;3044;0,010000000000000000000
4424;3637;0,010000000000000000000
4424;3675;0,010000000000000000000
4424;3985;0,010000000000000000000
4424;4009;0,010000000000000000000
4424;4283;0,010000000000000000000
4424;4299;0,010000000000000000000
4424;4361;0,010000000000000000000
4424;4425;0,010000000000000000000
4424;4426;0,010000000000000000000
4424;4427;0,010000000000000000000
4424;4428;0,010000000000000000000
4424;4429;0,010000000000000000000
4424;4430;0,010000000000000000000
4424;4431;0,010000000000000000000
4424;4432;0,010000000000000000000
4424;4433;0,010000000000000000000
4424;4434;0,010000000000000000000
4424;4435;0,010000000000000000000
4424;4436;0,010000000000000000000
4424;4437;0,010000000000000000000
4424;4438;0,010000000000000000000
4424;4439;0,010000000000000000000
4424;4440;0,010000000000000000000
4424;4442;0,010000000000000000000
4424;4444;0,010000000000000000000
4424;4445;0,010000000000000000000
4424;4446;0,010000000000000000000
4424;4448;0,010000000000000000000
4424;4449;0,010000000000000000000
4424;4450;0,010000000000000000000
4424;4451;0,010000000000000000000
4424;4452;0,010000000000000000000
4424;4453;0,010000000000000000000
4424;4454;0,010000000000000000000
4424;4455;0,010000000000000000000
4424;4456;0,010000000000000000000
4424;4458;0,010000000000000000000
4424;4460;0,010000000000000000000
4424;4461;0,010000000000000000000
4424;4462;0,010000000000000000000
4424;4463;0,010000000000000000000
4424;4464;0,010000000000000000000
4424;4465;0,010000000000000000000
4424;4466;0,010000000000000000000
4424;4467;0,010000000000000000000
4424;4468;0,010000000000000000000
4424;4469;0,010000000000000000000
4424;4470;0,010000000000000000000
4424;4471;0,010000000000000000000
4424;4472;0,010000000000000000000
4424;4473;0,010000000000000000000
4424;4474;0,010000000000000000000
4424;4475;0,010000000000000000000
4424;4772;0,010000000000000000000
4424;14899;0,010000000000000000000
4424;122436;0,010000000000000000000
4424;308968;0,010000000000000000000
4424;356607;0,010000000000000000000
4424;591752;0,010000000000000000000
4424;606675;0,010000000000000000000
4424;606676;0,010000000000000000000
4424;606743;0,010000000000000000000
4424;608948;0,010000000000000000000
4424;640396;0,010000000000000000000
4424;728154;0,010000000000000000000
4424;788294;0,010000000000000000000
4424;845317;0,010000000000000000000
4429;839;1,000000000000000000000
4431;1991;1,000000000000000000000
4432;777;0,142857142857142857142
4432;1498;0,142857142857142857142
4432;1991;0,142857142857142857142
4432;4438;0,142857142857142857142
4432;4458;0,142857142857142857142
4432;4463;0,142857142857142857142
4432;4471;0,142857142857142857142
4433;469;1,000000000000000000000
4435;644;0,250000000000000000000
4435;770;0,500000000000000000000
4435;12441;0,250000000000000000000
4440;839;1,000000000000000000000
4452;4426;1,000000000000000000000
4458;4432;1,000000000000000000000
4463;4432;1,000000000000000000000
4471;1483;0,500000000000000000000
4471;4432;0,500000000000000000000
4472;2343;0,500000000000000000000
4472;3836;0,500000000000000000000
4475;822;0,200000000000000000000
4475;4299;0,200000000000000000000
4475;4430;0,200000000000000000000
4475;4435;0,200000000000000000000
4475;4440;0,200000000000000000000
4476;4657;0,333333333333333333333
4476;45615;0,333333333333333333333
4476;653504;0,333333333333333333333
4491;4262;1,000000000000000000000
4497;5484;1,000000000000000000000
4501;57;0,333333333333333333333
4501;890;0,333333333333333333333
4501;440509;0,333333333333333333333
4512;71;1,000000000000000000000
4518;1014;0,400000000000000000000
4518;6072;0,200000000000000000000
4518;931417;0,400000000000000000000
4522;1082;0,166666666666666666666
4522;1083;0,333333333333333333333
4522;2544;0,166666666666666666666
4522;4100;0,166666666666666666666
4522;257273;0,166666666666666666666
4526;1562;0,500000000000000000000
4526;1700;0,500000000000000000000
4530;356;1,000000000000000000000
4552;41;0,500000000000000000000
4552;1261;0,500000000000000000000
4553;42;0,166666666666666666666
4553;984;0,166666666666666666666
4553;1154;0,166666666666666666666
4553;1981;0,166666666666666666666
4553;5383;0,333333333333333333333
4561;878;0,500000000000000000000
4561;5564;0,500000000000000000000
4576;11734;1,000000000000000000000
4592;36;0,058823529411764705882
4592;787;0,117647058823529411764
4592;1515;0,117647058823529411764
4592;2009;0,294117647058823529411
4592;2390;0,058823529411764705882
4592;2510;0,058823529411764705882
4592;4398;0,235294117647058823529
4592;35009;0,058823529411764705882
4598;1639;1,000000000000000000000
4613;250;0,055555555555555555555
4613;1149;0,055555555555555555555
4613;1160;0,055555555555555555555
4613;1523;0,055555555555555555555
4613;2661;0,055555555555555555555
4613;2713;0,055555555555555555555
4613;2714;0,055555555555555555555
4613;3873;0,055555555555555555555
4613;4513;0,055555555555555555555
4613;5430;0,055555555555555555555
4613;5861;0,055555555555555555555
4613;6347;0,055555555555555555555
4613;6535;0,055555555555555555555
4613;7160;0,055555555555555555555
4613;7334;0,055555555555555555555
4613;10595;0,055555555555555555555
4613;28997;0,055555555555555555555
4613;747808;0,055555555555555555555
4621;1364;0,040000000000000000000
4621;1422;0,040000000000000000000
4621;1554;0,040000000000000000000
4621;2005;0,040000000000000000000
4621;2374;0,040000000000000000000
4621;2551;0,040000000000000000000
4621;3029;0,040000000000000000000
4621;3557;0,040000000000000000000
4621;3800;0,040000000000000000000
4621;5093;0,040000000000000000000
4621;5177;0,080000000000000000000
4621;5469;0,040000000000000000000
4621;5530;0,040000000000000000000
4621;5854;0,040000000000000000000
4621;6267;0,040000000000000000000
4621;6930;0,040000000000000000000
4621;7564;0,040000000000000000000
4621;7941;0,040000000000000000000
4621;9026;0,040000000000000000000
4621;9940;0,040000000000000000000
4621;25849;0,040000000000000000000
4621;40961;0,040000000000000000000
4621;357817;0,080000000000000000000
4625;190;1,000000000000000000000
4627;413321;1,000000000000000000000
4629;474028;1,000000000000000000000
4638;642;0,250000000000000000000
4638;1261;0,250000000000000000000
4638;1522;0,500000000000000000000
4639;3499;0,090909090909090909090
4639;3694;0,545454545454545454545
4639;5395;0,090909090909090909090
4639;12572;0,090909090909090909090
4639;59745;0,090909090909090909090
4639;408414;0,090909090909090909090
4681;276963;1,000000000000000000000
4686;1764;1,000000000000000000000
4695;1840;1,000000000000000000000
4697;1079;1,000000000000000000000
4715;7221;1,000000000000000000000
4720;5629;1,000000000000000000000
4747;4313;1,000000000000000000000
4751;854;1,000000000000000000000
4755;286660;1,000000000000000000000
4777;283;1,000000000000000000000
4803;273;0,083333333333333333333
4803;918;0,083333333333333333333
4803;4625;0,083333333333333333333
4803;8044;0,083333333333333333333
4803;17426;0,083333333333333333333
4803;17826;0,083333333333333333333
4803;28457;0,083333333333333333333
4803;278192;0,083333333333333333333
4803;327099;0,083333333333333333333
4803;327859;0,083333333333333333333
4803;366869;0,083333333333333333333
4803;382779;0,083333333333333333333
4825;237;0,250000000000000000000
4825;3219;0,250000000000000000000
4825;5628;0,250000000000000000000
4825;31343;0,250000000000000000000
4852;5392;0,333333333333333333333
4852;8590;0,333333333333333333333
4852;12441;0,333333333333333333333
4853;1948;0,500000000000000000000
4853;3098;0,500000000000000000000
4876;1516;1,000000000000000000000
4877;216;0,030303030303030303030
4877;523;0,030303030303030303030
4877;573;0,030303030303030303030
4877;1010;0,030303030303030303030
4877;1018;0,030303030303030303030
4877;1293;0,060606060606060606060
4877;2001;0,030303030303030303030
4877;2188;0,030303030303030303030
4877;2484;0,030303030303030303030
4877;3189;0,030303030303030303030
4877;3551;0,030303030303030303030
4877;3809;0,030303030303030303030
4877;4000;0,060606060606060606060
4877;4001;0,030303030303030303030
4877;4090;0,030303030303030303030
4877;4091;0,030303030303030303030
4877;4421;0,030303030303030303030
4877;5470;0,030303030303030303030
4877;5800;0,030303030303030303030
4877;6372;0,030303030303030303030
4877;6991;0,030303030303030303030
4877;7748;0,030303030303030303030
4877;8268;0,030303030303030303030
4877;10523;0,030303030303030303030
4877;13504;0,030303030303030303030
4877;14050;0,030303030303030303030
4877;17148;0,030303030303030303030
4877;18149;0,030303030303030303030
4877;18300;0,030303030303030303030
4877;20436;0,030303030303030303030
4877;21512;0,030303030303030303030
4885;8648;1,000000000000000000000
4933;367451;1,000000000000000000000
4935;579;0,500000000000000000000
4935;5172;0,500000000000000000000
4976;1002;0,181818181818181818181
4976;2499;0,181818181818181818181
4976;3347;0,272727272727272727272
4976;5016;0,181818181818181818181
4976;9376;0,090909090909090909090
4976;70862;0,090909090909090909090
4979;2779;0,500000000000000000000
4979;2780;0,500000000000000000000
5001;6048;1,000000000000000000000
5016;61;0,019607843137254901960
5016;66;0,019607843137254901960
5016;407;0,019607843137254901960
5016;975;0,019607843137254901960
5016;999;0,019607843137254901960
5016;1002;0,019607843137254901960
5016;1012;0,019607843137254901960
5016;1016;0,019607843137254901960
5016;1020;0,019607843137254901960
5016;1077;0,039215686274509803921
5016;1180;0,019607843137254901960
5016;1556;0,078431372549019607843
5016;1756;0,019607843137254901960
5016;2499;0,019607843137254901960
5016;2791;0,019607843137254901960
5016;3033;0,019607843137254901960
5016;3188;0,019607843137254901960
5016;3585;0,019607843137254901960
5016;3586;0,019607843137254901960
5016;3827;0,019607843137254901960
5016;3905;0,019607843137254901960
5016;4976;0,039215686274509803921
5016;5012;0,078431372549019607843
5016;5626;0,019607843137254901960
5016;5681;0,098039215686274509803
5016;5921;0,019607843137254901960
5016;6006;0,019607843137254901960
5016;8000;0,019607843137254901960
5016;8445;0,019607843137254901960
5016;8478;0,019607843137254901960
5016;9481;0,019607843137254901960
5016;9482;0,019607843137254901960
5016;12596;0,019607843137254901960
5016;77678;0,019607843137254901960
5016;248832;0,019607843137254901960
5016;248834;0,019607843137254901960
5016;248836;0,019607843137254901960
5016;248841;0,019607843137254901960
5016;347540;0,019607843137254901960
5029;2591;1,000000000000000000000
5053;189;1,000000000000000000000
5061;885;0,333333333333333333333
5061;886;0,333333333333333333333
5061;3480;0,333333333333333333333
5071;1180;0,400000000000000000000
5071;7209;0,100000000000000000000
5071;12596;0,500000000000000000000
5077;12591;1,000000000000000000000
5082;2216;0,500000000000000000000
5082;27173;0,500000000000000000000
5089;131;0,250000000000000000000
5089;2661;0,250000000000000000000
5089;3340;0,250000000000000000000
5089;5088;0,250000000000000000000
5092;2275;1,000000000000000000000
5093;3811;0,500000000000000000000
5093;4307;0,500000000000000000000
5101;28822;1,000000000000000000000
5142;1422;0,333333333333333333333
5142;4890;0,333333333333333333333
5142;6444;0,333333333333333333333
5149;54;0,666666666666666666666
5149;41776;0,333333333333333333333
5158;5227;1,000000000000000000000
5167;190;1,000000000000000000000
5174;285;1,000000000000000000000
5177;747;0,250000000000000000000
5177;4621;0,500000000000000000000
5177;28826;0,250000000000000000000
5180;28970;1,000000000000000000000
5214;192;0,600000000000000000000
5214;995;0,400000000000000000000
5219;497;0,125000000000000000000
5219;766;0,125000000000000000000
5219;1101;0,125000000000000000000
5219;2272;0,125000000000000000000
5219;2738;0,125000000000000000000
5219;3296;0,125000000000000000000
5219;9418;0,125000000000000000000
5219;10946;0,125000000000000000000
5289;2515;1,000000000000000000000
5306;1276;0,333333333333333333333
5306;4501;0,333333333333333333333
5306;6524;0,333333333333333333333
5309;3378;1,000000000000000000000
5329;189;0,083333333333333333333
5329;899;0,166666666666666666666
5329;1206;0,250000000000000000000
5329;2198;0,083333333333333333333
5329;2851;0,083333333333333333333
5329;3235;0,083333333333333333333
5329;4355;0,166666666666666666666
5329;5528;0,083333333333333333333
5350;4935;1,000000000000000000000
5367;524;0,166666666666666666666
5367;1121;0,333333333333333333333
5367;2147;0,166666666666666666666
5367;2216;0,166666666666666666666
5367;2779;0,166666666666666666666
5392;770;0,500000000000000000000
5392;868;0,500000000000000000000
5395;2326;1,000000000000000000000
5437;977;0,333333333333333333333
5437;5440;0,333333333333333333333
5437;18258;0,333333333333333333333
5438;20801;1,000000000000000000000
5440;65;0,166666666666666666666
5440;877;0,500000000000000000000
5440;5437;0,166666666666666666666
5440;9395;0,166666666666666666666
5442;2343;1,000000000000000000000
5464;380;0,375000000000000000000
5464;507;0,125000000000000000000
5464;3082;0,250000000000000000000
5464;4998;0,125000000000000000000
5464;366672;0,125000000000000000000
5469;1109;1,000000000000000000000
5470;216;1,000000000000000000000
5487;352262;1,000000000000000000000
5513;1606;1,000000000000000000000
5519;5441;0,285714285714285714285
5519;5922;0,285714285714285714285
5519;6316;0,142857142857142857142
5519;276505;0,285714285714285714285
5528;4377;0,500000000000000000000
5528;5329;0,500000000000000000000
5543;3273;1,000000000000000000000
5545;1667;1,000000000000000000000
5564;192;0,117647058823529411764
5564;2017;0,411764705882352941176
5564;2046;0,117647058823529411764
5564;3271;0,058823529411764705882
5564;3591;0,058823529411764705882
5564;4561;0,117647058823529411764
5564;9418;0,117647058823529411764
5578;3753;1,000000000000000000000
5601;2195;1,000000000000000000000
5603;266;0,250000000000000000000
5603;2383;0,250000000000000000000
5603;4225;0,250000000000000000000
5603;366867;0,250000000000000000000
5607;3876;1,000000000000000000000
5610;59745;1,000000000000000000000
5613;23;0,083333333333333333333
5613;306;0,041666666666666666666
5613;652;0,083333333333333333333
5613;1855;0,041666666666666666666
5613;2198;0,041666666666666666666
5613;2851;0,333333333333333333333
5613;3508;0,041666666666666666666
5613;3763;0,041666666666666666666
5613;5061;0,125000000000000000000
5613;5679;0,041666666666666666666
5613;8062;0,041666666666666666666
5613;8909;0,041666666666666666666
5613;17584;0,041666666666666666666
5616;978;0,400000000000000000000
5616;5679;0,600000000000000000000
5617;9960;1,000000000000000000000
5622;1117;0,500000000000000000000
5622;1831;0,500000000000000000000
5626;66;0,020408163265306122448
5626;184;0,020408163265306122448
5626;547;0,020408163265306122448
5626;713;0,040816326530612244897
5626;750;0,020408163265306122448
5626;761;0,020408163265306122448
5626;805;0,020408163265306122448
5626;918;0,020408163265306122448
5626;999;0,020408163265306122448
5626;1002;0,020408163265306122448
5626;1016;0,040816326530612244897
5626;1085;0,040816326530612244897
5626;1180;0,020408163265306122448
5626;1313;0,020408163265306122448
5626;2137;0,020408163265306122448
5626;2630;0,020408163265306122448
5626;2772;0,020408163265306122448
5626;3033;0,020408163265306122448
5626;3532;0,020408163265306122448
5626;3753;0,020408163265306122448
5626;3779;0,020408163265306122448
5626;3827;0,020408163265306122448
5626;3905;0,040816326530612244897
5626;5012;0,020408163265306122448
5626;5016;0,020408163265306122448
5626;6326;0,020408163265306122448
5626;7574;0,020408163265306122448
5626;7626;0,020408163265306122448
5626;8445;0,020408163265306122448
5626;8566;0,020408163265306122448
5626;12356;0,040816326530612244897
5626;12596;0,020408163265306122448
5626;12670;0,020408163265306122448
5626;13187;0,020408163265306122448
5626;22211;0,020408163265306122448
5626;248832;0,020408163265306122448
5626;248835;0,020408163265306122448
5626;248836;0,020408163265306122448
5626;306994;0,061224489795918367346
5626;381254;0,020408163265306122448
5626;589508;0,040816326530612244897
5627;148;0,250000000000000000000
5627;7648;0,250000000000000000000
5627;113392;0,500000000000000000000
5628;96;0,058823529411764705882
5628;237;0,058823529411764705882
5628;249;0,058823529411764705882
5628;261;0,058823529411764705882
5628;860;0,058823529411764705882
5628;1141;0,058823529411764705882
5628;1988;0,117647058823529411764
5628;2293;0,235294117647058823529
5628;2461;0,058823529411764705882
5628;3219;0,058823529411764705882
5628;5679;0,176470588235294117647
5629;2385;0,250000000000000000000
5629;5679;0,750000000000000000000
5632;2147;0,500000000000000000000
5632;2385;0,500000000000000000000
5635;5679;0,666666666666666666666
5635;7748;0,333333333333333333333
5638;846;0,500000000000000000000
5638;2287;0,500000000000000000000
5643;5679;1,000000000000000000000
5645;27610;1,000000000000000000000
5647;1574;1,000000000000000000000
5660;27813;1,000000000000000000000
5666;4293;0,500000000000000000000
5666;5005;0,500000000000000000000
5691;1866;1,000000000000000000000
5753;659902;1,000000000000000000000
5790;119;0,125000000000000000000
5790;1265;0,375000000000000000000
5790;12706;0,500000000000000000000
5824;137801;1,000000000000000000000
5851;13644;0,750000000000000000000
5851;19582;0,250000000000000000000
5852;1822;0,750000000000000000000
5852;2140;0,250000000000000000000
5854;3481;1,000000000000000000000
5856;12798;0,333333333333333333333
5856;367451;0,666666666666666666666
5886;362;0,500000000000000000000
5886;8464;0,500000000000000000000
5892;14465;1,000000000000000000000
5896;2470;1,000000000000000000000
5918;738;1,000000000000000000000
5935;520;0,466666666666666666666
5935;1182;0,333333333333333333333
5935;1778;0,200000000000000000000
6000;392;0,500000000000000000000
6000;401;0,500000000000000000000
6008;101;0,500000000000000000000
6008;241;0,500000000000000000000
6027;3996;0,800000000000000000000
6027;9968;0,200000000000000000000
6048;793;0,500000000000000000000
6048;1554;0,125000000000000000000
6048;4225;0,125000000000000000000
6048;5001;0,250000000000000000000
6068;1220;0,333333333333333333333
6068;2421;0,333333333333333333333
6068;6234;0,333333333333333333333
6130;1910;0,333333333333333333333
6130;2792;0,666666666666666666666
6151;1160;0,125000000000000000000
6151;1939;0,125000000000000000000
6151;3158;0,125000000000000000000
6151;3656;0,125000000000000000000
6151;41565;0,250000000000000000000
6151;283638;0,125000000000000000000
6151;353698;0,125000000000000000000
6169;3587;1,000000000000000000000
6189;8013;1,000000000000000000000
6201;1468;1,000000000000000000000
6203;625;1,000000000000000000000
6213;10649;0,500000000000000000000
6213;440509;0,500000000000000000000
6234;1910;0,500000000000000000000
6234;6068;0,500000000000000000000
6262;391;1,000000000000000000000
6316;127;0,043478260869565217391
6316;1508;0,043478260869565217391
6316;2644;0,043478260869565217391
6316;3269;0,043478260869565217391
6316;3704;0,043478260869565217391
6316;3798;0,043478260869565217391
6316;3998;0,043478260869565217391
6316;4197;0,043478260869565217391
6316;4493;0,043478260869565217391
6316;4525;0,043478260869565217391
6316;5441;0,086956521739130434782
6316;5519;0,043478260869565217391
6316;8381;0,043478260869565217391
6316;8500;0,043478260869565217391
6316;9217;0,043478260869565217391
6316;9386;0,043478260869565217391
6316;9392;0,043478260869565217391
6316;9398;0,043478260869565217391
6316;9401;0,043478260869565217391
6316;9406;0,043478260869565217391
6316;9422;0,043478260869565217391
6316;9438;0,043478260869565217391
6320;9;0,090909090909090909090
6320;77;0,090909090909090909090
6320;1838;0,090909090909090909090
6320;2046;0,090909090909090909090
6320;4829;0,090909090909090909090
6320;8156;0,090909090909090909090
6320;8293;0,090909090909090909090
6320;9390;0,090909090909090909090
6320;9406;0,090909090909090909090
6320;25849;0,090909090909090909090
6320;286660;0,090909090909090909090
6347;10020;1,000000000000000000000
6349;527;0,500000000000000000000
6349;1588;0,500000000000000000000
6353;244;1,000000000000000000000
6354;5245;1,000000000000000000000
6372;689;1,000000000000000000000
6406;170;1,000000000000000000000
6430;24;0,250000000000000000000
6430;391;0,250000000000000000000
6430;12356;0,500000000000000000000
6440;2713;1,000000000000000000000
6444;254;0,500000000000000000000
6444;5142;0,500000000000000000000
6461;37;0,333333333333333333333
6461;1018;0,333333333333333333333
6461;1877;0,333333333333333333333
6465;2385;0,500000000000000000000
6465;2503;0,500000000000000000000
6468;115;1,000000000000000000000
6497;3141;1,000000000000000000000
6501;293;1,000000000000000000000
6503;1231;0,200000000000000000000
6503;2736;0,200000000000000000000
6503;3141;0,200000000000000000000
6503;3145;0,200000000000000000000
6503;57838;0,200000000000000000000
6504;6511;1,000000000000000000000
6509;6504;0,500000000000000000000
6509;6518;0,500000000000000000000
6518;6504;1,000000000000000000000
6524;5306;1,000000000000000000000
6535;1160;0,111111111111111111111
6535;1889;0,111111111111111111111
6535;2661;0,111111111111111111111
6535;2713;0,222222222222222222222
6535;4513;0,111111111111111111111
6535;5861;0,111111111111111111111
6535;6347;0,111111111111111111111
6535;7160;0,111111111111111111111
6543;972;0,400000000000000000000
6543;2741;0,200000000000000000000
6543;2803;0,400000000000000000000
6581;219255;1,000000000000000000000
6624;3403;0,500000000000000000000
6624;18258;0,500000000000000000000
6630;2421;1,000000000000000000000
6634;1064;0,666666666666666666666
6634;3867;0,333333333333333333333
6635;1504;0,500000000000000000000
6635;1862;0,500000000000000000000
6666;1988;1,000000000000000000000
6681;3378;1,000000000000000000000
6693;20853;1,000000000000000000000
6694;545;0,500000000000000000000
6694;2438;0,500000000000000000000
6723;285;0,076923076923076923076
6723;435;0,153846153846153846153
6723;1710;0,230769230769230769230
6723;2472;0,076923076923076923076
6723;2510;0,076923076923076923076
6723;2778;0,076923076923076923076
6723;3393;0,076923076923076923076
6723;9288;0,076923076923076923076
6723;75230;0,076923076923076923076
6723;651622;0,076923076923076923076
6765;2275;0,571428571428571428571
6765;2287;0,428571428571428571428
6773;681;0,250000000000000000000
6773;5175;0,250000000000000000000
6773;16487;0,250000000000000000000
6773;394755;0,250000000000000000000
6812;3811;0,666666666666666666666
6812;12159;0,333333333333333333333
6883;5013;1,000000000000000000000
6913;7571;1,000000000000000000000
6929;240;0,333333333333333333333
6929;3169;0,666666666666666666666
6930;3496;1,000000000000000000000
6940;437;0,250000000000000000000
6940;1565;0,500000000000000000000
6940;13291;0,250000000000000000000
6962;475;0,027027027027027027027
6962;826;0,972972972972972972972
7005;9356;1,000000000000000000000
7049;1583;1,000000000000000000000
7072;4145;1,000000000000000000000
7080;846;0,500000000000000000000
7080;157662;0,500000000000000000000
7095;3318;0,800000000000000000000
7095;8566;0,200000000000000000000
7106;1065;1,000000000000000000000
7111;119;0,100000000000000000000
7111;1663;0,100000000000000000000
7111;3105;0,500000000000000000000
7111;5149;0,100000000000000000000
7111;5790;0,100000000000000000000
7111;15895;0,100000000000000000000
7116;279;1,000000000000000000000
7126;2429;1,000000000000000000000
7130;96;0,222222222222222222222
7130;420;0,111111111111111111111
7130;600;0,222222222222222222222
7130;1316;0,166666666666666666666
7130;12432;0,166666666666666666666
7130;12816;0,111111111111111111111
7135;441;1,000000000000000000000
7151;4538;1,000000000000000000000
7160;475;0,294117647058823529411
7160;678;0,058823529411764705882
7160;1448;0,117647058823529411764
7160;1889;0,235294117647058823529
7160;2661;0,117647058823529411764
7160;499117;0,176470588235294117647
7209;320;0,562500000000000000000
7209;1457;0,125000000000000000000
7209;2206;0,062500000000000000000
7209;5071;0,187500000000000000000
7209;5212;0,062500000000000000000
7259;3158;0,500000000000000000000
7259;13369;0,500000000000000000000
7341;399;1,000000000000000000000
7389;4576;1,000000000000000000000
7418;2206;0,666666666666666666666
7418;3957;0,333333333333333333333
7521;3212;0,333333333333333333333
7521;12755;0,333333333333333333333
7521;13141;0,333333333333333333333
7543;551;0,019607843137254901960
7543;600;0,058823529411764705882
7543;1344;0,019607843137254901960
7543;1454;0,039215686274509803921
7543;1898;0,039215686274509803921
7543;2743;0,039215686274509803921
7543;2786;0,039215686274509803921
7543;3420;0,039215686274509803921
7543;3685;0,039215686274509803921
7543;4587;0,019607843137254901960
7543;5136;0,039215686274509803921
7543;7717;0,019607843137254901960
7543;7975;0,039215686274509803921
7543;8212;0,039215686274509803921
7543;12959;0,039215686274509803921
7543;15737;0,019607843137254901960
7543;27613;0,019607843137254901960
7543;152027;0,392156862745098039215
7543;329272;0,039215686274509803921
7560;4748;1,000000000000000000000
7564;9386;1,000000000000000000000
7571;3877;0,500000000000000000000
7571;6913;0,500000000000000000000
7572;2596;1,000000000000000000000
7574;407;0,666666666666666666666
7574;1139;0,166666666666666666666
7574;2630;0,166666666666666666666
7578;362;0,333333333333333333333
7578;4497;0,333333333333333333333
7578;10327;0,333333333333333333333
7626;975;0,142857142857142857142
7626;248840;0,857142857142857142857
7650;979;0,500000000000000000000
7650;2052;0,500000000000000000000
7686;89;0,333333333333333333333
7686;4306;0,333333333333333333333
7686;11734;0,333333333333333333333
7694;1462;0,500000000000000000000
7694;12706;0,500000000000000000000
7713;277;0,666666666666666666666
7713;189452;0,333333333333333333333
7716;119;0,333333333333333333333
7716;596;0,333333333333333333333
7716;5017;0,333333333333333333333
7741;848;1,000000000000000000000
7747;7759;1,000000000000000000000
7748;4090;0,111111111111111111111
7748;4374;0,777777777777777777777
7748;368117;0,111111111111111111111
7756;189;0,333333333333333333333
7756;1840;0,166666666666666666666
7756;4576;0,166666666666666666666
7756;6701;0,166666666666666666666
7756;18622;0,166666666666666666666
7759;815;0,250000000000000000000
7759;1780;0,250000000000000000000
7759;6548;0,125000000000000000000
7759;19031;0,125000000000000000000
7759;284854;0,125000000000000000000
7759;308238;0,125000000000000000000
7793;911;0,500000000000000000000
7793;2054;0,500000000000000000000
7859;2678;1,000000000000000000000
7874;8044;1,000000000000000000000
7886;398786;1,000000000000000000000
7906;22864;1,000000000000000000000
7920;4935;1,000000000000000000000
7968;2371;0,333333333333333333333
7968;8636;0,666666666666666666666
7975;292;0,200000000000000000000
7975;419;0,200000000000000000000
7975;904;0,200000000000000000000
7975;1397;0,200000000000000000000
7975;12959;0,200000000000000000000
8003;25488;1,000000000000000000000
8051;615;1,000000000000000000000
8062;5613;0,333333333333333333333
8062;8928;0,333333333333333333333
8062;37812;0,333333333333333333333
8090;7747;0,500000000000000000000
8090;151009;0,500000000000000000000
8095;1513;0,500000000000000000000
8095;24460;0,500000000000000000000
8106;48;0,050000000000000000000
8106;178;0,050000000000000000000
8106;897;0,050000000000000000000
8106;1415;0,050000000000000000000
8106;1713;0,050000000000000000000
8106;1756;0,050000000000000000000
8106;2090;0,100000000000000000000
8106;3182;0,050000000000000000000
8106;3265;0,050000000000000000000
8106;3728;0,050000000000000000000
8106;4293;0,050000000000000000000
8106;4831;0,100000000000000000000
8106;8225;0,050000000000000000000
8106;8361;0,050000000000000000000
8106;13385;0,100000000000000000000
8106;239964;0,100000000000000000000
8109;918;0,166666666666666666666
8109;945;0,500000000000000000000
8109;7998;0,333333333333333333333
8156;3680;1,000000000000000000000
8164;2371;1,000000000000000000000
8229;4;0,008130081300813008130
8229;37;0,008130081300813008130
8229;38;0,008130081300813008130
8229;189;0,008130081300813008130
8229;216;0,008130081300813008130
8229;246;0,008130081300813008130
8229;271;0,008130081300813008130
8229;294;0,008130081300813008130
8229;523;0,008130081300813008130
8229;545;0,008130081300813008130
8229;573;0,008130081300813008130
8229;609;0,008130081300813008130
8229;891;0,016260162601626016260
8229;1010;0,008130081300813008130
8229;1018;0,008130081300813008130
8229;1082;0,008130081300813008130
8229;1434;0,008130081300813008130
8229;1497;0,008130081300813008130
8229;1724;0,008130081300813008130
8229;1768;0,008130081300813008130
8229;1824;0,008130081300813008130
8229;1840;0,008130081300813008130
8229;1854;0,008130081300813008130
8229;1892;0,008130081300813008130
8229;2001;0,008130081300813008130
8229;2188;0,008130081300813008130
8229;2322;0,008130081300813008130
8229;2323;0,008130081300813008130
8229;2337;0,008130081300813008130
8229;2343;0,008130081300813008130
8229;2372;0,008130081300813008130
8229;2433;0,008130081300813008130
8229;2438;0,008130081300813008130
8229;2484;0,008130081300813008130
8229;2543;0,008130081300813008130
8229;2678;0,008130081300813008130
8229;2679;0,008130081300813008130
8229;3071;0,008130081300813008130
8229;3189;0,008130081300813008130
8229;3278;0,008130081300813008130
8229;3304;0,008130081300813008130
8229;3360;0,008130081300813008130
8229;3518;0,008130081300813008130
8229;3551;0,008130081300813008130
8229;3618;0,008130081300813008130
8229;3731;0,008130081300813008130
8229;3809;0,008130081300813008130
8229;3844;0,008130081300813008130
8229;3916;0,008130081300813008130
8229;3978;0,008130081300813008130
8229;3980;0,008130081300813008130
8229;4000;0,008130081300813008130
8229;4001;0,008130081300813008130
8229;4090;0,008130081300813008130
8229;4091;0,008130081300813008130
8229;4100;0,008130081300813008130
8229;4372;0,008130081300813008130
8229;4374;0,008130081300813008130
8229;4421;0,008130081300813008130
8229;4522;0,008130081300813008130
8229;4576;0,008130081300813008130
8229;4657;0,008130081300813008130
8229;4728;0,008130081300813008130
8229;4750;0,008130081300813008130
8229;4794;0,008130081300813008130
8229;4877;0,008130081300813008130
8229;5470;0,008130081300813008130
8229;5481;0,008130081300813008130
8229;5506;0,008130081300813008130
8229;5800;0,008130081300813008130
8229;5915;0,008130081300813008130
8229;6372;0,008130081300813008130
8229;6461;0,008130081300813008130
8229;6694;0,008130081300813008130
8229;6701;0,008130081300813008130
8229;6991;0,008130081300813008130
8229;7215;0,008130081300813008130
8229;7648;0,008130081300813008130
8229;7748;0,008130081300813008130
8229;7756;0,008130081300813008130
8229;7968;0,008130081300813008130
8229;8268;0,016260162601626016260
8229;8635;0,008130081300813008130
8229;9114;0,008130081300813008130
8229;9118;0,008130081300813008130
8229;9376;0,008130081300813008130
8229;9462;0,008130081300813008130
8229;9992;0,008130081300813008130
8229;10255;0,008130081300813008130
8229;10523;0,008130081300813008130
8229;10860;0,008130081300813008130
8229;11004;0,008130081300813008130
8229;11014;0,008130081300813008130
8229;11458;0,008130081300813008130
8229;11656;0,008130081300813008130
8229;11695;0,008130081300813008130
8229;11734;0,008130081300813008130
8229;12385;0,008130081300813008130
8229;13141;0,008130081300813008130
8229;13504;0,008130081300813008130
8229;13642;0,008130081300813008130
8229;13899;0,008130081300813008130
8229;14050;0,008130081300813008130
8229;14652;0,008130081300813008130
8229;15867;0,008130081300813008130
8229;17148;0,008130081300813008130
8229;17677;0,008130081300813008130
8229;17773;0,008130081300813008130
8229;18149;0,008130081300813008130
8229;18300;0,008130081300813008130
8229;18622;0,008130081300813008130
8229;19402;0,008130081300813008130
8229;20436;0,008130081300813008130
8229;21512;0,008130081300813008130
8229;21513;0,008130081300813008130
8229;21515;0,008130081300813008130
8229;23561;0,008130081300813008130
8229;23562;0,008130081300813008130
8229;23563;0,008130081300813008130
8229;23564;0,008130081300813008130
8229;27528;0,008130081300813008130
8255;1458;0,076923076923076923076
8255;1459;0,153846153846153846153
8255;1516;0,076923076923076923076
8255;2520;0,076923076923076923076
8255;2588;0,076923076923076923076
8255;3225;0,076923076923076923076
8255;4435;0,076923076923076923076
8255;4954;0,076923076923076923076
8255;8165;0,076923076923076923076
8255;10491;0,076923076923076923076
8255;12768;0,076923076923076923076
8255;56282;0,076923076923076923076
8267;288;1,000000000000000000000
8268;148;0,125000000000000000000
8268;609;0,125000000000000000000
8268;3551;0,125000000000000000000
8268;7648;0,125000000000000000000
8268;18641;0,250000000000000000000
8268;393418;0,250000000000000000000
8306;1514;0,500000000000000000000
8306;113392;0,500000000000000000000
8348;545;0,111111111111111111111
8348;1198;0,111111111111111111111
8348;1663;0,111111111111111111111
8348;2323;0,111111111111111111111
8348;2343;0,333333333333333333333
8348;2371;0,222222222222222222222
8373;349;0,200000000000000000000
8373;778;0,400000000000000000000
8373;805;0,200000000000000000000
8373;7095;0,200000000000000000000
8437;8465;1,000000000000000000000
8440;1182;0,500000000000000000000
8440;160268;0,500000000000000000000
8441;35;1,000000000000000000000
8442;479;0,500000000000000000000
8442;1171;0,500000000000000000000
8445;1016;1,000000000000000000000
8447;525;1,000000000000000000000
8464;4991;0,750000000000000000000
8464;418454;0,250000000000000000000
8465;131;0,023809523809523809523
8465;240;0,011904761904761904761
8465;362;0,011904761904761904761
8465;475;0,011904761904761904761
8465;479;0,011904761904761904761
8465;507;0,011904761904761904761
8465;520;0,011904761904761904761
8465;706;0,011904761904761904761
8465;742;0,011904761904761904761
8465;783;0,011904761904761904761
8465;793;0,011904761904761904761
8465;796;0,011904761904761904761
8465;975;0,011904761904761904761
8465;999;0,011904761904761904761
8465;1016;0,011904761904761904761
8465;1065;0,011904761904761904761
8465;1104;0,011904761904761904761
8465;1107;0,011904761904761904761
8465;1111;0,011904761904761904761
8465;1112;0,011904761904761904761
8465;1171;0,011904761904761904761
8465;1196;0,011904761904761904761
8465;1313;0,011904761904761904761
8465;1314;0,011904761904761904761
8465;1315;0,011904761904761904761
8465;1556;0,011904761904761904761
8465;1673;0,011904761904761904761
8465;1713;0,011904761904761904761
8465;1806;0,011904761904761904761
8465;1848;0,011904761904761904761
8465;1938;0,011904761904761904761
8465;1963;0,011904761904761904761
8465;2166;0,011904761904761904761
8465;2296;0,011904761904761904761
8465;2306;0,011904761904761904761
8465;2429;0,011904761904761904761
8465;2491;0,011904761904761904761
8465;3038;0,011904761904761904761
8465;3082;0,011904761904761904761
8465;3188;0,011904761904761904761
8465;3208;0,011904761904761904761
8465;3374;0,011904761904761904761
8465;3563;0,011904761904761904761
8465;3599;0,011904761904761904761
8465;3683;0,011904761904761904761
8465;3776;0,011904761904761904761
8465;3905;0,011904761904761904761
8465;4219;0,011904761904761904761
8465;4222;0,011904761904761904761
8465;4242;0,011904761904761904761
8465;4292;0,011904761904761904761
8465;4293;0,011904761904761904761
8465;4831;0,011904761904761904761
8465;4991;0,011904761904761904761
8465;4992;0,011904761904761904761
8465;4993;0,011904761904761904761
8465;4994;0,011904761904761904761
8465;4995;0,011904761904761904761
8465;4997;0,011904761904761904761
8465;4998;0,011904761904761904761
8465;4999;0,011904761904761904761
8465;5000;0,011904761904761904761
8465;5001;0,011904761904761904761
8465;5003;0,011904761904761904761
8465;5004;0,011904761904761904761
8465;5005;0,011904761904761904761
8465;5006;0,011904761904761904761
8465;5007;0,011904761904761904761
8465;5008;0,011904761904761904761
8465;5009;0,011904761904761904761
8465;5010;0,011904761904761904761
8465;5011;0,011904761904761904761
8465;5012;0,011904761904761904761
8465;5013;0,011904761904761904761
8465;5014;0,011904761904761904761
8465;5015;0,011904761904761904761
8465;5016;0,011904761904761904761
8465;5017;0,011904761904761904761
8465;5019;0,011904761904761904761
8465;8462;0,011904761904761904761
8465;248831;0,011904761904761904761
8465;347540;0,011904761904761904761
8465;566989;0,011904761904761904761
8466;3588;1,000000000000000000000
8489;85;0,040000000000000000000
8489;122;0,040000000000000000000
8489;182;0,040000000000000000000
8489;247;0,040000000000000000000
8489;283;0,040000000000000000000
8489;472;0,040000000000000000000
8489;1142;0,040000000000000000000
8489;1154;0,040000000000000000000
8489;1639;0,040000000000000000000
8489;1917;0,040000000000000000000
8489;2302;0,040000000000000000000
8489;2464;0,040000000000000000000
8489;2502;0,080000000000000000000
8489;2853;0,040000000000000000000
8489;3246;0,040000000000000000000
8489;3528;0,040000000000000000000
8489;3636;0,040000000000000000000
8489;4080;0,040000000000000000000
8489;4553;0,080000000000000000000
8489;4890;0,040000000000000000000
8489;5223;0,040000000000000000000
8489;6543;0,040000000000000000000
8489;9714;0,040000000000000000000
8513;1422;0,200000000000000000000
8513;1949;0,200000000000000000000
8513;2043;0,200000000000000000000
8513;3209;0,200000000000000000000
8513;4225;0,200000000000000000000
8566;2140;0,250000000000000000000
8566;2822;0,250000000000000000000
8566;2877;0,250000000000000000000
8566;7095;0,250000000000000000000
8568;313;1,000000000000000000000
8580;1282;1,000000000000000000000
8590;2008;1,000000000000000000000
8611;777;1,000000000000000000000
8623;9;0,036363636363636363636
8623;77;0,018181818181818181818
8623;90;0,018181818181818181818
8623;206;0,018181818181818181818
8623;521;0,018181818181818181818
8623;528;0,018181818181818181818
8623;529;0,018181818181818181818
8623;669;0,054545454545454545454
8623;911;0,018181818181818181818
8623;1066;0,018181818181818181818
8623;1109;0,018181818181818181818
8623;1122;0,018181818181818181818
8623;1150;0,018181818181818181818
8623;1234;0,018181818181818181818
8623;1419;0,018181818181818181818
8623;1473;0,018181818181818181818
8623;1866;0,018181818181818181818
8623;1971;0,018181818181818181818
8623;2027;0,018181818181818181818
8623;2041;0,018181818181818181818
8623;2046;0,018181818181818181818
8623;2054;0,018181818181818181818
8623;2059;0,018181818181818181818
8623;2147;0,018181818181818181818
8623;2149;0,018181818181818181818
8623;2150;0,018181818181818181818
8623;2216;0,018181818181818181818
8623;2271;0,018181818181818181818
8623;2492;0,018181818181818181818
8623;3142;0,018181818181818181818
8623;3680;0,018181818181818181818
8623;3800;0,018181818181818181818
8623;4070;0,018181818181818181818
8623;5487;0,018181818181818181818
8623;5557;0,018181818181818181818
8623;5564;0,018181818181818181818
8623;5632;0,018181818181818181818
8623;6213;0,018181818181818181818
8623;6320;0,018181818181818181818
8623;8156;0,018181818181818181818
8623;9110;0,036363636363636363636
8623;9390;0,018181818181818181818
8623;9391;0,018181818181818181818
8623;9399;0,018181818181818181818
8623;9400;0,018181818181818181818
8623;9417;0,018181818181818181818
8623;9431;0,018181818181818181818
8623;9440;0,018181818181818181818
8623;11030;0,018181818181818181818
8623;18251;0,018181818181818181818
8623;352262;0,018181818181818181818
8633;1931;1,000000000000000000000
8648;266;0,285714285714285714285
8648;4885;0,285714285714285714285
8648;5603;0,428571428571428571428
8730;6581;1,000000000000000000000
8786;8489;1,000000000000000000000
8787;11;0,142857142857142857142
8787;8489;0,285714285714285714285
8787;8786;0,285714285714285714285
8787;9714;0,285714285714285714285
8805;1265;1,000000000000000000000
8832;8826;1,000000000000000000000
8835;27999;1,000000000000000000000
8873;284852;0,500000000000000000000
8873;334473;0,250000000000000000000
8873;408414;0,250000000000000000000
8899;8580;1,000000000000000000000
8909;3508;0,500000000000000000000
8909;665791;0,500000000000000000000
8928;163;0,023255813953488372093
8928;494;0,023255813953488372093
8928;771;0,023255813953488372093
8928;937;0,023255813953488372093
8928;1477;0,023255813953488372093
8928;1478;0,023255813953488372093
8928;1479;0,023255813953488372093
8928;1480;0,023255813953488372093
8928;1481;0,023255813953488372093
8928;1482;0,023255813953488372093
8928;1483;0,023255813953488372093
8928;2276;0,023255813953488372093
8928;3293;0,046511627906976744186
8928;3306;0,023255813953488372093
8928;3463;0,023255813953488372093
8928;3836;0,023255813953488372093
8928;4283;0,023255813953488372093
8928;4471;0,023255813953488372093
8928;6413;0,023255813953488372093
8928;6520;0,023255813953488372093
8928;7650;0,023255813953488372093
8928;8049;0,023255813953488372093
8928;8062;0,023255813953488372093
8928;8203;0,023255813953488372093
8928;10202;0,023255813953488372093
8928;10352;0,023255813953488372093
8928;11863;0,023255813953488372093
8928;12026;0,023255813953488372093
8928;12497;0,023255813953488372093
8928;12550;0,023255813953488372093
8928;13265;0,023255813953488372093
8928;13428;0,023255813953488372093
8928;17584;0,023255813953488372093
8928;17585;0,023255813953488372093
8928;18098;0,023255813953488372093
8928;18102;0,023255813953488372093
8928;20204;0,023255813953488372093
8928;20206;0,023255813953488372093
8928;26267;0,023255813953488372093
8928;28970;0,023255813953488372093
8928;37812;0,023255813953488372093
8928;415787;0,023255813953488372093
8933;127;0,500000000000000000000
8933;3748;0,500000000000000000000
8985;3256;1,000000000000000000000
9026;1364;0,050000000000000000000
9026;1422;0,050000000000000000000
9026;1554;0,050000000000000000000
9026;2005;0,050000000000000000000
9026;2374;0,050000000000000000000
9026;2551;0,050000000000000000000
9026;2779;0,050000000000000000000
9026;3029;0,050000000000000000000
9026;3800;0,050000000000000000000
9026;4621;0,050000000000000000000
9026;5093;0,050000000000000000000
9026;5469;0,050000000000000000000
9026;5530;0,050000000000000000000
9026;5854;0,050000000000000000000
9026;6267;0,050000000000000000000
9026;6930;0,050000000000000000000
9026;7564;0,050000000000000000000
9026;7941;0,050000000000000000000
9026;9940;0,050000000000000000000
9026;25849;0,050000000000000000000
9067;11369;1,000000000000000000000
9068;15975;0,500000000000000000000
9068;349155;0,500000000000000000000
9069;2425;1,000000000000000000000
9090;4709;1,000000000000000000000
9110;878;0,500000000000000000000
9110;8623;0,500000000000000000000
9184;5691;1,000000000000000000000
9208;7759;1,000000000000000000000
9217;2832;0,333333333333333333333
9217;6316;0,666666666666666666666
9226;54;0,100000000000000000000
9226;435;0,300000000000000000000
9226;1664;0,100000000000000000000
9226;1867;0,100000000000000000000
9226;4041;0,100000000000000000000
9226;10499;0,100000000000000000000
9226;12247;0,100000000000000000000
9226;13713;0,100000000000000000000
9254;12356;1,000000000000000000000
9288;1669;0,500000000000000000000
9288;1833;0,500000000000000000000
9330;241;1,000000000000000000000
9338;3508;1,000000000000000000000
9350;260;0,185185185185185185185
9350;1145;0,185185185185185185185
9350;13584;0,185185185185185185185
9350;26479;0,185185185185185185185
9350;28894;0,185185185185185185185
9350;191488;0,074074074074074074074
9356;1439;0,625000000000000000000
9356;1440;0,125000000000000000000
9356;9668;0,125000000000000000000
9356;11552;0,125000000000000000000
9367;1100;0,428571428571428571428
9367;4132;0,142857142857142857142
9367;14124;0,428571428571428571428
9382;90;0,250000000000000000000
9382;6316;0,125000000000000000000
9382;18258;0,125000000000000000000
9382;151009;0,500000000000000000000
9385;2503;1,000000000000000000000
9389;6234;0,500000000000000000000
9389;356607;0,500000000000000000000
9391;192;0,111111111111111111111
9391;1109;0,111111111111111111111
9391;1122;0,111111111111111111111
9391;2046;0,111111111111111111111
9391;3680;0,222222222222222222222
9391;4070;0,222222222222222222222
9391;9417;0,111111111111111111111
9395;475;0,285714285714285714285
9395;2064;0,142857142857142857142
9395;5440;0,285714285714285714285
9395;499117;0,285714285714285714285
9396;526;1,000000000000000000000
9402;1109;1,000000000000000000000
9409;4281;1,000000000000000000000
9418;5564;1,000000000000000000000
9424;8090;1,000000000000000000000
9433;190;0,250000000000000000000
9433;5264;0,250000000000000000000
9433;9410;0,500000000000000000000
9434;5691;1,000000000000000000000
9442;21594;1,000000000000000000000
9481;3827;1,000000000000000000000
9483;928;0,666666666666666666666
9483;1500;0,333333333333333333333
9510;4;1,000000000000000000000
9567;101;1,000000000000000000000
9618;6472;1,000000000000000000000
9651;1315;1,000000000000000000000
9668;37812;1,000000000000000000000
9674;25230;1,000000000000000000000
9686;73;0,333333333333333333333
9686;4931;0,333333333333333333333
9686;28970;0,333333333333333333333
9721;738;0,333333333333333333333
9721;3256;0,333333333333333333333
9721;9729;0,333333333333333333333
9722;964;0,166666666666666666666
9722;1227;0,333333333333333333333
9722;3877;0,166666666666666666666
9722;7741;0,166666666666666666666
9722;22123;0,166666666666666666666
9729;3877;1,000000000000000000000
9730;1996;1,000000000000000000000
9762;39;0,111111111111111111111
9762;612;0,111111111111111111111
9762;3811;0,111111111111111111111
9762;4307;0,111111111111111111111
9762;12159;0,111111111111111111111
9762;389498;0,222222222222222222222
9762;442813;0,111111111111111111111
9762;442814;0,111111111111111111111
9807;877;0,500000000000000000000
9807;911;0,500000000000000000000
9846;1025;1,000000000000000000000
9898;277;0,500000000000000000000
9898;387438;0,500000000000000000000
9910;4995;1,000000000000000000000
9940;964;1,000000000000000000000
9941;747;0,333333333333333333333
9941;2080;0,666666666666666666666
9951;437;0,187500000000000000000
9951;1560;0,062500000000000000000
9951;3647;0,062500000000000000000
9951;3648;0,062500000000000000000
9951;3768;0,062500000000000000000
9951;4526;0,062500000000000000000
9951;6634;0,062500000000000000000
9951;11476;0,062500000000000000000
9951;13291;0,062500000000000000000
9951;19176;0,062500000000000000000
9951;20915;0,062500000000000000000
9951;21396;0,062500000000000000000
9951;21750;0,062500000000000000000
9951;284856;0,062500000000000000000
9968;1948;0,200000000000000000000
9968;2479;0,400000000000000000000
9968;6027;0,200000000000000000000
9968;6503;0,200000000000000000000
10018;860;1,000000000000000000000
10020;1448;0,250000000000000000000
10020;2009;0,125000000000000000000
10020;2510;0,250000000000000000000
10020;2716;0,125000000000000000000
10020;3381;0,125000000000000000000
10020;4337;0,125000000000000000000
10093;2230;1,000000000000000000000
10165;484;0,066666666666666666666
10165;635;0,066666666666666666666
10165;882;0,066666666666666666666
10165;1464;0,066666666666666666666
10165;1471;0,066666666666666666666
10165;1637;0,066666666666666666666
10165;2712;0,066666666666666666666
10165;5029;0,066666666666666666666
10165;7259;0,066666666666666666666
10165;14826;0,066666666666666666666
10165;41556;0,066666666666666666666
10165;50332;0,066666666666666666666
10165;50959;0,066666666666666666666
10165;95154;0,066666666666666666666
10165;336640;0,066666666666666666666
10188;1277;0,250000000000000000000
10188;2111;0,750000000000000000000
10241;4991;1,000000000000000000000
10255;2543;1,000000000000000000000
10338;1439;0,166666666666666666666
10338;1785;0,166666666666666666666
10338;2296;0,500000000000000000000
10338;28826;0,166666666666666666666
10341;24;0,333333333333333333333
10341;6430;0,333333333333333333333
10341;12563;0,333333333333333333333
10352;57;0,090909090909090909090
10352;2414;0,090909090909090909090
10352;3237;0,090909090909090909090
10352;3399;0,181818181818181818181
10352;3876;0,090909090909090909090
10352;3953;0,181818181818181818181
10352;5306;0,090909090909090909090
10352;6513;0,090909090909090909090
10352;8928;0,090909090909090909090
10499;435;0,500000000000000000000
10499;12247;0,500000000000000000000
10595;848;1,000000000000000000000
10860;2678;0,500000000000000000000
10860;3836;0,500000000000000000000
10892;3251;1,000000000000000000000
10926;351;0,666666666666666666666
10926;1510;0,333333333333333333333
10946;5564;1,000000000000000000000
11138;390;0,166666666666666666666
11138;397;0,166666666666666666666
11138;3420;0,333333333333333333333
11138;21112;0,166666666666666666666
11138;28404;0,166666666666666666666
11213;2043;0,500000000000000000000
11213;135596;0,500000000000000000000
11330;4244;1,000000000000000000000
11369;83;0,008510638297872340425
11369;1042;0,008510638297872340425
11369;1190;0,008510638297872340425
11369;1220;0,008510638297872340425
11369;1444;0,008510638297872340425
11369;1468;0,008510638297872340425
11369;1771;0,008510638297872340425
11369;2275;0,017021276595744680851
11369;2287;0,008510638297872340425
11369;2419;0,008510638297872340425
11369;2420;0,008510638297872340425
11369;2421;0,008510638297872340425
11369;2422;0,008510638297872340425
11369;2423;0,008510638297872340425
11369;2424;0,008510638297872340425
11369;2425;0,008510638297872340425
11369;3993;0,008510638297872340425
11369;4222;0,004255319148936170212
11369;4692;0,008510638297872340425
11369;5065;0,008510638297872340425
11369;5782;0,008510638297872340425
11369;6068;0,008510638297872340425
11369;6201;0,008510638297872340425
11369;6419;0,008510638297872340425
11369;6630;0,008510638297872340425
11369;6641;0,008510638297872340425
11369;6734;0,008510638297872340425
11369;6765;0,008510638297872340425
11369;6881;0,008510638297872340425
11369;6918;0,012765957446808510638
11369;7139;0,008510638297872340425
11369;7954;0,008510638297872340425
11369;8013;0,008510638297872340425
11369;8820;0,008510638297872340425
11369;9065;0,008510638297872340425
11369;9066;0,008510638297872340425
11369;9067;0,008510638297872340425
11369;9068;0,008510638297872340425
11369;9069;0,008510638297872340425
11369;9674;0,008510638297872340425
11369;10298;0,008510638297872340425
11369;10592;0,008510638297872340425
11369;10606;0,008510638297872340425
11369;11826;0,008510638297872340425
11369;12375;0,008510638297872340425
11369;12489;0,008510638297872340425
11369;13179;0,008510638297872340425
11369;13850;0,008510638297872340425
11369;14069;0,008510638297872340425
11369;15686;0,008510638297872340425
11369;15944;0,008510638297872340425
11369;16497;0,008510638297872340425
11369;16994;0,008510638297872340425
11369;17553;0,012765957446808510638
11369;19627;0,008510638297872340425
11369;19726;0,008510638297872340425
11369;20307;0,008510638297872340425
11369;21159;0,008510638297872340425
11369;22534;0,008510638297872340425
11369;23180;0,008510638297872340425
11369;25205;0,008510638297872340425
11369;25221;0,008510638297872340425
11369;25223;0,008510638297872340425
11369;25224;0,008510638297872340425
11369;25225;0,008510638297872340425
11369;25226;0,008510638297872340425
11369;25227;0,008510638297872340425
11369;25229;0,008510638297872340425
11369;25230;0,008510638297872340425
11369;25905;0,008510638297872340425
11369;27062;0,008510638297872340425
11369;27063;0,012765957446808510638
11369;27064;0,008510638297872340425
11369;27065;0,008510638297872340425
11369;27066;0,008510638297872340425
11369;27067;0,012765957446808510638
11369;27175;0,008510638297872340425
11369;27474;0,008510638297872340425
11369;27810;0,008510638297872340425
11369;28183;0,008510638297872340425
11369;28184;0,008510638297872340425
11369;28185;0,008510638297872340425
11369;28187;0,008510638297872340425
11369;28189;0,008510638297872340425
11369;28194;0,008510638297872340425
11369;28195;0,008510638297872340425
11369;28198;0,008510638297872340425
11369;28199;0,008510638297872340425
11369;28200;0,008510638297872340425
11369;28202;0,008510638297872340425
11369;28210;0,008510638297872340425
11369;28212;0,008510638297872340425
11369;28213;0,008510638297872340425
11369;28834;0,008510638297872340425
11369;28848;0,008510638297872340425
11369;28853;0,008510638297872340425
11369;28857;0,008510638297872340425
11369;108876;0,008510638297872340425
11369;145389;0,008510638297872340425
11369;349155;0,008510638297872340425
11369;373677;0,025531914893617021276
11369;377520;0,008510638297872340425
11369;383065;0,008510638297872340425
11369;383066;0,008510638297872340425
11369;383067;0,008510638297872340425
11369;383068;0,008510638297872340425
11369;383069;0,008510638297872340425
11369;383070;0,008510638297872340425
11369;387436;0,008510638297872340425
11369;387437;0,008510638297872340425
11369;387438;0,008510638297872340425
11369;387439;0,008510638297872340425
11369;387441;0,008510638297872340425
11382;2865;1,000000000000000000000
11476;1567;1,000000000000000000000
11527;1123;0,250000000000000000000
11527;1596;0,500000000000000000000
11527;9615;0,250000000000000000000
11536;512;1,000000000000000000000
11552;9356;0,500000000000000000000
11552;38738;0,500000000000000000000
11656;1434;0,250000000000000000000
11656;2433;0,250000000000000000000
11656;11734;0,250000000000000000000
11656;13642;0,250000000000000000000
11680;9158;0,500000000000000000000
11680;129892;0,500000000000000000000
11695;568;0,500000000000000000000
11695;4000;0,500000000000000000000
11734;4576;1,000000000000000000000
11869;2844;1,000000000000000000000
11902;2798;1,000000000000000000000
12156;547;0,026315789473684210526
12156;689;0,026315789473684210526
12156;853;0,078947368421052631578
12156;1319;0,078947368421052631578
12156;1717;0,052631578947368421052
12156;4336;0,026315789473684210526
12156;4425;0,026315789473684210526
12156;4430;0,078947368421052631578
12156;4470;0,052631578947368421052
12156;4772;0,078947368421052631578
12156;5526;0,052631578947368421052
12156;7480;0,026315789473684210526
12156;8568;0,026315789473684210526
12156;8873;0,078947368421052631578
12156;9090;0,052631578947368421052
12156;13622;0,078947368421052631578
12156;27862;0,052631578947368421052
12156;40028;0,026315789473684210526
12156;122436;0,078947368421052631578
12159;3401;0,333333333333333333333
12159;6812;0,333333333333333333333
12159;9762;0,333333333333333333333
12269;1122;1,000000000000000000000
12333;904;0,500000000000000000000
12333;3158;0,500000000000000000000
12356;6151;1,000000000000000000000
12362;3791;1,000000000000000000000
12395;1554;1,000000000000000000000
12418;426;1,000000000000000000000
12430;853;1,000000000000000000000
12433;12436;1,000000000000000000000
12497;550;0,250000000000000000000
12497;2280;0,250000000000000000000
12497;8928;0,250000000000000000000
12497;15863;0,250000000000000000000
12528;550;1,000000000000000000000
12550;8928;1,000000000000000000000
12563;417;0,200000000000000000000
12563;418;0,200000000000000000000
12563;3022;0,200000000000000000000
12563;5168;0,200000000000000000000
12563;119973;0,200000000000000000000
12579;846;1,000000000000000000000
12706;5790;1,000000000000000000000
12745;5245;1,000000000000000000000
12749;180;1,000000000000000000000
12768;3940;1,000000000000000000000
12775;1154;1,000000000000000000000
12798;525330;1,000000000000000000000
12820;19582;1,000000000000000000000
12850;4498;1,000000000000000000000
12876;4890;1,000000000000000000000
12936;2176;0,500000000000000000000
12936;3859;0,500000000000000000000
12938;2479;1,000000000000000000000
12964;683;0,027027027027027027027
12964;1322;0,027027027027027027027
12964;1505;0,027027027027027027027
12964;2416;0,027027027027027027027
12964;2865;0,027027027027027027027
12964;3862;0,027027027027027027027
12964;4349;0,027027027027027027027
12964;4636;0,027027027027027027027
12964;4749;0,027027027027027027027
12964;4751;0,027027027027027027027
12964;5693;0,027027027027027027027
12964;5700;0,027027027027027027027
12964;6267;0,027027027027027027027
12964;7206;0,027027027027027027027
12964;7738;0,027027027027027027027
12964;8281;0,027027027027027027027
12964;9088;0,027027027027027027027
12964;10892;0,027027027027027027027
12964;11382;0,027027027027027027027
12964;13054;0,027027027027027027027
12964;16487;0,027027027027027027027
12964;16866;0,027027027027027027027
12964;20666;0,027027027027027027027
12964;21470;0,027027027027027027027
12964;22645;0,027027027027027027027
12964;27422;0,027027027027027027027
12964;27557;0,027027027027027027027
12964;247698;0,027027027027027027027
12964;255740;0,027027027027027027027
12964;255863;0,027027027027027027027
12964;255899;0,027027027027027027027
12964;280033;0,027027027027027027027
12964;284853;0,054054054054054054054
12964;394755;0,027027027027027027027
12964;399420;0,027027027027027027027
12964;459252;0,027027027027027027027
13141;37;0,066666666666666666666
13141;38;0,066666666666666666666
13141;179;0,033333333333333333333
13141;568;0,100000000000000000000
13141;609;0,066666666666666666666
13141;920;0,033333333333333333333
13141;1724;0,100000000000000000000
13141;1877;0,033333333333333333333
13141;1892;0,066666666666666666666
13141;3212;0,033333333333333333333
13141;3518;0,066666666666666666666
13141;6461;0,033333333333333333333
13141;7215;0,066666666666666666666
13141;7521;0,033333333333333333333
13141;7648;0,033333333333333333333
13141;12755;0,033333333333333333333
13141;331627;0,033333333333333333333
13141;365531;0,033333333333333333333
13141;365532;0,033333333333333333333
13141;365533;0,033333333333333333333
13158;2884;1,000000000000000000000
13187;2822;0,250000000000000000000
13187;8641;0,750000000000000000000
13253;464;0,090909090909090909090
13253;703;0,090909090909090909090
13253;1820;0,090909090909090909090
13253;3096;0,090909090909090909090
13253;3383;0,090909090909090909090
13253;3429;0,090909090909090909090
13253;3829;0,090909090909090909090
13253;5155;0,090909090909090909090
13253;7005;0,090909090909090909090
13253;9300;0,090909090909090909090
13253;282773;0,090909090909090909090
13265;2504;0,666666666666666666666
13265;4472;0,333333333333333333333
13292;1210;1,000000000000000000000
13329;1184;1,000000000000000000000
13335;423;0,250000000000000000000
13335;2481;0,250000000000000000000
13335;4344;0,125000000000000000000
13335;14124;0,125000000000000000000
13335;125861;0,125000000000000000000
13335;431565;0,125000000000000000000
13360;313;1,000000000000000000000
13369;1231;1,000000000000000000000
13396;12591;0,666666666666666666666
13396;431565;0,333333333333333333333
13482;513;1,000000000000000000000
13502;740;0,333333333333333333333
13502;27966;0,666666666666666666666
13504;3551;1,000000000000000000000
13584;24460;1,000000000000000000000
13623;5163;0,333333333333333333333
13623;5682;0,666666666666666666666
13628;1169;0,500000000000000000000
13628;59745;0,500000000000000000000
13644;5354;0,090909090909090909090
13644;5851;0,181818181818181818181
13644;12165;0,090909090909090909090
13644;12820;0,090909090909090909090
13644;14184;0,090909090909090909090
13644;19582;0,090909090909090909090
13644;27170;0,090909090909090909090
13644;27953;0,090909090909090909090
13644;28017;0,090909090909090909090
13644;28157;0,090909090909090909090
13673;241;1,000000000000000000000
13676;3234;0,500000000000000000000
13676;3870;0,500000000000000000000
13704;418;0,666666666666666666666
13704;3318;0,333333333333333333333
13796;1079;0,125000000000000000000
13796;4639;0,125000000000000000000
13796;6986;0,125000000000000000000
13796;9274;0,125000000000000000000
13796;9951;0,125000000000000000000
13796;12176;0,125000000000000000000
13796;13799;0,125000000000000000000
13796;367121;0,125000000000000000000
13799;5657;1,000000000000000000000
13814;266;1,000000000000000000000
13899;609;0,500000000000000000000
13899;1082;0,500000000000000000000
14010;502;0,500000000000000000000
14010;945;0,500000000000000000000
14048;3575;0,333333333333333333333
14048;714174;0,666666666666666666666
14124;1315;0,250000000000000000000
14124;9367;0,500000000000000000000
14124;12388;0,250000000000000000000
14151;275;0,272727272727272727272
14151;1162;0,090909090909090909090
14151;1939;0,272727272727272727272
14151;2080;0,090909090909090909090
14151;12938;0,181818181818181818181
14151;83231;0,090909090909090909090
14465;3142;0,333333333333333333333
14465;5892;0,333333333333333333333
14465;398786;0,333333333333333333333
14826;7478;0,333333333333333333333
14826;20307;0,333333333333333333333
14826;336640;0,333333333333333333333
14899;4465;0,500000000000000000000
14899;6903;0,500000000000000000000
15207;1806;0,500000000000000000000
15207;5576;0,500000000000000000000
15471;275;0,200000000000000000000
15471;731;0,400000000000000000000
15471;95154;0,400000000000000000000
15643;276;0,142857142857142857142
15643;352;0,071428571428571428571
15643;354;0,071428571428571428571
15643;427;0,071428571428571428571
15643;443;0,071428571428571428571
15643;1180;0,071428571428571428571
15643;2445;0,071428571428571428571
15643;3607;0,071428571428571428571
15643;3685;0,071428571428571428571
15643;4530;0,071428571428571428571
15643;5071;0,071428571428571428571
15643;41776;0,071428571428571428571
15643;604246;0,071428571428571428571
15682;411;0,500000000000000000000
15682;41565;0,500000000000000000000
15737;226;0,041666666666666666666
15737;518;0,041666666666666666666
15737;579;0,041666666666666666666
15737;952;0,041666666666666666666
15737;1307;0,041666666666666666666
15737;1471;0,041666666666666666666
15737;1503;0,041666666666666666666
15737;1684;0,041666666666666666666
15737;1843;0,041666666666666666666
15737;1923;0,041666666666666666666
15737;2423;0,041666666666666666666
15737;2713;0,083333333333333333333
15737;2734;0,041666666666666666666
15737;2804;0,041666666666666666666
15737;3610;0,041666666666666666666
15737;3797;0,041666666666666666666
15737;5521;0,041666666666666666666
15737;8003;0,041666666666666666666
15737;13907;0,041666666666666666666
15737;25488;0,041666666666666666666
15737;37811;0,041666666666666666666
15737;55041;0,041666666666666666666
15737;157662;0,041666666666666666666
15975;9905;0,333333333333333333333
15975;547774;0,666666666666666666666
16487;6773;1,000000000000000000000
16527;2374;1,000000000000000000000
16644;911;1,000000000000000000000
16659;28528;1,000000000000000000000
16665;3155;1,000000000000000000000
16786;3141;1,000000000000000000000
16845;3176;0,500000000000000000000
16845;184987;0,500000000000000000000
17047;1335;0,500000000000000000000
17047;9431;0,500000000000000000000
17267;405;1,000000000000000000000
17268;25488;1,000000000000000000000
17269;1135;1,000000000000000000000
17352;46;0,111111111111111111111
17352;80;0,111111111111111111111
17352;1445;0,111111111111111111111
17352;2893;0,111111111111111111111
17352;6746;0,111111111111111111111
17352;8866;0,111111111111111111111
17352;8871;0,111111111111111111111
17352;255726;0,111111111111111111111
17352;256235;0,111111111111111111111
17426;1763;1,000000000000000000000
17449;979;1,000000000000000000000
17553;11369;1,000000000000000000000
17584;360;0,166666666666666666666
17584;3347;0,166666666666666666666
17584;4283;0,666666666666666666666
17634;74;0,250000000000000000000
17634;6440;0,500000000000000000000
17634;16527;0,250000000000000000000
17826;28822;1,000000000000000000000
17918;42;1,000000000000000000000
18258;90;0,333333333333333333333
18258;5437;0,666666666666666666666
18592;2310;1,000000000000000000000
18641;71;0,010309278350515463917
18641;96;0,010309278350515463917
18641;119;0,020618556701030927835
18641;240;0,030927835051546391752
18641;277;0,030927835051546391752
18641;296;0,010309278350515463917
18641;360;0,010309278350515463917
18641;622;0,010309278350515463917
18641;689;0,010309278350515463917
18641;835;0,010309278350515463917
18641;886;0,020618556701030927835
18641;1065;0,030927835051546391752
18641;1066;0,020618556701030927835
18641;1142;0,020618556701030927835
18641;1321;0,030927835051546391752
18641;1401;0,010309278350515463917
18641;1406;0,020618556701030927835
18641;1563;0,020618556701030927835
18641;1569;0,020618556701030927835
18641;1589;0,010309278350515463917
18641;1696;0,020618556701030927835
18641;1724;0,010309278350515463917
18641;1894;0,020618556701030927835
18641;1925;0,030927835051546391752
18641;2083;0,020618556701030927835
18641;2569;0,010309278350515463917
18641;2647;0,010309278350515463917
18641;2744;0,010309278350515463917
18641;3234;0,010309278350515463917
18641;3465;0,020618556701030927835
18641;4091;0,020618556701030927835
18641;4313;0,020618556701030927835
18641;4501;0,010309278350515463917
18641;5245;0,020618556701030927835
18641;5338;0,020618556701030927835
18641;5632;0,020618556701030927835
18641;5789;0,020618556701030927835
18641;6496;0,020618556701030927835
18641;6554;0,010309278350515463917
18641;7660;0,030927835051546391752
18641;7968;0,020618556701030927835
18641;7975;0,010309278350515463917
18641;8081;0,010309278350515463917
18641;8268;0,020618556701030927835
18641;8350;0,020618556701030927835
18641;8687;0,010309278350515463917
18641;9721;0,020618556701030927835
18641;9729;0,010309278350515463917
18641;13026;0,010309278350515463917
18641;13502;0,020618556701030927835
18641;17773;0,010309278350515463917
18641;23562;0,020618556701030927835
18641;28940;0,010309278350515463917
18641;37815;0,020618556701030927835
18641;59745;0,020618556701030927835
18641;83103;0,010309278350515463917
18641;131383;0,020618556701030927835
18641;352364;0,010309278350515463917
18695;527;1,000000000000000000000
19031;1597;1,000000000000000000000
19402;297;0,400000000000000000000
19402;1082;0,100000000000000000000
19402;21542;0,500000000000000000000
20216;5626;1,000000000000000000000
20307;1220;0,333333333333333333333
20307;11369;0,333333333333333333333
20307;14826;0,333333333333333333333
20393;27610;1,000000000000000000000
20474;15726;1,000000000000000000000
20476;4583;1,000000000000000000000
20666;2865;1,000000000000000000000
20843;72;1,000000000000000000000
20853;1462;1,000000000000000000000
20969;5351;1,000000000000000000000
21268;520;1,000000000000000000000
21396;1608;1,000000000000000000000
21734;3111;1,000000000000000000000
22123;9722;1,000000000000000000000
22211;42210;1,000000000000000000000
22298;11552;0,500000000000000000000
22298;38738;0,500000000000000000000
23096;7886;1,000000000000000000000
23228;740;1,000000000000000000000
23720;183;0,111111111111111111111
23720;281;0,111111111111111111111
23720;754;0,111111111111111111111
23720;1130;0,111111111111111111111
23720;1370;0,222222222222222222222
23720;2237;0,222222222222222222222
23720;693032;0,111111111111111111111
24076;2001;1,000000000000000000000
24446;689;1,000000000000000000000
24839;24838;1,000000000000000000000
24875;27141;0,500000000000000000000
24875;29027;0,500000000000000000000
25230;1894;0,166666666666666666666
25230;6918;0,333333333333333333333
25230;9674;0,333333333333333333333
25230;25229;0,166666666666666666666
25488;2004;0,400000000000000000000
25488;8003;0,200000000000000000000
25488;10338;0,200000000000000000000
25488;17268;0,200000000000000000000
26070;7975;0,500000000000000000000
26070;12959;0,500000000000000000000
26251;604246;1,000000000000000000000
26267;8928;1,000000000000000000000
26786;3340;1,000000000000000000000
27063;1771;0,333333333333333333333
27063;2421;0,333333333333333333333
27063;28034;0,333333333333333333333
27066;2421;1,000000000000000000000
27067;10592;0,666666666666666666666
27067;11369;0,333333333333333333333
27173;2271;1,000000000000000000000
27175;28853;1,000000000000000000000
27416;983;1,000000000000000000000
27478;2275;1,000000000000000000000
27603;1945;1,000000000000000000000
27610;5645;0,500000000000000000000
27610;20393;0,500000000000000000000
27674;9215;1,000000000000000000000
27700;1173;1,000000000000000000000
27810;1771;1,000000000000000000000
27852;810;0,250000000000000000000
27852;2728;0,250000000000000000000
27852;6221;0,250000000000000000000
27852;9824;0,250000000000000000000
27953;27826;1,000000000000000000000
27965;5218;1,000000000000000000000
27966;9898;0,500000000000000000000
27966;13502;0,500000000000000000000
28017;28027;1,000000000000000000000
28027;28017;1,000000000000000000000
28034;27063;1,000000000000000000000
28156;3446;1,000000000000000000000
28184;15944;1,000000000000000000000
28185;2425;1,000000000000000000000
28404;390;0,250000000000000000000
28404;1139;0,250000000000000000000
28404;6430;0,250000000000000000000
28404;21112;0,250000000000000000000
28405;2139;1,000000000000000000000
28523;3158;1,000000000000000000000
28528;854;1,000000000000000000000
28550;9441;1,000000000000000000000
28560;2512;1,000000000000000000000
28600;1462;1,000000000000000000000
28602;4639;1,000000000000000000000
28657;4001;1,000000000000000000000
28738;4829;1,000000000000000000000
28822;5101;0,666666666666666666666
28822;17826;0,333333333333333333333
28826;1831;0,086956521739130434782
28826;2080;0,086956521739130434782
28826;3091;0,086956521739130434782
28826;4476;0,086956521739130434782
28826;5177;0,043478260869565217391
28826;7711;0,086956521739130434782
28826;10338;0,043478260869565217391
28826;22298;0,086956521739130434782
28826;28517;0,043478260869565217391
28826;37815;0,086956521739130434782
28826;42210;0,086956521739130434782
28826;76428;0,086956521739130434782
28826;440497;0,086956521739130434782
28853;27175;1,000000000000000000000
28859;24460;1,000000000000000000000
28970;73;0,012048192771084337349
28970;109;0,012048192771084337349
28970;119;0,012048192771084337349
28970;132;0,012048192771084337349
28970;320;0,012048192771084337349
28970;322;0,012048192771084337349
28970;435;0,012048192771084337349
28970;560;0,012048192771084337349
28970;576;0,012048192771084337349
28970;596;0,012048192771084337349
28970;1068;0,012048192771084337349
28970;1184;0,012048192771084337349
28970;1255;0,024096385542168674698
28970;1265;0,012048192771084337349
28970;1297;0,012048192771084337349
28970;1319;0,012048192771084337349
28970;1348;0,012048192771084337349
28970;1374;0,012048192771084337349
28970;1457;0,012048192771084337349
28970;1663;0,012048192771084337349
28970;1867;0,012048192771084337349
28970;1891;0,012048192771084337349
28970;2115;0,012048192771084337349
28970;2181;0,012048192771084337349
28970;2184;0,012048192771084337349
28970;2206;0,012048192771084337349
28970;2792;0,012048192771084337349
28970;2882;0,012048192771084337349
28970;3120;0,012048192771084337349
28970;3135;0,012048192771084337349
28970;3372;0,012048192771084337349
28970;3433;0,012048192771084337349
28970;3471;0,012048192771084337349
28970;3499;0,012048192771084337349
28970;3957;0,012048192771084337349
28970;4041;0,012048192771084337349
28970;4150;0,024096385542168674698
28970;4244;0,012048192771084337349
28970;4639;0,012048192771084337349
28970;4744;0,012048192771084337349
28970;4780;0,012048192771084337349
28970;4931;0,012048192771084337349
28970;5180;0,012048192771084337349
28970;5212;0,012048192771084337349
28970;5457;0,012048192771084337349
28970;5657;0,012048192771084337349
28970;5789;0,012048192771084337349
28970;5790;0,012048192771084337349
28970;6130;0,012048192771084337349
28970;6567;0,012048192771084337349
28970;7209;0,012048192771084337349
28970;7694;0,012048192771084337349
28970;7963;0,012048192771084337349
28970;7983;0,012048192771084337349
28970;8081;0,012048192771084337349
28970;8671;0,012048192771084337349
28970;8805;0,012048192771084337349
28970;9226;0,012048192771084337349
28970;9506;0,012048192771084337349
28970;9686;0,012048192771084337349
28970;11867;0,012048192771084337349
28970;12176;0,012048192771084337349
28970;12247;0,012048192771084337349
28970;12466;0,012048192771084337349
28970;12572;0,012048192771084337349
28970;13095;0,012048192771084337349
28970;13720;0,012048192771084337349
28970;13721;0,012048192771084337349
28970;13797;0,012048192771084337349
28970;13799;0,012048192771084337349
28970;14733;0,012048192771084337349
28970;18276;0,012048192771084337349
28970;18277;0,012048192771084337349
28970;20853;0,012048192771084337349
28970;21161;0,012048192771084337349
28970;28407;0,012048192771084337349
28970;28438;0,012048192771084337349
28970;28532;0,012048192771084337349
28970;28584;0,012048192771084337349
28970;28603;0,012048192771084337349
28970;28983;0,012048192771084337349
29376;1162;1,000000000000000000000
29667;73134;1,000000000000000000000
30696;2850;1,000000000000000000000
31343;96;0,200000000000000000000
31343;2461;0,400000000000000000000
31343;4825;0,400000000000000000000
37811;30811;1,000000000000000000000
37812;3608;0,666666666666666666666
37812;8928;0,166666666666666666666
37812;9668;0,166666666666666666666
37815;1831;0,166666666666666666666
37815;7711;0,166666666666666666666
37815;38738;0,166666666666666666666
37815;42210;0,166666666666666666666
37815;45724;0,166666666666666666666
37815;173893;0,166666666666666666666
38589;625;0,466666666666666666666
38589;635;0,033333333333333333333
38589;6203;0,466666666666666666666
38589;8003;0,033333333333333333333
38738;11552;1,000000000000000000000
40961;1162;0,500000000000000000000
40961;1192;0,500000000000000000000
41565;1137;0,333333333333333333333
41565;4237;0,333333333333333333333
41565;15682;0,333333333333333333333
41776;96;0,125000000000000000000
41776;249;0,025000000000000000000
41776;276;0,050000000000000000000
41776;277;0,025000000000000000000
41776;354;0,050000000000000000000
41776;359;0,025000000000000000000
41776;513;0,075000000000000000000
41776;695;0,025000000000000000000
41776;945;0,025000000000000000000
41776;1122;0,025000000000000000000
41776;1169;0,025000000000000000000
41776;1340;0,025000000000000000000
41776;1945;0,025000000000000000000
41776;1946;0,075000000000000000000
41776;2184;0,025000000000000000000
41776;3085;0,025000000000000000000
41776;3095;0,025000000000000000000
41776;4586;0,050000000000000000000
41776;5149;0,025000000000000000000
41776;7660;0,025000000000000000000
41776;15643;0,050000000000000000000
41776;18641;0,050000000000000000000
41776;98841;0,075000000000000000000
41776;245879;0,025000000000000000000
41776;434991;0,025000000000000000000
42210;1637;0,142857142857142857142
42210;1684;0,142857142857142857142
42210;6406;0,285714285714285714285
42210;22211;0,142857142857142857142
42210;47352;0,142857142857142857142
42210;50959;0,142857142857142857142
44336;1521;1,000000000000000000000
47032;28859;1,000000000000000000000
48255;66;1,000000000000000000000
48862;669;1,000000000000000000000
49722;733;1,000000000000000000000
50959;475;0,125000000000000000000
50959;1864;0,125000000000000000000
50959;9356;0,125000000000000000000
50959;18641;0,125000000000000000000
50959;28826;0,250000000000000000000
50959;50332;0,125000000000000000000
50959;366347;0,125000000000000000000
54879;276780;1,000000000000000000000
56195;2216;1,000000000000000000000
56282;3842;0,500000000000000000000
56282;12441;0,500000000000000000000
57838;90;0,333333333333333333333
57838;1475;0,666666666666666666666
59745;71;0,032258064516129032258
59745;283;0,032258064516129032258
59745;291;0,032258064516129032258
59745;420;0,032258064516129032258
59745;628;0,064516129032258064516
59745;851;0,032258064516129032258
59745;865;0,032258064516129032258
59745;1065;0,032258064516129032258
59745;1169;0,129032258064516129032
59745;1489;0,032258064516129032258
59745;2863;0,032258064516129032258
59745;3523;0,032258064516129032258
59745;3802;0,064516129032258064516
59745;4078;0,032258064516129032258
59745;18641;0,064516129032258064516
59745;59841;0,161290322580645161290
59745;78108;0,096774193548387096774
59745;906176;0,064516129032258064516
59841;194;0,020833333333333333333
59841;602;0,041666666666666666666
59841;695;0,020833333333333333333
59841;846;0,062500000000000000000
59841;1169;0,104166666666666666666
59841;2731;0,604166666666666666666
59841;4148;0,020833333333333333333
59841;59745;0,104166666666666666666
59841;499117;0,020833333333333333333
65998;2175;0,285714285714285714285
65998;4145;0,428571428571428571428
65998;7095;0,071428571428571428571
65998;66075;0,214285714285714285714
66075;4145;0,571428571428571428571
66075;65998;0,428571428571428571428
75230;1545;0,200000000000000000000
75230;2510;0,400000000000000000000
75230;6723;0,400000000000000000000
75555;9968;1,000000000000000000000
75827;748;0,125000000000000000000
75827;3420;0,250000000000000000000
75827;3607;0,250000000000000000000
75827;81648;0,250000000000000000000
75827;325599;0,125000000000000000000
76428;747;1,000000000000000000000
78108;662;0,375000000000000000000
78108;1897;0,125000000000000000000
78108;59745;0,375000000000000000000
78108;408414;0,125000000000000000000
81163;353914;1,000000000000000000000
81648;75827;1,000000000000000000000
94073;115;1,000000000000000000000
95154;15471;1,000000000000000000000
98068;1058;1,000000000000000000000
98841;520;0,500000000000000000000
98841;3523;0,500000000000000000000
99942;1853;0,500000000000000000000
99942;81648;0,500000000000000000000
112062;826;1,000000000000000000000
113365;2421;1,000000000000000000000
113392;291;0,166666666666666666666
113392;1951;0,166666666666666666666
113392;4629;0,333333333333333333333
113392;393418;0,333333333333333333333
113459;266;0,033333333333333333333
113459;362;0,033333333333333333333
113459;407;0,033333333333333333333
113459;573;0,033333333333333333333
113459;975;0,066666666666666666666
113459;1016;0,033333333333333333333
113459;1313;0,033333333333333333333
113459;1314;0,033333333333333333333
113459;1673;0,033333333333333333333
113459;1713;0,033333333333333333333
113459;2306;0,033333333333333333333
113459;2429;0,033333333333333333333
113459;2499;0,033333333333333333333
113459;2815;0,033333333333333333333
113459;3033;0,033333333333333333333
113459;3393;0,033333333333333333333
113459;3610;0,033333333333333333333
113459;3779;0,033333333333333333333
113459;3905;0,033333333333333333333
113459;4991;0,033333333333333333333
113459;4997;0,033333333333333333333
113459;5012;0,033333333333333333333
113459;5597;0,033333333333333333333
113459;6856;0,033333333333333333333
113459;7748;0,033333333333333333333
113459;8468;0,033333333333333333333
113459;9721;0,033333333333333333333
113459;14050;0,033333333333333333333
113459;24099;0,033333333333333333333
114536;277;0,100000000000000000000
114536;437;0,200000000000000000000
114536;1014;0,200000000000000000000
114536;1681;0,100000000000000000000
114536;1694;0,200000000000000000000
114536;2826;0,100000000000000000000
114536;8213;0,100000000000000000000
116140;441;0,121951219512195121951
116140;517;0,195121951219512195121
116140;1117;0,146341463414634146341
116140;3395;0,121951219512195121951
116140;5679;0,073170731707317073170
116140;8253;0,170731707317073170731
116140;474028;0,146341463414634146341
116140;704910;0,024390243902439024390
119973;538;0,083333333333333333333
119973;918;0,083333333333333333333
119973;2993;0,083333333333333333333
119973;3178;0,083333333333333333333
119973;3408;0,083333333333333333333
119973;3667;0,083333333333333333333
119973;3825;0,166666666666666666666
119973;7095;0,083333333333333333333
119973;12563;0,166666666666666666666
119973;17611;0,083333333333333333333
125861;431565;1,000000000000000000000
131383;352;0,333333333333333333333
131383;845;0,066666666666666666666
131383;1942;0,066666666666666666666
131383;4219;0,066666666666666666666
131383;4530;0,333333333333333333333
131383;5638;0,066666666666666666666
131383;245879;0,066666666666666666666
135596;2223;0,500000000000000000000
135596;11213;0,500000000000000000000
136265;275;0,500000000000000000000
136265;366347;0,500000000000000000000
136664;380;0,500000000000000000000
136664;1025;0,166666666666666666666
136664;1692;0,166666666666666666666
136664;9693;0,166666666666666666666
137801;5824;1,000000000000000000000
139869;3457;1,000000000000000000000
140014;17572;1,000000000000000000000
140271;57;0,333333333333333333333
140271;644;0,333333333333333333333
140271;1152;0,333333333333333333333
144425;2133;0,200000000000000000000
144425;2847;0,200000000000000000000
144425;4098;0,400000000000000000000
144425;278351;0,200000000000000000000
151009;2998;0,250000000000000000000
151009;4720;0,250000000000000000000
151009;9382;0,250000000000000000000
151009;57838;0,250000000000000000000
157551;1434;1,000000000000000000000
157662;1162;1,000000000000000000000
160268;1182;1,000000000000000000000
173893;3161;1,000000000000000000000
184987;2467;0,666666666666666666666
184987;119973;0,333333333333333333333
191488;9350;1,000000000000000000000
192866;420;0,111111111111111111111
192866;845;0,333333333333333333333
192866;846;0,333333333333333333333
192866;1437;0,111111111111111111111
192866;623129;0,111111111111111111111
216172;285;0,500000000000000000000
216172;1547;0,500000000000000000000
219255;6581;1,000000000000000000000
229072;1988;0,666666666666666666666
229072;4881;0,333333333333333333333
238453;239963;1,000000000000000000000
239964;85;0,166666666666666666666
239964;178;0,166666666666666666666
239964;1713;0,333333333333333333333
239964;8106;0,333333333333333333333
239965;2512;0,500000000000000000000
239965;2731;0,500000000000000000000
245879;96;0,045454545454545454545
245879;249;0,045454545454545454545
245879;777;0,045454545454545454545
245879;937;0,136363636363636363636
245879;1142;0,045454545454545454545
245879;1154;0,045454545454545454545
245879;1515;0,045454545454545454545
245879;1898;0,045454545454545454545
245879;2139;0,181818181818181818181
245879;2293;0,045454545454545454545
245879;3045;0,045454545454545454545
245879;3095;0,090909090909090909090
245879;4313;0,045454545454545454545
245879;41776;0,045454545454545454545
245879;329272;0,090909090909090909090
247698;113;1,000000000000000000000
248141;529797;1,000000000000000000000
248334;35;0,005917159763313609467
248334;240;0,005917159763313609467
248334;362;0,005917159763313609467
248334;385;0,005917159763313609467
248334;475;0,005917159763313609467
248334;479;0,005917159763313609467
248334;520;0,005917159763313609467
248334;525;0,005917159763313609467
248334;706;0,005917159763313609467
248334;758;0,005917159763313609467
248334;761;0,005917159763313609467
248334;793;0,005917159763313609467
248334;833;0,005917159763313609467
248334;975;0,005917159763313609467
248334;1058;0,005917159763313609467
248334;1098;0,005917159763313609467
248334;1107;0,005917159763313609467
248334;1171;0,005917159763313609467
248334;1182;0,005917159763313609467
248334;1290;0,005917159763313609467
248334;1313;0,005917159763313609467
248334;1314;0,005917159763313609467
248334;1347;0,005917159763313609467
248334;1512;0,005917159763313609467
248334;1514;0,005917159763313609467
248334;1527;0,005917159763313609467
248334;1554;0,005917159763313609467
248334;1650;0,005917159763313609467
248334;1748;0,005917159763313609467
248334;1778;0,005917159763313609467
248334;1845;0,005917159763313609467
248334;1938;0,005917159763313609467
248334;2204;0,005917159763313609467
248334;2306;0,005917159763313609467
248334;2374;0,005917159763313609467
248334;2490;0,005917159763313609467
248334;2491;0,005917159763313609467
248334;2648;0,005917159763313609467
248334;2652;0,005917159763313609467
248334;2815;0,005917159763313609467
248334;3038;0,005917159763313609467
248334;3097;0,005917159763313609467
248334;3108;0,005917159763313609467
248334;3169;0,005917159763313609467
248334;3188;0,005917159763313609467
248334;3209;0,005917159763313609467
248334;3374;0,005917159763313609467
248334;3563;0,005917159763313609467
248334;3579;0,005917159763313609467
248334;3585;0,005917159763313609467
248334;3586;0,005917159763313609467
248334;3587;0,005917159763313609467
248334;3588;0,005917159763313609467
248334;3590;0,005917159763313609467
248334;3665;0,005917159763313609467
248334;3708;0,005917159763313609467
248334;3738;0,005917159763313609467
248334;3741;0,005917159763313609467
248334;3827;0,005917159763313609467
248334;4108;0,005917159763313609467
248334;4137;0,005917159763313609467
248334;4219;0,005917159763313609467
248334;4222;0,005917159763313609467
248334;4225;0,005917159763313609467
248334;4228;0,005917159763313609467
248334;4242;0,005917159763313609467
248334;4379;0,005917159763313609467
248334;4497;0,005917159763313609467
248334;4603;0,005917159763313609467
248334;4622;0,005917159763313609467
248334;4706;0,005917159763313609467
248334;4835;0,005917159763313609467
248334;4991;0,005917159763313609467
248334;4999;0,005917159763313609467
248334;5001;0,005917159763313609467
248334;5002;0,005917159763313609467
248334;5003;0,005917159763313609467
248334;5005;0,005917159763313609467
248334;5007;0,005917159763313609467
248334;5011;0,005917159763313609467
248334;5012;0,005917159763313609467
248334;5013;0,005917159763313609467
248334;5015;0,005917159763313609467
248334;5019;0,005917159763313609467
248334;5484;0,005917159763313609467
248334;5886;0,005917159763313609467
248334;5935;0,005917159763313609467
248334;5991;0,005917159763313609467
248334;6006;0,005917159763313609467
248334;6048;0,005917159763313609467
248334;6169;0,005917159763313609467
248334;6532;0,005917159763313609467
248334;6883;0,005917159763313609467
248334;6929;0,005917159763313609467
248334;7532;0,005917159763313609467
248334;7574;0,005917159763313609467
248334;7578;0,005917159763313609467
248334;7626;0,005917159763313609467
248334;7699;0,005917159763313609467
248334;7739;0,005917159763313609467
248334;8000;0,005917159763313609467
248334;8022;0,005917159763313609467
248334;8172;0,005917159763313609467
248334;8366;0,005917159763313609467
248334;8434;0,005917159763313609467
248334;8435;0,005917159763313609467
248334;8436;0,005917159763313609467
248334;8437;0,005917159763313609467
248334;8438;0,005917159763313609467
248334;8439;0,005917159763313609467
248334;8440;0,005917159763313609467
248334;8441;0,005917159763313609467
248334;8442;0,005917159763313609467
248334;8443;0,005917159763313609467
248334;8445;0,005917159763313609467
248334;8446;0,005917159763313609467
248334;8447;0,005917159763313609467
248334;8448;0,005917159763313609467
248334;8449;0,005917159763313609467
248334;8450;0,005917159763313609467
248334;8453;0,005917159763313609467
248334;8454;0,005917159763313609467
248334;8455;0,005917159763313609467
248334;8456;0,005917159763313609467
248334;8457;0,005917159763313609467
248334;8458;0,005917159763313609467
248334;8459;0,005917159763313609467
248334;8460;0,005917159763313609467
248334;8461;0,005917159763313609467
248334;8462;0,005917159763313609467
248334;8463;0,005917159763313609467
248334;8464;0,005917159763313609467
248334;8465;0,005917159763313609467
248334;8466;0,005917159763313609467
248334;8467;0,005917159763313609467
248334;8468;0,005917159763313609467
248334;8469;0,005917159763313609467
248334;8470;0,005917159763313609467
248334;8471;0,005917159763313609467
248334;8472;0,005917159763313609467
248334;8473;0,005917159763313609467
248334;8475;0,005917159763313609467
248334;8476;0,005917159763313609467
248334;8477;0,005917159763313609467
248334;8478;0,005917159763313609467
248334;8479;0,005917159763313609467
248334;8483;0,005917159763313609467
248334;8484;0,005917159763313609467
248334;52385;0,005917159763313609467
248334;54774;0,005917159763313609467
248334;248828;0,005917159763313609467
248334;248830;0,005917159763313609467
248334;248831;0,005917159763313609467
248334;248832;0,005917159763313609467
248334;248833;0,005917159763313609467
248334;248834;0,005917159763313609467
248334;248835;0,005917159763313609467
248334;248836;0,005917159763313609467
248334;248837;0,005917159763313609467
248334;248838;0,005917159763313609467
248334;248839;0,005917159763313609467
248334;248840;0,005917159763313609467
248334;248841;0,005917159763313609467
248334;256951;0,005917159763313609467
248334;278274;0,005917159763313609467
248334;310049;0,005917159763313609467
248334;317905;0,005917159763313609467
248334;418454;0,005917159763313609467
248334;759294;0,005917159763313609467
248834;5016;1,000000000000000000000
248835;1098;0,250000000000000000000
248835;8468;0,750000000000000000000
248836;6006;1,000000000000000000000
248838;418454;1,000000000000000000000
248840;418454;1,000000000000000000000
248841;66;1,000000000000000000000
255463;144425;1,000000000000000000000
259341;396;1,000000000000000000000
259831;90;0,035714285714285714285
259831;826;0,053571428571428571428
259831;906;0,035714285714285714285
259831;911;0,035714285714285714285
259831;2998;0,053571428571428571428
259831;3141;0,035714285714285714285
259831;3142;0,035714285714285714285
259831;3414;0,035714285714285714285
259831;3991;0,035714285714285714285
259831;4048;0,035714285714285714285
259831;4232;0,035714285714285714285
259831;4262;0,035714285714285714285
259831;4720;0,035714285714285714285
259831;5437;0,035714285714285714285
259831;5629;0,035714285714285714285
259831;6189;0,035714285714285714285
259831;6604;0,053571428571428571428
259831;9382;0,035714285714285714285
259831;10649;0,035714285714285714285
259831;13369;0,035714285714285714285
259831;18258;0,035714285714285714285
259831;57838;0,035714285714285714285
259831;151009;0,035714285714285714285
259831;151929;0,035714285714285714285
259831;333184;0,053571428571428571428
259831;352420;0,035714285714285714285
276780;3223;0,333333333333333333333
276780;54879;0,666666666666666666666
278351;285;0,400000000000000000000
278351;706;0,400000000000000000000
278351;1142;0,200000000000000000000
281170;1547;0,166666666666666666666
281170;1868;0,166666666666666666666
281170;3601;0,166666666666666666666
281170;5500;0,166666666666666666666
281170;281067;0,166666666666666666666
281170;355336;0,166666666666666666666
283633;2302;0,666666666666666666666
283633;2464;0,333333333333333333333
283635;3426;0,666666666666666666666
283635;28763;0,333333333333333333333
283636;5042;1,000000000000000000000
283638;96;0,166666666666666666666
283638;253;0,166666666666666666666
283638;433;0,333333333333333333333
283638;1160;0,166666666666666666666
283638;1695;0,083333333333333333333
283638;4172;0,083333333333333333333
283639;1048;1,000000000000000000000
284852;2421;1,000000000000000000000
284853;16658;1,000000000000000000000
286660;477;0,250000000000000000000
286660;1122;0,250000000000000000000
286660;3033;0,250000000000000000000
286660;333184;0,250000000000000000000
306994;407;1,000000000000000000000
308968;163;1,000000000000000000000
311584;622466;1,000000000000000000000
321395;1131;1,000000000000000000000
325535;3158;1,000000000000000000000
326192;4372;1,000000000000000000000
326597;5367;1,000000000000000000000
327099;3158;1,000000000000000000000
327859;151;0,500000000000000000000
327859;4803;0,500000000000000000000
328526;738;0,500000000000000000000
328526;1340;0,500000000000000000000
329223;1949;1,000000000000000000000
330168;2421;1,000000000000000000000
331627;38;0,166666666666666666666
331627;365532;0,833333333333333333333
333184;9395;0,500000000000000000000
333184;12798;0,250000000000000000000
333184;259831;0,250000000000000000000
333343;890;0,125000000000000000000
333343;2146;0,125000000000000000000
333343;3141;0,625000000000000000000
333343;6503;0,125000000000000000000
335189;8818;0,500000000000000000000
335189;383630;0,500000000000000000000
336640;222;0,428571428571428571428
336640;1637;0,285714285714285714285
336640;14826;0,142857142857142857142
336640;623129;0,142857142857142857142
343358;115;1,000000000000000000000
343424;613;0,333333333333333333333
343424;3401;0,666666666666666666666
347540;45;0,500000000000000000000
347540;5012;0,500000000000000000000
349041;37;0,029411764705882352941
349041;194;0,235294117647058823529
349041;628;0,058823529411764705882
349041;1939;0,147058823529411764705
349041;1940;0,441176470588235294117
349041;3680;0,058823529411764705882
349041;393418;0,029411764705882352941
352262;5487;0,500000000000000000000
352262;453859;0,500000000000000000000
352420;6234;0,600000000000000000000
352420;324897;0,400000000000000000000
353698;396;0,500000000000000000000
353698;3158;0,500000000000000000000
356607;9389;1,000000000000000000000
357817;3029;0,500000000000000000000
357817;4621;0,500000000000000000000
365531;331627;1,000000000000000000000
365536;2678;1,000000000000000000000
366347;136265;1,000000000000000000000
366867;4307;0,500000000000000000000
366867;18695;0,500000000000000000000
367121;608895;1,000000000000000000000
367451;1949;0,500000000000000000000
367451;4933;0,333333333333333333333
367451;5856;0,166666666666666666666
373677;83;0,008620689655172413793
373677;1042;0,008620689655172413793
373677;1190;0,008620689655172413793
373677;1220;0,017241379310344827586
373677;1444;0,008620689655172413793
373677;1468;0,008620689655172413793
373677;1771;0,008620689655172413793
373677;2275;0,008620689655172413793
373677;2287;0,008620689655172413793
373677;2419;0,008620689655172413793
373677;2420;0,008620689655172413793
373677;2421;0,008620689655172413793
373677;2422;0,008620689655172413793
373677;2423;0,008620689655172413793
373677;2424;0,008620689655172413793
373677;2425;0,008620689655172413793
373677;3993;0,008620689655172413793
373677;4692;0,008620689655172413793
373677;5065;0,008620689655172413793
373677;5782;0,008620689655172413793
373677;6068;0,008620689655172413793
373677;6201;0,008620689655172413793
373677;6419;0,008620689655172413793
373677;6630;0,008620689655172413793
373677;6641;0,008620689655172413793
373677;6734;0,008620689655172413793
373677;6765;0,008620689655172413793
373677;6881;0,008620689655172413793
373677;6918;0,008620689655172413793
373677;7139;0,008620689655172413793
373677;7954;0,008620689655172413793
373677;8013;0,008620689655172413793
373677;8820;0,008620689655172413793
373677;9065;0,008620689655172413793
373677;9066;0,008620689655172413793
373677;9067;0,008620689655172413793
373677;9068;0,008620689655172413793
373677;9069;0,008620689655172413793
373677;9674;0,008620689655172413793
373677;10298;0,008620689655172413793
373677;10592;0,008620689655172413793
373677;10606;0,008620689655172413793
373677;11369;0,017241379310344827586
373677;11826;0,008620689655172413793
373677;12375;0,008620689655172413793
373677;12489;0,008620689655172413793
373677;13179;0,008620689655172413793
373677;13850;0,008620689655172413793
373677;14069;0,008620689655172413793
373677;15222;0,008620689655172413793
373677;15686;0,008620689655172413793
373677;15944;0,008620689655172413793
373677;16497;0,008620689655172413793
373677;16994;0,008620689655172413793
373677;17553;0,008620689655172413793
373677;19627;0,008620689655172413793
373677;19726;0,008620689655172413793
373677;20307;0,008620689655172413793
373677;21159;0,008620689655172413793
373677;22534;0,008620689655172413793
373677;23180;0,008620689655172413793
373677;25205;0,008620689655172413793
373677;25221;0,008620689655172413793
373677;25223;0,008620689655172413793
373677;25224;0,008620689655172413793
373677;25225;0,008620689655172413793
373677;25226;0,008620689655172413793
373677;25227;0,008620689655172413793
373677;25229;0,008620689655172413793
373677;25230;0,008620689655172413793
373677;25905;0,008620689655172413793
373677;27062;0,008620689655172413793
373677;27063;0,008620689655172413793
373677;27064;0,008620689655172413793
373677;27065;0,008620689655172413793
373677;27066;0,008620689655172413793
373677;27067;0,008620689655172413793
373677;27175;0,008620689655172413793
373677;27474;0,008620689655172413793
373677;27810;0,017241379310344827586
373677;28183;0,008620689655172413793
373677;28184;0,008620689655172413793
373677;28185;0,008620689655172413793
373677;28187;0,008620689655172413793
373677;28189;0,008620689655172413793
373677;28194;0,008620689655172413793
373677;28195;0,008620689655172413793
373677;28198;0,008620689655172413793
373677;28199;0,008620689655172413793
373677;28200;0,008620689655172413793
373677;28202;0,008620689655172413793
373677;28210;0,008620689655172413793
373677;28212;0,008620689655172413793
373677;28213;0,008620689655172413793
373677;28834;0,008620689655172413793
373677;28848;0,008620689655172413793
373677;28853;0,008620689655172413793
373677;28857;0,008620689655172413793
373677;108876;0,008620689655172413793
373677;145389;0,008620689655172413793
373677;349155;0,008620689655172413793
373677;377520;0,008620689655172413793
373677;383065;0,008620689655172413793
373677;383066;0,008620689655172413793
373677;383067;0,008620689655172413793
373677;383068;0,008620689655172413793
373677;383069;0,008620689655172413793
373677;383070;0,008620689655172413793
373677;387436;0,008620689655172413793
373677;387437;0,008620689655172413793
373677;387438;0,008620689655172413793
373677;387439;0,008620689655172413793
373677;387441;0,008620689655172413793
373924;2504;1,000000000000000000000
374246;249;0,076923076923076923076
374246;520;0,076923076923076923076
374246;851;0,307692307692307692307
374246;1262;0,076923076923076923076
374246;2657;0,230769230769230769230
374246;3096;0,076923076923076923076
374246;38738;0,076923076923076923076
374246;653504;0,076923076923076923076
387437;1220;1,000000000000000000000
387438;9898;1,000000000000000000000
388810;964;1,000000000000000000000
389498;28;0,111111111111111111111
389498;39;0,222222222222222222222
389498;612;0,333333333333333333333
389498;8156;0,111111111111111111111
389498;9762;0,222222222222222222222
393418;37;0,163265306122448979591
393418;38;0,020408163265306122448
393418;148;0,040816326530612244897
393418;189;0,020408163265306122448
393418;523;0,020408163265306122448
393418;573;0,040816326530612244897
393418;609;0,020408163265306122448
393418;660;0,020408163265306122448
393418;891;0,040816326530612244897
393418;1010;0,020408163265306122448
393418;1082;0,020408163265306122448
393418;1497;0,040816326530612244897
393418;1581;0,020408163265306122448
393418;1840;0,020408163265306122448
393418;2001;0,040816326530612244897
393418;2337;0,020408163265306122448
393418;2484;0,020408163265306122448
393418;2678;0,020408163265306122448
393418;3551;0,020408163265306122448
393418;4091;0,020408163265306122448
393418;5800;0,020408163265306122448
393418;6461;0,061224489795918367346
393418;7215;0,040816326530612244897
393418;7648;0,020408163265306122448
393418;8268;0,040816326530612244897
393418;9376;0,020408163265306122448
393418;10860;0,040816326530612244897
393418;13899;0,020408163265306122448
393418;17773;0,020408163265306122448
393418;113392;0,061224489795918367346
394755;6773;1,000000000000000000000
398786;547;0,090909090909090909090
398786;749;0,090909090909090909090
398786;1044;0,090909090909090909090
398786;1206;0,090909090909090909090
398786;3766;0,090909090909090909090
398786;4219;0,090909090909090909090
398786;8373;0,090909090909090909090
398786;14465;0,181818181818181818181
398786;398787;0,181818181818181818181
398787;3091;1,000000000000000000000
408414;37;0,029411764705882352941
408414;43;0,029411764705882352941
408414;138;0,029411764705882352941
408414;290;0,029411764705882352941
408414;609;0,029411764705882352941
408414;891;0,029411764705882352941
408414;1169;0,294117647058823529411
408414;1892;0,029411764705882352941
408414;2433;0,029411764705882352941
408414;2569;0,058823529411764705882
408414;3551;0,029411764705882352941
408414;3809;0,029411764705882352941
408414;3978;0,029411764705882352941
408414;4091;0,029411764705882352941
408414;4100;0,029411764705882352941
408414;4522;0,029411764705882352941
408414;4877;0,029411764705882352941
408414;5800;0,029411764705882352941
408414;7648;0,029411764705882352941
408414;7968;0,029411764705882352941
408414;8268;0,029411764705882352941
408414;10860;0,029411764705882352941
408414;13141;0,029411764705882352941
408414;393418;0,029411764705882352941
409930;380;1,000000000000000000000
412984;13048;1,000000000000000000000
413321;749;0,333333333333333333333
413321;904;0,333333333333333333333
413321;4627;0,333333333333333333333
427467;4094;0,666666666666666666666
427467;21734;0,333333333333333333333
431565;1985;0,125000000000000000000
431565;2364;0,125000000000000000000
431565;13335;0,250000000000000000000
431565;13396;0,125000000000000000000
431565;125861;0,250000000000000000000
431565;559679;0,125000000000000000000
434991;108;0,090909090909090909090
434991;454;0,045454545454545454545
434991;520;0,045454545454545454545
434991;918;0,045454545454545454545
434991;964;0,045454545454545454545
434991;1131;0,090909090909090909090
434991;1689;0,045454545454545454545
434991;1949;0,045454545454545454545
434991;2139;0,045454545454545454545
434991;2182;0,045454545454545454545
434991;2191;0,045454545454545454545
434991;2657;0,045454545454545454545
434991;3235;0,045454545454545454545
434991;4501;0,045454545454545454545
434991;5800;0,045454545454545454545
434991;6213;0,045454545454545454545
434991;7660;0,045454545454545454545
434991;27870;0,045454545454545454545
434991;41776;0,045454545454545454545
434991;440509;0,045454545454545454545
440509;351;0,037037037037037037037
440509;352;0,074074074074074074074
440509;454;0,037037037037037037037
440509;520;0,037037037037037037037
440509;964;0,037037037037037037037
440509;1689;0,037037037037037037037
440509;1942;0,074074074074074074074
440509;1949;0,037037037037037037037
440509;2139;0,037037037037037037037
440509;2182;0,037037037037037037037
440509;2191;0,037037037037037037037
440509;2445;0,037037037037037037037
440509;2657;0,037037037037037037037
440509;3235;0,037037037037037037037
440509;4501;0,037037037037037037037
440509;4530;0,074074074074074074074
440509;5800;0,037037037037037037037
440509;6213;0,037037037037037037037
440509;7660;0,037037037037037037037
440509;27870;0,037037037037037037037
440509;434991;0,148148148148148148148
443599;2302;1,000000000000000000000
453859;700;0,666666666666666666666
453859;352262;0,333333333333333333333
468947;9814;1,000000000000000000000
470598;8213;1,000000000000000000000
471750;266;0,500000000000000000000
471750;2383;0,500000000000000000000
474028;72;0,200000000000000000000
474028;982;0,200000000000000000000
474028;1041;0,200000000000000000000
474028;4629;0,400000000000000000000
484680;1162;1,000000000000000000000
488062;2004;1,000000000000000000000
494193;4384;1,000000000000000000000
499117;475;0,090909090909090909090
499117;1169;0,454545454545454545454
499117;2895;0,090909090909090909090
499117;3871;0,090909090909090909090
499117;4078;0,181818181818181818181
499117;9395;0,090909090909090909090
507180;668;0,428571428571428571428
507180;876;0,142857142857142857142
507180;4173;0,428571428571428571428
512469;485;0,250000000000000000000
512469;657;0,250000000000000000000
512469;1681;0,250000000000000000000
512469;3604;0,250000000000000000000
529797;1064;0,250000000000000000000
529797;2218;0,250000000000000000000
529797;156500;0,250000000000000000000
529797;248141;0,250000000000000000000
533247;846;0,500000000000000000000
533247;1667;0,250000000000000000000
533247;3271;0,250000000000000000000
559679;352;0,333333333333333333333
559679;4530;0,333333333333333333333
559679;8165;0,333333333333333333333
587053;970;1,000000000000000000000
587057;3318;1,000000000000000000000
589508;1139;1,000000000000000000000
591752;1597;1,000000000000000000000
604246;4991;0,400000000000000000000
604246;9067;0,200000000000000000000
604246;26251;0,400000000000000000000
606566;721;0,250000000000000000000
606566;6250;0,500000000000000000000
606566;11890;0,250000000000000000000
606725;399;0,500000000000000000000
606725;3513;0,500000000000000000000
608895;738;0,076923076923076923076
608895;1589;0,076923076923076923076
608895;2607;0,102564102564102564102
608895;8873;0,025641025641025641025
608895;16527;0,076923076923076923076
608895;98068;0,076923076923076923076
608895;119483;0,025641025641025641025
608895;239970;0,025641025641025641025
608895;283638;0,025641025641025641025
608895;284852;0,025641025641025641025
608895;321395;0,076923076923076923076
608895;334473;0,025641025641025641025
608895;366869;0,076923076923076923076
608895;367121;0,153846153846153846153
608895;386794;0,025641025641025641025
608895;389498;0,076923076923076923076
608895;427048;0,025641025641025641025
615495;27610;1,000000000000000000000
622466;131;0,500000000000000000000
622466;311584;0,500000000000000000000
623129;131;0,035714285714285714285
623129;277;0,035714285714285714285
623129;420;0,035714285714285714285
623129;845;0,285714285714285714285
623129;846;0,071428571428571428571
623129;982;0,107142857142857142857
623129;1041;0,107142857142857142857
623129;1263;0,035714285714285714285
623129;1437;0,071428571428571428571
623129;1724;0,035714285714285714285
623129;131383;0,035714285714285714285
623129;192866;0,071428571428571428571
623129;193005;0,035714285714285714285
623129;336640;0,035714285714285714285
642255;275;0,100000000000000000000
642255;876;0,500000000000000000000
642255;1129;0,400000000000000000000
651622;1867;0,500000000000000000000
651622;9288;0,500000000000000000000
653504;3235;0,333333333333333333333
653504;374246;0,666666666666666666666
665791;452;0,500000000000000000000
665791;754;0,500000000000000000000
693032;281;0,250000000000000000000
693032;1129;0,250000000000000000000
693032;1370;0,500000000000000000000
701610;571;1,000000000000000000000
704910;1117;1,000000000000000000000
714174;2;0,142857142857142857142
714174;740;0,285714285714285714285
714174;1352;0,142857142857142857142
714174;5218;0,142857142857142857142
714174;14048;0,285714285714285714285
727998;546;0,333333333333333333333
727998;3975;0,666666666666666666666
743909;904;0,250000000000000000000
743909;945;0,250000000000000000000
743909;1946;0,250000000000000000000
743909;606725;0,250000000000000000000
744732;520;1,000000000000000000000
747808;748;0,142857142857142857142
747808;1754;0,428571428571428571428
747808;1762;0,142857142857142857142
747808;2844;0,142857142857142857142
747808;4991;0,142857142857142857142
767229;1637;1,000000000000000000000
789157;738;0,500000000000000000000
789157;1589;0,250000000000000000000
789157;3256;0,250000000000000000000
791903;281;1,000000000000000000000
792462;1127;0,200000000000000000000
792462;1171;0,400000000000000000000
792462;1514;0,200000000000000000000
792462;5513;0,200000000000000000000
891311;479;1,000000000000000000000
906176;100;0,181818181818181818181
906176;3523;0,454545454545454545454
906176;59745;0,181818181818181818181
906176;940328;0,181818181818181818181
931417;232;0,056603773584905660377
931417;437;0,018867924528301886792
931417;812;0,018867924528301886792
931417;1014;0,037735849056603773584
931417;1036;0,037735849056603773584
931417;1064;0,018867924528301886792
931417;1561;0,018867924528301886792
931417;1562;0,018867924528301886792
931417;1563;0,018867924528301886792
931417;1564;0,018867924528301886792
931417;1565;0,018867924528301886792
931417;1567;0,018867924528301886792
931417;1608;0,056603773584905660377
931417;1609;0,018867924528301886792
931417;1610;0,037735849056603773584
931417;1687;0,018867924528301886792
931417;1688;0,018867924528301886792
931417;1691;0,037735849056603773584
931417;1700;0,018867924528301886792
931417;1766;0,037735849056603773584
931417;1883;0,018867924528301886792
931417;1887;0,037735849056603773584
931417;1906;0,075471698113207547169
931417;2470;0,075471698113207547169
931417;2890;0,018867924528301886792
931417;4245;0,018867924528301886792
931417;4518;0,056603773584905660377
931417;6072;0,018867924528301886792
931417;6940;0,018867924528301886792
931417;9694;0,018867924528301886792
931417;10176;0,018867924528301886792
931417;10177;0,037735849056603773584
931417;10178;0,018867924528301886792
931417;747847;0,018867924528301886792
940328;695;0,500000000000000000000
940328;906176;0,500000000000000000000
