39;585;0,333333333333333333333
39;964;0,333333333333333333333
39;50332;0,333333333333333333333
48;2367;0,200000000000000000000
48;4293;0,200000000000000000000
48;4831;0,400000000000000000000
48;8106;0,200000000000000000000
54;1891;0,666666666666666666666
54;2792;0,333333333333333333333
65;1286;0,142857142857142857142
65;1754;0,142857142857142857142
65;8090;0,142857142857142857142
65;366089;0,285714285714285714285
65;408414;0,142857142857142857142
65;499117;0,142857142857142857142
71;194;0,181818181818181818181
71;695;0,181818181818181818181
71;846;0,045454545454545454545
71;1143;0,090909090909090909090
71;1276;0,136363636363636363636
71;1827;0,045454545454545454545
71;4020;0,045454545454545454545
71;6505;0,045454545454545454545
71;15643;0,045454545454545454545
71;59841;0,090909090909090909090
71;366089;0,045454545454545454545
71;398787;0,045454545454545454545
72;1117;0,250000000000000000000
72;1946;0,125000000000000000000
72;3395;0,125000000000000000000
72;12817;0,250000000000000000000
72;184646;0,250000000000000000000
73;4639;1,000000000000000000000
74;1406;0,500000000000000000000
74;50332;0,500000000000000000000
77;9110;1,000000000000000000000
80;668;0,250000000000000000000
80;754;0,125000000000000000000
80;876;0,375000000000000000000
80;1129;0,125000000000000000000
80;4173;0,125000000000000000000
83;1504;1,000000000000000000000
90;2146;1,000000000000000000000
96;122;0,021739130434782608695
96;249;0,065217391304347826086
96;283;0,021739130434782608695
96;615;0,130434782608695652173
96;625;0,021739130434782608695
96;983;0,108695652173913043478
96;1141;0,195652173913043478260
96;1156;0,086956521739130434782
96;1364;0,043478260869565217391
96;1988;0,021739130434782608695
96;2510;0,043478260869565217391
96;2515;0,021739130434782608695
96;3045;0,065217391304347826086
96;3080;0,043478260869565217391
96;3393;0,021739130434782608695
96;24460;0,021739130434782608695
96;31343;0,065217391304347826086
99;920;1,000000000000000000000
101;241;0,111111111111111111111
101;873;0,111111111111111111111
101;2379;0,111111111111111111111
101;3429;0,111111111111111111111
101;3838;0,111111111111111111111
101;4313;0,111111111111111111111
101;4376;0,111111111111111111111
101;8630;0,222222222222222222222
102;579;1,000000000000000000000
104;163;0,043478260869565217391
104;768;0,043478260869565217391
104;822;0,021739130434782608695
104;839;0,021739130434782608695
104;937;0,086956521739130434782
104;940;0,021739130434782608695
104;1598;0,021739130434782608695
104;1613;0,043478260869565217391
104;1991;0,021739130434782608695
104;2239;0,021739130434782608695
104;2448;0,021739130434782608695
104;2745;0,021739130434782608695
104;3044;0,021739130434782608695
104;3306;0,021739130434782608695
104;3985;0,021739130434782608695
104;4009;0,021739130434782608695
104;4039;0,021739130434782608695
104;4283;0,021739130434782608695
104;4425;0,021739130434782608695
104;4426;0,021739130434782608695
104;4427;0,021739130434782608695
104;4429;0,021739130434782608695
104;4430;0,021739130434782608695
104;4432;0,021739130434782608695
104;4437;0,021739130434782608695
104;4438;0,021739130434782608695
104;4439;0,021739130434782608695
104;4448;0,021739130434782608695
104;4454;0,021739130434782608695
104;4462;0,021739130434782608695
104;4463;0,021739130434782608695
104;4468;0,021739130434782608695
104;4470;0,021739130434782608695
104;4471;0,021739130434782608695
104;4772;0,021739130434782608695
104;5386;0,021739130434782608695
104;8928;0,021739130434782608695
104;17584;0,021739130434782608695
104;254306;0,021739130434782608695
104;497739;0,021739130434782608695
108;1340;1,000000000000000000000
115;490;0,032258064516129032258
115;1949;0,161290322580645161290
115;3815;0,064516129032258064516
115;4269;0,032258064516129032258
115;6468;0,193548387096774193548
115;8818;0,064516129032258064516
115;13886;0,096774193548387096774
115;335189;0,064516129032258064516
115;343358;0,161290322580645161290
115;383630;0,096774193548387096774
115;484680;0,032258064516129032258
119;54;0,041666666666666666666
119;435;0,083333333333333333333
119;550;0,041666666666666666666
119;596;0,041666666666666666666
119;669;0,041666666666666666666
119;2179;0,041666666666666666666
119;2182;0,083333333333333333333
119;2184;0,041666666666666666666
119;2310;0,041666666666666666666
119;3120;0,083333333333333333333
119;3694;0,041666666666666666666
119;5149;0,083333333333333333333
119;5457;0,041666666666666666666
119;5789;0,083333333333333333333
119;7111;0,041666666666666666666
119;9618;0,041666666666666666666
119;12670;0,041666666666666666666
119;27674;0,083333333333333333333
127;151;0,500000000000000000000
127;2421;0,500000000000000000000
132;550;1,000000000000000000000
135;13;0,052631578947368421052
135;100;0,052631578947368421052
135;183;0,026315789473684210526
135;332;0,026315789473684210526
135;419;0,026315789473684210526
135;749;0,026315789473684210526
135;992;0,026315789473684210526
135;1316;0,078947368421052631578
135;1925;0,026315789473684210526
135;1931;0,078947368421052631578
135;1939;0,026315789473684210526
135;2111;0,052631578947368421052
135;2684;0,052631578947368421052
135;4020;0,131578947368421052631
135;4512;0,052631578947368421052
135;5613;0,026315789473684210526
135;7577;0,052631578947368421052
135;8163;0,052631578947368421052
135;9846;0,026315789473684210526
135;12816;0,026315789473684210526
135;398786;0,026315789473684210526
135;499117;0,052631578947368421052
138;7711;0,500000000000000000000
138;32097;0,500000000000000000000
148;37;0,013157894736842105263
148;38;0,013157894736842105263
148;189;0,013157894736842105263
148;246;0,013157894736842105263
148;290;0,013157894736842105263
148;296;0,013157894736842105263
148;454;0,013157894736842105263
148;523;0,013157894736842105263
148;545;0,013157894736842105263
148;608;0,013157894736842105263
148;609;0,013157894736842105263
148;688;0,013157894736842105263
148;891;0,013157894736842105263
148;1010;0,013157894736842105263
148;1082;0,013157894736842105263
148;1293;0,013157894736842105263
148;1432;0,013157894736842105263
148;1497;0,013157894736842105263
148;1581;0,013157894736842105263
148;1696;0,013157894736842105263
148;1724;0,013157894736842105263
148;1824;0,013157894736842105263
148;1854;0,013157894736842105263
148;1892;0,013157894736842105263
148;2337;0,013157894736842105263
148;2343;0,013157894736842105263
148;2484;0,013157894736842105263
148;2576;0,013157894736842105263
148;2678;0,013157894736842105263
148;3087;0,013157894736842105263
148;3189;0,013157894736842105263
148;3212;0,013157894736842105263
148;3551;0,013157894736842105263
148;3685;0,013157894736842105263
148;3705;0,013157894736842105263
148;3844;0,013157894736842105263
148;3978;0,013157894736842105263
148;4091;0,013157894736842105263
148;4372;0,013157894736842105263
148;4374;0,013157894736842105263
148;4421;0,013157894736842105263
148;4657;0,013157894736842105263
148;4794;0,013157894736842105263
148;4877;0,013157894736842105263
148;5338;0,013157894736842105263
148;5481;0,013157894736842105263
148;5635;0,013157894736842105263
148;5800;0,013157894736842105263
148;5915;0,013157894736842105263
148;6461;0,013157894736842105263
148;6701;0,013157894736842105263
148;7215;0,013157894736842105263
148;7648;0,013157894736842105263
148;7748;0,013157894736842105263
148;7968;0,013157894736842105263
148;8268;0,013157894736842105263
148;9376;0,013157894736842105263
148;11734;0,013157894736842105263
148;12385;0,013157894736842105263
148;13452;0,013157894736842105263
148;13899;0,013157894736842105263
148;14050;0,013157894736842105263
148;14151;0,013157894736842105263
148;17762;0,013157894736842105263
148;18622;0,013157894736842105263
148;21511;0,013157894736842105263
148;21513;0,013157894736842105263
148;21515;0,013157894736842105263
148;21541;0,013157894736842105263
148;21542;0,013157894736842105263
148;22575;0,013157894736842105263
148;23251;0,013157894736842105263
148;23562;0,013157894736842105263
148;28631;0,013157894736842105263
148;28635;0,013157894736842105263
148;393418;0,013157894736842105263
149;2196;0,250000000000000000000
149;2976;0,750000000000000000000
151;127;0,500000000000000000000
151;7586;0,500000000000000000000
163;940;0,333333333333333333333
163;4471;0,666666666666666666666
166;5679;0,800000000000000000000
166;151929;0,200000000000000000000
172;839;0,111111111111111111111
172;1939;0,111111111111111111111
172;1991;0,666666666666666666666
172;408414;0,111111111111111111111
174;46;0,006711409395973154362
174;149;0,006711409395973154362
174;220;0,006711409395973154362
174;232;0,006711409395973154362
174;289;0,006711409395973154362
174;313;0,006711409395973154362
174;380;0,006711409395973154362
174;433;0,006711409395973154362
174;437;0,020134228187919463087
174;492;0,006711409395973154362
174;577;0,006711409395973154362
174;712;0,006711409395973154362
174;752;0,006711409395973154362
174;812;0,006711409395973154362
174;846;0,006711409395973154362
174;1014;0,006711409395973154362
174;1036;0,006711409395973154362
174;1064;0,013422818791946308724
174;1167;0,006711409395973154362
174;1173;0,006711409395973154362
174;1186;0,006711409395973154362
174;1187;0,006711409395973154362
174;1282;0,006711409395973154362
174;1303;0,006711409395973154362
174;1321;0,006711409395973154362
174;1424;0,006711409395973154362
174;1445;0,006711409395973154362
174;1453;0,006711409395973154362
174;1455;0,006711409395973154362
174;1560;0,006711409395973154362
174;1561;0,006711409395973154362
174;1562;0,006711409395973154362
174;1563;0,006711409395973154362
174;1564;0,006711409395973154362
174;1565;0,006711409395973154362
174;1566;0,006711409395973154362
174;1567;0,006711409395973154362
174;1608;0,006711409395973154362
174;1609;0,006711409395973154362
174;1610;0,006711409395973154362
174;1629;0,006711409395973154362
174;1632;0,006711409395973154362
174;1686;0,006711409395973154362
174;1689;0,006711409395973154362
174;1691;0,006711409395973154362
174;1692;0,006711409395973154362
174;1693;0,006711409395973154362
174;1694;0,006711409395973154362
174;1697;0,006711409395973154362
174;1698;0,006711409395973154362
174;1699;0,006711409395973154362
174;1700;0,006711409395973154362
174;1702;0,006711409395973154362
174;1703;0,006711409395973154362
174;1705;0,006711409395973154362
174;1706;0,006711409395973154362
174;1708;0,006711409395973154362
174;1709;0,006711409395973154362
174;1763;0,006711409395973154362
174;1766;0,006711409395973154362
174;1769;0,006711409395973154362
174;1883;0,006711409395973154362
174;1887;0,006711409395973154362
174;1906;0,006711409395973154362
174;1910;0,006711409395973154362
174;1940;0,006711409395973154362
174;2008;0,006711409395973154362
174;2196;0,006711409395973154362
174;2254;0,006711409395973154362
174;2470;0,006711409395973154362
174;2506;0,006711409395973154362
174;2607;0,006711409395973154362
174;2799;0,006711409395973154362
174;2825;0,006711409395973154362
174;2826;0,006711409395973154362
174;2828;0,006711409395973154362
174;2890;0,006711409395973154362
174;2968;0,006711409395973154362
174;2976;0,006711409395973154362
174;3049;0,006711409395973154362
174;3323;0,006711409395973154362
174;3364;0,006711409395973154362
174;3418;0,006711409395973154362
174;3647;0,006711409395973154362
174;3648;0,006711409395973154362
174;3768;0,006711409395973154362
174;3823;0,006711409395973154362
174;3971;0,006711409395973154362
174;4245;0,006711409395973154362
174;4386;0,006711409395973154362
174;4518;0,006711409395973154362
174;4526;0,006711409395973154362
174;4697;0,006711409395973154362
174;5478;0,006711409395973154362
174;5601;0,006711409395973154362
174;6072;0,006711409395973154362
174;6144;0,006711409395973154362
174;6634;0,006711409395973154362
174;6940;0,006711409395973154362
174;7146;0,006711409395973154362
174;7168;0,006711409395973154362
174;7874;0,006711409395973154362
174;7994;0,006711409395973154362
174;8580;0,006711409395973154362
174;8590;0,006711409395973154362
174;8899;0,006711409395973154362
174;8902;0,006711409395973154362
174;8957;0,006711409395973154362
174;9215;0,006711409395973154362
174;9261;0,006711409395973154362
174;9694;0,006711409395973154362
174;9955;0,006711409395973154362
174;10093;0,006711409395973154362
174;10176;0,006711409395973154362
174;10177;0,006711409395973154362
174;10178;0,006711409395973154362
174;10179;0,006711409395973154362
174;11476;0,006711409395973154362
174;12372;0,006711409395973154362
174;13195;0,006711409395973154362
174;13270;0,006711409395973154362
174;13291;0,006711409395973154362
174;13360;0,006711409395973154362
174;14653;0,006711409395973154362
174;18517;0,006711409395973154362
174;18525;0,006711409395973154362
174;19176;0,006711409395973154362
174;19177;0,006711409395973154362
174;20915;0,006711409395973154362
174;21396;0,006711409395973154362
174;21502;0,006711409395973154362
174;21750;0,006711409395973154362
174;24209;0,006711409395973154362
174;24536;0,006711409395973154362
174;24810;0,006711409395973154362
174;25861;0,006711409395973154362
174;27708;0,006711409395973154362
174;27715;0,006711409395973154362
174;27731;0,006711409395973154362
174;28434;0,006711409395973154362
174;28457;0,006711409395973154362
174;28463;0,006711409395973154362
174;28467;0,006711409395973154362
174;28777;0,006711409395973154362
174;156500;0,006711409395973154362
174;529797;0,006711409395973154362
179;37;1,000000000000000000000
181;1938;1,000000000000000000000
183;135;0,100000000000000000000
183;530;0,100000000000000000000
183;1278;0,300000000000000000000
183;1286;0,300000000000000000000
183;2374;0,100000000000000000000
183;9226;0,100000000000000000000
184;458;0,250000000000000000000
184;286660;0,500000000000000000000
184;381254;0,250000000000000000000
187;772;1,000000000000000000000
189;1840;1,000000000000000000000
192;2054;0,200000000000000000000
192;3296;0,200000000000000000000
192;5564;0,400000000000000000000
192;10946;0,200000000000000000000
194;11;0,045454545454545454545
194;71;0,090909090909090909090
194;628;0,318181818181818181818
194;700;0,045454545454545454545
194;837;0,136363636363636363636
194;1754;0,090909090909090909090
194;1940;0,090909090909090909090
194;3189;0,045454545454545454545
194;349041;0,136363636363636363636
199;109;0,333333333333333333333
199;1348;0,333333333333333333333
199;3105;0,333333333333333333333
201;3891;1,000000000000000000000
206;9391;1,000000000000000000000
211;5329;0,400000000000000000000
211;7748;0,600000000000000000000
213;1637;0,250000000000000000000
213;2712;0,500000000000000000000
213;75828;0,250000000000000000000
219;324;0,058823529411764705882
219;2436;0,058823529411764705882
219;2516;0,117647058823529411764
219;2518;0,588235294117647058823
219;3443;0,058823529411764705882
219;3515;0,117647058823529411764
226;3429;1,000000000000000000000
228;6250;0,250000000000000000000
228;14323;0,500000000000000000000
228;247698;0,250000000000000000000
232;1454;0,500000000000000000000
232;3315;0,250000000000000000000
232;27693;0,250000000000000000000
241;274;0,045454545454545454545
241;284;0,045454545454545454545
241;1547;0,045454545454545454545
241;1814;0,045454545454545454545
241;2510;0,090909090909090909090
241;2515;0,090909090909090909090
241;3045;0,045454545454545454545
241;3234;0,045454545454545454545
241;3753;0,136363636363636363636
241;5223;0,045454545454545454545
241;5578;0,136363636363636363636
241;6007;0,045454545454545454545
241;6008;0,090909090909090909090
241;6347;0,045454545454545454545
241;21697;0,045454545454545454545
242;841;0,250000000000000000000
242;2736;0,500000000000000000000
242;7747;0,250000000000000000000
244;990;0,166666666666666666666
244;1355;0,166666666666666666666
244;2865;0,166666666666666666666
244;3292;0,166666666666666666666
244;4089;0,166666666666666666666
244;6353;0,166666666666666666666
247;1779;1,000000000000000000000
249;237;0,066666666666666666666
249;283;0,066666666666666666666
249;472;0,066666666666666666666
249;891;0,066666666666666666666
249;1141;0,066666666666666666666
249;2145;0,066666666666666666666
249;3045;0,333333333333333333333
249;3095;0,066666666666666666666
249;4313;0,066666666666666666666
249;245879;0,133333333333333333333
253;4179;1,000000000000000000000
256;109;1,000000000000000000000
261;237;0,333333333333333333333
261;1141;0,666666666666666666666
263;131;1,000000000000000000000
266;520;0,111111111111111111111
266;527;0,111111111111111111111
266;585;0,111111111111111111111
266;1080;0,222222222222222222222
266;3944;0,111111111111111111111
266;8648;0,333333333333333333333
268;3045;1,000000000000000000000
269;1149;1,000000000000000000000
273;3877;1,000000000000000000000
276;135;0,200000000000000000000
276;352;0,100000000000000000000
276;695;0,400000000000000000000
276;4020;0,100000000000000000000
276;4530;0,100000000000000000000
276;131383;0,100000000000000000000
279;2291;0,333333333333333333333
279;2714;0,333333333333333333333
279;7116;0,333333333333333333333
282;731;0,800000000000000000000
282;15471;0,200000000000000000000
283;11;0,333333333333333333333
283;4376;0,333333333333333333333
283;8630;0,333333333333333333333
284;1520;0,333333333333333333333
284;2379;0,333333333333333333333
284;3383;0,333333333333333333333
288;1030;0,166666666666666666666
288;1434;0,166666666666666666666
288;2678;0,166666666666666666666
288;4100;0,333333333333333333333
288;8348;0,166666666666666666666
289;1629;1,000000000000000000000
291;13;1,000000000000000000000
292;1940;0,500000000000000000000
292;2834;0,500000000000000000000
293;277;0,142857142857142857142
293;671;0,428571428571428571428
293;5617;0,285714285714285714285
293;17611;0,142857142857142857142
295;2744;1,000000000000000000000
296;7968;1,000000000000000000000
297;468;0,500000000000000000000
297;2569;0,500000000000000000000
306;1307;0,125000000000000000000
306;1402;0,125000000000000000000
306;1840;0,375000000000000000000
306;3911;0,125000000000000000000
306;6788;0,250000000000000000000
309;1948;1,000000000000000000000
310;1799;0,500000000000000000000
310;2851;0,500000000000000000000
313;1064;1,000000000000000000000
320;2206;0,050000000000000000000
320;2792;0,150000000000000000000
320;5415;0,200000000000000000000
320;7209;0,600000000000000000000
324;668;0,200000000000000000000
324;1893;0,400000000000000000000
324;2518;0,200000000000000000000
324;4173;0,200000000000000000000
332;135;0,117647058823529411764
332;452;0,352941176470588235294
332;1116;0,117647058823529411764
332;1130;0,058823529411764705882
332;5071;0,176470588235294117647
332;7577;0,176470588235294117647
334;36;0,111111111111111111111
334;447;0,333333333333333333333
334;1963;0,111111111111111111111
334;1986;0,333333333333333333333
334;2512;0,111111111111111111111
337;396;0,200000000000000000000
337;410;0,600000000000000000000
337;1727;0,200000000000000000000
341;742;1,000000000000000000000
349;434991;1,000000000000000000000
352;356;0,500000000000000000000
352;1678;0,500000000000000000000
354;276;0,166666666666666666666
354;527;0,166666666666666666666
354;59745;0,500000000000000000000
354;98841;0,166666666666666666666
356;352;0,100000000000000000000
356;404;0,100000000000000000000
356;2561;0,200000000000000000000
356;5107;0,100000000000000000000
356;10306;0,400000000000000000000
356;20664;0,100000000000000000000
371;3340;1,000000000000000000000
373;2823;1,000000000000000000000
375;346;1,000000000000000000000
379;380;0,333333333333333333333
379;1620;0,333333333333333333333
379;2547;0,333333333333333333333
380;196;0,111111111111111111111
380;641;0,111111111111111111111
380;1769;0,222222222222222222222
380;1963;0,333333333333333333333
380;3557;0,111111111111111111111
380;8602;0,111111111111111111111
385;1290;0,500000000000000000000
385;1314;0,500000000000000000000
388;375;0,028571428571428571428
388;389;0,028571428571428571428
388;390;0,028571428571428571428
388;391;0,028571428571428571428
388;392;0,028571428571428571428
388;393;0,028571428571428571428
388;394;0,028571428571428571428
388;395;0,028571428571428571428
388;396;0,042857142857142857142
388;397;0,028571428571428571428
388;398;0,028571428571428571428
388;399;0,028571428571428571428
388;400;0,028571428571428571428
388;401;0,028571428571428571428
388;402;0,042857142857142857142
388;403;0,028571428571428571428
388;404;0,014285714285714285714
388;405;0,028571428571428571428
388;406;0,028571428571428571428
388;407;0,028571428571428571428
388;408;0,028571428571428571428
388;409;0,028571428571428571428
388;410;0,028571428571428571428
388;411;0,028571428571428571428
388;412;0,028571428571428571428
388;413;0,028571428571428571428
388;414;0,028571428571428571428
388;415;0,028571428571428571428
388;416;0,028571428571428571428
388;417;0,028571428571428571428
388;418;0,028571428571428571428
388;419;0,028571428571428571428
388;2694;0,028571428571428571428
388;8641;0,014285714285714285714
388;11235;0,028571428571428571428
391;6151;0,285714285714285714285
391;6262;0,428571428571428571428
391;12356;0,285714285714285714285
392;120;1,000000000000000000000
396;120;0,062500000000000000000
396;392;0,062500000000000000000
396;410;0,062500000000000000000
396;419;0,062500000000000000000
396;502;0,062500000000000000000
396;891;0,062500000000000000000
396;945;0,187500000000000000000
396;2140;0,125000000000000000000
396;3513;0,062500000000000000000
396;4206;0,125000000000000000000
396;151929;0,125000000000000000000
400;389;0,500000000000000000000
400;12563;0,500000000000000000000
405;138;1,000000000000000000000
407;184;0,062500000000000000000
407;404;0,125000000000000000000
407;458;0,125000000000000000000
407;1139;0,062500000000000000000
407;2585;0,125000000000000000000
407;2630;0,125000000000000000000
407;3779;0,125000000000000000000
407;5626;0,125000000000000000000
407;7574;0,062500000000000000000
407;306994;0,062500000000000000000
408;519;1,000000000000000000000
410;337;0,375000000000000000000
410;396;0,125000000000000000000
410;2140;0,125000000000000000000
410;6000;0,125000000000000000000
410;8566;0,125000000000000000000
410;13187;0,125000000000000000000
411;1069;0,066666666666666666666
411;1137;0,066666666666666666666
411;1397;0,133333333333333333333
411;1447;0,066666666666666666666
411;1728;0,066666666666666666666
411;1729;0,133333333333333333333
411;1762;0,066666666666666666666
411;2961;0,066666666666666666666
411;3214;0,066666666666666666666
411;3449;0,066666666666666666666
411;5168;0,066666666666666666666
411;15682;0,066666666666666666666
411;28338;0,066666666666666666666
412;7906;0,500000000000000000000
412;28349;0,500000000000000000000
413;3532;1,000000000000000000000
415;2822;1,000000000000000000000
419;135;0,500000000000000000000
419;388;0,500000000000000000000
420;42;0,057142857142857142857
420;131;0,014285714285714285714
420;600;0,014285714285714285714
420;747;0,014285714285714285714
420;1988;0,014285714285714285714
420;2375;0,200000000000000000000
420;2450;0,014285714285714285714
420;3245;0,200000000000000000000
420;12775;0,057142857142857142857
420;17720;0,200000000000000000000
420;276695;0,200000000000000000000
420;398787;0,014285714285714285714
423;352;0,044117647058823529411
423;354;0,044117647058823529411
423;424;0,014705882352941176470
423;425;0,044117647058823529411
423;426;0,044117647058823529411
423;441;0,044117647058823529411
423;442;0,044117647058823529411
423;443;0,029411764705882352941
423;444;0,044117647058823529411
423;632;0,044117647058823529411
423;849;0,044117647058823529411
423;1117;0,014705882352941176470
423;1315;0,029411764705882352941
423;2500;0,044117647058823529411
423;2555;0,029411764705882352941
423;2561;0,044117647058823529411
423;3394;0,044117647058823529411
423;3876;0,014705882352941176470
423;4510;0,029411764705882352941
423;5611;0,044117647058823529411
423;12390;0,029411764705882352941
423;12418;0,044117647058823529411
423;13335;0,044117647058823529411
423;13482;0,044117647058823529411
423;29085;0,014705882352941176470
423;48826;0,044117647058823529411
423;511019;0,044117647058823529411
428;1092;0,571428571428571428571
428;3222;0,142857142857142857142
428;4345;0,142857142857142857142
428;6349;0,142857142857142857142
433;1695;0,250000000000000000000
433;8899;0,250000000000000000000
433;9171;0,250000000000000000000
433;12372;0,250000000000000000000
441;849;0,111111111111111111111
441;2364;0,111111111111111111111
441;3395;0,111111111111111111111
441;4344;0,222222222222222222222
441;5077;0,111111111111111111111
441;7135;0,333333333333333333333
442;1574;0,285714285714285714285
442;2561;0,142857142857142857142
442;12817;0,142857142857142857142
442;184646;0,428571428571428571428
443;423;0,333333333333333333333
443;424;0,333333333333333333333
443;29085;0,333333333333333333333
444;1024;1,000000000000000000000
453;326;0,166666666666666666666
453;839;0,333333333333333333333
453;979;0,166666666666666666666
453;1717;0,166666666666666666666
453;1991;0,166666666666666666666
469;468;1,000000000000000000000
472;249;0,142857142857142857142
472;628;0,142857142857142857142
472;984;0,142857142857142857142
472;1981;0,142857142857142857142
472;2293;0,142857142857142857142
472;3503;0,142857142857142857142
472;4313;0,142857142857142857142
479;240;0,083333333333333333333
479;706;0,083333333333333333333
479;1171;0,166666666666666666666
479;1314;0,333333333333333333333
479;4379;0,166666666666666666666
479;5013;0,166666666666666666666
484;2647;1,000000000000000000000
485;435;0,076923076923076923076
485;1457;0,230769230769230769230
485;5395;0,076923076923076923076
485;7774;0,076923076923076923076
485;8749;0,076923076923076923076
485;12706;0,076923076923076923076
485;256804;0,384615384615384615384
490;18080;1,000000000000000000000
496;497;0,333333333333333333333
496;1101;0,666666666666666666666
497;496;0,115384615384615384615
497;622;0,038461538461538461538
497;766;0,115384615384615384615
497;815;0,076923076923076923076
497;841;0,038461538461538461538
497;1101;0,076923076923076923076
497;2037;0,153846153846153846153
497;2503;0,038461538461538461538
497;4500;0,038461538461538461538
497;6548;0,038461538461538461538
497;7759;0,076923076923076923076
497;8623;0,038461538461538461538
497;9399;0,038461538461538461538
497;9437;0,115384615384615384615
498;12;0,026315789473684210526
498;13;0,026315789473684210526
498;50;0,026315789473684210526
498;74;0,026315789473684210526
498;138;0,026315789473684210526
498;404;0,026315789473684210526
498;454;0,026315789473684210526
498;737;0,026315789473684210526
498;1033;0,026315789473684210526
498;1118;0,026315789473684210526
498;1313;0,052631578947368421052
498;1402;0,026315789473684210526
498;1482;0,026315789473684210526
498;1634;0,026315789473684210526
498;2414;0,026315789473684210526
498;2961;0,026315789473684210526
498;3197;0,026315789473684210526
498;3446;0,026315789473684210526
498;3449;0,052631578947368421052
498;3763;0,026315789473684210526
498;3876;0,026315789473684210526
498;3877;0,026315789473684210526
498;4463;0,026315789473684210526
498;4486;0,026315789473684210526
498;5438;0,026315789473684210526
498;5557;0,026315789473684210526
498;5638;0,026315789473684210526
498;7183;0,026315789473684210526
498;8163;0,026315789473684210526
498;8909;0,026315789473684210526
498;9066;0,026315789473684210526
498;12670;0,026315789473684210526
498;15906;0,026315789473684210526
498;16880;0,026315789473684210526
498;18622;0,026315789473684210526
498;27848;0,026315789473684210526
502;80;0,054054054054054054054
502;396;0,027027027027027027027
502;530;0,027027027027027027027
502;531;0,027027027027027027027
502;876;0,027027027027027027027
502;1116;0,027027027027027027027
502;1131;0,135135135135135135135
502;1248;0,135135135135135135135
502;3443;0,081081081081081081081
502;3515;0,081081081081081081081
502;3625;0,270270270270270270270
502;18885;0,054054054054054054054
502;321395;0,054054054054054054054
504;8223;1,000000000000000000000
510;12805;1,000000000000000000000
512;621;0,500000000000000000000
512;938;0,500000000000000000000
520;240;0,028571428571428571428
520;521;0,057142857142857142857
520;522;0,057142857142857142857
520;523;0,057142857142857142857
520;524;0,057142857142857142857
520;525;0,142857142857142857142
520;526;0,057142857142857142857
520;527;0,200000000000000000000
520;528;0,057142857142857142857
520;529;0,057142857142857142857
520;877;0,028571428571428571428
520;1182;0,028571428571428571428
520;1314;0,028571428571428571428
520;4225;0,028571428571428571428
520;4379;0,028571428571428571428
520;4998;0,028571428571428571428
520;7578;0,028571428571428571428
520;113459;0,028571428571428571428
521;527;0,333333333333333333333
521;528;0,333333333333333333333
521;4237;0,333333333333333333333
522;39;0,500000000000000000000
522;106444;0,500000000000000000000
523;1293;1,000000000000000000000
524;526;0,142857142857142857142
524;527;0,142857142857142857142
524;2683;0,142857142857142857142
524;2779;0,428571428571428571428
524;7939;0,142857142857142857142
526;524;0,166666666666666666666
526;527;0,166666666666666666666
526;995;0,333333333333333333333
526;8633;0,166666666666666666666
526;529797;0,166666666666666666666
527;520;1,000000000000000000000
538;4278;1,000000000000000000000
540;615;1,000000000000000000000
543;855;0,200000000000000000000
543;886;0,200000000000000000000
543;2851;0,600000000000000000000
545;405;0,333333333333333333333
545;8348;0,666666666666666666666
547;761;0,500000000000000000000
547;5350;0,500000000000000000000
550;132;0,318181818181818181818
550;596;0,045454545454545454545
550;658;0,045454545454545454545
550;1319;0,045454545454545454545
550;2882;0,045454545454545454545
550;3105;0,045454545454545454545
550;3230;0,090909090909090909090
550;256804;0,363636363636363636363
567;1897;1,000000000000000000000
571;1124;0,166666666666666666666
571;1897;0,166666666666666666666
571;3877;0,333333333333333333333
571;78108;0,333333333333333333333
573;294;1,000000000000000000000
576;3458;0,571428571428571428571
576;7653;0,285714285714285714285
576;13796;0,142857142857142857142
585;2600;1,000000000000000000000
588;952;0,333333333333333333333
588;3340;0,333333333333333333333
588;3345;0,333333333333333333333
594;1780;1,000000000000000000000
600;113;0,111111111111111111111
600;1079;0,222222222222222222222
600;3007;0,111111111111111111111
600;3289;0,111111111111111111111
600;4890;0,111111111111111111111
600;5107;0,111111111111111111111
600;9702;0,111111111111111111111
600;21490;0,111111111111111111111
602;13;0,333333333333333333333
602;311;0,333333333333333333333
602;899;0,333333333333333333333
608;38;0,166666666666666666666
608;189;0,166666666666666666666
608;609;0,166666666666666666666
608;2433;0,166666666666666666666
608;4372;0,166666666666666666666
608;13899;0,166666666666666666666
611;2434;1,000000000000000000000
612;39;0,400000000000000000000
612;5856;0,200000000000000000000
612;389498;0,400000000000000000000
613;454;0,250000000000000000000
613;2008;0,250000000000000000000
613;2184;0,250000000000000000000
613;4108;0,250000000000000000000
615;85;0,003773584905660377358
615;96;0,022641509433962264150
615;122;0,003773584905660377358
615;210;0,003773584905660377358
615;237;0,003773584905660377358
615;247;0,003773584905660377358
615;248;0,011320754716981132075
615;249;0,003773584905660377358
615;250;0,011320754716981132075
615;251;0,011320754716981132075
615;253;0,007547169811320754716
615;268;0,007547169811320754716
615;285;0,011320754716981132075
615;540;0,011320754716981132075
615;626;0,007547169811320754716
615;724;0,007547169811320754716
615;749;0,003773584905660377358
615;781;0,011320754716981132075
615;941;0,007547169811320754716
615;980;0,007547169811320754716
615;984;0,007547169811320754716
615;1048;0,007547169811320754716
615;1142;0,003773584905660377358
615;1153;0,007547169811320754716
615;1154;0,003773584905660377358
615;1160;0,007547169811320754716
615;1310;0,007547169811320754716
615;1523;0,003773584905660377358
615;1526;0,007547169811320754716
615;1639;0,003773584905660377358
615;1868;0,007547169811320754716
615;1873;0,007547169811320754716
615;1889;0,007547169811320754716
615;1988;0,003773584905660377358
615;2136;0,007547169811320754716
615;2139;0,011320754716981132075
615;2252;0,011320754716981132075
615;2293;0,003773584905660377358
615;2330;0,007547169811320754716
615;2398;0,011320754716981132075
615;2461;0,007547169811320754716
615;2515;0,011320754716981132075
615;3045;0,011320754716981132075
615;3245;0,007547169811320754716
615;3332;0,007547169811320754716
615;3485;0,011320754716981132075
615;3503;0,007547169811320754716
615;3633;0,007547169811320754716
615;3753;0,007547169811320754716
615;3857;0,007547169811320754716
615;3866;0,011320754716981132075
615;3867;0,011320754716981132075
615;3870;0,011320754716981132075
615;3871;0,011320754716981132075
615;3872;0,011320754716981132075
615;3873;0,011320754716981132075
615;4018;0,007547169811320754716
615;4323;0,007547169811320754716
615;4513;0,007547169811320754716
615;4598;0,007547169811320754716
615;4713;0,007547169811320754716
615;4722;0,007547169811320754716
615;5042;0,003773584905660377358
615;5142;0,007547169811320754716
615;5174;0,007547169811320754716
615;5289;0,007547169811320754716
615;5304;0,007547169811320754716
615;5383;0,007547169811320754716
615;5500;0,007547169811320754716
615;5578;0,007547169811320754716
615;5824;0,007547169811320754716
615;5861;0,007547169811320754716
615;6444;0,007547169811320754716
615;6535;0,007547169811320754716
615;6666;0,007547169811320754716
615;6746;0,007547169811320754716
615;6781;0,007547169811320754716
615;6979;0,007547169811320754716
615;6980;0,007547169811320754716
615;6981;0,007547169811320754716
615;7142;0,007547169811320754716
615;7862;0,007547169811320754716
615;8949;0,007547169811320754716
615;9657;0,007547169811320754716
615;9691;0,007547169811320754716
615;9805;0,007547169811320754716
615;10823;0,007547169811320754716
615;11690;0,007547169811320754716
615;12712;0,011320754716981132075
615;12775;0,007547169811320754716
615;12876;0,007547169811320754716
615;12880;0,007547169811320754716
615;14013;0,003773584905660377358
615;16974;0,007547169811320754716
615;17720;0,007547169811320754716
615;23419;0,007547169811320754716
615;24370;0,007547169811320754716
615;24371;0,007547169811320754716
615;27588;0,007547169811320754716
615;27620;0,007547169811320754716
615;28405;0,007547169811320754716
615;28914;0,007547169811320754716
615;28993;0,007547169811320754716
615;34696;0,007547169811320754716
615;67275;0,007547169811320754716
615;137801;0,007547169811320754716
615;144425;0,015094339622641509433
615;146155;0,007547169811320754716
615;152076;0,007547169811320754716
615;216172;0,011320754716981132075
615;219132;0,007547169811320754716
615;229072;0,007547169811320754716
615;251573;0,007547169811320754716
615;253384;0,007547169811320754716
615;255463;0,007547169811320754716
615;276695;0,007547169811320754716
615;278190;0,007547169811320754716
615;278351;0,007547169811320754716
615;281067;0,007547169811320754716
615;281170;0,007547169811320754716
615;283634;0,007547169811320754716
615;283638;0,007547169811320754716
615;283639;0,007547169811320754716
615;284426;0,007547169811320754716
615;321112;0,007547169811320754716
615;355336;0,007547169811320754716
615;377026;0,007547169811320754716
621;763;0,500000000000000000000
621;1237;0,500000000000000000000
622;77;0,043478260869565217391
622;497;0,043478260869565217391
622;938;0,043478260869565217391
622;1335;0,043478260869565217391
622;1401;0,086956521739130434782
622;2146;0,043478260869565217391
622;2147;0,173913043478260869565
622;3085;0,043478260869565217391
622;3269;0,086956521739130434782
622;4765;0,086956521739130434782
622;5444;0,086956521739130434782
622;6316;0,086956521739130434782
622;9433;0,043478260869565217391
622;9437;0,043478260869565217391
622;27286;0,043478260869565217391
625;96;0,166666666666666666666
625;122;0,666666666666666666666
625;2741;0,166666666666666666666
628;194;0,090909090909090909090
628;472;0,090909090909090909090
628;695;0,045454545454545454545
628;1276;0,045454545454545454545
628;1696;0,136363636363636363636
628;1754;0,045454545454545454545
628;1940;0,136363636363636363636
628;3176;0,045454545454545454545
628;5338;0,045454545454545454545
628;59745;0,136363636363636363636
628;184987;0,045454545454545454545
628;349041;0,136363636363636363636
632;441;0,300000000000000000000
632;2547;0,300000000000000000000
632;116140;0,400000000000000000000
638;1135;0,666666666666666666666
638;6930;0,333333333333333333333
644;1657;0,100000000000000000000
644;2736;0,100000000000000000000
644;2802;0,100000000000000000000
644;3098;0,100000000000000000000
644;3996;0,100000000000000000000
644;4160;0,100000000000000000000
644;5306;0,100000000000000000000
644;6496;0,100000000000000000000
644;6497;0,100000000000000000000
644;6509;0,100000000000000000000
645;2479;1,000000000000000000000
648;4629;1,000000000000000000000
652;3164;0,333333333333333333333
652;4377;0,666666666666666666666
660;568;0,333333333333333333333
660;891;0,333333333333333333333
660;2512;0,333333333333333333333
668;80;0,200000000000000000000
668;219;0,050000000000000000000
668;324;0,050000000000000000000
668;452;0,050000000000000000000
668;530;0,050000000000000000000
668;876;0,250000000000000000000
668;1129;0,100000000000000000000
668;1893;0,050000000000000000000
668;2516;0,050000000000000000000
668;2518;0,050000000000000000000
668;507180;0,100000000000000000000
669;119;0,111111111111111111111
669;2659;0,111111111111111111111
669;3087;0,111111111111111111111
669;48862;0,666666666666666666666
671;293;0,666666666666666666666
671;5617;0,333333333333333333333
678;992;0,050000000000000000000
678;1448;0,200000000000000000000
678;1889;0,300000000000000000000
678;2661;0,150000000000000000000
678;7160;0,100000000000000000000
678;10595;0,100000000000000000000
678;219132;0,100000000000000000000
682;352;0,333333333333333333333
682;4530;0,333333333333333333333
682;6773;0,166666666666666666666
682;7941;0,166666666666666666666
689;1945;1,000000000000000000000
694;293;1,000000000000000000000
695;71;0,375000000000000000000
695;100;0,125000000000000000000
695;475;0,125000000000000000000
695;1940;0,125000000000000000000
695;4512;0,125000000000000000000
695;78108;0,125000000000000000000
698;802;0,111111111111111111111
698;1814;0,222222222222222222222
698;2087;0,111111111111111111111
698;2472;0,333333333333333333333
698;3392;0,111111111111111111111
698;6440;0,111111111111111111111
712;1676;1,000000000000000000000
713;2585;0,666666666666666666666
713;5626;0,333333333333333333333
731;275;0,047619047619047619047
731;282;0,333333333333333333333
731;3095;0,047619047619047619047
731;3161;0,047619047619047619047
731;15471;0,476190476190476190476
731;173893;0,047619047619047619047
733;918;0,027777777777777777777
733;980;0,027777777777777777777
733;984;0,027777777777777777777
733;1301;0,027777777777777777777
733;1329;0,027777777777777777777
733;1681;0,027777777777777777777
733;1802;0,027777777777777777777
733;2152;0,027777777777777777777
733;2912;0,027777777777777777777
733;2913;0,027777777777777777777
733;2914;0,027777777777777777777
733;2916;0,027777777777777777777
733;2919;0,027777777777777777777
733;2920;0,027777777777777777777
733;2924;0,027777777777777777777
733;2925;0,027777777777777777777
733;2927;0,027777777777777777777
733;2929;0,027777777777777777777
733;2931;0,027777777777777777777
733;2932;0,027777777777777777777
733;2933;0,027777777777777777777
733;2935;0,027777777777777777777
733;2938;0,027777777777777777777
733;2939;0,027777777777777777777
733;2940;0,027777777777777777777
733;2941;0,027777777777777777777
733;2942;0,027777777777777777777
733;2943;0,027777777777777777777
733;2948;0,111111111111111111111
733;2950;0,027777777777777777777
733;3145;0,027777777777777777777
733;9230;0,027777777777777777777
733;49722;0,027777777777777777777
740;1175;0,250000000000000000000
740;5610;0,250000000000000000000
740;23228;0,250000000000000000000
740;28030;0,250000000000000000000
744;425;0,100000000000000000000
744;845;0,500000000000000000000
744;846;0,100000000000000000000
744;1437;0,100000000000000000000
744;192866;0,100000000000000000000
744;193005;0,100000000000000000000
747;213;0,111111111111111111111
747;420;0,111111111111111111111
747;1637;0,222222222222222222222
747;76428;0,222222222222222222222
747;99942;0,222222222222222222222
747;325646;0,111111111111111111111
748;1192;0,500000000000000000000
748;38738;0,500000000000000000000
749;742;0,166666666666666666666
749;1939;0,333333333333333333333
749;2112;0,166666666666666666666
749;3017;0,166666666666666666666
749;8165;0,166666666666666666666
750;3877;1,000000000000000000000
752;1632;0,500000000000000000000
752;2607;0,500000000000000000000
761;547;0,200000000000000000000
761;1180;0,600000000000000000000
761;8468;0,200000000000000000000
763;621;0,250000000000000000000
763;1237;0,500000000000000000000
763;1277;0,125000000000000000000
763;21154;0,125000000000000000000
766;242;0,200000000000000000000
766;497;0,200000000000000000000
766;1101;0,400000000000000000000
766;2586;0,200000000000000000000
771;3871;1,000000000000000000000
772;187;0,333333333333333333333
772;25849;0,666666666666666666666
774;3829;1,000000000000000000000
777;839;0,750000000000000000000
777;1991;0,250000000000000000000
778;349;0,500000000000000000000
778;7095;0,500000000000000000000
784;3294;1,000000000000000000000
787;4713;1,000000000000000000000
815;497;0,333333333333333333333
815;1780;0,500000000000000000000
815;9389;0,166666666666666666666
817;351;1,000000000000000000000
819;281;0,166666666666666666666
819;452;0,333333333333333333333
819;531;0,166666666666666666666
819;754;0,166666666666666666666
819;933;0,166666666666666666666
822;172;1,000000000000000000000
829;1169;0,333333333333333333333
829;84925;0,333333333333333333333
829;474028;0,333333333333333333333
835;1152;0,200000000000000000000
835;2803;0,200000000000000000000
835;3141;0,200000000000000000000
835;4853;0,200000000000000000000
835;140271;0,200000000000000000000
837;194;0,200000000000000000000
837;700;0,200000000000000000000
837;975;0,200000000000000000000
837;6721;0,200000000000000000000
837;59745;0,200000000000000000000
839;104;0,166666666666666666666
839;172;0,083333333333333333333
839;360;0,083333333333333333333
839;384;0,083333333333333333333
839;777;0,250000000000000000000
839;1598;0,166666666666666666666
839;9371;0,083333333333333333333
839;29002;0,083333333333333333333
841;1667;0,333333333333333333333
841;5632;0,666666666666666666666
844;23;0,040000000000000000000
844;360;0,160000000000000000000
844;1719;0,200000000000000000000
844;2015;0,160000000000000000000
844;3508;0,160000000000000000000
844;3567;0,080000000000000000000
844;3891;0,040000000000000000000
844;9338;0,120000000000000000000
844;13178;0,040000000000000000000
845;277;0,029411764705882352941
845;744;0,176470588235294117647
845;846;0,117647058823529411764
845;982;0,058823529411764705882
845;1041;0,058823529411764705882
845;1235;0,029411764705882352941
845;1437;0,058823529411764705882
845;1724;0,088235294117647058823
845;2510;0,029411764705882352941
845;3393;0,117647058823529411764
845;6250;0,029411764705882352941
845;59841;0,058823529411764705882
845;131383;0,058823529411764705882
845;192866;0,058823529411764705882
845;398787;0,029411764705882352941
846;71;0,015625000000000000000
846;131;0,015625000000000000000
846;174;0,015625000000000000000
846;263;0,015625000000000000000
846;277;0,015625000000000000000
846;643;0,015625000000000000000
846;744;0,093750000000000000000
846;845;0,187500000000000000000
846;904;0,015625000000000000000
846;1041;0,015625000000000000000
846;1263;0,015625000000000000000
846;1437;0,140625000000000000000
846;1724;0,015625000000000000000
846;2731;0,031250000000000000000
846;2786;0,031250000000000000000
846;2834;0,062500000000000000000
846;2863;0,015625000000000000000
846;3105;0,015625000000000000000
846;4777;0,031250000000000000000
846;15302;0,015625000000000000000
846;59841;0,078125000000000000000
846;192866;0,125000000000000000000
846;398787;0,015625000000000000000
851;59745;1,000000000000000000000
853;770;0,083333333333333333333
853;990;0,083333333333333333333
853;1096;0,083333333333333333333
853;1239;0,083333333333333333333
853;2744;0,083333333333333333333
853;12745;0,083333333333333333333
853;12762;0,083333333333333333333
853;12964;0,083333333333333333333
853;18641;0,083333333333333333333
853;307900;0,083333333333333333333
853;394755;0,083333333333333333333
853;409549;0,083333333333333333333
854;28528;1,000000000000000000000
860;168;0,250000000000000000000
860;1988;0,250000000000000000000
860;2293;0,500000000000000000000
861;226;0,125000000000000000000
861;1448;0,125000000000000000000
861;1570;0,125000000000000000000
861;3045;0,500000000000000000000
861;4020;0,125000000000000000000
863;9367;1,000000000000000000000
865;17611;1,000000000000000000000
873;241;0,250000000000000000000
873;1448;0,125000000000000000000
873;2379;0,250000000000000000000
873;3234;0,250000000000000000000
873;3838;0,125000000000000000000
877;520;0,166666666666666666666
877;878;0,166666666666666666666
877;887;0,166666666666666666666
877;1234;0,166666666666666666666
877;2111;0,166666666666666666666
877;2214;0,166666666666666666666
883;887;0,333333333333333333333
883;5513;0,333333333333333333333
883;9434;0,333333333333333333333
885;2198;0,250000000000000000000
885;3096;0,250000000000000000000
885;3235;0,250000000000000000000
885;5061;0,250000000000000000000
886;543;0,250000000000000000000
886;1923;0,250000000000000000000
886;5061;0,500000000000000000000
887;877;0,142857142857142857142
887;878;0,071428571428571428571
887;883;0,071428571428571428571
887;1044;0,071428571428571428571
887;2214;0,071428571428571428571
887;3403;0,071428571428571428571
887;4765;0,071428571428571428571
887;5459;0,071428571428571428571
887;6624;0,071428571428571428571
887;7780;0,071428571428571428571
887;9434;0,071428571428571428571
887;10740;0,071428571428571428571
887;12798;0,071428571428571428571
899;490;0,200000000000000000000
899;602;0,400000000000000000000
899;59867;0,400000000000000000000
904;277;0,250000000000000000000
904;407;0,250000000000000000000
904;410;0,500000000000000000000
911;4262;1,000000000000000000000
912;2139;0,400000000000000000000
912;2252;0,200000000000000000000
912;10020;0,400000000000000000000
925;35;0,021276595744680851063
925;486;0,021276595744680851063
925;626;0,021276595744680851063
925;1018;0,021276595744680851063
925;1327;0,021276595744680851063
925;1639;0,021276595744680851063
925;1831;0,021276595744680851063
925;1845;0,021276595744680851063
925;1883;0,021276595744680851063
925;2052;0,021276595744680851063
925;2520;0,021276595744680851063
925;2706;0,021276595744680851063
925;2830;0,021276595744680851063
925;3019;0,021276595744680851063
925;3083;0,021276595744680851063
925;3610;0,021276595744680851063
925;3738;0,021276595744680851063
925;3798;0,021276595744680851063
925;4345;0,021276595744680851063
925;4667;0,021276595744680851063
925;4954;0,021276595744680851063
925;5012;0,021276595744680851063
925;5174;0,021276595744680851063
925;5329;0,021276595744680851063
925;5438;0,021276595744680851063
925;5444;0,021276595744680851063
925;6006;0,021276595744680851063
925;6495;0,021276595744680851063
925;6624;0,021276595744680851063
925;6733;0,021276595744680851063
925;7546;0,021276595744680851063
925;7585;0,021276595744680851063
925;7699;0,021276595744680851063
925;9309;0,021276595744680851063
925;9381;0,021276595744680851063
925;9410;0,021276595744680851063
925;9414;0,021276595744680851063
925;9418;0,021276595744680851063
925;11014;0,021276595744680851063
925;11263;0,021276595744680851063
925;29068;0,021276595744680851063
925;37815;0,021276595744680851063
925;152076;0,021276595744680851063
925;159132;0,021276595744680851063
925;276505;0,021276595744680851063
925;284853;0,021276595744680851063
925;327860;0,021276595744680851063
930;1517;1,000000000000000000000
933;452;0,500000000000000000000
933;1130;0,500000000000000000000
937;104;0,142857142857142857142
937;222;0,142857142857142857142
937;777;0,285714285714285714285
937;2291;0,071428571428571428571
937;3608;0,071428571428571428571
937;4471;0,071428571428571428571
937;4472;0,214285714285714285714
938;13545;1,000000000000000000000
941;2421;1,000000000000000000000
945;411;0,166666666666666666666
945;419;0,333333333333333333333
945;2569;0,166666666666666666666
945;3465;0,166666666666666666666
945;8229;0,166666666666666666666
956;522;0,333333333333333333333
956;1253;0,333333333333333333333
956;4681;0,333333333333333333333
965;2147;1,000000000000000000000
970;866;0,285714285714285714285
970;1286;0,285714285714285714285
970;2385;0,142857142857142857142
970;4208;0,142857142857142857142
970;13265;0,142857142857142857142
972;1917;0,166666666666666666666
972;2847;0,166666666666666666666
972;3528;0,166666666666666666666
972;4890;0,166666666666666666666
972;6543;0,333333333333333333333
980;307;0,250000000000000000000
980;992;0,250000000000000000000
980;2111;0,250000000000000000000
980;2515;0,250000000000000000000
983;96;0,400000000000000000000
983;2445;0,200000000000000000000
983;408414;0,100000000000000000000
983;499117;0,300000000000000000000
988;5350;0,666666666666666666666
988;17727;0,333333333333333333333
990;244;0,142857142857142857142
990;1100;0,142857142857142857142
990;2249;0,142857142857142857142
990;3095;0,142857142857142857142
990;3233;0,285714285714285714285
990;4534;0,142857142857142857142
992;678;0,055555555555555555555
992;1889;0,166666666666666666666
992;1931;0,166666666666666666666
992;2661;0,055555555555555555555
992;2684;0,500000000000000000000
992;7160;0,055555555555555555555
995;183;0,125000000000000000000
995;349;0,031250000000000000000
995;351;0,031250000000000000000
995;492;0,031250000000000000000
995;526;0,156250000000000000000
995;681;0,031250000000000000000
995;683;0,031250000000000000000
995;1282;0,031250000000000000000
995;1754;0,468750000000000000000
995;2008;0,062500000000000000000
1010;1018;0,142857142857142857142
1010;1293;0,142857142857142857142
1010;2001;0,428571428571428571428
1010;3675;0,142857142857142857142
1010;3978;0,142857142857142857142
1018;1010;0,333333333333333333333
1018;1293;0,333333333333333333333
1018;2001;0,333333333333333333333
1024;444;0,125000000000000000000
1024;1574;0,125000000000000000000
1024;12418;0,375000000000000000000
1024;13482;0,125000000000000000000
1024;55134;0,250000000000000000000
1030;288;0,300000000000000000000
1030;2371;0,100000000000000000000
1030;2372;0,100000000000000000000
1030;2522;0,100000000000000000000
1030;3978;0,200000000000000000000
1030;10860;0,200000000000000000000
1033;3636;1,000000000000000000000
1034;3246;0,500000000000000000000
1034;5042;0,500000000000000000000
1035;851;1,000000000000000000000
1041;845;0,111111111111111111111
1041;846;0,111111111111111111111
1041;982;0,333333333333333333333
1041;2275;0,111111111111111111111
1041;2287;0,111111111111111111111
1041;193005;0,222222222222222222222
1042;1724;0,500000000000000000000
1042;2275;0,500000000000000000000
1046;567;0,333333333333333333333
1046;1253;0,333333333333333333333
1046;8350;0,333333333333333333333
1058;3188;1,000000000000000000000
1060;3271;1,000000000000000000000
1064;313;0,090909090909090909090
1064;1014;0,090909090909090909090
1064;1186;0,090909090909090909090
1064;1321;0,090909090909090909090
1064;1455;0,090909090909090909090
1064;1563;0,090909090909090909090
1064;1565;0,090909090909090909090
1064;1693;0,090909090909090909090
1064;2470;0,090909090909090909090
1064;3095;0,090909090909090909090
1064;4518;0,090909090909090909090
1066;2147;0,285714285714285714285
1066;2697;0,285714285714285714285
1066;2786;0,285714285714285714285
1066;4146;0,142857142857142857142
1069;411;1,000000000000000000000
1073;8164;1,000000000000000000000
1079;600;1,000000000000000000000
1082;37;0,214285714285714285714
1082;609;0,071428571428571428571
1082;891;0,142857142857142857142
1082;1083;0,285714285714285714285
1082;3212;0,214285714285714285714
1082;4372;0,071428571428571428571
1083;37;0,166666666666666666666
1083;1082;0,750000000000000000000
1083;5148;0,083333333333333333333
1085;1637;1,000000000000000000000
1094;173893;1,000000000000000000000
1100;863;0,222222222222222222222
1100;990;0,111111111111111111111
1100;2865;0,222222222222222222222
1100;4874;0,111111111111111111111
1100;5682;0,111111111111111111111
1100;9846;0,111111111111111111111
1100;14124;0,111111111111111111111
1101;496;0,066666666666666666666
1101;497;0,066666666666666666666
1101;766;0,066666666666666666666
1101;1508;0,066666666666666666666
1101;2037;0,066666666666666666666
1101;2272;0,066666666666666666666
1101;2738;0,066666666666666666666
1101;3296;0,066666666666666666666
1101;3591;0,066666666666666666666
1101;4364;0,066666666666666666666
1101;4500;0,066666666666666666666
1101;5219;0,066666666666666666666
1101;9432;0,066666666666666666666
1101;9442;0,066666666666666666666
1101;10946;0,066666666666666666666
1117;72;0,200000000000000000000
1117;360;0,100000000000000000000
1117;632;0,100000000000000000000
1117;2547;0,300000000000000000000
1117;2972;0,100000000000000000000
1117;8253;0,100000000000000000000
1117;59745;0,100000000000000000000
1118;1943;1,000000000000000000000
1121;285;0,181818181818181818181
1121;1419;0,090909090909090909090
1121;2017;0,090909090909090909090
1121;2064;0,090909090909090909090
1121;2146;0,181818181818181818181
1121;2385;0,090909090909090909090
1121;3736;0,090909090909090909090
1121;9806;0,090909090909090909090
1121;353446;0,090909090909090909090
1127;367121;1,000000000000000000000
1131;502;0,200000000000000000000
1131;876;0,400000000000000000000
1131;3443;0,200000000000000000000
1131;321395;0,200000000000000000000
1135;7;0,666666666666666666666
1135;519;0,333333333333333333333
1141;42;0,083333333333333333333
1141;63;0,041666666666666666666
1141;96;0,208333333333333333333
1141;237;0,083333333333333333333
1141;241;0,041666666666666666666
1141;249;0,041666666666666666666
1141;261;0,041666666666666666666
1141;1156;0,041666666666666666666
1141;1364;0,041666666666666666666
1141;1988;0,041666666666666666666
1141;2145;0,041666666666666666666
1141;2293;0,083333333333333333333
1141;3633;0,041666666666666666666
1141;3753;0,083333333333333333333
1141;5578;0,083333333333333333333
1142;488;0,250000000000000000000
1142;4313;0,500000000000000000000
1142;5223;0,250000000000000000000
1143;71;0,117647058823529411764
1143;644;0,058823529411764705882
1143;645;0,058823529411764705882
1143;1948;0,058823529411764705882
1143;2109;0,058823529411764705882
1143;2739;0,058823529411764705882
1143;3128;0,058823529411764705882
1143;3967;0,058823529411764705882
1143;4160;0,058823529411764705882
1143;4501;0,058823529411764705882
1143;4853;0,058823529411764705882
1143;5338;0,058823529411764705882
1143;6499;0,058823529411764705882
1143;6513;0,058823529411764705882
1143;6514;0,058823529411764705882
1143;9968;0,058823529411764705882
1149;1520;0,181818181818181818181
1149;2661;0,090909090909090909090
1149;3045;0,090909090909090909090
1149;3992;0,090909090909090909090
1149;4613;0,272727272727272727272
1149;5430;0,181818181818181818181
1149;10595;0,090909090909090909090
1150;9110;1,000000000000000000000
1154;1981;0,166666666666666666666
1154;2302;0,500000000000000000000
1154;2741;0,166666666666666666666
1154;4553;0,166666666666666666666
1160;1446;0,250000000000000000000
1160;1513;0,250000000000000000000
1160;2421;0,250000000000000000000
1160;4219;0,250000000000000000000
1164;9831;0,500000000000000000000
1164;10763;0,500000000000000000000
1169;71;0,060000000000000000000
1169;100;0,060000000000000000000
1169;138;0,060000000000000000000
1169;276;0,060000000000000000000
1169;695;0,060000000000000000000
1169;1117;0,020000000000000000000
1169;1939;0,040000000000000000000
1169;1942;0,060000000000000000000
1169;1943;0,060000000000000000000
1169;1944;0,060000000000000000000
1169;1945;0,060000000000000000000
1169;1946;0,060000000000000000000
1169;3523;0,060000000000000000000
1169;4512;0,060000000000000000000
1169;59745;0,100000000000000000000
1169;98841;0,060000000000000000000
1169;131383;0,060000000000000000000
1173;1454;0,142857142857142857142
1173;1707;0,142857142857142857142
1173;7874;0,142857142857142857142
1173;27708;0,142857142857142857142
1173;27719;0,142857142857142857142
1173;28457;0,285714285714285714285
1181;5484;0,500000000000000000000
1181;584314;0,500000000000000000000
1186;1187;1,000000000000000000000
1187;1186;1,000000000000000000000
1190;4692;0,333333333333333333333
1190;6641;0,333333333333333333333
1190;15686;0,333333333333333333333
1192;748;0,500000000000000000000
1192;5534;0,500000000000000000000
1196;54;0,062500000000000000000
1196;1065;0,062500000000000000000
1196;1104;0,062500000000000000000
1196;1111;0,062500000000000000000
1196;1673;0,062500000000000000000
1196;1713;0,062500000000000000000
1196;1854;0,062500000000000000000
1196;2296;0,062500000000000000000
1196;2429;0,062500000000000000000
1196;2657;0,062500000000000000000
1196;3235;0,125000000000000000000
1196;4831;0,062500000000000000000
1196;8225;0,125000000000000000000
1196;83103;0,062500000000000000000
1205;222;0,005102040816326530612
1205;747;0,382653061224489795918
1205;1085;0,005102040816326530612
1205;1154;0,005102040816326530612
1205;1637;0,010204081632653061224
1205;1831;0,005102040816326530612
1205;2591;0,005102040816326530612
1205;5523;0,015306122448979591836
1205;75828;0,005102040816326530612
1205;76428;0,096938775510204081632
1205;81648;0,382653061224489795918
1205;99942;0,081632653061224489795
1206;6250;1,000000000000000000000
1220;2275;0,250000000000000000000
1220;2419;0,500000000000000000000
1220;20307;0,250000000000000000000
1225;3940;1,000000000000000000000
1227;14841;1,000000000000000000000
1228;1457;1,000000000000000000000
1231;89;0,166666666666666666666
1231;2736;0,166666666666666666666
1231;3141;0,250000000000000000000
1231;57838;0,166666666666666666666
1231;333343;0,250000000000000000000
1234;520;0,071428571428571428571
1234;529;0,071428571428571428571
1234;877;0,142857142857142857142
1234;1092;0,142857142857142857142
1234;1196;0,071428571428571428571
1234;1236;0,071428571428571428571
1234;1237;0,071428571428571428571
1234;1277;0,214285714285714285714
1234;2704;0,071428571428571428571
1234;10020;0,071428571428571428571
1235;845;0,157894736842105263157
1235;1234;0,210526315789473684210
1235;1236;0,210526315789473684210
1235;1277;0,263157894736842105263
1235;3393;0,105263157894736842105
1235;21154;0,052631578947368421052
1236;190;0,033333333333333333333
1236;407;0,033333333333333333333
1236;621;0,033333333333333333333
1236;827;0,033333333333333333333
1236;1058;0,033333333333333333333
1236;1234;0,066666666666666666666
1236;1235;0,300000000000000000000
1236;1277;0,066666666666666666666
1236;1326;0,033333333333333333333
1236;2071;0,033333333333333333333
1236;2585;0,033333333333333333333
1236;3188;0,033333333333333333333
1236;3325;0,033333333333333333333
1236;3393;0,066666666666666666666
1236;4086;0,033333333333333333333
1236;5469;0,033333333333333333333
1236;9424;0,033333333333333333333
1236;21154;0,066666666666666666666
1237;763;0,166666666666666666666
1237;1234;0,333333333333333333333
1237;1277;0,333333333333333333333
1237;2792;0,166666666666666666666
1246;1092;1,000000000000000000000
1253;1046;1,000000000000000000000
1254;5617;0,200000000000000000000
1254;14151;0,200000000000000000000
1254;119973;0,400000000000000000000
1254;179346;0,200000000000000000000
1265;5395;1,000000000000000000000
1267;10941;1,000000000000000000000
1271;1235;1,000000000000000000000
1276;71;0,333333333333333333333
1276;4024;0,666666666666666666666
1277;135;0,037037037037037037037
1277;763;0,111111111111111111111
1277;1234;0,259259259259259259259
1277;1235;0,148148148148148148148
1277;1236;0,222222222222222222222
1277;1237;0,111111111111111111111
1277;2990;0,037037037037037037037
1277;10188;0,037037037037037037037
1277;21154;0,037037037037037037037
1278;135;0,100000000000000000000
1278;183;0,100000000000000000000
1278;277;0,100000000000000000000
1278;1234;0,100000000000000000000
1278;1902;0,200000000000000000000
1278;1925;0,100000000000000000000
1278;2111;0,200000000000000000000
1278;2445;0,100000000000000000000
1282;492;0,250000000000000000000
1282;2008;0,250000000000000000000
1282;2543;0,500000000000000000000
1286;65;0,133333333333333333333
1286;127;0,066666666666666666666
1286;183;0,066666666666666666666
1286;524;0,066666666666666666666
1286;1278;0,066666666666666666666
1286;1754;0,066666666666666666666
1286;2434;0,066666666666666666666
1286;3142;0,133333333333333333333
1286;7941;0,066666666666666666666
1286;9806;0,066666666666666666666
1286;57838;0,133333333333333333333
1286;151929;0,066666666666666666666
1293;216;0,022222222222222222222
1293;523;0,022222222222222222222
1293;573;0,022222222222222222222
1293;864;0,044444444444444444444
1293;1010;0,022222222222222222222
1293;1018;0,022222222222222222222
1293;2001;0,022222222222222222222
1293;2188;0,022222222222222222222
1293;2484;0,022222222222222222222
1293;3189;0,022222222222222222222
1293;3551;0,022222222222222222222
1293;3809;0,022222222222222222222
1293;4000;0,022222222222222222222
1293;4090;0,022222222222222222222
1293;4091;0,022222222222222222222
1293;4421;0,022222222222222222222
1293;4877;0,022222222222222222222
1293;5470;0,022222222222222222222
1293;5635;0,044444444444444444444
1293;6372;0,022222222222222222222
1293;6991;0,022222222222222222222
1293;6992;0,022222222222222222222
1293;7748;0,022222222222222222222
1293;8268;0,022222222222222222222
1293;10523;0,022222222222222222222
1293;13504;0,022222222222222222222
1293;14050;0,022222222222222222222
1293;15906;0,066666666666666666666
1293;17148;0,022222222222222222222
1293;17762;0,044444444444444444444
1293;18149;0,022222222222222222222
1293;18300;0,022222222222222222222
1293;20436;0,022222222222222222222
1293;21512;0,022222222222222222222
1293;21513;0,022222222222222222222
1293;28657;0,044444444444444444444
1293;28661;0,066666666666666666666
1305;2921;0,500000000000000000000
1305;3341;0,500000000000000000000
1307;306;0,500000000000000000000
1307;5613;0,500000000000000000000
1310;1868;1,000000000000000000000
1316;352;0,666666666666666666666
1316;1840;0,333333333333333333333
1321;1064;1,000000000000000000000
1326;9;0,005235602094240837696
1326;65;0,005235602094240837696
1326;190;0,005235602094240837696
1326;192;0,005235602094240837696
1326;206;0,005235602094240837696
1326;307;0,005235602094240837696
1326;373;0,005235602094240837696
1326;378;0,005235602094240837696
1326;467;0,005235602094240837696
1326;512;0,005235602094240837696
1326;524;0,005235602094240837696
1326;526;0,005235602094240837696
1326;528;0,005235602094240837696
1326;621;0,005235602094240837696
1326;841;0,005235602094240837696
1326;877;0,005235602094240837696
1326;878;0,005235602094240837696
1326;883;0,005235602094240837696
1326;911;0,005235602094240837696
1326;970;0,005235602094240837696
1326;1044;0,005235602094240837696
1326;1066;0,005235602094240837696
1326;1109;0,005235602094240837696
1326;1122;0,005235602094240837696
1326;1150;0,005235602094240837696
1326;1234;0,005235602094240837696
1326;1274;0,005235602094240837696
1326;1327;0,005235602094240837696
1326;1329;0,005235602094240837696
1326;1332;0,005235602094240837696
1326;1333;0,005235602094240837696
1326;1335;0,005235602094240837696
1326;1337;0,005235602094240837696
1326;1419;0,005235602094240837696
1326;1549;0,005235602094240837696
1326;1667;0,005235602094240837696
1326;1676;0,005235602094240837696
1326;1838;0,005235602094240837696
1326;2017;0,005235602094240837696
1326;2039;0,005235602094240837696
1326;2041;0,005235602094240837696
1326;2050;0,005235602094240837696
1326;2054;0,005235602094240837696
1326;2059;0,005235602094240837696
1326;2064;0,005235602094240837696
1326;2066;0,005235602094240837696
1326;2071;0,005235602094240837696
1326;2149;0,005235602094240837696
1326;2150;0,005235602094240837696
1326;2152;0,005235602094240837696
1326;2156;0,005235602094240837696
1326;2212;0,005235602094240837696
1326;2214;0,005235602094240837696
1326;2223;0,005235602094240837696
1326;2271;0,005235602094240837696
1326;2349;0,005235602094240837696
1326;2385;0,005235602094240837696
1326;2492;0,005235602094240837696
1326;2503;0,005235602094240837696
1326;2504;0,005235602094240837696
1326;2586;0,005235602094240837696
1326;2644;0,005235602094240837696
1326;2779;0,005235602094240837696
1326;2780;0,005235602094240837696
1326;2830;0,005235602094240837696
1326;3116;0,005235602094240837696
1326;3142;0,005235602094240837696
1326;3204;0,005235602094240837696
1326;3355;0,005235602094240837696
1326;3403;0,005235602094240837696
1326;3714;0,005235602094240837696
1326;3736;0,005235602094240837696
1326;3864;0,005235602094240837696
1326;3983;0,005235602094240837696
1326;3998;0,005235602094240837696
1326;4070;0,005235602094240837696
1326;4232;0,005235602094240837696
1326;4237;0,005235602094240837696
1326;4281;0,005235602094240837696
1326;4493;0,005235602094240837696
1326;4525;0,005235602094240837696
1326;4561;0,005235602094240837696
1326;4625;0,005235602094240837696
1326;4715;0,005235602094240837696
1326;4720;0,005235602094240837696
1326;4748;0,005235602094240837696
1326;4755;0,005235602094240837696
1326;4979;0,005235602094240837696
1326;5097;0,005235602094240837696
1326;5144;0,005235602094240837696
1326;5214;0,005235602094240837696
1326;5250;0,005235602094240837696
1326;5351;0,005235602094240837696
1326;5437;0,005235602094240837696
1326;5441;0,005235602094240837696
1326;5442;0,005235602094240837696
1326;5629;0,005235602094240837696
1326;5632;0,005235602094240837696
1326;5831;0,005235602094240837696
1326;5892;0,005235602094240837696
1326;5922;0,005235602094240837696
1326;6213;0,005235602094240837696
1326;6234;0,005235602094240837696
1326;6465;0,005235602094240837696
1326;6581;0,005235602094240837696
1326;6604;0,005235602094240837696
1326;6624;0,005235602094240837696
1326;6828;0,005235602094240837696
1326;7278;0,005235602094240837696
1326;7328;0,005235602094240837696
1326;7546;0,005235602094240837696
1326;7564;0,005235602094240837696
1326;7586;0,005235602094240837696
1326;7759;0,005235602094240837696
1326;7762;0,005235602094240837696
1326;7788;0,005235602094240837696
1326;7979;0,005235602094240837696
1326;8500;0,005235602094240837696
1326;8618;0,005235602094240837696
1326;8623;0,005235602094240837696
1326;8730;0,005235602094240837696
1326;8933;0,005235602094240837696
1326;9110;0,005235602094240837696
1326;9208;0,005235602094240837696
1326;9371;0,005235602094240837696
1326;9383;0,005235602094240837696
1326;9385;0,005235602094240837696
1326;9387;0,005235602094240837696
1326;9389;0,005235602094240837696
1326;9396;0,005235602094240837696
1326;9397;0,005235602094240837696
1326;9402;0,005235602094240837696
1326;9404;0,005235602094240837696
1326;9405;0,005235602094240837696
1326;9409;0,005235602094240837696
1326;9416;0,005235602094240837696
1326;9421;0,005235602094240837696
1326;9424;0,005235602094240837696
1326;9440;0,005235602094240837696
1326;9681;0,005235602094240837696
1326;10000;0,005235602094240837696
1326;10080;0,005235602094240837696
1326;10169;0,005235602094240837696
1326;10649;0,005235602094240837696
1326;10740;0,005235602094240837696
1326;11030;0,005235602094240837696
1326;11213;0,005235602094240837696
1326;11536;0,005235602094240837696
1326;11999;0,005235602094240837696
1326;12798;0,005235602094240837696
1326;13006;0,005235602094240837696
1326;13369;0,005235602094240837696
1326;13372;0,005235602094240837696
1326;14073;0,005235602094240837696
1326;14465;0,005235602094240837696
1326;15437;0,005235602094240837696
1326;16644;0,005235602094240837696
1326;17603;0,005235602094240837696
1326;18247;0,005235602094240837696
1326;18258;0,005235602094240837696
1326;19031;0,005235602094240837696
1326;20801;0,005235602094240837696
1326;26502;0,005235602094240837696
1326;27173;0,005235602094240837696
1326;27286;0,005235602094240837696
1326;27500;0,005235602094240837696
1326;27512;0,005235602094240837696
1326;27837;0,005235602094240837696
1326;27865;0,005235602094240837696
1326;27892;0,005235602094240837696
1326;27893;0,005235602094240837696
1326;28598;0,005235602094240837696
1326;28738;0,005235602094240837696
1326;56195;0,005235602094240837696
1326;219255;0,005235602094240837696
1326;257324;0,005235602094240837696
1326;276505;0,005235602094240837696
1326;284854;0,005235602094240837696
1326;286660;0,005235602094240837696
1326;308238;0,005235602094240837696
1326;309580;0,005235602094240837696
1326;325535;0,005235602094240837696
1326;327858;0,005235602094240837696
1326;327859;0,005235602094240837696
1326;329359;0,005235602094240837696
1326;334818;0,005235602094240837696
1326;352262;0,005235602094240837696
1326;359941;0,005235602094240837696
1326;365524;0,005235602094240837696
1326;382779;0,005235602094240837696
1326;423622;0,005235602094240837696
1327;1325;1,000000000000000000000
1330;378;0,166666666666666666666
1330;1336;0,166666666666666666666
1330;5679;0,666666666666666666666
1335;378;1,000000000000000000000
1337;1326;1,000000000000000000000
1340;2761;0,333333333333333333333
1340;5626;0,333333333333333333333
1340;434991;0,333333333333333333333
1348;1462;1,000000000000000000000
1364;96;0,250000000000000000000
1364;237;0,250000000000000000000
1364;254;0,250000000000000000000
1364;1141;0,250000000000000000000
1370;452;0,600000000000000000000
1370;530;0,200000000000000000000
1370;718;0,200000000000000000000
1406;50332;1,000000000000000000000
1419;1121;1,000000000000000000000
1432;1482;0,500000000000000000000
1432;17710;0,500000000000000000000
1434;288;0,041666666666666666666
1434;568;0,020833333333333333333
1434;1082;0,062500000000000000000
1434;1083;0,062500000000000000000
1434;2778;0,041666666666666666666
1434;3212;0,062500000000000000000
1434;3968;0,062500000000000000000
1434;5037;0,041666666666666666666
1434;6461;0,062500000000000000000
1434;6991;0,062500000000000000000
1434;6992;0,062500000000000000000
1434;7701;0,062500000000000000000
1434;9376;0,062500000000000000000
1434;11656;0,062500000000000000000
1434;13642;0,062500000000000000000
1434;17677;0,062500000000000000000
1434;17678;0,062500000000000000000
1434;18622;0,041666666666666666666
1437;744;0,025000000000000000000
1437;845;0,225000000000000000000
1437;846;0,325000000000000000000
1437;2731;0,100000000000000000000
1437;7130;0,075000000000000000000
1437;192866;0,250000000000000000000
1444;11369;1,000000000000000000000
1447;1762;1,000000000000000000000
1454;149;0,041666666666666666666
1454;189;0,041666666666666666666
1454;232;0,041666666666666666666
1454;492;0,041666666666666666666
1454;749;0,083333333333333333333
1454;812;0,041666666666666666666
1454;865;0,041666666666666666666
1454;1100;0,041666666666666666666
1454;1402;0,041666666666666666666
1454;1565;0,041666666666666666666
1454;1610;0,041666666666666666666
1454;1692;0,041666666666666666666
1454;1766;0,041666666666666666666
1454;2008;0,041666666666666666666
1454;5691;0,041666666666666666666
1454;6515;0,041666666666666666666
1454;8071;0,041666666666666666666
1454;8320;0,041666666666666666666
1454;8489;0,041666666666666666666
1454;50905;0,041666666666666666666
1454;156500;0,041666666666666666666
1454;189452;0,083333333333333333333
1455;1629;1,000000000000000000000
1457;109;0,100000000000000000000
1457;485;0,300000000000000000000
1457;1228;0,100000000000000000000
1457;2131;0,100000000000000000000
1457;2509;0,300000000000000000000
1457;15895;0,100000000000000000000
1458;2588;1,000000000000000000000
1462;132;0,041666666666666666666
1462;658;0,041666666666666666666
1462;1265;0,041666666666666666666
1462;1348;0,041666666666666666666
1462;1721;0,041666666666666666666
1462;2184;0,041666666666666666666
1462;2310;0,041666666666666666666
1462;3104;0,041666666666666666666
1462;3433;0,041666666666666666666
1462;3471;0,041666666666666666666
1462;5789;0,041666666666666666666
1462;8749;0,041666666666666666666
1462;8912;0,041666666666666666666
1462;12709;0,041666666666666666666
1462;14733;0,041666666666666666666
1462;15895;0,041666666666666666666
1462;18276;0,041666666666666666666
1462;18592;0,041666666666666666666
1462;27489;0,041666666666666666666
1462;28525;0,041666666666666666666
1462;28532;0,041666666666666666666
1462;28571;0,041666666666666666666
1462;28579;0,041666666666666666666
1462;28605;0,041666666666666666666
1464;1637;1,000000000000000000000
1471;1637;1,000000000000000000000
1473;3523;1,000000000000000000000
1478;979;0,500000000000000000000
1478;488062;0,500000000000000000000
1498;172;0,250000000000000000000
1498;2427;0,250000000000000000000
1498;308968;0,500000000000000000000
1499;4376;0,500000000000000000000
1499;10020;0,500000000000000000000
1500;3378;1,000000000000000000000
1503;12936;0,500000000000000000000
1503;50332;0,500000000000000000000
1504;1862;1,000000000000000000000
1510;35;0,600000000000000000000
1510;8441;0,200000000000000000000
1510;321395;0,200000000000000000000
1512;3188;1,000000000000000000000
1513;1160;0,200000000000000000000
1513;1827;0,200000000000000000000
1513;2990;0,200000000000000000000
1513;6007;0,200000000000000000000
1513;6008;0,200000000000000000000
1515;36;0,666666666666666666666
1515;4713;0,333333333333333333333
1516;3940;1,000000000000000000000
1517;3697;1,000000000000000000000
1533;5006;1,000000000000000000000
1544;479;0,100000000000000000000
1544;520;0,100000000000000000000
1544;1065;0,100000000000000000000
1544;1556;0,100000000000000000000
1544;1848;0,200000000000000000000
1544;5001;0,100000000000000000000
1544;6342;0,100000000000000000000
1544;113459;0,200000000000000000000
1547;241;0,111111111111111111111
1547;285;0,444444444444444444444
1547;472;0,222222222222222222222
1547;3601;0,111111111111111111111
1547;4117;0,111111111111111111111
1554;643;0,500000000000000000000
1554;1845;0,500000000000000000000
1556;1180;0,200000000000000000000
1556;3683;0,200000000000000000000
1556;5681;0,200000000000000000000
1556;248841;0,400000000000000000000
1561;812;0,200000000000000000000
1561;1609;0,400000000000000000000
1561;1906;0,200000000000000000000
1561;4245;0,200000000000000000000
1562;1565;1,000000000000000000000
1565;812;0,222222222222222222222
1565;1036;0,111111111111111111111
1565;1562;0,111111111111111111111
1565;2470;0,111111111111111111111
1565;2890;0,222222222222222222222
1565;3395;0,222222222222222222222
1566;1454;1,000000000000000000000
1569;1913;1,000000000000000000000
1570;3045;1,000000000000000000000
1574;12418;0,142857142857142857142
1574;24113;0,142857142857142857142
1574;28754;0,142857142857142857142
1574;29085;0,142857142857142857142
1574;474028;0,428571428571428571428
1589;738;0,250000000000000000000
1589;508788;0,750000000000000000000
1591;283;0,068965517241379310344
1591;861;0,137931034482758620689
1591;937;0,034482758620689655172
1591;1142;0,068965517241379310344
1591;1278;0,034482758620689655172
1591;1448;0,068965517241379310344
1591;2379;0,034482758620689655172
1591;3045;0,103448275862068965517
1591;3234;0,172413793103448275862
1591;3867;0,034482758620689655172
1591;4592;0,068965517241379310344
1591;7030;0,034482758620689655172
1591;10020;0,068965517241379310344
1591;17549;0,034482758620689655172
1591;23720;0,034482758620689655172
1596;4750;0,285714285714285714285
1596;5440;0,285714285714285714285
1596;5918;0,142857142857142857142
1596;6694;0,142857142857142857142
1596;7866;0,142857142857142857142
1598;2239;1,000000000000000000000
1606;2005;0,333333333333333333333
1606;3176;0,333333333333333333333
1606;184987;0,333333333333333333333
1608;1454;0,500000000000000000000
1608;1700;0,500000000000000000000
1609;1036;0,500000000000000000000
1609;1561;0,500000000000000000000
1610;4085;1,000000000000000000000
1629;149;0,062500000000000000000
1629;289;0,062500000000000000000
1629;1455;0,062500000000000000000
1629;1566;0,062500000000000000000
1629;1685;0,062500000000000000000
1629;1686;0,062500000000000000000
1629;1689;0,062500000000000000000
1629;1692;0,062500000000000000000
1629;1694;0,062500000000000000000
1629;1699;0,062500000000000000000
1629;1763;0,062500000000000000000
1629;2196;0,062500000000000000000
1629;2254;0,062500000000000000000
1629;3971;0,062500000000000000000
1629;5478;0,062500000000000000000
1629;9955;0,062500000000000000000
1632;752;0,500000000000000000000
1632;1064;0,500000000000000000000
1637;635;0,058823529411764705882
1637;747;0,058823529411764705882
1637;1439;0,058823529411764705882
1637;1464;0,176470588235294117647
1637;1471;0,235294117647058823529
1637;2712;0,176470588235294117647
1637;3518;0,117647058823529411764
1637;47352;0,117647058823529411764
1639;85;0,166666666666666666666
1639;254;0,500000000000000000000
1639;2278;0,333333333333333333333
1657;1022;0,250000000000000000000
1657;3852;0,250000000000000000000
1657;6501;0,250000000000000000000
1657;6502;0,250000000000000000000
1663;869;0,333333333333333333333
1663;5262;0,333333333333333333333
1663;7111;0,333333333333333333333
1667;190;0,142857142857142857142
1667;192;0,142857142857142857142
1667;841;0,285714285714285714285
1667;2150;0,142857142857142857142
1667;2272;0,142857142857142857142
1667;5437;0,142857142857142857142
1676;712;1,000000000000000000000
1678;352;0,250000000000000000000
1678;845;0,250000000000000000000
1678;846;0,250000000000000000000
1678;4530;0,250000000000000000000
1681;733;0,073170731707317073170
1681;1066;0,048780487804878048780
1681;2275;0,024390243902439024390
1681;2435;0,048780487804878048780
1681;2786;0,073170731707317073170
1681;2834;0,024390243902439024390
1681;2916;0,048780487804878048780
1681;2923;0,073170731707317073170
1681;2929;0,024390243902439024390
1681;2948;0,024390243902439024390
1681;3105;0,121951219512195121951
1681;3234;0,024390243902439024390
1681;3427;0,048780487804878048780
1681;3683;0,048780487804878048780
1681;5624;0,024390243902439024390
1681;8715;0,048780487804878048780
1681;9898;0,073170731707317073170
1681;23759;0,048780487804878048780
1681;114536;0,024390243902439024390
1681;282900;0,073170731707317073170
1689;1629;0,500000000000000000000
1689;2196;0,500000000000000000000
1693;1454;0,500000000000000000000
1693;5753;0,500000000000000000000
1694;1629;0,333333333333333333333
1694;2196;0,333333333333333333333
1694;156500;0,333333333333333333333
1697;1321;0,200000000000000000000
1697;2506;0,200000000000000000000
1697;3418;0,200000000000000000000
1697;10093;0,200000000000000000000
1697;257158;0,200000000000000000000
1699;1629;1,000000000000000000000
1700;1608;0,333333333333333333333
1700;6940;0,666666666666666666666
1705;934;1,000000000000000000000
1707;934;0,500000000000000000000
1707;1173;0,500000000000000000000
1710;1967;0,333333333333333333333
1710;6723;0,666666666666666666666
1717;649;0,142857142857142857142
1717;839;0,428571428571428571428
1717;2073;0,142857142857142857142
1717;13206;0,142857142857142857142
1717;17208;0,142857142857142857142
1725;854;0,500000000000000000000
1725;4636;0,250000000000000000000
1725;16653;0,250000000000000000000
1727;337;1,000000000000000000000
1728;3214;1,000000000000000000000
1744;219255;1,000000000000000000000
1745;530;1,000000000000000000000
1749;303;0,428571428571428571428
1749;1613;0,428571428571428571428
1749;3637;0,142857142857142857142
1751;4681;1,000000000000000000000
1754;39;0,023255813953488372093
1754;65;0,046511627906976744186
1754;71;0,023255813953488372093
1754;194;0,162790697674418604651
1754;472;0,023255813953488372093
1754;700;0,023255813953488372093
1754;748;0,023255813953488372093
1754;837;0,093023255813953488372
1754;1042;0,046511627906976744186
1754;1276;0,046511627906976744186
1754;1286;0,046511627906976744186
1754;1663;0,023255813953488372093
1754;1708;0,023255813953488372093
1754;1762;0,023255813953488372093
1754;1827;0,023255813953488372093
1754;2021;0,023255813953488372093
1754;2844;0,023255813953488372093
1754;3680;0,023255813953488372093
1754;4512;0,023255813953488372093
1754;4613;0,023255813953488372093
1754;7215;0,023255813953488372093
1754;7630;0,023255813953488372093
1754;8910;0,023255813953488372093
1754;576277;0,162790697674418604651
1762;1447;0,333333333333333333333
1762;21112;0,333333333333333333333
1762;28404;0,333333333333333333333
1763;1600;1,000000000000000000000
1765;7906;1,000000000000000000000
1769;380;1,000000000000000000000
1771;1563;0,500000000000000000000
1771;15222;0,500000000000000000000
1778;1182;1,000000000000000000000
1779;182;0,500000000000000000000
1779;7142;0,500000000000000000000
1780;3271;0,200000000000000000000
1780;6548;0,800000000000000000000
1785;826;0,500000000000000000000
1785;2080;0,500000000000000000000
1814;241;0,500000000000000000000
1814;1448;0,500000000000000000000
1815;1277;1,000000000000000000000
1831;9832;0,666666666666666666666
1831;173893;0,333333333333333333333
1838;5082;1,000000000000000000000
1839;551;1,000000000000000000000
1840;306;0,400000000000000000000
1840;1316;0,200000000000000000000
1840;13452;0,200000000000000000000
1840;98841;0,200000000000000000000
1843;885;0,666666666666666666666
1843;23930;0,333333333333333333333
1853;1154;0,500000000000000000000
1853;37814;0,500000000000000000000
1855;5613;1,000000000000000000000
1864;39;0,007936507936507936507
1864;74;0,007936507936507936507
1864;115;0,015873015873015873015
1864;140;0,007936507936507936507
1864;176;0,007936507936507936507
1864;186;0,007936507936507936507
1864;198;0,007936507936507936507
1864;201;0,007936507936507936507
1864;240;0,007936507936507936507
1864;306;0,007936507936507936507
1864;488;0,007936507936507936507
1864;490;0,007936507936507936507
1864;520;0,007936507936507936507
1864;522;0,007936507936507936507
1864;525;0,007936507936507936507
1864;527;0,007936507936507936507
1864;543;0,007936507936507936507
1864;607;0,007936507936507936507
1864;652;0,007936507936507936507
1864;885;0,007936507936507936507
1864;956;0,007936507936507936507
1864;964;0,007936507936507936507
1864;988;0,007936507936507936507
1864;1107;0,007936507936507936507
1864;1120;0,007936507936507936507
1864;1124;0,007936507936507936507
1864;1142;0,007936507936507936507
1864;1210;0,015873015873015873015
1864;1307;0,007936507936507936507
1864;1314;0,007936507936507936507
1864;1556;0,007936507936507936507
1864;1588;0,007936507936507936507
1864;1600;0,007936507936507936507
1864;1843;0,007936507936507936507
1864;1897;0,007936507936507936507
1864;1938;0,007936507936507936507
1864;1949;0,007936507936507936507
1864;1996;0,007936507936507936507
1864;2198;0,007936507936507936507
1864;2288;0,007936507936507936507
1864;2440;0,007936507936507936507
1864;2469;0,007936507936507936507
1864;2600;0,007936507936507936507
1864;2704;0,015873015873015873015
1864;2794;0,007936507936507936507
1864;2850;0,007936507936507936507
1864;2851;0,007936507936507936507
1864;2884;0,007936507936507936507
1864;3015;0,007936507936507936507
1864;3208;0,007936507936507936507
1864;3235;0,007936507936507936507
1864;3401;0,007936507936507936507
1864;3436;0,007936507936507936507
1864;3481;0,007936507936507936507
1864;3482;0,007936507936507936507
1864;3532;0,007936507936507936507
1864;3567;0,007936507936507936507
1864;3678;0,007936507936507936507
1864;3763;0,007936507936507936507
1864;3815;0,007936507936507936507
1864;3891;0,015873015873015873015
1864;3911;0,007936507936507936507
1864;4004;0,007936507936507936507
1864;4219;0,007936507936507936507
1864;4268;0,007936507936507936507
1864;4355;0,007936507936507936507
1864;4486;0,007936507936507936507
1864;4667;0,007936507936507936507
1864;4706;0,007936507936507936507
1864;4991;0,007936507936507936507
1864;5001;0,007936507936507936507
1864;5003;0,007936507936507936507
1864;5005;0,007936507936507936507
1864;5012;0,007936507936507936507
1864;5015;0,007936507936507936507
1864;5089;0,007936507936507936507
1864;5177;0,007936507936507936507
1864;5329;0,007936507936507936507
1864;5493;0,007936507936507936507
1864;5521;0,015873015873015873015
1864;6102;0,007936507936507936507
1864;6406;0,015873015873015873015
1864;6856;0,007936507936507936507
1864;6915;0,007936507936507936507
1864;7911;0,007936507936507936507
1864;7920;0,007936507936507936507
1864;8458;0,007936507936507936507
1864;8513;0,007936507936507936507
1864;8985;0,007936507936507936507
1864;9360;0,007936507936507936507
1864;9468;0,031746031746031746031
1864;9718;0,007936507936507936507
1864;9722;0,007936507936507936507
1864;9728;0,007936507936507936507
1864;9729;0,007936507936507936507
1864;9730;0,007936507936507936507
1864;10480;0,007936507936507936507
1864;10640;0,007936507936507936507
1864;13158;0,007936507936507936507
1864;13178;0,007936507936507936507
1864;13907;0,007936507936507936507
1864;14013;0,007936507936507936507
1864;14683;0,007936507936507936507
1864;14803;0,007936507936507936507
1864;15331;0,007936507936507936507
1864;15762;0,007936507936507936507
1864;17665;0,007936507936507936507
1864;18069;0,007936507936507936507
1864;18070;0,007936507936507936507
1864;18071;0,007936507936507936507
1864;18396;0,007936507936507936507
1864;22702;0,007936507936507936507
1864;22705;0,007936507936507936507
1864;22880;0,007936507936507936507
1864;25488;0,007936507936507936507
1864;50332;0,007936507936507936507
1864;50959;0,007936507936507936507
1866;3033;0,500000000000000000000
1866;18251;0,500000000000000000000
1868;1310;0,428571428571428571428
1868;2991;0,285714285714285714285
1868;4583;0,142857142857142857142
1868;13502;0,142857142857142857142
1883;812;1,000000000000000000000
1889;678;0,125000000000000000000
1889;992;0,062500000000000000000
1889;2661;0,343750000000000000000
1889;2713;0,062500000000000000000
1889;6440;0,031250000000000000000
1889;7116;0,031250000000000000000
1889;7160;0,343750000000000000000
1891;54;0,800000000000000000000
1891;415767;0,200000000000000000000
1893;324;1,000000000000000000000
1897;528;0,142857142857142857142
1897;571;0,142857142857142857142
1897;1956;0,142857142857142857142
1897;2825;0,142857142857142857142
1897;4906;0,142857142857142857142
1897;78108;0,142857142857142857142
1897;586968;0,142857142857142857142
1902;1278;0,400000000000000000000
1902;5610;0,200000000000000000000
1902;5909;0,400000000000000000000
1910;2367;0,285714285714285714285
1910;3323;0,142857142857142857142
1910;8899;0,142857142857142857142
1910;324897;0,428571428571428571428
1913;739;0,083333333333333333333
1913;1569;0,083333333333333333333
1913;1903;0,083333333333333333333
1913;1912;0,166666666666666666666
1913;5960;0,083333333333333333333
1913;7630;0,083333333333333333333
1913;13809;0,083333333333333333333
1913;14266;0,083333333333333333333
1913;16873;0,083333333333333333333
1913;19707;0,083333333333333333333
1913;23228;0,083333333333333333333
1917;472;0,333333333333333333333
1917;972;0,333333333333333333333
1917;984;0,333333333333333333333
1923;886;1,000000000000000000000
1931;992;1,000000000000000000000
1940;628;0,750000000000000000000
1940;700;0,250000000000000000000
1942;14013;1,000000000000000000000
1945;689;0,500000000000000000000
1945;5638;0,500000000000000000000
1946;72;0,062500000000000000000
1946;127;0,062500000000000000000
1946;276;0,062500000000000000000
1946;354;0,062500000000000000000
1946;829;0,062500000000000000000
1946;854;0,062500000000000000000
1946;1692;0,062500000000000000000
1946;2277;0,062500000000000000000
1946;2825;0,062500000000000000000
1946;2991;0,062500000000000000000
1946;3095;0,062500000000000000000
1946;3395;0,062500000000000000000
1946;3523;0,062500000000000000000
1946;4281;0,062500000000000000000
1946;41776;0,062500000000000000000
1946;98841;0,062500000000000000000
1948;57;0,500000000000000000000
1948;309;0,125000000000000000000
1948;835;0,125000000000000000000
1948;5338;0,125000000000000000000
1948;140271;0,125000000000000000000
1949;115;0,363636363636363636363
1949;4102;0,363636363636363636363
1949;4933;0,090909090909090909090
1949;367451;0,181818181818181818181
1967;1710;0,125000000000000000000
1967;2009;0,062500000000000000000
1967;2510;0,062500000000000000000
1967;6723;0,312500000000000000000
1967;21697;0,125000000000000000000
1967;29081;0,062500000000000000000
1967;240182;0,250000000000000000000
1974;2198;1,000000000000000000000
1976;4667;1,000000000000000000000
1983;1156;0,666666666666666666666
1983;3246;0,333333333333333333333
1988;42;0,023809523809523809523
1988;96;0,023809523809523809523
1988;287;0,047619047619047619047
1988;420;0,023809523809523809523
1988;846;0,047619047619047619047
1988;860;0,023809523809523809523
1988;1141;0,071428571428571428571
1988;1829;0,047619047619047619047
1988;2293;0,071428571428571428571
1988;3000;0,047619047619047619047
1988;3246;0,095238095238095238095
1988;4323;0,047619047619047619047
1988;4350;0,023809523809523809523
1988;4881;0,261904761904761904761
1988;6570;0,047619047619047619047
1988;6666;0,047619047619047619047
1988;370126;0,047619047619047619047
1991;104;0,100000000000000000000
1991;172;0,500000000000000000000
1991;777;0,100000000000000000000
1991;839;0,100000000000000000000
1991;4431;0,200000000000000000000
1996;470;0,500000000000000000000
1996;8985;0,500000000000000000000
2005;805;0,200000000000000000000
2005;1606;0,400000000000000000000
2005;2494;0,200000000000000000000
2005;17268;0,200000000000000000000
2007;1079;0,166666666666666666666
2007;1454;0,166666666666666666666
2007;1566;0,166666666666666666666
2007;3471;0,166666666666666666666
2007;54440;0,166666666666666666666
2007;219255;0,166666666666666666666
2008;613;0,500000000000000000000
2008;1282;0,500000000000000000000
2015;844;0,400000000000000000000
2015;2884;0,400000000000000000000
2015;20307;0,200000000000000000000
2017;14;0,333333333333333333333
2017;1109;0,333333333333333333333
2017;1121;0,333333333333333333333
2021;12497;1,000000000000000000000
2027;1122;1,000000000000000000000
2037;497;0,333333333333333333333
2037;815;0,055555555555555555555
2037;1060;0,055555555555555555555
2037;1780;0,055555555555555555555
2037;2738;0,111111111111111111111
2037;3271;0,055555555555555555555
2037;4364;0,055555555555555555555
2037;4500;0,055555555555555555555
2037;4561;0,055555555555555555555
2037;5564;0,055555555555555555555
2037;5698;0,055555555555555555555
2037;9423;0,055555555555555555555
2043;22;0,500000000000000000000
2043;2052;0,500000000000000000000
2046;4070;1,000000000000000000000
2052;190;0,500000000000000000000
2052;2043;0,500000000000000000000
2064;14;1,000000000000000000000
2080;1785;1,000000000000000000000
2083;2838;1,000000000000000000000
2105;1506;0,125000000000000000000
2105;1749;0,250000000000000000000
2105;5037;0,500000000000000000000
2105;12441;0,125000000000000000000
2111;135;0,200000000000000000000
2111;2990;0,800000000000000000000
2112;1446;0,250000000000000000000
2112;240182;0,250000000000000000000
2112;398786;0,500000000000000000000
2117;727;0,142857142857142857142
2117;1210;0,142857142857142857142
2117;3096;0,142857142857142857142
2117;5061;0,285714285714285714285
2117;5177;0,142857142857142857142
2117;5493;0,142857142857142857142
2127;402;1,000000000000000000000
2130;373782;1,000000000000000000000
2131;1462;0,500000000000000000000
2131;12706;0,500000000000000000000
2137;9098;1,000000000000000000000
2139;912;1,000000000000000000000
2140;396;0,666666666666666666666
2140;410;0,333333333333333333333
2145;42;0,090909090909090909090
2145;96;0,090909090909090909090
2145;249;0,090909090909090909090
2145;1141;0,181818181818181818181
2145;2293;0,090909090909090909090
2145;2461;0,090909090909090909090
2145;3000;0,090909090909090909090
2145;3245;0,090909090909090909090
2145;3633;0,090909090909090909090
2145;11690;0,090909090909090909090
2146;90;0,153846153846153846153
2146;1121;0,153846153846153846153
2146;1443;0,230769230769230769230
2146;2697;0,076923076923076923076
2146;3085;0,076923076923076923076
2146;4147;0,153846153846153846153
2146;5367;0,153846153846153846153
2147;65;0,009708737864077669902
2147;190;0,009708737864077669902
2147;192;0,009708737864077669902
2147;373;0,009708737864077669902
2147;512;0,009708737864077669902
2147;521;0,009708737864077669902
2147;524;0,009708737864077669902
2147;526;0,009708737864077669902
2147;528;0,009708737864077669902
2147;621;0,009708737864077669902
2147;622;0,029126213592233009708
2147;841;0,009708737864077669902
2147;877;0,009708737864077669902
2147;878;0,009708737864077669902
2147;883;0,009708737864077669902
2147;911;0,009708737864077669902
2147;970;0,009708737864077669902
2147;1066;0,009708737864077669902
2147;1109;0,009708737864077669902
2147;1122;0,029126213592233009708
2147;1150;0,009708737864077669902
2147;1234;0,009708737864077669902
2147;1326;0,009708737864077669902
2147;1335;0,009708737864077669902
2147;1401;0,009708737864077669902
2147;1625;0,009708737864077669902
2147;1667;0,009708737864077669902
2147;1744;0,009708737864077669902
2147;1985;0,009708737864077669902
2147;2054;0,009708737864077669902
2147;2059;0,009708737864077669902
2147;2071;0,009708737864077669902
2147;2150;0,009708737864077669902
2147;2212;0,009708737864077669902
2147;2216;0,009708737864077669902
2147;2223;0,009708737864077669902
2147;2271;0,009708737864077669902
2147;2280;0,009708737864077669902
2147;2385;0,009708737864077669902
2147;2492;0,009708737864077669902
2147;2503;0,009708737864077669902
2147;2504;0,009708737864077669902
2147;2586;0,009708737864077669902
2147;2644;0,009708737864077669902
2147;2740;0,009708737864077669902
2147;2779;0,009708737864077669902
2147;2780;0,009708737864077669902
2147;3085;0,048543689320388349514
2147;3116;0,009708737864077669902
2147;3142;0,009708737864077669902
2147;3269;0,009708737864077669902
2147;3414;0,009708737864077669902
2147;3704;0,009708737864077669902
2147;3748;0,009708737864077669902
2147;3998;0,009708737864077669902
2147;4237;0,038834951456310679611
2147;4240;0,009708737864077669902
2147;4281;0,009708737864077669902
2147;4493;0,009708737864077669902
2147;4525;0,009708737864077669902
2147;4561;0,009708737864077669902
2147;4715;0,009708737864077669902
2147;4765;0,009708737864077669902
2147;5367;0,009708737864077669902
2147;5437;0,009708737864077669902
2147;5441;0,009708737864077669902
2147;5442;0,009708737864077669902
2147;5444;0,009708737864077669902
2147;5629;0,009708737864077669902
2147;5632;0,009708737864077669902
2147;5691;0,009708737864077669902
2147;6213;0,009708737864077669902
2147;6581;0,009708737864077669902
2147;7759;0,009708737864077669902
2147;7762;0,009708737864077669902
2147;8500;0,009708737864077669902
2147;8623;0,009708737864077669902
2147;9110;0,009708737864077669902
2147;9217;0,009708737864077669902
2147;9386;0,009708737864077669902
2147;9387;0,009708737864077669902
2147;9389;0,009708737864077669902
2147;9391;0,009708737864077669902
2147;9399;0,009708737864077669902
2147;9401;0,009708737864077669902
2147;9402;0,009708737864077669902
2147;9406;0,009708737864077669902
2147;9409;0,009708737864077669902
2147;9422;0,009708737864077669902
2147;9424;0,009708737864077669902
2147;17323;0,009708737864077669902
2147;18003;0,009708737864077669902
2149;4493;1,000000000000000000000
2150;286660;1,000000000000000000000
2156;2421;0,500000000000000000000
2156;5500;0,500000000000000000000
2164;1111;0,500000000000000000000
2164;2458;0,250000000000000000000
2164;239969;0,250000000000000000000
2175;135;0,037037037037037037037
2175;455;0,037037037037037037037
2175;4020;0,037037037037037037037
2175;4145;0,222222222222222222222
2175;6236;0,111111111111111111111
2175;65998;0,259259259259259259259
2175;66075;0,296296296296296296296
2195;3359;0,100000000000000000000
2195;4414;0,150000000000000000000
2195;5367;0,250000000000000000000
2195;8491;0,300000000000000000000
2195;11427;0,150000000000000000000
2195;27717;0,050000000000000000000
2196;149;0,066666666666666666666
2196;289;0,033333333333333333333
2196;752;0,033333333333333333333
2196;791;0,033333333333333333333
2196;1455;0,033333333333333333333
2196;1566;0,033333333333333333333
2196;1629;0,100000000000000000000
2196;1685;0,033333333333333333333
2196;1686;0,033333333333333333333
2196;1689;0,033333333333333333333
2196;1690;0,033333333333333333333
2196;1692;0,033333333333333333333
2196;1694;0,066666666666666666666
2196;1699;0,100000000000000000000
2196;1763;0,033333333333333333333
2196;2254;0,033333333333333333333
2196;2976;0,100000000000000000000
2196;3971;0,033333333333333333333
2196;5478;0,033333333333333333333
2196;9955;0,033333333333333333333
2196;11229;0,033333333333333333333
2196;11231;0,033333333333333333333
2198;198;0,066666666666666666666
2198;886;0,066666666666666666666
2198;1942;0,066666666666666666666
2198;2117;0,200000000000000000000
2198;2335;0,066666666666666666666
2198;3091;0,066666666666666666666
2198;3235;0,066666666666666666666
2198;3340;0,066666666666666666666
2198;5061;0,266666666666666666666
2198;15471;0,066666666666666666666
2203;517;0,538461538461538461538
2203;829;0,076923076923076923076
2203;3395;0,076923076923076923076
2203;116140;0,076923076923076923076
2203;474028;0,230769230769230769230
2204;10682;1,000000000000000000000
2210;2015;1,000000000000000000000
2215;9371;1,000000000000000000000
2216;5082;1,000000000000000000000
2218;529797;1,000000000000000000000
2223;408;0,500000000000000000000
2223;5564;0,500000000000000000000
2239;104;0,272727272727272727272
2239;172;0,181818181818181818181
2239;839;0,090909090909090909090
2239;1598;0,090909090909090909090
2239;2578;0,363636363636363636363
2249;8666;1,000000000000000000000
2254;791;0,666666666666666666666
2254;1629;0,333333333333333333333
2269;2133;0,500000000000000000000
2269;3246;0,500000000000000000000
2271;5564;0,333333333333333333333
2271;9399;0,333333333333333333333
2271;13360;0,333333333333333333333
2272;1101;0,125000000000000000000
2272;1667;0,125000000000000000000
2272;5158;0,625000000000000000000
2272;5564;0,125000000000000000000
2275;1042;0,200000000000000000000
2275;1771;0,100000000000000000000
2275;6918;0,200000000000000000000
2275;8820;0,100000000000000000000
2275;13850;0,100000000000000000000
2275;27062;0,100000000000000000000
2275;27478;0,100000000000000000000
2275;373677;0,100000000000000000000
2293;96;0,095238095238095238095
2293;182;0,047619047619047619047
2293;472;0,047619047619047619047
2293;1141;0,190476190476190476190
2293;1154;0,095238095238095238095
2293;1981;0,047619047619047619047
2293;1988;0,095238095238095238095
2293;3045;0,095238095238095238095
2293;3219;0,047619047619047619047
2293;3246;0,142857142857142857142
2293;5628;0,047619047619047619047
2293;17918;0,047619047619047619047
2310;1462;1,000000000000000000000
2318;5892;1,000000000000000000000
2322;7968;1,000000000000000000000
2326;2249;1,000000000000000000000
2330;10823;1,000000000000000000000
2335;3340;1,000000000000000000000
2337;4794;1,000000000000000000000
2352;3049;0,333333333333333333333
2352;3815;0,333333333333333333333
2352;5061;0,333333333333333333333
2355;827;0,375000000000000000000
2355;1948;0,125000000000000000000
2355;3399;0,250000000000000000000
2355;6496;0,125000000000000000000
2355;140271;0,125000000000000000000
2359;5564;1,000000000000000000000
2364;2972;0,111111111111111111111
2364;125861;0,555555555555555555555
2364;431565;0,333333333333333333333
2371;2372;1,000000000000000000000
2372;2371;1,000000000000000000000
2374;183;0,200000000000000000000
2374;1554;0,200000000000000000000
2374;1845;0,600000000000000000000
2379;96;0,006097560975609756097
2379;101;0,006097560975609756097
2379;226;0,006097560975609756097
2379;241;0,006097560975609756097
2379;248;0,006097560975609756097
2379;249;0,006097560975609756097
2379;250;0,006097560975609756097
2379;251;0,006097560975609756097
2379;267;0,006097560975609756097
2379;268;0,006097560975609756097
2379;274;0,006097560975609756097
2379;279;0,006097560975609756097
2379;284;0,012195121951219512195
2379;285;0,006097560975609756097
2379;455;0,006097560975609756097
2379;678;0,006097560975609756097
2379;698;0,006097560975609756097
2379;737;0,006097560975609756097
2379;781;0,006097560975609756097
2379;787;0,006097560975609756097
2379;802;0,006097560975609756097
2379;861;0,006097560975609756097
2379;873;0,018292682926829268292
2379;912;0,006097560975609756097
2379;1142;0,006097560975609756097
2379;1149;0,006097560975609756097
2379;1160;0,006097560975609756097
2379;1271;0,006097560975609756097
2379;1448;0,030487804878048780487
2379;1499;0,006097560975609756097
2379;1513;0,006097560975609756097
2379;1515;0,006097560975609756097
2379;1520;0,006097560975609756097
2379;1523;0,006097560975609756097
2379;1526;0,006097560975609756097
2379;1547;0,006097560975609756097
2379;1570;0,006097560975609756097
2379;1583;0,006097560975609756097
2379;1591;0,006097560975609756097
2379;1710;0,006097560975609756097
2379;1741;0,006097560975609756097
2379;1814;0,006097560975609756097
2379;1827;0,006097560975609756097
2379;1868;0,006097560975609756097
2379;1889;0,006097560975609756097
2379;2009;0,006097560975609756097
2379;2087;0,006097560975609756097
2379;2139;0,006097560975609756097
2379;2237;0,006097560975609756097
2379;2252;0,006097560975609756097
2379;2455;0,006097560975609756097
2379;2472;0,006097560975609756097
2379;2510;0,006097560975609756097
2379;2515;0,006097560975609756097
2379;2523;0,006097560975609756097
2379;2655;0,006097560975609756097
2379;2661;0,006097560975609756097
2379;2706;0,006097560975609756097
2379;2713;0,006097560975609756097
2379;2714;0,006097560975609756097
2379;2716;0,006097560975609756097
2379;2990;0,006097560975609756097
2379;3005;0,006097560975609756097
2379;3045;0,018292682926829268292
2379;3103;0,006097560975609756097
2379;3234;0,073170731707317073170
2379;3332;0,006097560975609756097
2379;3381;0,012195121951219512195
2379;3392;0,006097560975609756097
2379;3429;0,012195121951219512195
2379;3459;0,006097560975609756097
2379;3473;0,006097560975609756097
2379;3500;0,006097560975609756097
2379;3601;0,006097560975609756097
2379;3619;0,006097560975609756097
2379;3701;0,006097560975609756097
2379;3838;0,006097560975609756097
2379;3866;0,006097560975609756097
2379;3867;0,006097560975609756097
2379;3869;0,006097560975609756097
2379;3870;0,006097560975609756097
2379;3871;0,006097560975609756097
2379;3872;0,006097560975609756097
2379;3873;0,006097560975609756097
2379;3992;0,012195121951219512195
2379;4117;0,006097560975609756097
2379;4187;0,006097560975609756097
2379;4313;0,006097560975609756097
2379;4337;0,006097560975609756097
2379;4376;0,006097560975609756097
2379;4398;0,006097560975609756097
2379;4513;0,006097560975609756097
2379;4592;0,006097560975609756097
2379;4613;0,006097560975609756097
2379;4713;0,006097560975609756097
2379;5174;0,006097560975609756097
2379;5289;0,006097560975609756097
2379;5430;0,006097560975609756097
2379;5861;0,006097560975609756097
2379;6007;0,006097560975609756097
2379;6008;0,006097560975609756097
2379;6105;0,006097560975609756097
2379;6347;0,006097560975609756097
2379;6535;0,006097560975609756097
2379;6979;0,006097560975609756097
2379;6980;0,006097560975609756097
2379;6981;0,006097560975609756097
2379;7030;0,006097560975609756097
2379;7049;0,006097560975609756097
2379;7116;0,006097560975609756097
2379;7160;0,006097560975609756097
2379;7334;0,006097560975609756097
2379;8095;0,006097560975609756097
2379;8630;0,006097560975609756097
2379;9125;0,006097560975609756097
2379;9258;0,006097560975609756097
2379;9330;0,006097560975609756097
2379;9691;0,006097560975609756097
2379;10018;0,006097560975609756097
2379;10019;0,006097560975609756097
2379;10020;0,012195121951219512195
2379;10021;0,006097560975609756097
2379;10197;0,006097560975609756097
2379;10595;0,006097560975609756097
2379;11680;0,006097560975609756097
2379;12907;0,018292682926829268292
2379;13294;0,006097560975609756097
2379;13671;0,006097560975609756097
2379;13673;0,006097560975609756097
2379;13675;0,006097560975609756097
2379;13676;0,006097560975609756097
2379;17388;0,012195121951219512195
2379;23646;0,006097560975609756097
2379;23719;0,006097560975609756097
2379;23735;0,006097560975609756097
2379;24370;0,006097560975609756097
2379;216172;0,006097560975609756097
2380;3135;1,000000000000000000000
2383;2600;0,250000000000000000000
2383;3877;0,250000000000000000000
2383;5603;0,250000000000000000000
2383;6812;0,250000000000000000000
2385;1121;0,111111111111111111111
2385;2779;0,111111111111111111111
2385;3269;0,111111111111111111111
2385;4765;0,111111111111111111111
2385;5629;0,111111111111111111111
2385;7564;0,333333333333333333333
2385;8633;0,111111111111111111111
2388;2851;0,500000000000000000000
2388;28006;0,500000000000000000000
2390;4398;1,000000000000000000000
2414;10352;1,000000000000000000000
2418;8633;1,000000000000000000000
2419;356;0,600000000000000000000
2419;1220;0,400000000000000000000
2421;2156;1,000000000000000000000
2422;27065;1,000000000000000000000
2423;20307;1,000000000000000000000
2424;1705;1,000000000000000000000
2427;1498;1,000000000000000000000
2428;2296;1,000000000000000000000
2433;608;1,000000000000000000000
2434;611;0,250000000000000000000
2434;3085;0,500000000000000000000
2434;5119;0,250000000000000000000
2436;219;0,500000000000000000000
2436;719;0,500000000000000000000
2438;1951;0,200000000000000000000
2438;2337;0,200000000000000000000
2438;3071;0,400000000000000000000
2438;4794;0,200000000000000000000
2445;527;0,083333333333333333333
2445;983;0,166666666666666666666
2445;1278;0,083333333333333333333
2445;2832;0,083333333333333333333
2445;3235;0,083333333333333333333
2445;3802;0,416666666666666666666
2445;4345;0,083333333333333333333
2450;420;1,000000000000000000000
2455;9258;1,000000000000000000000
2464;2741;0,200000000000000000000
2464;5824;0,400000000000000000000
2464;12864;0,200000000000000000000
2464;30415;0,200000000000000000000
2467;3176;0,200000000000000000000
2467;3465;0,200000000000000000000
2467;5175;0,200000000000000000000
2467;16845;0,200000000000000000000
2467;184987;0,200000000000000000000
2470;1766;1,000000000000000000000
2474;248;0,111111111111111111111
2474;2523;0,111111111111111111111
2474;2716;0,555555555555555555555
2474;3381;0,111111111111111111111
2474;10197;0,111111111111111111111
2479;645;0,111111111111111111111
2479;1910;0,055555555555555555555
2479;4024;0,055555555555555555555
2479;6027;0,055555555555555555555
2479;9968;0,111111111111111111111
2479;16786;0,111111111111111111111
2479;237945;0,055555555555555555555
2479;324897;0,055555555555555555555
2479;328404;0,388888888888888888888
2484;1293;0,333333333333333333333
2484;14050;0,333333333333333333333
2484;17762;0,333333333333333333333
2487;4729;0,500000000000000000000
2487;5306;0,500000000000000000000
2489;1831;0,250000000000000000000
2489;2863;0,250000000000000000000
2489;3096;0,500000000000000000000
2492;4755;1,000000000000000000000
2493;1504;0,200000000000000000000
2493;2175;0,200000000000000000000
2493;3825;0,200000000000000000000
2493;5239;0,200000000000000000000
2493;5513;0,200000000000000000000
2494;2005;0,333333333333333333333
2494;547708;0,666666666666666666666
2498;2469;0,500000000000000000000
2498;7941;0,500000000000000000000
2503;14073;1,000000000000000000000
2504;13265;1,000000000000000000000
2506;1697;0,600000000000000000000
2506;2828;0,200000000000000000000
2506;5753;0,200000000000000000000
2509;132;0,200000000000000000000
2509;1228;0,200000000000000000000
2509;1297;0,200000000000000000000
2509;1457;0,200000000000000000000
2509;12706;0,200000000000000000000
2515;96;0,142857142857142857142
2515;241;0,142857142857142857142
2515;678;0,071428571428571428571
2515;980;0,071428571428571428571
2515;2514;0,071428571428571428571
2515;3005;0,071428571428571428571
2515;3045;0,071428571428571428571
2515;5174;0,071428571428571428571
2515;219132;0,071428571428571428571
2515;281170;0,214285714285714285714
2516;219;0,333333333333333333333
2516;455;0,083333333333333333333
2516;668;0,083333333333333333333
2516;876;0,083333333333333333333
2516;2518;0,333333333333333333333
2516;3053;0,083333333333333333333
2518;219;0,363636363636363636363
2518;324;0,181818181818181818181
2518;2516;0,454545454545454545454
2520;1459;1,000000000000000000000
2522;1030;1,000000000000000000000
2547;352;0,250000000000000000000
2547;1117;0,250000000000000000000
2547;1316;0,250000000000000000000
2547;4004;0,250000000000000000000
2551;1295;0,250000000000000000000
2551;4621;0,500000000000000000000
2551;5626;0,250000000000000000000
2554;3876;1,000000000000000000000
2555;423;0,500000000000000000000
2555;9352;0,500000000000000000000
2559;50332;1,000000000000000000000
2561;356;1,000000000000000000000
2576;38;1,000000000000000000000
2578;777;0,166666666666666666666
2578;979;0,166666666666666666666
2578;1076;0,166666666666666666666
2578;3675;0,166666666666666666666
2578;4361;0,166666666666666666666
2578;4434;0,166666666666666666666
2586;373;0,166666666666666666666
2586;766;0,166666666666666666666
2586;841;0,166666666666666666666
2586;878;0,333333333333333333333
2586;57838;0,166666666666666666666
2591;2398;0,200000000000000000000
2591;2559;0,200000000000000000000
2591;3096;0,200000000000000000000
2591;3610;0,200000000000000000000
2591;3859;0,200000000000000000000
2596;266;0,500000000000000000000
2596;3320;0,500000000000000000000
2598;10080;1,000000000000000000000
2600;585;0,500000000000000000000
2600;4892;0,500000000000000000000
2605;3877;1,000000000000000000000
2607;3971;1,000000000000000000000
2642;13141;1,000000000000000000000
2647;484;1,000000000000000000000
2652;28397;1,000000000000000000000
2657;586968;1,000000000000000000000
2659;669;0,666666666666666666666
2659;1225;0,333333333333333333333
2661;678;0,210526315789473684210
2661;1149;0,052631578947368421052
2661;1889;0,368421052631578947368
2661;2713;0,052631578947368421052
2661;7160;0,315789473684210526315
2664;432293;1,000000000000000000000
2678;288;0,125000000000000000000
2678;891;0,125000000000000000000
2678;1002;0,250000000000000000000
2678;2371;0,125000000000000000000
2678;2679;0,125000000000000000000
2678;7859;0,125000000000000000000
2678;10860;0,125000000000000000000
2679;2678;1,000000000000000000000
2684;113;0,032258064516129032258
2684;763;0,096774193548387096774
2684;992;0,258064516129032258064
2684;1234;0,032258064516129032258
2684;1235;0,064516129032258064516
2684;1236;0,096774193548387096774
2684;1237;0,064516129032258064516
2684;1931;0,193548387096774193548
2684;21154;0,096774193548387096774
2684;115105;0,064516129032258064516
2697;2146;1,000000000000000000000
2704;1234;1,000000000000000000000
2706;1889;0,500000000000000000000
2706;3429;0,500000000000000000000
2712;213;0,454545454545454545454
2712;1637;0,545454545454545454545
2714;279;1,000000000000000000000
2716;2474;0,833333333333333333333
2716;10595;0,166666666666666666666
2737;3142;1,000000000000000000000
2738;2037;1,000000000000000000000
2739;242;0,333333333333333333333
2739;2736;0,500000000000000000000
2739;6503;0,166666666666666666666
2741;11;0,333333333333333333333
2741;2302;0,333333333333333333333
2741;4572;0,333333333333333333333
2761;1340;1,000000000000000000000
2779;524;1,000000000000000000000
2786;846;0,285714285714285714285
2786;965;0,142857142857142857142
2786;1066;0,071428571428571428571
2786;1681;0,071428571428571428571
2786;2697;0,142857142857142857142
2786;13795;0,285714285714285714285
2788;24;0,500000000000000000000
2788;30811;0,500000000000000000000
2791;999;1,000000000000000000000
2792;54;0,750000000000000000000
2792;1237;0,250000000000000000000
2803;16;0,012514220705346985210
2803;57;0,012514220705346985210
2803;71;0,012514220705346985210
2803;89;0,012514220705346985210
2803;129;0,012514220705346985210
2803;234;0,009101251422070534698
2803;309;0,012514220705346985210
2803;369;0,013651877133105802047
2803;644;0,012514220705346985210
2803;645;0,012514220705346985210
2803;827;0,012514220705346985210
2803;835;0,012514220705346985210
2803;890;0,012514220705346985210
2803;1022;0,012514220705346985210
2803;1040;0,009101251422070534698
2803;1143;0,012514220705346985210
2803;1152;0,012514220705346985210
2803;1231;0,012514220705346985210
2803;1276;0,010238907849829351535
2803;1612;0,012514220705346985210
2803;1657;0,013651877133105802047
2803;1948;0,012514220705346985210
2803;2109;0,012514220705346985210
2803;2355;0,012514220705346985210
2803;2414;0,012514220705346985210
2803;2479;0,013651877133105802047
2803;2487;0,012514220705346985210
2803;2736;0,012514220705346985210
2803;2739;0,010238907849829351535
2803;2802;0,012514220705346985210
2803;3098;0,012514220705346985210
2803;3123;0,012514220705346985210
2803;3128;0,013651877133105802047
2803;3141;0,012514220705346985210
2803;3145;0,013651877133105802047
2803;3237;0,009101251422070534698
2803;3399;0,012514220705346985210
2803;3574;0,012514220705346985210
2803;3852;0,012514220705346985210
2803;3953;0,012514220705346985210
2803;3967;0,012514220705346985210
2803;3996;0,012514220705346985210
2803;4024;0,013651877133105802047
2803;4159;0,011376564277588168373
2803;4160;0,012514220705346985210
2803;4306;0,012514220705346985210
2803;4501;0,012514220705346985210
2803;4695;0,012514220705346985210
2803;4852;0,001137656427758816837
2803;4853;0,012514220705346985210
2803;5136;0,012514220705346985210
2803;5306;0,012514220705346985210
2803;5338;0,012514220705346985210
2803;5607;0,012514220705346985210
2803;6027;0,001137656427758816837
2803;6045;0,010238907849829351535
2803;6495;0,013651877133105802047
2803;6496;0,012514220705346985210
2803;6497;0,010238907849829351535
2803;6498;0,014789533560864618885
2803;6499;0,012514220705346985210
2803;6501;0,012514220705346985210
2803;6502;0,012514220705346985210
2803;6503;0,013651877133105802047
2803;6504;0,012514220705346985210
2803;6505;0,012514220705346985210
2803;6506;0,012514220705346985210
2803;6509;0,012514220705346985210
2803;6511;0,012514220705346985210
2803;6512;0,012514220705346985210
2803;6513;0,011376564277588168373
2803;6514;0,011376564277588168373
2803;6515;0,012514220705346985210
2803;6517;0,012514220705346985210
2803;6518;0,010238907849829351535
2803;6520;0,010238907849829351535
2803;6523;0,009101251422070534698
2803;6524;0,012514220705346985210
2803;6527;0,012514220705346985210
2803;7686;0,012514220705346985210
2803;8238;0,012514220705346985210
2803;9968;0,001137656427758816837
2803;16786;0,001137656427758816837
2803;33180;0,001137656427758816837
2803;44211;0,006825938566552901023
2803;140271;0,015927189988623435722
2803;237945;0,001137656427758816837
2803;328404;0,001137656427758816837
2804;8050;1,000000000000000000000
2807;16076;1,000000000000000000000
2823;242;0,058823529411764705882
2823;373;0,058823529411764705882
2823;466;0,058823529411764705882
2823;594;0,058823529411764705882
2823;766;0,058823529411764705882
2823;841;0,058823529411764705882
2823;1101;0,058823529411764705882
2823;1234;0,058823529411764705882
2823;2586;0,058823529411764705882
2823;2738;0,058823529411764705882
2823;2740;0,058823529411764705882
2823;2830;0,058823529411764705882
2823;5219;0,058823529411764705882
2823;9402;0,058823529411764705882
2823;9403;0,058823529411764705882
2823;9442;0,058823529411764705882
2823;20801;0,058823529411764705882
2825;113;0,125000000000000000000
2825;127;0,125000000000000000000
2825;1402;0,250000000000000000000
2825;2657;0,125000000000000000000
2825;5921;0,250000000000000000000
2825;6213;0,125000000000000000000
2826;220;0,166666666666666666666
2826;1173;0,166666666666666666666
2826;1706;0,166666666666666666666
2826;2825;0,166666666666666666666
2826;7874;0,166666666666666666666
2826;27708;0,166666666666666666666
2830;2738;0,285714285714285714285
2830;6503;0,142857142857142857142
2830;20801;0,571428571428571428571
2832;9401;1,000000000000000000000
2834;292;0,125000000000000000000
2834;846;0,250000000000000000000
2834;1162;0,125000000000000000000
2834;2863;0,250000000000000000000
2834;7080;0,250000000000000000000
2838;3763;0,250000000000000000000
2838;8909;0,250000000000000000000
2838;26786;0,500000000000000000000
2850;1585;0,333333333333333333333
2850;2199;0,333333333333333333333
2850;5329;0,333333333333333333333
2884;1719;1,000000000000000000000
2890;1565;1,000000000000000000000
2916;1681;0,500000000000000000000
2916;7713;0,500000000000000000000
2932;733;0,250000000000000000000
2932;2948;0,750000000000000000000
2935;733;1,000000000000000000000
2948;2932;1,000000000000000000000
2972;1946;1,000000000000000000000
2976;149;0,400000000000000000000
2976;2196;0,200000000000000000000
2976;3971;0,400000000000000000000
2990;283;0,090909090909090909090
2990;285;0,181818181818181818181
2990;2111;0,090909090909090909090
2990;3234;0,181818181818181818181
2990;3393;0,181818181818181818181
2990;3838;0,090909090909090909090
2990;4376;0,181818181818181818181
2991;1868;0,500000000000000000000
2991;3359;0,166666666666666666666
2991;3429;0,166666666666666666666
2991;4020;0,166666666666666666666
2993;945;1,000000000000000000000
3007;1437;1,000000000000000000000
3017;749;1,000000000000000000000
3022;5071;0,500000000000000000000
3022;8237;0,500000000000000000000
3023;3022;1,000000000000000000000
3033;1866;0,250000000000000000000
3033;11527;0,250000000000000000000
3033;286660;0,500000000000000000000
3045;96;0,156250000000000000000
3045;241;0,031250000000000000000
3045;249;0,187500000000000000000
3045;268;0,031250000000000000000
3045;861;0,187500000000000000000
3045;1142;0,062500000000000000000
3045;1149;0,031250000000000000000
3045;1154;0,031250000000000000000
3045;1448;0,031250000000000000000
3045;1570;0,031250000000000000000
3045;1591;0,031250000000000000000
3045;1889;0,031250000000000000000
3045;2293;0,031250000000000000000
3045;2379;0,031250000000000000000
3045;2706;0,031250000000000000000
3045;3234;0,031250000000000000000
3045;12907;0,031250000000000000000
3049;2352;1,000000000000000000000
3071;2438;1,000000000000000000000
3085;190;0,014084507042253521126
3085;192;0,014084507042253521126
3085;524;0,014084507042253521126
3085;526;0,014084507042253521126
3085;528;0,014084507042253521126
3085;621;0,014084507042253521126
3085;841;0,014084507042253521126
3085;877;0,014084507042253521126
3085;960;0,056338028169014084507
3085;1066;0,014084507042253521126
3085;1122;0,042253521126760563380
3085;1326;0,014084507042253521126
3085;1401;0,056338028169014084507
3085;1942;0,014084507042253521126
3085;2071;0,014084507042253521126
3085;2146;0,014084507042253521126
3085;2147;0,126760563380281690140
3085;2434;0,042253521126760563380
3085;2644;0,014084507042253521126
3085;2697;0,028169014084507042253
3085;4146;0,070422535211267605633
3085;4147;0,014084507042253521126
3085;4281;0,014084507042253521126
3085;5367;0,042253521126760563380
3085;5441;0,014084507042253521126
3085;5632;0,014084507042253521126
3085;5691;0,028169014084507042253
3085;7759;0,014084507042253521126
3085;9356;0,098591549295774647887
3085;10658;0,042253521126760563380
3085;14899;0,028169014084507042253
3085;17323;0,014084507042253521126
3085;151009;0,028169014084507042253
3085;151929;0,014084507042253521126
3085;326597;0,014084507042253521126
3087;669;1,000000000000000000000
3095;249;0,062500000000000000000
3095;396;0,062500000000000000000
3095;454;0,031250000000000000000
3095;522;0,062500000000000000000
3095;891;0,093750000000000000000
3095;990;0,062500000000000000000
3095;1064;0,062500000000000000000
3095;1122;0,031250000000000000000
3095;1314;0,062500000000000000000
3095;2080;0,062500000000000000000
3095;2184;0,062500000000000000000
3095;2644;0,062500000000000000000
3095;3096;0,062500000000000000000
3095;3098;0,062500000000000000000
3095;3099;0,062500000000000000000
3095;3100;0,062500000000000000000
3095;41776;0,031250000000000000000
3096;2489;0,500000000000000000000
3096;4794;0,500000000000000000000
3098;835;1,000000000000000000000
3101;16076;1,000000000000000000000
3103;540;0,142857142857142857142
3103;4020;0,285714285714285714285
3103;6723;0,428571428571428571428
3103;10020;0,142857142857142857142
3105;119;0,052631578947368421052
3105;174;0,105263157894736842105
3105;550;0,052631578947368421052
3105;669;0,052631578947368421052
3105;846;0,052631578947368421052
3105;1254;0,105263157894736842105
3105;1681;0,157894736842105263157
3105;4244;0,052631578947368421052
3105;4931;0,052631578947368421052
3105;8051;0,052631578947368421052
3105;27141;0,052631578947368421052
3105;114536;0,105263157894736842105
3105;179346;0,052631578947368421052
3105;512469;0,052631578947368421052
3122;4213;1,000000000000000000000
3123;4853;0,500000000000000000000
3123;14151;0,500000000000000000000
3141;309;0,055555555555555555555
3141;1231;0,055555555555555555555
3141;1965;0,111111111111111111111
3141;2736;0,055555555555555555555
3141;4232;0,055555555555555555555
3141;6503;0,222222222222222222222
3141;9968;0,055555555555555555555
3141;16786;0,166666666666666666666
3141;57838;0,111111111111111111111
3141;75555;0,055555555555555555555
3141;333343;0,055555555555555555555
3142;1286;0,166666666666666666666
3142;2737;0,500000000000000000000
3142;14465;0,333333333333333333333
3143;365;0,083333333333333333333
3143;703;0,083333333333333333333
3143;1280;0,083333333333333333333
3143;2362;0,166666666666666666666
3143;3325;0,083333333333333333333
3143;3378;0,083333333333333333333
3143;3966;0,083333333333333333333
3143;6800;0,083333333333333333333
3143;7416;0,083333333333333333333
3143;9194;0,083333333333333333333
3143;9195;0,083333333333333333333
3145;2736;0,333333333333333333333
3145;9968;0,666666666666666666666
3158;1563;1,000000000000000000000
3164;652;1,000000000000000000000
3169;4222;0,750000000000000000000
3169;6929;0,250000000000000000000
3176;520;0,066666666666666666666
3176;1397;0,066666666666666666666
3176;1606;0,200000000000000000000
3176;1762;0,066666666666666666666
3176;2464;0,066666666666666666666
3176;3986;0,133333333333333333333
3176;6543;0,066666666666666666666
3176;8109;0,066666666666666666666
3176;16845;0,200000000000000000000
3176;28551;0,066666666666666666666
3188;1512;1,000000000000000000000
3189;194;0,500000000000000000000
3189;3551;0,500000000000000000000
3209;525;1,000000000000000000000
3212;609;0,250000000000000000000
3212;1082;0,750000000000000000000
3214;1728;1,000000000000000000000
3222;428;0,400000000000000000000
3222;1092;0,600000000000000000000
3223;276780;1,000000000000000000000
3230;550;0,500000000000000000000
3230;5657;0,500000000000000000000
3233;990;1,000000000000000000000
3250;1100;0,250000000000000000000
3250;7624;0,750000000000000000000
3251;59;0,250000000000000000000
3251;10892;0,750000000000000000000
3256;738;0,142857142857142857142
3256;1046;0,142857142857142857142
3256;1589;0,142857142857142857142
3256;14151;0,142857142857142857142
3256;189452;0,285714285714285714285
3256;190971;0,142857142857142857142
3269;2385;1,000000000000000000000
3271;758;0,166666666666666666666
3271;1060;0,666666666666666666666
3271;1780;0,166666666666666666666
3292;27557;1,000000000000000000000
3296;192;0,250000000000000000000
3296;5214;0,250000000000000000000
3296;5564;0,250000000000000000000
3296;9413;0,250000000000000000000
3301;2182;1,000000000000000000000
3315;232;0,250000000000000000000
3315;1561;0,500000000000000000000
3315;27734;0,250000000000000000000
3325;1236;0,666666666666666666666
3325;3143;0,333333333333333333333
3340;371;0,150000000000000000000
3340;468;0,025000000000000000000
3340;588;0,100000000000000000000
3340;952;0,075000000000000000000
3340;1162;0,050000000000000000000
3340;1284;0,075000000000000000000
3340;2128;0,025000000000000000000
3340;2129;0,075000000000000000000
3340;2335;0,050000000000000000000
3340;2549;0,025000000000000000000
3340;2647;0,075000000000000000000
3340;2804;0,025000000000000000000
3340;3180;0,075000000000000000000
3340;3341;0,075000000000000000000
3340;3347;0,050000000000000000000
3340;3348;0,025000000000000000000
3340;3350;0,025000000000000000000
3345;588;1,000000000000000000000
3356;3714;0,500000000000000000000
3356;9418;0,500000000000000000000
3359;1321;0,090909090909090909090
3359;2195;0,454545454545454545454
3359;2506;0,090909090909090909090
3359;5753;0,272727272727272727272
3359;140271;0,090909090909090909090
3360;5915;1,000000000000000000000
3381;2379;1,000000000000000000000
3383;36;0,142857142857142857142
3383;196;0,142857142857142857142
3383;284;0,142857142857142857142
3383;6641;0,428571428571428571428
3383;28853;0,142857142857142857142
3393;96;0,100000000000000000000
3393;285;0,050000000000000000000
3393;845;0,150000000000000000000
3393;1235;0,150000000000000000000
3393;1236;0,050000000000000000000
3393;1262;0,150000000000000000000
3393;1967;0,100000000000000000000
3393;2990;0,050000000000000000000
3393;5626;0,050000000000000000000
3393;6723;0,150000000000000000000
3394;9925;1,000000000000000000000
3395;72;0,500000000000000000000
3395;2203;0,500000000000000000000
3399;1948;0,333333333333333333333
3399;2355;0,333333333333333333333
3399;3574;0,222222222222222222222
3399;6505;0,111111111111111111111
3401;6915;1,000000000000000000000
3414;911;0,250000000000000000000
3414;4262;0,500000000000000000000
3414;57838;0,250000000000000000000
3418;2506;1,000000000000000000000
3420;1171;0,500000000000000000000
3420;5513;0,500000000000000000000
3427;174;0,250000000000000000000
3427;1064;0,083333333333333333333
3427;1402;0,083333333333333333333
3427;2367;0,083333333333333333333
3427;3095;0,083333333333333333333
3427;4085;0,083333333333333333333
3427;4518;0,083333333333333333333
3427;8212;0,083333333333333333333
3427;114536;0,166666666666666666666
3429;101;0,142857142857142857142
3429;226;0,142857142857142857142
3429;2706;0,285714285714285714285
3429;3608;0,285714285714285714285
3429;4787;0,142857142857142857142
3443;876;0,400000000000000000000
3443;1131;0,200000000000000000000
3443;1248;0,200000000000000000000
3443;321395;0,200000000000000000000
3446;427;0,500000000000000000000
3446;28118;0,500000000000000000000
3449;9215;1,000000000000000000000
3458;576;0,071428571428571428571
3458;3499;0,571428571428571428571
3458;3694;0,071428571428571428571
3458;4639;0,071428571428571428571
3458;7111;0,071428571428571428571
3458;13796;0,071428571428571428571
3458;27489;0,071428571428571428571
3465;407;0,500000000000000000000
3465;26354;0,500000000000000000000
3475;59745;1,000000000000000000000
3476;418;1,000000000000000000000
3485;2133;0,250000000000000000000
3485;2291;0,750000000000000000000
3499;3458;0,500000000000000000000
3499;13796;0,500000000000000000000
3515;219;0,666666666666666666666
3515;3443;0,333333333333333333333
3518;609;0,250000000000000000000
3518;1637;0,750000000000000000000
3523;71;0,111111111111111111111
3523;276;0,111111111111111111111
3523;662;0,222222222222222222222
3523;1473;0,222222222222222222222
3523;59745;0,111111111111111111111
3523;98841;0,111111111111111111111
3523;366089;0,111111111111111111111
3528;972;0,500000000000000000000
3528;6543;0,500000000000000000000
3551;1293;1,000000000000000000000
3560;66075;1,000000000000000000000
3586;1756;0,583333333333333333333
3586;3585;0,083333333333333333333
3586;7699;0,166666666666666666666
3586;9831;0,166666666666666666666
3587;1314;1,000000000000000000000
3590;1171;1,000000000000000000000
3591;5564;1,000000000000000000000
3601;1547;0,500000000000000000000
3601;281170;0,500000000000000000000
3608;251;0,200000000000000000000
3608;772;0,100000000000000000000
3608;937;0,100000000000000000000
3608;3429;0,400000000000000000000
3608;37812;0,200000000000000000000
3610;1085;0,500000000000000000000
3610;2591;0,500000000000000000000
3619;1448;0,500000000000000000000
3619;2181;0,500000000000000000000
3625;80;0,333333333333333333333
3625;502;0,333333333333333333333
3625;3515;0,333333333333333333333
3633;242258;0,500000000000000000000
3633;247698;0,500000000000000000000
3656;4349;0,200000000000000000000
3656;11382;0,400000000000000000000
3656;20666;0,200000000000000000000
3656;27422;0,200000000000000000000
3665;5484;1,000000000000000000000
3671;9615;1,000000000000000000000
3675;1010;0,500000000000000000000
3675;5142;0,500000000000000000000
3685;2350;0,083333333333333333333
3685;5627;0,333333333333333333333
3685;8267;0,166666666666666666666
3685;8306;0,333333333333333333333
3685;51102;0,083333333333333333333
3696;594;1,000000000000000000000
3697;1517;1,000000000000000000000
3738;475;1,000000000000000000000
3753;5578;1,000000000000000000000
3781;4086;1,000000000000000000000
3802;1277;0,111111111111111111111
3802;2445;0,222222222222222222222
3802;2990;0,666666666666666666666
3809;113392;1,000000000000000000000
3815;1949;1,000000000000000000000
3825;9681;1,000000000000000000000
3827;4292;1,000000000000000000000
3836;2598;1,000000000000000000000
3838;285;1,000000000000000000000
3842;2105;0,058823529411764705882
3842;5010;0,294117647058823529411
3842;5037;0,647058823529411764705
3852;89;1,000000000000000000000
3857;96;1,000000000000000000000
3859;50332;1,000000000000000000000
3867;267;1,000000000000000000000
3871;771;1,000000000000000000000
3872;284426;1,000000000000000000000
3876;311;0,500000000000000000000
3876;2554;0,500000000000000000000
3877;273;0,043478260869565217391
3877;571;0,043478260869565217391
3877;750;0,043478260869565217391
3877;2383;0,043478260869565217391
3877;2605;0,130434782608695652173
3877;3256;0,043478260869565217391
3877;3944;0,043478260869565217391
3877;4307;0,043478260869565217391
3877;4578;0,043478260869565217391
3877;4681;0,043478260869565217391
3877;6788;0,043478260869565217391
3877;6913;0,043478260869565217391
3877;8648;0,043478260869565217391
3877;9940;0,043478260869565217391
3877;13398;0,043478260869565217391
3877;13814;0,043478260869565217391
3877;17426;0,086956521739130434782
3877;58138;0,043478260869565217391
3877;328526;0,043478260869565217391
3877;343424;0,043478260869565217391
3891;201;0,500000000000000000000
3891;13158;0,500000000000000000000
3911;2850;0,666666666666666666666
3911;14683;0,333333333333333333333
3944;3877;1,000000000000000000000
3957;12706;1,000000000000000000000
3968;1877;1,000000000000000000000
3971;1629;0,166666666666666666666
3971;2607;0,666666666666666666666
3971;2976;0,166666666666666666666
3975;1310;0,333333333333333333333
3975;1868;0,333333333333333333333
3975;3575;0,333333333333333333333
3978;38;1,000000000000000000000
3980;4374;1,000000000000000000000
3985;4431;1,000000000000000000000
3991;1282;1,000000000000000000000
3992;1448;1,000000000000000000000
3996;89;0,500000000000000000000
3996;140271;0,250000000000000000000
3996;328404;0,250000000000000000000
3998;2697;0,200000000000000000000
3998;5444;0,400000000000000000000
3998;9217;0,200000000000000000000
3998;9386;0,200000000000000000000
4004;1307;0,600000000000000000000
4004;2547;0,200000000000000000000
4004;3763;0,200000000000000000000
4020;71;0,214285714285714285714
4020;135;0,142857142857142857142
4020;695;0,071428571428571428571
4020;1316;0,142857142857142857142
4020;3235;0,142857142857142857142
4020;12432;0,142857142857142857142
4020;12816;0,142857142857142857142
4024;1276;1,000000000000000000000
4041;12706;0,500000000000000000000
4041;28602;0,500000000000000000000
4059;196;0,666666666666666666666
4059;5004;0,333333333333333333333
4078;414;1,000000000000000000000
4080;4081;0,500000000000000000000
4080;4825;0,500000000000000000000
4081;10175;1,000000000000000000000
4090;2001;1,000000000000000000000
4091;8268;1,000000000000000000000
4099;839;1,000000000000000000000
4101;1053;1,000000000000000000000
4102;1949;1,000000000000000000000
4108;6812;1,000000000000000000000
4117;1547;0,500000000000000000000
4117;3381;0,500000000000000000000
4145;2004;0,037037037037037037037
4145;2005;0,037037037037037037037
4145;2175;0,259259259259259259259
4145;2264;0,037037037037037037037
4145;3178;0,018518518518518518518
4145;8223;0,018518518518518518518
4145;8373;0,055555555555555555555
4145;65998;0,277777777777777777777
4145;66075;0,259259259259259259259
4146;9;0,017857142857142857142
4146;77;0,017857142857142857142
4146;206;0,017857142857142857142
4146;521;0,017857142857142857142
4146;528;0,017857142857142857142
4146;529;0,017857142857142857142
4146;1066;0,035714285714285714285
4146;1122;0,017857142857142857142
4146;1150;0,017857142857142857142
4146;1419;0,017857142857142857142
4146;1473;0,017857142857142857142
4146;1838;0,017857142857142857142
4146;1866;0,017857142857142857142
4146;1971;0,017857142857142857142
4146;2027;0,017857142857142857142
4146;2039;0,017857142857142857142
4146;2041;0,017857142857142857142
4146;2046;0,017857142857142857142
4146;2054;0,017857142857142857142
4146;2059;0,017857142857142857142
4146;2150;0,017857142857142857142
4146;2492;0,017857142857142857142
4146;3147;0,017857142857142857142
4146;3680;0,017857142857142857142
4146;3800;0,017857142857142857142
4146;3983;0,017857142857142857142
4146;4070;0,017857142857142857142
4146;4237;0,017857142857142857142
4146;4271;0,053571428571428571428
4146;4414;0,071428571428571428571
4146;4755;0,017857142857142857142
4146;5487;0,017857142857142857142
4146;5557;0,017857142857142857142
4146;6320;0,017857142857142857142
4146;8156;0,017857142857142857142
4146;8623;0,017857142857142857142
4146;9110;0,017857142857142857142
4146;9390;0,017857142857142857142
4146;9391;0,017857142857142857142
4146;9399;0,017857142857142857142
4146;9400;0,017857142857142857142
4146;9417;0,017857142857142857142
4146;9431;0,017857142857142857142
4146;11030;0,017857142857142857142
4146;18251;0,017857142857142857142
4146;18264;0,017857142857142857142
4146;25849;0,017857142857142857142
4146;27500;0,017857142857142857142
4146;27902;0,017857142857142857142
4146;28264;0,017857142857142857142
4147;2146;0,600000000000000000000
4147;2697;0,200000000000000000000
4147;59841;0,200000000000000000000
4148;239964;1,000000000000000000000
4159;44211;1,000000000000000000000
4173;668;0,333333333333333333333
4173;754;0,666666666666666666666
4179;50332;1,000000000000000000000
4187;5922;1,000000000000000000000
4213;3122;1,000000000000000000000
4215;36;0,166666666666666666666
4215;334;0,166666666666666666666
4215;1963;0,166666666666666666666
4215;3557;0,166666666666666666666
4215;5597;0,333333333333333333333
4225;520;0,333333333333333333333
4225;4622;0,333333333333333333333
4225;160268;0,333333333333333333333
4228;793;1,000000000000000000000
4232;1949;0,500000000000000000000
4232;3141;0,500000000000000000000
4237;2147;1,000000000000000000000
4244;11330;1,000000000000000000000
4262;3414;1,000000000000000000000
4268;9720;1,000000000000000000000
4271;5691;1,000000000000000000000
4278;538;0,375000000000000000000
4278;1850;0,625000000000000000000
4280;3116;0,500000000000000000000
4280;5351;0,500000000000000000000
4281;190;0,142857142857142857142
4281;1326;0,142857142857142857142
4281;1335;0,142857142857142857142
4281;3116;0,142857142857142857142
4281;6213;0,142857142857142857142
4281;9433;0,142857142857142857142
4281;151929;0,142857142857142857142
4299;4471;1,000000000000000000000
4307;3877;0,166666666666666666666
4307;4345;0,166666666666666666666
4307;6812;0,166666666666666666666
4307;7578;0,166666666666666666666
4307;12159;0,166666666666666666666
4307;352420;0,166666666666666666666
4313;11;0,100000000000000000000
4313;101;0,200000000000000000000
4313;249;0,100000000000000000000
4313;472;0,100000000000000000000
4313;1142;0,200000000000000000000
4313;3459;0,100000000000000000000
4313;8095;0,200000000000000000000
4345;428;0,111111111111111111111
4345;520;0,111111111111111111111
4345;522;0,111111111111111111111
4345;527;0,222222222222222222222
4345;2445;0,333333333333333333333
4345;3088;0,111111111111111111111
4364;192;0,333333333333333333333
4364;2271;0,166666666666666666666
4364;5219;0,333333333333333333333
4364;5564;0,166666666666666666666
4376;11;0,142857142857142857142
4376;101;0,047619047619047619047
4376;283;0,095238095238095238095
4376;455;0,047619047619047619047
4376;861;0,047619047619047619047
4376;1495;0,047619047619047619047
4376;1499;0,095238095238095238095
4376;1827;0,095238095238095238095
4376;2472;0,047619047619047619047
4376;2713;0,047619047619047619047
4376;2990;0,142857142857142857142
4376;4787;0,047619047619047619047
4376;10595;0,047619047619047619047
4376;13670;0,047619047619047619047
4377;652;0,500000000000000000000
4377;1162;0,500000000000000000000
4384;380454;0,500000000000000000000
4384;494193;0,500000000000000000000
4398;2390;0,500000000000000000000
4398;4592;0,500000000000000000000
4414;65;0,120000000000000000000
4414;77;0,120000000000000000000
4414;1393;0,080000000000000000000
4414;1866;0,040000000000000000000
4414;2195;0,080000000000000000000
4414;3085;0,040000000000000000000
4414;4146;0,080000000000000000000
4414;4271;0,040000000000000000000
4414;7747;0,120000000000000000000
4414;17323;0,040000000000000000000
4414;28250;0,120000000000000000000
4414;53012;0,120000000000000000000
4421;796;0,583333333333333333333
4421;1018;0,083333333333333333333
4421;1293;0,083333333333333333333
4421;4991;0,166666666666666666666
4421;5470;0,083333333333333333333
4431;1991;1,000000000000000000000
4432;4471;1,000000000000000000000
4434;8081;1,000000000000000000000
4435;20476;0,500000000000000000000
4435;37813;0,500000000000000000000
4440;1597;0,500000000000000000000
4440;4299;0,500000000000000000000
4470;104;1,000000000000000000000
4471;163;0,333333333333333333333
4471;777;0,333333333333333333333
4471;4432;0,333333333333333333333
4472;937;1,000000000000000000000
4483;453;0,833333333333333333333
4483;1498;0,166666666666666666666
4486;1501;0,333333333333333333333
4486;3532;0,333333333333333333333
4486;7574;0,333333333333333333333
4491;9409;1,000000000000000000000
4500;1101;0,500000000000000000000
4500;1780;0,500000000000000000000
4501;6527;1,000000000000000000000
4507;2139;1,000000000000000000000
4512;71;0,250000000000000000000
4512;100;0,250000000000000000000
4512;135;0,250000000000000000000
4512;837;0,250000000000000000000
4518;174;0,166666666666666666666
4518;1064;0,166666666666666666666
4518;1563;0,333333333333333333333
4518;2367;0,166666666666666666666
4518;408414;0,166666666666666666666
4530;1118;1,000000000000000000000
4552;13;0,333333333333333333333
4552;41;0,333333333333333333333
4552;1261;0,333333333333333333333
4553;254;0,500000000000000000000
4553;1981;0,500000000000000000000
4561;5564;1,000000000000000000000
4572;2464;0,333333333333333333333
4572;2741;0,666666666666666666666
4592;285;0,166666666666666666666
4592;1591;0,166666666666666666666
4592;4398;0,666666666666666666666
4613;1149;1,000000000000000000000
4622;613;1,000000000000000000000
4627;6903;1,000000000000000000000
4629;648;1,000000000000000000000
4640;492;0,080000000000000000000
4640;995;0,440000000000000000000
4640;1282;0,120000000000000000000
4640;1754;0,280000000000000000000
4640;2008;0,080000000000000000000
4681;955;0,090909090909090909090
4681;956;0,636363636363636363636
4681;1751;0,090909090909090909090
4681;3877;0,181818181818181818181
4692;285;0,500000000000000000000
4692;4442;0,500000000000000000000
4697;3418;1,000000000000000000000
4719;1806;0,166666666666666666666
4719;1848;0,166666666666666666666
4719;2428;0,166666666666666666666
4719;2429;0,166666666666666666666
4719;3599;0,166666666666666666666
4719;14946;0,166666666666666666666
4722;10337;1,000000000000000000000
4750;148;0,333333333333333333333
4750;1596;0,333333333333333333333
4750;2362;0,333333333333333333333
4772;122436;1,000000000000000000000
4777;846;1,000000000000000000000
4787;355336;1,000000000000000000000
4794;2337;0,333333333333333333333
4794;2438;0,333333333333333333333
4794;3096;0,333333333333333333333
4821;6739;1,000000000000000000000
4825;4080;0,500000000000000000000
4825;7111;0,500000000000000000000
4853;835;0,200000000000000000000
4853;3098;0,800000000000000000000
4861;53224;1,000000000000000000000
4874;1100;0,200000000000000000000
4874;1171;0,400000000000000000000
4874;8165;0,200000000000000000000
4874;12745;0,200000000000000000000
4876;4877;0,666666666666666666666
4876;6461;0,333333333333333333333
4877;4876;1,000000000000000000000
4935;2288;1,000000000000000000000
4942;89703;1,000000000000000000000
4989;431565;1,000000000000000000000
5016;1180;0,500000000000000000000
5016;6483;0,500000000000000000000
5061;2117;0,166666666666666666666
5061;2129;0,166666666666666666666
5061;2198;0,333333333333333333333
5061;2335;0,166666666666666666666
5061;2352;0,166666666666666666666
5071;332;0,250000000000000000000
5071;3022;0,750000000000000000000
5082;1838;0,500000000000000000000
5082;2216;0,500000000000000000000
5083;1192;1,000000000000000000000
5093;612;1,000000000000000000000
5119;2434;0,500000000000000000000
5119;16076;0,500000000000000000000
5138;4752;1,000000000000000000000
5142;1142;0,111111111111111111111
5142;2291;0,222222222222222222222
5142;3675;0,111111111111111111111
5142;12876;0,555555555555555555555
5144;5442;0,500000000000000000000
5144;11536;0,500000000000000000000
5148;675;0,333333333333333333333
5148;10602;0,333333333333333333333
5148;13769;0,333333333333333333333
5149;5790;1,000000000000000000000
5158;182;0,200000000000000000000
5158;1820;0,400000000000000000000
5158;2272;0,400000000000000000000
5167;2052;0,500000000000000000000
5167;9433;0,500000000000000000000
5168;1137;1,000000000000000000000
5171;74;0,014285714285714285714
5171;176;0,014285714285714285714
5171;198;0,014285714285714285714
5171;371;0,014285714285714285714
5171;484;0,014285714285714285714
5171;579;0,014285714285714285714
5171;607;0,014285714285714285714
5171;635;0,014285714285714285714
5171;882;0,014285714285714285714
5171;886;0,014285714285714285714
5171;988;0,014285714285714285714
5171;1085;0,014285714285714285714
5171;1164;0,014285714285714285714
5171;1210;0,014285714285714285714
5171;1307;0,014285714285714285714
5171;1406;0,014285714285714285714
5171;1471;0,014285714285714285714
5171;1503;0,014285714285714285714
5171;1684;0,014285714285714285714
5171;1923;0,014285714285714285714
5171;2080;0,014285714285714285714
5171;2125;0,014285714285714285714
5171;2129;0,014285714285714285714
5171;2352;0,014285714285714285714
5171;2440;0,014285714285714285714
5171;2559;0,014285714285714285714
5171;2591;0,014285714285714285714
5171;2734;0,014285714285714285714
5171;2794;0,014285714285714285714
5171;2834;0,028571428571428571428
5171;3096;0,014285714285714285714
5171;3180;0,014285714285714285714
5171;3610;0,014285714285714285714
5171;3763;0,014285714285714285714
5171;3797;0,014285714285714285714
5171;3859;0,014285714285714285714
5171;4179;0,014285714285714285714
5171;4860;0,014285714285714285714
5171;5329;0,014285714285714285714
5171;5521;0,014285714285714285714
5171;5528;0,014285714285714285714
5171;5534;0,014285714285714285714
5171;6856;0,014285714285714285714
5171;7322;0,014285714285714285714
5171;7911;0,014285714285714285714
5171;7920;0,014285714285714285714
5171;8003;0,014285714285714285714
5171;8516;0,014285714285714285714
5171;9296;0,014285714285714285714
5171;10338;0,014285714285714285714
5171;10640;0,014285714285714285714
5171;11552;0,014285714285714285714
5171;12577;0,014285714285714285714
5171;12936;0,014285714285714285714
5171;13907;0,014285714285714285714
5171;14881;0,014285714285714285714
5171;15762;0,014285714285714285714
5171;15888;0,014285714285714285714
5171;22211;0,014285714285714285714
5171;25488;0,014285714285714285714
5171;37811;0,014285714285714285714
5171;37815;0,014285714285714285714
5171;47352;0,014285714285714285714
5171;50332;0,014285714285714285714
5171;50959;0,014285714285714285714
5171;55041;0,014285714285714285714
5171;95154;0,014285714285714285714
5171;173893;0,028571428571428571428
5177;1162;0,142857142857142857142
5177;3436;0,142857142857142857142
5177;4621;0,428571428571428571428
5177;40961;0,142857142857142857142
5177;385198;0,142857142857142857142
5214;3296;0,666666666666666666666
5214;5564;0,333333333333333333333
5289;285;1,000000000000000000000
5306;89;0,090909090909090909090
5306;1040;0,181818181818181818181
5306;1276;0,090909090909090909090
5306;2487;0,181818181818181818181
5306;3237;0,181818181818181818181
5306;4501;0,090909090909090909090
5306;6523;0,090909090909090909090
5306;237945;0,090909090909090909090
5309;8322;1,000000000000000000000
5329;211;0,333333333333333333333
5329;885;0,333333333333333333333
5329;2850;0,333333333333333333333
5338;835;0,500000000000000000000
5338;1143;0,500000000000000000000
5360;392;0,666666666666666666666
5360;1894;0,166666666666666666666
5360;8566;0,166666666666666666666
5367;2146;0,555555555555555555555
5367;2195;0,222222222222222222222
5367;3085;0,222222222222222222222
5392;3842;0,500000000000000000000
5392;6634;0,500000000000000000000
5395;8749;1,000000000000000000000
5415;320;1,000000000000000000000
5437;28235;1,000000000000000000000
5440;794;0,250000000000000000000
5440;1596;0,250000000000000000000
5440;7866;0,500000000000000000000
5444;621;0,333333333333333333333
5444;3998;0,666666666666666666666
5445;621;1,000000000000000000000
5449;3911;0,300000000000000000000
5449;5083;0,500000000000000000000
5449;7183;0,100000000000000000000
5449;55041;0,100000000000000000000
5459;887;1,000000000000000000000
5464;2798;0,500000000000000000000
5464;5010;0,500000000000000000000
5470;216;0,500000000000000000000
5470;1293;0,250000000000000000000
5470;5635;0,250000000000000000000
5478;1629;1,000000000000000000000
5500;1448;1,000000000000000000000
5513;3420;1,000000000000000000000
5519;9438;1,000000000000000000000
5534;1192;1,000000000000000000000
5543;7701;0,666666666666666666666
5543;9905;0,333333333333333333333
5564;192;0,112903225806451612903
5564;496;0,048387096774193548387
5564;1667;0,048387096774193548387
5564;2037;0,048387096774193548387
5564;2046;0,032258064516129032258
5564;2223;0,016129032258064516129
5564;2271;0,048387096774193548387
5564;2272;0,064516129032258064516
5564;2359;0,048387096774193548387
5564;3296;0,048387096774193548387
5564;3591;0,048387096774193548387
5564;4222;0,016129032258064516129
5564;4364;0,048387096774193548387
5564;4561;0,048387096774193548387
5564;5214;0,048387096774193548387
5564;7762;0,048387096774193548387
5564;9387;0,032258064516129032258
5564;9413;0,048387096774193548387
5564;9432;0,048387096774193548387
5564;10946;0,048387096774193548387
5564;13372;0,048387096774193548387
5597;36;0,166666666666666666666
5597;334;0,166666666666666666666
5597;1963;0,166666666666666666666
5597;3557;0,166666666666666666666
5597;4215;0,333333333333333333333
5603;266;0,500000000000000000000
5603;585;0,500000000000000000000
5610;740;0,400000000000000000000
5610;1902;0,400000000000000000000
5610;3575;0,200000000000000000000
5613;115;0,010101010101010101010
5613;176;0,010101010101010101010
5613;198;0,010101010101010101010
5613;201;0,010101010101010101010
5613;360;0,010101010101010101010
5613;490;0,010101010101010101010
5613;579;0,010101010101010101010
5613;652;0,010101010101010101010
5613;844;0,010101010101010101010
5613;885;0,010101010101010101010
5613;886;0,010101010101010101010
5613;988;0,010101010101010101010
5613;1053;0,010101010101010101010
5613;1210;0,010101010101010101010
5613;1307;0,020202020202020202020
5613;1585;0,010101010101010101010
5613;1841;0,010101010101010101010
5613;1843;0,010101010101010101010
5613;1855;0,010101010101010101010
5613;1864;0,010101010101010101010
5613;1923;0,010101010101010101010
5613;1949;0,010101010101010101010
5613;1956;0,010101010101010101010
5613;2048;0,010101010101010101010
5613;2117;0,010101010101010101010
5613;2125;0,010101010101010101010
5613;2198;0,010101010101010101010
5613;2278;0,010101010101010101010
5613;2288;0,010101010101010101010
5613;2352;0,010101010101010101010
5613;2469;0,010101010101010101010
5613;2704;0,010101010101010101010
5613;2794;0,010101010101010101010
5613;2850;0,010101010101010101010
5613;2851;0,131313131313131313131
5613;2884;0,010101010101010101010
5613;3015;0,010101010101010101010
5613;3235;0,010101010101010101010
5613;3480;0,010101010101010101010
5613;3481;0,010101010101010101010
5613;3482;0,010101010101010101010
5613;3508;0,010101010101010101010
5613;3532;0,010101010101010101010
5613;3567;0,010101010101010101010
5613;3678;0,010101010101010101010
5613;3763;0,010101010101010101010
5613;3815;0,010101010101010101010
5613;3891;0,010101010101010101010
5613;3911;0,010101010101010101010
5613;4268;0,010101010101010101010
5613;4355;0,010101010101010101010
5613;4486;0,010101010101010101010
5613;4860;0,010101010101010101010
5613;5089;0,010101010101010101010
5613;5172;0,010101010101010101010
5613;5493;0,010101010101010101010
5613;5521;0,010101010101010101010
5613;6406;0,010101010101010101010
5613;6557;0,010101010101010101010
5613;6856;0,010101010101010101010
5613;6994;0,010101010101010101010
5613;6997;0,010101010101010101010
5613;7920;0,010101010101010101010
5613;9300;0,010101010101010101010
5613;9360;0,010101010101010101010
5613;9468;0,010101010101010101010
5613;10480;0,010101010101010101010
5613;10640;0,010101010101010101010
5613;12577;0,010101010101010101010
5613;13158;0,020202020202020202020
5613;13178;0,010101010101010101010
5613;13907;0,010101010101010101010
5613;14683;0,010101010101010101010
5613;14803;0,010101010101010101010
5613;14881;0,010101010101010101010
5613;15331;0,010101010101010101010
5613;15762;0,010101010101010101010
5613;15888;0,010101010101010101010
5613;16280;0,010101010101010101010
5613;18070;0,010101010101010101010
5613;22702;0,010101010101010101010
5613;22705;0,010101010101010101010
5613;22708;0,010101010101010101010
5613;22880;0,010101010101010101010
5613;453926;0,010101010101010101010
5617;293;0,416666666666666666666
5617;671;0,250000000000000000000
5617;2993;0,083333333333333333333
5617;13704;0,083333333333333333333
5617;17611;0,166666666666666666666
5626;6;0,008000000000000000000
5626;61;0,004000000000000000000
5626;66;0,004000000000000000000
5626;85;0,004000000000000000000
5626;184;0,008000000000000000000
5626;248;0,004000000000000000000
5626;306;0,004000000000000000000
5626;351;0,004000000000000000000
5626;375;0,008000000000000000000
5626;391;0,008000000000000000000
5626;393;0,008000000000000000000
5626;394;0,008000000000000000000
5626;396;0,008000000000000000000
5626;399;0,008000000000000000000
5626;400;0,008000000000000000000
5626;405;0,008000000000000000000
5626;407;0,040000000000000000000
5626;408;0,008000000000000000000
5626;409;0,008000000000000000000
5626;410;0,008000000000000000000
5626;411;0,008000000000000000000
5626;412;0,008000000000000000000
5626;416;0,008000000000000000000
5626;417;0,008000000000000000000
5626;418;0,008000000000000000000
5626;419;0,008000000000000000000
5626;458;0,004000000000000000000
5626;464;0,008000000000000000000
5626;502;0,008000000000000000000
5626;519;0,008000000000000000000
5626;713;0,008000000000000000000
5626;918;0,004000000000000000000
5626;964;0,004000000000000000000
5626;975;0,004000000000000000000
5626;999;0,004000000000000000000
5626;1058;0,008000000000000000000
5626;1085;0,008000000000000000000
5626;1135;0,008000000000000000000
5626;1140;0,008000000000000000000
5626;1180;0,012000000000000000000
5626;1221;0,008000000000000000000
5626;1222;0,008000000000000000000
5626;1295;0,004000000000000000000
5626;1313;0,008000000000000000000
5626;1326;0,004000000000000000000
5626;1335;0,004000000000000000000
5626;1340;0,012000000000000000000
5626;1510;0,008000000000000000000
5626;1556;0,004000000000000000000
5626;1696;0,008000000000000000000
5626;1727;0,008000000000000000000
5626;1762;0,008000000000000000000
5626;1862;0,008000000000000000000
5626;1894;0,008000000000000000000
5626;1949;0,004000000000000000000
5626;2004;0,008000000000000000000
5626;2129;0,004000000000000000000
5626;2137;0,008000000000000000000
5626;2140;0,008000000000000000000
5626;2204;0,008000000000000000000
5626;2375;0,004000000000000000000
5626;2467;0,008000000000000000000
5626;2488;0,008000000000000000000
5626;2494;0,008000000000000000000
5626;2499;0,004000000000000000000
5626;2551;0,004000000000000000000
5626;2559;0,008000000000000000000
5626;2569;0,008000000000000000000
5626;2571;0,004000000000000000000
5626;2585;0,012000000000000000000
5626;2591;0,008000000000000000000
5626;2630;0,008000000000000000000
5626;2694;0,008000000000000000000
5626;2815;0,004000000000000000000
5626;2961;0,008000000000000000000
5626;3033;0,008000000000000000000
5626;3038;0,008000000000000000000
5626;3176;0,008000000000000000000
5626;3188;0,004000000000000000000
5626;3393;0,008000000000000000000
5626;3401;0,004000000000000000000
5626;3449;0,008000000000000000000
5626;3465;0,008000000000000000000
5626;3476;0,004000000000000000000
5626;3513;0,008000000000000000000
5626;3532;0,004000000000000000000
5626;3585;0,004000000000000000000
5626;3586;0,004000000000000000000
5626;3610;0,004000000000000000000
5626;3779;0,004000000000000000000
5626;3829;0,004000000000000000000
5626;3891;0,008000000000000000000
5626;3905;0,012000000000000000000
5626;4486;0,004000000000000000000
5626;4876;0,008000000000000000000
5626;4877;0,004000000000000000000
5626;5012;0,004000000000000000000
5626;5016;0,004000000000000000000
5626;5175;0,008000000000000000000
5626;5338;0,008000000000000000000
5626;5567;0,008000000000000000000
5626;5591;0,008000000000000000000
5626;5681;0,004000000000000000000
5626;6447;0,008000000000000000000
5626;7072;0,008000000000000000000
5626;7095;0,008000000000000000000
5626;7574;0,008000000000000000000
5626;7585;0,008000000000000000000
5626;7626;0,008000000000000000000
5626;7699;0,004000000000000000000
5626;8000;0,004000000000000000000
5626;8172;0,008000000000000000000
5626;8223;0,008000000000000000000
5626;8268;0,004000000000000000000
5626;8744;0,008000000000000000000
5626;9098;0,008000000000000000000
5626;9296;0,004000000000000000000
5626;9309;0,008000000000000000000
5626;10341;0,008000000000000000000
5626;10435;0,008000000000000000000
5626;10475;0,008000000000000000000
5626;11138;0,008000000000000000000
5626;11235;0,008000000000000000000
5626;11458;0,004000000000000000000
5626;12596;0,012000000000000000000
5626;12660;0,008000000000000000000
5626;12670;0,008000000000000000000
5626;13552;0,008000000000000000000
5626;17265;0,008000000000000000000
5626;17267;0,008000000000000000000
5626;17279;0,008000000000000000000
5626;22211;0,004000000000000000000
5626;23562;0,008000000000000000000
5626;27866;0,008000000000000000000
5626;28360;0,008000000000000000000
5626;28416;0,008000000000000000000
5626;28476;0,008000000000000000000
5626;173893;0,008000000000000000000
5626;184987;0,008000000000000000000
5626;440497;0,004000000000000000000
5627;7648;0,333333333333333333333
5627;113392;0,666666666666666666666
5628;2293;0,500000000000000000000
5628;4825;0,500000000000000000000
5629;2385;1,000000000000000000000
5632;841;1,000000000000000000000
5635;1293;0,500000000000000000000
5635;3809;0,250000000000000000000
5635;15906;0,250000000000000000000
5638;2697;1,000000000000000000000
5640;5691;1,000000000000000000000
5691;1454;0,142857142857142857142
5691;3085;0,285714285714285714285
5691;5640;0,285714285714285714285
5691;9434;0,285714285714285714285
5698;1780;0,666666666666666666666
5698;7759;0,333333333333333333333
5753;1321;0,181818181818181818181
5753;1698;0,090909090909090909090
5753;2506;0,272727272727272727272
5753;3359;0,272727272727272727272
5753;7994;0,181818181818181818181
5776;310;0,500000000000000000000
5776;1799;0,500000000000000000000
5824;2464;1,000000000000000000000
5827;152076;1,000000000000000000000
5831;2421;1,000000000000000000000
5856;547;0,052631578947368421052
5856;612;0,052631578947368421052
5856;652;0,052631578947368421052
5856;923;0,052631578947368421052
5856;988;0,052631578947368421052
5856;1053;0,105263157894736842105
5856;1949;0,105263157894736842105
5856;3815;0,052631578947368421052
5856;4377;0,052631578947368421052
5856;4933;0,052631578947368421052
5856;5350;0,052631578947368421052
5856;13907;0,052631578947368421052
5856;17727;0,052631578947368421052
5856;24837;0,052631578947368421052
5856;24838;0,052631578947368421052
5856;24839;0,052631578947368421052
5856;367451;0,052631578947368421052
5886;362;0,666666666666666666666
5886;256951;0,333333333333333333333
5892;2318;0,500000000000000000000
5892;6581;0,500000000000000000000
5915;9992;1,000000000000000000000
5922;979;0,333333333333333333333
5922;19176;0,333333333333333333333
5922;276505;0,333333333333333333333
5935;1182;0,750000000000000000000
5935;1778;0,250000000000000000000
5960;1913;1,000000000000000000000
6000;120;0,076923076923076923076
6000;392;0,076923076923076923076
6000;410;0,153846153846153846153
6000;414;0,076923076923076923076
6000;415;0,076923076923076923076
6000;1727;0,076923076923076923076
6000;2140;0,076923076923076923076
6000;2822;0,076923076923076923076
6000;3513;0,076923076923076923076
6000;4078;0,076923076923076923076
6000;8237;0,076923076923076923076
6000;8566;0,076923076923076923076
6007;241;1,000000000000000000000
6008;241;1,000000000000000000000
6010;173893;1,000000000000000000000
6048;793;1,000000000000000000000
6058;2851;1,000000000000000000000
6072;174;1,000000000000000000000
6130;1374;0,666666666666666666666
6130;2792;0,333333333333333333333
6144;1454;0,500000000000000000000
6144;3049;0,500000000000000000000
6151;458;0,500000000000000000000
6151;1160;0,250000000000000000000
6151;1939;0,250000000000000000000
6169;1938;0,250000000000000000000
6169;4998;0,750000000000000000000
6189;4720;1,000000000000000000000
6190;1827;1,000000000000000000000
6213;10649;0,500000000000000000000
6213;57838;0,166666666666666666666
6213;98841;0,166666666666666666666
6213;151009;0,166666666666666666666
6234;2367;0,500000000000000000000
6234;4720;0,500000000000000000000
6236;2175;1,000000000000000000000
6297;3905;1,000000000000000000000
6316;2832;0,333333333333333333333
6316;5441;0,333333333333333333333
6316;8500;0,333333333333333333333
6347;241;0,333333333333333333333
6347;250;0,666666666666666666666
6349;428;1,000000000000000000000
6353;3143;0,500000000000000000000
6353;6250;0,500000000000000000000
6413;23886;1,000000000000000000000
6433;1946;0,666666666666666666666
6433;8165;0,333333333333333333333
6440;698;1,000000000000000000000
6444;85;1,000000000000000000000
6461;4091;0,500000000000000000000
6461;4876;0,500000000000000000000
6465;2503;1,000000000000000000000
6468;115;0,666666666666666666666
6468;4269;0,333333333333333333333
6483;5016;1,000000000000000000000
6497;5363;1,000000000000000000000
6498;178;1,000000000000000000000
6503;3141;0,428571428571428571428
6503;9968;0,285714285714285714285
6503;57838;0,285714285714285714285
6543;972;0,400000000000000000000
6543;3528;0,400000000000000000000
6543;3636;0,100000000000000000000
6543;10823;0,100000000000000000000
6548;497;0,250000000000000000000
6548;1780;0,750000000000000000000
6581;10080;0,100000000000000000000
6581;18247;0,500000000000000000000
6581;20969;0,400000000000000000000
6624;878;1,000000000000000000000
6641;1190;0,333333333333333333333
6641;3383;0,666666666666666666666
6694;545;0,500000000000000000000
6694;1596;0,500000000000000000000
6723;721;0,076923076923076923076
6723;1156;0,384615384615384615384
6723;1710;0,076923076923076923076
6723;3103;0,076923076923076923076
6723;3393;0,076923076923076923076
6723;13899;0,307692307692307692307
6765;6918;1,000000000000000000000
6773;682;1,000000000000000000000
6788;306;0,250000000000000000000
6788;567;0,250000000000000000000
6788;3877;0,500000000000000000000
6812;162;0,125000000000000000000
6812;955;0,125000000000000000000
6812;2383;0,250000000000000000000
6812;4108;0,125000000000000000000
6812;4307;0,250000000000000000000
6812;5603;0,125000000000000000000
6828;8933;1,000000000000000000000
6856;1843;1,000000000000000000000
6923;20474;1,000000000000000000000
6940;812;1,000000000000000000000
6986;648;0,666666666666666666666
6986;869;0,333333333333333333333
6992;1065;0,500000000000000000000
6992;2822;0,500000000000000000000
7005;9356;1,000000000000000000000
7030;1162;0,500000000000000000000
7030;1591;0,500000000000000000000
7049;284;0,166666666666666666666
7049;1583;0,666666666666666666666
7049;9330;0,166666666666666666666
7080;275;0,428571428571428571428
7080;826;0,428571428571428571428
7080;2834;0,142857142857142857142
7095;945;0,500000000000000000000
7095;4274;0,250000000000000000000
7095;319757;0,250000000000000000000
7111;1891;0,071428571428571428571
7111;2318;0,071428571428571428571
7111;3105;0,142857142857142857142
7111;3230;0,071428571428571428571
7111;3458;0,071428571428571428571
7111;3499;0,071428571428571428571
7111;5149;0,071428571428571428571
7111;6986;0,071428571428571428571
7111;7774;0,071428571428571428571
7111;11330;0,071428571428571428571
7111;13796;0,071428571428571428571
7111;415767;0,142857142857142857142
7116;678;1,000000000000000000000
7126;2512;1,000000000000000000000
7130;1316;1,000000000000000000000
7131;15975;1,000000000000000000000
7142;1779;1,000000000000000000000
7160;678;0,333333333333333333333
7160;1889;0,333333333333333333333
7160;2661;0,333333333333333333333
7183;9356;1,000000000000000000000
7209;320;0,823529411764705882352
7209;2206;0,058823529411764705882
7209;3957;0,058823529411764705882
7209;12706;0,058823529411764705882
7322;3091;1,000000000000000000000
7328;5144;0,500000000000000000000
7328;8618;0,500000000000000000000
7389;3212;1,000000000000000000000
7418;3957;0,666666666666666666666
7418;5212;0,333333333333333333333
7419;5190;1,000000000000000000000
7543;551;0,025641025641025641025
7543;1344;0,025641025641025641025
7543;1454;0,051282051282051282051
7543;1898;0,051282051282051282051
7543;2743;0,025641025641025641025
7543;2786;0,051282051282051282051
7543;3420;0,051282051282051282051
7543;3685;0,051282051282051282051
7543;5136;0,025641025641025641025
7543;7975;0,051282051282051282051
7543;8212;0,051282051282051282051
7543;12959;0,051282051282051282051
7543;152027;0,435897435897435897435
7543;329272;0,051282051282051282051
7546;5441;1,000000000000000000000
7560;282;0,333333333333333333333
7560;731;0,333333333333333333333
7560;15471;0,333333333333333333333
7572;4108;1,000000000000000000000
7574;407;0,200000000000000000000
7574;4486;0,200000000000000000000
7574;59745;0,200000000000000000000
7574;366089;0,400000000000000000000
7578;4307;1,000000000000000000000
7630;1913;1,000000000000000000000
7650;2212;1,000000000000000000000
7653;576;1,000000000000000000000
7686;645;0,333333333333333333333
7686;4306;0,333333333333333333333
7686;6511;0,333333333333333333333
7713;733;0,400000000000000000000
7713;2916;0,400000000000000000000
7713;190971;0,200000000000000000000
7732;6907;1,000000000000000000000
7738;12430;0,500000000000000000000
7738;12964;0,500000000000000000000
7747;9806;1,000000000000000000000
7748;211;0,666666666666666666666
7748;1293;0,166666666666666666666
7748;5635;0,166666666666666666666
7756;568;1,000000000000000000000
7759;497;0,500000000000000000000
7759;284854;0,500000000000000000000
7774;485;0,666666666666666666666
7774;7111;0,333333333333333333333
7859;2678;1,000000000000000000000
7874;2826;1,000000000000000000000
7906;1765;0,333333333333333333333
7906;3560;0,333333333333333333333
7906;5125;0,333333333333333333333
7920;3164;0,500000000000000000000
7920;4935;0,500000000000000000000
7954;1771;1,000000000000000000000
7957;1162;1,000000000000000000000
7968;891;0,666666666666666666666
7968;8636;0,333333333333333333333
7975;704;0,666666666666666666666
7975;2127;0,333333333333333333333
7983;485;1,000000000000000000000
7994;1705;0,333333333333333333333
7994;3823;0,333333333333333333333
7994;529797;0,333333333333333333333
8009;2659;1,000000000000000000000
8044;2826;1,000000000000000000000
8050;2804;1,000000000000000000000
8081;4434;0,666666666666666666666
8081;28610;0,333333333333333333333
8090;65;0,500000000000000000000
8090;4625;0,500000000000000000000
8095;285;0,200000000000000000000
8095;1310;0,200000000000000000000
8095;1868;0,200000000000000000000
8095;4313;0,200000000000000000000
8095;5289;0,200000000000000000000
8106;48;0,111111111111111111111
8106;178;0,037037037037037037037
8106;897;0,037037037037037037037
8106;1415;0,037037037037037037037
8106;1713;0,111111111111111111111
8106;2090;0,074074074074074074074
8106;3182;0,037037037037037037037
8106;3265;0,037037037037037037037
8106;3728;0,037037037037037037037
8106;4293;0,074074074074074074074
8106;4831;0,185185185185185185185
8106;8225;0,037037037037037037037
8106;8361;0,037037037037037037037
8106;13385;0,074074074074074074074
8106;15722;0,037037037037037037037
8106;239964;0,037037037037037037037
8229;296;0,500000000000000000000
8229;945;0,250000000000000000000
8229;8636;0,250000000000000000000
8255;12441;1,000000000000000000000
8268;240;0,333333333333333333333
8268;1065;0,333333333333333333333
8268;4831;0,333333333333333333333
8281;1925;1,000000000000000000000
8348;288;0,666666666666666666666
8348;545;0,333333333333333333333
8353;24668;1,000000000000000000000
8373;1246;0,250000000000000000000
8373;4145;0,750000000000000000000
8383;470;1,000000000000000000000
8440;1182;0,500000000000000000000
8440;4379;0,166666666666666666666
8440;5935;0,166666666666666666666
8440;160268;0,166666666666666666666
8441;35;0,666666666666666666666
8441;1510;0,333333333333333333333
8445;1016;1,000000000000000000000
8446;5011;1,000000000000000000000
8461;434663;1,000000000000000000000
8489;283;0,500000000000000000000
8489;4080;0,500000000000000000000
8491;27717;1,000000000000000000000
8513;3481;1,000000000000000000000
8566;410;1,000000000000000000000
8580;2367;0,500000000000000000000
8580;9261;0,500000000000000000000
8590;48255;0,500000000000000000000
8590;324897;0,500000000000000000000
8630;101;1,000000000000000000000
8633;526;0,222222222222222222222
8633;2385;0,666666666666666666666
8633;2418;0,111111111111111111111
8636;891;0,500000000000000000000
8636;4350;0,500000000000000000000
8648;266;0,571428571428571428571
8648;3877;0,142857142857142857142
8648;471750;0,285714285714285714285
8666;2249;1,000000000000000000000
8715;12579;0,200000000000000000000
8715;13074;0,200000000000000000000
8715;18398;0,200000000000000000000
8715;23759;0,400000000000000000000
8749;1462;1,000000000000000000000
8756;1085;0,500000000000000000000
8756;2198;0,500000000000000000000
8774;2578;1,000000000000000000000
8805;1265;0,500000000000000000000
8805;4172;0,500000000000000000000
8820;2275;1,000000000000000000000
8889;405;1,000000000000000000000
8902;4386;1,000000000000000000000
8909;1162;0,333333333333333333333
8909;2489;0,333333333333333333333
8909;2838;0,333333333333333333333
8910;2489;0,250000000000000000000
8910;9356;0,500000000000000000000
8910;189452;0,250000000000000000000
8933;22;1,000000000000000000000
8957;6144;1,000000000000000000000
9066;373677;1,000000000000000000000
9090;777;1,000000000000000000000
9098;2012;1,000000000000000000000
9110;529;0,666666666666666666666
9110;1150;0,333333333333333333333
9208;977;0,333333333333333333333
9208;7759;0,666666666666666666666
9215;846;0,500000000000000000000
9215;3449;0,500000000000000000000
9217;3998;1,000000000000000000000
9288;3197;1,000000000000000000000
9338;360;0,500000000000000000000
9338;844;0,100000000000000000000
9338;3508;0,300000000000000000000
9338;13178;0,100000000000000000000
9352;2554;0,500000000000000000000
9352;2555;0,500000000000000000000
9356;719;0,111111111111111111111
9356;1439;0,055555555555555555555
9356;3085;0,111111111111111111111
9356;3436;0,055555555555555555555
9356;4667;0,055555555555555555555
9356;5083;0,055555555555555555555
9356;5177;0,055555555555555555555
9356;7005;0,055555555555555555555
9356;7183;0,111111111111111111111
9356;8910;0,055555555555555555555
9356;9481;0,055555555555555555555
9356;25488;0,055555555555555555555
9356;38738;0,055555555555555555555
9356;50332;0,055555555555555555555
9356;50959;0,055555555555555555555
9367;863;1,000000000000000000000
9371;839;0,500000000000000000000
9371;2215;0,500000000000000000000
9381;5632;1,000000000000000000000
9382;151009;1,000000000000000000000
9391;206;0,800000000000000000000
9391;2046;0,200000000000000000000
9393;5691;1,000000000000000000000
9398;5441;1,000000000000000000000
9402;5219;1,000000000000000000000
9415;2369;1,000000000000000000000
9419;5632;1,000000000000000000000
9424;1326;0,500000000000000000000
9424;9433;0,500000000000000000000
9433;190;0,090909090909090909090
9433;2071;0,363636363636363636363
9433;5167;0,545454545454545454545
9441;9940;1,000000000000000000000
9442;10946;1,000000000000000000000
9476;2199;1,000000000000000000000
9513;1984;0,500000000000000000000
9513;1985;0,500000000000000000000
9554;218;1,000000000000000000000
9618;119;1,000000000000000000000
9651;24875;1,000000000000000000000
9657;615;0,500000000000000000000
9657;1153;0,500000000000000000000
9660;7998;1,000000000000000000000
9665;9350;1,000000000000000000000
9668;613;1,000000000000000000000
9681;911;1,000000000000000000000
9707;4576;1,000000000000000000000
9720;768;0,100000000000000000000
9720;839;0,100000000000000000000
9720;1520;0,100000000000000000000
9720;2515;0,100000000000000000000
9720;2807;0,100000000000000000000
9720;3237;0,100000000000000000000
9720;4268;0,100000000000000000000
9720;5016;0,100000000000000000000
9720;16076;0,200000000000000000000
9721;1600;0,250000000000000000000
9721;3208;0,250000000000000000000
9721;3256;0,250000000000000000000
9721;8350;0,250000000000000000000
9762;12159;1,000000000000000000000
9807;1044;0,250000000000000000000
9807;2779;0,250000000000000000000
9807;9418;0,250000000000000000000
9807;9434;0,250000000000000000000
9831;1164;0,333333333333333333333
9831;3586;0,666666666666666666666
9832;1831;1,000000000000000000000
9846;1025;1,000000000000000000000
9898;27836;1,000000000000000000000
9924;1284;0,500000000000000000000
9924;3180;0,500000000000000000000
9925;3394;1,000000000000000000000
9940;964;0,200000000000000000000
9940;3877;0,200000000000000000000
9940;9441;0,600000000000000000000
9968;2479;0,333333333333333333333
9968;3141;0,166666666666666666666
9968;4274;0,166666666666666666666
9968;6503;0,166666666666666666666
9968;408487;0,166666666666666666666
10020;912;0,181818181818181818181
10020;1234;0,090909090909090909090
10020;1448;0,272727272727272727272
10020;1499;0,090909090909090909090
10020;2379;0,181818181818181818181
10020;3103;0,090909090909090909090
10020;3234;0,090909090909090909090
10080;2438;0,111111111111111111111
10080;2598;0,222222222222222222222
10080;5506;0,111111111111111111111
10080;5852;0,111111111111111111111
10080;6045;0,111111111111111111111
10080;6581;0,111111111111111111111
10080;10084;0,111111111111111111111
10080;20969;0,111111111111111111111
10165;635;0,090909090909090909090
10165;882;0,090909090909090909090
10165;1464;0,090909090909090909090
10165;1471;0,090909090909090909090
10165;1637;0,090909090909090909090
10165;2712;0,090909090909090909090
10165;5029;0,090909090909090909090
10165;7259;0,090909090909090909090
10165;14826;0,090909090909090909090
10165;47352;0,090909090909090909090
10165;50959;0,090909090909090909090
10338;2080;0,333333333333333333333
10338;38738;0,666666666666666666666
10352;1612;0,500000000000000000000
10352;2736;0,500000000000000000000
10499;435;1,000000000000000000000
10523;1293;0,500000000000000000000
10523;4000;0,500000000000000000000
10595;678;0,200000000000000000000
10595;1149;0,400000000000000000000
10595;366089;0,400000000000000000000
10602;136664;1,000000000000000000000
10682;3188;1,000000000000000000000
10860;2678;1,000000000000000000000
10892;3251;1,000000000000000000000
10926;351;0,200000000000000000000
10926;713;0,200000000000000000000
10926;918;0,400000000000000000000
10926;17276;0,200000000000000000000
10941;1267;1,000000000000000000000
10946;9442;1,000000000000000000000
11330;2792;1,000000000000000000000
11382;3656;1,000000000000000000000
11427;352;0,500000000000000000000
11427;2195;0,500000000000000000000
11536;5144;1,000000000000000000000
11552;38738;1,000000000000000000000
11680;9158;1,000000000000000000000
11734;4576;1,000000000000000000000
11863;979;1,000000000000000000000
11902;1655;1,000000000000000000000
12026;20915;1,000000000000000000000
12159;1092;0,250000000000000000000
12159;4307;0,500000000000000000000
12159;9762;0,250000000000000000000
12387;12670;1,000000000000000000000
12433;7624;0,500000000000000000000
12433;12436;0,500000000000000000000
12497;435;0,125000000000000000000
12497;2021;0,125000000000000000000
12497;5657;0,125000000000000000000
12497;7221;0,125000000000000000000
12497;8928;0,125000000000000000000
12497;12572;0,250000000000000000000
12497;28970;0,125000000000000000000
12500;5660;1,000000000000000000000
12528;28445;1,000000000000000000000
12563;391;0,100000000000000000000
12563;394;0,100000000000000000000
12563;398;0,100000000000000000000
12563;400;0,100000000000000000000
12563;402;0,200000000000000000000
12563;405;0,100000000000000000000
12563;407;0,100000000000000000000
12563;411;0,100000000000000000000
12563;417;0,100000000000000000000
12591;28092;1,000000000000000000000
12706;2131;0,375000000000000000000
12706;2509;0,250000000000000000000
12706;3957;0,125000000000000000000
12706;4041;0,125000000000000000000
12706;7209;0,125000000000000000000
12709;15895;1,000000000000000000000
12712;615;1,000000000000000000000
12745;557;0,200000000000000000000
12745;4874;0,200000000000000000000
12745;5245;0,200000000000000000000
12745;9678;0,200000000000000000000
12745;9905;0,200000000000000000000
12817;131;0,333333333333333333333
12817;442;0,333333333333333333333
12817;1024;0,333333333333333333333
12850;353698;1,000000000000000000000
12876;5142;1,000000000000000000000
12938;59522;1,000000000000000000000
12959;83;0,095238095238095238095
12959;375;0,047619047619047619047
12959;394;0,047619047619047619047
12959;403;0,047619047619047619047
12959;405;0,047619047619047619047
12959;704;0,047619047619047619047
12959;1517;0,095238095238095238095
12959;2004;0,047619047619047619047
12959;2264;0,047619047619047619047
12959;2664;0,047619047619047619047
12959;8889;0,047619047619047619047
12959;9288;0,095238095238095238095
12959;14946;0,047619047619047619047
12959;16921;0,095238095238095238095
12959;17270;0,095238095238095238095
12959;28460;0,047619047619047619047
13206;148;1,000000000000000000000
13265;5632;1,000000000000000000000
13329;208;1,000000000000000000000
13335;3390;0,333333333333333333333
13335;23843;0,333333333333333333333
13335;28092;0,333333333333333333333
13360;2195;0,166666666666666666666
13360;2271;0,500000000000000000000
13360;6144;0,166666666666666666666
13360;8957;0,166666666666666666666
13396;12591;1,000000000000000000000
13452;1840;1,000000000000000000000
13476;6567;1,000000000000000000000
13502;1868;1,000000000000000000000
13504;1293;0,500000000000000000000
13504;3809;0,500000000000000000000
13584;8878;1,000000000000000000000
13623;5682;1,000000000000000000000
13671;8630;0,500000000000000000000
13671;10020;0,500000000000000000000
13769;5148;1,000000000000000000000
13795;2786;1,000000000000000000000
13796;7111;1,000000000000000000000
13814;266;0,500000000000000000000
13814;389498;0,500000000000000000000
13899;608;0,333333333333333333333
13899;6723;0,666666666666666666666
14010;829;1,000000000000000000000
14050;1293;0,500000000000000000000
14050;2001;0,500000000000000000000
14124;863;0,142857142857142857142
14124;1100;0,857142857142857142857
14151;148;0,040000000000000000000
14151;307;0,040000000000000000000
14151;853;0,040000000000000000000
14151;904;0,040000000000000000000
14151;1162;0,040000000000000000000
14151;1254;0,040000000000000000000
14151;1454;0,040000000000000000000
14151;3123;0,040000000000000000000
14151;3256;0,040000000000000000000
14151;4852;0,040000000000000000000
14151;5660;0,040000000000000000000
14151;6634;0,040000000000000000000
14151;7209;0,040000000000000000000
14151;7418;0,040000000000000000000
14151;8839;0,040000000000000000000
14151;8858;0,040000000000000000000
14151;10000;0,040000000000000000000
14151;21750;0,040000000000000000000
14151;56282;0,040000000000000000000
14151;219255;0,040000000000000000000
14151;248836;0,040000000000000000000
14151;276695;0,040000000000000000000
14151;284855;0,040000000000000000000
14151;330168;0,040000000000000000000
14151;372528;0,040000000000000000000
14323;59;0,400000000000000000000
14323;228;0,400000000000000000000
14323;3940;0,200000000000000000000
14465;3142;1,000000000000000000000
14526;12563;1,000000000000000000000
14826;1165;1,000000000000000000000
14841;1227;1,000000000000000000000
14899;6903;1,000000000000000000000
15222;1771;1,000000000000000000000
15302;846;0,333333333333333333333
15302;2863;0,333333333333333333333
15302;7080;0,333333333333333333333
15471;40;0,041666666666666666666
15471;275;0,125000000000000000000
15471;282;0,208333333333333333333
15471;731;0,458333333333333333333
15471;3161;0,083333333333333333333
15471;173893;0,083333333333333333333
15643;71;1,000000000000000000000
15686;1190;0,333333333333333333333
15686;2423;0,333333333333333333333
15686;20307;0,333333333333333333333
15975;9905;1,000000000000000000000
16076;964;0,153846153846153846153
16076;3101;0,076923076923076923076
16076;5119;0,230769230769230769230
16076;6892;0,307692307692307692307
16076;9720;0,230769230769230769230
16497;13850;1,000000000000000000000
16644;7788;0,500000000000000000000
16644;352420;0,500000000000000000000
16786;2479;0,500000000000000000000
16786;3141;0,500000000000000000000
16845;1606;1,000000000000000000000
16921;12959;1,000000000000000000000
17047;1337;1,000000000000000000000
17260;283281;1,000000000000000000000
17269;1135;0,250000000000000000000
17269;1248;0,500000000000000000000
17269;5175;0,250000000000000000000
17276;918;0,333333333333333333333
17276;10926;0,666666666666666666666
17282;519;1,000000000000000000000
17426;3877;1,000000000000000000000
17611;292;0,111111111111111111111
17611;2993;0,888888888888888888888
17634;4384;0,333333333333333333333
17634;6440;0,666666666666666666666
17727;988;1,000000000000000000000
17762;2484;1,000000000000000000000
17918;96;0,500000000000000000000
17918;2293;0,500000000000000000000
18080;490;1,000000000000000000000
18247;4281;0,250000000000000000000
18247;6581;0,750000000000000000000
18517;6144;1,000000000000000000000
18641;853;1,000000000000000000000
20307;1220;1,000000000000000000000
20474;6923;1,000000000000000000000
20666;3940;1,000000000000000000000
20853;1348;1,000000000000000000000
20969;4281;0,500000000000000000000
20969;6581;0,500000000000000000000
21154;1235;0,250000000000000000000
21154;1236;0,250000000000000000000
21154;2111;0,500000000000000000000
21268;584314;1,000000000000000000000
21470;255740;1,000000000000000000000
21697;241;0,333333333333333333333
21697;1967;0,166666666666666666666
21697;84925;0,500000000000000000000
21750;2470;0,500000000000000000000
21750;6634;0,500000000000000000000
23058;178;0,500000000000000000000
23058;7183;0,500000000000000000000
23561;113392;1,000000000000000000000
23720;719;1,000000000000000000000
25229;2275;1,000000000000000000000
25488;40;0,500000000000000000000
25488;504;0,500000000000000000000
25849;14;0,400000000000000000000
25849;28;0,200000000000000000000
25849;1717;0,200000000000000000000
25849;1829;0,200000000000000000000
26786;2838;1,000000000000000000000
27062;2275;1,000000000000000000000
27065;2422;1,000000000000000000000
27067;2424;1,000000000000000000000
27557;1243;0,250000000000000000000
27557;3292;0,750000000000000000000
27592;4587;1,000000000000000000000
27693;232;1,000000000000000000000
27708;1173;0,250000000000000000000
27708;7874;0,250000000000000000000
27708;28457;0,500000000000000000000
27719;2826;1,000000000000000000000
27763;151;0,333333333333333333333
27763;5632;0,333333333333333333333
27763;26502;0,333333333333333333333
27790;9437;1,000000000000000000000
27810;9067;1,000000000000000000000
27852;13261;1,000000000000000000000
28092;12591;1,000000000000000000000
28118;311;0,500000000000000000000
28118;3040;0,500000000000000000000
28397;35;1,000000000000000000000
28457;1173;0,333333333333333333333
28457;27708;0,666666666666666666666
28661;216;1,000000000000000000000
28686;8071;0,333333333333333333333
28686;24875;0,333333333333333333333
28686;29028;0,333333333333333333333
28818;3161;1,000000000000000000000
28930;551;0,047619047619047619047
28930;1344;0,047619047619047619047
28930;1454;0,023809523809523809523
28930;1898;0,047619047619047619047
28930;2743;0,023809523809523809523
28930;2786;0,047619047619047619047
28930;3256;0,023809523809523809523
28930;3420;0,047619047619047619047
28930;3685;0,023809523809523809523
28930;5136;0,047619047619047619047
28930;7717;0,023809523809523809523
28930;7975;0,047619047619047619047
28930;8212;0,023809523809523809523
28930;12959;0,047619047619047619047
28930;15737;0,023809523809523809523
28930;23759;0,023809523809523809523
28930;152027;0,380952380952380952380
28930;329272;0,047619047619047619047
28993;781;1,000000000000000000000
29061;5519;1,000000000000000000000
29081;84925;1,000000000000000000000
29085;443;1,000000000000000000000
30811;25264;1,000000000000000000000
31343;74;0,142857142857142857142
31343;96;0,571428571428571428571
31343;1406;0,142857142857142857142
31343;2388;0,142857142857142857142
31885;16845;0,500000000000000000000
31885;94073;0,500000000000000000000
32097;138;1,000000000000000000000
36186;6419;1,000000000000000000000
37812;3608;1,000000000000000000000
37813;4435;1,000000000000000000000
37815;1853;1,000000000000000000000
38738;885;1,000000000000000000000
40028;1606;1,000000000000000000000
41776;277;1,000000000000000000000
44211;4159;1,000000000000000000000
48255;66;1,000000000000000000000
48862;669;0,500000000000000000000
48862;9572;0,250000000000000000000
48862;66075;0,250000000000000000000
50332;39;0,142857142857142857142
50332;74;0,142857142857142857142
50332;1406;0,142857142857142857142
50332;1503;0,142857142857142857142
50332;2559;0,142857142857142857142
50332;3859;0,142857142857142857142
50332;4179;0,142857142857142857142
50959;50332;0,500000000000000000000
50959;366347;0,500000000000000000000
51102;3685;1,000000000000000000000
53224;4861;1,000000000000000000000
54879;276780;1,000000000000000000000
56738;470598;1,000000000000000000000
57273;336063;1,000000000000000000000
57838;841;0,090909090909090909090
57838;911;0,090909090909090909090
57838;1231;0,090909090909090909090
57838;1286;0,090909090909090909090
57838;2586;0,090909090909090909090
57838;3141;0,181818181818181818181
57838;3414;0,181818181818181818181
57838;5691;0,090909090909090909090
57838;6503;0,090909090909090909090
59522;12938;0,666666666666666666666
59522;38738;0,333333333333333333333
59745;354;0,032258064516129032258
59745;628;0,032258064516129032258
59745;837;0,032258064516129032258
59745;1117;0,032258064516129032258
59745;1169;0,161290322580645161290
59745;3475;0,032258064516129032258
59745;59841;0,032258064516129032258
59745;98841;0,032258064516129032258
59745;366089;0,290322580645161290322
59745;408414;0,258064516129032258064
59745;499117;0,064516129032258064516
59841;845;0,187500000000000000000
59841;846;0,625000000000000000000
59841;1946;0,062500000000000000000
59841;2731;0,062500000000000000000
59841;408414;0,062500000000000000000
63981;276;1,000000000000000000000
65998;2175;0,315789473684210526315
65998;4145;0,368421052631578947368
65998;7095;0,105263157894736842105
65998;66075;0,210526315789473684210
66075;2175;0,200000000000000000000
66075;6236;0,600000000000000000000
66075;65998;0,200000000000000000000
71411;75828;1,000000000000000000000
75827;4020;0,333333333333333333333
75827;76428;0,666666666666666666666
75828;748;0,500000000000000000000
75828;71411;0,500000000000000000000
78108;571;0,400000000000000000000
78108;695;0,200000000000000000000
78108;1897;0,400000000000000000000
81648;28517;1,000000000000000000000
84925;2510;0,250000000000000000000
84925;7577;0,125000000000000000000
84925;29081;0,625000000000000000000
91818;13814;1,000000000000000000000
95154;15471;1,000000000000000000000
98068;975;1,000000000000000000000
98841;354;0,250000000000000000000
98841;1840;0,125000000000000000000
98841;1946;0,125000000000000000000
98841;3664;0,125000000000000000000
98841;6213;0,125000000000000000000
98841;59745;0,125000000000000000000
98841;78108;0,125000000000000000000
99667;1169;0,500000000000000000000
99667;59745;0,500000000000000000000
99942;747;1,000000000000000000000
106444;522;1,000000000000000000000
112062;151009;1,000000000000000000000
113392;131;0,200000000000000000000
113392;148;0,200000000000000000000
113392;660;0,100000000000000000000
113392;1263;0,300000000000000000000
113392;3809;0,100000000000000000000
113392;23561;0,100000000000000000000
113459;475;0,125000000000000000000
113459;793;0,125000000000000000000
113459;1012;0,125000000000000000000
113459;1065;0,125000000000000000000
113459;1963;0,125000000000000000000
113459;4215;0,125000000000000000000
113459;6006;0,125000000000000000000
113459;17665;0,125000000000000000000
114536;437;0,285714285714285714285
114536;1171;0,142857142857142857142
114536;1454;0,142857142857142857142
114536;1681;0,142857142857142857142
114536;8212;0,142857142857142857142
114536;9955;0,142857142857142857142
122436;1535;1,000000000000000000000
129892;3446;1,000000000000000000000
131383;784;0,083333333333333333333
131383;845;0,083333333333333333333
131383;1042;0,083333333333333333333
131383;1724;0,083333333333333333333
131383;1925;0,083333333333333333333
131383;4219;0,083333333333333333333
131383;5632;0,083333333333333333333
131383;13599;0,083333333333333333333
131383;18641;0,333333333333333333333
136664;1025;0,285714285714285714285
136664;5148;0,285714285714285714285
136664;10602;0,428571428571428571428
137801;4881;1,000000000000000000000
140175;1988;0,500000000000000000000
140175;3174;0,500000000000000000000
140271;835;0,333333333333333333333
140271;1152;0,333333333333333333333
140271;5659;0,333333333333333333333
144425;2133;0,500000000000000000000
144425;7739;0,500000000000000000000
146462;1141;1,000000000000000000000
152076;5827;1,000000000000000000000
157662;2851;0,500000000000000000000
157662;7080;0,500000000000000000000
160268;1182;1,000000000000000000000
173893;1637;0,111111111111111111111
173893;1831;0,111111111111111111111
173893;1938;0,111111111111111111111
173893;6010;0,444444444444444444444
173893;12938;0,111111111111111111111
173893;440497;0,111111111111111111111
179346;846;0,333333333333333333333
179346;1171;0,333333333333333333333
179346;5657;0,333333333333333333333
184646;72;0,250000000000000000000
184646;442;0,750000000000000000000
189452;1454;0,400000000000000000000
189452;3256;0,200000000000000000000
189452;4159;0,200000000000000000000
189452;8910;0,200000000000000000000
190971;283;0,076923076923076923076
190971;296;0,076923076923076923076
190971;2436;0,076923076923076923076
190971;2744;0,076923076923076923076
190971;2863;0,076923076923076923076
190971;3123;0,076923076923076923076
190971;3256;0,076923076923076923076
190971;3427;0,076923076923076923076
190971;3683;0,076923076923076923076
190971;5149;0,076923076923076923076
190971;6723;0,076923076923076923076
190971;7975;0,076923076923076923076
190971;8715;0,076923076923076923076
192866;744;0,125000000000000000000
192866;845;0,250000000000000000000
192866;846;0,500000000000000000000
192866;1437;0,125000000000000000000
193005;744;0,333333333333333333333
193005;1041;0,666666666666666666666
219132;678;1,000000000000000000000
219255;1744;1,000000000000000000000
239964;4148;0,666666666666666666666
239964;8106;0,333333333333333333333
239969;2164;1,000000000000000000000
239970;5380;1,000000000000000000000
240182;1967;0,250000000000000000000
240182;6723;0,250000000000000000000
240182;84925;0,250000000000000000000
240182;398786;0,250000000000000000000
247698;228;0,500000000000000000000
247698;287409;0,500000000000000000000
248831;525;0,500000000000000000000
248831;4222;0,250000000000000000000
248831;5651;0,250000000000000000000
248838;3738;1,000000000000000000000
248841;1556;1,000000000000000000000
255726;8827;1,000000000000000000000
255740;4132;0,500000000000000000000
255740;21470;0,500000000000000000000
256235;2775;1,000000000000000000000
256804;485;0,400000000000000000000
256804;550;0,600000000000000000000
256951;5484;1,000000000000000000000
257273;2188;1,000000000000000000000
259341;353698;1,000000000000000000000
259831;4262;1,000000000000000000000
276780;3223;0,285714285714285714285
276780;10926;0,142857142857142857142
276780;54879;0,571428571428571428571
278190;283633;1,000000000000000000000
280033;255899;1,000000000000000000000
281170;3601;1,000000000000000000000
282900;1301;1,000000000000000000000
283633;2302;1,000000000000000000000
283638;1637;0,500000000000000000000
283638;5383;0,500000000000000000000
284426;3872;1,000000000000000000000
284854;7759;1,000000000000000000000
284855;2614;1,000000000000000000000
286660;184;0,500000000000000000000
286660;3033;0,500000000000000000000
287409;247698;1,000000000000000000000
306994;407;0,666666666666666666666
306994;458;0,333333333333333333333
307900;853;1,000000000000000000000
308238;20307;1,000000000000000000000
308968;1498;1,000000000000000000000
321112;7116;1,000000000000000000000
321395;502;0,500000000000000000000
321395;3515;0,500000000000000000000
324897;2479;1,000000000000000000000
326192;4;0,058823529411764705882
326192;891;0,058823529411764705882
326192;1854;0,058823529411764705882
326192;3980;0,058823529411764705882
326192;4372;0,117647058823529411764
326192;4374;0,235294117647058823529
326192;7648;0,235294117647058823529
326192;11004;0,058823529411764705882
326192;19402;0,058823529411764705882
326192;21542;0,058823529411764705882
328404;2421;0,142857142857142857142
328404;2479;0,571428571428571428571
328404;3996;0,142857142857142857142
328404;75555;0,142857142857142857142
331627;1877;1,000000000000000000000
333343;1231;1,000000000000000000000
336063;2129;1,000000000000000000000
336640;1637;1,000000000000000000000
343358;115;1,000000000000000000000
349041;194;0,500000000000000000000
349041;628;0,250000000000000000000
349041;1940;0,250000000000000000000
352262;700;1,000000000000000000000
353698;805;0,333333333333333333333
353698;12850;0,333333333333333333333
353698;259341;0,333333333333333333333
355336;2421;0,250000000000000000000
355336;4787;0,500000000000000000000
355336;30696;0,250000000000000000000
356607;172;1,000000000000000000000
359918;851;0,500000000000000000000
359918;1316;0,500000000000000000000
359941;2152;1,000000000000000000000
365533;365532;1,000000000000000000000
366089;65;0,090909090909090909090
366089;360;0,272727272727272727272
366089;1169;0,090909090909090909090
366089;7574;0,090909090909090909090
366089;10595;0,090909090909090909090
366089;59745;0,272727272727272727272
366089;59841;0,090909090909090909090
366867;527;0,083333333333333333333
366867;613;0,083333333333333333333
366867;1282;0,041666666666666666666
366867;1751;0,041666666666666666666
366867;3142;0,041666666666666666666
366867;4108;0,041666666666666666666
366867;6189;0,041666666666666666666
366867;6213;0,041666666666666666666
366867;10649;0,041666666666666666666
366867;584749;0,541666666666666666666
367121;327099;1,000000000000000000000
367451;1949;1,000000000000000000000
373677;1041;0,500000000000000000000
373677;2275;0,500000000000000000000
374246;851;1,000000000000000000000
383070;2275;1,000000000000000000000
383630;6468;0,333333333333333333333
383630;8818;0,666666666666666666666
385198;5177;0,500000000000000000000
385198;8756;0,500000000000000000000
388810;276963;1,000000000000000000000
389498;14;0,166666666666666666666
389498;612;0,166666666666666666666
389498;3791;0,166666666666666666666
389498;4108;0,166666666666666666666
389498;8156;0,166666666666666666666
389498;8648;0,166666666666666666666
398786;1446;0,333333333333333333333
398786;4219;0,333333333333333333333
398786;240182;0,333333333333333333333
398787;71;0,142857142857142857142
398787;360;0,142857142857142857142
398787;420;0,142857142857142857142
398787;744;0,142857142857142857142
398787;845;0,142857142857142857142
398787;1065;0,142857142857142857142
398787;5638;0,142857142857142857142
408414;65;0,043478260869565217391
408414;89;0,043478260869565217391
408414;109;0,043478260869565217391
408414;172;0,043478260869565217391
408414;241;0,043478260869565217391
408414;784;0,043478260869565217391
408414;983;0,021739130434782608695
408414;1046;0,043478260869565217391
408414;1096;0,043478260869565217391
408414;1169;0,021739130434782608695
408414;1468;0,043478260869565217391
408414;1771;0,043478260869565217391
408414;1848;0,065217391304347826086
408414;1939;0,021739130434782608695
408414;2350;0,043478260869565217391
408414;2993;0,043478260869565217391
408414;3876;0,021739130434782608695
408414;4518;0,065217391304347826086
408414;5493;0,043478260869565217391
408414;9015;0,043478260869565217391
408414;21734;0,043478260869565217391
408414;23562;0,043478260869565217391
408414;59745;0,021739130434782608695
408414;366089;0,043478260869565217391
408414;499117;0,021739130434782608695
415767;54;0,142857142857142857142
415767;1891;0,285714285714285714285
415767;4150;0,428571428571428571428
415767;7111;0,142857142857142857142
432293;1606;0,333333333333333333333
432293;2664;0,666666666666666666666
434991;108;1,000000000000000000000
442813;266;0,500000000000000000000
442813;9762;0,500000000000000000000
471750;8648;1,000000000000000000000
474028;829;0,200000000000000000000
474028;2203;0,600000000000000000000
474028;3395;0,200000000000000000000
488062;2004;1,000000000000000000000
494193;4384;0,500000000000000000000
494193;380454;0,500000000000000000000
499117;65;0,034482758620689655172
499117;89;0,034482758620689655172
499117;109;0,034482758620689655172
499117;135;0,034482758620689655172
499117;172;0,034482758620689655172
499117;199;0,034482758620689655172
499117;283;0,034482758620689655172
499117;437;0,034482758620689655172
499117;704;0,034482758620689655172
499117;738;0,034482758620689655172
499117;835;0,034482758620689655172
499117;983;0,068965517241379310344
499117;1046;0,034482758620689655172
499117;1065;0,034482758620689655172
499117;1096;0,034482758620689655172
499117;1544;0,034482758620689655172
499117;1771;0,034482758620689655172
499117;2350;0,034482758620689655172
499117;2697;0,034482758620689655172
499117;2993;0,034482758620689655172
499117;3256;0,034482758620689655172
499117;3427;0,034482758620689655172
499117;4697;0,034482758620689655172
499117;5493;0,034482758620689655172
499117;8229;0,034482758620689655172
499117;9015;0,034482758620689655172
499117;67709;0,034482758620689655172
499117;245879;0,034482758620689655172
511019;850;0,400000000000000000000
511019;1574;0,200000000000000000000
511019;55134;0,400000000000000000000
512469;485;0,250000000000000000000
512469;2847;0,250000000000000000000
512469;7111;0,250000000000000000000
512469;12396;0,250000000000000000000
529797;524;0,166666666666666666666
529797;526;0,333333333333333333333
529797;527;0,166666666666666666666
529797;7994;0,166666666666666666666
529797;9418;0,166666666666666666666
547708;2494;0,333333333333333333333
547708;3515;0,666666666666666666666
547774;3650;0,111111111111111111111
547774;4538;0,111111111111111111111
547774;9905;0,333333333333333333333
547774;15975;0,444444444444444444444
576277;1754;1,000000000000000000000
584314;1171;0,166666666666666666666
584314;1181;0,500000000000000000000
584314;21268;0,333333333333333333333
586968;39;0,055555555555555555555
586968;266;0,055555555555555555555
586968;427;0,055555555555555555555
586968;522;0,055555555555555555555
586968;793;0,055555555555555555555
586968;964;0,055555555555555555555
586968;1150;0,055555555555555555555
586968;1705;0,055555555555555555555
586968;1763;0,055555555555555555555
586968;1897;0,055555555555555555555
586968;1949;0,055555555555555555555
586968;2657;0,055555555555555555555
586968;2825;0,111111111111111111111
586968;3235;0,055555555555555555555
586968;3401;0,055555555555555555555
586968;4355;0,055555555555555555555
586968;5918;0,055555555555555555555
587057;587053;1,000000000000000000000
