7;14;0,500000000000000000000
7;1606;0,500000000000000000000
46;7994;1,000000000000000000000
47;3292;1,000000000000000000000
48;1655;1,000000000000000000000
54;109;0,071428571428571428571
54;119;0,071428571428571428571
54;485;0,142857142857142857142
54;541;0,071428571428571428571
54;551;0,071428571428571428571
54;1663;0,071428571428571428571
54;2184;0,071428571428571428571
54;5149;0,142857142857142857142
54;5789;0,071428571428571428571
54;5790;0,071428571428571428571
54;7111;0,071428571428571428571
54;13721;0,071428571428571428571
65;240;0,166666666666666666666
65;695;0,166666666666666666666
65;3586;0,666666666666666666666
71;96;0,031250000000000000000
71;194;0,218750000000000000000
71;529;0,031250000000000000000
71;644;0,031250000000000000000
71;662;0,031250000000000000000
71;695;0,125000000000000000000
71;827;0,031250000000000000000
71;1143;0,062500000000000000000
71;1276;0,093750000000000000000
71;1316;0,062500000000000000000
71;1754;0,031250000000000000000
71;1948;0,062500000000000000000
71;2355;0,031250000000000000000
71;3116;0,031250000000000000000
71;3523;0,062500000000000000000
71;6634;0,031250000000000000000
71;7686;0,031250000000000000000
72;420;0,157894736842105263157
72;517;0,157894736842105263157
72;829;0,052631578947368421052
72;830;0,052631578947368421052
72;1946;0,157894736842105263157
72;2203;0,210526315789473684210
72;2364;0,052631578947368421052
72;3395;0,052631578947368421052
72;6627;0,105263157894736842105
77;528;1,000000000000000000000
80;219;0,103448275862068965517
80;224;0,034482758620689655172
80;502;0,068965517241379310344
80;531;0,034482758620689655172
80;668;0,137931034482758620689
80;718;0,034482758620689655172
80;876;0,068965517241379310344
80;894;0,034482758620689655172
80;1129;0,068965517241379310344
80;1248;0,034482758620689655172
80;1893;0,068965517241379310344
80;2516;0,103448275862068965517
80;2518;0,103448275862068965517
80;3443;0,034482758620689655172
80;3515;0,034482758620689655172
80;4173;0,034482758620689655172
83;1504;0,250000000000000000000
83;3417;0,250000000000000000000
83;5239;0,250000000000000000000
83;6635;0,250000000000000000000
90;695;0,250000000000000000000
90;6213;0,500000000000000000000
90;10649;0,250000000000000000000
96;237;0,125000000000000000000
96;249;0,041666666666666666666
96;261;0,041666666666666666666
96;845;0,125000000000000000000
96;1156;0,083333333333333333333
96;1364;0,041666666666666666666
96;1513;0,041666666666666666666
96;2136;0,041666666666666666666
96;2252;0,041666666666666666666
96;2293;0,041666666666666666666
96;3174;0,083333333333333333333
96;3219;0,083333333333333333333
96;3857;0,041666666666666666666
96;4359;0,041666666666666666666
96;4376;0,083333333333333333333
96;5628;0,041666666666666666666
100;2112;0,250000000000000000000
100;4512;0,750000000000000000000
101;7713;1,000000000000000000000
102;2835;1,000000000000000000000
104;2239;0,500000000000000000000
104;4472;0,500000000000000000000
115;1949;0,333333333333333333333
115;5089;0,333333333333333333333
115;15302;0,333333333333333333333
120;2203;0,666666666666666666666
120;8566;0,333333333333333333333
127;7;1,000000000000000000000
132;435;0,062500000000000000000
132;550;0,187500000000000000000
132;596;0,125000000000000000000
132;691;0,500000000000000000000
132;3230;0,125000000000000000000
135;13;0,052631578947368421052
135;332;0,263157894736842105263
135;992;0,052631578947368421052
135;1234;0,157894736842105263157
135;1724;0,052631578947368421052
135;1931;0,052631578947368421052
135;1939;0,052631578947368421052
135;2111;0,105263157894736842105
135;3143;0,052631578947368421052
135;3188;0,052631578947368421052
135;5493;0,052631578947368421052
135;8163;0,052631578947368421052
138;453;0,500000000000000000000
138;59745;0,500000000000000000000
151;2071;0,200000000000000000000
151;5522;0,200000000000000000000
151;7586;0,600000000000000000000
162;7572;1,000000000000000000000
163;1100;0,500000000000000000000
163;4430;0,500000000000000000000
166;1055;1,000000000000000000000
172;1055;0,500000000000000000000
172;5619;0,500000000000000000000
174;437;0,384615384615384615384
174;1454;0,076923076923076923076
174;1735;0,076923076923076923076
174;3427;0,076923076923076923076
174;3647;0,076923076923076923076
174;4518;0,076923076923076923076
174;8212;0,076923076923076923076
174;8213;0,076923076923076923076
174;12503;0,076923076923076923076
179;3968;0,500000000000000000000
179;17554;0,500000000000000000000
183;1278;1,000000000000000000000
186;1588;1,000000000000000000000
189;1083;1,000000000000000000000
194;628;1,000000000000000000000
199;485;0,333333333333333333333
199;541;0,333333333333333333333
199;704;0,333333333333333333333
206;2046;0,500000000000000000000
206;4070;0,250000000000000000000
206;9391;0,250000000000000000000
211;179;0,666666666666666666666
211;2198;0,333333333333333333333
213;747;0,500000000000000000000
213;748;0,500000000000000000000
218;402;1,000000000000000000000
219;324;0,100000000000000000000
219;502;0,200000000000000000000
219;1893;0,200000000000000000000
219;2516;0,200000000000000000000
219;2517;0,100000000000000000000
219;2518;0,100000000000000000000
219;3443;0,100000000000000000000
224;80;0,200000000000000000000
224;502;0,200000000000000000000
224;1248;0,100000000000000000000
224;3443;0,200000000000000000000
224;3515;0,200000000000000000000
224;3625;0,100000000000000000000
226;332;0,500000000000000000000
226;2139;0,500000000000000000000
232;1567;0,166666666666666666666
232;1608;0,333333333333333333333
232;19176;0,500000000000000000000
241;3234;1,000000000000000000000
242;1286;0,500000000000000000000
242;2736;0,500000000000000000000
244;1479;0,500000000000000000000
244;3233;0,250000000000000000000
244;6132;0,250000000000000000000
247;237;0,200000000000000000000
247;384;0,200000000000000000000
247;1033;0,200000000000000000000
247;8489;0,400000000000000000000
248;2474;1,000000000000000000000
249;96;0,200000000000000000000
249;283;0,100000000000000000000
249;2293;0,400000000000000000000
249;6755;0,300000000000000000000
250;6347;0,500000000000000000000
250;24370;0,500000000000000000000
252;870;0,285714285714285714285
252;2293;0,142857142857142857142
252;12442;0,285714285714285714285
252;25078;0,285714285714285714285
253;615;1,000000000000000000000
261;96;0,125000000000000000000
261;182;0,041666666666666666666
261;248;0,041666666666666666666
261;635;0,041666666666666666666
261;1141;0,041666666666666666666
261;1142;0,041666666666666666666
261;1591;0,041666666666666666666
261;1981;0,041666666666666666666
261;1988;0,041666666666666666666
261;2252;0,041666666666666666666
261;2293;0,083333333333333333333
261;2714;0,125000000000000000000
261;3219;0,041666666666666666666
261;3869;0,041666666666666666666
261;3873;0,041666666666666666666
261;4117;0,041666666666666666666
261;5223;0,041666666666666666666
261;18641;0,083333333333333333333
263;131;1,000000000000000000000
267;861;1,000000000000000000000
268;4359;1,000000000000000000000
269;2390;0,333333333333333333333
269;3459;0,333333333333333333333
269;4398;0,333333333333333333333
273;1997;0,200000000000000000000
273;4500;0,800000000000000000000
276;670;0,333333333333333333333
276;1941;0,333333333333333333333
276;3122;0,333333333333333333333
283;1342;0,500000000000000000000
283;2252;0,500000000000000000000
284;6981;1,000000000000000000000
287;2073;0,750000000000000000000
287;9941;0,250000000000000000000
288;1951;0,500000000000000000000
288;7713;0,500000000000000000000
289;149;0,038461538461538461538
289;232;0,038461538461538461538
289;791;0,038461538461538461538
289;1455;0,038461538461538461538
289;1566;0,038461538461538461538
289;1629;0,038461538461538461538
289;1685;0,038461538461538461538
289;1686;0,038461538461538461538
289;1689;0,038461538461538461538
289;1690;0,038461538461538461538
289;1694;0,038461538461538461538
289;1699;0,038461538461538461538
289;1763;0,038461538461538461538
289;2254;0,038461538461538461538
289;2968;0,038461538461538461538
289;2976;0,038461538461538461538
289;3427;0,038461538461538461538
289;3971;0,038461538461538461538
289;5478;0,038461538461538461538
289;9955;0,038461538461538461538
289;11229;0,038461538461538461538
289;11230;0,038461538461538461538
289;11231;0,038461538461538461538
289;11232;0,038461538461538461538
289;13270;0,038461538461538461538
289;19176;0,038461538461538461538
292;2993;0,500000000000000000000
292;3417;0,500000000000000000000
293;330;1,000000000000000000000
297;2569;1,000000000000000000000
310;2851;1,000000000000000000000
313;1735;0,100000000000000000000
313;3049;0,100000000000000000000
313;3359;0,100000000000000000000
313;4697;0,100000000000000000000
313;8568;0,100000000000000000000
313;8957;0,100000000000000000000
313;13195;0,100000000000000000000
313;13360;0,100000000000000000000
313;14653;0,100000000000000000000
313;18525;0,100000000000000000000
315;47;0,009615384615384615384
315;59;0,009615384615384615384
315;180;0,009615384615384615384
315;228;0,009615384615384615384
315;295;0,019230769230769230769
315;681;0,009615384615384615384
315;683;0,009615384615384615384
315;854;0,009615384615384615384
315;863;0,009615384615384615384
315;990;0,009615384615384615384
315;997;0,009615384615384615384
315;1100;0,009615384615384615384
315;1224;0,009615384615384615384
315;1225;0,009615384615384615384
315;1243;0,009615384615384615384
315;1322;0,009615384615384615384
315;1505;0,009615384615384615384
315;1725;0,009615384615384615384
315;2249;0,009615384615384615384
315;2326;0,009615384615384615384
315;2416;0,009615384615384615384
315;2482;0,009615384615384615384
315;2659;0,009615384615384615384
315;2865;0,009615384615384615384
315;3233;0,009615384615384615384
315;3250;0,009615384615384615384
315;3251;0,009615384615384615384
315;3292;0,009615384615384615384
315;3331;0,009615384615384615384
315;3370;0,009615384615384615384
315;3394;0,009615384615384615384
315;3862;0,009615384615384615384
315;4089;0,009615384615384615384
315;4132;0,009615384615384615384
315;4247;0,009615384615384615384
315;4334;0,009615384615384615384
315;4349;0,009615384615384615384
315;4401;0,009615384615384615384
315;4749;0,009615384615384615384
315;4751;0,009615384615384615384
315;4841;0,009615384615384615384
315;4874;0,009615384615384615384
315;4956;0,009615384615384615384
315;5054;0,009615384615384615384
315;5163;0,009615384615384615384
315;5682;0,009615384615384615384
315;5693;0,009615384615384615384
315;5700;0,009615384615384615384
315;5783;0,009615384615384615384
315;6132;0,009615384615384615384
315;6267;0,009615384615384615384
315;6664;0,009615384615384615384
315;6792;0,009615384615384615384
315;6923;0,019230769230769230769
315;8009;0,009615384615384615384
315;8281;0,009615384615384615384
315;8341;0,009615384615384615384
315;8666;0,009615384615384615384
315;8975;0,009615384615384615384
315;9088;0,009615384615384615384
315;9367;0,009615384615384615384
315;10306;0,009615384615384615384
315;11887;0,009615384615384615384
315;12339;0,009615384615384615384
315;12388;0,009615384615384615384
315;12428;0,009615384615384615384
315;12430;0,009615384615384615384
315;12435;0,009615384615384615384
315;12438;0,009615384615384615384
315;12440;0,009615384615384615384
315;12443;0,009615384615384615384
315;12826;0,009615384615384615384
315;12964;0,009615384615384615384
315;13622;0,009615384615384615384
315;13623;0,009615384615384615384
315;14124;0,009615384615384615384
315;14125;0,009615384615384615384
315;14323;0,009615384615384615384
315;14480;0,009615384615384615384
315;15726;0,009615384615384615384
315;15866;0,009615384615384615384
315;16649;0,009615384615384615384
315;16651;0,009615384615384615384
315;16653;0,009615384615384615384
315;16659;0,009615384615384615384
315;16660;0,009615384615384615384
315;16664;0,009615384615384615384
315;16866;0,009615384615384615384
315;20474;0,009615384615384615384
315;21592;0,009615384615384615384
315;21597;0,009615384615384615384
315;28516;0,009615384615384615384
315;28518;0,009615384615384615384
315;28520;0,009615384615384615384
315;28528;0,009615384615384615384
315;28533;0,009615384615384615384
315;28534;0,009615384615384615384
315;28535;0,009615384615384615384
315;28538;0,009615384615384615384
315;28549;0,009615384615384615384
315;28554;0,009615384615384615384
315;81950;0,009615384615384615384
317;318;1,000000000000000000000
318;317;0,333333333333333333333
318;2099;0,500000000000000000000
318;2445;0,166666666666666666666
320;2206;0,125000000000000000000
320;2310;0,125000000000000000000
320;2792;0,750000000000000000000
324;219;0,666666666666666666666
324;2516;0,333333333333333333333
330;293;1,000000000000000000000
332;452;0,421052631578947368421
332;718;0,157894736842105263157
332;719;0,052631578947368421052
332;1174;0,105263157894736842105
332;1933;0,052631578947368421052
332;3532;0,052631578947368421052
332;3957;0,052631578947368421052
332;8756;0,052631578947368421052
332;75827;0,052631578947368421052
334;36;0,074074074074074074074
334;196;0,074074074074074074074
334;641;0,185185185185185185185
334;756;0,074074074074074074074
334;1986;0,074074074074074074074
334;3029;0,074074074074074074074
334;3557;0,074074074074074074074
334;3683;0,074074074074074074074
334;4215;0,074074074074074074074
334;5009;0,074074074074074074074
334;5464;0,074074074074074074074
334;13041;0,074074074074074074074
341;3557;1,000000000000000000000
346;2050;0,166666666666666666666
346;3800;0,166666666666666666666
346;9385;0,166666666666666666666
346;9396;0,166666666666666666666
346;12333;0,166666666666666666666
346;14073;0,166666666666666666666
349;17209;1,000000000000000000000
352;5625;1,000000000000000000000
354;276;0,333333333333333333333
354;1945;0,666666666666666666666
356;2098;0,142857142857142857142
356;5148;0,071428571428571428571
356;6903;0,285714285714285714285
356;7577;0,071428571428571428571
356;8353;0,357142857142857142857
356;27349;0,071428571428571428571
363;17209;1,000000000000000000000
373;2139;0,333333333333333333333
373;12572;0,333333333333333333333
373;28645;0,333333333333333333333
380;1282;0,200000000000000000000
380;1769;0,600000000000000000000
380;5464;0,200000000000000000000
382;6236;1,000000000000000000000
384;247;1,000000000000000000000
385;1314;1,000000000000000000000
388;375;0,166666666666666666666
388;391;0,166666666666666666666
388;394;0,166666666666666666666
388;399;0,166666666666666666666
388;405;0,166666666666666666666
388;409;0,166666666666666666666
391;410;1,000000000000000000000
392;120;0,052631578947368421052
392;337;0,052631578947368421052
392;401;0,052631578947368421052
392;410;0,052631578947368421052
392;414;0,052631578947368421052
392;415;0,052631578947368421052
392;805;0,052631578947368421052
392;1727;0,105263157894736842105
392;2140;0,052631578947368421052
392;2822;0,052631578947368421052
392;3022;0,052631578947368421052
392;3513;0,105263157894736842105
392;4078;0,052631578947368421052
392;6000;0,052631578947368421052
392;8237;0,052631578947368421052
392;8566;0,052631578947368421052
392;13187;0,052631578947368421052
396;392;0,333333333333333333333
396;414;0,333333333333333333333
396;1727;0,333333333333333333333
399;4498;1,000000000000000000000
405;12563;1,000000000000000000000
407;184;0,034482758620689655172
407;394;0,034482758620689655172
407;396;0,034482758620689655172
407;404;0,103448275862068965517
407;458;0,206896551724137931034
407;713;0,068965517241379310344
407;945;0,068965517241379310344
407;1139;0,034482758620689655172
407;1999;0,034482758620689655172
407;2585;0,068965517241379310344
407;2630;0,103448275862068965517
407;3779;0,103448275862068965517
407;5626;0,103448275862068965517
410;120;0,142857142857142857142
410;391;0,142857142857142857142
410;392;0,142857142857142857142
410;414;0,285714285714285714285
410;869;0,142857142857142857142
410;14269;0,142857142857142857142
411;1069;0,166666666666666666666
411;1397;0,333333333333333333333
411;1762;0,166666666666666666666
411;12563;0,333333333333333333333
412;410;0,333333333333333333333
412;983;0,666666666666666666666
418;389;0,500000000000000000000
418;10306;0,250000000000000000000
418;13552;0,250000000000000000000
419;704;0,333333333333333333333
419;1727;0,333333333333333333333
419;8396;0,333333333333333333333
420;41;0,142857142857142857142
420;72;0,285714285714285714285
420;131;0,142857142857142857142
420;982;0,285714285714285714285
420;1261;0,142857142857142857142
425;72;0,142857142857142857142
425;423;0,142857142857142857142
425;670;0,142857142857142857142
425;744;0,142857142857142857142
425;1079;0,142857142857142857142
425;4510;0,142857142857142857142
425;12418;0,142857142857142857142
427;1942;1,000000000000000000000
428;1844;1,000000000000000000000
433;1705;0,333333333333333333333
433;12372;0,666666666666666666666
442;1024;0,333333333333333333333
442;1574;0,333333333333333333333
442;2554;0,333333333333333333333
443;5625;0,500000000000000000000
443;7605;0,500000000000000000000
444;426;0,666666666666666666666
444;1574;0,333333333333333333333
453;138;0,500000000000000000000
453;13498;0,500000000000000000000
454;2054;1,000000000000000000000
455;4337;1,000000000000000000000
464;29376;1,000000000000000000000
466;5214;1,000000000000000000000
467;4086;0,100000000000000000000
467;5167;0,400000000000000000000
467;8933;0,200000000000000000000
467;9421;0,200000000000000000000
467;11213;0,100000000000000000000
469;468;0,071428571428571428571
469;667;0,142857142857142857142
469;1717;0,071428571428571428571
469;4428;0,214285714285714285714
469;4433;0,214285714285714285714
469;4459;0,071428571428571428571
469;4772;0,071428571428571428571
469;8489;0,142857142857142857142
472;85;0,142857142857142857142
472;3503;0,857142857142857142857
478;479;1,000000000000000000000
479;240;0,333333333333333333333
479;478;0,333333333333333333333
479;5013;0,333333333333333333333
484;1439;0,333333333333333333333
484;1440;0,333333333333333333333
484;2647;0,333333333333333333333
485;54;0,666666666666666666666
485;541;0,333333333333333333333
490;204;1,000000000000000000000
497;496;0,200000000000000000000
497;1667;0,600000000000000000000
497;4364;0,200000000000000000000
498;499;1,000000000000000000000
502;80;0,111111111111111111111
502;219;0,074074074074074074074
502;224;0,055555555555555555555
502;530;0,018518518518518518518
502;531;0,018518518518518518518
502;1131;0,055555555555555555555
502;1248;0,074074074074074074074
502;2436;0,037037037037037037037
502;2518;0,037037037037037037037
502;3443;0,148148148148148148148
502;3515;0,185185185185185185185
502;3625;0,074074074074074074074
502;3671;0,018518518518518518518
502;4187;0,018518518518518518518
502;4286;0,074074074074074074074
510;1913;1,000000000000000000000
512;2385;1,000000000000000000000
517;72;0,200000000000000000000
517;830;0,100000000000000000000
517;2203;0,200000000000000000000
517;2364;0,100000000000000000000
517;3395;0,300000000000000000000
517;3643;0,100000000000000000000
518;3834;1,000000000000000000000
520;4225;1,000000000000000000000
521;793;1,000000000000000000000
524;135;0,500000000000000000000
524;5367;0,250000000000000000000
524;9418;0,250000000000000000000
526;2385;0,666666666666666666666
526;2418;0,333333333333333333333
529;71;0,333333333333333333333
529;194;0,166666666666666666666
529;3523;0,500000000000000000000
541;54;1,000000000000000000000
543;886;0,142857142857142857142
543;1923;0,142857142857142857142
543;2352;0,142857142857142857142
543;3015;0,428571428571428571428
543;5528;0,142857142857142857142
545;6694;0,500000000000000000000
545;8348;0,500000000000000000000
546;3975;1,000000000000000000000
550;54;0,025641025641025641025
550;132;0,179487179487179487179
550;435;0,102564102564102564102
550;541;0,076923076923076923076
550;596;0,179487179487179487179
550;658;0,025641025641025641025
550;1319;0,025641025641025641025
550;1664;0,051282051282051282051
550;2509;0,025641025641025641025
550;3230;0,128205128205128205128
550;6130;0,128205128205128205128
550;15895;0,051282051282051282051
560;208;0,500000000000000000000
560;1068;0,500000000000000000000
571;528;0,333333333333333333333
571;1124;0,333333333333333333333
571;1897;0,333333333333333333333
573;1293;1,000000000000000000000
594;977;1,000000000000000000000
600;1079;0,111111111111111111111
600;1316;0,111111111111111111111
600;1442;0,111111111111111111111
600;3007;0,111111111111111111111
600;6721;0,111111111111111111111
600;7130;0,333333333333333333333
600;21490;0,111111111111111111111
608;609;1,000000000000000000000
612;39;0,400000000000000000000
612;1949;0,100000000000000000000
612;4238;0,200000000000000000000
612;8156;0,100000000000000000000
612;9762;0,200000000000000000000
613;567;0,142857142857142857142
613;738;0,142857142857142857142
613;1589;0,142857142857142857142
613;4622;0,285714285714285714285
613;5603;0,142857142857142857142
613;17248;0,142857142857142857142
615;253;0,051282051282051282051
615;675;0,025641025641025641025
615;984;0,025641025641025641025
615;1526;0,025641025641025641025
615;1622;0,025641025641025641025
615;1898;0,076923076923076923076
615;2330;0,025641025641025641025
615;4018;0,025641025641025641025
615;4080;0,051282051282051282051
615;4323;0,025641025641025641025
615;4747;0,051282051282051282051
615;5174;0,025641025641025641025
615;5843;0,025641025641025641025
615;6666;0,025641025641025641025
615;6746;0,025641025641025641025
615;8949;0,025641025641025641025
615;9572;0,025641025641025641025
615;9657;0,025641025641025641025
615;10306;0,051282051282051282051
615;12877;0,025641025641025641025
615;12879;0,025641025641025641025
615;12882;0,025641025641025641025
615;24259;0,051282051282051282051
615;24371;0,025641025641025641025
615;25051;0,025641025641025641025
615;25052;0,025641025641025641025
615;27620;0,025641025641025641025
615;28322;0,025641025641025641025
615;28995;0,025641025641025641025
615;28996;0,025641025641025641025
615;28997;0,025641025641025641025
615;28998;0,025641025641025641025
621;877;0,250000000000000000000
621;938;0,250000000000000000000
621;2385;0,250000000000000000000
621;4281;0,250000000000000000000
622;2147;1,000000000000000000000
625;122;0,909090909090909090909
625;798;0,090909090909090909090
628;71;0,062500000000000000000
628;138;0,062500000000000000000
628;194;0,125000000000000000000
628;360;0,250000000000000000000
628;689;0,125000000000000000000
628;1939;0,062500000000000000000
628;1940;0,062500000000000000000
628;3940;0,062500000000000000000
628;6734;0,062500000000000000000
628;10359;0,062500000000000000000
628;59745;0,062500000000000000000
641;1963;1,000000000000000000000
644;3852;1,000000000000000000000
648;485;1,000000000000000000000
660;4;0,007751937984496124031
660;37;0,007751937984496124031
660;38;0,007751937984496124031
660;189;0,007751937984496124031
660;216;0,007751937984496124031
660;246;0,007751937984496124031
660;271;0,007751937984496124031
660;294;0,007751937984496124031
660;523;0,007751937984496124031
660;545;0,007751937984496124031
660;573;0,007751937984496124031
660;609;0,007751937984496124031
660;891;0,007751937984496124031
660;1010;0,007751937984496124031
660;1018;0,007751937984496124031
660;1082;0,007751937984496124031
660;1434;0,007751937984496124031
660;1497;0,007751937984496124031
660;1724;0,007751937984496124031
660;1768;0,007751937984496124031
660;1824;0,007751937984496124031
660;1840;0,007751937984496124031
660;1854;0,007751937984496124031
660;1892;0,007751937984496124031
660;2001;0,007751937984496124031
660;2188;0,007751937984496124031
660;2322;0,007751937984496124031
660;2323;0,007751937984496124031
660;2337;0,007751937984496124031
660;2343;0,007751937984496124031
660;2372;0,007751937984496124031
660;2433;0,007751937984496124031
660;2438;0,007751937984496124031
660;2484;0,007751937984496124031
660;2543;0,007751937984496124031
660;2678;0,007751937984496124031
660;2679;0,007751937984496124031
660;2834;0,015503875968992248062
660;3071;0,007751937984496124031
660;3189;0,007751937984496124031
660;3278;0,007751937984496124031
660;3304;0,007751937984496124031
660;3360;0,007751937984496124031
660;3518;0,007751937984496124031
660;3551;0,007751937984496124031
660;3618;0,007751937984496124031
660;3731;0,007751937984496124031
660;3809;0,007751937984496124031
660;3844;0,007751937984496124031
660;3916;0,007751937984496124031
660;3978;0,007751937984496124031
660;3980;0,007751937984496124031
660;4000;0,007751937984496124031
660;4001;0,007751937984496124031
660;4039;0,007751937984496124031
660;4090;0,007751937984496124031
660;4091;0,007751937984496124031
660;4100;0,007751937984496124031
660;4372;0,007751937984496124031
660;4374;0,007751937984496124031
660;4421;0,007751937984496124031
660;4522;0,007751937984496124031
660;4576;0,007751937984496124031
660;4657;0,007751937984496124031
660;4728;0,007751937984496124031
660;4750;0,007751937984496124031
660;4794;0,007751937984496124031
660;4877;0,007751937984496124031
660;5470;0,015503875968992248062
660;5481;0,007751937984496124031
660;5506;0,007751937984496124031
660;5800;0,007751937984496124031
660;5915;0,007751937984496124031
660;6372;0,007751937984496124031
660;6461;0,007751937984496124031
660;6694;0,007751937984496124031
660;6701;0,007751937984496124031
660;6991;0,007751937984496124031
660;6992;0,007751937984496124031
660;7215;0,007751937984496124031
660;7648;0,007751937984496124031
660;7748;0,007751937984496124031
660;7756;0,007751937984496124031
660;7968;0,007751937984496124031
660;8268;0,007751937984496124031
660;8635;0,007751937984496124031
660;9114;0,007751937984496124031
660;9118;0,007751937984496124031
660;9376;0,007751937984496124031
660;9462;0,007751937984496124031
660;9859;0,007751937984496124031
660;9960;0,007751937984496124031
660;9992;0,007751937984496124031
660;10255;0,007751937984496124031
660;10523;0,007751937984496124031
660;10860;0,007751937984496124031
660;11004;0,007751937984496124031
660;11014;0,007751937984496124031
660;11458;0,007751937984496124031
660;11656;0,007751937984496124031
660;11695;0,007751937984496124031
660;11734;0,015503875968992248062
660;12385;0,007751937984496124031
660;13141;0,007751937984496124031
660;13504;0,007751937984496124031
660;13642;0,007751937984496124031
660;13899;0,007751937984496124031
660;14050;0,007751937984496124031
660;14652;0,007751937984496124031
660;15867;0,007751937984496124031
660;17148;0,007751937984496124031
660;17677;0,007751937984496124031
660;17773;0,007751937984496124031
660;18149;0,007751937984496124031
660;18300;0,007751937984496124031
660;18622;0,007751937984496124031
660;19402;0,007751937984496124031
660;20436;0,007751937984496124031
660;21512;0,007751937984496124031
660;21513;0,007751937984496124031
660;21515;0,007751937984496124031
660;23561;0,007751937984496124031
660;23562;0,007751937984496124031
660;23563;0,007751937984496124031
660;23564;0,007751937984496124031
660;27528;0,007751937984496124031
662;71;0,500000000000000000000
662;529;0,500000000000000000000
667;468;0,250000000000000000000
667;469;0,500000000000000000000
667;668;0,250000000000000000000
668;530;0,058823529411764705882
668;876;0,058823529411764705882
668;1129;0,352941176470588235294
668;1130;0,058823529411764705882
668;4173;0,294117647058823529411
668;13482;0,117647058823529411764
668;65193;0,058823529411764705882
669;520;0,111111111111111111111
669;528;0,111111111111111111111
669;1068;0,111111111111111111111
669;1196;0,111111111111111111111
669;1225;0,111111111111111111111
669;1694;0,111111111111111111111
669;2659;0,111111111111111111111
669;6447;0,111111111111111111111
669;21697;0,111111111111111111111
670;71;0,044444444444444444444
670;100;0,044444444444444444444
670;276;0,088888888888888888888
670;277;0,022222222222222222222
670;354;0,022222222222222222222
670;695;0,044444444444444444444
670;696;0,044444444444444444444
670;983;0,044444444444444444444
670;1169;0,022222222222222222222
670;1940;0,044444444444444444444
670;1941;0,066666666666666666666
670;1942;0,044444444444444444444
670;1943;0,044444444444444444444
670;1944;0,044444444444444444444
670;1945;0,044444444444444444444
670;1946;0,044444444444444444444
670;3523;0,044444444444444444444
670;4512;0,044444444444444444444
670;12516;0,044444444444444444444
670;59745;0,155555555555555555555
675;281;0,266666666666666666666
675;452;0,066666666666666666666
675;719;0,133333333333333333333
675;1025;0,133333333333333333333
675;1129;0,133333333333333333333
675;1174;0,133333333333333333333
675;1370;0,133333333333333333333
678;285;0,600000000000000000000
678;1547;0,200000000000000000000
678;1591;0,200000000000000000000
682;683;1,000000000000000000000
683;682;0,500000000000000000000
683;863;0,500000000000000000000
688;10359;1,000000000000000000000
689;628;1,000000000000000000000
691;132;1,000000000000000000000
694;113;0,250000000000000000000
694;696;0,500000000000000000000
694;5618;0,250000000000000000000
695;65;0,083333333333333333333
695;90;0,083333333333333333333
695;240;0,083333333333333333333
695;826;0,083333333333333333333
695;1314;0,083333333333333333333
695;2374;0,083333333333333333333
695;3098;0,083333333333333333333
695;6189;0,083333333333333333333
695;6213;0,250000000000000000000
695;8225;0,083333333333333333333
696;277;0,117647058823529411764
696;749;0,117647058823529411764
696;1168;0,058823529411764705882
696;1678;0,058823529411764705882
696;1724;0,117647058823529411764
696;2111;0,058823529411764705882
696;5623;0,058823529411764705882
696;7713;0,058823529411764705882
696;7717;0,058823529411764705882
696;18641;0,176470588235294117647
696;59745;0,117647058823529411764
698;1814;0,750000000000000000000
698;2087;0,250000000000000000000
700;612;0,250000000000000000000
700;628;0,500000000000000000000
700;837;0,250000000000000000000
704;199;1,000000000000000000000
708;2991;0,916666666666666666666
708;3007;0,083333333333333333333
713;184;0,100000000000000000000
713;363;0,100000000000000000000
713;1295;0,100000000000000000000
713;2551;0,100000000000000000000
713;3476;0,100000000000000000000
713;3477;0,100000000000000000000
713;5626;0,100000000000000000000
713;6326;0,100000000000000000000
713;7574;0,100000000000000000000
713;9982;0,100000000000000000000
731;3829;0,250000000000000000000
731;9234;0,250000000000000000000
731;15302;0,500000000000000000000
733;538;0,333333333333333333333
733;899;0,666666666666666666666
737;3473;1,000000000000000000000
740;59;1,000000000000000000000
744;425;0,500000000000000000000
744;845;0,500000000000000000000
747;40;0,100000000000000000000
747;213;0,100000000000000000000
747;748;0,100000000000000000000
747;8516;0,100000000000000000000
747;28826;0,100000000000000000000
747;76428;0,200000000000000000000
747;81648;0,300000000000000000000
748;213;0,166666666666666666666
748;851;0,083333333333333333333
748;1439;0,083333333333333333333
748;1440;0,083333333333333333333
748;2080;0,083333333333333333333
748;8516;0,083333333333333333333
748;38738;0,166666666666666666666
748;71411;0,083333333333333333333
748;75827;0,083333333333333333333
748;76428;0,083333333333333333333
749;724;0,166666666666666666666
749;2112;0,333333333333333333333
749;5174;0,166666666666666666666
749;5623;0,166666666666666666666
749;18641;0,166666666666666666666
750;4307;1,000000000000000000000
752;2607;1,000000000000000000000
763;1237;0,250000000000000000000
763;1939;0,250000000000000000000
763;10188;0,500000000000000000000
771;8928;1,000000000000000000000
772;3872;0,500000000000000000000
772;6007;0,500000000000000000000
777;839;1,000000000000000000000
778;3178;0,500000000000000000000
778;8373;0,500000000000000000000
785;140;1,000000000000000000000
787;4592;1,000000000000000000000
791;2254;1,000000000000000000000
802;3234;1,000000000000000000000
808;9729;1,000000000000000000000
819;281;0,142857142857142857142
819;452;0,428571428571428571428
819;718;0,142857142857142857142
819;719;0,142857142857142857142
819;1684;0,142857142857142857142
822;937;0,166666666666666666666
822;1055;0,333333333333333333333
822;1613;0,166666666666666666666
822;4430;0,333333333333333333333
829;3395;1,000000000000000000000
830;72;0,750000000000000000000
830;3395;0,250000000000000000000
835;369;1,000000000000000000000
839;878;0,142857142857142857142
839;979;0,047619047619047619047
839;1055;0,142857142857142857142
839;1598;0,047619047619047619047
839;1717;0,047619047619047619047
839;1827;0,142857142857142857142
839;3360;0,142857142857142857142
839;3966;0,095238095238095238095
839;4432;0,047619047619047619047
839;4440;0,142857142857142857142
841;1122;0,500000000000000000000
841;2054;0,500000000000000000000
844;360;1,000000000000000000000
845;96;0,375000000000000000000
845;846;0,375000000000000000000
845;1437;0,125000000000000000000
845;1724;0,125000000000000000000
846;11;0,026315789473684210526
846;131;0,026315789473684210526
846;148;0,013157894736842105263
846;283;0,013157894736842105263
846;292;0,026315789473684210526
846;296;0,013157894736842105263
846;369;0,026315789473684210526
846;419;0,013157894736842105263
846;485;0,026315789473684210526
846;643;0,039473684210526315789
846;660;0,039473684210526315789
846;738;0,026315789473684210526
846;842;0,013157894736842105263
846;845;0,013157894736842105263
846;904;0,026315789473684210526
846;934;0,039473684210526315789
846;965;0,013157894736842105263
846;966;0,013157894736842105263
846;1066;0,013157894736842105263
846;1142;0,013157894736842105263
846;1224;0,013157894736842105263
846;1263;0,026315789473684210526
846;1342;0,013157894736842105263
846;1355;0,026315789473684210526
846;1437;0,013157894736842105263
846;1681;0,013157894736842105263
846;1898;0,013157894736842105263
846;2435;0,013157894736842105263
846;2546;0,013157894736842105263
846;2697;0,013157894736842105263
846;2731;0,013157894736842105263
846;2744;0,013157894736842105263
846;2786;0,026315789473684210526
846;2851;0,026315789473684210526
846;3417;0,052631578947368421052
846;3575;0,026315789473684210526
846;3636;0,013157894736842105263
846;3696;0,013157894736842105263
846;4147;0,013157894736842105263
846;4747;0,013157894736842105263
846;5245;0,013157894736842105263
846;5627;0,013157894736842105263
846;5638;0,013157894736842105263
846;7975;0,013157894736842105263
846;8267;0,013157894736842105263
846;8268;0,013157894736842105263
846;8306;0,013157894736842105263
846;8636;0,013157894736842105263
846;8715;0,013157894736842105263
846;12579;0,013157894736842105263
846;12959;0,013157894736842105263
846;23759;0,013157894736842105263
846;26070;0,013157894736842105263
846;26219;0,013157894736842105263
846;27836;0,013157894736842105263
849;423;1,000000000000000000000
853;1224;1,000000000000000000000
861;96;0,111111111111111111111
861;267;0,444444444444444444444
861;1570;0,111111111111111111111
861;1591;0,111111111111111111111
861;2713;0,111111111111111111111
861;6755;0,111111111111111111111
863;180;1,000000000000000000000
866;621;0,500000000000000000000
866;5691;0,500000000000000000000
867;865;1,000000000000000000000
869;410;0,100000000000000000000
869;1135;0,100000000000000000000
869;1140;0,100000000000000000000
869;1340;0,100000000000000000000
869;1663;0,100000000000000000000
869;1862;0,200000000000000000000
869;1894;0,100000000000000000000
869;2569;0,100000000000000000000
869;3408;0,100000000000000000000
870;252;1,000000000000000000000
877;621;0,250000000000000000000
877;1044;0,500000000000000000000
877;12798;0,250000000000000000000
883;2385;1,000000000000000000000
885;1307;0,500000000000000000000
885;3235;0,500000000000000000000
886;543;1,000000000000000000000
887;877;0,333333333333333333333
887;27763;0,666666666666666666666
899;733;1,000000000000000000000
904;846;0,400000000000000000000
904;945;0,400000000000000000000
904;1221;0,100000000000000000000
904;2127;0,100000000000000000000
911;2150;1,000000000000000000000
912;2139;1,000000000000000000000
925;477;0,200000000000000000000
925;7106;0,200000000000000000000
925;8106;0,200000000000000000000
925;9383;0,200000000000000000000
925;13054;0,200000000000000000000
933;1370;1,000000000000000000000
937;822;0,200000000000000000000
937;1483;0,200000000000000000000
937;3306;0,200000000000000000000
937;7907;0,200000000000000000000
937;8928;0,200000000000000000000
938;621;1,000000000000000000000
945;2694;1,000000000000000000000
955;1589;0,500000000000000000000
955;4681;0,500000000000000000000
960;911;0,058823529411764705882
960;1401;0,058823529411764705882
960;1744;0,058823529411764705882
960;2280;0,058823529411764705882
960;2737;0,058823529411764705882
960;3142;0,058823529411764705882
960;3414;0,058823529411764705882
960;4240;0,058823529411764705882
960;4262;0,058823529411764705882
960;4491;0,058823529411764705882
960;4715;0,058823529411764705882
960;4758;0,058823529411764705882
960;7221;0,058823529411764705882
960;7301;0,058823529411764705882
960;8723;0,058823529411764705882
960;9184;0,058823529411764705882
960;9409;0,058823529411764705882
970;1286;0,250000000000000000000
970;2385;0,750000000000000000000
972;85;1,000000000000000000000
977;993;0,250000000000000000000
977;2697;0,125000000000000000000
977;5691;0,250000000000000000000
977;5762;0,125000000000000000000
977;9410;0,062500000000000000000
977;9839;0,187500000000000000000
978;5616;1,000000000000000000000
979;839;0,333333333333333333333
979;8928;0,666666666666666666666
983;670;0,400000000000000000000
983;1941;0,200000000000000000000
983;59745;0,400000000000000000000
984;1981;1,000000000000000000000
988;1391;1,000000000000000000000
990;2249;0,125000000000000000000
990;2293;0,125000000000000000000
990;2326;0,375000000000000000000
990;3233;0,125000000000000000000
990;8666;0,250000000000000000000
992;113;0,500000000000000000000
992;763;0,500000000000000000000
995;189;0,090909090909090909090
995;254;0,090909090909090909090
995;1370;0,181818181818181818181
995;1827;0,090909090909090909090
995;1840;0,090909090909090909090
995;3523;0,181818181818181818181
995;16815;0,272727272727272727272
1010;1018;0,142857142857142857142
1010;1293;0,428571428571428571428
1010;2001;0,142857142857142857142
1010;3809;0,142857142857142857142
1010;3836;0,142857142857142857142
1014;27269;1,000000000000000000000
1030;288;0,333333333333333333333
1030;290;0,166666666666666666666
1030;1029;0,166666666666666666666
1030;2371;0,333333333333333333333
1032;2487;0,500000000000000000000
1032;3141;0,500000000000000000000
1033;247;1,000000000000000000000
1035;196;0,500000000000000000000
1035;851;0,500000000000000000000
1041;6881;1,000000000000000000000
1042;557;0,250000000000000000000
1042;2425;0,500000000000000000000
1042;2514;0,250000000000000000000
1043;122;1,000000000000000000000
1044;877;0,500000000000000000000
1044;887;0,500000000000000000000
1046;1253;0,500000000000000000000
1046;3450;0,500000000000000000000
1048;2390;0,800000000000000000000
1048;3332;0,200000000000000000000
1053;1949;0,500000000000000000000
1053;4933;0,500000000000000000000
1054;4451;1,000000000000000000000
1055;172;0,250000000000000000000
1055;839;0,250000000000000000000
1055;1717;0,250000000000000000000
1055;4432;0,250000000000000000000
1058;1171;1,000000000000000000000
1064;934;1,000000000000000000000
1073;1157;0,096774193548387096774
1073;1315;0,064516129032258064516
1073;1984;0,032258064516129032258
1073;1985;0,096774193548387096774
1073;4918;0,032258064516129032258
1073;4919;0,032258064516129032258
1073;8109;0,129032258064516129032
1073;8164;0,064516129032258064516
1073;9513;0,129032258064516129032
1073;12388;0,322580645161290322580
1079;425;0,333333333333333333333
1079;600;0,333333333333333333333
1079;13799;0,333333333333333333333
1082;891;1,000000000000000000000
1083;38;0,500000000000000000000
1083;189;0,500000000000000000000
1085;1180;0,500000000000000000000
1085;29376;0,500000000000000000000
1094;995;0,500000000000000000000
1094;9234;0,500000000000000000000
1101;9402;0,500000000000000000000
1101;9442;0,500000000000000000000
1117;131;0,181818181818181818181
1117;360;0,272727272727272727272
1117;2277;0,090909090909090909090
1117;2364;0,090909090909090909090
1117;2972;0,181818181818181818181
1117;4052;0,181818181818181818181
1121;285;0,076923076923076923076
1121;1274;0,076923076923076923076
1121;2146;0,076923076923076923076
1121;2147;0,076923076923076923076
1121;4070;0,076923076923076923076
1121;5264;0,076923076923076923076
1121;5922;0,076923076923076923076
1121;7788;0,076923076923076923076
1121;11030;0,076923076923076923076
1121;13006;0,076923076923076923076
1121;16644;0,076923076923076923076
1121;18247;0,076923076923076923076
1121;27173;0,076923076923076923076
1127;7341;1,000000000000000000000
1135;7;0,166666666666666666666
1135;519;0,083333333333333333333
1135;1140;0,083333333333333333333
1135;1340;0,083333333333333333333
1135;2004;0,083333333333333333333
1135;2467;0,083333333333333333333
1135;2877;0,083333333333333333333
1135;3465;0,083333333333333333333
1135;5591;0,083333333333333333333
1135;7095;0,083333333333333333333
1135;8223;0,083333333333333333333
1139;224;0,066666666666666666666
1139;324;0,066666666666666666666
1139;337;0,066666666666666666666
1139;749;0,066666666666666666666
1139;805;0,066666666666666666666
1139;1643;0,066666666666666666666
1139;2140;0,066666666666666666666
1139;2887;0,066666666666666666666
1139;3625;0,066666666666666666666
1139;8641;0,066666666666666666666
1139;12333;0,066666666666666666666
1139;17273;0,066666666666666666666
1139;27079;0,066666666666666666666
1139;31885;0,066666666666666666666
1139;54638;0,066666666666666666666
1140;6;0,083333333333333333333
1140;1822;0,083333333333333333333
1140;2921;0,083333333333333333333
1140;3284;0,083333333333333333333
1140;3999;0,083333333333333333333
1140;4786;0,083333333333333333333
1140;7802;0,083333333333333333333
1140;10103;0,083333333333333333333
1140;12387;0,083333333333333333333
1140;12670;0,083333333333333333333
1140;17274;0,083333333333333333333
1140;26386;0,083333333333333333333
1141;261;0,333333333333333333333
1141;2293;0,666666666666666666666
1142;240;0,125000000000000000000
1142;283;0,125000000000000000000
1142;846;0,125000000000000000000
1142;1141;0,250000000000000000000
1142;1591;0,125000000000000000000
1142;2464;0,125000000000000000000
1142;5223;0,125000000000000000000
1143;71;0,200000000000000000000
1143;2803;0,200000000000000000000
1143;6505;0,400000000000000000000
1143;6527;0,200000000000000000000
1149;2546;0,333333333333333333333
1149;5171;0,333333333333333333333
1149;8630;0,333333333333333333333
1150;878;1,000000000000000000000
1154;1153;1,000000000000000000000
1160;1513;0,500000000000000000000
1160;2576;0,333333333333333333333
1160;3802;0,166666666666666666666
1164;1439;0,333333333333333333333
1164;1440;0,333333333333333333333
1164;1831;0,333333333333333333333
1165;1637;0,200000000000000000000
1165;9356;0,200000000000000000000
1165;10658;0,200000000000000000000
1165;26095;0,200000000000000000000
1165;28819;0,200000000000000000000
1169;1941;1,000000000000000000000
1174;332;0,272727272727272727272
1174;675;0,090909090909090909090
1174;754;0,090909090909090909090
1174;1116;0,090909090909090909090
1174;1361;0,181818181818181818181
1174;1370;0,090909090909090909090
1174;65193;0,181818181818181818181
1190;1220;0,500000000000000000000
1190;24166;0,500000000000000000000
1196;669;0,333333333333333333333
1196;4059;0,333333333333333333333
1196;8225;0,333333333333333333333
1200;1324;0,500000000000000000000
1200;9418;0,500000000000000000000
1206;9015;1,000000000000000000000
1210;9468;1,000000000000000000000
1218;3697;1,000000000000000000000
1220;1190;0,333333333333333333333
1220;1771;0,333333333333333333333
1220;6641;0,333333333333333333333
1221;904;0,500000000000000000000
1221;28344;0,500000000000000000000
1225;47;0,021276595744680851063
1225;1133;0,021276595744680851063
1225;1206;0,021276595744680851063
1225;1246;0,021276595744680851063
1225;1458;0,021276595744680851063
1225;1505;0,021276595744680851063
1225;2057;0,021276595744680851063
1225;2588;0,021276595744680851063
1225;2659;0,021276595744680851063
1225;3019;0,021276595744680851063
1225;3225;0,021276595744680851063
1225;3615;0,021276595744680851063
1225;3840;0,021276595744680851063
1225;4636;0,021276595744680851063
1225;4749;0,021276595744680851063
1225;4751;0,021276595744680851063
1225;4841;0,021276595744680851063
1225;5309;0,021276595744680851063
1225;5408;0,021276595744680851063
1225;5543;0,021276595744680851063
1225;5693;0,021276595744680851063
1225;5700;0,021276595744680851063
1225;5784;0,021276595744680851063
1225;5967;0,021276595744680851063
1225;6267;0,021276595744680851063
1225;6594;0,021276595744680851063
1225;6681;0,021276595744680851063
1225;7131;0,021276595744680851063
1225;7240;0,021276595744680851063
1225;8281;0,021276595744680851063
1225;9088;0,021276595744680851063
1225;9345;0,021276595744680851063
1225;9905;0,021276595744680851063
1225;10491;0,021276595744680851063
1225;12768;0,021276595744680851063
1225;13054;0,021276595744680851063
1225;16487;0,021276595744680851063
1225;16866;0,021276595744680851063
1225;21470;0,021276595744680851063
1225;22645;0,021276595744680851063
1225;25508;0,021276595744680851063
1225;27557;0,021276595744680851063
1225;27991;0,021276595744680851063
1225;28034;0,021276595744680851063
1225;28519;0,021276595744680851063
1225;28964;0,021276595744680851063
1225;28965;0,021276595744680851063
1227;9762;1,000000000000000000000
1231;3141;0,500000000000000000000
1231;8238;0,500000000000000000000
1234;1235;0,181818181818181818181
1234;1236;0,181818181818181818181
1234;1277;0,363636363636363636363
1234;2826;0,090909090909090909090
1234;3188;0,090909090909090909090
1234;8623;0,090909090909090909090
1236;190;0,111111111111111111111
1236;1129;0,111111111111111111111
1236;1234;0,333333333333333333333
1236;1326;0,111111111111111111111
1236;3188;0,111111111111111111111
1236;9424;0,111111111111111111111
1236;21154;0,111111111111111111111
1237;763;1,000000000000000000000
1243;1372;1,000000000000000000000
1246;1092;1,000000000000000000000
1248;80;1,000000000000000000000
1253;1046;1,000000000000000000000
1254;119;1,000000000000000000000
1261;41;0,500000000000000000000
1261;420;0,250000000000000000000
1261;8199;0,250000000000000000000
1265;28532;1,000000000000000000000
1271;1263;0,333333333333333333333
1271;10020;0,333333333333333333333
1271;12907;0,333333333333333333333
1277;1234;0,428571428571428571428
1277;1815;0,571428571428571428571
1278;135;1,000000000000000000000
1282;380;0,400000000000000000000
1282;2008;0,600000000000000000000
1286;127;0,062500000000000000000
1286;242;0,125000000000000000000
1286;970;0,187500000000000000000
1286;2054;0,125000000000000000000
1286;2434;0,375000000000000000000
1286;9217;0,062500000000000000000
1286;28686;0,062500000000000000000
1293;216;0,029702970297029702970
1293;523;0,029702970297029702970
1293;573;0,029702970297029702970
1293;1010;0,029702970297029702970
1293;1018;0,029702970297029702970
1293;2001;0,029702970297029702970
1293;2484;0,029702970297029702970
1293;2598;0,019801980198019801980
1293;3189;0,029702970297029702970
1293;3551;0,029702970297029702970
1293;3809;0,029702970297029702970
1293;4000;0,029702970297029702970
1293;4001;0,029702970297029702970
1293;4090;0,029702970297029702970
1293;4091;0,029702970297029702970
1293;4421;0,029702970297029702970
1293;4877;0,029702970297029702970
1293;5470;0,029702970297029702970
1293;5800;0,029702970297029702970
1293;6991;0,029702970297029702970
1293;6992;0,029702970297029702970
1293;7748;0,029702970297029702970
1293;8268;0,029702970297029702970
1293;10084;0,019801980198019801980
1293;10523;0,029702970297029702970
1293;13504;0,029702970297029702970
1293;14050;0,029702970297029702970
1293;15889;0,029702970297029702970
1293;18149;0,029702970297029702970
1293;18300;0,029702970297029702970
1293;20436;0,029702970297029702970
1293;21512;0,029702970297029702970
1293;21513;0,019801980198019801980
1293;21514;0,019801980198019801980
1293;21515;0,019801980198019801980
1293;22937;0,009900990099009900990
1305;8489;1,000000000000000000000
1307;306;0,166666666666666666666
1307;4004;0,166666666666666666666
1307;4257;0,500000000000000000000
1307;9468;0,166666666666666666666
1310;1868;1,000000000000000000000
1316;194;0,500000000000000000000
1316;600;0,500000000000000000000
1319;648;1,000000000000000000000
1322;1243;1,000000000000000000000
1324;307;0,030303030303030303030
1324;378;0,030303030303030303030
1324;1114;0,030303030303030303030
1324;1200;0,060606060606060606060
1324;1240;0,030303030303030303030
1324;1325;0,030303030303030303030
1324;1326;0,181818181818181818181
1324;1327;0,030303030303030303030
1324;1328;0,181818181818181818181
1324;1329;0,030303030303030303030
1324;1330;0,030303030303030303030
1324;1331;0,030303030303030303030
1324;1332;0,030303030303030303030
1324;1333;0,030303030303030303030
1324;1334;0,030303030303030303030
1324;1335;0,030303030303030303030
1324;1336;0,030303030303030303030
1324;1337;0,030303030303030303030
1324;1338;0,030303030303030303030
1324;2152;0,060606060606060606060
1324;15437;0,030303030303030303030
1326;1337;1,000000000000000000000
1328;1324;0,500000000000000000000
1328;1326;0,500000000000000000000
1330;1326;1,000000000000000000000
1332;1327;1,000000000000000000000
1333;1200;1,000000000000000000000
1334;307;0,200000000000000000000
1334;1324;0,200000000000000000000
1334;1336;0,400000000000000000000
1334;1338;0,200000000000000000000
1336;2498;0,500000000000000000000
1336;7278;0,500000000000000000000
1337;1326;0,666666666666666666666
1337;2498;0,333333333333333333333
1338;1326;0,333333333333333333333
1338;1332;0,333333333333333333333
1338;2152;0,333333333333333333333
1340;108;1,000000000000000000000
1364;3753;1,000000000000000000000
1370;281;0,111111111111111111111
1370;452;0,166666666666666666666
1370;718;0,055555555555555555555
1370;719;0,055555555555555555555
1370;819;0,055555555555555555555
1370;933;0,388888888888888888888
1370;1116;0,055555555555555555555
1370;1391;0,055555555555555555555
1370;1710;0,055555555555555555555
1372;1243;1,000000000000000000000
1379;4435;1,000000000000000000000
1393;4414;0,500000000000000000000
1393;5762;0,500000000000000000000
1397;411;1,000000000000000000000
1406;1162;1,000000000000000000000
1419;7586;1,000000000000000000000
1425;3178;1,000000000000000000000
1432;17710;1,000000000000000000000
1437;41;0,500000000000000000000
1437;148;0,500000000000000000000
1440;1637;0,200000000000000000000
1440;1831;0,200000000000000000000
1440;2080;0,200000000000000000000
1440;22298;0,200000000000000000000
1440;42210;0,200000000000000000000
1443;622;0,166666666666666666666
1443;2146;0,083333333333333333333
1443;2832;0,083333333333333333333
1443;3085;0,083333333333333333333
1443;4197;0,083333333333333333333
1443;5691;0,166666666666666666666
1443;6316;0,083333333333333333333
1443;9806;0,083333333333333333333
1443;9807;0,083333333333333333333
1443;12497;0,083333333333333333333
1446;1447;0,833333333333333333333
1446;2112;0,166666666666666666666
1447;1137;0,250000000000000000000
1447;1446;0,750000000000000000000
1454;1303;0,066666666666666666666
1454;1560;0,066666666666666666666
1454;3768;0,066666666666666666666
1454;5601;0,066666666666666666666
1454;8902;0,066666666666666666666
1454;11476;0,066666666666666666666
1454;13291;0,066666666666666666666
1454;19176;0,066666666666666666666
1454;19177;0,066666666666666666666
1454;21396;0,066666666666666666666
1454;24209;0,066666666666666666666
1454;24536;0,066666666666666666666
1454;28457;0,066666666666666666666
1454;28463;0,066666666666666666666
1454;28467;0,066666666666666666666
1455;1689;0,333333333333333333333
1455;2254;0,333333333333333333333
1455;11232;0,333333333333333333333
1462;658;1,000000000000000000000
1464;635;0,500000000000000000000
1464;1637;0,500000000000000000000
1466;3477;1,000000000000000000000
1471;50332;1,000000000000000000000
1479;244;0,625000000000000000000
1479;8928;0,375000000000000000000
1481;7480;1,000000000000000000000
1483;937;0,363636363636363636363
1483;3648;0,363636363636363636363
1483;4471;0,090909090909090909090
1483;10507;0,181818181818181818181
1498;73857;1,000000000000000000000
1499;3234;0,750000000000000000000
1499;3701;0,250000000000000000000
1503;3096;0,500000000000000000000
1503;4179;0,500000000000000000000
1504;83;1,000000000000000000000
1512;833;0,142857142857142857142
1512;1058;0,285714285714285714285
1512;2204;0,142857142857142857142
1512;3188;0,285714285714285714285
1512;10682;0,142857142857142857142
1513;1160;0,142857142857142857142
1513;1827;0,142857142857142857142
1513;2761;0,142857142857142857142
1513;2990;0,142857142857142857142
1513;6007;0,142857142857142857142
1513;6008;0,285714285714285714285
1515;251;0,100000000000000000000
1515;284;0,100000000000000000000
1515;1591;0,100000000000000000000
1515;3234;0,500000000000000000000
1515;4592;0,100000000000000000000
1515;10020;0,100000000000000000000
1516;3940;0,333333333333333333333
1516;13054;0,333333333333333333333
1516;20666;0,333333333333333333333
1523;2713;1,000000000000000000000
1525;611;1,000000000000000000000
1526;615;1,000000000000000000000
1544;1065;1,000000000000000000000
1545;1967;1,000000000000000000000
1547;678;0,500000000000000000000
1547;3005;0,500000000000000000000
1554;793;1,000000000000000000000
1561;1906;1,000000000000000000000
1565;2890;0,333333333333333333333
1565;3395;0,333333333333333333333
1565;4526;0,333333333333333333333
1567;232;1,000000000000000000000
1574;131;0,250000000000000000000
1574;426;0,750000000000000000000
1588;9721;1,000000000000000000000
1589;955;0,200000000000000000000
1589;2383;0,400000000000000000000
1589;5470;0,400000000000000000000
1591;283;0,066666666666666666666
1591;861;0,266666666666666666666
1591;2714;0,066666666666666666666
1591;3045;0,200000000000000000000
1591;3234;0,200000000000000000000
1591;6008;0,066666666666666666666
1591;6755;0,066666666666666666666
1591;10197;0,066666666666666666666
1596;596;0,500000000000000000000
1596;2664;0,500000000000000000000
1608;232;1,000000000000000000000
1609;1906;1,000000000000000000000
1612;4437;1,000000000000000000000
1613;777;0,111111111111111111111
1613;822;0,222222222222222222222
1613;1076;0,111111111111111111111
1613;1991;0,111111111111111111111
1613;3306;0,111111111111111111111
1613;4430;0,111111111111111111111
1613;4432;0,222222222222222222222
1625;65;0,125000000000000000000
1625;190;0,125000000000000000000
1625;1109;0,125000000000000000000
1625;1326;0,125000000000000000000
1625;1333;0,125000000000000000000
1625;2071;0,125000000000000000000
1625;6189;0,125000000000000000000
1625;7586;0,125000000000000000000
1629;67709;1,000000000000000000000
1637;635;0,142857142857142857142
1637;1464;0,071428571428571428571
1637;2712;0,642857142857142857142
1637;7183;0,071428571428571428571
1637;38738;0,071428571428571428571
1639;182;0,250000000000000000000
1639;254;0,250000000000000000000
1639;1981;0,250000000000000000000
1639;5223;0,250000000000000000000
1657;1022;0,250000000000000000000
1657;3852;0,250000000000000000000
1657;6501;0,250000000000000000000
1657;6502;0,250000000000000000000
1667;192;0,045454545454545454545
1667;497;0,090909090909090909090
1667;528;0,136363636363636363636
1667;1122;0,045454545454545454545
1667;1326;0,045454545454545454545
1667;2054;0,090909090909090909090
1667;2786;0,045454545454545454545
1667;5158;0,090909090909090909090
1667;5214;0,090909090909090909090
1667;5219;0,136363636363636363636
1667;7747;0,045454545454545454545
1667;10946;0,045454545454545454545
1667;14899;0,090909090909090909090
1669;1321;0,500000000000000000000
1669;4245;0,500000000000000000000
1681;846;0,250000000000000000000
1681;2147;0,125000000000000000000
1681;2435;0,125000000000000000000
1681;2512;0,125000000000000000000
1681;2834;0,125000000000000000000
1681;9998;0,125000000000000000000
1681;23759;0,125000000000000000000
1684;518;0,333333333333333333333
1684;819;0,333333333333333333333
1684;3857;0,333333333333333333333
1689;749;1,000000000000000000000
1692;3971;1,000000000000000000000
1694;3971;0,250000000000000000000
1694;6527;0,500000000000000000000
1694;14072;0,250000000000000000000
1700;1608;0,428571428571428571428
1700;6940;0,142857142857142857142
1700;21396;0,428571428571428571428
1705;854;1,000000000000000000000
1710;274;0,166666666666666666666
1710;1370;0,166666666666666666666
1710;2291;0,083333333333333333333
1710;2398;0,083333333333333333333
1710;3381;0,083333333333333333333
1710;4613;0,250000000000000000000
1710;9258;0,166666666666666666666
1727;396;0,500000000000000000000
1727;3022;0,500000000000000000000
1728;12563;1,000000000000000000000
1729;12563;1,000000000000000000000
1754;700;0,666666666666666666666
1754;2021;0,333333333333333333333
1764;2005;0,111111111111111111111
1764;2264;0,111111111111111111111
1764;2467;0,111111111111111111111
1764;3317;0,111111111111111111111
1764;3962;0,111111111111111111111
1764;7802;0,111111111111111111111
1764;12534;0,111111111111111111111
1764;17207;0,111111111111111111111
1764;17266;0,111111111111111111111
1769;380;1,000000000000000000000
1785;826;0,250000000000000000000
1785;2080;0,500000000000000000000
1785;10338;0,250000000000000000000
1814;698;0,200000000000000000000
1814;2087;0,600000000000000000000
1814;3234;0,200000000000000000000
1815;1277;1,000000000000000000000
1831;1164;0,400000000000000000000
1831;1439;0,200000000000000000000
1831;1440;0,400000000000000000000
1844;428;0,333333333333333333333
1844;1897;0,666666666666666666666
1855;13670;1,000000000000000000000
1856;113;1,000000000000000000000
1862;435;0,400000000000000000000
1862;869;0,200000000000000000000
1862;1663;0,200000000000000000000
1862;10475;0,200000000000000000000
1866;1122;0,200000000000000000000
1866;1150;0,200000000000000000000
1866;4271;0,200000000000000000000
1866;6349;0,200000000000000000000
1866;7747;0,200000000000000000000
1868;285;1,000000000000000000000
1877;13141;1,000000000000000000000
1889;1591;0,166666666666666666666
1889;2706;0,166666666666666666666
1889;2713;0,333333333333333333333
1889;6347;0,333333333333333333333
1893;80;0,142857142857142857142
1893;219;0,142857142857142857142
1893;324;0,142857142857142857142
1893;876;0,285714285714285714285
1893;2516;0,142857142857142857142
1893;2518;0,142857142857142857142
1897;1600;0,125000000000000000000
1897;1844;0,500000000000000000000
1897;3548;0,125000000000000000000
1897;6788;0,250000000000000000000
1902;6622;1,000000000000000000000
1906;1609;1,000000000000000000000
1910;2367;1,000000000000000000000
1912;1913;0,500000000000000000000
1912;7630;0,500000000000000000000
1913;1902;1,000000000000000000000
1917;2796;1,000000000000000000000
1933;332;0,333333333333333333333
1933;2343;0,333333333333333333333
1933;8348;0,333333333333333333333
1940;837;0,666666666666666666666
1940;1754;0,333333333333333333333
1941;96;0,250000000000000000000
1941;1169;0,250000000000000000000
1941;2054;0,250000000000000000000
1941;59745;0,250000000000000000000
1945;276;0,259259259259259259259
1945;354;0,259259259259259259259
1945;359;0,259259259259259259259
1945;360;0,037037037037037037037
1945;689;0,074074074074074074074
1945;1250;0,111111111111111111111
1946;72;0,200000000000000000000
1946;1941;0,200000000000000000000
1946;2203;0,200000000000000000000
1946;3095;0,200000000000000000000
1946;3395;0,200000000000000000000
1949;793;0,083333333333333333333
1949;956;0,083333333333333333333
1949;1053;0,333333333333333333333
1949;3815;0,083333333333333333333
1949;4101;0,083333333333333333333
1949;5856;0,333333333333333333333
1956;4268;1,000000000000000000000
1974;2198;1,000000000000000000000
1984;3095;0,666666666666666666666
1984;9513;0,333333333333333333333
1985;1984;0,333333333333333333333
1985;3774;0,666666666666666666666
1988;261;0,285714285714285714285
1988;2293;0,142857142857142857142
1988;4881;0,142857142857142857142
1988;6666;0,428571428571428571428
1991;2239;0,666666666666666666666
1991;4432;0,333333333333333333333
1997;273;0,500000000000000000000
1997;4500;0,500000000000000000000
1999;396;1,000000000000000000000
2008;1282;1,000000000000000000000
2015;3508;1,000000000000000000000
2021;1754;1,000000000000000000000
2039;1121;1,000000000000000000000
2046;2149;0,500000000000000000000
2046;3680;0,500000000000000000000
2071;4048;1,000000000000000000000
2075;1439;0,333333333333333333333
2075;1440;0,333333333333333333333
2075;9234;0,333333333333333333333
2080;4621;0,500000000000000000000
2080;8516;0,500000000000000000000
2087;698;0,200000000000000000000
2087;1814;0,800000000000000000000
2098;318;0,285714285714285714285
2098;356;0,428571428571428571428
2098;8353;0,142857142857142857142
2098;24668;0,142857142857142857142
2112;100;0,428571428571428571428
2112;749;0,142857142857142857142
2112;2054;0,285714285714285714285
2112;12430;0,142857142857142857142
2128;5232;1,000000000000000000000
2130;983;0,666666666666666666666
2130;21697;0,333333333333333333333
2131;54;0,400000000000000000000
2131;2509;0,400000000000000000000
2131;28602;0,200000000000000000000
2136;96;1,000000000000000000000
2139;249;0,500000000000000000000
2139;2962;0,500000000000000000000
2145;2293;1,000000000000000000000
2146;526;0,058823529411764705882
2146;965;0,058823529411764705882
2146;966;0,117647058823529411764
2146;1066;0,058823529411764705882
2146;1121;0,058823529411764705882
2146;1443;0,117647058823529411764
2146;2054;0,058823529411764705882
2146;2147;0,058823529411764705882
2146;2271;0,058823529411764705882
2146;2697;0,117647058823529411764
2146;4147;0,117647058823529411764
2146;5367;0,058823529411764705882
2146;6316;0,058823529411764705882
2147;528;0,083333333333333333333
2147;622;0,083333333333333333333
2147;846;0,083333333333333333333
2147;1121;0,083333333333333333333
2147;1681;0,083333333333333333333
2147;1873;0,250000000000000000000
2147;2350;0,250000000000000000000
2147;9406;0,083333333333333333333
2149;2046;1,000000000000000000000
2150;521;0,034482758620689655172
2150;528;0,034482758620689655172
2150;911;0,051724137931034482758
2150;975;0,051724137931034482758
2150;1066;0,034482758620689655172
2150;1109;0,051724137931034482758
2150;1122;0,034482758620689655172
2150;1150;0,034482758620689655172
2150;1234;0,051724137931034482758
2150;2027;0,034482758620689655172
2150;2054;0,034482758620689655172
2150;2059;0,034482758620689655172
2150;2149;0,034482758620689655172
2150;2271;0,051724137931034482758
2150;4493;0,017241379310344827586
2150;5557;0,034482758620689655172
2150;6213;0,051724137931034482758
2150;6320;0,034482758620689655172
2150;6581;0,051724137931034482758
2150;8623;0,034482758620689655172
2150;9110;0,034482758620689655172
2150;9390;0,034482758620689655172
2150;9399;0,034482758620689655172
2150;9400;0,034482758620689655172
2150;9427;0,034482758620689655172
2150;9431;0,034482758620689655172
2153;1325;0,500000000000000000000
2153;1971;0,500000000000000000000
2156;970;0,250000000000000000000
2156;1549;0,250000000000000000000
2156;2066;0,250000000000000000000
2156;7564;0,250000000000000000000
2164;113;0,166666666666666666666
2164;1111;0,083333333333333333333
2164;2244;0,083333333333333333333
2164;2296;0,083333333333333333333
2164;2428;0,083333333333333333333
2164;2458;0,083333333333333333333
2164;2602;0,083333333333333333333
2164;4699;0,083333333333333333333
2164;14978;0,250000000000000000000
2175;4145;0,800000000000000000000
2175;7095;0,200000000000000000000
2180;1839;0,333333333333333333333
2180;2179;0,333333333333333333333
2180;6567;0,333333333333333333333
2191;1280;1,000000000000000000000
2195;3359;1,000000000000000000000
2198;23;0,006802721088435374149
2198;115;0,006802721088435374149
2198;140;0,006802721088435374149
2198;176;0,006802721088435374149
2198;198;0,006802721088435374149
2198;201;0,006802721088435374149
2198;211;0,006802721088435374149
2198;360;0,006802721088435374149
2198;490;0,006802721088435374149
2198;543;0,006802721088435374149
2198;579;0,006802721088435374149
2198;607;0,006802721088435374149
2198;652;0,006802721088435374149
2198;727;0,006802721088435374149
2198;844;0,006802721088435374149
2198;855;0,006802721088435374149
2198;885;0,006802721088435374149
2198;886;0,006802721088435374149
2198;923;0,006802721088435374149
2198;988;0,006802721088435374149
2198;1053;0,006802721088435374149
2198;1120;0,006802721088435374149
2198;1210;0,006802721088435374149
2198;1307;0,006802721088435374149
2198;1416;0,006802721088435374149
2198;1501;0,006802721088435374149
2198;1585;0,006802721088435374149
2198;1719;0,006802721088435374149
2198;1841;0,006802721088435374149
2198;1843;0,006802721088435374149
2198;1855;0,006802721088435374149
2198;1864;0,006802721088435374149
2198;1923;0,006802721088435374149
2198;1949;0,006802721088435374149
2198;1956;0,006802721088435374149
2198;1974;0,013605442176870748299
2198;2048;0,006802721088435374149
2198;2117;0,006802721088435374149
2198;2125;0,020408163265306122448
2198;2162;0,006802721088435374149
2198;2199;0,006802721088435374149
2198;2210;0,006802721088435374149
2198;2278;0,006802721088435374149
2198;2288;0,013605442176870748299
2198;2352;0,006802721088435374149
2198;2469;0,006802721088435374149
2198;2621;0,006802721088435374149
2198;2704;0,006802721088435374149
2198;2794;0,013605442176870748299
2198;2850;0,006802721088435374149
2198;2851;0,006802721088435374149
2198;2884;0,006802721088435374149
2198;3015;0,006802721088435374149
2198;3235;0,006802721088435374149
2198;3346;0,006802721088435374149
2198;3480;0,006802721088435374149
2198;3481;0,006802721088435374149
2198;3482;0,006802721088435374149
2198;3508;0,006802721088435374149
2198;3532;0,006802721088435374149
2198;3567;0,006802721088435374149
2198;3678;0,006802721088435374149
2198;3763;0,006802721088435374149
2198;3815;0,006802721088435374149
2198;3891;0,006802721088435374149
2198;3911;0,006802721088435374149
2198;4004;0,006802721088435374149
2198;4268;0,006802721088435374149
2198;4355;0,006802721088435374149
2198;4486;0,006802721088435374149
2198;4814;0,006802721088435374149
2198;4860;0,006802721088435374149
2198;5061;0,006802721088435374149
2198;5088;0,006802721088435374149
2198;5089;0,006802721088435374149
2198;5172;0,006802721088435374149
2198;5493;0,006802721088435374149
2198;5521;0,006802721088435374149
2198;5613;0,006802721088435374149
2198;5719;0,006802721088435374149
2198;6406;0,006802721088435374149
2198;6557;0,006802721088435374149
2198;6856;0,006802721088435374149
2198;6994;0,006802721088435374149
2198;6997;0,040816326530612244897
2198;7009;0,006802721088435374149
2198;7911;0,006802721088435374149
2198;7920;0,006802721088435374149
2198;8062;0,006802721088435374149
2198;8909;0,006802721088435374149
2198;9300;0,006802721088435374149
2198;9338;0,006802721088435374149
2198;9360;0,006802721088435374149
2198;9468;0,020408163265306122448
2198;9476;0,006802721088435374149
2198;9542;0,006802721088435374149
2198;10480;0,006802721088435374149
2198;10640;0,006802721088435374149
2198;10988;0,006802721088435374149
2198;12577;0,006802721088435374149
2198;13122;0,006802721088435374149
2198;13158;0,006802721088435374149
2198;13178;0,006802721088435374149
2198;13907;0,006802721088435374149
2198;14602;0,006802721088435374149
2198;14683;0,006802721088435374149
2198;14803;0,006802721088435374149
2198;14881;0,006802721088435374149
2198;15331;0,020408163265306122448
2198;15762;0,006802721088435374149
2198;15888;0,006802721088435374149
2198;16280;0,040816326530612244897
2198;17584;0,006802721088435374149
2198;17585;0,006802721088435374149
2198;17622;0,006802721088435374149
2198;17665;0,006802721088435374149
2198;18070;0,006802721088435374149
2198;18071;0,006802721088435374149
2198;18396;0,006802721088435374149
2198;20801;0,006802721088435374149
2198;21005;0,006802721088435374149
2198;22702;0,006802721088435374149
2198;22705;0,006802721088435374149
2198;22880;0,006802721088435374149
2198;23930;0,006802721088435374149
2198;23952;0,006802721088435374149
2198;23953;0,006802721088435374149
2198;23954;0,006802721088435374149
2200;4627;1,000000000000000000000
2203;120;0,148148148148148148148
2203;355;0,037037037037037037037
2203;518;0,037037037037037037037
2203;1027;0,037037037037037037037
2203;1182;0,333333333333333333333
2203;2364;0,037037037037037037037
2203;2822;0,148148148148148148148
2203;3394;0,037037037037037037037
2203;3395;0,037037037037037037037
2203;3560;0,148148148148148148148
2215;3403;1,000000000000000000000
2239;104;0,428571428571428571428
2239;1991;0,428571428571428571428
2239;21839;0,142857142857142857142
2246;5107;1,000000000000000000000
2249;990;0,500000000000000000000
2249;8666;0,500000000000000000000
2252;96;0,500000000000000000000
2252;283;0,500000000000000000000
2254;791;0,333333333333333333333
2254;1455;0,333333333333333333333
2254;1763;0,333333333333333333333
2264;2175;1,000000000000000000000
2269;85;0,100000000000000000000
2269;237;0,300000000000000000000
2269;860;0,100000000000000000000
2269;2133;0,100000000000000000000
2269;4098;0,100000000000000000000
2269;4336;0,200000000000000000000
2269;9984;0,100000000000000000000
2275;1220;0,142857142857142857142
2275;1771;0,285714285714285714285
2275;3570;0,142857142857142857142
2275;6918;0,142857142857142857142
2275;8820;0,142857142857142857142
2275;9067;0,142857142857142857142
2287;48255;1,000000000000000000000
2293;42;0,015873015873015873015
2293;54;0,015873015873015873015
2293;63;0,015873015873015873015
2293;96;0,031746031746031746031
2293;168;0,015873015873015873015
2293;237;0,015873015873015873015
2293;249;0,111111111111111111111
2293;252;0,015873015873015873015
2293;261;0,031746031746031746031
2293;396;0,015873015873015873015
2293;520;0,015873015873015873015
2293;522;0,015873015873015873015
2293;860;0,015873015873015873015
2293;891;0,015873015873015873015
2293;990;0,015873015873015873015
2293;1064;0,015873015873015873015
2293;1122;0,015873015873015873015
2293;1141;0,015873015873015873015
2293;1156;0,015873015873015873015
2293;1364;0,015873015873015873015
2293;1873;0,015873015873015873015
2293;1988;0,047619047619047619047
2293;1989;0,015873015873015873015
2293;2145;0,031746031746031746031
2293;2461;0,047619047619047619047
2293;3000;0,015873015873015873015
2293;3096;0,015873015873015873015
2293;3098;0,015873015873015873015
2293;3100;0,015873015873015873015
2293;3174;0,031746031746031746031
2293;3219;0,015873015873015873015
2293;3245;0,015873015873015873015
2293;3633;0,015873015873015873015
2293;3753;0,015873015873015873015
2293;4323;0,015873015873015873015
2293;4825;0,015873015873015873015
2293;4881;0,015873015873015873015
2293;4927;0,015873015873015873015
2293;5578;0,015873015873015873015
2293;5628;0,015873015873015873015
2293;6113;0,031746031746031746031
2293;6889;0,015873015873015873015
2293;9805;0,015873015873015873015
2293;11690;0,015873015873015873015
2293;17720;0,015873015873015873015
2293;27369;0,015873015873015873015
2293;29002;0,015873015873015873015
2293;42210;0,015873015873015873015
2310;320;1,000000000000000000000
2318;1228;0,500000000000000000000
2318;14465;0,500000000000000000000
2322;2438;1,000000000000000000000
2326;990;1,000000000000000000000
2350;37;0,032258064516129032258
2350;38;0,032258064516129032258
2350;189;0,064516129032258064516
2350;545;0,032258064516129032258
2350;609;0,032258064516129032258
2350;891;0,032258064516129032258
2350;1010;0,032258064516129032258
2350;1497;0,064516129032258064516
2350;1724;0,032258064516129032258
2350;1824;0,032258064516129032258
2350;1854;0,032258064516129032258
2350;1892;0,032258064516129032258
2350;2337;0,032258064516129032258
2350;2343;0,032258064516129032258
2350;2484;0,032258064516129032258
2350;2678;0,032258064516129032258
2350;3844;0,032258064516129032258
2350;4372;0,032258064516129032258
2350;4374;0,032258064516129032258
2350;4657;0,032258064516129032258
2350;4794;0,032258064516129032258
2350;4877;0,032258064516129032258
2350;5800;0,032258064516129032258
2350;5915;0,032258064516129032258
2350;6701;0,032258064516129032258
2350;7748;0,032258064516129032258
2350;11458;0,032258064516129032258
2350;13899;0,032258064516129032258
2350;14050;0,032258064516129032258
2352;543;0,500000000000000000000
2352;886;0,500000000000000000000
2355;3098;0,250000000000000000000
2355;3237;0,250000000000000000000
2355;3399;0,250000000000000000000
2355;6496;0,250000000000000000000
2364;72;0,333333333333333333333
2364;3395;0,333333333333333333333
2364;12591;0,333333333333333333333
2371;2372;1,000000000000000000000
2372;2371;0,666666666666666666666
2372;3618;0,333333333333333333333
2374;689;0,333333333333333333333
2374;695;0,666666666666666666666
2379;284;0,035714285714285714285
2379;2714;0,035714285714285714285
2379;3234;0,821428571428571428571
2379;4187;0,107142857142857142857
2385;512;0,095238095238095238095
2385;524;0,047619047619047619047
2385;526;0,047619047619047619047
2385;621;0,095238095238095238095
2385;883;0,095238095238095238095
2385;970;0,095238095238095238095
2385;2214;0,095238095238095238095
2385;2779;0,142857142857142857142
2385;2780;0,047619047619047619047
2385;5437;0,047619047619047619047
2385;5442;0,047619047619047619047
2385;5629;0,047619047619047619047
2385;6213;0,047619047619047619047
2385;9624;0,047619047619047619047
2388;6732;1,000000000000000000000
2390;1048;0,375000000000000000000
2390;3381;0,125000000000000000000
2390;4213;0,125000000000000000000
2390;4592;0,250000000000000000000
2390;4713;0,125000000000000000000
2418;452;1,000000000000000000000
2419;12375;1,000000000000000000000
2420;352;0,333333333333333333333
2420;4530;0,333333333333333333333
2420;22534;0,333333333333333333333
2425;1042;0,500000000000000000000
2425;8820;0,250000000000000000000
2425;9069;0,250000000000000000000
2427;1498;1,000000000000000000000
2428;2164;1,000000000000000000000
2433;2778;0,200000000000000000000
2433;3968;0,200000000000000000000
2433;6461;0,200000000000000000000
2433;11656;0,200000000000000000000
2433;13642;0,200000000000000000000
2434;1286;1,000000000000000000000
2436;502;1,000000000000000000000
2438;504;0,166666666666666666666
2438;1288;0,166666666666666666666
2438;2322;0,333333333333333333333
2438;2337;0,166666666666666666666
2438;3731;0,166666666666666666666
2440;1719;1,000000000000000000000
2442;4257;1,000000000000000000000
2445;3802;1,000000000000000000000
2461;42;0,700000000000000000000
2461;2293;0,300000000000000000000
2464;984;0,076923076923076923076
2464;1142;0,153846153846153846153
2464;1493;0,076923076923076923076
2464;2330;0,076923076923076923076
2464;3473;0,076923076923076923076
2464;3528;0,153846153846153846153
2464;4722;0,076923076923076923076
2464;5824;0,076923076923076923076
2464;6781;0,076923076923076923076
2464;8949;0,076923076923076923076
2464;12864;0,076923076923076923076
2474;2523;0,777777777777777777777
2474;3381;0,111111111111111111111
2474;3869;0,111111111111111111111
2479;3145;0,100000000000000000000
2479;3301;0,200000000000000000000
2479;3355;0,100000000000000000000
2479;3996;0,100000000000000000000
2479;4852;0,100000000000000000000
2479;6503;0,100000000000000000000
2479;7941;0,100000000000000000000
2479;9968;0,200000000000000000000
2484;37;0,250000000000000000000
2484;1293;0,750000000000000000000
2487;89;0,333333333333333333333
2487;1040;0,333333333333333333333
2487;5306;0,333333333333333333333
2489;2863;1,000000000000000000000
2494;12670;1,000000000000000000000
2498;938;1,000000000000000000000
2503;9385;0,500000000000000000000
2503;9436;0,500000000000000000000
2504;8143;0,500000000000000000000
2504;27763;0,500000000000000000000
2509;1319;1,000000000000000000000
2514;615;0,500000000000000000000
2514;1042;0,500000000000000000000
2515;3871;0,333333333333333333333
2515;8095;0,666666666666666666666
2516;80;0,500000000000000000000
2516;2493;0,500000000000000000000
2517;219;1,000000000000000000000
2523;2474;0,800000000000000000000
2523;3234;0,200000000000000000000
2543;1282;0,500000000000000000000
2543;4522;0,500000000000000000000
2546;1149;0,166666666666666666666
2546;4350;0,833333333333333333333
2551;7030;1,000000000000000000000
2554;2555;0,333333333333333333333
2554;3876;0,166666666666666666666
2554;5092;0,166666666666666666666
2554;15906;0,166666666666666666666
2554;45604;0,166666666666666666666
2555;423;0,166666666666666666666
2555;3876;0,666666666666666666666
2555;5092;0,166666666666666666666
2559;50332;1,000000000000000000000
2576;1160;0,333333333333333333333
2576;3802;0,333333333333333333333
2576;69290;0,333333333333333333333
2578;925;0,333333333333333333333
2578;3675;0,333333333333333333333
2578;4361;0,333333333333333333333
2585;407;0,500000000000000000000
2585;3779;0,500000000000000000000
2586;242;0,125000000000000000000
2586;1120;0,125000000000000000000
2586;1286;0,125000000000000000000
2586;2736;0,250000000000000000000
2586;3142;0,375000000000000000000
2591;2559;0,333333333333333333333
2591;4179;0,666666666666666666666
2594;1027;0,333333333333333333333
2594;4592;0,333333333333333333333
2594;6236;0,333333333333333333333
2596;4345;1,000000000000000000000
2607;752;0,500000000000000000000
2607;3971;0,500000000000000000000
2630;458;1,000000000000000000000
2647;3340;1,000000000000000000000
2652;3587;0,142857142857142857142
2652;3588;0,285714285714285714285
2652;3827;0,142857142857142857142
2652;4228;0,142857142857142857142
2652;4497;0,142857142857142857142
2652;7626;0,142857142857142857142
2657;851;0,500000000000000000000
2657;4821;0,500000000000000000000
2659;669;1,000000000000000000000
2661;1567;0,250000000000000000000
2661;4337;0,500000000000000000000
2661;7160;0,250000000000000000000
2664;1596;1,000000000000000000000
2678;5915;0,166666666666666666666
2678;10860;0,833333333333333333333
2694;3141;0,500000000000000000000
2694;5481;0,500000000000000000000
2706;268;0,166666666666666666666
2706;1048;0,166666666666666666666
2706;1271;0,166666666666666666666
2706;1889;0,333333333333333333333
2706;3234;0,166666666666666666666
2712;1637;1,000000000000000000000
2713;1448;0,200000000000000000000
2713;3234;0,400000000000000000000
2713;5861;0,200000000000000000000
2713;6008;0,200000000000000000000
2714;261;0,666666666666666666666
2714;1591;0,166666666666666666666
2714;2379;0,166666666666666666666
2716;1448;1,000000000000000000000
2738;3296;1,000000000000000000000
2739;242;1,000000000000000000000
2741;11;0,666666666666666666666
2741;2847;0,333333333333333333333
2779;524;0,333333333333333333333
2779;2385;0,666666666666666666666
2780;2385;1,000000000000000000000
2786;846;1,000000000000000000000
2788;24;1,000000000000000000000
2792;320;0,833333333333333333333
2792;967;0,166666666666666666666
2796;85;0,333333333333333333333
2796;1917;0,333333333333333333333
2796;8363;0,333333333333333333333
2800;3827;0,333333333333333333333
2800;17426;0,333333333333333333333
2800;28372;0,333333333333333333333
2802;3996;1,000000000000000000000
2803;1040;0,050000000000000000000
2803;2802;0,100000000000000000000
2803;6498;0,100000000000000000000
2803;6543;0,050000000000000000000
2803;88154;0,700000000000000000000
2822;6000;1,000000000000000000000
2825;851;0,125000000000000000000
2825;2826;0,250000000000000000000
2825;3802;0,125000000000000000000
2825;3998;0,125000000000000000000
2825;4821;0,375000000000000000000
2826;127;0,666666666666666666666
2826;1277;0,333333333333333333333
2834;277;0,133333333333333333333
2834;468;0,200000000000000000000
2834;660;0,133333333333333333333
2834;1152;0,066666666666666666666
2834;2743;0,066666666666666666666
2834;2863;0,200000000000000000000
2834;7080;0,066666666666666666666
2834;14376;0,133333333333333333333
2835;2512;0,250000000000000000000
2835;2834;0,250000000000000000000
2835;7080;0,250000000000000000000
2835;15302;0,250000000000000000000
2850;2704;1,000000000000000000000
2877;2175;0,250000000000000000000
2877;8566;0,250000000000000000000
2877;9288;0,250000000000000000000
2877;28484;0,250000000000000000000
2882;658;1,000000000000000000000
2887;16845;1,000000000000000000000
2890;1565;0,500000000000000000000
2890;1702;0,500000000000000000000
2897;1092;1,000000000000000000000
2921;1140;0,333333333333333333333
2921;12670;0,666666666666666666666
2939;2929;0,500000000000000000000
2939;2941;0,500000000000000000000
2962;2139;1,000000000000000000000
2990;3234;1,000000000000000000000
2991;708;0,857142857142857142857
2991;4020;0,142857142857142857142
2993;2569;1,000000000000000000000
3000;5493;1,000000000000000000000
3007;708;0,500000000000000000000
3007;9806;0,500000000000000000000
3015;543;0,500000000000000000000
3015;2352;0,500000000000000000000
3029;334;0,666666666666666666666
3029;3557;0,333333333333333333333
3033;975;0,333333333333333333333
3033;1866;0,333333333333333333333
3033;5636;0,333333333333333333333
3045;249;0,125000000000000000000
3045;861;0,250000000000000000000
3045;2139;0,250000000000000000000
3045;3870;0,125000000000000000000
3045;8095;0,250000000000000000000
3049;415;0,400000000000000000000
3049;1727;0,200000000000000000000
3049;8957;0,400000000000000000000
3069;826;0,944444444444444444444
3069;4729;0,055555555555555555555
3071;2337;0,333333333333333333333
3071;9992;0,666666666666666666666
3085;190;0,013513513513513513513
3085;960;0,108108108108108108108
3085;1443;0,054054054054054054054
3085;2147;0,067567567567567567567
3085;2697;0,094594594594594594594
3085;4146;0,121621621621621621621
3085;4147;0,081081081081081081081
3085;5367;0,094594594594594594594
3085;5691;0,040540540540540540540
3085;10658;0,108108108108108108108
3085;14899;0,108108108108108108108
3085;17323;0,108108108108108108108
3098;695;1,000000000000000000000
3100;6755;1,000000000000000000000
3104;8095;1,000000000000000000000
3105;657;0,500000000000000000000
3105;1945;0,500000000000000000000
3141;1032;0,086956521739130434782
3141;1657;0,043478260869565217391
3141;1948;0,086956521739130434782
3141;2694;0,043478260869565217391
3141;2736;0,086956521739130434782
3141;3098;0,043478260869565217391
3141;3142;0,043478260869565217391
3141;3145;0,043478260869565217391
3141;3852;0,086956521739130434782
3141;4160;0,043478260869565217391
3141;4361;0,086956521739130434782
3141;5306;0,043478260869565217391
3141;6506;0,043478260869565217391
3141;6507;0,043478260869565217391
3141;6515;0,043478260869565217391
3141;8238;0,130434782608695652173
3142;2737;0,666666666666666666666
3142;3141;0,333333333333333333333
3143;365;0,111111111111111111111
3143;703;0,111111111111111111111
3143;1280;0,111111111111111111111
3143;2362;0,111111111111111111111
3143;3966;0,111111111111111111111
3143;6800;0,111111111111111111111
3143;7416;0,111111111111111111111
3143;9194;0,111111111111111111111
3143;9195;0,111111111111111111111
3169;1107;0,666666666666666666666
3169;1171;0,333333333333333333333
3176;3962;0,500000000000000000000
3176;17280;0,500000000000000000000
3178;3317;0,250000000000000000000
3178;3825;0,250000000000000000000
3178;5852;0,250000000000000000000
3178;8373;0,250000000000000000000
3182;8361;1,000000000000000000000
3188;5005;1,000000000000000000000
3189;1293;1,000000000000000000000
3204;3205;1,000000000000000000000
3212;609;1,000000000000000000000
3222;628;0,142857142857142857142
3222;1092;0,571428571428571428571
3222;1940;0,285714285714285714285
3230;132;0,500000000000000000000
3230;550;0,400000000000000000000
3230;596;0,100000000000000000000
3233;244;0,666666666666666666666
3233;8698;0,333333333333333333333
3235;675;0,500000000000000000000
3235;3523;0,500000000000000000000
3241;4906;1,000000000000000000000
3251;59;0,750000000000000000000
3251;14323;0,250000000000000000000
3265;2512;1,000000000000000000000
3268;9026;1,000000000000000000000
3293;8928;1,000000000000000000000
3296;192;0,666666666666666666666
3296;2738;0,333333333333333333333
3301;2479;1,000000000000000000000
3306;937;0,500000000000000000000
3306;1613;0,500000000000000000000
3315;1561;1,000000000000000000000
3317;1764;1,000000000000000000000
3325;71;1,000000000000000000000
3340;371;0,038461538461538461538
3340;468;0,038461538461538461538
3340;588;0,038461538461538461538
3340;952;0,038461538461538461538
3340;1284;0,038461538461538461538
3340;2128;0,038461538461538461538
3340;2335;0,038461538461538461538
3340;2408;0,038461538461538461538
3340;2549;0,038461538461538461538
3340;2647;0,076923076923076923076
3340;2804;0,038461538461538461538
3340;3118;0,038461538461538461538
3340;3170;0,038461538461538461538
3340;3180;0,038461538461538461538
3340;3341;0,038461538461538461538
3340;3342;0,038461538461538461538
3340;3343;0,038461538461538461538
3340;3344;0,038461538461538461538
3340;3345;0,038461538461538461538
3340;3346;0,038461538461538461538
3340;3347;0,038461538461538461538
3340;3348;0,038461538461538461538
3340;3349;0,038461538461538461538
3340;3350;0,038461538461538461538
3340;7717;0,038461538461538461538
3345;3340;1,000000000000000000000
3347;8708;1,000000000000000000000
3359;1032;0,125000000000000000000
3359;1705;0,500000000000000000000
3359;1769;0,125000000000000000000
3359;3450;0,125000000000000000000
3359;8071;0,125000000000000000000
3360;839;1,000000000000000000000
3381;2390;0,200000000000000000000
3381;4713;0,200000000000000000000
3381;6979;0,200000000000000000000
3381;7116;0,200000000000000000000
3381;28323;0,200000000000000000000
3393;845;0,500000000000000000000
3393;10188;0,500000000000000000000
3394;315;0,250000000000000000000
3394;423;0,250000000000000000000
3394;4317;0,250000000000000000000
3394;59745;0,250000000000000000000
3395;72;0,500000000000000000000
3395;2364;0,500000000000000000000
3399;1948;0,250000000000000000000
3399;2355;0,250000000000000000000
3399;3574;0,250000000000000000000
3399;6505;0,250000000000000000000
3403;1044;1,000000000000000000000
3408;1027;1,000000000000000000000
3411;2578;1,000000000000000000000
3414;9184;1,000000000000000000000
3417;41;0,400000000000000000000
3417;83;0,400000000000000000000
3417;846;0,200000000000000000000
3418;14465;1,000000000000000000000
3426;2428;1,000000000000000000000
3427;1563;0,500000000000000000000
3427;3359;0,500000000000000000000
3443;502;1,000000000000000000000
3450;1046;1,000000000000000000000
3457;3458;1,000000000000000000000
3458;576;1,000000000000000000000
3473;332;0,076923076923076923076
3473;737;0,153846153846153846153
3473;1033;0,153846153846153846153
3473;2139;0,076923076923076923076
3473;2455;0,076923076923076923076
3473;2464;0,153846153846153846153
3473;2961;0,076923076923076923076
3473;3234;0,153846153846153846153
3473;10019;0,076923076923076923076
3475;13006;0,500000000000000000000
3475;21268;0,500000000000000000000
3485;615;0,333333333333333333333
3485;2847;0,333333333333333333333
3485;9984;0,333333333333333333333
3496;9098;1,000000000000000000000
3513;392;1,000000000000000000000
3523;71;0,050000000000000000000
3523;360;0,050000000000000000000
3523;529;0,100000000000000000000
3523;662;0,100000000000000000000
3523;695;0,050000000000000000000
3523;995;0,150000000000000000000
3523;1316;0,050000000000000000000
3523;1724;0,050000000000000000000
3523;1941;0,150000000000000000000
3523;1943;0,050000000000000000000
3523;3235;0,050000000000000000000
3523;12432;0,050000000000000000000
3523;12816;0,050000000000000000000
3523;12817;0,050000000000000000000
3528;2464;1,000000000000000000000
3551;1293;0,333333333333333333333
3551;4374;0,333333333333333333333
3551;7713;0,333333333333333333333
3560;2203;1,000000000000000000000
3574;4853;1,000000000000000000000
3575;131;1,000000000000000000000
3586;65;0,333333333333333333333
3586;3585;0,166666666666666666666
3586;3665;0,166666666666666666666
3586;7699;0,166666666666666666666
3586;8460;0,166666666666666666666
3587;521;1,000000000000000000000
3588;2648;0,200000000000000000000
3588;2652;0,200000000000000000000
3588;4222;0,200000000000000000000
3588;4497;0,200000000000000000000
3588;4998;0,200000000000000000000
3590;479;0,500000000000000000000
3590;1181;0,500000000000000000000
3591;5564;0,571428571428571428571
3591;5944;0,142857142857142857142
3591;10946;0,285714285714285714285
3610;229;1,000000000000000000000
3618;2372;1,000000000000000000000
3619;3234;1,000000000000000000000
3625;80;0,333333333333333333333
3625;4286;0,666666666666666666666
3665;362;0,125000000000000000000
3665;1527;0,125000000000000000000
3665;4497;0,125000000000000000000
3665;5484;0,375000000000000000000
3665;5886;0,125000000000000000000
3665;7739;0,125000000000000000000
3667;805;0,750000000000000000000
3667;6000;0,250000000000000000000
3675;1986;1,000000000000000000000
3680;2046;1,000000000000000000000
3697;1218;1,000000000000000000000
3701;1499;1,000000000000000000000
3736;7767;1,000000000000000000000
3738;8480;1,000000000000000000000
3747;5082;1,000000000000000000000
3753;1364;0,750000000000000000000
3753;2293;0,250000000000000000000
3763;727;1,000000000000000000000
3781;4086;1,000000000000000000000
3791;1600;1,000000000000000000000
3797;2200;1,000000000000000000000
3800;1866;0,250000000000000000000
3800;8156;0,750000000000000000000
3802;851;0,100000000000000000000
3802;2445;0,500000000000000000000
3802;2825;0,100000000000000000000
3802;5071;0,100000000000000000000
3802;59745;0,200000000000000000000
3809;1010;0,500000000000000000000
3809;18300;0,500000000000000000000
3811;613;0,166666666666666666666
3811;4307;0,166666666666666666666
3811;5093;0,166666666666666666666
3811;9691;0,500000000000000000000
3825;2576;1,000000000000000000000
3827;66;1,000000000000000000000
3836;216;0,055555555555555555555
3836;1010;0,055555555555555555555
3836;1018;0,111111111111111111111
3836;2001;0,055555555555555555555
3836;4421;0,055555555555555555555
3836;5470;0,055555555555555555555
3836;6991;0,055555555555555555555
3836;6992;0,055555555555555555555
3836;8928;0,222222222222222222222
3836;10523;0,055555555555555555555
3836;13504;0,055555555555555555555
3836;18149;0,055555555555555555555
3836;18300;0,055555555555555555555
3836;21512;0,055555555555555555555
3842;5392;0,500000000000000000000
3842;6433;0,500000000000000000000
3850;229;0,200000000000000000000
3850;1162;0,100000000000000000000
3850;2511;0,100000000000000000000
3850;4269;0,100000000000000000000
3850;4861;0,100000000000000000000
3850;9230;0,100000000000000000000
3850;9231;0,100000000000000000000
3850;28372;0,200000000000000000000
3852;644;0,142857142857142857142
3852;1022;0,142857142857142857142
3852;1657;0,142857142857142857142
3852;3141;0,428571428571428571428
3852;6498;0,142857142857142857142
3857;96;0,500000000000000000000
3857;1684;0,500000000000000000000
3859;5449;1,000000000000000000000
3867;6755;1,000000000000000000000
3869;261;0,500000000000000000000
3869;2474;0,500000000000000000000
3871;2139;0,800000000000000000000
3871;9691;0,200000000000000000000
3876;13;0,076923076923076923076
3876;2555;0,230769230769230769230
3876;5092;0,538461538461538461538
3876;5630;0,076923076923076923076
3876;12269;0,076923076923076923076
3891;201;1,000000000000000000000
3957;7209;0,500000000000000000000
3957;7478;0,500000000000000000000
3971;1692;0,333333333333333333333
3971;1694;0,333333333333333333333
3971;2607;0,333333333333333333333
3975;4583;0,200000000000000000000
3975;4942;0,200000000000000000000
3975;5610;0,200000000000000000000
3975;7660;0,200000000000000000000
3975;13502;0,200000000000000000000
3978;7748;1,000000000000000000000
3980;9254;0,500000000000000000000
3980;11695;0,500000000000000000000
3996;2479;0,750000000000000000000
3996;2802;0,250000000000000000000
4000;1293;1,000000000000000000000
4004;829;1,000000000000000000000
4009;4471;1,000000000000000000000
4020;2991;1,000000000000000000000
4024;3399;1,000000000000000000000
4048;2071;1,000000000000000000000
4052;131;0,666666666666666666666
4052;1117;0,333333333333333333333
4086;190;0,500000000000000000000
4086;3781;0,500000000000000000000
4094;1342;0,500000000000000000000
4094;1681;0,500000000000000000000
4100;568;0,500000000000000000000
4100;6723;0,500000000000000000000
4102;4101;1,000000000000000000000
4108;2596;1,000000000000000000000
4145;2175;1,000000000000000000000
4146;9;0,012500000000000000000
4146;77;0,012500000000000000000
4146;206;0,012500000000000000000
4146;521;0,025000000000000000000
4146;528;0,025000000000000000000
4146;529;0,025000000000000000000
4146;1066;0,025000000000000000000
4146;1122;0,025000000000000000000
4146;1150;0,012500000000000000000
4146;1419;0,012500000000000000000
4146;1473;0,025000000000000000000
4146;1838;0,012500000000000000000
4146;1866;0,025000000000000000000
4146;1971;0,012500000000000000000
4146;2027;0,012500000000000000000
4146;2039;0,012500000000000000000
4146;2041;0,012500000000000000000
4146;2046;0,025000000000000000000
4146;2054;0,025000000000000000000
4146;2150;0,012500000000000000000
4146;2492;0,025000000000000000000
4146;3147;0,012500000000000000000
4146;3680;0,025000000000000000000
4146;3800;0,012500000000000000000
4146;3983;0,012500000000000000000
4146;4070;0,012500000000000000000
4146;4237;0,012500000000000000000
4146;4271;0,100000000000000000000
4146;4414;0,112500000000000000000
4146;4755;0,012500000000000000000
4146;5487;0,025000000000000000000
4146;5557;0,012500000000000000000
4146;6320;0,012500000000000000000
4146;8156;0,025000000000000000000
4146;8623;0,025000000000000000000
4146;9110;0,025000000000000000000
4146;9390;0,012500000000000000000
4146;9391;0,012500000000000000000
4146;9399;0,012500000000000000000
4146;9400;0,012500000000000000000
4146;9417;0,012500000000000000000
4146;9431;0,025000000000000000000
4146;9440;0,012500000000000000000
4146;11030;0,012500000000000000000
4146;18251;0,012500000000000000000
4146;18264;0,012500000000000000000
4146;25849;0,012500000000000000000
4146;27500;0,012500000000000000000
4146;27902;0,012500000000000000000
4147;2146;0,200000000000000000000
4147;5691;0,400000000000000000000
4147;9806;0,400000000000000000000
4148;447;0,333333333333333333333
4148;4699;0,666666666666666666666
4173;80;1,000000000000000000000
4181;2176;1,000000000000000000000
4187;2379;0,300000000000000000000
4187;2436;0,100000000000000000000
4187;2714;0,100000000000000000000
4187;3234;0,200000000000000000000
4187;3872;0,100000000000000000000
4187;6008;0,200000000000000000000
4213;1448;0,500000000000000000000
4213;4313;0,500000000000000000000
4215;36;0,142857142857142857142
4215;334;0,571428571428571428571
4215;4621;0,285714285714285714285
4225;520;0,200000000000000000000
4225;1227;0,200000000000000000000
4225;2491;0,200000000000000000000
4225;4622;0,200000000000000000000
4225;34784;0,200000000000000000000
4228;3374;1,000000000000000000000
4245;1669;1,000000000000000000000
4257;1307;0,375000000000000000000
4257;1864;0,125000000000000000000
4257;2442;0,500000000000000000000
4268;468;0,111111111111111111111
4268;1180;0,222222222222222222222
4268;1956;0,111111111111111111111
4268;3436;0,222222222222222222222
4268;3975;0,222222222222222222222
4268;6749;0,111111111111111111111
4269;229;1,000000000000000000000
4280;4281;1,000000000000000000000
4281;621;0,166666666666666666666
4281;4280;0,333333333333333333333
4281;4821;0,166666666666666666666
4281;5097;0,166666666666666666666
4281;18247;0,166666666666666666666
4286;876;1,000000000000000000000
4299;937;0,500000000000000000000
4299;4613;0,500000000000000000000
4307;613;1,000000000000000000000
4313;4213;0,500000000000000000000
4313;27674;0,500000000000000000000
4317;3394;1,000000000000000000000
4323;1988;0,500000000000000000000
4323;3753;0,500000000000000000000
4334;13622;1,000000000000000000000
4337;455;0,500000000000000000000
4337;2661;0,500000000000000000000
4345;1080;1,000000000000000000000
4355;2661;0,500000000000000000000
4355;5521;0,500000000000000000000
4359;63;0,250000000000000000000
4359;96;0,250000000000000000000
4359;268;0,250000000000000000000
4359;8489;0,250000000000000000000
4364;192;0,074074074074074074074
4364;497;0,037037037037037037037
4364;766;0,074074074074074074074
4364;1060;0,037037037037037037037
4364;1101;0,037037037037037037037
4364;1780;0,074074074074074074074
4364;2037;0,074074074074074074074
4364;2272;0,074074074074074074074
4364;2823;0,074074074074074074074
4364;3271;0,074074074074074074074
4364;3591;0,037037037037037037037
4364;4500;0,074074074074074074074
4364;4561;0,111111111111111111111
4364;5219;0,074074074074074074074
4364;9402;0,074074074074074074074
4376;96;0,600000000000000000000
4376;675;0,200000000000000000000
4376;1448;0,200000000000000000000
4384;360;1,000000000000000000000
4398;269;1,000000000000000000000
4414;1393;1,000000000000000000000
4421;1293;1,000000000000000000000
4430;1613;1,000000000000000000000
4432;4438;0,250000000000000000000
4432;4458;0,250000000000000000000
4432;4463;0,250000000000000000000
4432;4471;0,250000000000000000000
4435;1379;0,333333333333333333333
4435;12497;0,666666666666666666666
4437;1612;1,000000000000000000000
4439;768;0,333333333333333333333
4439;6148;0,333333333333333333333
4439;8633;0,333333333333333333333
4440;839;0,600000000000000000000
4440;1476;0,200000000000000000000
4440;1597;0,200000000000000000000
4461;925;1,000000000000000000000
4471;4009;1,000000000000000000000
4472;4099;1,000000000000000000000
4497;362;0,130434782608695652173
4497;3665;0,043478260869565217391
4497;5484;0,782608695652173913043
4497;7578;0,043478260869565217391
4498;399;1,000000000000000000000
4500;273;1,000000000000000000000
4510;441;0,250000000000000000000
4510;3394;0,250000000000000000000
4510;4317;0,500000000000000000000
4512;100;1,000000000000000000000
4513;4376;1,000000000000000000000
4522;2543;1,000000000000000000000
4525;877;1,000000000000000000000
4530;1313;1,000000000000000000000
4552;41;0,500000000000000000000
4552;1261;0,500000000000000000000
4553;254;0,250000000000000000000
4553;798;0,500000000000000000000
4553;1154;0,250000000000000000000
4576;660;0,500000000000000000000
4576;17678;0,500000000000000000000
4578;162;1,000000000000000000000
4586;4587;1,000000000000000000000
4592;251;0,142857142857142857142
4592;787;0,071428571428571428571
4592;1515;0,071428571428571428571
4592;2390;0,142857142857142857142
4592;2594;0,071428571428571428571
4592;3234;0,428571428571428571428
4592;6008;0,071428571428571428571
4613;1710;0,500000000000000000000
4613;3429;0,250000000000000000000
4613;4299;0,250000000000000000000
4621;2080;0,333333333333333333333
4621;4215;0,666666666666666666666
4622;613;0,666666666666666666666
4622;4225;0,333333333333333333333
4627;1671;0,500000000000000000000
4627;2200;0,500000000000000000000
4638;4552;1,000000000000000000000
4639;1089;0,500000000000000000000
4639;3044;0,250000000000000000000
4639;28969;0,250000000000000000000
4681;955;1,000000000000000000000
4697;46;0,142857142857142857142
4697;313;0,142857142857142857142
4697;3359;0,142857142857142857142
4697;3418;0,142857142857142857142
4697;7994;0,142857142857142857142
4697;9261;0,285714285714285714285
4713;2390;0,666666666666666666666
4713;3381;0,333333333333333333333
4715;960;1,000000000000000000000
4719;943;1,000000000000000000000
4720;5437;0,333333333333333333333
4720;6234;0,666666666666666666666
4729;2487;1,000000000000000000000
4747;846;0,500000000000000000000
4747;1898;0,500000000000000000000
4772;772;1,000000000000000000000
4821;4281;1,000000000000000000000
4853;3574;1,000000000000000000000
4918;1587;0,200000000000000000000
4918;7209;0,200000000000000000000
4918;9513;0,200000000000000000000
4918;20662;0,200000000000000000000
4918;24601;0,200000000000000000000
4919;9651;0,333333333333333333333
4919;28686;0,666666666666666666666
5029;635;0,333333333333333333333
5029;10338;0,666666666666666666666
5053;4576;1,000000000000000000000
5065;11826;1,000000000000000000000
5071;332;0,250000000000000000000
5071;3802;0,250000000000000000000
5071;8223;0,500000000000000000000
5083;28821;1,000000000000000000000
5088;9441;1,000000000000000000000
5089;115;1,000000000000000000000
5092;3876;1,000000000000000000000
5093;3811;1,000000000000000000000
5097;4281;1,000000000000000000000
5149;54;0,071428571428571428571
5149;119;0,023809523809523809523
5149;322;0,023809523809523809523
5149;550;0,023809523809523809523
5149;658;0,023809523809523809523
5149;689;0,023809523809523809523
5149;1068;0,023809523809523809523
5149;1463;0,023809523809523809523
5149;1487;0,023809523809523809523
5149;1663;0,023809523809523809523
5149;1664;0,023809523809523809523
5149;1839;0,023809523809523809523
5149;2007;0,023809523809523809523
5149;2182;0,023809523809523809523
5149;2183;0,023809523809523809523
5149;2184;0,023809523809523809523
5149;2206;0,023809523809523809523
5149;2380;0,023809523809523809523
5149;3642;0,023809523809523809523
5149;3694;0,023809523809523809523
5149;4031;0,023809523809523809523
5149;4172;0,023809523809523809523
5149;4873;0,023809523809523809523
5149;4940;0,023809523809523809523
5149;5457;0,023809523809523809523
5149;5789;0,023809523809523809523
5149;5790;0,023809523809523809523
5149;6567;0,023809523809523809523
5149;7598;0,047619047619047619047
5149;7694;0,023809523809523809523
5149;9138;0,023809523809523809523
5149;9394;0,023809523809523809523
5149;9618;0,023809523809523809523
5149;12247;0,023809523809523809523
5149;14733;0,023809523809523809523
5149;15895;0,023809523809523809523
5149;20853;0,023809523809523809523
5149;21161;0,023809523809523809523
5149;28546;0,023809523809523809523
5158;1667;1,000000000000000000000
5167;467;1,000000000000000000000
5168;17449;1,000000000000000000000
5174;285;0,333333333333333333333
5174;749;0,666666666666666666666
5177;1094;1,000000000000000000000
5214;192;0,250000000000000000000
5214;466;0,500000000000000000000
5214;1667;0,250000000000000000000
5219;1667;0,333333333333333333333
5219;9402;0,666666666666666666666
5232;643;0,400000000000000000000
5232;3374;0,200000000000000000000
5232;3563;0,200000000000000000000
5232;8446;0,200000000000000000000
5306;2487;1,000000000000000000000
5360;1894;0,500000000000000000000
5360;17207;0,500000000000000000000
5367;190;0,071428571428571428571
5367;524;0,142857142857142857142
5367;528;0,071428571428571428571
5367;2195;0,142857142857142857142
5367;2212;0,071428571428571428571
5367;2644;0,071428571428571428571
5367;3085;0,071428571428571428571
5367;4281;0,071428571428571428571
5367;4525;0,071428571428571428571
5367;5629;0,071428571428571428571
5367;5632;0,071428571428571428571
5367;7759;0,071428571428571428571
5392;2588;0,066666666666666666666
5392;3842;0,200000000000000000000
5392;4534;0,133333333333333333333
5392;5037;0,200000000000000000000
5392;6433;0,200000000000000000000
5392;8698;0,066666666666666666666
5392;12441;0,133333333333333333333
5395;1265;1,000000000000000000000
5437;2385;0,500000000000000000000
5437;18258;0,500000000000000000000
5440;1391;1,000000000000000000000
5442;2385;1,000000000000000000000
5445;2825;1,000000000000000000000
5449;1262;0,111111111111111111111
5449;1841;0,111111111111111111111
5449;1897;0,111111111111111111111
5449;2731;0,111111111111111111111
5449;3859;0,111111111111111111111
5449;4486;0,111111111111111111111
5449;5042;0,111111111111111111111
5449;5227;0,111111111111111111111
5449;9727;0,111111111111111111111
5464;334;0,250000000000000000000
5464;380;0,125000000000000000000
5464;1848;0,125000000000000000000
5464;3082;0,125000000000000000000
5464;5869;0,375000000000000000000
5470;660;1,000000000000000000000
5481;2694;1,000000000000000000000
5487;1066;1,000000000000000000000
5500;5528;0,500000000000000000000
5500;10019;0,500000000000000000000
5519;5530;1,000000000000000000000
5528;5500;1,000000000000000000000
5530;3116;0,500000000000000000000
5530;9184;0,500000000000000000000
5543;7240;1,000000000000000000000
5564;192;0,200000000000000000000
5564;3591;0,600000000000000000000
5564;10946;0,200000000000000000000
5603;613;0,500000000000000000000
5603;1600;0,500000000000000000000
5610;3975;1,000000000000000000000
5613;1855;1,000000000000000000000
5616;1503;0,333333333333333333333
5616;3859;0,333333333333333333333
5616;12936;0,333333333333333333333
5622;2657;1,000000000000000000000
5623;8580;1,000000000000000000000
5625;3095;1,000000000000000000000
5626;2630;1,000000000000000000000
5627;5625;1,000000000000000000000
5628;3219;1,000000000000000000000
5632;27763;1,000000000000000000000
5638;846;0,500000000000000000000
5638;2112;0,500000000000000000000
5666;1938;0,500000000000000000000
5666;5667;0,500000000000000000000
5691;866;0,062500000000000000000
5691;906;0,062500000000000000000
5691;1443;0,187500000000000000000
5691;1475;0,062500000000000000000
5691;2146;0,062500000000000000000
5691;3085;0,187500000000000000000
5691;4086;0,062500000000000000000
5691;7747;0,062500000000000000000
5691;9158;0,062500000000000000000
5691;9806;0,062500000000000000000
5691;9807;0,062500000000000000000
5691;14899;0,062500000000000000000
5693;14269;1,000000000000000000000
5700;2416;0,250000000000000000000
5700;6701;0,750000000000000000000
5762;1393;1,000000000000000000000
5856;1053;1,000000000000000000000
5886;8407;1,000000000000000000000
5915;2678;1,000000000000000000000
5960;739;0,105263157894736842105
5960;1903;0,105263157894736842105
5960;1913;0,105263157894736842105
5960;7630;0,105263157894736842105
5960;9015;0,052631578947368421052
5960;13809;0,105263157894736842105
5960;14266;0,105263157894736842105
5960;16873;0,105263157894736842105
5960;19707;0,105263157894736842105
5960;23228;0,105263157894736842105
6000;778;0,333333333333333333333
6000;805;0,333333333333333333333
6000;2822;0,333333333333333333333
6048;793;0,500000000000000000000
6048;1554;0,250000000000000000000
6048;1845;0,250000000000000000000
6105;3234;1,000000000000000000000
6113;2293;1,000000000000000000000
6130;550;1,000000000000000000000
6132;244;1,000000000000000000000
6151;391;1,000000000000000000000
6169;1938;1,000000000000000000000
6189;3116;1,000000000000000000000
6213;90;0,111111111111111111111
6213;695;0,222222222222222222222
6213;826;0,111111111111111111111
6213;2150;0,111111111111111111111
6213;2385;0,222222222222222222222
6213;6962;0,111111111111111111111
6213;10649;0,111111111111111111111
6234;815;0,250000000000000000000
6234;4681;0,250000000000000000000
6234;4720;0,500000000000000000000
6236;285;0,250000000000000000000
6236;3701;0,500000000000000000000
6236;66075;0,250000000000000000000
6267;863;0,500000000000000000000
6267;5693;0,500000000000000000000
6297;3905;1,000000000000000000000
6347;250;0,333333333333333333333
6347;1889;0,666666666666666666666
6349;1866;1,000000000000000000000
6353;244;0,500000000000000000000
6353;12115;0,500000000000000000000
6406;9542;1,000000000000000000000
6433;770;0,125000000000000000000
6433;1946;0,375000000000000000000
6433;2588;0,125000000000000000000
6433;3842;0,125000000000000000000
6433;4534;0,125000000000000000000
6433;5392;0,125000000000000000000
6440;17634;1,000000000000000000000
6461;2778;0,500000000000000000000
6461;14735;0,500000000000000000000
6501;1022;0,666666666666666666666
6501;7968;0,333333333333333333333
6503;1445;0,500000000000000000000
6503;2479;0,500000000000000000000
6505;71;0,076923076923076923076
6505;309;0,076923076923076923076
6505;827;0,076923076923076923076
6505;1143;0,076923076923076923076
6505;1276;0,076923076923076923076
6505;1948;0,076923076923076923076
6505;2355;0,076923076923076923076
6505;3399;0,076923076923076923076
6505;3574;0,076923076923076923076
6505;4024;0,076923076923076923076
6505;4853;0,076923076923076923076
6505;6496;0,076923076923076923076
6505;6524;0,076923076923076923076
6509;1032;1,000000000000000000000
6524;6505;1,000000000000000000000
6543;251;0,500000000000000000000
6543;2803;0,500000000000000000000
6594;3840;1,000000000000000000000
6622;1902;1,000000000000000000000
6627;420;0,200000000000000000000
6627;425;0,200000000000000000000
6627;600;0,200000000000000000000
6627;1538;0,200000000000000000000
6627;2246;0,200000000000000000000
6666;615;0,333333333333333333333
6666;1988;0,666666666666666666666
6694;1596;0,500000000000000000000
6694;9159;0,500000000000000000000
6723;4100;1,000000000000000000000
6746;615;1,000000000000000000000
6755;54;0,027027027027027027027
6755;96;0,027027027027027027027
6755;249;0,108108108108108108108
6755;468;0,027027027027027027027
6755;645;0,027027027027027027027
6755;689;0,027027027027027027027
6755;839;0,027027027027027027027
6755;861;0,054054054054054054054
6755;869;0,027027027027027027027
6755;891;0,027027027027027027027
6755;1033;0,027027027027027027027
6755;1065;0,027027027027027027027
6755;1104;0,027027027027027027027
6755;1122;0,027027027027027027027
6755;1316;0,027027027027027027027
6755;1591;0,027027027027027027027
6755;1608;0,027027027027027027027
6755;2561;0,027027027027027027027
6755;2991;0,027027027027027027027
6755;3100;0,027027027027027027027
6755;3235;0,027027027027027027027
6755;3446;0,027027027027027027027
6755;3871;0,027027027027027027027
6755;4004;0,027027027027027027027
6755;4020;0,027027027027027027027
6755;7111;0,027027027027027027027
6755;7711;0,027027027027027027027
6755;8163;0,027027027027027027027
6755;8985;0,027027027027027027027
6755;12432;0,027027027027027027027
6755;13622;0,027027027027027027027
6755;13672;0,027027027027027027027
6755;21490;0,027027027027027027027
6765;2275;1,000000000000000000000
6773;683;0,500000000000000000000
6773;863;0,500000000000000000000
6788;1897;0,666666666666666666666
6788;9729;0,333333333333333333333
6881;1041;1,000000000000000000000
6892;1004;1,000000000000000000000
6913;4345;0,500000000000000000000
6913;4837;0,500000000000000000000
6915;3401;0,500000000000000000000
6915;4307;0,500000000000000000000
6923;315;1,000000000000000000000
6962;6213;1,000000000000000000000
6979;251;0,500000000000000000000
6979;3381;0,500000000000000000000
6986;11330;0,500000000000000000000
6986;13796;0,500000000000000000000
7049;1583;1,000000000000000000000
7080;2834;0,666666666666666666666
7080;2835;0,333333333333333333333
7095;2175;0,666666666666666666666
7095;3197;0,333333333333333333333
7106;1422;0,333333333333333333333
7106;8476;0,333333333333333333333
7106;13385;0,333333333333333333333
7111;54;0,500000000000000000000
7111;5149;0,500000000000000000000
7116;861;0,250000000000000000000
7116;3381;0,250000000000000000000
7116;13886;0,500000000000000000000
7135;72;1,000000000000000000000
7169;609;0,200000000000000000000
7169;4374;0,200000000000000000000
7169;9254;0,600000000000000000000
7183;9356;1,000000000000000000000
7206;7586;1,000000000000000000000
7209;2206;1,000000000000000000000
7221;10080;1,000000000000000000000
7240;5543;1,000000000000000000000
7278;1336;1,000000000000000000000
7328;621;1,000000000000000000000
7389;1307;1,000000000000000000000
7418;332;1,000000000000000000000
7480;9234;1,000000000000000000000
7521;3212;1,000000000000000000000
7546;798;0,500000000000000000000
7546;2302;0,500000000000000000000
7560;21360;1,000000000000000000000
7564;2066;1,000000000000000000000
7574;407;1,000000000000000000000
7578;793;0,333333333333333333333
7578;4225;0,333333333333333333333
7578;4497;0,333333333333333333333
7586;151;0,500000000000000000000
7586;1419;0,250000000000000000000
7586;7206;0,250000000000000000000
7626;2652;1,000000000000000000000
7713;288;0,333333333333333333333
7713;5624;0,333333333333333333333
7713;7717;0,333333333333333333333
7717;288;0,125000000000000000000
7717;696;0,125000000000000000000
7717;3340;0,125000000000000000000
7717;3696;0,125000000000000000000
7717;9476;0,125000000000000000000
7717;9924;0,125000000000000000000
7717;27294;0,125000000000000000000
7717;28699;0,125000000000000000000
7739;3665;0,500000000000000000000
7739;4497;0,500000000000000000000
7741;706;1,000000000000000000000
7748;891;0,200000000000000000000
7748;1293;0,400000000000000000000
7748;3978;0,200000000000000000000
7748;4657;0,200000000000000000000
7756;568;1,000000000000000000000
7759;1780;0,333333333333333333333
7759;9208;0,333333333333333333333
7759;19031;0,333333333333333333333
7767;3736;1,000000000000000000000
7774;648;0,333333333333333333333
7774;4744;0,333333333333333333333
7774;4931;0,333333333333333333333
7788;911;0,333333333333333333333
7788;1121;0,333333333333333333333
7788;16644;0,333333333333333333333
7862;122;0,666666666666666666666
7862;12882;0,333333333333333333333
7906;413;1,000000000000000000000
7920;5172;1,000000000000000000000
7939;9418;1,000000000000000000000
7968;2433;0,500000000000000000000
7968;6501;0,500000000000000000000
7975;846;1,000000000000000000000
7994;46;0,500000000000000000000
7994;4697;0,500000000000000000000
8003;10122;1,000000000000000000000
8017;415;1,000000000000000000000
8062;8928;0,600000000000000000000
8062;17584;0,400000000000000000000
8090;1286;0,333333333333333333333
8090;5632;0,333333333333333333333
8090;13545;0,333333333333333333333
8095;285;0,250000000000000000000
8095;3045;0,500000000000000000000
8095;3104;0,250000000000000000000
8109;918;0,571428571428571428571
8109;7998;0,428571428571428571428
8143;2504;0,500000000000000000000
8143;9421;0,500000000000000000000
8156;3800;1,000000000000000000000
8164;1984;0,500000000000000000000
8164;4919;0,500000000000000000000
8175;13;1,000000000000000000000
8205;2421;1,000000000000000000000
8229;891;1,000000000000000000000
8237;3022;0,500000000000000000000
8237;12563;0,500000000000000000000
8238;1171;0,142857142857142857142
8238;1231;0,142857142857142857142
8238;1276;0,142857142857142857142
8238;3141;0,285714285714285714285
8238;5396;0,142857142857142857142
8238;6524;0,142857142857142857142
8268;38;0,200000000000000000000
8268;189;0,200000000000000000000
8268;2678;0,200000000000000000000
8268;5800;0,200000000000000000000
8268;13899;0,200000000000000000000
8281;1505;0,333333333333333333333
8281;4247;0,333333333333333333333
8281;14323;0,333333333333333333333
8306;846;0,500000000000000000000
8306;2512;0,500000000000000000000
8341;1100;0,500000000000000000000
8341;4460;0,500000000000000000000
8348;545;0,333333333333333333333
8348;1933;0,333333333333333333333
8348;2337;0,166666666666666666666
8348;2678;0,166666666666666666666
8353;356;1,000000000000000000000
8373;3178;1,000000000000000000000
8440;520;0,666666666666666666666
8440;1182;0,333333333333333333333
8441;35;0,500000000000000000000
8441;3169;0,500000000000000000000
8442;1182;1,000000000000000000000
8446;5232;1,000000000000000000000
8454;6006;1,000000000000000000000
8464;4497;1,000000000000000000000
8465;643;1,000000000000000000000
8479;113;1,000000000000000000000
8489;798;0,500000000000000000000
8489;4359;0,500000000000000000000
8512;9234;1,000000000000000000000
8566;120;0,666666666666666666666
8566;414;0,333333333333333333333
8568;313;1,000000000000000000000
8580;2008;0,500000000000000000000
8580;5623;0,500000000000000000000
8611;1234;1,000000000000000000000
8623;9;0,021276595744680851063
8623;77;0,021276595744680851063
8623;206;0,021276595744680851063
8623;521;0,021276595744680851063
8623;528;0,063829787234042553191
8623;529;0,021276595744680851063
8623;911;0,021276595744680851063
8623;1066;0,021276595744680851063
8623;1109;0,021276595744680851063
8623;1122;0,021276595744680851063
8623;1150;0,021276595744680851063
8623;1234;0,021276595744680851063
8623;1326;0,021276595744680851063
8623;1419;0,021276595744680851063
8623;1473;0,021276595744680851063
8623;1866;0,021276595744680851063
8623;1971;0,021276595744680851063
8623;2027;0,021276595744680851063
8623;2041;0,021276595744680851063
8623;2046;0,021276595744680851063
8623;2054;0,021276595744680851063
8623;2059;0,021276595744680851063
8623;2149;0,021276595744680851063
8623;2150;0,021276595744680851063
8623;2216;0,021276595744680851063
8623;2271;0,021276595744680851063
8623;2492;0,021276595744680851063
8623;3680;0,021276595744680851063
8623;3800;0,021276595744680851063
8623;4070;0,021276595744680851063
8623;5487;0,021276595744680851063
8623;5557;0,021276595744680851063
8623;5632;0,021276595744680851063
8623;6320;0,021276595744680851063
8623;8156;0,021276595744680851063
8623;9110;0,021276595744680851063
8623;9390;0,021276595744680851063
8623;9391;0,021276595744680851063
8623;9399;0,021276595744680851063
8623;9400;0,021276595744680851063
8623;9417;0,021276595744680851063
8623;9431;0,021276595744680851063
8623;9440;0,021276595744680851063
8623;11030;0,021276595744680851063
8623;18251;0,021276595744680851063
8635;5470;1,000000000000000000000
8648;266;1,000000000000000000000
8666;990;0,500000000000000000000
8666;1459;0,500000000000000000000
8787;4890;1,000000000000000000000
8820;28185;0,500000000000000000000
8820;28195;0,500000000000000000000
8839;10941;1,000000000000000000000
8855;10941;1,000000000000000000000
8871;8835;1,000000000000000000000
8902;1454;1,000000000000000000000
8910;1171;0,500000000000000000000
8910;2863;0,500000000000000000000
8928;163;0,026086956521739130434
8928;771;0,026086956521739130434
8928;937;0,026086956521739130434
8928;979;0,026086956521739130434
8928;1477;0,026086956521739130434
8928;1478;0,026086956521739130434
8928;1479;0,026086956521739130434
8928;1480;0,026086956521739130434
8928;1481;0,026086956521739130434
8928;1482;0,026086956521739130434
8928;1483;0,026086956521739130434
8928;2276;0,026086956521739130434
8928;3293;0,026086956521739130434
8928;3306;0,026086956521739130434
8928;3463;0,026086956521739130434
8928;3836;0,026086956521739130434
8928;4471;0,026086956521739130434
8928;6413;0,026086956521739130434
8928;7650;0,026086956521739130434
8928;8062;0,026086956521739130434
8928;8203;0,026086956521739130434
8928;10202;0,026086956521739130434
8928;10352;0,026086956521739130434
8928;11863;0,026086956521739130434
8928;12026;0,026086956521739130434
8928;12497;0,034782608695652173913
8928;12550;0,026086956521739130434
8928;13265;0,026086956521739130434
8928;13428;0,026086956521739130434
8928;14899;0,026086956521739130434
8928;17584;0,026086956521739130434
8928;17585;0,026086956521739130434
8928;18098;0,026086956521739130434
8928;18102;0,026086956521739130434
8928;20204;0,026086956521739130434
8928;20206;0,026086956521739130434
8928;26267;0,026086956521739130434
8928;37812;0,026086956521739130434
8933;467;1,000000000000000000000
8957;313;0,333333333333333333333
8957;2352;0,666666666666666666666
9015;1206;0,666666666666666666666
9015;5960;0,333333333333333333333
9019;3877;1,000000000000000000000
9047;4205;1,000000000000000000000
9090;777;0,250000000000000000000
9090;4098;0,250000000000000000000
9090;4461;0,250000000000000000000
9090;5155;0,250000000000000000000
9158;866;1,000000000000000000000
9184;1744;0,111111111111111111111
9184;2737;0,111111111111111111111
9184;3414;0,111111111111111111111
9184;4262;0,111111111111111111111
9184;4491;0,111111111111111111111
9184;5097;0,111111111111111111111
9184;5530;0,111111111111111111111
9184;7221;0,111111111111111111111
9184;14465;0,111111111111111111111
9208;7759;0,333333333333333333333
9208;9385;0,666666666666666666666
9230;4861;1,000000000000000000000
9234;731;0,083333333333333333333
9234;1094;0,083333333333333333333
9234;1192;0,083333333333333333333
9234;2075;0,083333333333333333333
9234;4667;0,083333333333333333333
9234;5177;0,083333333333333333333
9234;6955;0,083333333333333333333
9234;7480;0,083333333333333333333
9234;8512;0,083333333333333333333
9234;12938;0,083333333333333333333
9234;28517;0,083333333333333333333
9234;76428;0,083333333333333333333
9254;2227;0,166666666666666666666
9254;3980;0,333333333333333333333
9254;4374;0,166666666666666666666
9254;7169;0,333333333333333333333
9300;27938;1,000000000000000000000
9321;1263;1,000000000000000000000
9338;360;1,000000000000000000000
9356;719;0,214285714285714285714
9356;1165;0,071428571428571428571
9356;1439;0,071428571428571428571
9356;1440;0,071428571428571428571
9356;7183;0,142857142857142857142
9356;26095;0,071428571428571428571
9356;28821;0,142857142857142857142
9356;37813;0,071428571428571428571
9356;37814;0,142857142857142857142
9367;295;0,166666666666666666666
9367;12388;0,166666666666666666666
9367;14124;0,333333333333333333333
9367;27657;0,333333333333333333333
9382;9839;1,000000000000000000000
9385;2503;0,666666666666666666666
9385;9208;0,333333333333333333333
9391;206;1,000000000000000000000
9396;346;0,285714285714285714285
9396;2050;0,142857142857142857142
9396;6465;0,142857142857142857142
9396;9371;0,142857142857142857142
9396;10740;0,142857142857142857142
9396;12333;0,142857142857142857142
9399;521;1,000000000000000000000
9402;1101;0,666666666666666666666
9402;9442;0,333333333333333333333
9406;9217;1,000000000000000000000
9410;22;0,500000000000000000000
9410;977;0,500000000000000000000
9412;5119;1,000000000000000000000
9418;9442;1,000000000000000000000
9421;467;0,666666666666666666666
9421;2052;0,333333333333333333333
9441;9436;1,000000000000000000000
9442;1101;0,250000000000000000000
9442;7762;0,250000000000000000000
9442;9402;0,375000000000000000000
9442;9418;0,125000000000000000000
9476;7717;1,000000000000000000000
9506;12528;1,000000000000000000000
9554;29376;1,000000000000000000000
9624;911;0,333333333333333333333
9624;2385;0,333333333333333333333
9624;3991;0,333333333333333333333
9651;24875;0,200000000000000000000
9651;27141;0,400000000000000000000
9651;28686;0,200000000000000000000
9651;29028;0,200000000000000000000
9655;5493;1,000000000000000000000
9691;3871;1,000000000000000000000
9694;2470;1,000000000000000000000
9720;703;0,142857142857142857142
9720;1520;0,142857142857142857142
9720;3237;0,142857142857142857142
9720;3877;0,142857142857142857142
9720;5016;0,142857142857142857142
9720;5119;0,142857142857142857142
9720;16076;0,142857142857142857142
9722;1227;1,000000000000000000000
9729;750;0,071428571428571428571
9729;2383;0,071428571428571428571
9729;2605;0,071428571428571428571
9729;3944;0,071428571428571428571
9729;4217;0,142857142857142857142
9729;4307;0,071428571428571428571
9729;4681;0,071428571428571428571
9729;5603;0,071428571428571428571
9729;6788;0,071428571428571428571
9729;6913;0,071428571428571428571
9729;8648;0,071428571428571428571
9729;13814;0,071428571428571428571
9729;17426;0,071428571428571428571
9762;612;0,500000000000000000000
9762;1227;0,500000000000000000000
9807;2146;0,500000000000000000000
9807;5691;0,500000000000000000000
9924;371;1,000000000000000000000
9925;3340;1,000000000000000000000
9941;287;1,000000000000000000000
9992;3071;1,000000000000000000000
10019;1448;0,333333333333333333333
10019;3234;0,333333333333333333333
10019;5500;0,333333333333333333333
10020;861;0,333333333333333333333
10020;1448;0,333333333333333333333
10020;4435;0,333333333333333333333
10067;391;0,500000000000000000000
10067;6430;0,500000000000000000000
10080;7221;1,000000000000000000000
10084;1293;0,500000000000000000000
10084;15906;0,500000000000000000000
10093;1697;1,000000000000000000000
10188;1236;1,000000000000000000000
10197;1591;1,000000000000000000000
10255;2543;1,000000000000000000000
10338;28;0,100000000000000000000
10338;826;0,100000000000000000000
10338;1439;0,100000000000000000000
10338;1440;0,100000000000000000000
10338;1785;0,100000000000000000000
10338;2080;0,100000000000000000000
10338;5029;0,200000000000000000000
10338;50332;0,200000000000000000000
10390;5534;1,000000000000000000000
10435;3378;1,000000000000000000000
10523;1293;1,000000000000000000000
10595;2546;0,200000000000000000000
10595;3234;0,400000000000000000000
10595;8630;0,200000000000000000000
10595;11680;0,200000000000000000000
10604;898;0,333333333333333333333
10604;3176;0,333333333333333333333
10604;17280;0,333333333333333333333
10649;65;0,333333333333333333333
10649;90;0,166666666666666666666
10649;6213;0,500000000000000000000
10724;1439;0,500000000000000000000
10724;1440;0,500000000000000000000
10763;1164;1,000000000000000000000
10946;14;0,166666666666666666666
10946;1667;0,333333333333333333333
10946;3591;0,500000000000000000000
11213;3557;1,000000000000000000000
11330;4244;1,000000000000000000000
11656;568;0,500000000000000000000
11656;11734;0,500000000000000000000
11734;11656;1,000000000000000000000
11826;5065;1,000000000000000000000
11902;4148;0,500000000000000000000
11902;7126;0,500000000000000000000
11999;5444;1,000000000000000000000
12269;3876;0,500000000000000000000
12269;20984;0,500000000000000000000
12372;24536;1,000000000000000000000
12387;12670;1,000000000000000000000
12486;1196;1,000000000000000000000
12497;4262;0,142857142857142857142
12497;4435;0,285714285714285714285
12497;8928;0,571428571428571428571
12528;2817;0,800000000000000000000
12528;9506;0,200000000000000000000
12534;1521;0,200000000000000000000
12534;3408;0,200000000000000000000
12534;4707;0,200000000000000000000
12534;7565;0,200000000000000000000
12534;26354;0,200000000000000000000
12563;411;1,000000000000000000000
12591;2364;1,000000000000000000000
12664;1894;1,000000000000000000000
12709;658;1,000000000000000000000
12768;564;0,666666666666666666666
12768;3940;0,333333333333333333333
12798;1044;1,000000000000000000000
12936;1503;1,000000000000000000000
13006;3475;1,000000000000000000000
13054;15975;1,000000000000000000000
13141;568;0,500000000000000000000
13141;1877;0,500000000000000000000
13181;174;1,000000000000000000000
13265;5632;1,000000000000000000000
13360;313;1,000000000000000000000
13398;266;1,000000000000000000000
13504;1293;1,000000000000000000000
13510;254;1,000000000000000000000
13721;54;1,000000000000000000000
13796;3458;1,000000000000000000000
14050;1293;1,000000000000000000000
14124;5054;1,000000000000000000000
14151;206;0,090909090909090909090
14151;1988;0,090909090909090909090
14151;2041;0,090909090909090909090
14151;3694;0,090909090909090909090
14151;3873;0,181818181818181818181
14151;3983;0,090909090909090909090
14151;4070;0,090909090909090909090
14151;4621;0,090909090909090909090
14151;6666;0,090909090909090909090
14151;9340;0,090909090909090909090
14269;12433;1,000000000000000000000
14465;3418;1,000000000000000000000
14899;1667;1,000000000000000000000
15222;2275;1,000000000000000000000
15302;115;0,100000000000000000000
15302;567;0,100000000000000000000
15302;605;0,100000000000000000000
15302;731;0,100000000000000000000
15302;988;0,100000000000000000000
15302;1192;0,100000000000000000000
15302;4476;0,100000000000000000000
15302;4991;0,100000000000000000000
15302;6406;0,100000000000000000000
15302;14013;0,100000000000000000000
15889;1293;0,750000000000000000000
15889;6372;0,250000000000000000000
15895;550;1,000000000000000000000
15975;1239;0,500000000000000000000
15975;7151;0,500000000000000000000
16076;5119;1,000000000000000000000
17047;1330;1,000000000000000000000
17209;349;1,000000000000000000000
17268;2921;1,000000000000000000000
17302;240;1,000000000000000000000
17426;2800;0,250000000000000000000
17426;3827;0,250000000000000000000
17426;3850;0,250000000000000000000
17426;28372;0,250000000000000000000
17449;5168;1,000000000000000000000
17584;115;0,333333333333333333333
17584;360;0,333333333333333333333
17584;8062;0,333333333333333333333
17634;3772;0,200000000000000000000
17634;4181;0,200000000000000000000
17634;6061;0,200000000000000000000
17634;6440;0,400000000000000000000
17678;4576;1,000000000000000000000
18300;1018;1,000000000000000000000
18398;842;1,000000000000000000000
18641;261;0,500000000000000000000
18641;749;0,500000000000000000000
19031;7759;1,000000000000000000000
19176;232;0,500000000000000000000
19176;1567;0,500000000000000000000
19402;568;0,666666666666666666666
19402;21542;0,333333333333333333333
20436;4374;1,000000000000000000000
20664;8353;1,000000000000000000000
20666;1516;0,250000000000000000000
20666;10892;0,250000000000000000000
20666;13054;0,250000000000000000000
20666;15975;0,250000000000000000000
21268;3475;1,000000000000000000000
21360;7560;1,000000000000000000000
21514;1293;0,500000000000000000000
21514;15889;0,500000000000000000000
21697;4906;1,000000000000000000000
21750;1609;1,000000000000000000000
22211;1439;0,500000000000000000000
22211;1440;0,500000000000000000000
22298;1439;0,333333333333333333333
22298;1440;0,666666666666666666666
23886;6413;1,000000000000000000000
23930;2704;1,000000000000000000000
24113;1574;0,200000000000000000000
24113;2245;0,400000000000000000000
24113;13482;0,400000000000000000000
25849;2059;1,000000000000000000000
26095;1439;0,500000000000000000000
26095;1440;0,500000000000000000000
26267;8928;1,000000000000000000000
27173;1121;0,500000000000000000000
27173;5082;0,500000000000000000000
27336;1393;1,000000000000000000000
27557;863;1,000000000000000000000
27674;4313;0,666666666666666666666
27674;9215;0,333333333333333333333
27763;190;0,111111111111111111111
27763;887;0,333333333333333333333
27763;1109;0,111111111111111111111
27763;2071;0,111111111111111111111
27763;2359;0,111111111111111111111
27763;2504;0,111111111111111111111
27763;5632;0,111111111111111111111
27938;9300;1,000000000000000000000
27950;27962;1,000000000000000000000
28118;2498;1,000000000000000000000
28195;9069;1,000000000000000000000
28342;3560;1,000000000000000000000
28344;1221;1,000000000000000000000
28372;3850;1,000000000000000000000
28404;390;1,000000000000000000000
28528;854;1,000000000000000000000
28532;3471;1,000000000000000000000
28602;2509;1,000000000000000000000
28715;403;1,000000000000000000000
28785;2838;0,500000000000000000000
28785;5638;0,500000000000000000000
28821;282;0,166666666666666666666
28821;1439;0,166666666666666666666
28821;1440;0,166666666666666666666
28821;5083;0,166666666666666666666
28821;9356;0,333333333333333333333
29376;464;0,333333333333333333333
29376;1085;0,166666666666666666666
29376;9554;0,500000000000000000000
37814;1439;0,250000000000000000000
37814;1440;0,250000000000000000000
37814;9356;0,500000000000000000000
38286;7466;0,500000000000000000000
38286;59841;0,500000000000000000000
38738;214;0,142857142857142857142
38738;748;0,428571428571428571428
38738;5177;0,142857142857142857142
38738;10338;0,142857142857142857142
38738;25488;0,142857142857142857142
45604;1439;0,500000000000000000000
45604;1440;0,500000000000000000000
47352;1439;0,500000000000000000000
47352;1440;0,500000000000000000000
48255;65;0,083333333333333333333
48255;768;0,083333333333333333333
48255;1046;0,083333333333333333333
48255;1703;0,083333333333333333333
48255;1864;0,083333333333333333333
48255;2287;0,083333333333333333333
48255;4058;0,083333333333333333333
48255;6567;0,083333333333333333333
48255;7160;0,083333333333333333333
48255;7968;0,083333333333333333333
48255;12430;0,083333333333333333333
48255;15586;0,083333333333333333333
48826;172;1,000000000000000000000
50332;2080;0,333333333333333333333
50332;2559;0,333333333333333333333
50332;10338;0,333333333333333333333
57838;3142;1,000000000000000000000
59745;43;0,133333333333333333333
59745;138;0,266666666666666666666
59745;276;0,066666666666666666666
59745;628;0,066666666666666666666
59745;696;0,066666666666666666666
59745;983;0,133333333333333333333
59745;1939;0,066666666666666666666
59745;1941;0,133333333333333333333
59745;4205;0,066666666666666666666
65193;452;0,076923076923076923076
65193;718;0,153846153846153846153
65193;754;0,307692307692307692307
65193;876;0,230769230769230769230
65193;1174;0,230769230769230769230
66075;2175;0,500000000000000000000
66075;2594;0,500000000000000000000
67709;1563;0,500000000000000000000
67709;1629;0,500000000000000000000
69290;1160;0,500000000000000000000
69290;2576;0,500000000000000000000
71083;266;0,111111111111111111111
71083;585;0,111111111111111111111
71083;1080;0,111111111111111111111
71083;2383;0,111111111111111111111
71083;6913;0,111111111111111111111
71083;8648;0,111111111111111111111
71083;8976;0,111111111111111111111
71083;13398;0,111111111111111111111
71083;13814;0,111111111111111111111
71411;747;0,111111111111111111111
71411;748;0,111111111111111111111
71411;75827;0,111111111111111111111
71411;75828;0,555555555555555555555
71411;76428;0,111111111111111111111
73857;748;1,000000000000000000000
75827;332;0,166666666666666666666
75827;1620;0,333333333333333333333
75827;71411;0,500000000000000000000
75828;71411;1,000000000000000000000
76428;747;0,333333333333333333333
76428;748;0,333333333333333333333
76428;8516;0,333333333333333333333
81648;747;1,000000000000000000000
