7;119973;1,000000000000000000000
9;4146;1,000000000000000000000
22;533247;1,000000000000000000000
33;4501;1,000000000000000000000
39;964;0,428571428571428571428
39;1278;0,142857142857142857142
39;5918;0,142857142857142857142
39;8985;0,142857142857142857142
39;9721;0,142857142857142857142
43;228;1,000000000000000000000
54;119;0,047619047619047619047
54;208;0,047619047619047619047
54;256;0,095238095238095238095
54;435;0,047619047619047619047
54;658;0,047619047619047619047
54;1663;0,047619047619047619047
54;2021;0,047619047619047619047
54;2792;0,095238095238095238095
54;4150;0,047619047619047619047
54;5149;0,047619047619047619047
54;5789;0,047619047619047619047
54;5790;0,047619047619047619047
54;7111;0,190476190476190476190
54;13720;0,047619047619047619047
54;54440;0,047619047619047619047
54;349041;0,047619047619047619047
57;1948;1,000000000000000000000
65;127;0,111111111111111111111
65;2052;0,111111111111111111111
65;4274;0,222222222222222222222
65;5440;0,111111111111111111111
65;9395;0,222222222222222222222
65;533247;0,222222222222222222222
71;100;0,047619047619047619047
71;194;0,095238095238095238095
71;360;0,047619047619047619047
71;628;0,047619047619047619047
71;695;0,238095238095238095238
71;1234;0,047619047619047619047
71;1276;0,047619047619047619047
71;1489;0,047619047619047619047
71;3523;0,047619047619047619047
71;4501;0,047619047619047619047
71;5440;0,095238095238095238095
71;192866;0,095238095238095238095
71;366089;0,047619047619047619047
71;940328;0,047619047619047619047
74;3096;0,111111111111111111111
74;5016;0,111111111111111111111
74;6602;0,111111111111111111111
74;16527;0,111111111111111111111
74;17634;0,111111111111111111111
74;385198;0,111111111111111111111
74;386794;0,333333333333333333333
77;1263;0,250000000000000000000
77;3085;0,250000000000000000000
77;6320;0,250000000000000000000
77;41776;0,250000000000000000000
80;531;0,666666666666666666666
80;876;0,333333333333333333333
96;249;0,131578947368421052631
96;472;0,026315789473684210526
96;615;0,078947368421052631578
96;980;0,026315789473684210526
96;1141;0,026315789473684210526
96;1156;0,105263157894736842105
96;1988;0,026315789473684210526
96;2139;0,052631578947368421052
96;2375;0,052631578947368421052
96;3045;0,026315789473684210526
96;3219;0,078947368421052631578
96;3753;0,131578947368421052631
96;3857;0,078947368421052631578
96;4080;0,052631578947368421052
96;4794;0,052631578947368421052
96;4825;0,052631578947368421052
100;71;1,000000000000000000000
101;4592;1,000000000000000000000
104;163;0,100000000000000000000
104;172;0,300000000000000000000
104;1476;0,100000000000000000000
104;1498;0,500000000000000000000
108;7975;1,000000000000000000000
115;490;0,083333333333333333333
115;6468;0,166666666666666666666
115;8818;0,041666666666666666666
115;335189;0,208333333333333333333
115;343358;0,291666666666666666666
115;383630;0,208333333333333333333
119;54;0,166666666666666666666
119;596;0,333333333333333333333
119;1348;0,333333333333333333333
119;24947;0,166666666666666666666
127;1286;0,166666666666666666666
127;3748;0,166666666666666666666
127;6316;0,333333333333333333333
127;7874;0,333333333333333333333
132;550;0,333333333333333333333
132;596;0,222222222222222222222
132;658;0,222222222222222222222
132;3230;0,222222222222222222222
135;13;0,041666666666666666666
135;183;0,083333333333333333333
135;285;0,041666666666666666666
135;525;0,041666666666666666666
135;527;0,208333333333333333333
135;1815;0,041666666666666666666
135;1939;0,041666666666666666666
135;2052;0,166666666666666666666
135;2445;0,125000000000000000000
135;2740;0,083333333333333333333
135;4020;0,041666666666666666666
135;5493;0,041666666666666666666
135;76428;0,041666666666666666666
138;891;0,200000000000000000000
138;2543;0,200000000000000000000
138;4206;0,200000000000000000000
138;7968;0,200000000000000000000
138;604246;0,200000000000000000000
148;113392;0,500000000000000000000
148;393418;0,500000000000000000000
149;2196;1,000000000000000000000
151;5264;0,500000000000000000000
151;327859;0,500000000000000000000
162;3877;0,333333333333333333333
162;9721;0,666666666666666666666
163;17;0,024390243902439024390
163;69;0,024390243902439024390
163;104;0,048780487804878048780
163;172;0,024390243902439024390
163;768;0,024390243902439024390
163;772;0,024390243902439024390
163;777;0,024390243902439024390
163;822;0,024390243902439024390
163;937;0,024390243902439024390
163;1054;0,024390243902439024390
163;1483;0,024390243902439024390
163;1598;0,024390243902439024390
163;1613;0,024390243902439024390
163;1915;0,024390243902439024390
163;1991;0,024390243902439024390
163;2105;0,024390243902439024390
163;2427;0,024390243902439024390
163;2609;0,024390243902439024390
163;3152;0,024390243902439024390
163;3293;0,024390243902439024390
163;4283;0,024390243902439024390
163;4361;0,024390243902439024390
163;4429;0,024390243902439024390
163;4430;0,024390243902439024390
163;4431;0,024390243902439024390
163;4432;0,024390243902439024390
163;4438;0,024390243902439024390
163;4452;0,024390243902439024390
163;4454;0,024390243902439024390
163;4464;0,024390243902439024390
163;4466;0,024390243902439024390
163;4471;0,024390243902439024390
163;4772;0,024390243902439024390
163;6520;0,024390243902439024390
163;8611;0,024390243902439024390
163;8754;0,024390243902439024390
163;10507;0,024390243902439024390
163;28567;0,024390243902439024390
163;28970;0,024390243902439024390
163;475686;0,024390243902439024390
172;104;0,187500000000000000000
172;163;0,187500000000000000000
172;768;0,062500000000000000000
172;822;0,062500000000000000000
172;1498;0,250000000000000000000
172;1717;0,062500000000000000000
172;1939;0,062500000000000000000
172;4442;0,062500000000000000000
172;4471;0,062500000000000000000
179;38;0,500000000000000000000
179;7215;0,500000000000000000000
183;261;0,023255813953488372093
183;362;0,023255813953488372093
183;526;0,023255813953488372093
183;706;0,046511627906976744186
183;1094;0,023255813953488372093
183;1116;0,046511627906976744186
183;1364;0,023255813953488372093
183;1424;0,023255813953488372093
183;3033;0,023255813953488372093
183;3219;0,418604651162790697674
183;3403;0,023255813953488372093
183;3414;0,023255813953488372093
183;3548;0,023255813953488372093
183;4108;0,023255813953488372093
183;4379;0,023255813953488372093
183;4707;0,023255813953488372093
183;6960;0,023255813953488372093
183;7874;0,023255813953488372093
183;9226;0,023255813953488372093
183;10338;0,023255813953488372093
183;10860;0,023255813953488372093
183;10926;0,023255813953488372093
183;26347;0,023255813953488372093
183;28112;0,023255813953488372093
189;5329;1,000000000000000000000
190;4281;0,500000000000000000000
190;5367;0,500000000000000000000
192;3591;0,250000000000000000000
192;5214;0,250000000000000000000
192;10946;0,500000000000000000000
199;3105;1,000000000000000000000
211;26566;1,000000000000000000000
213;747;0,600000000000000000000
213;71411;0,400000000000000000000
218;781;1,000000000000000000000
219;324;0,100000000000000000000
219;502;0,100000000000000000000
219;538;0,100000000000000000000
219;2517;0,100000000000000000000
219;2877;0,100000000000000000000
219;7072;0,200000000000000000000
219;8223;0,200000000000000000000
219;119973;0,100000000000000000000
220;1706;0,250000000000000000000
220;2825;0,500000000000000000000
220;2826;0,250000000000000000000
241;1448;0,500000000000000000000
241;2398;0,500000000000000000000
242;2736;0,500000000000000000000
242;2739;0,250000000000000000000
242;3142;0,250000000000000000000
246;8348;1,000000000000000000000
247;237;1,000000000000000000000
248;2716;1,000000000000000000000
249;96;0,200000000000000000000
249;615;0,200000000000000000000
249;3045;0,200000000000000000000
249;3857;0,200000000000000000000
249;245879;0,200000000000000000000
256;54;0,750000000000000000000
256;208;0,250000000000000000000
261;183;0,111111111111111111111
261;237;0,111111111111111111111
261;1364;0,444444444444444444444
261;3219;0,111111111111111111111
261;4881;0,222222222222222222222
266;527;0,285714285714285714285
266;2596;0,142857142857142857142
266;3944;0,142857142857142857142
266;5603;0,142857142857142857142
266;22123;0,142857142857142857142
266;442813;0,142857142857142857142
267;251;0,142857142857142857142
267;861;0,285714285714285714285
267;2139;0,142857142857142857142
267;2515;0,142857142857142857142
267;4613;0,285714285714285714285
273;4500;1,000000000000000000000
276;71;0,111111111111111111111
276;135;0,111111111111111111111
276;194;0,111111111111111111111
276;352;0,111111111111111111111
276;695;0,333333333333333333333
276;1942;0,111111111111111111111
276;4530;0,111111111111111111111
279;2706;0,500000000000000000000
279;3045;0,250000000000000000000
279;4613;0,250000000000000000000
282;282773;1,000000000000000000000
283;11;0,333333333333333333333
283;2714;0,666666666666666666666
284;285;1,000000000000000000000
287;826;0,400000000000000000000
287;2073;0,600000000000000000000
288;246;0,052631578947368421052
288;271;0,052631578947368421052
288;294;0,052631578947368421052
288;1293;0,105263157894736842105
288;1497;0,052631578947368421052
288;1824;0,052631578947368421052
288;3731;0,052631578947368421052
288;4750;0,157894736842105263157
288;8635;0,052631578947368421052
288;10860;0,052631578947368421052
288;11014;0,052631578947368421052
288;12385;0,052631578947368421052
288;17677;0,052631578947368421052
288;23562;0,052631578947368421052
288;23563;0,105263157894736842105
289;266;0,333333333333333333333
289;934;0,333333333333333333333
289;1690;0,333333333333333333333
290;246;0,045454545454545454545
290;288;0,045454545454545454545
290;545;0,045454545454545454545
290;1030;0,045454545454545454545
290;1497;0,045454545454545454545
290;1824;0,045454545454545454545
290;2337;0,045454545454545454545
290;2343;0,045454545454545454545
290;2371;0,045454545454545454545
290;2678;0,045454545454545454545
290;3978;0,045454545454545454545
290;4657;0,045454545454545454545
290;4728;0,090909090909090909090
290;4794;0,045454545454545454545
290;5915;0,045454545454545454545
290;8348;0,045454545454545454545
290;9376;0,045454545454545454545
290;12385;0,045454545454545454545
290;17677;0,045454545454545454545
290;17773;0,045454545454545454545
290;27527;0,045454545454545454545
291;28156;0,250000000000000000000
291;48826;0,250000000000000000000
291;113392;0,500000000000000000000
292;274;0,200000000000000000000
292;846;0,600000000000000000000
292;3450;0,200000000000000000000
296;148;1,000000000000000000000
299;7183;1,000000000000000000000
306;4576;0,500000000000000000000
306;5329;0,250000000000000000000
306;7389;0,250000000000000000000
307;408414;1,000000000000000000000
309;1948;1,000000000000000000000
310;8539;1,000000000000000000000
313;8491;0,500000000000000000000
313;8957;0,500000000000000000000
317;318;1,000000000000000000000
318;317;0,500000000000000000000
318;2445;0,500000000000000000000
320;2792;1,000000000000000000000
324;219;1,000000000000000000000
334;729;1,000000000000000000000
337;410;1,000000000000000000000
346;930;0,500000000000000000000
346;3449;0,500000000000000000000
354;352;0,285714285714285714285
354;945;0,142857142857142857142
354;1278;0,142857142857142857142
354;21490;0,285714285714285714285
354;98841;0,142857142857142857142
373;3142;1,000000000000000000000
380;2318;0,500000000000000000000
380;4719;0,500000000000000000000
388;1447;1,000000000000000000000
389;28337;1,000000000000000000000
391;411;0,500000000000000000000
391;6151;0,500000000000000000000
393;1596;1,000000000000000000000
400;9340;1,000000000000000000000
405;2694;1,000000000000000000000
410;337;0,500000000000000000000
410;704;0,500000000000000000000
411;412;0,125000000000000000000
411;1729;0,125000000000000000000
411;3214;0,125000000000000000000
411;7341;0,125000000000000000000
411;9380;0,125000000000000000000
411;12563;0,375000000000000000000
414;2877;1,000000000000000000000
418;3477;1,000000000000000000000
420;39;0,019230769230769230769
420;42;0,038461538461538461538
420;1988;0,096153846153846153846
420;4881;0,134615384615384615384
420;5016;0,019230769230769230769
420;6960;0,634615384615384615384
420;385198;0,019230769230769230769
420;494193;0,038461538461538461538
427;628;0,500000000000000000000
427;4461;0,500000000000000000000
428;738;0,500000000000000000000
428;1092;0,500000000000000000000
441;423;0,050000000000000000000
441;2364;0,050000000000000000000
441;3394;0,150000000000000000000
441;4344;0,200000000000000000000
441;5077;0,200000000000000000000
441;7135;0,100000000000000000000
441;12591;0,050000000000000000000
441;116140;0,150000000000000000000
441;559679;0,050000000000000000000
443;29085;1,000000000000000000000
453;1498;0,200000000000000000000
453;4299;0,200000000000000000000
453;4677;0,200000000000000000000
453;13498;0,400000000000000000000
460;3980;1,000000000000000000000
464;1085;0,500000000000000000000
464;2375;0,500000000000000000000
466;1122;0,500000000000000000000
466;1744;0,250000000000000000000
466;2271;0,250000000000000000000
469;4772;1,000000000000000000000
472;96;0,333333333333333333333
472;3503;0,333333333333333333333
472;349041;0,333333333333333333333
474;2832;1,000000000000000000000
478;612735;1,000000000000000000000
479;5013;0,500000000000000000000
479;8473;0,500000000000000000000
485;551;0,500000000000000000000
485;1344;0,500000000000000000000
496;466;0,074074074074074074074
496;497;0,037037037037037037037
496;1101;0,037037037037037037037
496;2037;0,074074074074074074074
496;2271;0,037037037037037037037
496;2272;0,037037037037037037037
496;2359;0,074074074074074074074
496;3296;0,074074074074074074074
496;3591;0,074074074074074074074
496;7762;0,074074074074074074074
496;9402;0,074074074074074074074
496;9403;0,037037037037037037037
496;9413;0,074074074074074074074
496;9432;0,074074074074074074074
496;10946;0,037037037037037037037
496;13372;0,037037037037037037037
496;355594;0,037037037037037037037
496;533247;0,037037037037037037037
497;496;0,200000000000000000000
497;1101;0,200000000000000000000
497;1121;0,200000000000000000000
497;1667;0,400000000000000000000
498;3197;0,500000000000000000000
498;3763;0,500000000000000000000
502;80;0,054054054054054054054
502;219;0,027027027027027027027
502;668;0,027027027027027027027
502;876;0,081081081081081081081
502;945;0,027027027027027027027
502;1131;0,054054054054054054054
502;1248;0,054054054054054054054
502;1894;0,027027027027027027027
502;2517;0,027027027027027027027
502;3443;0,081081081081081081081
502;3465;0,027027027027027027027
502;3515;0,081081081081081081081
502;3625;0,351351351351351351351
502;3671;0,027027027027027027027
502;321395;0,054054054054054054054
504;8223;1,000000000000000000000
512;2385;0,333333333333333333333
512;533247;0,666666666666666666666
517;1117;0,333333333333333333333
517;3395;0,666666666666666666666
519;409;0,500000000000000000000
519;17269;0,500000000000000000000
520;240;0,125000000000000000000
520;859;0,125000000000000000000
520;995;0,125000000000000000000
520;4379;0,125000000000000000000
520;4991;0,250000000000000000000
520;5935;0,125000000000000000000
520;408414;0,125000000000000000000
521;528;0,083333333333333333333
521;1150;0,083333333333333333333
521;1866;0,083333333333333333333
521;3680;0,083333333333333333333
521;3800;0,166666666666666666666
521;4237;0,083333333333333333333
521;6320;0,166666666666666666666
521;8156;0,083333333333333333333
521;9390;0,083333333333333333333
521;9399;0,083333333333333333333
523;1293;1,000000000000000000000
524;1066;0,333333333333333333333
524;1234;0,333333333333333333333
524;533247;0,333333333333333333333
526;2147;0,500000000000000000000
526;533247;0,500000000000000000000
527;135;0,300000000000000000000
527;2445;0,200000000000000000000
527;3811;0,200000000000000000000
527;4307;0,100000000000000000000
527;4345;0,100000000000000000000
527;22123;0,100000000000000000000
529;990;0,333333333333333333333
529;1724;0,333333333333333333333
529;3235;0,333333333333333333333
538;108;0,142857142857142857142
538;349;0,142857142857142857142
538;351;0,142857142857142857142
538;1894;0,071428571428571428571
538;3223;0,142857142857142857142
538;4278;0,071428571428571428571
538;10602;0,142857142857142857142
538;119973;0,142857142857142857142
543;1307;0,333333333333333333333
543;2851;0,333333333333333333333
543;4435;0,333333333333333333333
545;2678;0,666666666666666666666
545;5915;0,333333333333333333333
547;761;0,750000000000000000000
547;4935;0,250000000000000000000
550;132;0,142857142857142857142
550;596;0,071428571428571428571
550;658;0,285714285714285714285
550;1462;0,071428571428571428571
550;3433;0,285714285714285714285
550;3694;0,142857142857142857142
551;3694;0,666666666666666666666
551;13476;0,333333333333333333333
571;1597;1,000000000000000000000
573;1293;1,000000000000000000000
576;9622;0,666666666666666666666
576;12572;0,333333333333333333333
585;3877;0,250000000000000000000
585;4885;0,750000000000000000000
588;26786;1,000000000000000000000
605;5329;1,000000000000000000000
608;1434;1,000000000000000000000
611;533247;1,000000000000000000000
613;527;0,142857142857142857142
613;1182;0,142857142857142857142
613;3256;0,142857142857142857142
613;3877;0,142857142857142857142
613;4307;0,428571428571428571428
615;96;0,400000000000000000000
615;249;0,100000000000000000000
615;251;0,100000000000000000000
615;1898;0,100000000000000000000
615;8051;0,100000000000000000000
615;28405;0,100000000000000000000
615;355336;0,100000000000000000000
621;1286;1,000000000000000000000
622;2147;0,166666666666666666666
622;3680;0,166666666666666666666
622;5437;0,500000000000000000000
622;18641;0,166666666666666666666
625;626;0,250000000000000000000
625;1033;0,500000000000000000000
625;6203;0,250000000000000000000
626;122;0,500000000000000000000
626;625;0,500000000000000000000
628;54;0,071428571428571428571
628;71;0,285714285714285714285
628;194;0,214285714285714285714
628;276;0,071428571428571428571
628;427;0,071428571428571428571
628;695;0,071428571428571428571
628;3098;0,071428571428571428571
628;349041;0,142857142857142857142
645;7597;1,000000000000000000000
648;435;1,000000000000000000000
652;579;0,166666666666666666666
652;3164;0,166666666666666666666
652;4102;0,166666666666666666666
652;5172;0,166666666666666666666
652;7920;0,166666666666666666666
652;17727;0,166666666666666666666
657;1344;0,500000000000000000000
657;2179;0,250000000000000000000
657;3122;0,250000000000000000000
662;3523;0,166666666666666666666
662;78108;0,833333333333333333333
667;668;0,750000000000000000000
667;157749;0,250000000000000000000
668;80;0,052631578947368421052
668;219;0,052631578947368421052
668;667;0,105263157894736842105
668;876;0,157894736842105263157
668;1116;0,052631578947368421052
668;3443;0,105263157894736842105
668;3625;0,157894736842105263157
668;13482;0,210526315789473684210
668;507180;0,105263157894736842105
669;1225;0,142857142857142857142
669;2223;0,142857142857142857142
669;6447;0,142857142857142857142
669;8623;0,142857142857142857142
669;9398;0,142857142857142857142
669;48862;0,285714285714285714285
671;1894;1,000000000000000000000
678;1448;1,000000000000000000000
689;845;0,142857142857142857142
689;846;0,142857142857142857142
689;1065;0,142857142857142857142
689;1250;0,285714285714285714285
689;2834;0,142857142857142857142
689;3683;0,142857142857142857142
694;695;0,200000000000000000000
694;2993;0,200000000000000000000
694;12563;0,200000000000000000000
694;95084;0,200000000000000000000
694;119973;0,200000000000000000000
695;71;0,166666666666666666666
695;100;0,083333333333333333333
695;276;0,166666666666666666666
695;628;0,083333333333333333333
695;1754;0,083333333333333333333
695;3523;0,083333333333333333333
695;3607;0,083333333333333333333
695;4512;0,083333333333333333333
695;9693;0,083333333333333333333
695;906176;0,083333333333333333333
700;453859;1,000000000000000000000
731;282;0,076923076923076923076
731;1637;0,384615384615384615384
731;4039;0,076923076923076923076
731;15471;0,153846153846153846153
731;26566;0,076923076923076923076
731;30063;0,076923076923076923076
731;173893;0,076923076923076923076
731;282773;0,076923076923076923076
740;5960;0,166666666666666666666
740;9898;0,333333333333333333333
740;13502;0,166666666666666666666
740;23228;0,166666666666666666666
740;714174;0,166666666666666666666
747;99942;0,250000000000000000000
747;403195;0,750000000000000000000
748;213;0,200000000000000000000
748;1754;0,200000000000000000000
748;71411;0,600000000000000000000
749;853;0,250000000000000000000
749;1939;0,500000000000000000000
749;5638;0,250000000000000000000
750;6812;1,000000000000000000000
752;1671;0,333333333333333333333
752;2607;0,333333333333333333333
752;7793;0,333333333333333333333
758;3563;0,666666666666666666666
758;5232;0,333333333333333333333
761;547;0,500000000000000000000
761;6048;0,250000000000000000000
761;248838;0,250000000000000000000
768;822;1,000000000000000000000
771;1481;1,000000000000000000000
777;163;0,500000000000000000000
777;1220;0,500000000000000000000
787;1310;0,250000000000000000000
787;4592;0,250000000000000000000
787;5174;0,250000000000000000000
787;281170;0,250000000000000000000
802;41776;1,000000000000000000000
805;19176;1,000000000000000000000
815;6234;0,500000000000000000000
815;7759;0,500000000000000000000
817;351;0,166666666666666666666
817;918;0,666666666666666666666
817;54879;0,166666666666666666666
819;111;0,400000000000000000000
819;1391;0,600000000000000000000
822;172;0,111111111111111111111
822;4299;0,222222222222222222222
822;4435;0,222222222222222222222
822;4475;0,222222222222222222222
822;9686;0,222222222222222222222
827;1276;1,000000000000000000000
829;3395;1,000000000000000000000
835;3141;0,250000000000000000000
835;3996;0,250000000000000000000
835;5136;0,250000000000000000000
835;140271;0,250000000000000000000
839;453;0,166666666666666666666
839;1498;0,166666666666666666666
839;1717;0,166666666666666666666
839;4431;0,166666666666666666666
839;4432;0,333333333333333333333
845;420;0,052631578947368421052
845;846;0,210526315789473684210
845;1041;0,052631578947368421052
845;1263;0,105263157894736842105
845;1724;0,052631578947368421052
845;3393;0,315789473684210526315
845;131383;0,052631578947368421052
845;192866;0,157894736842105263157
846;689;0,047619047619047619047
846;845;0,095238095238095238095
846;965;0,047619047619047619047
846;1065;0,047619047619047619047
846;1437;0,142857142857142857142
846;2435;0,047619047619047619047
846;2834;0,095238095238095238095
846;3683;0,142857142857142857142
846;59841;0,095238095238095238095
846;163510;0,047619047619047619047
846;192866;0,142857142857142857142
846;533247;0,047619047619047619047
851;2657;1,000000000000000000000
853;749;0,250000000000000000000
853;1225;0,250000000000000000000
853;3250;0,250000000000000000000
853;5245;0,250000000000000000000
854;295;0,111111111111111111111
854;853;0,111111111111111111111
854;2659;0,111111111111111111111
854;4751;0,111111111111111111111
854;12964;0,222222222222222222222
854;28528;0,333333333333333333333
855;1855;1,000000000000000000000
861;267;0,571428571428571428571
861;2139;0,142857142857142857142
861;3045;0,142857142857142857142
861;12907;0,142857142857142857142
864;216;1,000000000000000000000
865;95084;0,200000000000000000000
865;851827;0,800000000000000000000
866;977;0,500000000000000000000
866;3798;0,500000000000000000000
869;391;0,142857142857142857142
869;1135;0,142857142857142857142
869;1894;0,142857142857142857142
869;2517;0,142857142857142857142
869;3465;0,142857142857142857142
869;8223;0,285714285714285714285
870;1454;0,500000000000000000000
870;3315;0,500000000000000000000
873;11680;1,000000000000000000000
877;878;0,333333333333333333333
877;1044;0,333333333333333333333
877;5367;0,333333333333333333333
887;533247;1,000000000000000000000
890;1231;0,166666666666666666666
890;93146;0,666666666666666666666
890;140271;0,166666666666666666666
898;2467;1,000000000000000000000
899;490;1,000000000000000000000
904;407;0,250000000000000000000
904;846;0,250000000000000000000
904;945;0,250000000000000000000
904;1762;0,250000000000000000000
911;1234;0,500000000000000000000
911;4262;0,500000000000000000000
918;349;0,083333333333333333333
918;817;0,416666666666666666666
918;2592;0,083333333333333333333
918;4803;0,083333333333333333333
918;8109;0,083333333333333333333
918;17269;0,083333333333333333333
918;28184;0,083333333333333333333
918;54879;0,083333333333333333333
930;346;0,500000000000000000000
930;9340;0,500000000000000000000
933;642255;1,000000000000000000000
937;163;1,000000000000000000000
938;512;1,000000000000000000000
941;4787;1,000000000000000000000
943;1065;0,666666666666666666666
943;3683;0,333333333333333333333
945;502;0,666666666666666666666
945;14010;0,333333333333333333333
960;911;0,076923076923076923076
960;1401;0,038461538461538461538
960;1744;0,038461538461538461538
960;2150;0,038461538461538461538
960;2280;0,038461538461538461538
960;2644;0,038461538461538461538
960;3142;0,076923076923076923076
960;3414;0,038461538461538461538
960;4240;0,038461538461538461538
960;4262;0,038461538461538461538
960;4281;0,038461538461538461538
960;4491;0,038461538461538461538
960;4715;0,076923076923076923076
960;5530;0,038461538461538461538
960;6581;0,038461538461538461538
960;7221;0,038461538461538461538
960;7301;0,038461538461538461538
960;8500;0,038461538461538461538
960;8723;0,038461538461538461538
960;9184;0,038461538461538461538
960;9389;0,038461538461538461538
960;9409;0,076923076923076923076
965;846;0,600000000000000000000
965;2147;0,400000000000000000000
970;866;0,166666666666666666666
970;1286;0,166666666666666666666
970;2385;0,166666666666666666666
970;533247;0,166666666666666666666
970;587053;0,333333333333333333333
972;2464;0,333333333333333333333
972;3610;0,333333333333333333333
972;6543;0,333333333333333333333
977;466;0,142857142857142857142
977;1866;0,285714285714285714285
977;2213;0,142857142857142857142
977;4364;0,142857142857142857142
977;9387;0,142857142857142857142
977;9415;0,142857142857142857142
978;464;0,200000000000000000000
978;3610;0,100000000000000000000
978;4179;0,200000000000000000000
978;5449;0,200000000000000000000
978;9296;0,100000000000000000000
978;12936;0,200000000000000000000
980;96;0,142857142857142857142
980;307;0,071428571428571428571
980;1235;0,214285714285714285714
980;1277;0,214285714285714285714
980;1591;0,071428571428571428571
980;2684;0,285714285714285714285
982;1041;0,500000000000000000000
982;1042;0,250000000000000000000
982;1724;0,250000000000000000000
983;1364;0,666666666666666666666
983;374246;0,333333333333333333333
993;444;1,000000000000000000000
995;39;0,040000000000000000000
995;54;0,160000000000000000000
995;222;0,040000000000000000000
995;285;0,040000000000000000000
995;520;0,040000000000000000000
995;695;0,080000000000000000000
995;1673;0,040000000000000000000
995;1949;0,080000000000000000000
995;3728;0,040000000000000000000
995;4059;0,040000000000000000000
995;4374;0,160000000000000000000
995;5657;0,040000000000000000000
995;8361;0,080000000000000000000
995;71411;0,040000000000000000000
995;75828;0,080000000000000000000
1004;9720;1,000000000000000000000
1010;1018;0,800000000000000000000
1010;2001;0,200000000000000000000
1014;232;0,500000000000000000000
1014;1064;0,500000000000000000000
1018;290;0,250000000000000000000
1018;1010;0,250000000000000000000
1018;1293;0,250000000000000000000
1018;24076;0,250000000000000000000
1022;140271;1,000000000000000000000
1033;625;0,052631578947368421052
1033;722;0,842105263157894736842
1033;2375;0,052631578947368421052
1033;3528;0,052631578947368421052
1034;972;0,250000000000000000000
1034;1981;0,250000000000000000000
1034;2464;0,250000000000000000000
1034;5373;0,250000000000000000000
1041;131;0,047619047619047619047
1041;845;0,142857142857142857142
1041;982;0,285714285714285714285
1041;1263;0,095238095238095238095
1041;2287;0,047619047619047619047
1041;9065;0,047619047619047619047
1041;25230;0,047619047619047619047
1041;373677;0,047619047619047619047
1041;767166;0,238095238095238095238
1042;240;0,100000000000000000000
1042;277;0,200000000000000000000
1042;982;0,300000000000000000000
1042;2275;0,200000000000000000000
1042;2425;0,100000000000000000000
1042;8820;0,100000000000000000000
1044;525330;1,000000000000000000000
1046;666007;1,000000000000000000000
1048;85;1,000000000000000000000
1064;174;0,285714285714285714285
1064;1563;0,142857142857142857142
1064;1697;0,142857142857142857142
1064;1705;0,142857142857142857142
1064;3427;0,142857142857142857142
1064;18517;0,142857142857142857142
1066;2147;0,400000000000000000000
1066;533247;0,600000000000000000000
1069;411;0,333333333333333333333
1069;2961;0,333333333333333333333
1069;4592;0,333333333333333333333
1073;770;0,333333333333333333333
1073;1315;0,111111111111111111111
1073;8109;0,222222222222222222222
1073;8165;0,333333333333333333333
1082;38;0,222222222222222222222
1082;189;0,111111111111111111111
1082;609;0,111111111111111111111
1082;1083;0,111111111111111111111
1082;1581;0,111111111111111111111
1082;2433;0,111111111111111111111
1082;4372;0,111111111111111111111
1082;13899;0,111111111111111111111
1083;609;0,666666666666666666666
1083;1082;0,333333333333333333333
1085;464;1,000000000000000000000
1094;299;0,142857142857142857142
1094;1164;0,285714285714285714285
1094;7183;0,142857142857142857142
1094;10338;0,142857142857142857142
1094;25264;0,142857142857142857142
1094;38738;0,142857142857142857142
1100;9367;0,500000000000000000000
1100;14124;0,500000000000000000000
1101;373;0,076923076923076923076
1101;496;0,076923076923076923076
1101;497;0,076923076923076923076
1101;2037;0,153846153846153846153
1101;3296;0,153846153846153846153
1101;3591;0,076923076923076923076
1101;4500;0,076923076923076923076
1101;5219;0,076923076923076923076
1101;9418;0,076923076923076923076
1101;9432;0,076923076923076923076
1101;10946;0,076923076923076923076
1109;1121;0,333333333333333333333
1109;8500;0,333333333333333333333
1109;533247;0,333333333333333333333
1117;2277;0,285714285714285714285
1117;2972;0,571428571428571428571
1117;8253;0,142857142857142857142
1118;276;0,500000000000000000000
1118;98841;0,500000000000000000000
1121;285;0,400000000000000000000
1121;497;0,200000000000000000000
1121;975;0,100000000000000000000
1121;5367;0,300000000000000000000
1127;414;1,000000000000000000000
1131;321395;1,000000000000000000000
1135;17269;0,333333333333333333333
1135;98841;0,666666666666666666666
1140;17269;1,000000000000000000000
1141;237;0,333333333333333333333
1141;3633;0,333333333333333333333
1141;5628;0,333333333333333333333
1149;3992;1,000000000000000000000
1152;835;1,000000000000000000000
1153;5158;1,000000000000000000000
1154;85;0,100000000000000000000
1154;222;0,100000000000000000000
1154;972;0,100000000000000000000
1154;2302;0,200000000000000000000
1154;4098;0,100000000000000000000
1154;5383;0,400000000000000000000
1160;749;1,000000000000000000000
1164;10763;1,000000000000000000000
1169;71;0,057142857142857142857
1169;100;0,057142857142857142857
1169;138;0,057142857142857142857
1169;276;0,057142857142857142857
1169;695;0,057142857142857142857
1169;1942;0,057142857142857142857
1169;1943;0,057142857142857142857
1169;1944;0,057142857142857142857
1169;1945;0,057142857142857142857
1169;1946;0,057142857142857142857
1169;3523;0,057142857142857142857
1169;4512;0,057142857142857142857
1169;13537;0,057142857142857142857
1169;41776;0,057142857142857142857
1169;59745;0,085714285714285714285
1169;98841;0,057142857142857142857
1169;131383;0,057142857142857142857
1173;156500;1,000000000000000000000
1196;98841;1,000000000000000000000
1198;14652;1,000000000000000000000
1205;40;0,034482758620689655172
1205;747;0,034482758620689655172
1205;1154;0,034482758620689655172
1205;1464;0,034482758620689655172
1205;1637;0,034482758620689655172
1205;1831;0,034482758620689655172
1205;1981;0,034482758620689655172
1205;2712;0,034482758620689655172
1205;3235;0,034482758620689655172
1205;4621;0,034482758620689655172
1205;5523;0,482758620689655172413
1205;5824;0,034482758620689655172
1205;75828;0,068965517241379310344
1205;81648;0,034482758620689655172
1205;99942;0,034482758620689655172
1206;3656;0,500000000000000000000
1206;6250;0,500000000000000000000
1210;2704;1,000000000000000000000
1220;1771;0,071428571428571428571
1220;2275;0,071428571428571428571
1220;2419;0,071428571428571428571
1220;6068;0,071428571428571428571
1220;6641;0,071428571428571428571
1220;9069;0,071428571428571428571
1220;10592;0,142857142857142857142
1220;13179;0,071428571428571428571
1220;13850;0,142857142857142857142
1220;16497;0,071428571428571428571
1220;27062;0,071428571428571428571
1220;387438;0,071428571428571428571
1225;54;0,428571428571428571428
1225;2991;0,142857142857142857142
1225;3619;0,142857142857142857142
1225;4020;0,285714285714285714285
1231;890;0,142857142857142857142
1231;3141;0,142857142857142857142
1231;3145;0,571428571428571428571
1231;6511;0,142857142857142857142
1234;71;0,142857142857142857142
1234;135;0,285714285714285714285
1234;524;0,142857142857142857142
1234;911;0,142857142857142857142
1234;1277;0,142857142857142857142
1234;8623;0,142857142857142857142
1235;845;0,047619047619047619047
1235;980;0,142857142857142857142
1235;1234;0,047619047619047619047
1235;1236;0,142857142857142857142
1235;1237;0,047619047619047619047
1235;1277;0,095238095238095238095
1235;1931;0,047619047619047619047
1235;2684;0,047619047619047619047
1235;3393;0,238095238095238095238
1235;10188;0,047619047619047619047
1235;21154;0,047619047619047619047
1235;602536;0,047619047619047619047
1236;980;0,055555555555555555555
1236;1234;0,055555555555555555555
1236;1235;0,333333333333333333333
1236;1237;0,055555555555555555555
1236;1277;0,055555555555555555555
1236;1931;0,055555555555555555555
1236;2052;0,166666666666666666666
1236;2684;0,055555555555555555555
1236;10188;0,055555555555555555555
1236;21154;0,055555555555555555555
1236;602536;0,055555555555555555555
1250;689;0,666666666666666666666
1250;1121;0,111111111111111111111
1250;24239;0,111111111111111111111
1250;653116;0,111111111111111111111
1253;22123;1,000000000000000000000
1261;131;0,142857142857142857142
1261;275;0,142857142857142857142
1261;440;0,142857142857142857142
1261;1263;0,285714285714285714285
1261;4472;0,142857142857142857142
1261;4890;0,142857142857142857142
1276;1754;1,000000000000000000000
1277;980;0,055555555555555555555
1277;1234;0,166666666666666666666
1277;1235;0,111111111111111111111
1277;1236;0,055555555555555555555
1277;1237;0,055555555555555555555
1277;1931;0,055555555555555555555
1277;2684;0,055555555555555555555
1277;3393;0,055555555555555555555
1277;3802;0,111111111111111111111
1277;10188;0,111111111111111111111
1277;21154;0,055555555555555555555
1277;602536;0,111111111111111111111
1278;2;0,058823529411764705882
1278;39;0,058823529411764705882
1278;113;0,058823529411764705882
1278;183;0,058823529411764705882
1278;520;0,058823529411764705882
1278;526;0,058823529411764705882
1278;528;0,058823529411764705882
1278;912;0,058823529411764705882
1278;1234;0,058823529411764705882
1278;1591;0,058823529411764705882
1278;1814;0,058823529411764705882
1278;1902;0,117647058823529411764
1278;1996;0,058823529411764705882
1278;3392;0,058823529411764705882
1278;5218;0,058823529411764705882
1278;5909;0,058823529411764705882
1282;7874;1,000000000000000000000
1286;127;0,166666666666666666666
1286;621;0,166666666666666666666
1286;970;0,333333333333333333333
1286;2434;0,166666666666666666666
1286;7941;0,166666666666666666666
1288;11014;1,000000000000000000000
1293;216;0,029411764705882352941
1293;523;0,029411764705882352941
1293;573;0,029411764705882352941
1293;1010;0,029411764705882352941
1293;1018;0,029411764705882352941
1293;2001;0,029411764705882352941
1293;2188;0,029411764705882352941
1293;2484;0,058823529411764705882
1293;3189;0,029411764705882352941
1293;3551;0,058823529411764705882
1293;3685;0,029411764705882352941
1293;3809;0,029411764705882352941
1293;4000;0,029411764705882352941
1293;4001;0,029411764705882352941
1293;4090;0,029411764705882352941
1293;4091;0,029411764705882352941
1293;4421;0,029411764705882352941
1293;4877;0,029411764705882352941
1293;5470;0,029411764705882352941
1293;5800;0,029411764705882352941
1293;6372;0,029411764705882352941
1293;6991;0,029411764705882352941
1293;7748;0,029411764705882352941
1293;8268;0,029411764705882352941
1293;10523;0,029411764705882352941
1293;13504;0,029411764705882352941
1293;14050;0,029411764705882352941
1293;17148;0,029411764705882352941
1293;18149;0,029411764705882352941
1293;18300;0,029411764705882352941
1293;20436;0,029411764705882352941
1293;21512;0,029411764705882352941
1319;132;1,000000000000000000000
1321;1455;0,333333333333333333333
1321;2196;0,333333333333333333333
1321;5753;0,333333333333333333333
1326;1337;0,500000000000000000000
1326;5367;0,500000000000000000000
1329;408414;1,000000000000000000000
1340;349;0,200000000000000000000
1340;2592;0,200000000000000000000
1340;2594;0,200000000000000000000
1340;434991;0,400000000000000000000
1342;8489;1,000000000000000000000
1344;657;0,250000000000000000000
1344;1348;0,500000000000000000000
1344;2817;0,250000000000000000000
1348;1344;0,666666666666666666666
1348;2318;0,333333333333333333333
1364;237;0,604651162790697674418
1364;261;0,116279069767441860465
1364;983;0,046511627906976744186
1364;1873;0,046511627906976744186
1364;3753;0,069767441860465116279
1364;3857;0,116279069767441860465
1370;452;0,500000000000000000000
1370;791903;0,500000000000000000000
1374;596;1,000000000000000000000
1379;4424;1,000000000000000000000
1406;176;0,045454545454545454545
1406;360;0,045454545454545454545
1406;885;0,045454545454545454545
1406;886;0,045454545454545454545
1406;1085;0,045454545454545454545
1406;1831;0,045454545454545454545
1406;1949;0,045454545454545454545
1406;2080;0,045454545454545454545
1406;2129;0,045454545454545454545
1406;3091;0,045454545454545454545
1406;3096;0,045454545454545454545
1406;3235;0,045454545454545454545
1406;3567;0,045454545454545454545
1406;3891;0,045454545454545454545
1406;7711;0,045454545454545454545
1406;13158;0,045454545454545454545
1406;22298;0,045454545454545454545
1406;37815;0,045454545454545454545
1406;38738;0,045454545454545454545
1406;42210;0,045454545454545454545
1406;76428;0,045454545454545454545
1406;440497;0,045454545454545454545
1419;8623;1,000000000000000000000
1432;17549;0,666666666666666666666
1432;17710;0,333333333333333333333
1434;608;1,000000000000000000000
1437;846;0,666666666666666666666
1437;192866;0,333333333333333333333
1439;3091;0,111111111111111111111
1439;4476;0,111111111111111111111
1439;7711;0,111111111111111111111
1439;15471;0,111111111111111111111
1439;22298;0,111111111111111111111
1439;42210;0,111111111111111111111
1439;76428;0,111111111111111111111
1439;173893;0,111111111111111111111
1439;440497;0,111111111111111111111
1440;748;0,333333333333333333333
1440;75827;0,333333333333333333333
1440;76428;0,333333333333333333333
1451;1613;1,000000000000000000000
1454;870;1,000000000000000000000
1455;1321;0,200000000000000000000
1455;267368;0,800000000000000000000
1457;3457;1,000000000000000000000
1462;54;0,027777777777777777777
1462;109;0,027777777777777777777
1462;322;0,027777777777777777777
1462;550;0,027777777777777777777
1462;596;0,027777777777777777777
1462;658;0,027777777777777777777
1462;914;0,027777777777777777777
1462;1463;0,027777777777777777777
1462;1487;0,027777777777777777777
1462;1663;0,027777777777777777777
1462;1867;0,027777777777777777777
1462;2007;0,027777777777777777777
1462;2184;0,027777777777777777777
1462;2206;0,027777777777777777777
1462;2310;0,027777777777777777777
1462;3135;0,027777777777777777777
1462;3372;0,027777777777777777777
1462;3433;0,027777777777777777777
1462;3694;0,027777777777777777777
1462;4172;0,027777777777777777777
1462;4744;0,027777777777777777777
1462;4940;0,027777777777777777777
1462;5657;0,027777777777777777777
1462;5789;0,027777777777777777777
1462;5790;0,027777777777777777777
1462;6567;0,027777777777777777777
1462;7694;0,027777777777777777777
1462;7983;0,027777777777777777777
1462;9138;0,027777777777777777777
1462;14733;0,027777777777777777777
1462;15895;0,027777777777777777777
1462;20853;0,027777777777777777777
1462;28411;0,027777777777777777777
1462;28445;0,027777777777777777777
1462;28597;0,027777777777777777777
1462;28600;0,027777777777777777777
1471;1637;1,000000000000000000000
1473;3523;0,400000000000000000000
1473;98841;0,400000000000000000000
1473;533247;0,200000000000000000000
1476;104;1,000000000000000000000
1487;550;0,333333333333333333333
1487;909;0,166666666666666666666
1487;1462;0,333333333333333333333
1487;3433;0,166666666666666666666
1489;1066;0,066666666666666666666
1489;1544;0,066666666666666666666
1489;2803;0,066666666666666666666
1489;3427;0,066666666666666666666
1489;3575;0,066666666666666666666
1489;4313;0,066666666666666666666
1489;6354;0,133333333333333333333
1489;7111;0,066666666666666666666
1489;14010;0,066666666666666666666
1489;59745;0,066666666666666666666
1489;67709;0,066666666666666666666
1489;113392;0,066666666666666666666
1489;157662;0,066666666666666666666
1489;666007;0,066666666666666666666
1497;288;0,500000000000000000000
1497;2678;0,500000000000000000000
1498;104;0,333333333333333333333
1498;172;0,400000000000000000000
1498;839;0,066666666666666666666
1498;4453;0,066666666666666666666
1498;4472;0,066666666666666666666
1498;98841;0,066666666666666666666
1500;928;1,000000000000000000000
1508;533247;1,000000000000000000000
1510;35;0,166666666666666666666
1510;1629;0,166666666666666666666
1510;3169;0,166666666666666666666
1510;8441;0,166666666666666666666
1510;10926;0,166666666666666666666
1510;28397;0,166666666666666666666
1515;1520;1,000000000000000000000
1516;3656;0,500000000000000000000
1516;15975;0,500000000000000000000
1521;17207;1,000000000000000000000
1533;5006;1,000000000000000000000
1544;943;0,333333333333333333333
1544;1065;0,333333333333333333333
1544;2435;0,333333333333333333333
1552;408414;1,000000000000000000000
1554;1845;1,000000000000000000000
1556;66;0,166666666666666666666
1556;334;0,333333333333333333333
1556;2512;0,166666666666666666666
1556;3827;0,333333333333333333333
1562;812;0,250000000000000000000
1562;1700;0,250000000000000000000
1562;1906;0,500000000000000000000
1564;1567;1,000000000000000000000
1565;1688;1,000000000000000000000
1567;1887;0,500000000000000000000
1567;931417;0,500000000000000000000
1581;1082;1,000000000000000000000
1589;666007;1,000000000000000000000
1596;452;0,250000000000000000000
1596;5089;0,250000000000000000000
1596;5440;0,250000000000000000000
1596;11527;0,250000000000000000000
1598;4472;1,000000000000000000000
1606;3465;0,500000000000000000000
1606;5175;0,500000000000000000000
1608;1563;0,250000000000000000000
1608;4245;0,250000000000000000000
1608;6940;0,250000000000000000000
1608;752863;0,250000000000000000000
1610;812;1,000000000000000000000
1613;1451;1,000000000000000000000
1616;984;1,000000000000000000000
1625;533247;1,000000000000000000000
1629;1763;1,000000000000000000000
1632;4386;1,000000000000000000000
1637;635;0,200000000000000000000
1637;731;0,200000000000000000000
1637;1471;0,200000000000000000000
1637;2712;0,100000000000000000000
1637;3214;0,200000000000000000000
1637;336640;0,100000000000000000000
1639;2847;1,000000000000000000000
1644;407;1,000000000000000000000
1657;1022;0,142857142857142857142
1657;3852;0,142857142857142857142
1657;4159;0,142857142857142857142
1657;6501;0,142857142857142857142
1657;6502;0,142857142857142857142
1657;6504;0,142857142857142857142
1657;960642;0,142857142857142857142
1662;1639;1,000000000000000000000
1667;497;0,333333333333333333333
1667;1101;0,166666666666666666666
1667;2740;0,166666666666666666666
1667;5219;0,333333333333333333333
1678;861;0,250000000000000000000
1678;3269;0,250000000000000000000
1678;5612;0,250000000000000000000
1678;7713;0,250000000000000000000
1681;2435;0,250000000000000000000
1681;2786;0,250000000000000000000
1681;9898;0,250000000000000000000
1681;114536;0,250000000000000000000
1685;752;1,000000000000000000000
1697;5753;1,000000000000000000000
1705;433;1,000000000000000000000
1706;2825;1,000000000000000000000
1710;1967;1,000000000000000000000
1744;466;0,200000000000000000000
1744;3116;0,400000000000000000000
1744;8723;0,200000000000000000000
1744;533247;0,200000000000000000000
1754;65;0,033333333333333333333
1754;71;0,033333333333333333333
1754;194;0,066666666666666666666
1754;472;0,033333333333333333333
1754;695;0,033333333333333333333
1754;748;0,033333333333333333333
1754;1276;0,033333333333333333333
1754;1286;0,033333333333333333333
1754;1708;0,033333333333333333333
1754;1713;0,033333333333333333333
1754;1762;0,033333333333333333333
1754;1939;0,033333333333333333333
1754;1940;0,033333333333333333333
1754;2433;0,033333333333333333333
1754;4613;0,066666666666666666666
1754;4991;0,133333333333333333333
1754;6721;0,166666666666666666666
1754;349041;0,066666666666666666666
1754;747808;0,066666666666666666666
1762;904;0,400000000000000000000
1762;1754;0,200000000000000000000
1762;2961;0,200000000000000000000
1762;2993;0,200000000000000000000
1763;2825;0,250000000000000000000
1763;3359;0,250000000000000000000
1763;5493;0,250000000000000000000
1763;5918;0,250000000000000000000
1764;519;0,333333333333333333333
1764;2005;0,333333333333333333333
1764;119973;0,333333333333333333333
1769;380;0,500000000000000000000
1769;2318;0,500000000000000000000
1771;1220;0,142857142857142857142
1771;3145;0,142857142857142857142
1771;7954;0,285714285714285714285
1771;387437;0,142857142857142857142
1771;387438;0,285714285714285714285
1778;5935;1,000000000000000000000
1779;5223;1,000000000000000000000
1814;2087;1,000000000000000000000
1815;135;1,000000000000000000000
1822;1894;0,500000000000000000000
1822;119973;0,500000000000000000000
1824;288;0,250000000000000000000
1824;2322;0,250000000000000000000
1824;2678;0,250000000000000000000
1824;8348;0,250000000000000000000
1840;306;0,333333333333333333333
1840;375;0,333333333333333333333
1840;4159;0,333333333333333333333
1853;2731;1,000000000000000000000
1854;19402;1,000000000000000000000
1864;115;0,045454545454545454545
1864;477;0,045454545454545454545
1864;490;0,045454545454545454545
1864;652;0,045454545454545454545
1864;885;0,045454545454545454545
1864;1120;0,045454545454545454545
1864;1210;0,045454545454545454545
1864;1843;0,045454545454545454545
1864;2198;0,045454545454545454545
1864;2884;0,045454545454545454545
1864;3235;0,022727272727272727272
1864;3481;0,022727272727272727272
1864;3532;0,045454545454545454545
1864;3567;0,045454545454545454545
1864;3815;0,045454545454545454545
1864;3891;0,045454545454545454545
1864;5083;0,022727272727272727272
1864;5521;0,045454545454545454545
1864;6406;0,022727272727272727272
1864;9360;0,045454545454545454545
1864;13178;0,045454545454545454545
1864;13907;0,045454545454545454545
1864;50332;0,045454545454545454545
1864;50959;0,045454545454545454545
1866;977;1,000000000000000000000
1873;1364;1,000000000000000000000
1877;2778;1,000000000000000000000
1883;1608;1,000000000000000000000
1887;1567;1,000000000000000000000
1889;3429;0,500000000000000000000
1889;7160;0,500000000000000000000
1891;54;1,000000000000000000000
1894;671;0,500000000000000000000
1894;1771;0,500000000000000000000
1897;528;0,250000000000000000000
1897;571;0,250000000000000000000
1897;3401;0,250000000000000000000
1897;5493;0,250000000000000000000
1898;615;0,333333333333333333333
1898;1342;0,333333333333333333333
1898;4747;0,333333333333333333333
1902;1278;1,000000000000000000000
1912;13074;1,000000000000000000000
1913;8873;0,250000000000000000000
1913;284852;0,250000000000000000000
1913;334473;0,250000000000000000000
1913;366869;0,250000000000000000000
1917;472;0,428571428571428571428
1917;3503;0,571428571428571428571
1940;127;0,125000000000000000000
1940;1563;0,250000000000000000000
1940;1708;0,125000000000000000000
1940;349041;0,375000000000000000000
1940;453859;0,125000000000000000000
1942;41776;1,000000000000000000000
1945;360;1,000000000000000000000
1946;2277;0,333333333333333333333
1946;6433;0,333333333333333333333
1946;7941;0,333333333333333333333
1948;57;0,333333333333333333333
1948;89;0,333333333333333333333
1948;309;0,333333333333333333333
1949;71;0,166666666666666666666
1949;652;0,166666666666666666666
1949;1053;0,166666666666666666666
1949;4933;0,500000000000000000000
1951;9468;1,000000000000000000000
1967;602;0,076923076923076923076
1967;1710;0,076923076923076923076
1967;3103;0,076923076923076923076
1967;3189;0,153846153846153846153
1967;4020;0,153846153846153846153
1967;6723;0,384615384615384615384
1967;75230;0,076923076923076923076
1985;3774;1,000000000000000000000
1988;96;0,025000000000000000000
1988;168;0,025000000000000000000
1988;237;0,025000000000000000000
1988;283;0,025000000000000000000
1988;420;0,100000000000000000000
1988;1262;0,025000000000000000000
1988;4825;0,025000000000000000000
1988;4881;0,750000000000000000000
1991;163;0,200000000000000000000
1991;5016;0,200000000000000000000
1991;12550;0,200000000000000000000
1991;37812;0,400000000000000000000
1997;273;0,333333333333333333333
1997;1596;0,333333333333333333333
1997;3877;0,333333333333333333333
2021;1754;0,500000000000000000000
2021;7111;0,500000000000000000000
2027;4755;1,000000000000000000000
2037;14;0,200000000000000000000
2037;496;0,400000000000000000000
2037;1101;0,400000000000000000000
2043;14;0,500000000000000000000
2043;22;0,500000000000000000000
2046;5219;1,000000000000000000000
2052;65;0,125000000000000000000
2052;135;0,250000000000000000000
2052;1236;0,250000000000000000000
2052;5167;0,125000000000000000000
2052;533247;0,250000000000000000000
2059;2492;0,500000000000000000000
2059;25849;0,500000000000000000000
2070;5632;1,000000000000000000000
2075;12442;1,000000000000000000000
2087;861;0,333333333333333333333
2087;3867;0,333333333333333333333
2087;10020;0,333333333333333333333
2105;163;0,333333333333333333333
2105;1054;0,333333333333333333333
2105;28381;0,333333333333333333333
2111;1591;0,333333333333333333333
2111;10188;0,333333333333333333333
2111;602536;0,333333333333333333333
2130;4821;0,500000000000000000000
2130;27416;0,500000000000000000000
2131;1867;1,000000000000000000000
2137;9982;1,000000000000000000000
2139;85;0,300000000000000000000
2139;96;0,100000000000000000000
2139;267;0,100000000000000000000
2139;861;0,100000000000000000000
2139;1154;0,100000000000000000000
2139;2293;0,200000000000000000000
2139;3045;0,100000000000000000000
2140;743909;1,000000000000000000000
2146;3085;0,333333333333333333333
2146;7759;0,333333333333333333333
2146;533247;0,333333333333333333333
2147;17323;1,000000000000000000000
2149;1122;0,333333333333333333333
2149;6320;0,333333333333333333333
2149;9399;0,333333333333333333333
2152;307;0,071428571428571428571
2152;378;0,071428571428571428571
2152;1240;0,071428571428571428571
2152;1325;0,071428571428571428571
2152;1327;0,071428571428571428571
2152;1328;0,071428571428571428571
2152;1329;0,071428571428571428571
2152;1331;0,071428571428571428571
2152;1335;0,071428571428571428571
2152;1337;0,071428571428571428571
2152;5831;0,071428571428571428571
2152;7278;0,071428571428571428571
2152;15437;0,071428571428571428571
2152;27808;0,071428571428571428571
2153;1971;1,000000000000000000000
2156;1549;1,000000000000000000000
2164;1111;1,000000000000000000000
2175;4145;0,250000000000000000000
2175;65998;0,500000000000000000000
2175;66075;0,166666666666666666666
2175;715172;0,083333333333333333333
2181;6472;1,000000000000000000000
2184;1462;1,000000000000000000000
2188;17148;1,000000000000000000000
2196;149;0,038461538461538461538
2196;289;0,038461538461538461538
2196;324;0,019230769230769230769
2196;791;0,038461538461538461538
2196;1173;0,019230769230769230769
2196;1282;0,019230769230769230769
2196;1321;0,038461538461538461538
2196;1453;0,019230769230769230769
2196;1455;0,038461538461538461538
2196;1566;0,038461538461538461538
2196;1629;0,038461538461538461538
2196;1685;0,038461538461538461538
2196;1686;0,038461538461538461538
2196;1689;0,038461538461538461538
2196;1690;0,038461538461538461538
2196;1692;0,057692307692307692307
2196;1694;0,038461538461538461538
2196;1699;0,038461538461538461538
2196;1763;0,038461538461538461538
2196;2254;0,038461538461538461538
2196;2506;0,019230769230769230769
2196;2976;0,038461538461538461538
2196;3971;0,038461538461538461538
2196;5478;0,038461538461538461538
2196;8957;0,019230769230769230769
2196;9955;0,038461538461538461538
2196;11229;0,038461538461538461538
2196;11231;0,038461538461538461538
2196;21750;0,019230769230769230769
2198;8909;1,000000000000000000000
2199;2851;0,333333333333333333333
2199;5613;0,333333333333333333333
2199;9476;0,333333333333333333333
2200;2694;0,600000000000000000000
2200;4627;0,200000000000000000000
2200;5089;0,200000000000000000000
2204;3188;1,000000000000000000000
2216;5082;1,000000000000000000000
2218;343087;0,500000000000000000000
2218;529797;0,500000000000000000000
2223;5441;1,000000000000000000000
2264;519;1,000000000000000000000
2269;237;0,500000000000000000000
2269;2847;0,500000000000000000000
2271;192;0,500000000000000000000
2271;466;0,500000000000000000000
2275;6918;0,166666666666666666666
2275;7478;0,166666666666666666666
2275;25205;0,166666666666666666666
2275;27478;0,166666666666666666666
2275;28194;0,166666666666666666666
2275;373677;0,166666666666666666666
2277;1117;0,500000000000000000000
2277;1946;0,250000000000000000000
2277;604246;0,250000000000000000000
2287;1042;0,090909090909090909090
2287;1468;0,090909090909090909090
2287;2275;0,090909090909090909090
2287;2421;0,090909090909090909090
2287;2422;0,363636363636363636363
2287;6765;0,090909090909090909090
2287;25230;0,090909090909090909090
2287;27067;0,090909090909090909090
2293;1141;0,200000000000000000000
2293;3219;0,300000000000000000000
2293;5628;0,500000000000000000000
2310;1462;1,000000000000000000000
2318;380;0,250000000000000000000
2318;1348;0,250000000000000000000
2318;1769;0,500000000000000000000
2322;1824;1,000000000000000000000
2326;295;1,000000000000000000000
2335;3340;1,000000000000000000000
2337;545;0,285714285714285714285
2337;2678;0,285714285714285714285
2337;3071;0,428571428571428571428
2352;5528;0,250000000000000000000
2352;8957;0,250000000000000000000
2352;343358;0,500000000000000000000
2359;5219;0,333333333333333333333
2359;352262;0,333333333333333333333
2359;533247;0,333333333333333333333
2364;9468;0,285714285714285714285
2364;125861;0,285714285714285714285
2364;474028;0,428571428571428571428
2371;1288;1,000000000000000000000
2374;689;0,200000000000000000000
2374;1845;0,600000000000000000000
2374;4225;0,200000000000000000000
2379;1448;0,200000000000000000000
2379;3234;0,600000000000000000000
2379;3838;0,200000000000000000000
2383;3944;1,000000000000000000000
2385;512;0,041666666666666666666
2385;524;0,041666666666666666666
2385;526;0,041666666666666666666
2385;621;0,041666666666666666666
2385;883;0,041666666666666666666
2385;970;0,083333333333333333333
2385;2644;0,041666666666666666666
2385;2779;0,041666666666666666666
2385;2780;0,041666666666666666666
2385;3269;0,041666666666666666666
2385;3998;0,041666666666666666666
2385;4493;0,041666666666666666666
2385;4525;0,041666666666666666666
2385;4765;0,125000000000000000000
2385;5437;0,041666666666666666666
2385;5441;0,041666666666666666666
2385;5442;0,041666666666666666666
2385;5629;0,041666666666666666666
2385;6213;0,041666666666666666666
2385;8500;0,041666666666666666666
2385;9409;0,041666666666666666666
2398;241;0,666666666666666666666
2398;5245;0,333333333333333333333
2419;1220;1,000000000000000000000
2421;2800;0,500000000000000000000
2421;8837;0,500000000000000000000
2422;2287;1,000000000000000000000
2424;5782;1,000000000000000000000
2425;1042;1,000000000000000000000
2427;163;1,000000000000000000000
2434;533247;1,000000000000000000000
2438;3071;0,500000000000000000000
2438;3304;0,500000000000000000000
2445;135;0,166666666666666666666
2445;318;0,166666666666666666666
2445;527;0,500000000000000000000
2445;1234;0,166666666666666666666
2450;27432;1,000000000000000000000
2461;3753;1,000000000000000000000
2464;860;0,090909090909090909090
2464;972;0,090909090909090909090
2464;1034;0,090909090909090909090
2464;2847;0,090909090909090909090
2464;3528;0,181818181818181818181
2464;4098;0,090909090909090909090
2464;6781;0,090909090909090909090
2464;30415;0,090909090909090909090
2464;47352;0,090909090909090909090
2464;253384;0,090909090909090909090
2467;898;0,333333333333333333333
2467;3465;0,333333333333333333333
2467;5175;0,333333333333333333333
2470;1563;0,500000000000000000000
2470;752863;0,500000000000000000000
2474;2716;1,000000000000000000000
2479;3145;0,100000000000000000000
2479;3996;0,150000000000000000000
2479;5168;0,250000000000000000000
2479;6027;0,050000000000000000000
2479;6503;0,050000000000000000000
2479;9968;0,050000000000000000000
2479;12938;0,100000000000000000000
2479;16786;0,050000000000000000000
2479;237945;0,050000000000000000000
2479;771844;0,150000000000000000000
2484;1293;0,250000000000000000000
2484;4355;0,250000000000000000000
2484;5329;0,125000000000000000000
2484;14050;0,375000000000000000000
2487;89;0,500000000000000000000
2487;4729;0,250000000000000000000
2487;5306;0,250000000000000000000
2489;978;0,166666666666666666666
2489;1623;0,166666666666666666666
2489;6406;0,166666666666666666666
2489;8909;0,166666666666666666666
2489;9356;0,166666666666666666666
2489;28826;0,166666666666666666666
2492;1122;0,333333333333333333333
2492;2059;0,333333333333333333333
2492;2150;0,333333333333333333333
2498;2469;0,250000000000000000000
2498;3962;0,250000000000000000000
2498;4361;0,250000000000000000000
2498;10306;0,250000000000000000000
2500;2561;1,000000000000000000000
2504;3998;0,200000000000000000000
2504;6189;0,200000000000000000000
2504;13265;0,200000000000000000000
2504;248836;0,200000000000000000000
2504;373924;0,200000000000000000000
2517;869;0,500000000000000000000
2517;119973;0,500000000000000000000
2518;502;0,500000000000000000000
2518;3443;0,500000000000000000000
2543;138;0,500000000000000000000
2543;1083;0,500000000000000000000
2544;4522;0,333333333333333333333
2544;6723;0,333333333333333333333
2544;13899;0,333333333333333333333
2551;589508;1,000000000000000000000
2554;3876;1,000000000000000000000
2555;3876;1,000000000000000000000
2559;2591;0,500000000000000000000
2559;385198;0,500000000000000000000
2569;3318;0,500000000000000000000
2569;7998;0,500000000000000000000
2578;4361;1,000000000000000000000
2591;3161;0,500000000000000000000
2591;4179;0,500000000000000000000
2592;918;1,000000000000000000000
2596;266;0,500000000000000000000
2596;7741;0,500000000000000000000
2630;17449;1,000000000000000000000
2652;525;0,111111111111111111111
2652;3588;0,333333333333333333333
2652;4991;0,222222222222222222222
2652;5886;0,111111111111111111111
2652;6169;0,222222222222222222222
2655;1520;0,500000000000000000000
2655;1981;0,500000000000000000000
2657;374246;1,000000000000000000000
2659;244;0,500000000000000000000
2659;854;0,500000000000000000000
2664;1521;0,500000000000000000000
2664;3362;0,500000000000000000000
2678;290;0,250000000000000000000
2678;545;0,125000000000000000000
2678;2337;0,125000000000000000000
2678;3978;0,125000000000000000000
2678;7968;0,125000000000000000000
2678;8348;0,125000000000000000000
2678;10860;0,125000000000000000000
2694;405;0,333333333333333333333
2694;2200;0,333333333333333333333
2694;11235;0,333333333333333333333
2697;5367;1,000000000000000000000
2704;1855;1,000000000000000000000
2706;279;0,833333333333333333333
2706;2713;0,166666666666666666666
2712;1637;0,600000000000000000000
2712;3214;0,200000000000000000000
2712;767229;0,200000000000000000000
2713;2661;0,500000000000000000000
2713;2706;0,500000000000000000000
2714;283;0,333333333333333333333
2714;1591;0,333333333333333333333
2714;2661;0,333333333333333333333
2716;248;0,700000000000000000000
2716;2474;0,300000000000000000000
2737;2739;0,166666666666666666666
2737;3142;0,166666666666666666666
2737;4491;0,166666666666666666666
2737;5530;0,166666666666666666666
2737;6693;0,166666666666666666666
2737;9184;0,166666666666666666666
2740;2586;0,333333333333333333333
2740;3142;0,666666666666666666666
2741;122;0,500000000000000000000
2741;1583;0,250000000000000000000
2741;1981;0,250000000000000000000
2778;1434;0,125000000000000000000
2778;2433;0,125000000000000000000
2778;3705;0,125000000000000000000
2778;3968;0,125000000000000000000
2778;6461;0,125000000000000000000
2778;11656;0,125000000000000000000
2778;11734;0,125000000000000000000
2778;13642;0,125000000000000000000
2779;65;0,500000000000000000000
2779;9026;0,500000000000000000000
2786;965;0,666666666666666666666
2786;1681;0,333333333333333333333
2792;320;1,000000000000000000000
2800;2421;0,500000000000000000000
2800;3891;0,500000000000000000000
2802;6502;1,000000000000000000000
2803;16;0,011627906976744186046
2803;57;0,011627906976744186046
2803;71;0,011627906976744186046
2803;82;0,011627906976744186046
2803;89;0,023255813953488372093
2803;309;0,011627906976744186046
2803;369;0,011627906976744186046
2803;440;0,011627906976744186046
2803;644;0,011627906976744186046
2803;645;0,011627906976744186046
2803;827;0,011627906976744186046
2803;835;0,011627906976744186046
2803;890;0,011627906976744186046
2803;1022;0,011627906976744186046
2803;1040;0,011627906976744186046
2803;1143;0,011627906976744186046
2803;1152;0,011627906976744186046
2803;1231;0,011627906976744186046
2803;1276;0,011627906976744186046
2803;1612;0,011627906976744186046
2803;1657;0,011627906976744186046
2803;1948;0,011627906976744186046
2803;2109;0,011627906976744186046
2803;2355;0,011627906976744186046
2803;2414;0,011627906976744186046
2803;2479;0,011627906976744186046
2803;2487;0,011627906976744186046
2803;2736;0,011627906976744186046
2803;2739;0,011627906976744186046
2803;2802;0,011627906976744186046
2803;3098;0,011627906976744186046
2803;3123;0,011627906976744186046
2803;3128;0,011627906976744186046
2803;3141;0,023255813953488372093
2803;3145;0,011627906976744186046
2803;3237;0,011627906976744186046
2803;3399;0,011627906976744186046
2803;3574;0,011627906976744186046
2803;3852;0,011627906976744186046
2803;3953;0,011627906976744186046
2803;3967;0,011627906976744186046
2803;3996;0,011627906976744186046
2803;4024;0,011627906976744186046
2803;4159;0,011627906976744186046
2803;4160;0,011627906976744186046
2803;4306;0,011627906976744186046
2803;4501;0,011627906976744186046
2803;4695;0,011627906976744186046
2803;4853;0,011627906976744186046
2803;5136;0,011627906976744186046
2803;5306;0,011627906976744186046
2803;5338;0,011627906976744186046
2803;5607;0,011627906976744186046
2803;6045;0,011627906976744186046
2803;6495;0,011627906976744186046
2803;6496;0,011627906976744186046
2803;6497;0,011627906976744186046
2803;6498;0,011627906976744186046
2803;6499;0,011627906976744186046
2803;6501;0,011627906976744186046
2803;6502;0,011627906976744186046
2803;6503;0,011627906976744186046
2803;6504;0,011627906976744186046
2803;6505;0,011627906976744186046
2803;6506;0,011627906976744186046
2803;6509;0,011627906976744186046
2803;6511;0,011627906976744186046
2803;6512;0,011627906976744186046
2803;6513;0,011627906976744186046
2803;6514;0,011627906976744186046
2803;6515;0,011627906976744186046
2803;6517;0,011627906976744186046
2803;6518;0,011627906976744186046
2803;6520;0,011627906976744186046
2803;6523;0,011627906976744186046
2803;6524;0,011627906976744186046
2803;6527;0,011627906976744186046
2803;6543;0,011627906976744186046
2803;7686;0,011627906976744186046
2803;8238;0,011627906976744186046
2803;8539;0,011627906976744186046
2803;93146;0,011627906976744186046
2803;140271;0,011627906976744186046
2803;743544;0,011627906976744186046
2825;220;0,166666666666666666666
2825;1706;0,333333333333333333333
2825;2826;0,500000000000000000000
2826;1706;0,250000000000000000000
2826;2825;0,500000000000000000000
2826;7874;0,250000000000000000000
2828;1703;1,000000000000000000000
2834;468;0,500000000000000000000
2834;8539;0,500000000000000000000
2850;1585;0,500000000000000000000
2850;3911;0,250000000000000000000
2850;5329;0,250000000000000000000
2852;122;0,500000000000000000000
2852;222;0,500000000000000000000
2877;219;0,333333333333333333333
2877;414;0,666666666666666666666
2884;3532;1,000000000000000000000
2887;579;0,500000000000000000000
2887;5175;0,500000000000000000000
2893;2421;1,000000000000000000000
2897;1092;1,000000000000000000000
2961;1069;1,000000000000000000000
2972;352;0,111111111111111111111
2972;1117;0,111111111111111111111
2972;1316;0,111111111111111111111
2972;1946;0,111111111111111111111
2972;2364;0,222222222222222222222
2972;4530;0,111111111111111111111
2972;474028;0,222222222222222222222
2990;285;1,000000000000000000000
2991;965643;1,000000000000000000000
3007;1393;1,000000000000000000000
3022;398;1,000000000000000000000
3033;975;1,000000000000000000000
3045;249;0,250000000000000000000
3045;279;0,250000000000000000000
3045;529;0,500000000000000000000
3071;2337;1,000000000000000000000
3085;354;0,035714285714285714285
3085;960;0,107142857142857142857
3085;1121;0,035714285714285714285
3085;1401;0,107142857142857142857
3085;2146;0,035714285714285714285
3085;2697;0,035714285714285714285
3085;4146;0,142857142857142857142
3085;4147;0,035714285714285714285
3085;5367;0,107142857142857142857
3085;9356;0,142857142857142857142
3085;10658;0,142857142857142857142
3085;41776;0,071428571428571428571
3096;4794;0,500000000000000000000
3096;5526;0,500000000000000000000
3098;3123;0,500000000000000000000
3098;6496;0,500000000000000000000
3103;2398;0,125000000000000000000
3103;6723;0,500000000000000000000
3103;13673;0,375000000000000000000
3118;3340;1,000000000000000000000
3122;657;0,500000000000000000000
3122;5627;0,500000000000000000000
3123;71;0,045454545454545454545
3123;189;0,045454545454545454545
3123;309;0,045454545454545454545
3123;644;0,045454545454545454545
3123;1022;0,045454545454545454545
3123;1276;0,045454545454545454545
3123;2414;0,045454545454545454545
3123;2736;0,045454545454545454545
3123;3098;0,045454545454545454545
3123;3141;0,045454545454545454545
3123;3852;0,045454545454545454545
3123;3996;0,045454545454545454545
3123;4159;0,045454545454545454545
3123;4501;0,045454545454545454545
3123;5306;0,045454545454545454545
3123;5338;0,045454545454545454545
3123;5659;0,045454545454545454545
3123;6496;0,045454545454545454545
3123;6514;0,045454545454545454545
3123;6515;0,045454545454545454545
3123;6517;0,045454545454545454545
3123;6523;0,045454545454545454545
3141;71;0,047619047619047619047
3141;827;0,047619047619047619047
3141;835;0,047619047619047619047
3141;1231;0,142857142857142857142
3141;1657;0,047619047619047619047
3141;2355;0,047619047619047619047
3141;2736;0,047619047619047619047
3141;2803;0,047619047619047619047
3141;3123;0,047619047619047619047
3141;3142;0,047619047619047619047
3141;3852;0,047619047619047619047
3141;3996;0,047619047619047619047
3141;4159;0,047619047619047619047
3141;4501;0,047619047619047619047
3141;4852;0,047619047619047619047
3141;6517;0,047619047619047619047
3141;6523;0,047619047619047619047
3141;37183;0,047619047619047619047
3141;333343;0,047619047619047619047
3142;242;0,250000000000000000000
3142;2740;0,250000000000000000000
3142;14465;0,250000000000000000000
3142;533247;0,250000000000000000000
3143;2362;0,500000000000000000000
3143;6800;0,500000000000000000000
3145;285;0,117647058823529411764
3145;1231;0,235294117647058823529
3145;1771;0,058823529411764705882
3145;2479;0,058823529411764705882
3145;3141;0,058823529411764705882
3145;4852;0,058823529411764705882
3145;5168;0,176470588235294117647
3145;6045;0,058823529411764705882
3145;6495;0,058823529411764705882
3145;6503;0,058823529411764705882
3145;7941;0,058823529411764705882
3158;283638;0,500000000000000000000
3158;343358;0,500000000000000000000
3169;35;1,000000000000000000000
3176;2467;0,333333333333333333333
3176;3962;0,333333333333333333333
3176;17278;0,333333333333333333333
3188;2204;1,000000000000000000000
3197;9288;1,000000000000000000000
3212;920;1,000000000000000000000
3214;411;0,200000000000000000000
3214;1069;0,200000000000000000000
3214;1637;0,200000000000000000000
3214;2712;0,200000000000000000000
3214;5168;0,200000000000000000000
3222;1092;1,000000000000000000000
3223;817;0,500000000000000000000
3223;54879;0,500000000000000000000
3235;374246;1,000000000000000000000
3241;960;0,500000000000000000000
3241;4906;0,500000000000000000000
3245;246;0,250000000000000000000
3245;2371;0,250000000000000000000
3245;8348;0,500000000000000000000
3251;8281;0,500000000000000000000
3251;10892;0,500000000000000000000
3256;18641;1,000000000000000000000
3260;5016;0,500000000000000000000
3260;9720;0,500000000000000000000
3268;9403;1,000000000000000000000
3269;2385;1,000000000000000000000
3271;533247;1,000000000000000000000
3278;4100;1,000000000000000000000
3296;496;0,500000000000000000000
3296;1101;0,250000000000000000000
3296;5564;0,250000000000000000000
3301;2182;0,333333333333333333333
3301;12176;0,666666666666666666666
3304;2438;1,000000000000000000000
3315;870;1,000000000000000000000
3318;2569;0,500000000000000000000
3318;3667;0,250000000000000000000
3318;8750;0,250000000000000000000
3340;2129;0,333333333333333333333
3340;2647;0,333333333333333333333
3340;3118;0,333333333333333333333
3345;588;1,000000000000000000000
3359;1705;0,125000000000000000000
3359;1707;0,125000000000000000000
3359;1763;0,125000000000000000000
3359;2195;0,125000000000000000000
3359;2506;0,125000000000000000000
3359;5753;0,125000000000000000000
3359;5918;0,125000000000000000000
3359;8071;0,125000000000000000000
3360;288;1,000000000000000000000
3362;1340;0,400000000000000000000
3362;1894;0,200000000000000000000
3362;17269;0,400000000000000000000
3383;196;0,333333333333333333333
3383;284;0,166666666666666666666
3383;941;0,166666666666666666666
3383;4787;0,166666666666666666666
3383;355336;0,166666666666666666666
3393;845;0,333333333333333333333
3393;1235;0,333333333333333333333
3393;1277;0,250000000000000000000
3393;6723;0,083333333333333333333
3394;28661;1,000000000000000000000
3395;5395;0,500000000000000000000
3395;13396;0,500000000000000000000
3399;1948;0,250000000000000000000
3399;2355;0,250000000000000000000
3399;3574;0,250000000000000000000
3399;4094;0,250000000000000000000
3401;6812;1,000000000000000000000
3408;4145;1,000000000000000000000
3414;4262;1,000000000000000000000
3418;4697;0,500000000000000000000
3418;8580;0,500000000000000000000
3420;731;0,083333333333333333333
3420;747;0,083333333333333333333
3420;1439;0,083333333333333333333
3420;1440;0,083333333333333333333
3420;3436;0,083333333333333333333
3420;5177;0,083333333333333333333
3420;7711;0,166666666666666666666
3420;10338;0,083333333333333333333
3420;11138;0,166666666666666666666
3420;357817;0,083333333333333333333
3427;174;0,333333333333333333333
3427;437;0,333333333333333333333
3427;1563;0,333333333333333333333
3429;1889;1,000000000000000000000
3433;1462;1,000000000000000000000
3443;668;0,500000000000000000000
3443;2518;0,500000000000000000000
3450;292;1,000000000000000000000
3457;3458;1,000000000000000000000
3465;1606;0,500000000000000000000
3465;26354;0,500000000000000000000
3475;306994;1,000000000000000000000
3477;14010;1,000000000000000000000
3485;5042;1,000000000000000000000
3500;1923;0,666666666666666666666
3500;2117;0,333333333333333333333
3513;353698;1,000000000000000000000
3523;71;0,095238095238095238095
3523;662;0,047619047619047619047
3523;695;0,190476190476190476190
3523;1473;0,047619047619047619047
3523;3045;0,047619047619047619047
3523;78108;0,285714285714285714285
3523;366089;0,047619047619047619047
3523;906176;0,190476190476190476190
3523;940328;0,047619047619047619047
3528;2302;1,000000000000000000000
3574;1948;1,000000000000000000000
3575;8539;1,000000000000000000000
3585;5012;1,000000000000000000000
3588;362;0,285714285714285714285
3588;525;0,142857142857142857142
3588;2652;0,285714285714285714285
3588;3587;0,142857142857142857142
3588;4219;0,142857142857142857142
3591;192;0,250000000000000000000
3591;496;0,250000000000000000000
3591;3296;0,250000000000000000000
3591;7747;0,250000000000000000000
3618;3978;1,000000000000000000000
3625;502;0,250000000000000000000
3625;668;0,500000000000000000000
3625;876;0,250000000000000000000
3656;1160;0,333333333333333333333
3656;1206;0,333333333333333333333
3656;283638;0,333333333333333333333
3665;5484;1,000000000000000000000
3667;3318;1,000000000000000000000
3675;6413;1,000000000000000000000
3680;528;0,250000000000000000000
3680;622;0,750000000000000000000
3685;891;0,222222222222222222222
3685;1293;0,111111111111111111111
3685;5627;0,222222222222222222222
3685;8267;0,222222222222222222222
3685;8306;0,222222222222222222222
3736;2064;1,000000000000000000000
3748;127;0,666666666666666666666
3748;6316;0,333333333333333333333
3753;96;0,250000000000000000000
3753;1364;0,250000000000000000000
3753;2461;0,250000000000000000000
3753;5578;0,250000000000000000000
3791;12362;1,000000000000000000000
3800;4237;1,000000000000000000000
3802;1949;0,250000000000000000000
3802;4078;0,500000000000000000000
3802;10926;0,250000000000000000000
3811;527;1,000000000000000000000
3815;1864;1,000000000000000000000
3823;934;1,000000000000000000000
3827;1556;1,000000000000000000000
3829;15471;1,000000000000000000000
3836;4;0,006250000000000000000
3836;37;0,006250000000000000000
3836;38;0,006250000000000000000
3836;179;0,006250000000000000000
3836;189;0,006250000000000000000
3836;216;0,006250000000000000000
3836;246;0,006250000000000000000
3836;271;0,006250000000000000000
3836;460;0,006250000000000000000
3836;523;0,006250000000000000000
3836;545;0,006250000000000000000
3836;573;0,006250000000000000000
3836;609;0,006250000000000000000
3836;891;0,006250000000000000000
3836;1010;0,006250000000000000000
3836;1018;0,006250000000000000000
3836;1082;0,006250000000000000000
3836;1434;0,006250000000000000000
3836;1497;0,006250000000000000000
3836;1696;0,006250000000000000000
3836;1724;0,006250000000000000000
3836;1768;0,006250000000000000000
3836;1824;0,006250000000000000000
3836;1840;0,006250000000000000000
3836;1854;0,006250000000000000000
3836;1877;0,006250000000000000000
3836;1892;0,006250000000000000000
3836;1959;0,006250000000000000000
3836;2001;0,006250000000000000000
3836;2188;0,006250000000000000000
3836;2323;0,006250000000000000000
3836;2337;0,006250000000000000000
3836;2343;0,006250000000000000000
3836;2372;0,006250000000000000000
3836;2433;0,006250000000000000000
3836;2438;0,006250000000000000000
3836;2484;0,006250000000000000000
3836;2576;0,006250000000000000000
3836;2598;0,012500000000000000000
3836;2678;0,006250000000000000000
3836;2679;0,006250000000000000000
3836;3071;0,006250000000000000000
3836;3189;0,006250000000000000000
3836;3278;0,006250000000000000000
3836;3304;0,006250000000000000000
3836;3360;0,006250000000000000000
3836;3551;0,006250000000000000000
3836;3618;0,006250000000000000000
3836;3705;0,006250000000000000000
3836;3731;0,006250000000000000000
3836;3809;0,006250000000000000000
3836;3844;0,006250000000000000000
3836;3916;0,006250000000000000000
3836;3968;0,006250000000000000000
3836;3978;0,006250000000000000000
3836;3980;0,006250000000000000000
3836;4000;0,006250000000000000000
3836;4001;0,006250000000000000000
3836;4090;0,006250000000000000000
3836;4091;0,006250000000000000000
3836;4100;0,006250000000000000000
3836;4372;0,006250000000000000000
3836;4374;0,006250000000000000000
3836;4421;0,006250000000000000000
3836;4472;0,012500000000000000000
3836;4522;0,006250000000000000000
3836;4609;0,006250000000000000000
3836;4657;0,006250000000000000000
3836;4728;0,006250000000000000000
3836;4794;0,006250000000000000000
3836;4876;0,006250000000000000000
3836;4877;0,006250000000000000000
3836;5053;0,012500000000000000000
3836;5470;0,006250000000000000000
3836;5481;0,006250000000000000000
3836;5506;0,006250000000000000000
3836;5800;0,006250000000000000000
3836;5915;0,006250000000000000000
3836;6372;0,006250000000000000000
3836;6461;0,006250000000000000000
3836;6694;0,006250000000000000000
3836;6701;0,006250000000000000000
3836;6991;0,006250000000000000000
3836;7215;0,006250000000000000000
3836;7748;0,006250000000000000000
3836;7756;0,006250000000000000000
3836;7859;0,006250000000000000000
3836;7968;0,006250000000000000000
3836;8348;0,006250000000000000000
3836;8493;0,006250000000000000000
3836;8635;0,006250000000000000000
3836;8928;0,006250000000000000000
3836;9114;0,006250000000000000000
3836;9159;0,006250000000000000000
3836;9376;0,006250000000000000000
3836;9462;0,006250000000000000000
3836;9510;0,012500000000000000000
3836;9992;0,006250000000000000000
3836;10085;0,006250000000000000000
3836;10255;0,006250000000000000000
3836;10523;0,006250000000000000000
3836;10860;0,006250000000000000000
3836;11004;0,006250000000000000000
3836;11014;0,006250000000000000000
3836;11458;0,006250000000000000000
3836;11695;0,006250000000000000000
3836;11734;0,006250000000000000000
3836;12385;0,006250000000000000000
3836;13141;0,006250000000000000000
3836;13498;0,012500000000000000000
3836;13504;0,006250000000000000000
3836;13642;0,006250000000000000000
3836;13899;0,006250000000000000000
3836;14050;0,006250000000000000000
3836;14652;0,006250000000000000000
3836;15867;0,006250000000000000000
3836;15889;0,012500000000000000000
3836;17677;0,006250000000000000000
3836;17762;0,006250000000000000000
3836;17773;0,006250000000000000000
3836;18149;0,006250000000000000000
3836;18300;0,006250000000000000000
3836;18622;0,006250000000000000000
3836;19402;0,006250000000000000000
3836;20436;0,006250000000000000000
3836;20770;0,012500000000000000000
3836;21511;0,006250000000000000000
3836;21512;0,006250000000000000000
3836;21513;0,006250000000000000000
3836;21515;0,006250000000000000000
3836;21541;0,006250000000000000000
3836;21542;0,006250000000000000000
3836;23561;0,006250000000000000000
3836;23562;0,006250000000000000000
3836;23563;0,006250000000000000000
3836;23564;0,006250000000000000000
3836;26408;0,006250000000000000000
3836;27528;0,006250000000000000000
3836;28635;0,006250000000000000000
3836;28981;0,006250000000000000000
3836;76695;0,006250000000000000000
3836;119483;0,006250000000000000000
3836;135123;0,006250000000000000000
3836;157551;0,012500000000000000000
3836;331627;0,006250000000000000000
3836;365531;0,006250000000000000000
3836;365532;0,006250000000000000000
3836;365533;0,006250000000000000000
3836;365534;0,006250000000000000000
3836;365535;0,006250000000000000000
3836;365536;0,006250000000000000000
3836;368117;0,006250000000000000000
3838;241;0,100000000000000000000
3838;873;0,100000000000000000000
3838;2379;0,300000000000000000000
3838;3234;0,300000000000000000000
3838;3237;0,100000000000000000000
3838;8849;0,100000000000000000000
3842;1963;0,333333333333333333333
3842;5037;0,333333333333333333333
3842;28699;0,333333333333333333333
3857;96;0,500000000000000000000
3857;249;0,250000000000000000000
3857;1364;0,250000000000000000000
3871;11680;1,000000000000000000000
3872;4376;1,000000000000000000000
3877;3260;0,666666666666666666666
3877;666007;0,333333333333333333333
3891;360;0,100000000000000000000
3891;1864;0,100000000000000000000
3891;2015;0,100000000000000000000
3891;2825;0,100000000000000000000
3891;3567;0,100000000000000000000
3891;4355;0,100000000000000000000
3891;4486;0,100000000000000000000
3891;5493;0,100000000000000000000
3891;5613;0,100000000000000000000
3891;26566;0,100000000000000000000
3916;9114;1,000000000000000000000
3944;266;0,500000000000000000000
3944;2383;0,250000000000000000000
3944;5681;0,250000000000000000000
3957;2206;1,000000000000000000000
3962;3176;0,400000000000000000000
3962;8109;0,200000000000000000000
3962;184987;0,400000000000000000000
3971;1692;1,000000000000000000000
3975;420;0,250000000000000000000
3975;1145;0,250000000000000000000
3975;4583;0,250000000000000000000
3975;28017;0,250000000000000000000
3980;4374;1,000000000000000000000
3996;835;0,250000000000000000000
3996;2479;0,500000000000000000000
3996;6504;0,250000000000000000000
4020;54;0,111111111111111111111
4020;1225;0,111111111111111111111
4020;1967;0,111111111111111111111
4020;2798;0,111111111111111111111
4020;2991;0,111111111111111111111
4020;3235;0,111111111111111111111
4020;3619;0,111111111111111111111
4020;6723;0,222222222222222222222
4024;71;0,500000000000000000000
4024;6505;0,500000000000000000000
4059;1196;0,500000000000000000000
4059;3776;0,500000000000000000000
4078;3802;0,500000000000000000000
4078;5071;0,500000000000000000000
4080;96;1,000000000000000000000
4086;5167;1,000000000000000000000
4089;3250;1,000000000000000000000
4094;330;0,200000000000000000000
4094;3399;0,400000000000000000000
4094;5338;0,200000000000000000000
4094;9998;0,200000000000000000000
4100;2543;0,500000000000000000000
4100;393418;0,500000000000000000000
4108;3320;1,000000000000000000000
4117;1520;1,000000000000000000000
4132;9367;1,000000000000000000000
4145;2175;0,360000000000000000000
4145;3408;0,040000000000000000000
4145;65998;0,360000000000000000000
4145;66075;0,240000000000000000000
4146;4271;0,111111111111111111111
4146;4414;0,111111111111111111111
4146;7747;0,333333333333333333333
4146;28250;0,111111111111111111111
4146;28264;0,333333333333333333333
4147;2146;0,272727272727272727272
4147;2697;0,272727272727272727272
4147;3085;0,272727272727272727272
4147;533247;0,181818181818181818181
4148;7126;1,000000000000000000000
4159;1840;1,000000000000000000000
4172;1462;1,000000000000000000000
4173;531;0,250000000000000000000
4173;507180;0,500000000000000000000
4173;665791;0,250000000000000000000
4187;241;1,000000000000000000000
4213;4398;0,666666666666666666666
4213;10020;0,333333333333333333333
4225;761;0,285714285714285714285
4225;4345;0,142857142857142857142
4225;4379;0,142857142857142857142
4225;4622;0,142857142857142857142
4225;5603;0,142857142857142857142
4225;6048;0,142857142857142857142
4237;3800;0,666666666666666666666
4237;8440;0,333333333333333333333
4240;8723;1,000000000000000000000
4245;1608;1,000000000000000000000
4262;3414;0,250000000000000000000
4262;6472;0,750000000000000000000
4268;3975;0,333333333333333333333
4268;6749;0,666666666666666666666
4278;351;0,200000000000000000000
4278;538;0,200000000000000000000
4278;1340;0,200000000000000000000
4278;434991;0,400000000000000000000
4281;190;0,200000000000000000000
4281;1234;0,200000000000000000000
4281;5367;0,200000000000000000000
4281;8500;0,200000000000000000000
4281;533247;0,200000000000000000000
4299;4475;1,000000000000000000000
4307;527;0,500000000000000000000
4307;4345;0,250000000000000000000
4307;4681;0,250000000000000000000
4313;283;1,000000000000000000000
4345;428;0,166666666666666666666
4345;4307;0,166666666666666666666
4345;5603;0,166666666666666666666
4345;6913;0,166666666666666666666
4345;6915;0,333333333333333333333
4355;727;0,333333333333333333333
4355;2825;0,333333333333333333333
4355;5493;0,333333333333333333333
4376;101;0,008547008547008547008
4376;226;0,008547008547008547008
4376;241;0,008547008547008547008
4376;248;0,008547008547008547008
4376;250;0,008547008547008547008
4376;251;0,008547008547008547008
4376;267;0,008547008547008547008
4376;274;0,008547008547008547008
4376;279;0,008547008547008547008
4376;284;0,008547008547008547008
4376;285;0,008547008547008547008
4376;455;0,008547008547008547008
4376;678;0,008547008547008547008
4376;698;0,008547008547008547008
4376;737;0,008547008547008547008
4376;781;0,008547008547008547008
4376;802;0,008547008547008547008
4376;861;0,008547008547008547008
4376;873;0,008547008547008547008
4376;912;0,008547008547008547008
4376;1149;0,008547008547008547008
4376;1271;0,008547008547008547008
4376;1448;0,008547008547008547008
4376;1499;0,008547008547008547008
4376;1513;0,008547008547008547008
4376;1515;0,008547008547008547008
4376;1520;0,008547008547008547008
4376;1547;0,008547008547008547008
4376;1570;0,008547008547008547008
4376;1583;0,008547008547008547008
4376;1591;0,008547008547008547008
4376;1710;0,008547008547008547008
4376;1741;0,008547008547008547008
4376;1814;0,008547008547008547008
4376;1827;0,034188034188034188034
4376;2009;0,008547008547008547008
4376;2087;0,008547008547008547008
4376;2139;0,008547008547008547008
4376;2252;0,008547008547008547008
4376;2379;0,008547008547008547008
4376;2455;0,008547008547008547008
4376;2472;0,008547008547008547008
4376;2474;0,008547008547008547008
4376;2510;0,008547008547008547008
4376;2515;0,008547008547008547008
4376;2523;0,008547008547008547008
4376;2655;0,008547008547008547008
4376;2661;0,008547008547008547008
4376;2706;0,008547008547008547008
4376;2713;0,008547008547008547008
4376;2714;0,008547008547008547008
4376;2716;0,008547008547008547008
4376;2990;0,008547008547008547008
4376;3045;0,008547008547008547008
4376;3103;0,008547008547008547008
4376;3234;0,008547008547008547008
4376;3381;0,008547008547008547008
4376;3383;0,008547008547008547008
4376;3392;0,008547008547008547008
4376;3429;0,008547008547008547008
4376;3459;0,008547008547008547008
4376;3473;0,008547008547008547008
4376;3500;0,008547008547008547008
4376;3601;0,008547008547008547008
4376;3619;0,008547008547008547008
4376;3701;0,008547008547008547008
4376;3838;0,008547008547008547008
4376;3866;0,008547008547008547008
4376;3867;0,008547008547008547008
4376;3870;0,008547008547008547008
4376;3871;0,008547008547008547008
4376;3872;0,008547008547008547008
4376;3873;0,008547008547008547008
4376;3992;0,008547008547008547008
4376;4117;0,008547008547008547008
4376;4187;0,008547008547008547008
4376;4213;0,008547008547008547008
4376;4313;0,008547008547008547008
4376;4337;0,008547008547008547008
4376;4398;0,008547008547008547008
4376;4592;0,008547008547008547008
4376;4613;0,008547008547008547008
4376;4787;0,008547008547008547008
4376;5430;0,008547008547008547008
4376;6007;0,008547008547008547008
4376;6008;0,008547008547008547008
4376;6105;0,008547008547008547008
4376;6347;0,008547008547008547008
4376;7160;0,008547008547008547008
4376;7334;0,008547008547008547008
4376;8095;0,008547008547008547008
4376;8630;0,008547008547008547008
4376;9212;0,008547008547008547008
4376;9258;0,008547008547008547008
4376;9330;0,008547008547008547008
4376;9514;0,008547008547008547008
4376;10018;0,008547008547008547008
4376;10019;0,008547008547008547008
4376;10020;0,008547008547008547008
4376;10021;0,008547008547008547008
4376;10197;0,008547008547008547008
4376;10595;0,008547008547008547008
4376;11680;0,008547008547008547008
4376;12907;0,008547008547008547008
4376;13294;0,008547008547008547008
4376;13669;0,008547008547008547008
4376;13670;0,008547008547008547008
4376;13671;0,008547008547008547008
4376;13673;0,008547008547008547008
4376;13675;0,008547008547008547008
4376;13676;0,008547008547008547008
4376;17388;0,008547008547008547008
4376;23646;0,008547008547008547008
4376;216172;0,008547008547008547008
4377;547;1,000000000000000000000
4380;9386;1,000000000000000000000
4384;494193;1,000000000000000000000
4386;1632;1,000000000000000000000
4398;4213;1,000000000000000000000
4430;822;0,500000000000000000000
4430;4299;0,500000000000000000000
4431;839;0,500000000000000000000
4431;1476;0,125000000000000000000
4431;1991;0,125000000000000000000
4431;2239;0,125000000000000000000
4431;4446;0,125000000000000000000
4432;839;0,500000000000000000000
4432;4471;0,500000000000000000000
4435;543;0,250000000000000000000
4435;5061;0,500000000000000000000
4435;7762;0,250000000000000000000
4472;1498;0,500000000000000000000
4472;3836;0,250000000000000000000
4472;4424;0,250000000000000000000
4475;4435;1,000000000000000000000
4483;453;0,500000000000000000000
4483;1498;0,500000000000000000000
4486;3532;0,500000000000000000000
4486;3891;0,500000000000000000000
4491;911;0,333333333333333333333
4491;1066;0,333333333333333333333
4491;9184;0,333333333333333333333
4500;273;1,000000000000000000000
4501;31;0,040000000000000000000
4501;71;0,040000000000000000000
4501;138;0,040000000000000000000
4501;170;0,040000000000000000000
4501;644;0,040000000000000000000
4501;645;0,040000000000000000000
4501;890;0,040000000000000000000
4501;964;0,040000000000000000000
4501;990;0,040000000000000000000
4501;1064;0,040000000000000000000
4501;1234;0,040000000000000000000
4501;1276;0,040000000000000000000
4501;1340;0,040000000000000000000
4501;1657;0,040000000000000000000
4501;1949;0,040000000000000000000
4501;3098;0,040000000000000000000
4501;3141;0,040000000000000000000
4501;3235;0,040000000000000000000
4501;5306;0,040000000000000000000
4501;6527;0,040000000000000000000
4501;7015;0,040000000000000000000
4501;12441;0,040000000000000000000
4501;13239;0,040000000000000000000
4501;93146;0,080000000000000000000
4512;695;0,500000000000000000000
4512;2140;0,500000000000000000000
4513;6347;1,000000000000000000000
4518;6072;1,000000000000000000000
4525;2385;0,500000000000000000000
4525;5622;0,500000000000000000000
4533;26746;1,000000000000000000000
4552;41;0,500000000000000000000
4552;1261;0,500000000000000000000
4553;182;0,166666666666666666666
4553;1154;0,333333333333333333333
4553;2302;0,500000000000000000000
4576;306;0,333333333333333333333
4576;11734;0,666666666666666666666
4583;12165;1,000000000000000000000
4592;101;0,250000000000000000000
4592;787;0,250000000000000000000
4592;1069;0,250000000000000000000
4592;1520;0,250000000000000000000
4598;1639;1,000000000000000000000
4613;267;0,666666666666666666666
4613;1149;0,166666666666666666666
4613;1754;0,166666666666666666666
4621;1429;0,250000000000000000000
4621;3557;0,250000000000000000000
4621;4215;0,250000000000000000000
4621;5177;0,250000000000000000000
4638;1261;1,000000000000000000000
4639;1462;0,200000000000000000000
4639;3499;0,200000000000000000000
4639;13796;0,600000000000000000000
4681;956;0,500000000000000000000
4681;7741;0,500000000000000000000
4697;3418;1,000000000000000000000
4719;380;0,500000000000000000000
4719;1111;0,166666666666666666666
4719;2164;0,166666666666666666666
4719;239963;0,166666666666666666666
4728;290;1,000000000000000000000
4729;89;0,333333333333333333333
4729;2487;0,666666666666666666666
4747;1898;1,000000000000000000000
4750;288;1,000000000000000000000
4786;119973;1,000000000000000000000
4794;96;0,333333333333333333333
4794;3096;0,333333333333333333333
4794;8268;0,166666666666666666666
4794;8348;0,166666666666666666666
4803;273;0,076923076923076923076
4803;918;0,076923076923076923076
4803;4625;0,076923076923076923076
4803;8044;0,076923076923076923076
4803;17426;0,076923076923076923076
4803;17826;0,076923076923076923076
4803;28184;0,076923076923076923076
4803;28457;0,076923076923076923076
4803;278192;0,076923076923076923076
4803;327099;0,076923076923076923076
4803;327859;0,076923076923076923076
4803;366869;0,076923076923076923076
4803;382779;0,076923076923076923076
4825;3753;0,500000000000000000000
4825;4080;0,250000000000000000000
4825;5578;0,250000000000000000000
4829;533247;1,000000000000000000000
4837;1853;0,142857142857142857142
4837;3607;0,142857142857142857142
4837;4999;0,142857142857142857142
4837;5089;0,142857142857142857142
4837;5719;0,142857142857142857142
4837;10612;0,142857142857142857142
4837;10613;0,142857142857142857142
4852;3141;1,000000000000000000000
4885;585;0,500000000000000000000
4885;8648;0,500000000000000000000
4933;1949;1,000000000000000000000
4976;793;0,250000000000000000000
4976;1077;0,500000000000000000000
4976;5016;0,250000000000000000000
5001;5666;1,000000000000000000000
5003;1314;1,000000000000000000000
5016;61;0,021739130434782608695
5016;66;0,021739130434782608695
5016;74;0,021739130434782608695
5016;407;0,021739130434782608695
5016;527;0,043478260869565217391
5016;975;0,021739130434782608695
5016;999;0,021739130434782608695
5016;1002;0,021739130434782608695
5016;1012;0,021739130434782608695
5016;1016;0,021739130434782608695
5016;1020;0,021739130434782608695
5016;1077;0,021739130434782608695
5016;1180;0,021739130434782608695
5016;1556;0,043478260869565217391
5016;1756;0,021739130434782608695
5016;1991;0,021739130434782608695
5016;2499;0,021739130434782608695
5016;2791;0,021739130434782608695
5016;3033;0,021739130434782608695
5016;3188;0,021739130434782608695
5016;3585;0,021739130434782608695
5016;3586;0,021739130434782608695
5016;3827;0,021739130434782608695
5016;3905;0,021739130434782608695
5016;4976;0,065217391304347826086
5016;5012;0,021739130434782608695
5016;5626;0,021739130434782608695
5016;5681;0,021739130434782608695
5016;5921;0,021739130434782608695
5016;6006;0,021739130434782608695
5016;7699;0,021739130434782608695
5016;8000;0,021739130434782608695
5016;8445;0,021739130434782608695
5016;8478;0,021739130434782608695
5016;9481;0,021739130434782608695
5016;9482;0,021739130434782608695
5016;12596;0,021739130434782608695
5016;77678;0,021739130434782608695
5016;248832;0,021739130434782608695
5016;248836;0,021739130434782608695
5016;248841;0,021739130434782608695
5016;347540;0,021739130434782608695
5061;3015;0,111111111111111111111
5061;4435;0,222222222222222222222
5061;5613;0,222222222222222222222
5061;8062;0,222222222222222222222
5061;17584;0,222222222222222222222
5071;4078;0,500000000000000000000
5071;12596;0,250000000000000000000
5071;587057;0,250000000000000000000
5077;12591;1,000000000000000000000
5082;2216;0,333333333333333333333
5082;4434;0,333333333333333333333
5082;17323;0,333333333333333333333
5089;2200;0,333333333333333333333
5089;4837;0,666666666666666666666
5093;9762;1,000000000000000000000
5119;533247;1,000000000000000000000
5125;7906;1,000000000000000000000
5142;12876;1,000000000000000000000
5144;5442;1,000000000000000000000
5148;356;0,250000000000000000000
5148;136664;0,500000000000000000000
5148;606725;0,250000000000000000000
5149;119;1,000000000000000000000
5158;1153;0,500000000000000000000
5158;2272;0,500000000000000000000
5163;2326;1,000000000000000000000
5167;190;0,333333333333333333333
5167;2052;0,666666666666666666666
5168;218;0,222222222222222222222
5168;2479;0,333333333333333333333
5168;3145;0,222222222222222222222
5168;3214;0,111111111111111111111
5168;7941;0,111111111111111111111
5174;787;1,000000000000000000000
5175;1606;1,000000000000000000000
5177;1162;0,333333333333333333333
5177;3436;0,666666666666666666666
5214;3296;0,333333333333333333333
5214;5564;0,333333333333333333333
5214;512469;0,333333333333333333333
5219;1101;0,142857142857142857142
5219;1667;0,285714285714285714285
5219;2046;0,571428571428571428571
5264;151;0,500000000000000000000
5264;9424;0,500000000000000000000
5289;1583;0,500000000000000000000
5289;8095;0,500000000000000000000
5306;89;0,200000000000000000000
5306;2487;0,400000000000000000000
5306;3069;0,200000000000000000000
5306;4159;0,200000000000000000000
5309;4538;1,000000000000000000000
5329;189;0,125000000000000000000
5329;306;0,125000000000000000000
5329;605;0,250000000000000000000
5329;1963;0,125000000000000000000
5329;2825;0,125000000000000000000
5329;5493;0,125000000000000000000
5329;5528;0,125000000000000000000
5350;17727;1,000000000000000000000
5367;190;0,058823529411764705882
5367;192;0,058823529411764705882
5367;524;0,058823529411764705882
5367;526;0,058823529411764705882
5367;528;0,058823529411764705882
5367;621;0,058823529411764705882
5367;841;0,058823529411764705882
5367;877;0,058823529411764705882
5367;1121;0,058823529411764705882
5367;2071;0,058823529411764705882
5367;2147;0,058823529411764705882
5367;2697;0,058823529411764705882
5367;4281;0,058823529411764705882
5367;5441;0,058823529411764705882
5367;5632;0,058823529411764705882
5367;7759;0,058823529411764705882
5367;151929;0,058823529411764705882
5437;622;0,500000000000000000000
5437;977;0,500000000000000000000
5438;621;1,000000000000000000000
5439;533247;1,000000000000000000000
5440;71;0,500000000000000000000
5440;1596;0,500000000000000000000
5444;2779;0,500000000000000000000
5444;533247;0,500000000000000000000
5445;533247;1,000000000000000000000
5449;978;1,000000000000000000000
5464;48;0,076923076923076923076
5464;796;0,230769230769230769230
5464;810;0,076923076923076923076
5464;2731;0,076923076923076923076
5464;4293;0,153846153846153846153
5464;4719;0,153846153846153846153
5464;5009;0,076923076923076923076
5464;5576;0,076923076923076923076
5464;14978;0,076923076923076923076
5469;1109;0,500000000000000000000
5469;533247;0,500000000000000000000
5487;533247;1,000000000000000000000
5500;3873;0,333333333333333333333
5500;335189;0,666666666666666666666
5513;5591;1,000000000000000000000
5519;9438;1,000000000000000000000
5528;543;0,200000000000000000000
5528;2352;0,400000000000000000000
5528;5329;0,400000000000000000000
5530;2737;1,000000000000000000000
5557;533247;1,000000000000000000000
5564;192;0,125000000000000000000
5564;466;0,041666666666666666666
5564;496;0,041666666666666666666
5564;1667;0,041666666666666666666
5564;2037;0,041666666666666666666
5564;2046;0,041666666666666666666
5564;2271;0,041666666666666666666
5564;2272;0,041666666666666666666
5564;2359;0,041666666666666666666
5564;3296;0,041666666666666666666
5564;3591;0,041666666666666666666
5564;4364;0,041666666666666666666
5564;4561;0,041666666666666666666
5564;5214;0,083333333333333333333
5564;7762;0,041666666666666666666
5564;9387;0,041666666666666666666
5564;9413;0,041666666666666666666
5564;9432;0,041666666666666666666
5564;10946;0,041666666666666666666
5564;13372;0,041666666666666666666
5564;533247;0,041666666666666666666
5578;3753;1,000000000000000000000
5603;4345;1,000000000000000000000
5607;5338;1,000000000000000000000
5613;176;0,052631578947368421052
5613;360;0,052631578947368421052
5613;886;0,052631578947368421052
5613;1855;0,105263157894736842105
5613;1949;0,105263157894736842105
5613;2199;0,052631578947368421052
5613;2851;0,105263157894736842105
5613;3235;0,105263157894736842105
5613;3481;0,052631578947368421052
5613;3508;0,052631578947368421052
5613;3891;0,105263157894736842105
5613;5061;0,105263157894736842105
5613;17584;0,052631578947368421052
5617;40028;1,000000000000000000000
5621;5679;1,000000000000000000000
5622;3085;0,333333333333333333333
5622;4525;0,333333333333333333333
5622;17502;0,333333333333333333333
5627;113392;1,000000000000000000000
5628;283;0,250000000000000000000
5628;2461;0,250000000000000000000
5628;3753;0,250000000000000000000
5628;5578;0,250000000000000000000
5629;2385;0,500000000000000000000
5629;533247;0,500000000000000000000
5632;1066;0,500000000000000000000
5632;12001;0,500000000000000000000
5635;1010;0,500000000000000000000
5635;5470;0,500000000000000000000
5638;749;0,500000000000000000000
5638;4350;0,500000000000000000000
5651;2491;1,000000000000000000000
5666;5001;1,000000000000000000000
5681;1556;1,000000000000000000000
5753;1321;0,333333333333333333333
5753;1763;0,333333333333333333333
5753;5918;0,333333333333333333333
5782;419;1,000000000000000000000
5783;295;0,500000000000000000000
5783;853;0,500000000000000000000
5790;12706;1,000000000000000000000
5831;1335;1,000000000000000000000
5852;2140;1,000000000000000000000
5854;135596;1,000000000000000000000
5856;12798;1,000000000000000000000
5886;6169;0,500000000000000000000
5886;8466;0,500000000000000000000
5896;25078;1,000000000000000000000
5915;288;0,500000000000000000000
5915;545;0,500000000000000000000
5918;1600;0,166666666666666666666
5918;1763;0,166666666666666666666
5918;2825;0,166666666666666666666
5918;5493;0,333333333333333333333
5918;6892;0,166666666666666666666
5935;1182;0,500000000000000000000
5935;1778;0,500000000000000000000
6048;761;0,500000000000000000000
6048;1554;0,500000000000000000000
6058;8512;1,000000000000000000000
6072;4518;1,000000000000000000000
6130;6567;1,000000000000000000000
6164;642;1,000000000000000000000
6169;852;0,333333333333333333333
6169;2652;0,333333333333333333333
6169;5886;0,333333333333333333333
6189;2504;0,500000000000000000000
6189;533247;0,500000000000000000000
6192;925;1,000000000000000000000
6213;2385;0,333333333333333333333
6213;10649;0,333333333333333333333
6213;533247;0,333333333333333333333
6234;4222;1,000000000000000000000
6316;3748;0,142857142857142857142
6316;5441;0,142857142857142857142
6316;9422;0,142857142857142857142
6316;533247;0,571428571428571428571
6320;77;0,166666666666666666666
6320;240;0,166666666666666666666
6320;475;0,166666666666666666666
6320;1122;0,333333333333333333333
6320;2149;0,166666666666666666666
6349;527;1,000000000000000000000
6353;6250;1,000000000000000000000
6354;1489;1,000000000000000000000
6461;2433;1,000000000000000000000
6496;4159;1,000000000000000000000
6497;770;0,333333333333333333333
6497;4852;0,333333333333333333333
6497;8165;0,333333333333333333333
6498;3145;1,000000000000000000000
6501;835;0,500000000000000000000
6501;4159;0,500000000000000000000
6502;2802;1,000000000000000000000
6518;140271;1,000000000000000000000
6535;281067;1,000000000000000000000
6543;2803;1,000000000000000000000
6548;2046;1,000000000000000000000
6581;20969;1,000000000000000000000
6602;74;1,000000000000000000000
6634;1064;0,500000000000000000000
6634;8858;0,500000000000000000000
6641;1220;0,666666666666666666666
6641;27066;0,333333333333333333333
6693;2737;1,000000000000000000000
6694;13310;1,000000000000000000000
6721;600;0,333333333333333333333
6721;1754;0,666666666666666666666
6723;435;0,111111111111111111111
6723;1156;0,111111111111111111111
6723;1967;0,222222222222222222222
6723;3103;0,222222222222222222222
6723;3393;0,111111111111111111111
6723;4020;0,111111111111111111111
6723;75230;0,111111111111111111111
6765;2275;0,500000000000000000000
6765;2287;0,500000000000000000000
6773;394755;1,000000000000000000000
6812;750;1,000000000000000000000
6883;5013;1,000000000000000000000
6913;4345;1,000000000000000000000
6915;1253;0,200000000000000000000
6915;4345;0,800000000000000000000
6918;11369;0,500000000000000000000
6918;25905;0,500000000000000000000
6929;240;1,000000000000000000000
6930;3667;1,000000000000000000000
6940;1608;1,000000000000000000000
6962;65;0,166666666666666666666
6962;475;0,166666666666666666666
6962;9395;0,666666666666666666666
6979;251;1,000000000000000000000
7049;1583;1,000000000000000000000
7080;2834;1,000000000000000000000
7106;2731;1,000000000000000000000
7116;3230;1,000000000000000000000
7126;2429;1,000000000000000000000
7131;7553;1,000000000000000000000
7135;441;0,500000000000000000000
7135;2972;0,500000000000000000000
7142;85;0,750000000000000000000
7142;254;0,250000000000000000000
7160;1889;1,000000000000000000000
7209;1457;1,000000000000000000000
7221;8723;0,500000000000000000000
7221;9184;0,250000000000000000000
7221;533247;0,250000000000000000000
7301;960;1,000000000000000000000
7328;621;1,000000000000000000000
7341;399;0,444444444444444444444
7341;411;0,333333333333333333333
7341;419;0,222222222222222222222
7389;4576;1,000000000000000000000
7418;2206;1,000000000000000000000
7543;551;0,013513513513513513513
7543;600;0,027027027027027027027
7543;1344;0,013513513513513513513
7543;1454;0,013513513513513513513
7543;1898;0,040540540540540540540
7543;2743;0,040540540540540540540
7543;2786;0,040540540540540540540
7543;3256;0,027027027027027027027
7543;3420;0,040540540540540540540
7543;3685;0,040540540540540540540
7543;4587;0,027027027027027027027
7543;5136;0,040540540540540540540
7543;7717;0,013513513513513513513
7543;7975;0,040540540540540540540
7543;8212;0,013513513513513513513
7543;12959;0,040540540540540540540
7543;15737;0,013513513513513513513
7543;23759;0,040540540540540540540
7543;27613;0,027027027027027027027
7543;152027;0,405405405405405405405
7543;329272;0,040540540540540540540
7560;275;0,142857142857142857142
7560;282;0,142857142857142857142
7560;477;0,142857142857142857142
7560;731;0,142857142857142857142
7560;5138;0,142857142857142857142
7560;173893;0,142857142857142857142
7560;282773;0,142857142857142857142
7572;6812;1,000000000000000000000
7578;1182;1,000000000000000000000
7626;3033;0,500000000000000000000
7626;5626;0,500000000000000000000
7630;3575;1,000000000000000000000
7650;8928;1,000000000000000000000
7711;3091;0,500000000000000000000
7711;38738;0,500000000000000000000
7713;1678;1,000000000000000000000
7717;4309;0,333333333333333333333
7717;30696;0,333333333333333333333
7717;94073;0,333333333333333333333
7741;1182;0,333333333333333333333
7741;4681;0,333333333333333333333
7741;248834;0,333333333333333333333
7748;1293;0,090909090909090909090
7748;5831;0,090909090909090909090
7748;6326;0,090909090909090909090
7748;8445;0,090909090909090909090
7748;10649;0,090909090909090909090
7748;44336;0,090909090909090909090
7748;76695;0,090909090909090909090
7748;119483;0,090909090909090909090
7748;135123;0,090909090909090909090
7748;368117;0,090909090909090909090
7748;409930;0,090909090909090909090
7756;568;1,000000000000000000000
7759;526;1,000000000000000000000
7767;1109;0,500000000000000000000
7767;3736;0,500000000000000000000
7780;533247;1,000000000000000000000
7793;752;0,500000000000000000000
7793;2054;0,500000000000000000000
7874;127;0,250000000000000000000
7874;1282;0,125000000000000000000
7874;1706;0,250000000000000000000
7874;2825;0,125000000000000000000
7874;2826;0,250000000000000000000
7939;533247;1,000000000000000000000
7954;1771;1,000000000000000000000
7968;2678;0,166666666666666666666
7968;4172;0,166666666666666666666
7968;113392;0,666666666666666666666
7975;349;1,000000000000000000000
7994;752863;1,000000000000000000000
8017;805;1,000000000000000000000
8050;28780;1,000000000000000000000
8051;615;1,000000000000000000000
8062;5061;1,000000000000000000000
8095;5289;1,000000000000000000000
8109;918;0,200000000000000000000
8109;945;0,300000000000000000000
8109;1140;0,100000000000000000000
8109;2494;0,100000000000000000000
8109;3318;0,100000000000000000000
8109;3465;0,100000000000000000000
8109;12670;0,100000000000000000000
8143;533247;1,000000000000000000000
8156;1150;1,000000000000000000000
8164;1073;0,142857142857142857142
8164;1315;0,285714285714285714285
8164;1985;0,285714285714285714285
8164;4918;0,142857142857142857142
8164;9513;0,142857142857142857142
8212;10177;1,000000000000000000000
8228;1569;1,000000000000000000000
8229;8636;1,000000000000000000000
8255;564;0,022222222222222222222
8255;565;0,022222222222222222222
8255;1458;0,022222222222222222222
8255;1459;0,022222222222222222222
8255;1516;0,022222222222222222222
8255;1925;0,022222222222222222222
8255;1943;0,022222222222222222222
8255;2520;0,022222222222222222222
8255;2588;0,022222222222222222222
8255;2995;0,022222222222222222222
8255;3225;0,022222222222222222222
8255;3842;0,022222222222222222222
8255;3879;0,022222222222222222222
8255;3940;0,022222222222222222222
8255;4534;0,022222222222222222222
8255;4841;0,022222222222222222222
8255;4954;0,022222222222222222222
8255;5037;0,022222222222222222222
8255;5363;0,022222222222222222222
8255;5392;0,022222222222222222222
8255;5396;0,022222222222222222222
8255;6739;0,022222222222222222222
8255;6960;0,022222222222222222222
8255;7015;0,022222222222222222222
8255;7873;0,022222222222222222222
8255;8372;0,022222222222222222222
8255;8687;0,022222222222222222222
8255;8698;0,022222222222222222222
8255;8708;0,022222222222222222222
8255;10491;0,022222222222222222222
8255;12119;0,022222222222222222222
8255;12431;0,022222222222222222222
8255;12439;0,022222222222222222222
8255;12762;0,022222222222222222222
8255;12763;0,022222222222222222222
8255;12764;0,022222222222222222222
8255;12765;0,022222222222222222222
8255;12766;0,022222222222222222222
8255;12767;0,022222222222222222222
8255;12768;0,022222222222222222222
8255;12769;0,022222222222222222222
8255;12770;0,022222222222222222222
8255;12771;0,022222222222222222222
8255;12772;0,022222222222222222222
8255;56282;0,022222222222222222222
8267;8268;1,000000000000000000000
8348;246;0,181818181818181818181
8348;2337;0,272727272727272727272
8348;2678;0,181818181818181818181
8348;4657;0,181818181818181818181
8348;4794;0,181818181818181818181
8396;869;1,000000000000000000000
8440;1182;0,333333333333333333333
8440;5484;0,500000000000000000000
8440;418454;0,166666666666666666666
8441;6929;1,000000000000000000000
8442;4379;1,000000000000000000000
8446;8366;1,000000000000000000000
8461;434663;1,000000000000000000000
8465;240;0,035087719298245614035
8465;362;0,017543859649122807017
8465;475;0,017543859649122807017
8465;479;0,017543859649122807017
8465;520;0,017543859649122807017
8465;525;0,017543859649122807017
8465;706;0,017543859649122807017
8465;793;0,017543859649122807017
8465;852;0,017543859649122807017
8465;1107;0,017543859649122807017
8465;1171;0,017543859649122807017
8465;1313;0,017543859649122807017
8465;1314;0,017543859649122807017
8465;1315;0,017543859649122807017
8465;1748;0,017543859649122807017
8465;1938;0,017543859649122807017
8465;2306;0,017543859649122807017
8465;2396;0,035087719298245614035
8465;2490;0,017543859649122807017
8465;2491;0,017543859649122807017
8465;2815;0,035087719298245614035
8465;3038;0,017543859649122807017
8465;3374;0,017543859649122807017
8465;3563;0,017543859649122807017
8465;3590;0,017543859649122807017
8465;4219;0,017543859649122807017
8465;4242;0,017543859649122807017
8465;4497;0,017543859649122807017
8465;4706;0,017543859649122807017
8465;4835;0,017543859649122807017
8465;4991;0,017543859649122807017
8465;4995;0,017543859649122807017
8465;4998;0,017543859649122807017
8465;5001;0,017543859649122807017
8465;5002;0,017543859649122807017
8465;5003;0,017543859649122807017
8465;5005;0,017543859649122807017
8465;5011;0,017543859649122807017
8465;5013;0,017543859649122807017
8465;5015;0,017543859649122807017
8465;5019;0,017543859649122807017
8465;5666;0,017543859649122807017
8465;5935;0,017543859649122807017
8465;8438;0,017543859649122807017
8465;8442;0,017543859649122807017
8465;8449;0,017543859649122807017
8465;8458;0,017543859649122807017
8465;8460;0,017543859649122807017
8465;8462;0,017543859649122807017
8465;8470;0,017543859649122807017
8465;8473;0,017543859649122807017
8465;8476;0,017543859649122807017
8465;21271;0,017543859649122807017
8465;310049;0,017543859649122807017
8473;479;1,000000000000000000000
8478;248834;1,000000000000000000000
8580;2367;0,500000000000000000000
8580;3418;0,500000000000000000000
8623;1234;0,125000000000000000000
8623;2046;0,250000000000000000000
8623;2054;0,375000000000000000000
8623;9391;0,250000000000000000000
8648;4885;0,500000000000000000000
8648;442813;0,500000000000000000000
8715;4583;0,333333333333333333333
8715;9898;0,333333333333333333333
8715;89703;0,333333333333333333333
8723;1744;0,142857142857142857142
8723;4240;0,285714285714285714285
8723;7221;0,285714285714285714285
8723;9686;0,142857142857142857142
8723;533247;0,142857142857142857142
8749;4244;0,333333333333333333333
8749;8912;0,666666666666666666666
8786;8787;1,000000000000000000000
8787;8363;1,000000000000000000000
8805;3471;1,000000000000000000000
8818;144425;1,000000000000000000000
8820;1042;1,000000000000000000000
8826;8832;1,000000000000000000000
8832;8826;1,000000000000000000000
8837;2421;1,000000000000000000000
8843;12698;1,000000000000000000000
8909;1439;0,250000000000000000000
8909;1440;0,250000000000000000000
8909;2198;0,500000000000000000000
8910;2489;1,000000000000000000000
8912;4244;1,000000000000000000000
8957;313;1,000000000000000000000
9026;2779;1,000000000000000000000
9065;1041;1,000000000000000000000
9068;1041;0,333333333333333333333
9068;2275;0,333333333333333333333
9068;373677;0,333333333333333333333
9069;240;0,333333333333333333333
9069;1220;0,333333333333333333333
9069;2275;0,333333333333333333333
9114;1824;0,500000000000000000000
9114;3916;0,500000000000000000000
9184;977;0,500000000000000000000
9184;7221;0,500000000000000000000
9230;53224;1,000000000000000000000
9274;3704;1,000000000000000000000
9288;3197;1,000000000000000000000
9296;978;1,000000000000000000000
9338;13178;1,000000000000000000000
9356;1171;0,666666666666666666666
9356;3161;0,166666666666666666666
9356;12938;0,166666666666666666666
9367;295;0,333333333333333333333
9367;1100;0,666666666666666666666
9380;411;1,000000000000000000000
9381;533247;1,000000000000000000000
9382;533247;1,000000000000000000000
9384;533247;1,000000000000000000000
9390;521;1,000000000000000000000
9391;2054;1,000000000000000000000
9392;6316;1,000000000000000000000
9395;65;0,100000000000000000000
9395;6962;0,700000000000000000000
9395;499117;0,100000000000000000000
9395;533247;0,100000000000000000000
9398;1676;1,000000000000000000000
9399;521;1,000000000000000000000
9402;496;0,500000000000000000000
9402;533247;0,500000000000000000000
9407;533247;1,000000000000000000000
9409;2385;1,000000000000000000000
9410;41776;1,000000000000000000000
9412;533247;1,000000000000000000000
9413;496;0,333333333333333333333
9413;533247;0,666666666666666666666
9414;533247;1,000000000000000000000
9415;977;1,000000000000000000000
9433;5632;1,000000000000000000000
9438;5519;0,800000000000000000000
9438;6316;0,200000000000000000000
9441;533247;1,000000000000000000000
9476;2199;1,000000000000000000000
9481;3180;1,000000000000000000000
9483;928;0,500000000000000000000
9483;2091;0,500000000000000000000
9513;1073;0,153846153846153846153
9513;1157;0,153846153846153846153
9513;1984;0,153846153846153846153
9513;1985;0,230769230769230769230
9513;4918;0,076923076923076923076
9513;4919;0,076923076923076923076
9513;8164;0,153846153846153846153
9554;29376;1,000000000000000000000
9651;29028;1,000000000000000000000
9686;8723;1,000000000000000000000
9693;695;1,000000000000000000000
9720;3260;1,000000000000000000000
9721;39;0,500000000000000000000
9721;8985;0,500000000000000000000
9722;5016;0,500000000000000000000
9722;5918;0,500000000000000000000
9730;666007;1,000000000000000000000
9762;5093;1,000000000000000000000
9898;1681;0,200000000000000000000
9898;3575;0,200000000000000000000
9898;7630;0,200000000000000000000
9898;7873;0,200000000000000000000
9898;113365;0,200000000000000000000
9940;964;1,000000000000000000000
9951;3648;1,000000000000000000000
9982;2137;0,500000000000000000000
9982;28366;0,500000000000000000000
9998;21734;1,000000000000000000000
10020;861;0,333333333333333333333
10020;2087;0,333333333333333333333
10020;4213;0,333333333333333333333
10093;2230;1,000000000000000000000
10177;1608;1,000000000000000000000
10197;2716;1,000000000000000000000
10338;28;1,000000000000000000000
10507;17516;0,333333333333333333333
10507;28700;0,333333333333333333333
10507;28786;0,333333333333333333333
10523;1293;1,000000000000000000000
10592;113392;1,000000000000000000000
10602;918;1,000000000000000000000
10649;6213;0,333333333333333333333
10649;57838;0,666666666666666666666
10724;1684;1,000000000000000000000
10763;1164;1,000000000000000000000
10860;288;1,000000000000000000000
10892;3251;0,500000000000000000000
10892;6151;0,500000000000000000000
10926;351;0,500000000000000000000
10926;3802;0,500000000000000000000
10946;2272;1,000000000000000000000
11138;3420;0,500000000000000000000
11138;4498;0,500000000000000000000
11369;2275;1,000000000000000000000
11382;2865;0,500000000000000000000
11382;15975;0,500000000000000000000
11527;1596;1,000000000000000000000
11552;22298;1,000000000000000000000
11680;274;0,041666666666666666666
11680;283;0,041666666666666666666
11680;860;0,041666666666666666666
11680;873;0,041666666666666666666
11680;1149;0,041666666666666666666
11680;1591;0,041666666666666666666
11680;1710;0,041666666666666666666
11680;2252;0,041666666666666666666
11680;2472;0,041666666666666666666
11680;2742;0,041666666666666666666
11680;3871;0,041666666666666666666
11680;3992;0,041666666666666666666
11680;4613;0,041666666666666666666
11680;5628;0,041666666666666666666
11680;8489;0,041666666666666666666
11680;8630;0,041666666666666666666
11680;9158;0,041666666666666666666
11680;10018;0,041666666666666666666
11680;10021;0,041666666666666666666
11680;10595;0,041666666666666666666
11680;12865;0,041666666666666666666
11680;13673;0,041666666666666666666
11680;13675;0,041666666666666666666
11680;28834;0,041666666666666666666
11734;4576;1,000000000000000000000
11966;1639;0,166666666666666666666
11966;2269;0,333333333333333333333
11966;2559;0,333333333333333333333
11966;4667;0,166666666666666666666
12156;547;0,020000000000000000000
12156;689;0,020000000000000000000
12156;853;0,080000000000000000000
12156;1319;0,080000000000000000000
12156;1717;0,060000000000000000000
12156;4336;0,020000000000000000000
12156;4425;0,020000000000000000000
12156;4430;0,080000000000000000000
12156;4470;0,060000000000000000000
12156;4772;0,080000000000000000000
12156;5526;0,060000000000000000000
12156;7480;0,020000000000000000000
12156;8568;0,020000000000000000000
12156;8873;0,080000000000000000000
12156;9090;0,060000000000000000000
12156;13622;0,080000000000000000000
12156;27862;0,060000000000000000000
12156;40028;0,020000000000000000000
12156;122436;0,080000000000000000000
12159;1092;0,600000000000000000000
12159;3222;0,400000000000000000000
12165;1912;1,000000000000000000000
12356;504;1,000000000000000000000
12391;12396;1,000000000000000000000
12432;7941;1,000000000000000000000
12433;853;0,500000000000000000000
12433;1355;0,500000000000000000000
12497;28970;1,000000000000000000000
12528;12572;1,000000000000000000000
12563;411;1,000000000000000000000
12706;5790;1,000000000000000000000
12798;5856;1,000000000000000000000
12876;85;0,090909090909090909090
12876;253;0,090909090909090909090
12876;1455;0,090909090909090909090
12876;3503;0,090909090909090909090
12876;5142;0,090909090909090909090
12876;6444;0,090909090909090909090
12876;7886;0,090909090909090909090
12876;10823;0,090909090909090909090
12876;12880;0,090909090909090909090
12876;251238;0,090909090909090909090
12876;283638;0,090909090909090909090
12880;12876;1,000000000000000000000
12936;978;1,000000000000000000000
12938;2479;0,500000000000000000000
12938;9356;0,500000000000000000000
12964;854;1,000000000000000000000
13006;16644;1,000000000000000000000
13026;2223;1,000000000000000000000
13141;38;0,500000000000000000000
13141;3518;0,500000000000000000000
13291;3508;1,000000000000000000000
13310;6694;1,000000000000000000000
13369;6503;1,000000000000000000000
13372;7762;1,000000000000000000000
13396;3395;0,600000000000000000000
13396;474028;0,400000000000000000000
13472;740;1,000000000000000000000
13482;5647;1,000000000000000000000
13673;3103;1,000000000000000000000
13720;54;1,000000000000000000000
13796;3694;1,000000000000000000000
13799;5657;1,000000000000000000000
13850;1041;0,333333333333333333333
13850;1220;0,333333333333333333333
13850;16497;0,333333333333333333333
13899;1082;1,000000000000000000000
13907;652;0,500000000000000000000
13907;1864;0,500000000000000000000
14010;3318;0,500000000000000000000
14010;743909;0,500000000000000000000
14048;740;1,000000000000000000000
14050;1293;1,000000000000000000000
14151;131383;1,000000000000000000000
14652;1288;0,500000000000000000000
14652;4750;0,500000000000000000000
14826;1637;1,000000000000000000000
15048;1684;1,000000000000000000000
15207;11263;1,000000000000000000000
15302;2834;1,000000000000000000000
15331;176;1,000000000000000000000
15471;275;0,181818181818181818181
15471;731;0,272727272727272727272
15471;3829;0,363636363636363636363
15471;7560;0,090909090909090909090
15471;95154;0,090909090909090909090
15887;16644;1,000000000000000000000
15975;1239;0,333333333333333333333
15975;11382;0,666666666666666666666
16497;1041;0,500000000000000000000
16497;13850;0,500000000000000000000
16659;12769;1,000000000000000000000
17269;918;0,333333333333333333333
17269;3362;0,666666666666666666666
17278;2467;0,666666666666666666666
17278;2993;0,333333333333333333333
17281;2467;1,000000000000000000000
17323;2147;0,333333333333333333333
17323;5082;0,666666666666666666666
17426;324897;1,000000000000000000000
17449;979;0,666666666666666666666
17449;1030;0,333333333333333333333
17596;13599;1,000000000000000000000
17611;2993;1,000000000000000000000
17678;3212;0,500000000000000000000
17678;4576;0,500000000000000000000
17762;2794;1,000000000000000000000
18145;533247;1,000000000000000000000
18247;6581;1,000000000000000000000
18398;967766;1,000000000000000000000
18517;1064;1,000000000000000000000
18641;54;0,062500000000000000000
18641;249;0,062500000000000000000
18641;396;0,062500000000000000000
18641;520;0,062500000000000000000
18641;522;0,062500000000000000000
18641;622;0,062500000000000000000
18641;891;0,062500000000000000000
18641;990;0,062500000000000000000
18641;1064;0,062500000000000000000
18641;1122;0,062500000000000000000
18641;1724;0,062500000000000000000
18641;3096;0,062500000000000000000
18641;3098;0,062500000000000000000
18641;3100;0,062500000000000000000
18641;3256;0,062500000000000000000
18641;41776;0,062500000000000000000
19031;815;1,000000000000000000000
19176;805;0,333333333333333333333
19176;6151;0,333333333333333333333
19176;276505;0,333333333333333333333
20307;248832;1,000000000000000000000
20843;829;0,250000000000000000000
20843;1476;0,750000000000000000000
20853;1462;1,000000000000000000000
20969;6581;1,000000000000000000000
21154;1277;1,000000000000000000000
21697;24;1,000000000000000000000
21986;28152;1,000000000000000000000
22123;1046;0,333333333333333333333
22123;1253;0,666666666666666666666
22298;1439;1,000000000000000000000
23096;398787;1,000000000000000000000
23720;754;0,250000000000000000000
23720;1116;0,250000000000000000000
23720;1370;0,250000000000000000000
23720;2237;0,250000000000000000000
25205;2275;1,000000000000000000000
25229;2275;1,000000000000000000000
25230;1041;0,333333333333333333333
25230;1771;0,166666666666666666666
25230;1894;0,500000000000000000000
25488;504;1,000000000000000000000
26219;721;0,105263157894736842105
26219;1710;0,052631578947368421052
26219;2235;0,052631578947368421052
26219;2326;0,052631578947368421052
26219;2844;0,052631578947368421052
26219;3249;0,052631578947368421052
26219;3585;0,052631578947368421052
26219;3879;0,052631578947368421052
26219;4247;0,052631578947368421052
26219;4518;0,052631578947368421052
26219;4534;0,052631578947368421052
26219;4538;0,052631578947368421052
26219;6800;0,052631578947368421052
26219;7624;0,052631578947368421052
26219;14125;0,052631578947368421052
26219;16655;0,052631578947368421052
26219;16658;0,052631578947368421052
26219;28034;0,052631578947368421052
26354;3465;1,000000000000000000000
26786;8910;1,000000000000000000000
27064;387437;1,000000000000000000000
27065;1220;0,500000000000000000000
27065;2275;0,500000000000000000000
27066;6641;1,000000000000000000000
27141;9651;1,000000000000000000000
27173;5082;1,000000000000000000000
27416;2130;1,000000000000000000000
27836;1681;0,500000000000000000000
27836;3575;0,500000000000000000000
28017;475;0,333333333333333333333
28017;3975;0,333333333333333333333
28017;499117;0,333333333333333333333
28101;28109;1,000000000000000000000
28194;2275;1,000000000000000000000
28342;22864;1,000000000000000000000
28405;615;1,000000000000000000000
28528;854;0,333333333333333333333
28528;2326;0,333333333333333333333
28528;2659;0,333333333333333333333
28538;475;1,000000000000000000000
28567;163;1,000000000000000000000
28600;1462;1,000000000000000000000
28641;9514;1,000000000000000000000
28826;978;0,333333333333333333333
28826;1684;0,333333333333333333333
28826;2657;0,333333333333333333333
29067;2276;1,000000000000000000000
29081;2009;1,000000000000000000000
30696;2850;1,000000000000000000000
31343;4825;1,000000000000000000000
31885;2467;1,000000000000000000000
33843;5530;1,000000000000000000000
37812;1991;1,000000000000000000000
38589;625;0,476190476190476190476
38589;2230;0,023809523809523809523
38589;3393;0,023809523809523809523
38589;6203;0,476190476190476190476
40028;5617;1,000000000000000000000
41565;1069;0,500000000000000000000
41565;5042;0,500000000000000000000
41776;77;0,125000000000000000000
41776;802;0,125000000000000000000
41776;1879;0,125000000000000000000
41776;3085;0,125000000000000000000
41776;5493;0,125000000000000000000
41776;9410;0,375000000000000000000
42210;412;1,000000000000000000000
43844;8928;1,000000000000000000000
44336;11465;1,000000000000000000000
45718;45724;1,000000000000000000000
47032;4039;1,000000000000000000000
47352;95154;1,000000000000000000000
48862;669;1,000000000000000000000
53224;9230;1,000000000000000000000
54440;54;0,500000000000000000000
54440;2007;0,500000000000000000000
54879;1340;0,333333333333333333333
54879;3223;0,333333333333333333333
54879;59745;0,333333333333333333333
57838;10649;1,000000000000000000000
59745;43;0,058823529411764705882
59745;138;0,117647058823529411764
59745;1169;0,058823529411764705882
59745;1489;0,058823529411764705882
59745;3219;0,058823529411764705882
59745;54879;0,058823529411764705882
59745;59841;0,058823529411764705882
59745;78108;0,117647058823529411764
59745;366089;0,235294117647058823529
59745;374246;0,117647058823529411764
59745;408414;0,058823529411764705882
59841;846;0,090909090909090909090
59841;1065;0,090909090909090909090
59841;2731;0,090909090909090909090
59841;4148;0,090909090909090909090
59841;59745;0,181818181818181818181
59841;192866;0,363636363636363636363
59841;408414;0,090909090909090909090
59867;899;1,000000000000000000000
63869;4004;1,000000000000000000000
65998;4145;0,909090909090909090909
65998;66075;0,090909090909090909090
66075;4145;0,750000000000000000000
66075;715172;0,250000000000000000000
71411;213;0,111111111111111111111
71411;747;0,111111111111111111111
71411;748;0,111111111111111111111
71411;995;0,222222222222222222222
71411;76428;0,222222222222222222222
71411;81648;0,222222222222222222222
75230;1967;1,000000000000000000000
75827;747;0,333333333333333333333
75827;28517;0,333333333333333333333
75827;71411;0,333333333333333333333
75828;748;0,500000000000000000000
75828;71411;0,500000000000000000000
78108;662;0,071428571428571428571
78108;3523;0,357142857142857142857
78108;59745;0,071428571428571428571
78108;98841;0,142857142857142857142
78108;366089;0,142857142857142857142
78108;408414;0,071428571428571428571
78108;940328;0,142857142857142857142
81648;71411;1,000000000000000000000
93146;890;0,750000000000000000000
93146;4501;0,250000000000000000000
94073;1864;1,000000000000000000000
95154;1471;0,200000000000000000000
95154;15471;0,400000000000000000000
95154;47352;0,400000000000000000000
98841;528;0,250000000000000000000
98841;662;0,250000000000000000000
98841;1118;0,250000000000000000000
98841;1196;0,250000000000000000000
112062;6189;1,000000000000000000000
113365;2421;1,000000000000000000000
113392;148;0,142857142857142857142
113392;291;0,285714285714285714285
113392;660;0,142857142857142857142
113392;8306;0,142857142857142857142
113392;393418;0,285714285714285714285
113459;859;1,000000000000000000000
114536;1681;1,000000000000000000000
119973;12563;0,666666666666666666666
119973;687941;0,333333333333333333333
122436;728154;1,000000000000000000000
131383;7713;1,000000000000000000000
136265;1429;1,000000000000000000000
136664;7577;1,000000000000000000000
139869;95084;1,000000000000000000000
140271;835;1,000000000000000000000
144425;2847;0,200000000000000000000
144425;5484;0,200000000000000000000
144425;8818;0,200000000000000000000
144425;28853;0,200000000000000000000
144425;353914;0,200000000000000000000
146462;1364;0,333333333333333333333
146462;1988;0,333333333333333333333
146462;11680;0,333333333333333333333
152027;3007;1,000000000000000000000
157662;2834;1,000000000000000000000
157749;667;1,000000000000000000000
160268;1182;1,000000000000000000000
163510;846;1,000000000000000000000
173893;275;0,090909090909090909090
173893;282;0,181818181818181818181
173893;477;0,090909090909090909090
173893;731;0,181818181818181818181
173893;4039;0,090909090909090909090
173893;5138;0,090909090909090909090
173893;30063;0,090909090909090909090
173893;282773;0,181818181818181818181
179346;2817;1,000000000000000000000
184987;17278;1,000000000000000000000
189452;277;1,000000000000000000000
191488;1175;0,333333333333333333333
191488;5511;0,333333333333333333333
191488;714174;0,333333333333333333333
192866;71;0,100000000000000000000
192866;845;0,100000000000000000000
192866;846;0,500000000000000000000
192866;2731;0,100000000000000000000
192866;59841;0,200000000000000000000
193005;1437;0,500000000000000000000
193005;192866;0,500000000000000000000
219255;2007;1,000000000000000000000
229072;4881;1,000000000000000000000
239964;2512;1,000000000000000000000
239969;239963;0,666666666666666666666
239969;366672;0,333333333333333333333
245879;54;0,033333333333333333333
245879;468;0,033333333333333333333
245879;645;0,033333333333333333333
245879;689;0,033333333333333333333
245879;839;0,033333333333333333333
245879;861;0,033333333333333333333
245879;869;0,033333333333333333333
245879;891;0,033333333333333333333
245879;1065;0,033333333333333333333
245879;1104;0,033333333333333333333
245879;1122;0,033333333333333333333
245879;1316;0,033333333333333333333
245879;1608;0,033333333333333333333
245879;1724;0,033333333333333333333
245879;1898;0,033333333333333333333
245879;2561;0,033333333333333333333
245879;2991;0,033333333333333333333
245879;3045;0,066666666666666666666
245879;3100;0,033333333333333333333
245879;3234;0,033333333333333333333
245879;3446;0,033333333333333333333
245879;4004;0,033333333333333333333
245879;4020;0,033333333333333333333
245879;7111;0,033333333333333333333
245879;7711;0,033333333333333333333
245879;8985;0,033333333333333333333
245879;12432;0,033333333333333333333
245879;13622;0,033333333333333333333
245879;21490;0,033333333333333333333
248141;529797;1,000000000000000000000
248831;2064;0,058823529411764705882
248831;2156;0,058823529411764705882
248831;6027;0,058823529411764705882
248831;10633;0,058823529411764705882
248831;20666;0,058823529411764705882
248831;27286;0,058823529411764705882
248831;29796;0,058823529411764705882
248831;239965;0,058823529411764705882
248831;248834;0,058823529411764705882
248831;255740;0,058823529411764705882
248831;283638;0,058823529411764705882
248831;331627;0,058823529411764705882
248831;365534;0,058823529411764705882
248831;365536;0,176470588235294117647
248831;388810;0,058823529411764705882
248832;20307;1,000000000000000000000
248834;5012;0,500000000000000000000
248834;8478;0,500000000000000000000
248836;2504;1,000000000000000000000
248837;240;1,000000000000000000000
248840;975;1,000000000000000000000
248841;66;1,000000000000000000000
251668;122;1,000000000000000000000
255899;12430;1,000000000000000000000
256951;5484;1,000000000000000000000
257324;474;1,000000000000000000000
276780;17276;1,000000000000000000000
278351;706;1,000000000000000000000
281067;3234;0,500000000000000000000
281067;6535;0,500000000000000000000
281170;787;0,333333333333333333333
281170;1310;0,333333333333333333333
281170;5174;0,333333333333333333333
282773;282;1,000000000000000000000
282900;733;1,000000000000000000000
283633;2293;0,250000000000000000000
283633;2302;0,500000000000000000000
283633;283638;0,250000000000000000000
283636;85;0,014285714285714285714
283636;122;0,014285714285714285714
283636;181;0,014285714285714285714
283636;182;0,014285714285714285714
283636;210;0,014285714285714285714
283636;222;0,014285714285714285714
283636;247;0,014285714285714285714
283636;254;0,014285714285714285714
283636;472;0,014285714285714285714
283636;625;0,014285714285714285714
283636;798;0,014285714285714285714
283636;875;0,014285714285714285714
283636;972;0,014285714285714285714
283636;984;0,014285714285714285714
283636;1142;0,014285714285714285714
283636;1154;0,014285714285714285714
283636;1493;0,014285714285714285714
283636;1496;0,014285714285714285714
283636;1639;0,014285714285714285714
283636;1779;0,014285714285714285714
283636;1820;0,014285714285714285714
283636;1917;0,014285714285714285714
283636;1981;0,014285714285714285714
283636;1983;0,014285714285714285714
283636;2133;0,014285714285714285714
283636;2230;0,014285714285714285714
283636;2269;0,014285714285714285714
283636;2302;0,014285714285714285714
283636;2375;0,014285714285714285714
283636;2464;0,014285714285714285714
283636;2742;0,014285714285714285714
283636;2756;0,014285714285714285714
283636;2796;0,014285714285714285714
283636;2847;0,014285714285714285714
283636;2853;0,014285714285714285714
283636;3246;0,014285714285714285714
283636;3393;0,014285714285714285714
283636;3485;0,014285714285714285714
283636;3503;0,014285714285714285714
283636;3528;0,014285714285714285714
283636;3636;0,014285714285714285714
283636;4050;0,014285714285714285714
283636;4098;0,014285714285714285714
283636;4250;0,014285714285714285714
283636;4336;0,014285714285714285714
283636;4553;0,014285714285714285714
283636;5042;0,014285714285714285714
283636;5142;0,014285714285714285714
283636;5155;0,014285714285714285714
283636;5158;0,014285714285714285714
283636;5223;0,014285714285714285714
283636;5227;0,014285714285714285714
283636;5373;0,014285714285714285714
283636;6203;0,014285714285714285714
283636;6543;0,014285714285714285714
283636;6746;0,014285714285714285714
283636;7005;0,014285714285714285714
283636;8786;0,014285714285714285714
283636;8787;0,014285714285714285714
283636;9984;0,014285714285714285714
283636;10763;0,014285714285714285714
283636;12864;0,014285714285714285714
283636;12865;0,014285714285714285714
283636;52443;0,014285714285714285714
283636;144425;0,014285714285714285714
283636;257563;0,042857142857142857142
283636;283635;0,014285714285714285714
283636;283637;0,014285714285714285714
283638;3656;0,333333333333333333333
283638;7142;0,333333333333333333333
283638;283633;0,333333333333333333333
286660;3033;1,000000000000000000000
306994;458;1,000000000000000000000
321395;1131;0,333333333333333333333
321395;642255;0,666666666666666666666
324897;17426;1,000000000000000000000
325286;2421;1,000000000000000000000
326192;418454;1,000000000000000000000
327099;3223;1,000000000000000000000
330168;2421;1,000000000000000000000
331627;38;1,000000000000000000000
333343;1231;1,000000000000000000000
335189;5500;1,000000000000000000000
336063;2007;1,000000000000000000000
336640;222;0,142857142857142857142
336640;635;0,142857142857142857142
336640;1637;0,714285714285714285714
343087;870;0,333333333333333333333
343087;2218;0,333333333333333333333
343087;3564;0,333333333333333333333
343358;115;0,500000000000000000000
343358;490;0,166666666666666666666
343358;2352;0,166666666666666666666
343358;5528;0,166666666666666666666
343424;6812;1,000000000000000000000
347540;61;0,333333333333333333333
347540;66;0,666666666666666666666
349041;54;0,051282051282051282051
349041;194;0,205128205128205128205
349041;472;0,025641025641025641025
349041;628;0,179487179487179487179
349041;1109;0,025641025641025641025
349041;1754;0,153846153846153846153
349041;1940;0,333333333333333333333
349041;453859;0,025641025641025641025
349155;11369;1,000000000000000000000
352420;4237;1,000000000000000000000
353914;144425;1,000000000000000000000
355336;3383;1,000000000000000000000
365532;37;0,500000000000000000000
365532;609;0,500000000000000000000
365534;5481;0,500000000000000000000
365534;365536;0,500000000000000000000
365536;248831;0,666666666666666666666
365536;365534;0,333333333333333333333
366089;71;0,333333333333333333333
366089;194;0,166666666666666666666
366089;59745;0,333333333333333333333
366089;408414;0,166666666666666666666
367121;7341;1,000000000000000000000
368117;7748;1,000000000000000000000
368482;13372;1,000000000000000000000
373677;1041;1,000000000000000000000
373924;2504;1,000000000000000000000
374246;558;0,333333333333333333333
374246;983;0,333333333333333333333
374246;2657;0,333333333333333333333
386794;74;0,375000000000000000000
386794;16527;0,375000000000000000000
386794;17634;0,250000000000000000000
387437;1771;0,666666666666666666666
387437;27064;0,333333333333333333333
387438;1220;0,500000000000000000000
387438;1771;0,500000000000000000000
388810;964;0,500000000000000000000
388810;2421;0,500000000000000000000
393418;37;0,250000000000000000000
393418;38;0,083333333333333333333
393418;296;0,083333333333333333333
393418;891;0,083333333333333333333
393418;3685;0,083333333333333333333
393418;4100;0,083333333333333333333
393418;6461;0,166666666666666666666
393418;113392;0,166666666666666666666
398786;749;1,000000000000000000000
398787;23096;1,000000000000000000000
403195;747;1,000000000000000000000
408414;138;0,020408163265306122448
408414;289;0,040816326530612244897
408414;307;0,020408163265306122448
408414;454;0,020408163265306122448
408414;492;0,040816326530612244897
408414;520;0,020408163265306122448
408414;1169;0,061224489795918367346
408414;1329;0,020408163265306122448
408414;1455;0,040816326530612244897
408414;1552;0,020408163265306122448
408414;1562;0,040816326530612244897
408414;1563;0,040816326530612244897
408414;1610;0,040816326530612244897
408414;1705;0,040816326530612244897
408414;1708;0,040816326530612244897
408414;1848;0,020408163265306122448
408414;2196;0,040816326530612244897
408414;2506;0,040816326530612244897
408414;2826;0,040816326530612244897
408414;5753;0,040816326530612244897
408414;7994;0,040816326530612244897
408414;8580;0,040816326530612244897
408414;13502;0,020408163265306122448
408414;59745;0,061224489795918367346
408414;78108;0,040816326530612244897
408414;366089;0,061224489795918367346
408414;499117;0,020408163265306122448
408414;604246;0,020408163265306122448
431565;2547;1,000000000000000000000
432293;1140;1,000000000000000000000
434991;918;1,000000000000000000000
440509;434991;1,000000000000000000000
442813;266;1,000000000000000000000
453859;700;0,666666666666666666666
453859;352262;0,333333333333333333333
471750;266;1,000000000000000000000
474028;72;0,375000000000000000000
474028;2364;0,375000000000000000000
474028;3395;0,125000000000000000000
474028;622466;0,125000000000000000000
494193;3174;0,250000000000000000000
494193;4384;0,750000000000000000000
495830;1459;0,250000000000000000000
495830;11890;0,250000000000000000000
495830;12339;0,250000000000000000000
495830;862844;0,250000000000000000000
499117;475;0,111111111111111111111
499117;1169;0,444444444444444444444
499117;28017;0,111111111111111111111
499117;59745;0,111111111111111111111
499117;366089;0,111111111111111111111
499117;408414;0,111111111111111111111
507180;530;0,500000000000000000000
507180;1391;0,250000000000000000000
507180;4173;0,250000000000000000000
512469;5214;1,000000000000000000000
525330;877;0,055555555555555555555
525330;878;0,055555555555555555555
525330;883;0,055555555555555555555
525330;887;0,055555555555555555555
525330;1044;0,055555555555555555555
525330;2214;0,055555555555555555555
525330;2215;0,055555555555555555555
525330;3403;0,055555555555555555555
525330;4765;0,055555555555555555555
525330;5459;0,055555555555555555555
525330;6624;0,055555555555555555555
525330;7780;0,055555555555555555555
525330;9434;0,055555555555555555555
525330;10740;0,055555555555555555555
525330;12798;0,055555555555555555555
525330;20669;0,055555555555555555555
525330;173632;0,055555555555555555555
525330;329359;0,055555555555555555555
529797;2218;1,000000000000000000000
533247;65;0,058823529411764705882
533247;846;0,117647058823529411764
533247;970;0,058823529411764705882
533247;2052;0,117647058823529411764
533247;2147;0,058823529411764705882
533247;2786;0,058823529411764705882
533247;2863;0,117647058823529411764
533247;4829;0,058823529411764705882
533247;5167;0,058823529411764705882
533247;5367;0,058823529411764705882
533247;5444;0,058823529411764705882
533247;5459;0,058823529411764705882
533247;5487;0,058823529411764705882
533247;6316;0,058823529411764705882
533535;237;1,000000000000000000000
587057;3318;1,000000000000000000000
589508;2551;1,000000000000000000000
604246;2277;1,000000000000000000000
604484;17389;0,500000000000000000000
604484;17549;0,500000000000000000000
606566;2362;1,000000000000000000000
612735;27672;0,500000000000000000000
612735;604484;0,500000000000000000000
623129;845;0,250000000000000000000
623129;982;0,250000000000000000000
623129;1041;0,250000000000000000000
623129;193005;0,250000000000000000000
642255;452;0,050000000000000000000
642255;876;0,900000000000000000000
642255;321395;0,050000000000000000000
653504;38738;1,000000000000000000000
665791;754;1,000000000000000000000
666007;1589;1,000000000000000000000
693032;281;0,090909090909090909090
693032;452;0,090909090909090909090
693032;819;0,090909090909090909090
693032;1129;0,181818181818181818181
693032;1370;0,181818181818181818181
693032;23720;0,181818181818181818181
693032;791903;0,181818181818181818181
714174;2;0,200000000000000000000
714174;13472;0,200000000000000000000
714174;491902;0,200000000000000000000
714174;1002558;0,400000000000000000000
715172;66075;1,000000000000000000000
725179;571;0,250000000000000000000
725179;1124;0,500000000000000000000
725179;701610;0,250000000000000000000
728154;122436;1,000000000000000000000
743909;2140;0,500000000000000000000
743909;14010;0,500000000000000000000
744732;520;1,000000000000000000000
747808;1552;0,200000000000000000000
747808;1754;0,200000000000000000000
747808;4991;0,200000000000000000000
747808;6721;0,400000000000000000000
771844;2479;1,000000000000000000000
791903;281;0,200000000000000000000
791903;1129;0,200000000000000000000
791903;1370;0,200000000000000000000
791903;23720;0,200000000000000000000
791903;693032;0,200000000000000000000
851827;865;0,500000000000000000000
851827;6297;0,500000000000000000000
862844;495830;1,000000000000000000000
881832;3141;1,000000000000000000000
886788;941;0,500000000000000000000
886788;2990;0,500000000000000000000
906176;695;0,117647058823529411764
906176;3523;0,470588235294117647058
906176;78108;0,058823529411764705882
906176;366089;0,058823529411764705882
906176;533535;0,058823529411764705882
906176;940328;0,235294117647058823529
931417;232;1,000000000000000000000
940328;71;0,125000000000000000000
940328;3523;0,250000000000000000000
940328;78108;0,125000000000000000000
940328;366089;0,125000000000000000000
940328;906176;0,375000000000000000000
965643;2991;1,000000000000000000000
1002558;714174;1,000000000000000000000
