2;1902;0,500000000000000000000
2;6622;0,500000000000000000000
7;13416;1,000000000000000000000
22;190;0,500000000000000000000
22;2043;0,500000000000000000000
39;135;0,090909090909090909090
39;521;0,090909090909090909090
39;527;0,090909090909090909090
39;585;0,090909090909090909090
39;689;0,090909090909090909090
39;738;0,181818181818181818181
39;1080;0,090909090909090909090
39;1589;0,181818181818181818181
39;22123;0,090909090909090909090
48;178;0,363636363636363636363
48;2428;0,090909090909090909090
48;4831;0,181818181818181818181
48;5127;0,181818181818181818181
48;324897;0,090909090909090909090
48;366672;0,090909090909090909090
54;119;0,230769230769230769230
54;256;0,076923076923076923076
54;1116;0,307692307692307692307
54;1663;0,076923076923076923076
54;2184;0,076923076923076923076
54;3120;0,076923076923076923076
54;7111;0,153846153846153846153
57;71;0,166666666666666666666
57;1948;0,333333333333333333333
57;2479;0,500000000000000000000
63;1141;1,000000000000000000000
65;190;0,029411764705882352941
65;192;0,029411764705882352941
65;240;0,029411764705882352941
65;277;0,029411764705882352941
65;526;0,029411764705882352941
65;621;0,029411764705882352941
65;622;0,029411764705882352941
65;689;0,029411764705882352941
65;841;0,029411764705882352941
65;877;0,029411764705882352941
65;1122;0,088235294117647058823
65;1150;0,029411764705882352941
65;1286;0,058823529411764705882
65;1326;0,029411764705882352941
65;1443;0,058823529411764705882
65;1754;0,058823529411764705882
65;2071;0,058823529411764705882
65;4414;0,029411764705882352941
65;5632;0,029411764705882352941
65;6213;0,029411764705882352941
65;7759;0,029411764705882352941
65;8623;0,029411764705882352941
65;9395;0,029411764705882352941
65;9686;0,029411764705882352941
65;14151;0,029411764705882352941
65;112062;0,088235294117647058823
71;57;0,038461538461538461538
71;194;0,038461538461538461538
71;360;0,038461538461538461538
71;644;0,076923076923076923076
71;645;0,038461538461538461538
71;688;0,038461538461538461538
71;695;0,076923076923076923076
71;835;0,038461538461538461538
71;995;0,076923076923076923076
71;1143;0,038461538461538461538
71;1152;0,038461538461538461538
71;1754;0,038461538461538461538
71;2223;0,038461538461538461538
71;2355;0,038461538461538461538
71;3098;0,076923076923076923076
71;3141;0,038461538461538461538
71;3523;0,038461538461538461538
71;4024;0,076923076923076923076
71;4512;0,076923076923076923076
71;15643;0,038461538461538461538
72;517;0,062500000000000000000
72;3395;0,812500000000000000000
72;4510;0,062500000000000000000
72;219164;0,062500000000000000000
74;498;0,250000000000000000000
74;3096;0,250000000000000000000
74;3859;0,250000000000000000000
74;5493;0,250000000000000000000
77;528;0,500000000000000000000
77;2029;0,500000000000000000000
80;452;0,050000000000000000000
80;502;0,100000000000000000000
80;531;0,200000000000000000000
80;668;0,200000000000000000000
80;718;0,050000000000000000000
80;754;0,050000000000000000000
80;876;0,050000000000000000000
80;1129;0,050000000000000000000
80;1131;0,050000000000000000000
80;1174;0,050000000000000000000
80;1391;0,050000000000000000000
80;3443;0,050000000000000000000
80;321395;0,050000000000000000000
83;1504;0,176470588235294117647
83;1862;0,176470588235294117647
83;5239;0,176470588235294117647
83;5591;0,117647058823529411764
83;6635;0,352941176470588235294
90;9391;0,500000000000000000000
90;151009;0,500000000000000000000
96;122;0,035714285714285714285
96;237;0,059523809523809523809
96;247;0,023809523809523809523
96;248;0,023809523809523809523
96;249;0,023809523809523809523
96;250;0,035714285714285714285
96;251;0,023809523809523809523
96;261;0,011904761904761904761
96;283;0,011904761904761904761
96;615;0,107142857142857142857
96;1154;0,023809523809523809523
96;1156;0,023809523809523809523
96;1967;0,178571428571428571428
96;2145;0,023809523809523809523
96;2293;0,119047619047619047619
96;2461;0,047619047619047619047
96;3045;0,071428571428571428571
96;3219;0,059523809523809523809
96;3753;0,023809523809523809523
96;4219;0,011904761904761904761
96;4825;0,047619047619047619047
96;14151;0,011904761904761904761
100;1278;0,500000000000000000000
100;4512;0,500000000000000000000
101;1591;0,500000000000000000000
101;2390;0,500000000000000000000
102;1162;0,500000000000000000000
102;2664;0,500000000000000000000
104;4427;1,000000000000000000000
108;349;0,312500000000000000000
108;1340;0,437500000000000000000
108;1510;0,125000000000000000000
108;3045;0,062500000000000000000
108;4278;0,062500000000000000000
115;392;0,051282051282051282051
115;490;0,051282051282051282051
115;2822;0,051282051282051282051
115;4269;0,051282051282051282051
115;6468;0,153846153846153846153
115;8818;0,102564102564102564102
115;13886;0,025641025641025641025
115;335189;0,076923076923076923076
115;343358;0,179487179487179487179
115;383630;0,230769230769230769230
115;484680;0,025641025641025641025
119;54;0,166666666666666666666
119;596;0,041666666666666666666
119;658;0,083333333333333333333
119;1254;0,041666666666666666666
119;1348;0,041666666666666666666
119;1945;0,041666666666666666666
119;2182;0,041666666666666666666
119;2792;0,041666666666666666666
119;3105;0,125000000000000000000
119;3120;0,041666666666666666666
119;3135;0,041666666666666666666
119;3372;0,041666666666666666666
119;3471;0,041666666666666666666
119;4435;0,125000000000000000000
119;4931;0,041666666666666666666
119;6986;0,041666666666666666666
120;402;1,000000000000000000000
132;550;0,666666666666666666666
132;1348;0,333333333333333333333
135;39;0,017857142857142857142
135;71;0,017857142857142857142
135;183;0,017857142857142857142
135;194;0,017857142857142857142
135;332;0,017857142857142857142
135;360;0,053571428571428571428
135;528;0,017857142857142857142
135;992;0,017857142857142857142
135;1058;0,035714285714285714285
135;1174;0,017857142857142857142
135;1234;0,035714285714285714285
135;1278;0,035714285714285714285
135;1316;0,089285714285714285714
135;1391;0,017857142857142857142
135;1724;0,017857142857142857142
135;1815;0,035714285714285714285
135;1931;0,017857142857142857142
135;1942;0,017857142857142857142
135;1944;0,017857142857142857142
135;2111;0,053571428571428571428
135;2204;0,017857142857142857142
135;3235;0,035714285714285714285
135;4004;0,035714285714285714285
135;4020;0,053571428571428571428
135;5613;0,017857142857142857142
135;5679;0,017857142857142857142
135;6960;0,035714285714285714285
135;7577;0,035714285714285714285
135;8163;0,035714285714285714285
135;8468;0,017857142857142857142
135;12816;0,017857142857142857142
135;13158;0,017857142857142857142
135;398786;0,071428571428571428571
135;408414;0,017857142857142857142
138;1169;0,200000000000000000000
138;4205;0,200000000000000000000
138;4206;0,200000000000000000000
138;7624;0,200000000000000000000
138;366089;0,200000000000000000000
148;37;0,111111111111111111111
148;7648;0,111111111111111111111
148;393418;0,777777777777777777777
151;1625;0,333333333333333333333
151;5167;0,666666666666666666666
162;427048;0,333333333333333333333
162;442813;0,333333333333333333333
162;471750;0,333333333333333333333
163;494;0,071428571428571428571
163;777;0,071428571428571428571
163;937;0,071428571428571428571
163;3306;0,071428571428571428571
163;4283;0,071428571428571428571
163;4299;0,071428571428571428571
163;4432;0,071428571428571428571
163;4438;0,142857142857142857142
163;4465;0,071428571428571428571
163;4471;0,071428571428571428571
163;6413;0,071428571428571428571
163;8049;0,071428571428571428571
163;8928;0,071428571428571428571
166;3774;0,500000000000000000000
166;5679;0,500000000000000000000
172;2578;0,400000000000000000000
172;4299;0,200000000000000000000
172;4432;0,200000000000000000000
172;4440;0,200000000000000000000
174;46;0,003508771929824561403
174;149;0,007017543859649122807
174;220;0,010526315789473684210
174;232;0,010526315789473684210
174;289;0,010526315789473684210
174;313;0,010526315789473684210
174;380;0,003508771929824561403
174;433;0,003508771929824561403
174;437;0,007017543859649122807
174;492;0,007017543859649122807
174;577;0,010526315789473684210
174;712;0,003508771929824561403
174;752;0,003508771929824561403
174;812;0,007017543859649122807
174;870;0,003508771929824561403
174;1014;0,007017543859649122807
174;1036;0,007017543859649122807
174;1064;0,017543859649122807017
174;1167;0,007017543859649122807
174;1173;0,007017543859649122807
174;1186;0,007017543859649122807
174;1187;0,007017543859649122807
174;1282;0,007017543859649122807
174;1303;0,003508771929824561403
174;1321;0,010526315789473684210
174;1402;0,003508771929824561403
174;1424;0,007017543859649122807
174;1445;0,003508771929824561403
174;1453;0,007017543859649122807
174;1455;0,010526315789473684210
174;1560;0,003508771929824561403
174;1561;0,007017543859649122807
174;1562;0,007017543859649122807
174;1563;0,010526315789473684210
174;1564;0,010526315789473684210
174;1565;0,007017543859649122807
174;1566;0,010526315789473684210
174;1567;0,007017543859649122807
174;1608;0,010526315789473684210
174;1609;0,007017543859649122807
174;1610;0,007017543859649122807
174;1629;0,007017543859649122807
174;1632;0,010526315789473684210
174;1685;0,003508771929824561403
174;1686;0,010526315789473684210
174;1687;0,003508771929824561403
174;1688;0,003508771929824561403
174;1689;0,010526315789473684210
174;1690;0,003508771929824561403
174;1691;0,010526315789473684210
174;1692;0,010526315789473684210
174;1693;0,010526315789473684210
174;1694;0,010526315789473684210
174;1695;0,003508771929824561403
174;1696;0,003508771929824561403
174;1697;0,010526315789473684210
174;1698;0,010526315789473684210
174;1699;0,010526315789473684210
174;1700;0,010526315789473684210
174;1702;0,010526315789473684210
174;1703;0,010526315789473684210
174;1705;0,010526315789473684210
174;1706;0,010526315789473684210
174;1707;0,003508771929824561403
174;1708;0,010526315789473684210
174;1709;0,010526315789473684210
174;1763;0,007017543859649122807
174;1766;0,007017543859649122807
174;1769;0,007017543859649122807
174;1883;0,007017543859649122807
174;1887;0,007017543859649122807
174;1906;0,007017543859649122807
174;1910;0,003508771929824561403
174;2008;0,010526315789473684210
174;2196;0,007017543859649122807
174;2254;0,007017543859649122807
174;2470;0,007017543859649122807
174;2506;0,007017543859649122807
174;2607;0,003508771929824561403
174;2799;0,003508771929824561403
174;2825;0,010526315789473684210
174;2826;0,010526315789473684210
174;2828;0,007017543859649122807
174;2890;0,007017543859649122807
174;2968;0,007017543859649122807
174;2976;0,007017543859649122807
174;3049;0,007017543859649122807
174;3323;0,003508771929824561403
174;3359;0,003508771929824561403
174;3364;0,007017543859649122807
174;3418;0,003508771929824561403
174;3427;0,003508771929824561403
174;3647;0,003508771929824561403
174;3648;0,003508771929824561403
174;3768;0,003508771929824561403
174;3960;0,003508771929824561403
174;3971;0,007017543859649122807
174;4245;0,007017543859649122807
174;4386;0,007017543859649122807
174;4518;0,007017543859649122807
174;4526;0,003508771929824561403
174;4697;0,007017543859649122807
174;5478;0,007017543859649122807
174;5601;0,003508771929824561403
174;6072;0,007017543859649122807
174;6144;0,007017543859649122807
174;6634;0,003508771929824561403
174;6940;0,007017543859649122807
174;7146;0,003508771929824561403
174;7168;0,007017543859649122807
174;7874;0,007017543859649122807
174;7994;0,007017543859649122807
174;8580;0,007017543859649122807
174;8590;0,007017543859649122807
174;8899;0,003508771929824561403
174;8902;0,003508771929824561403
174;8957;0,007017543859649122807
174;9261;0,007017543859649122807
174;9694;0,007017543859649122807
174;9955;0,007017543859649122807
174;10093;0,007017543859649122807
174;10176;0,007017543859649122807
174;10177;0,007017543859649122807
174;10178;0,007017543859649122807
174;10179;0,007017543859649122807
174;11476;0,003508771929824561403
174;12372;0,003508771929824561403
174;13270;0,003508771929824561403
174;13291;0,003508771929824561403
174;13360;0,007017543859649122807
174;14653;0,007017543859649122807
174;18517;0,007017543859649122807
174;18525;0,007017543859649122807
174;19176;0,003508771929824561403
174;19177;0,003508771929824561403
174;20915;0,003508771929824561403
174;21396;0,003508771929824561403
174;21502;0,007017543859649122807
174;21750;0,003508771929824561403
174;23562;0,003508771929824561403
174;24209;0,003508771929824561403
174;24536;0,003508771929824561403
174;24810;0,003508771929824561403
174;25861;0,007017543859649122807
174;27708;0,007017543859649122807
174;27715;0,007017543859649122807
174;27731;0,007017543859649122807
174;28434;0,003508771929824561403
174;28457;0,003508771929824561403
174;28463;0,003508771929824561403
174;28467;0,003508771929824561403
179;37;0,250000000000000000000
179;1877;0,250000000000000000000
179;2576;0,250000000000000000000
179;365532;0,250000000000000000000
181;6502;1,000000000000000000000
183;362;0,125000000000000000000
183;530;0,250000000000000000000
183;1278;0,250000000000000000000
183;2374;0,250000000000000000000
183;3418;0,125000000000000000000
184;904;0,500000000000000000000
184;381254;0,500000000000000000000
187;772;0,250000000000000000000
187;3872;0,250000000000000000000
187;4787;0,500000000000000000000
189;608;0,285714285714285714285
189;1082;0,142857142857142857142
189;4576;0,142857142857142857142
189;7756;0,142857142857142857142
189;9707;0,285714285714285714285
190;521;0,100000000000000000000
190;527;0,200000000000000000000
190;2043;0,100000000000000000000
190;3116;0,100000000000000000000
190;3998;0,100000000000000000000
190;5679;0,100000000000000000000
190;6213;0,100000000000000000000
190;9416;0,100000000000000000000
190;27763;0,100000000000000000000
192;496;0,025000000000000000000
192;1109;0,025000000000000000000
192;1667;0,025000000000000000000
192;2037;0,050000000000000000000
192;2271;0,025000000000000000000
192;2272;0,025000000000000000000
192;2359;0,025000000000000000000
192;2644;0,025000000000000000000
192;3296;0,050000000000000000000
192;3591;0,125000000000000000000
192;4364;0,025000000000000000000
192;4561;0,025000000000000000000
192;5214;0,100000000000000000000
192;5564;0,125000000000000000000
192;7762;0,025000000000000000000
192;9387;0,050000000000000000000
192;9413;0,025000000000000000000
192;9432;0,025000000000000000000
192;10946;0,175000000000000000000
192;13372;0,025000000000000000000
194;628;0,333333333333333333333
194;1754;0,333333333333333333333
194;2001;0,333333333333333333333
201;1719;1,000000000000000000000
204;5521;1,000000000000000000000
211;5329;1,000000000000000000000
213;747;0,166666666666666666666
213;1165;0,333333333333333333333
213;1637;0,166666666666666666666
213;90666;0,166666666666666666666
213;403195;0,166666666666666666666
219;531;0,333333333333333333333
219;2516;0,333333333333333333333
219;2518;0,333333333333333333333
220;1563;1,000000000000000000000
228;1225;1,000000000000000000000
232;1064;0,125000000000000000000
232;1487;0,125000000000000000000
232;1563;0,125000000000000000000
232;2657;0,125000000000000000000
232;5148;0,250000000000000000000
232;7577;0,125000000000000000000
232;19176;0,125000000000000000000
241;283;0,250000000000000000000
241;1169;0,250000000000000000000
241;8095;0,250000000000000000000
241;9258;0,250000000000000000000
242;2434;0,083333333333333333333
242;2736;0,250000000000000000000
242;2738;0,083333333333333333333
242;2823;0,500000000000000000000
242;3141;0,083333333333333333333
244;6353;1,000000000000000000000
247;96;0,250000000000000000000
247;384;0,250000000000000000000
247;1154;0,250000000000000000000
247;1637;0,250000000000000000000
248;96;0,166666666666666666666
248;2474;0,333333333333333333333
248;3234;0,333333333333333333333
248;6980;0,166666666666666666666
249;96;0,045454545454545454545
249;283;0,090909090909090909090
249;891;0,045454545454545454545
249;1154;0,045454545454545454545
249;1988;0,045454545454545454545
249;2293;0,136363636363636363636
249;3045;0,045454545454545454545
249;4313;0,090909090909090909090
249;5628;0,045454545454545454545
249;245879;0,409090909090909090909
250;96;0,272727272727272727272
250;267;0,090909090909090909090
250;1149;0,181818181818181818181
250;1448;0,090909090909090909090
250;3234;0,090909090909090909090
250;4613;0,181818181818181818181
250;6347;0,090909090909090909090
256;54;1,000000000000000000000
261;96;0,153846153846153846153
261;237;0,461538461538461538461
261;1141;0,076923076923076923076
261;1364;0,076923076923076923076
261;1917;0,076923076923076923076
261;1988;0,076923076923076923076
261;3797;0,076923076923076923076
263;131;0,500000000000000000000
263;829;0,250000000000000000000
263;846;0,250000000000000000000
266;162;0,043478260869565217391
266;273;0,043478260869565217391
266;522;0,043478260869565217391
266;1080;0,260869565217391304347
266;3944;0,086956521739130434782
266;5257;0,043478260869565217391
266;8648;0,260869565217391304347
266;9721;0,043478260869565217391
266;13398;0,086956521739130434782
266;13814;0,086956521739130434782
267;250;0,100000000000000000000
267;251;0,200000000000000000000
267;678;0,100000000000000000000
267;861;0,200000000000000000000
267;1513;0,100000000000000000000
267;3045;0,100000000000000000000
267;4613;0,100000000000000000000
267;7160;0,100000000000000000000
268;3045;1,000000000000000000000
269;251;0,090909090909090909090
269;2009;0,681818181818181818181
269;2510;0,045454545454545454545
269;4313;0,090909090909090909090
269;4592;0,045454545454545454545
269;10020;0,045454545454545454545
273;612;0,250000000000000000000
273;1589;0,250000000000000000000
273;8648;0,250000000000000000000
273;9726;0,250000000000000000000
276;135;0,250000000000000000000
276;695;0,250000000000000000000
276;3095;0,500000000000000000000
279;3234;0,500000000000000000000
279;7116;0,500000000000000000000
282;275;0,176470588235294117647
282;477;0,176470588235294117647
282;731;0,294117647058823529411
282;5138;0,176470588235294117647
282;173893;0,176470588235294117647
283;249;0,222222222222222222222
283;4359;0,111111111111111111111
283;8489;0,111111111111111111111
283;144425;0,222222222222222222222
283;245879;0,222222222222222222222
283;281170;0,111111111111111111111
284;251;0,500000000000000000000
284;3429;0,500000000000000000000
287;14;0,294117647058823529411
287;28;0,058823529411764705882
287;1216;0,117647058823529411764
287;1262;0,117647058823529411764
287;1829;0,235294117647058823529
287;2073;0,058823529411764705882
287;9941;0,117647058823529411764
288;294;0,029411764705882352941
288;297;0,176470588235294117647
288;1030;0,029411764705882352941
288;1293;0,029411764705882352941
288;1434;0,029411764705882352941
288;1497;0,029411764705882352941
288;2323;0,117647058823529411764
288;2372;0,029411764705882352941
288;3916;0,029411764705882352941
288;3978;0,029411764705882352941
288;5627;0,058823529411764705882
288;5915;0,058823529411764705882
288;6461;0,029411764705882352941
288;8276;0,029411764705882352941
288;8306;0,029411764705882352941
288;8635;0,029411764705882352941
288;9376;0,058823529411764705882
288;11014;0,029411764705882352941
288;12385;0,029411764705882352941
288;14652;0,029411764705882352941
288;15867;0,058823529411764705882
288;23563;0,029411764705882352941
290;4750;0,250000000000000000000
290;5679;0,250000000000000000000
290;8071;0,250000000000000000000
290;9376;0,250000000000000000000
291;13;0,500000000000000000000
291;3716;0,250000000000000000000
291;59745;0,250000000000000000000
292;274;0,333333333333333333333
292;904;0,333333333333333333333
292;3417;0,333333333333333333333
294;288;0,500000000000000000000
294;2372;0,500000000000000000000
295;5679;1,000000000000000000000
296;891;1,000000000000000000000
297;288;0,666666666666666666666
297;5679;0,111111111111111111111
297;25488;0,111111111111111111111
297;27870;0,111111111111111111111
299;1806;1,000000000000000000000
303;252837;1,000000000000000000000
306;5613;1,000000000000000000000
307;378;0,058823529411764705882
307;1240;0,058823529411764705882
307;1325;0,058823529411764705882
307;1326;0,058823529411764705882
307;1327;0,058823529411764705882
307;1329;0,058823529411764705882
307;1330;0,058823529411764705882
307;1331;0,058823529411764705882
307;1333;0,058823529411764705882
307;1335;0,058823529411764705882
307;1337;0,058823529411764705882
307;2152;0,058823529411764705882
307;5831;0,058823529411764705882
307;7278;0,058823529411764705882
307;15437;0,058823529411764705882
307;27808;0,058823529411764705882
307;359941;0,058823529411764705882
309;1948;1,000000000000000000000
313;8568;1,000000000000000000000
317;318;1,000000000000000000000
318;317;1,000000000000000000000
320;2792;0,200000000000000000000
320;5395;0,100000000000000000000
320;5415;0,100000000000000000000
320;7209;0,600000000000000000000
324;1893;0,500000000000000000000
324;434991;0,500000000000000000000
330;4274;0,500000000000000000000
330;5679;0,500000000000000000000
332;452;0,666666666666666666666
332;1116;0,166666666666666666666
332;1130;0,166666666666666666666
334;447;0,500000000000000000000
334;1963;0,500000000000000000000
337;410;0,500000000000000000000
337;4078;0,500000000000000000000
339;1117;0,500000000000000000000
339;27198;0,500000000000000000000
341;742;0,750000000000000000000
341;4293;0,125000000000000000000
341;5017;0,125000000000000000000
346;375;0,333333333333333333333
346;930;0,666666666666666666666
347;4877;1,000000000000000000000
349;108;0,125000000000000000000
349;538;0,250000000000000000000
349;1510;0,125000000000000000000
349;4278;0,125000000000000000000
349;4821;0,125000000000000000000
349;9660;0,125000000000000000000
349;10926;0,125000000000000000000
352;1946;0,333333333333333333333
352;5679;0,666666666666666666666
354;276;0,200000000000000000000
354;1118;0,200000000000000000000
354;15643;0,200000000000000000000
354;41776;0,200000000000000000000
354;98841;0,200000000000000000000
356;352;0,166666666666666666666
356;2098;0,166666666666666666666
356;2246;0,166666666666666666666
356;4627;0,166666666666666666666
356;10306;0,166666666666666666666
356;20664;0,166666666666666666666
359;689;1,000000000000000000000
367;749;1,000000000000000000000
375;346;0,250000000000000000000
375;1218;0,250000000000000000000
375;7802;0,500000000000000000000
380;4396;1,000000000000000000000
382;399;1,000000000000000000000
385;1290;0,250000000000000000000
385;1314;0,750000000000000000000
389;1451;0,666666666666666666666
389;12660;0,333333333333333333333
391;24;0,047619047619047619047
391;396;0,095238095238095238095
391;411;0,142857142857142857142
391;1221;0,190476190476190476190
391;1894;0,095238095238095238095
391;2137;0,047619047619047619047
391;2494;0,047619047619047619047
391;3317;0,190476190476190476190
391;3465;0,142857142857142857142
392;391;0,500000000000000000000
392;3615;0,500000000000000000000
393;3049;0,800000000000000000000
393;9686;0,200000000000000000000
399;382;0,500000000000000000000
399;367121;0,500000000000000000000
401;415;0,500000000000000000000
401;805;0,500000000000000000000
403;390;0,500000000000000000000
403;28715;0,500000000000000000000
405;391;0,500000000000000000000
405;11527;0,500000000000000000000
407;184;0,031250000000000000000
407;404;0,093750000000000000000
407;458;0,062500000000000000000
407;713;0,031250000000000000000
407;945;0,031250000000000000000
407;1295;0,031250000000000000000
407;1762;0,031250000000000000000
407;2551;0,031250000000000000000
407;2585;0,187500000000000000000
407;2630;0,093750000000000000000
407;3475;0,062500000000000000000
407;3779;0,093750000000000000000
407;5626;0,093750000000000000000
407;7574;0,093750000000000000000
407;27175;0,031250000000000000000
408;2569;1,000000000000000000000
410;337;1,000000000000000000000
411;391;0,066666666666666666666
411;396;0,066666666666666666666
411;418;0,066666666666666666666
411;689;0,066666666666666666666
411;1397;0,066666666666666666666
411;1637;0,066666666666666666666
411;1727;0,133333333333333333333
411;1762;0,066666666666666666666
411;1894;0,066666666666666666666
411;2137;0,066666666666666666666
411;3306;0,066666666666666666666
411;3317;0,066666666666666666666
411;3465;0,066666666666666666666
411;28404;0,066666666666666666666
412;410;0,333333333333333333333
412;413;0,333333333333333333333
412;7906;0,333333333333333333333
414;155;0,250000000000000000000
414;402;0,250000000000000000000
414;2140;0,250000000000000000000
414;4078;0,250000000000000000000
415;1517;0,500000000000000000000
415;8566;0,500000000000000000000
418;391;0,090909090909090909090
418;395;0,090909090909090909090
418;410;0,090909090909090909090
418;411;0,181818181818181818181
418;415;0,090909090909090909090
418;419;0,090909090909090909090
418;865;0,090909090909090909090
418;945;0,090909090909090909090
418;2127;0,090909090909090909090
418;3477;0,090909090909090909090
419;396;0,250000000000000000000
419;2434;0,250000000000000000000
419;7975;0,250000000000000000000
419;12959;0,250000000000000000000
420;11;0,014084507042253521126
420;24;0,014084507042253521126
420;42;0,028169014084507042253
420;101;0,028169014084507042253
420;108;0,028169014084507042253
420;113;0,014084507042253521126
420;131;0,014084507042253521126
420;263;0,014084507042253521126
420;275;0,014084507042253521126
420;369;0,014084507042253521126
420;427;0,014084507042253521126
420;485;0,014084507042253521126
420;531;0,014084507042253521126
420;567;0,014084507042253521126
420;600;0,014084507042253521126
420;738;0,014084507042253521126
420;860;0,014084507042253521126
420;934;0,014084507042253521126
420;1041;0,014084507042253521126
420;1130;0,014084507042253521126
420;1138;0,014084507042253521126
420;1192;0,014084507042253521126
420;1263;0,014084507042253521126
420;1355;0,014084507042253521126
420;1583;0,014084507042253521126
420;1597;0,014084507042253521126
420;1669;0,014084507042253521126
420;1681;0,014084507042253521126
420;1856;0,014084507042253521126
420;1974;0,014084507042253521126
420;2176;0,014084507042253521126
420;2375;0,070422535211267605633
420;2803;0,014084507042253521126
420;2851;0,014084507042253521126
420;3111;0,014084507042253521126
420;3245;0,070422535211267605633
420;3417;0,014084507042253521126
420;3570;0,014084507042253521126
420;3575;0,014084507042253521126
420;4424;0,014084507042253521126
420;4440;0,014084507042253521126
420;4890;0,014084507042253521126
420;5380;0,028169014084507042253
420;7597;0,014084507042253521126
420;9234;0,014084507042253521126
420;12775;0,028169014084507042253
420;17720;0,070422535211267605633
420;276695;0,070422535211267605633
420;319757;0,014084507042253521126
420;440818;0,014084507042253521126
423;339;1,000000000000000000000
426;1024;1,000000000000000000000
427;12269;0,500000000000000000000
427;24460;0,500000000000000000000
428;266;0,142857142857142857142
428;527;0,142857142857142857142
428;964;0,142857142857142857142
428;1092;0,142857142857142857142
428;1897;0,142857142857142857142
428;1997;0,142857142857142857142
428;9729;0,142857142857142857142
441;423;0,142857142857142857142
441;632;0,142857142857142857142
441;3394;0,142857142857142857142
441;4344;0,142857142857142857142
441;4510;0,142857142857142857142
441;7135;0,285714285714285714285
443;7605;0,500000000000000000000
443;15643;0,500000000000000000000
453;839;0,200000000000000000000
453;1498;0,400000000000000000000
453;1717;0,200000000000000000000
453;4432;0,200000000000000000000
454;5591;1,000000000000000000000
464;1085;0,333333333333333333333
464;1162;0,166666666666666666666
464;2591;0,333333333333333333333
464;3122;0,166666666666666666666
466;977;0,500000000000000000000
466;5437;0,250000000000000000000
466;5679;0,250000000000000000000
472;85;0,050000000000000000000
472;249;0,100000000000000000000
472;1141;0,050000000000000000000
472;1154;0,050000000000000000000
472;1495;0,050000000000000000000
472;1639;0,050000000000000000000
472;1917;0,050000000000000000000
472;2133;0,050000000000000000000
472;2293;0,300000000000000000000
472;2302;0,050000000000000000000
472;2375;0,050000000000000000000
472;3503;0,050000000000000000000
472;4098;0,050000000000000000000
472;4553;0,050000000000000000000
477;275;0,200000000000000000000
477;282;0,200000000000000000000
477;731;0,200000000000000000000
477;5138;0,200000000000000000000
477;173893;0,200000000000000000000
479;525;0,090909090909090909090
479;1171;0,636363636363636363636
479;1314;0,090909090909090909090
479;1544;0,090909090909090909090
479;5679;0,090909090909090909090
484;1374;1,000000000000000000000
485;576;0,333333333333333333333
485;1663;0,333333333333333333333
485;12706;0,333333333333333333333
490;8062;1,000000000000000000000
492;1321;0,500000000000000000000
492;27416;0,500000000000000000000
497;529;0,028571428571428571428
497;815;0,028571428571428571428
497;841;0,057142857142857142857
497;1121;0,057142857142857142857
497;1667;0,028571428571428571428
497;1780;0,028571428571428571428
497;2147;0,114285714285714285714
497;2216;0,028571428571428571428
497;2271;0,028571428571428571428
497;2503;0,114285714285714285714
497;3271;0,028571428571428571428
497;4500;0,028571428571428571428
497;5632;0,028571428571428571428
497;6234;0,057142857142857142857
497;6548;0,028571428571428571428
497;7759;0,114285714285714285714
497;8623;0,057142857142857142857
497;9208;0,028571428571428571428
497;9389;0,057142857142857142857
497;9399;0,028571428571428571428
497;9437;0,028571428571428571428
498;12;0,259259259259259259259
498;13;0,259259259259259259259
498;74;0,037037037037037037037
498;404;0,037037037037037037037
498;1313;0,037037037037037037037
498;1892;0,074074074074074074074
498;3449;0,037037037037037037037
498;3876;0,185185185185185185185
498;4486;0,037037037037037037037
498;12670;0,037037037037037037037
502;80;0,034482758620689655172
502;530;0,068965517241379310344
502;668;0,103448275862068965517
502;1131;0,068965517241379310344
502;1248;0,103448275862068965517
502;2518;0,034482758620689655172
502;3443;0,172413793103448275862
502;3515;0,137931034482758620689
502;3625;0,206896551724137931034
502;17269;0,034482758620689655172
502;321395;0,034482758620689655172
504;8223;1,000000000000000000000
512;6495;1,000000000000000000000
513;7135;1,000000000000000000000
517;72;0,153846153846153846153
517;1946;0,076923076923076923076
517;2364;0,076923076923076923076
517;3395;0,230769230769230769230
517;3664;0,076923076923076923076
517;4719;0,076923076923076923076
517;116140;0,076923076923076923076
517;474028;0,230769230769230769230
520;527;0,166666666666666666666
520;528;0,166666666666666666666
520;793;0,166666666666666666666
520;1182;0,166666666666666666666
520;2825;0,166666666666666666666
520;5679;0,166666666666666666666
521;39;0,066666666666666666666
521;190;0,066666666666666666666
521;528;0,066666666666666666666
521;1150;0,066666666666666666666
521;1866;0,066666666666666666666
521;3680;0,066666666666666666666
521;3800;0,066666666666666666666
521;4237;0,066666666666666666666
521;6320;0,066666666666666666666
521;8156;0,200000000000000000000
521;9390;0,066666666666666666666
521;9399;0,133333333333333333333
524;1122;0,142857142857142857142
524;2779;0,142857142857142857142
524;2780;0,142857142857142857142
524;3355;0,142857142857142857142
524;7939;0,142857142857142857142
524;333343;0,285714285714285714285
526;524;0,076923076923076923076
526;2418;0,076923076923076923076
526;2503;0,076923076923076923076
526;2683;0,076923076923076923076
526;2779;0,076923076923076923076
526;2780;0,076923076923076923076
526;4979;0,076923076923076923076
526;7939;0,076923076923076923076
526;8623;0,076923076923076923076
526;9026;0,076923076923076923076
526;9418;0,076923076923076923076
526;9436;0,076923076923076923076
526;9441;0,076923076923076923076
527;186;0,047619047619047619047
527;613;0,047619047619047619047
527;1004;0,047619047619047619047
527;1588;0,047619047619047619047
527;2596;0,047619047619047619047
527;3260;0,047619047619047619047
527;3320;0,047619047619047619047
527;3811;0,047619047619047619047
527;3877;0,047619047619047619047
527;4108;0,047619047619047619047
527;4307;0,047619047619047619047
527;4345;0,047619047619047619047
527;4837;0,047619047619047619047
527;5093;0,047619047619047619047
527;6349;0,047619047619047619047
527;6892;0,047619047619047619047
527;6913;0,047619047619047619047
527;7571;0,047619047619047619047
527;7572;0,047619047619047619047
527;9019;0,047619047619047619047
527;16076;0,047619047619047619047
529;71;0,750000000000000000000
529;1724;0,250000000000000000000
538;349;0,400000000000000000000
538;1140;0,200000000000000000000
538;1850;0,200000000000000000000
538;4278;0,200000000000000000000
540;3103;1,000000000000000000000
543;131;0,166666666666666666666
543;886;0,500000000000000000000
543;5061;0,333333333333333333333
545;1030;0,083333333333333333333
545;1892;0,083333333333333333333
545;2322;0,166666666666666666666
545;3304;0,083333333333333333333
545;5915;0,083333333333333333333
545;6694;0,083333333333333333333
545;8348;0,166666666666666666666
545;27531;0,250000000000000000000
547;1162;1,000000000000000000000
550;132;0,076923076923076923076
550;596;0,076923076923076923076
550;658;0,076923076923076923076
550;1319;0,076923076923076923076
550;2509;0,230769230769230769230
550;2882;0,076923076923076923076
550;3105;0,153846153846153846153
550;3230;0,153846153846153846153
550;256804;0,076923076923076923076
551;2021;0,500000000000000000000
551;28602;0,500000000000000000000
558;794;0,100000000000000000000
558;851;0,100000000000000000000
558;1035;0,100000000000000000000
558;1596;0,100000000000000000000
558;2657;0,100000000000000000000
558;2825;0,100000000000000000000
558;5440;0,100000000000000000000
558;7132;0,100000000000000000000
558;7866;0,100000000000000000000
558;374246;0,100000000000000000000
571;1897;0,333333333333333333333
571;4906;0,666666666666666666666
573;216;0,500000000000000000000
573;10084;0,500000000000000000000
576;485;0,090909090909090909090
576;3458;0,363636363636363636363
576;3499;0,181818181818181818181
576;3694;0,181818181818181818181
576;12497;0,090909090909090909090
576;12572;0,090909090909090909090
588;748;0,500000000000000000000
588;3345;0,500000000000000000000
594;5679;1,000000000000000000000
600;1079;0,615384615384615384615
600;2547;0,076923076923076923076
600;3007;0,153846153846153846153
600;6721;0,153846153846153846153
602;59841;1,000000000000000000000
608;189;0,500000000000000000000
608;10255;0,500000000000000000000
612;39;0,071428571428571428571
612;162;0,071428571428571428571
612;4345;0,285714285714285714285
612;8156;0,214285714285714285714
612;9762;0,071428571428571428571
612;389498;0,285714285714285714285
613;527;0,200000000000000000000
613;4108;0,200000000000000000000
613;6913;0,400000000000000000000
613;22123;0,200000000000000000000
615;85;0,004166666666666666666
615;96;0,025000000000000000000
615;122;0,004166666666666666666
615;210;0,004166666666666666666
615;237;0,004166666666666666666
615;247;0,004166666666666666666
615;248;0,004166666666666666666
615;249;0,008333333333333333333
615;250;0,004166666666666666666
615;251;0,004166666666666666666
615;253;0,008333333333333333333
615;268;0,008333333333333333333
615;285;0,004166666666666666666
615;384;0,004166666666666666666
615;540;0,008333333333333333333
615;626;0,008333333333333333333
615;724;0,008333333333333333333
615;781;0,004166666666666666666
615;941;0,008333333333333333333
615;980;0,008333333333333333333
615;984;0,008333333333333333333
615;1048;0,008333333333333333333
615;1142;0,004166666666666666666
615;1153;0,008333333333333333333
615;1154;0,004166666666666666666
615;1160;0,008333333333333333333
615;1310;0,008333333333333333333
615;1523;0,008333333333333333333
615;1526;0,004166666666666666666
615;1868;0,008333333333333333333
615;1873;0,008333333333333333333
615;1889;0,008333333333333333333
615;1988;0,008333333333333333333
615;2136;0,008333333333333333333
615;2139;0,004166666666666666666
615;2252;0,004166666666666666666
615;2293;0,004166666666666666666
615;2330;0,008333333333333333333
615;2398;0,004166666666666666666
615;2461;0,008333333333333333333
615;2464;0,004166666666666666666
615;2515;0,004166666666666666666
615;3045;0,004166666666666666666
615;3245;0,008333333333333333333
615;3332;0,008333333333333333333
615;3485;0,008333333333333333333
615;3503;0,008333333333333333333
615;3633;0,008333333333333333333
615;3753;0,008333333333333333333
615;3857;0,008333333333333333333
615;3866;0,004166666666666666666
615;3867;0,004166666666666666666
615;3870;0,004166666666666666666
615;3871;0,004166666666666666666
615;3872;0,004166666666666666666
615;3873;0,004166666666666666666
615;4018;0,008333333333333333333
615;4323;0,008333333333333333333
615;4513;0,008333333333333333333
615;4598;0,008333333333333333333
615;4713;0,008333333333333333333
615;4722;0,008333333333333333333
615;5042;0,004166666666666666666
615;5142;0,008333333333333333333
615;5174;0,008333333333333333333
615;5289;0,008333333333333333333
615;5304;0,008333333333333333333
615;5383;0,008333333333333333333
615;5500;0,008333333333333333333
615;5578;0,008333333333333333333
615;5824;0,012500000000000000000
615;5861;0,008333333333333333333
615;6444;0,008333333333333333333
615;6535;0,008333333333333333333
615;6666;0,008333333333333333333
615;6746;0,008333333333333333333
615;6781;0,008333333333333333333
615;6979;0,008333333333333333333
615;6980;0,008333333333333333333
615;6981;0,008333333333333333333
615;7142;0,008333333333333333333
615;7862;0,008333333333333333333
615;8051;0,004166666666666666666
615;8949;0,008333333333333333333
615;9657;0,008333333333333333333
615;9691;0,008333333333333333333
615;9805;0,008333333333333333333
615;10823;0,008333333333333333333
615;11690;0,008333333333333333333
615;12712;0,008333333333333333333
615;12775;0,008333333333333333333
615;12876;0,012500000000000000000
615;12880;0,008333333333333333333
615;14013;0,004166666666666666666
615;16974;0,008333333333333333333
615;17720;0,008333333333333333333
615;23419;0,008333333333333333333
615;24370;0,008333333333333333333
615;24371;0,008333333333333333333
615;27588;0,008333333333333333333
615;27620;0,008333333333333333333
615;28405;0,008333333333333333333
615;28914;0,008333333333333333333
615;28993;0,008333333333333333333
615;29002;0,004166666666666666666
615;34696;0,008333333333333333333
615;67275;0,008333333333333333333
615;137801;0,016666666666666666666
615;144425;0,020833333333333333333
615;146155;0,008333333333333333333
615;152076;0,008333333333333333333
615;216172;0,004166666666666666666
615;219132;0,008333333333333333333
615;229072;0,008333333333333333333
615;251573;0,008333333333333333333
615;253384;0,008333333333333333333
615;255463;0,008333333333333333333
615;276695;0,016666666666666666666
615;278190;0,008333333333333333333
615;278351;0,008333333333333333333
615;281067;0,008333333333333333333
615;281170;0,012500000000000000000
615;283634;0,008333333333333333333
615;283638;0,008333333333333333333
615;283639;0,008333333333333333333
615;284426;0,008333333333333333333
615;321112;0,008333333333333333333
615;355336;0,008333333333333333333
615;377026;0,008333333333333333333
620;621;1,000000000000000000000
621;2385;0,333333333333333333333
621;2434;0,333333333333333333333
621;7328;0,333333333333333333333
622;65;0,142857142857142857142
622;1109;0,142857142857142857142
622;1121;0,142857142857142857142
622;1401;0,142857142857142857142
622;5444;0,142857142857142857142
622;7759;0,142857142857142857142
622;9438;0,142857142857142857142
625;122;0,500000000000000000000
625;626;0,333333333333333333333
625;2230;0,166666666666666666666
626;122;0,428571428571428571428
626;625;0,428571428571428571428
626;1639;0,142857142857142857142
628;194;0,111111111111111111111
628;360;0,111111111111111111111
628;695;0,111111111111111111111
628;995;0,111111111111111111111
628;1563;0,111111111111111111111
628;1940;0,222222222222222222222
628;1945;0,111111111111111111111
628;59841;0,111111111111111111111
632;1024;0,043478260869565217391
632;5679;0,043478260869565217391
632;116140;0,913043478260869565217
641;756;1,000000000000000000000
644;135;0,142857142857142857142
644;827;0,142857142857142857142
644;1316;0,142857142857142857142
644;3098;0,142857142857142857142
644;3141;0,142857142857142857142
644;4501;0,142857142857142857142
644;7577;0,142857142857142857142
645;644;0,250000000000000000000
645;1276;0,250000000000000000000
645;1945;0,250000000000000000000
645;140271;0,250000000000000000000
652;988;0,333333333333333333333
652;1949;0,333333333333333333333
652;7920;0,333333333333333333333
660;689;1,000000000000000000000
662;529;0,272727272727272727272
662;688;0,090909090909090909090
662;3523;0,181818181818181818181
662;12816;0,090909090909090909090
662;78108;0,363636363636363636363
667;468;0,250000000000000000000
667;469;0,250000000000000000000
667;1288;0,250000000000000000000
667;10207;0,250000000000000000000
668;80;0,069767441860465116279
668;219;0,023255813953488372093
668;502;0,069767441860465116279
668;667;0,023255813953488372093
668;718;0,069767441860465116279
668;876;0,116279069767441860465
668;933;0,046511627906976744186
668;1025;0,046511627906976744186
668;1131;0,069767441860465116279
668;1248;0,046511627906976744186
668;1361;0,093023255813953488372
668;1745;0,093023255813953488372
668;2516;0,023255813953488372093
668;3443;0,046511627906976744186
668;3515;0,023255813953488372093
668;3625;0,023255813953488372093
668;4173;0,023255813953488372093
668;12617;0,023255813953488372093
668;321395;0,023255813953488372093
668;375658;0,046511627906976744186
669;408;0,058823529411764705882
669;695;0,117647058823529411764
669;706;0,058823529411764705882
669;1186;0,058823529411764705882
669;1225;0,117647058823529411764
669;1513;0,117647058823529411764
669;2223;0,117647058823529411764
669;2659;0,117647058823529411764
669;11229;0,058823529411764705882
669;48862;0,176470588235294117647
670;59745;1,000000000000000000000
671;293;1,000000000000000000000
675;1129;0,600000000000000000000
675;1370;0,200000000000000000000
675;23720;0,200000000000000000000
678;267;0,058823529411764705882
678;285;0,058823529411764705882
678;1868;0,176470588235294117647
678;1889;0,117647058823529411764
678;2661;0,352941176470588235294
678;5174;0,176470588235294117647
678;7160;0,058823529411764705882
683;853;1,000000000000000000000
688;71;1,000000000000000000000
689;39;0,010416666666666666666
689;65;0,010416666666666666666
689;74;0,010416666666666666666
689;85;0,010416666666666666666
689;115;0,010416666666666666666
689;132;0,010416666666666666666
689;222;0,010416666666666666666
689;261;0,010416666666666666666
689;266;0,010416666666666666666
689;359;0,010416666666666666666
689;399;0,010416666666666666666
689;404;0,010416666666666666666
689;406;0,010416666666666666666
689;407;0,010416666666666666666
689;411;0,010416666666666666666
689;419;0,010416666666666666666
689;458;0,010416666666666666666
689;472;0,010416666666666666666
689;475;0,010416666666666666666
689;502;0,010416666666666666666
689;609;0,010416666666666666666
689;612;0,010416666666666666666
689;793;0,010416666666666666666
689;956;0,010416666666666666666
689;972;0,010416666666666666666
689;1196;0,010416666666666666666
689;1243;0,010416666666666666666
689;1255;0,010416666666666666666
689;1406;0,010416666666666666666
689;1503;0,010416666666666666666
689;1569;0,010416666666666666666
689;1623;0,010416666666666666666
689;1697;0,010416666666666666666
689;1702;0,010416666666666666666
689;1762;0,010416666666666666666
689;1763;0,010416666666666666666
689;1913;0,010416666666666666666
689;1945;0,041666666666666666666
689;1963;0,010416666666666666666
689;2137;0,010416666666666666666
689;2269;0,010416666666666666666
689;2280;0,010416666666666666666
689;2337;0,010416666666666666666
689;2374;0,010416666666666666666
689;2515;0,010416666666666666666
689;2585;0,010416666666666666666
689;2655;0,010416666666666666666
689;2704;0,010416666666666666666
689;2834;0,010416666666666666666
689;3188;0,010416666666666666666
689;3189;0,010416666666666666666
689;3219;0,010416666666666666666
689;3374;0,010416666666666666666
689;3436;0,010416666666666666666
689;3859;0,010416666666666666666
689;3879;0,010416666666666666666
689;3891;0,010416666666666666666
689;3996;0,010416666666666666666
689;4098;0,010416666666666666666
689;4179;0,010416666666666666666
689;4247;0,010416666666666666666
689;4334;0,010416666666666666666
689;4486;0,010416666666666666666
689;4667;0,010416666666666666666
689;5005;0,010416666666666666666
689;5083;0,010416666666666666666
689;5177;0,010416666666666666666
689;5306;0,010416666666666666666
689;5521;0,010416666666666666666
689;5626;0,010416666666666666666
689;5682;0,010416666666666666666
689;6372;0,010416666666666666666
689;7941;0,010416666666666666666
689;7968;0,010416666666666666666
689;8223;0,010416666666666666666
689;9015;0,010416666666666666666
689;9376;0,010416666666666666666
689;9468;0,010416666666666666666
689;12936;0,010416666666666666666
689;13239;0,010416666666666666666
689;13799;0,010416666666666666666
689;14050;0,010416666666666666666
689;15682;0,010416666666666666666
689;15863;0,010416666666666666666
689;25488;0,010416666666666666666
689;27369;0,010416666666666666666
689;27951;0,010416666666666666666
689;28026;0,010416666666666666666
689;28027;0,010416666666666666666
689;28834;0,010416666666666666666
689;50332;0,010416666666666666666
689;50959;0,020833333333333333333
694;695;0,187500000000000000000
694;749;0,187500000000000000000
694;3399;0,125000000000000000000
694;5618;0,062500000000000000000
694;12563;0,187500000000000000000
694;17267;0,062500000000000000000
694;95084;0,187500000000000000000
695;100;0,076923076923076923076
695;277;0,076923076923076923076
695;669;0,076923076923076923076
695;689;0,076923076923076923076
695;700;0,076923076923076923076
695;837;0,076923076923076923076
695;1169;0,076923076923076923076
695;1754;0,076923076923076923076
695;4512;0,076923076923076923076
695;9693;0,076923076923076923076
695;59745;0,076923076923076923076
695;98841;0,076923076923076923076
695;408414;0,076923076923076923076
698;802;0,166666666666666666666
698;1814;0,166666666666666666666
698;2087;0,166666666666666666666
698;2472;0,166666666666666666666
698;3234;0,333333333333333333333
700;388810;1,000000000000000000000
713;184;0,047619047619047619047
713;404;0,047619047619047619047
713;407;0,047619047619047619047
713;458;0,190476190476190476190
713;1139;0,047619047619047619047
713;1295;0,047619047619047619047
713;2551;0,047619047619047619047
713;2571;0,047619047619047619047
713;2585;0,047619047619047619047
713;2630;0,047619047619047619047
713;3779;0,047619047619047619047
713;5626;0,047619047619047619047
713;7574;0,047619047619047619047
713;306994;0,095238095238095238095
713;381277;0,142857142857142857142
731;237;0,047619047619047619047
731;275;0,095238095238095238095
731;282;0,333333333333333333333
731;477;0,095238095238095238095
731;5138;0,095238095238095238095
731;15471;0,238095238095238095238
731;173893;0,095238095238095238095
733;899;0,022727272727272727272
733;2912;0,022727272727272727272
733;2913;0,022727272727272727272
733;2914;0,022727272727272727272
733;2916;0,022727272727272727272
733;2919;0,045454545454545454545
733;2920;0,022727272727272727272
733;2921;0,022727272727272727272
733;2924;0,022727272727272727272
733;2925;0,045454545454545454545
733;2927;0,022727272727272727272
733;2929;0,022727272727272727272
733;2931;0,045454545454545454545
733;2932;0,022727272727272727272
733;2933;0,045454545454545454545
733;2935;0,045454545454545454545
733;2938;0,045454545454545454545
733;2939;0,113636363636363636363
733;2940;0,022727272727272727272
733;2941;0,045454545454545454545
733;2942;0,022727272727272727272
733;2943;0,022727272727272727272
733;2946;0,045454545454545454545
733;2948;0,090909090909090909090
733;2950;0,045454545454545454545
733;49722;0,068181818181818181818
739;1569;0,100000000000000000000
739;1903;0,100000000000000000000
739;1913;0,100000000000000000000
739;5960;0,100000000000000000000
739;7630;0,100000000000000000000
739;13809;0,100000000000000000000
739;14266;0,100000000000000000000
739;16873;0,100000000000000000000
739;19707;0,100000000000000000000
739;23228;0,100000000000000000000
740;1913;1,000000000000000000000
744;845;0,600000000000000000000
744;846;0,266666666666666666666
744;3636;0,066666666666666666666
744;192866;0,066666666666666666666
747;213;0,428571428571428571428
747;841;0,047619047619047619047
747;886;0,047619047619047619047
747;1637;0,047619047619047619047
747;5523;0,047619047619047619047
747;48862;0,047619047619047619047
747;75827;0,047619047619047619047
747;75828;0,047619047619047619047
747;99942;0,047619047619047619047
747;325599;0,047619047619047619047
747;325646;0,047619047619047619047
747;403195;0,095238095238095238095
748;2850;0,428571428571428571428
748;38738;0,285714285714285714285
748;71411;0,142857142857142857142
748;325646;0,142857142857142857142
749;853;0,045454545454545454545
749;1262;0,045454545454545454545
749;1939;0,045454545454545454545
749;1949;0,045454545454545454545
749;2071;0,090909090909090909090
749;2112;0,090909090909090909090
749;2440;0,045454545454545454545
749;3766;0,045454545454545454545
749;4219;0,090909090909090909090
749;4639;0,090909090909090909090
749;5660;0,090909090909090909090
749;5679;0,045454545454545454545
749;12820;0,045454545454545454545
749;112062;0,045454545454545454545
749;131383;0,045454545454545454545
749;245879;0,045454545454545454545
749;398787;0,045454545454545454545
752;218;0,500000000000000000000
752;2607;0,500000000000000000000
761;1058;0,250000000000000000000
761;1098;0,250000000000000000000
761;1180;0,250000000000000000000
761;29376;0,250000000000000000000
763;1089;0,052631578947368421052
763;1235;0,052631578947368421052
763;1236;0,052631578947368421052
763;1237;0,157894736842105263157
763;1277;0,473684210526315789473
763;1815;0,105263157894736842105
763;3325;0,052631578947368421052
763;21154;0,052631578947368421052
771;937;0,500000000000000000000
771;2291;0,500000000000000000000
772;122436;1,000000000000000000000
774;1192;1,000000000000000000000
777;163;0,166666666666666666666
777;839;0,166666666666666666666
777;937;0,333333333333333333333
777;4432;0,333333333333333333333
778;349;1,000000000000000000000
781;281;0,500000000000000000000
781;937;0,500000000000000000000
785;140;0,500000000000000000000
785;1162;0,500000000000000000000
805;410;0,500000000000000000000
805;3667;0,500000000000000000000
817;351;0,500000000000000000000
817;54879;0,500000000000000000000
819;281;0,111111111111111111111
819;452;0,444444444444444444444
819;531;0,055555555555555555555
819;718;0,277777777777777777777
819;933;0,111111111111111111111
822;104;0,071428571428571428571
822;163;0,071428571428571428571
822;172;0,071428571428571428571
822;768;0,071428571428571428571
822;937;0,071428571428571428571
822;1076;0,071428571428571428571
822;1613;0,071428571428571428571
822;1717;0,071428571428571428571
822;3675;0,071428571428571428571
822;3985;0,071428571428571428571
822;4432;0,071428571428571428571
822;4434;0,071428571428571428571
822;4442;0,071428571428571428571
822;4471;0,071428571428571428571
827;644;0,333333333333333333333
827;2355;0,333333333333333333333
827;237945;0,333333333333333333333
829;398786;1,000000000000000000000
830;517;0,166666666666666666666
830;2203;0,333333333333333333333
830;2972;0,166666666666666666666
830;4989;0,166666666666666666666
830;27615;0,166666666666666666666
835;3098;0,111111111111111111111
835;3122;0,444444444444444444444
835;3141;0,111111111111111111111
835;5679;0,111111111111111111111
835;6527;0,111111111111111111111
835;140271;0,111111111111111111111
837;249;0,062500000000000000000
837;307;0,062500000000000000000
837;352;0,062500000000000000000
837;454;0,125000000000000000000
837;700;0,062500000000000000000
837;1754;0,312500000000000000000
837;4078;0,062500000000000000000
837;4530;0,062500000000000000000
837;9702;0,062500000000000000000
837;10682;0,062500000000000000000
837;248839;0,062500000000000000000
839;172;0,040000000000000000000
839;777;0,080000000000000000000
839;822;0,040000000000000000000
839;1476;0,040000000000000000000
839;1498;0,160000000000000000000
839;1598;0,080000000000000000000
839;1991;0,120000000000000000000
839;4432;0,080000000000000000000
839;4438;0,040000000000000000000
839;4440;0,080000000000000000000
839;4458;0,120000000000000000000
839;4463;0,040000000000000000000
839;4471;0,040000000000000000000
839;4772;0,040000000000000000000
841;466;0,125000000000000000000
841;497;0,125000000000000000000
841;747;0,125000000000000000000
841;2271;0,500000000000000000000
841;2823;0,125000000000000000000
844;360;0,375000000000000000000
844;1719;0,312500000000000000000
844;3508;0,125000000000000000000
844;9338;0,125000000000000000000
844;13178;0,062500000000000000000
845;744;0,114285714285714285714
845;846;0,228571428571428571428
845;1271;0,028571428571428571428
845;1437;0,114285714285714285714
845;1724;0,085714285714285714285
845;192866;0,342857142857142857142
845;398787;0,085714285714285714285
846;277;0,094339622641509433962
846;283;0,018867924528301886792
846;744;0,056603773584905660377
846;845;0,132075471698113207547
846;1316;0,018867924528301886792
846;1342;0,037735849056603773584
846;1437;0,132075471698113207547
846;1678;0,075471698113207547169
846;1681;0,037735849056603773584
846;1724;0,018867924528301886792
846;2697;0,018867924528301886792
846;2786;0,037735849056603773584
846;2834;0,037735849056603773584
846;2863;0,018867924528301886792
846;3683;0,018867924528301886792
846;4777;0,018867924528301886792
846;59841;0,037735849056603773584
846;190971;0,056603773584905660377
846;192866;0,132075471698113207547
849;339;0,333333333333333333333
849;850;0,333333333333333333333
849;1024;0,333333333333333333333
850;1024;1,000000000000000000000
853;295;0,017857142857142857142
853;683;0,017857142857142857142
853;770;0,017857142857142857142
853;1133;0,017857142857142857142
853;1206;0,017857142857142857142
853;1246;0,017857142857142857142
853;1322;0,017857142857142857142
853;1458;0,017857142857142857142
853;1505;0,017857142857142857142
853;1516;0,017857142857142857142
853;2190;0,017857142857142857142
853;2520;0,017857142857142857142
853;2588;0,017857142857142857142
853;2743;0,017857142857142857142
853;3019;0,017857142857142857142
853;3225;0,017857142857142857142
853;3615;0,017857142857142857142
853;3656;0,017857142857142857142
853;3747;0,017857142857142857142
853;3840;0,017857142857142857142
853;3862;0,017857142857142857142
853;4349;0,017857142857142857142
853;4636;0,017857142857142857142
853;4749;0,017857142857142857142
853;4751;0,017857142857142857142
853;4954;0,035714285714285714285
853;5408;0,017857142857142857142
853;5700;0,017857142857142857142
853;5967;0,017857142857142857142
853;6267;0,017857142857142857142
853;6681;0,017857142857142857142
853;6792;0,017857142857142857142
853;7131;0,017857142857142857142
853;7151;0,017857142857142857142
853;7206;0,017857142857142857142
853;7240;0,017857142857142857142
853;7738;0,017857142857142857142
853;8281;0,017857142857142857142
853;9088;0,017857142857142857142
853;9345;0,017857142857142857142
853;10491;0,017857142857142857142
853;10892;0,017857142857142857142
853;11382;0,017857142857142857142
853;12395;0,017857142857142857142
853;12768;0,017857142857142857142
853;13054;0,017857142857142857142
853;14269;0,017857142857142857142
853;15975;0,017857142857142857142
853;16487;0,017857142857142857142
853;16866;0,017857142857142857142
853;20666;0,017857142857142857142
853;21470;0,017857142857142857142
853;27390;0,017857142857142857142
853;27557;0,017857142857142857142
853;28034;0,017857142857142857142
855;2489;1,000000000000000000000
860;137801;1,000000000000000000000
861;251;0,095238095238095238095
861;267;0,142857142857142857142
861;285;0,047619047619047619047
861;937;0,047619047619047619047
861;1149;0,142857142857142857142
861;1448;0,095238095238095238095
861;2379;0,047619047619047619047
861;3045;0,095238095238095238095
861;3103;0,047619047619047619047
861;3234;0,142857142857142857142
861;3429;0,095238095238095238095
866;5144;1,000000000000000000000
870;934;1,000000000000000000000
877;524;0,111111111111111111111
877;887;0,111111111111111111111
877;1044;0,444444444444444444444
877;5679;0,111111111111111111111
877;9686;0,111111111111111111111
877;17323;0,111111111111111111111
883;1121;0,200000000000000000000
883;2146;0,200000000000000000000
883;5367;0,400000000000000000000
883;248141;0,200000000000000000000
885;198;0,083333333333333333333
885;886;0,083333333333333333333
885;983;0,083333333333333333333
885;1210;0,083333333333333333333
885;1406;0,166666666666666666666
885;2129;0,083333333333333333333
885;2636;0,083333333333333333333
885;3096;0,083333333333333333333
885;3235;0,083333333333333333333
885;4309;0,083333333333333333333
885;4486;0,083333333333333333333
886;74;0,100000000000000000000
886;543;0,300000000000000000000
886;747;0,100000000000000000000
886;1623;0,100000000000000000000
886;2117;0,100000000000000000000
886;5061;0,100000000000000000000
886;6856;0,100000000000000000000
886;45724;0,100000000000000000000
887;877;0,250000000000000000000
887;1044;0,625000000000000000000
887;27763;0,125000000000000000000
890;644;0,500000000000000000000
890;4501;0,500000000000000000000
904;184;0,043478260869565217391
904;363;0,043478260869565217391
904;1397;0,043478260869565217391
904;1510;0,043478260869565217391
904;5239;0,043478260869565217391
904;5852;0,043478260869565217391
904;6326;0,043478260869565217391
904;6930;0,043478260869565217391
904;7574;0,043478260869565217391
904;28580;0,043478260869565217391
904;41565;0,043478260869565217391
904;283281;0,086956521739130434782
904;318787;0,043478260869565217391
904;327099;0,130434782608695652173
904;353698;0,043478260869565217391
904;367121;0,043478260869565217391
904;381254;0,043478260869565217391
904;381277;0,043478260869565217391
904;413321;0,043478260869565217391
904;432293;0,043478260869565217391
911;9807;0,500000000000000000000
911;16644;0,250000000000000000000
911;57838;0,250000000000000000000
918;219;0,020408163265306122448
918;324;0,020408163265306122448
918;349;0,020408163265306122448
918;351;0,020408163265306122448
918;502;0,020408163265306122448
918;538;0,020408163265306122448
918;817;0,020408163265306122448
918;869;0,020408163265306122448
918;1131;0,020408163265306122448
918;1248;0,020408163265306122448
918;1510;0,020408163265306122448
918;1521;0,020408163265306122448
918;1765;0,020408163265306122448
918;1850;0,040816326530612244897
918;1893;0,020408163265306122448
918;1894;0,020408163265306122448
918;2516;0,020408163265306122448
918;2517;0,020408163265306122448
918;2518;0,020408163265306122448
918;2592;0,020408163265306122448
918;2594;0,020408163265306122448
918;2664;0,020408163265306122448
918;3053;0,020408163265306122448
918;3223;0,020408163265306122448
918;3362;0,020408163265306122448
918;3408;0,020408163265306122448
918;3443;0,020408163265306122448
918;3515;0,020408163265306122448
918;3625;0,020408163265306122448
918;3671;0,020408163265306122448
918;4278;0,020408163265306122448
918;5360;0,020408163265306122448
918;7565;0,020408163265306122448
918;10435;0,020408163265306122448
918;10602;0,020408163265306122448
918;10633;0,020408163265306122448
918;10926;0,020408163265306122448
918;12333;0,020408163265306122448
918;12534;0,020408163265306122448
918;17207;0,020408163265306122448
918;17208;0,020408163265306122448
918;17209;0,020408163265306122448
918;17276;0,020408163265306122448
918;28580;0,020408163265306122448
918;54879;0,020408163265306122448
918;276780;0,020408163265306122448
918;434991;0,040816326530612244897
920;3212;0,666666666666666666666
920;17554;0,333333333333333333333
925;309580;0,200000000000000000000
925;325535;0,200000000000000000000
925;336640;0,200000000000000000000
925;369262;0,200000000000000000000
925;409930;0,200000000000000000000
930;346;0,333333333333333333333
930;9340;0,666666666666666666666
933;452;0,357142857142857142857
933;531;0,071428571428571428571
933;718;0,214285714285714285714
933;819;0,142857142857142857142
933;1130;0,071428571428571428571
933;4376;0,142857142857142857142
937;163;0,026315789473684210526
937;768;0,026315789473684210526
937;777;0,078947368421052631578
937;822;0,026315789473684210526
937;861;0,026315789473684210526
937;1427;0,026315789473684210526
937;1476;0,026315789473684210526
937;1482;0,026315789473684210526
937;1483;0,026315789473684210526
937;1535;0,026315789473684210526
937;1639;0,026315789473684210526
937;1749;0,026315789473684210526
937;1915;0,026315789473684210526
937;1991;0,026315789473684210526
937;3306;0,026315789473684210526
937;3675;0,026315789473684210526
937;3836;0,026315789473684210526
937;4009;0,026315789473684210526
937;4283;0,026315789473684210526
937;4361;0,026315789473684210526
937;4430;0,026315789473684210526
937;4432;0,026315789473684210526
937;4439;0,026315789473684210526
937;4448;0,026315789473684210526
937;4452;0,026315789473684210526
937;4462;0,026315789473684210526
937;4463;0,026315789473684210526
937;4464;0,026315789473684210526
937;4471;0,026315789473684210526
937;4474;0,026315789473684210526
937;6903;0,026315789473684210526
937;8611;0,026315789473684210526
937;10507;0,026315789473684210526
937;17516;0,026315789473684210526
937;28477;0,026315789473684210526
937;28568;0,026315789473684210526
938;5679;1,000000000000000000000
941;137801;1,000000000000000000000
943;248835;1,000000000000000000000
945;865;0,142857142857142857142
945;1140;0,142857142857142857142
945;3306;0,142857142857142857142
945;5679;0,142857142857142857142
945;7975;0,142857142857142857142
945;12959;0,142857142857142857142
945;14010;0,142857142857142857142
955;956;1,000000000000000000000
956;955;0,266666666666666666666
956;1253;0,200000000000000000000
956;1751;0,066666666666666666666
956;4681;0,400000000000000000000
956;9730;0,066666666666666666666
960;911;0,047619047619047619047
960;1401;0,047619047619047619047
960;1744;0,047619047619047619047
960;2280;0,047619047619047619047
960;3142;0,047619047619047619047
960;3241;0,047619047619047619047
960;3414;0,047619047619047619047
960;4240;0,047619047619047619047
960;4262;0,047619047619047619047
960;4491;0,047619047619047619047
960;4758;0,047619047619047619047
960;7221;0,095238095238095238095
960;7301;0,047619047619047619047
960;7788;0,047619047619047619047
960;8723;0,047619047619047619047
960;9184;0,095238095238095238095
960;9409;0,047619047619047619047
960;219255;0,047619047619047619047
960;352420;0,047619047619047619047
966;1713;0,500000000000000000000
966;2090;0,500000000000000000000
967;2792;1,000000000000000000000
972;4553;0,500000000000000000000
972;6543;0,250000000000000000000
972;10823;0,250000000000000000000
977;466;0,071428571428571428571
977;993;0,071428571428571428571
977;2737;0,142857142857142857142
977;2779;0,071428571428571428571
977;8090;0,071428571428571428571
977;9158;0,428571428571428571428
977;9184;0,071428571428571428571
977;27790;0,071428571428571428571
980;2515;0,500000000000000000000
980;14151;0,500000000000000000000
982;240;0,333333333333333333333
982;3395;0,666666666666666666666
983;885;0,071428571428571428571
983;1169;0,071428571428571428571
983;2863;0,642857142857142857142
983;366089;0,214285714285714285714
984;472;0,250000000000000000000
984;1118;0,125000000000000000000
984;1917;0,250000000000000000000
984;4553;0,125000000000000000000
984;4890;0,250000000000000000000
990;1225;0,250000000000000000000
990;3095;0,250000000000000000000
990;3251;0,500000000000000000000
992;113;0,181818181818181818181
992;1236;0,090909090909090909090
992;1591;0,363636363636363636363
992;2684;0,181818181818181818181
992;115105;0,181818181818181818181
995;71;0,037037037037037037037
995;277;0,111111111111111111111
995;281;0,074074074074074074074
995;362;0,148148148148148148148
995;520;0,296296296296296296296
995;1058;0,037037037037037037037
995;1129;0,111111111111111111111
995;1322;0,111111111111111111111
995;4377;0,074074074074074074074
1004;527;1,000000000000000000000
1010;216;0,076923076923076923076
1010;2001;0,538461538461538461538
1010;4091;0,307692307692307692307
1010;10523;0,076923076923076923076
1014;437;0,333333333333333333333
1014;14653;0,333333333333333333333
1014;18525;0,333333333333333333333
1018;995;1,000000000000000000000
1024;426;0,285714285714285714285
1024;632;0,142857142857142857142
1024;849;0,142857142857142857142
1024;1117;0,142857142857142857142
1024;2512;0,142857142857142857142
1024;28752;0,142857142857142857142
1030;246;0,033333333333333333333
1030;288;0,266666666666666666666
1030;290;0,100000000000000000000
1030;545;0,066666666666666666666
1030;2371;0,066666666666666666666
1030;2372;0,100000000000000000000
1030;2678;0,033333333333333333333
1030;3685;0,033333333333333333333
1030;3978;0,066666666666666666666
1030;10860;0,133333333333333333333
1030;21490;0,033333333333333333333
1030;23561;0,066666666666666666666
1034;1033;0,250000000000000000000
1034;2741;0,250000000000000000000
1034;2796;0,250000000000000000000
1034;5373;0,250000000000000000000
1035;1092;1,000000000000000000000
1037;719;1,000000000000000000000
1041;2287;0,272727272727272727272
1041;2422;0,500000000000000000000
1041;5782;0,045454545454545454545
1041;27063;0,090909090909090909090
1041;373677;0,090909090909090909090
1042;240;0,250000000000000000000
1042;277;0,250000000000000000000
1042;2422;0,250000000000000000000
1042;2425;0,250000000000000000000
1044;877;0,200000000000000000000
1044;2214;0,200000000000000000000
1044;9807;0,200000000000000000000
1044;12798;0,400000000000000000000
1046;1253;0,750000000000000000000
1046;1996;0,250000000000000000000
1048;3045;1,000000000000000000000
1058;995;0,250000000000000000000
1058;2547;0,250000000000000000000
1058;3188;0,500000000000000000000
1060;3271;0,500000000000000000000
1060;6548;0,500000000000000000000
1064;174;0,133333333333333333333
1064;232;0,266666666666666666666
1064;1698;0,066666666666666666666
1064;1708;0,066666666666666666666
1064;1763;0,133333333333333333333
1064;3427;0,066666666666666666666
1064;6413;0,066666666666666666666
1064;6634;0,200000000000000000000
1066;2147;0,500000000000000000000
1066;17323;0,500000000000000000000
1069;411;0,500000000000000000000
1069;2704;0,500000000000000000000
1073;770;0,043478260869565217391
1073;1315;0,130434782608695652173
1073;1439;0,043478260869565217391
1073;1984;0,086956521739130434782
1073;1985;0,086956521739130434782
1073;4918;0,086956521739130434782
1073;4919;0,086956521739130434782
1073;5628;0,086956521739130434782
1073;8109;0,086956521739130434782
1073;8164;0,043478260869565217391
1073;8165;0,043478260869565217391
1073;9513;0,173913043478260869565
1076;1613;0,500000000000000000000
1076;356607;0,500000000000000000000
1077;61;0,500000000000000000000
1077;2642;0,500000000000000000000
1079;600;0,888888888888888888888
1079;2007;0,111111111111111111111
1082;189;0,111111111111111111111
1082;609;0,111111111111111111111
1082;891;0,333333333333333333333
1082;1581;0,111111111111111111111
1082;1841;0,111111111111111111111
1082;7756;0,222222222222222222222
1083;2433;1,000000000000000000000
1085;464;0,200000000000000000000
1085;1180;0,100000000000000000000
1085;1637;0,100000000000000000000
1085;2591;0,200000000000000000000
1085;2712;0,100000000000000000000
1085;3188;0,100000000000000000000
1085;5626;0,100000000000000000000
1085;8756;0,100000000000000000000
1094;1164;0,166666666666666666666
1094;2075;0,166666666666666666666
1094;25264;0,333333333333333333333
1094;38738;0,166666666666666666666
1094;105800;0,166666666666666666666
1109;1121;0,333333333333333333333
1109;5367;0,666666666666666666666
1114;1240;1,000000000000000000000
1117;360;0,666666666666666666666
1117;1169;0,166666666666666666666
1117;116140;0,166666666666666666666
1118;984;0,333333333333333333333
1118;5679;0,333333333333333333333
1118;98841;0,333333333333333333333
1121;285;0,181818181818181818181
1121;497;0,045454545454545454545
1121;1326;0,136363636363636363636
1121;2644;0,045454545454545454545
1121;2786;0,045454545454545454545
1121;3095;0,090909090909090909090
1121;3204;0,045454545454545454545
1121;3355;0,045454545454545454545
1121;4829;0,045454545454545454545
1121;5367;0,045454545454545454545
1121;9385;0,045454545454545454545
1121;9405;0,045454545454545454545
1121;10000;0,045454545454545454545
1121;14465;0,045454545454545454545
1121;382779;0,090909090909090909090
1127;4697;1,000000000000000000000
1131;80;0,200000000000000000000
1131;502;0,100000000000000000000
1131;668;0,300000000000000000000
1131;876;0,100000000000000000000
1131;3625;0,200000000000000000000
1131;4173;0,100000000000000000000
1133;853;0,500000000000000000000
1133;6250;0,500000000000000000000
1135;7;1,000000000000000000000
1141;63;0,166666666666666666666
1141;261;0,083333333333333333333
1141;860;0,166666666666666666666
1141;1142;0,166666666666666666666
1141;2145;0,083333333333333333333
1141;2293;0,083333333333333333333
1141;3174;0,083333333333333333333
1141;3633;0,083333333333333333333
1141;137801;0,083333333333333333333
1142;1141;0,333333333333333333333
1142;1591;0,166666666666666666666
1142;4313;0,333333333333333333333
1142;5223;0,166666666666666666666
1143;71;0,250000000000000000000
1143;2803;0,250000000000000000000
1143;6505;0,500000000000000000000
1149;283;0,333333333333333333333
1149;861;0,333333333333333333333
1149;5430;0,333333333333333333333
1152;846;1,000000000000000000000
1154;85;0,166666666666666666666
1154;122;0,083333333333333333333
1154;182;0,083333333333333333333
1154;247;0,083333333333333333333
1154;972;0,083333333333333333333
1154;1639;0,083333333333333333333
1154;2302;0,166666666666666666666
1154;4890;0,083333333333333333333
1154;5223;0,083333333333333333333
1154;6570;0,083333333333333333333
1160;1513;0,500000000000000000000
1160;283638;0,500000000000000000000
1164;9831;0,500000000000000000000
1164;9832;0,500000000000000000000
1165;213;0,166666666666666666666
1165;1085;0,083333333333333333333
1165;1637;0,083333333333333333333
1165;2080;0,083333333333333333333
1165;3096;0,083333333333333333333
1165;5449;0,083333333333333333333
1165;38738;0,083333333333333333333
1165;42210;0,083333333333333333333
1165;76428;0,083333333333333333333
1165;81648;0,166666666666666666666
1169;65;0,007874015748031496062
1169;71;0,055118110236220472440
1169;100;0,055118110236220472440
1169;138;0,055118110236220472440
1169;275;0,007874015748031496062
1169;276;0,047244094488188976377
1169;360;0,007874015748031496062
1169;479;0,007874015748031496062
1169;695;0,055118110236220472440
1169;696;0,055118110236220472440
1169;826;0,007874015748031496062
1169;839;0,007874015748031496062
1169;983;0,015748031496062992125
1169;1117;0,007874015748031496062
1169;1942;0,055118110236220472440
1169;1943;0,055118110236220472440
1169;1944;0,055118110236220472440
1169;1945;0,055118110236220472440
1169;1946;0,055118110236220472440
1169;3523;0,055118110236220472440
1169;4512;0,062992125984251968503
1169;5622;0,007874015748031496062
1169;59745;0,118110236220472440944
1169;59841;0,015748031496062992125
1169;98841;0,055118110236220472440
1169;366089;0,007874015748031496062
1169;408414;0,007874015748031496062
1174;281;0,047619047619047619047
1174;452;0,095238095238095238095
1174;530;0,047619047619047619047
1174;531;0,095238095238095238095
1174;675;0,047619047619047619047
1174;718;0,095238095238095238095
1174;719;0,047619047619047619047
1174;754;0,142857142857142857142
1174;876;0,047619047619047619047
1174;933;0,047619047619047619047
1174;1025;0,095238095238095238095
1174;1116;0,095238095238095238095
1174;1129;0,047619047619047619047
1174;1370;0,047619047619047619047
1181;5484;0,333333333333333333333
1181;374078;0,666666666666666666666
1186;3427;1,000000000000000000000
1196;507;0,071428571428571428571
1196;783;0,071428571428571428571
1196;796;0,071428571428571428571
1196;1111;0,071428571428571428571
1196;2429;0,071428571428571428571
1196;2657;0,071428571428571428571
1196;3208;0,071428571428571428571
1196;4059;0,071428571428571428571
1196;4396;0,142857142857142857142
1196;5005;0,214285714285714285714
1196;8225;0,071428571428571428571
1198;2323;0,833333333333333333333
1198;2343;0,166666666666666666666
1205;747;0,500000000000000000000
1205;81648;0,500000000000000000000
1206;2897;0,500000000000000000000
1206;6250;0,500000000000000000000
1210;115;0,083333333333333333333
1210;885;0,083333333333333333333
1210;1864;0,166666666666666666666
1210;2440;0,083333333333333333333
1210;2704;0,250000000000000000000
1210;3235;0,083333333333333333333
1210;3481;0,083333333333333333333
1210;9360;0,083333333333333333333
1210;9468;0,083333333333333333333
1216;2742;1,000000000000000000000
1218;375;1,000000000000000000000
1220;1771;0,250000000000000000000
1220;2422;0,250000000000000000000
1220;6641;0,250000000000000000000
1220;13179;0,250000000000000000000
1221;140014;1,000000000000000000000
1225;47;0,004739336492890995260
1225;59;0,004739336492890995260
1225;146;0,004739336492890995260
1225;228;0,009478672985781990521
1225;260;0,004739336492890995260
1225;365;0,004739336492890995260
1225;499;0,004739336492890995260
1225;557;0,004739336492890995260
1225;564;0,004739336492890995260
1225;565;0,004739336492890995260
1225;669;0,004739336492890995260
1225;681;0,004739336492890995260
1225;703;0,004739336492890995260
1225;721;0,004739336492890995260
1225;854;0,004739336492890995260
1225;928;0,004739336492890995260
1225;990;0,009478672985781990521
1225;997;0,004739336492890995260
1225;1096;0,004739336492890995260
1225;1133;0,004739336492890995260
1225;1206;0,004739336492890995260
1225;1239;0,004739336492890995260
1225;1243;0,004739336492890995260
1225;1246;0,004739336492890995260
1225;1280;0,004739336492890995260
1225;1459;0,009478672985781990521
1225;1500;0,004739336492890995260
1225;1506;0,004739336492890995260
1225;1725;0,004739336492890995260
1225;1925;0,004739336492890995260
1225;1943;0,004739336492890995260
1225;2057;0,004739336492890995260
1225;2091;0,004739336492890995260
1225;2191;0,004739336492890995260
1225;2235;0,004739336492890995260
1225;2249;0,004739336492890995260
1225;2326;0,004739336492890995260
1225;2362;0,009478672985781990521
1225;2482;0,004739336492890995260
1225;2744;0,004739336492890995260
1225;2844;0,004739336492890995260
1225;2865;0,004739336492890995260
1225;2995;0,004739336492890995260
1225;3019;0,004739336492890995260
1225;3143;0,004739336492890995260
1225;3155;0,004739336492890995260
1225;3225;0,004739336492890995260
1225;3233;0,004739336492890995260
1225;3249;0,004739336492890995260
1225;3250;0,009478672985781990521
1225;3251;0,004739336492890995260
1225;3273;0,009478672985781990521
1225;3292;0,004739336492890995260
1225;3299;0,004739336492890995260
1225;3331;0,004739336492890995260
1225;3378;0,004739336492890995260
1225;3615;0,004739336492890995260
1225;3650;0,004739336492890995260
1225;3842;0,009478672985781990521
1225;3879;0,004739336492890995260
1225;3940;0,004739336492890995260
1225;3966;0,004739336492890995260
1225;4089;0,009478672985781990521
1225;4132;0,004739336492890995260
1225;4247;0,004739336492890995260
1225;4334;0,004739336492890995260
1225;4401;0,004739336492890995260
1225;4534;0,004739336492890995260
1225;4636;0,004739336492890995260
1225;4647;0,004739336492890995260
1225;4751;0,004739336492890995260
1225;4841;0,004739336492890995260
1225;4874;0,009478672985781990521
1225;4938;0,004739336492890995260
1225;5037;0,004739336492890995260
1225;5054;0,004739336492890995260
1225;5163;0,004739336492890995260
1225;5245;0,004739336492890995260
1225;5309;0,004739336492890995260
1225;5363;0,004739336492890995260
1225;5408;0,009478672985781990521
1225;5423;0,009478672985781990521
1225;5571;0,004739336492890995260
1225;5659;0,004739336492890995260
1225;5682;0,004739336492890995260
1225;5700;0,004739336492890995260
1225;5783;0,004739336492890995260
1225;5784;0,009478672985781990521
1225;5967;0,009478672985781990521
1225;6250;0,004739336492890995260
1225;6300;0,009478672985781990521
1225;6664;0,004739336492890995260
1225;6681;0,004739336492890995260
1225;6739;0,004739336492890995260
1225;6923;0,004739336492890995260
1225;6960;0,004739336492890995260
1225;7015;0,004739336492890995260
1225;7131;0,004739336492890995260
1225;7240;0,004739336492890995260
1225;7281;0,004739336492890995260
1225;7416;0,004739336492890995260
1225;7624;0,004739336492890995260
1225;7873;0,004739336492890995260
1225;7882;0,004739336492890995260
1225;8281;0,004739336492890995260
1225;8372;0,009478672985781990521
1225;8666;0,004739336492890995260
1225;8687;0,004739336492890995260
1225;8698;0,004739336492890995260
1225;8738;0,004739336492890995260
1225;9088;0,004739336492890995260
1225;9106;0,004739336492890995260
1225;9112;0,004739336492890995260
1225;9194;0,004739336492890995260
1225;9196;0,004739336492890995260
1225;9345;0,004739336492890995260
1225;9483;0,004739336492890995260
1225;9710;0,004739336492890995260
1225;9905;0,004739336492890995260
1225;11534;0,004739336492890995260
1225;11890;0,004739336492890995260
1225;11921;0,004739336492890995260
1225;12119;0,004739336492890995260
1225;12339;0,004739336492890995260
1225;12428;0,004739336492890995260
1225;12429;0,004739336492890995260
1225;12430;0,009478672985781990521
1225;12431;0,004739336492890995260
1225;12432;0,004739336492890995260
1225;12433;0,004739336492890995260
1225;12435;0,004739336492890995260
1225;12436;0,004739336492890995260
1225;12439;0,004739336492890995260
1225;12441;0,004739336492890995260
1225;12442;0,004739336492890995260
1225;12761;0,004739336492890995260
1225;12763;0,004739336492890995260
1225;12764;0,004739336492890995260
1225;12765;0,004739336492890995260
1225;12766;0,004739336492890995260
1225;12767;0,004739336492890995260
1225;12768;0,004739336492890995260
1225;12769;0,004739336492890995260
1225;12770;0,004739336492890995260
1225;12771;0,009478672985781990521
1225;12772;0,004739336492890995260
1225;12826;0,004739336492890995260
1225;13622;0,004739336492890995260
1225;14125;0,004739336492890995260
1225;14323;0,009478672985781990521
1225;14480;0,004739336492890995260
1225;15726;0,004739336492890995260
1225;15860;0,004739336492890995260
1225;15866;0,004739336492890995260
1225;16112;0,004739336492890995260
1225;16487;0,004739336492890995260
1225;16647;0,004739336492890995260
1225;16648;0,004739336492890995260
1225;16649;0,004739336492890995260
1225;16650;0,004739336492890995260
1225;16651;0,004739336492890995260
1225;16652;0,004739336492890995260
1225;16653;0,004739336492890995260
1225;16654;0,004739336492890995260
1225;16655;0,004739336492890995260
1225;16656;0,004739336492890995260
1225;16657;0,004739336492890995260
1225;16658;0,004739336492890995260
1225;16659;0,004739336492890995260
1225;16660;0,004739336492890995260
1225;16661;0,004739336492890995260
1225;16662;0,004739336492890995260
1225;16663;0,004739336492890995260
1225;16664;0,004739336492890995260
1225;16665;0,004739336492890995260
1225;16866;0,004739336492890995260
1225;19391;0,004739336492890995260
1225;19734;0,004739336492890995260
1225;20474;0,009478672985781990521
1225;21470;0,004739336492890995260
1225;21592;0,004739336492890995260
1225;21597;0,009478672985781990521
1225;22645;0,004739336492890995260
1225;25272;0,009478672985781990521
1225;27522;0,004739336492890995260
1225;27557;0,004739336492890995260
1225;27991;0,004739336492890995260
1225;28034;0,004739336492890995260
1225;28538;0,004739336492890995260
1225;28964;0,004739336492890995260
1227;14841;1,000000000000000000000
1228;749;0,166666666666666666666
1228;1254;0,166666666666666666666
1228;1487;0,333333333333333333333
1228;2131;0,166666666666666666666
1228;4041;0,166666666666666666666
1231;3141;0,600000000000000000000
1231;5519;0,400000000000000000000
1234;135;0,066666666666666666666
1234;520;0,133333333333333333333
1234;1235;0,066666666666666666666
1234;1236;0,200000000000000000000
1234;1237;0,333333333333333333333
1234;1277;0,066666666666666666666
1234;10020;0,066666666666666666666
1234;21154;0,066666666666666666666
1235;1277;0,545454545454545454545
1235;1639;0,090909090909090909090
1235;3393;0,181818181818181818181
1235;21154;0,181818181818181818181
1236;138;0,025000000000000000000
1236;763;0,025000000000000000000
1236;992;0,025000000000000000000
1236;1169;0,050000000000000000000
1236;1234;0,050000000000000000000
1236;1237;0,025000000000000000000
1236;1277;0,400000000000000000000
1236;1815;0,075000000000000000000
1236;1931;0,025000000000000000000
1236;2684;0,075000000000000000000
1236;3325;0,075000000000000000000
1236;10188;0,025000000000000000000
1236;21154;0,075000000000000000000
1236;115105;0,025000000000000000000
1236;366089;0,025000000000000000000
1237;763;0,666666666666666666666
1237;1277;0,333333333333333333333
1240;1114;1,000000000000000000000
1243;689;0,500000000000000000000
1243;1322;0,500000000000000000000
1246;1092;0,750000000000000000000
1246;6250;0,250000000000000000000
1250;1945;0,200000000000000000000
1250;4147;0,066666666666666666666
1250;5856;0,066666666666666666666
1250;8229;0,066666666666666666666
1250;16921;0,133333333333333333333
1250;24239;0,066666666666666666666
1250;24254;0,133333333333333333333
1250;283638;0,133333333333333333333
1250;307900;0,066666666666666666666
1250;329272;0,066666666666666666666
1253;956;0,500000000000000000000
1253;1046;0,500000000000000000000
1254;119;0,222222222222222222222
1254;1228;0,111111111111111111111
1254;4041;0,222222222222222222222
1254;5149;0,111111111111111111111
1254;13799;0,111111111111111111111
1254;179346;0,222222222222222222222
1261;41;0,250000000000000000000
1261;67;0,250000000000000000000
1261;1262;0,250000000000000000000
1261;1620;0,250000000000000000000
1265;3471;1,000000000000000000000
1271;845;0,333333333333333333333
1271;10020;0,666666666666666666666
1274;2657;1,000000000000000000000
1276;644;0,500000000000000000000
1276;645;0,500000000000000000000
1277;763;0,140845070422535211267
1277;1234;0,070422535211267605633
1277;1235;0,183098591549295774647
1277;1236;0,239436619718309859154
1277;1237;0,112676056338028169014
1277;1815;0,070422535211267605633
1277;3802;0,014084507042253521126
1277;21154;0,169014084507042253521
1278;100;0,100000000000000000000
1278;135;0,200000000000000000000
1278;992;0,050000000000000000000
1278;1286;0,050000000000000000000
1278;1591;0,200000000000000000000
1278;1925;0,050000000000000000000
1278;1931;0,100000000000000000000
1278;2684;0,050000000000000000000
1278;3458;0,050000000000000000000
1278;8687;0,100000000000000000000
1278;115105;0,050000000000000000000
1282;2008;0,166666666666666666666
1282;3991;0,666666666666666666666
1282;8580;0,166666666666666666666
1286;65;0,090909090909090909090
1286;524;0,090909090909090909090
1286;878;0,090909090909090909090
1286;938;0,090909090909090909090
1286;970;0,090909090909090909090
1286;1278;0,181818181818181818181
1286;1549;0,090909090909090909090
1286;2434;0,272727272727272727272
1288;246;0,018518518518518518518
1288;271;0,018518518518518518518
1288;288;0,018518518518518518518
1288;290;0,018518518518518518518
1288;294;0,018518518518518518518
1288;317;0,018518518518518518518
1288;545;0,018518518518518518518
1288;1030;0,018518518518518518518
1288;1197;0,018518518518518518518
1288;1198;0,018518518518518518518
1288;1696;0,018518518518518518518
1288;1824;0,018518518518518518518
1288;1901;0,018518518518518518518
1288;1933;0,018518518518518518518
1288;1951;0,018518518518518518518
1288;2322;0,018518518518518518518
1288;2323;0,018518518518518518518
1288;2337;0,018518518518518518518
1288;2343;0,018518518518518518518
1288;2371;0,018518518518518518518
1288;2372;0,018518518518518518518
1288;2522;0,018518518518518518518
1288;2678;0,018518518518518518518
1288;3360;0,018518518518518518518
1288;3731;0,018518518518518518518
1288;3844;0,018518518518518518518
1288;3978;0,018518518518518518518
1288;4657;0,018518518518518518518
1288;4728;0,018518518518518518518
1288;4794;0,018518518518518518518
1288;5915;0,018518518518518518518
1288;8348;0,018518518518518518518
1288;8635;0,018518518518518518518
1288;9376;0,018518518518518518518
1288;9462;0,018518518518518518518
1288;9992;0,018518518518518518518
1288;10860;0,018518518518518518518
1288;11014;0,018518518518518518518
1288;11458;0,018518518518518518518
1288;12385;0,018518518518518518518
1288;14652;0,018518518518518518518
1288;15867;0,018518518518518518518
1288;17677;0,018518518518518518518
1288;17773;0,018518518518518518518
1288;17789;0,018518518518518518518
1288;23561;0,018518518518518518518
1288;23562;0,018518518518518518518
1288;23563;0,018518518518518518518
1288;26101;0,018518518518518518518
1288;27527;0,018518518518518518518
1288;27531;0,018518518518518518518
1288;27535;0,018518518518518518518
1288;27537;0,018518518518518518518
1288;27539;0,018518518518518518518
1290;385;0,250000000000000000000
1290;1314;0,500000000000000000000
1290;2657;0,250000000000000000000
1293;2001;1,000000000000000000000
1295;407;1,000000000000000000000
1301;3122;1,000000000000000000000
1307;2199;0,250000000000000000000
1307;4004;0,750000000000000000000
1310;285;0,111111111111111111111
1310;1868;0,444444444444444444444
1310;2991;0,444444444444444444444
1316;277;0,400000000000000000000
1316;352;0,200000000000000000000
1316;846;0,200000000000000000000
1316;2547;0,200000000000000000000
1319;3230;1,000000000000000000000
1321;492;0,666666666666666666666
1321;3427;0,333333333333333333333
1322;853;0,500000000000000000000
1322;1243;0,500000000000000000000
1325;1333;1,000000000000000000000
1326;1121;0,666666666666666666666
1326;8090;0,333333333333333333333
1327;4625;1,000000000000000000000
1329;1333;0,500000000000000000000
1329;2948;0,500000000000000000000
1330;5679;1,000000000000000000000
1331;1326;1,000000000000000000000
1332;1330;0,500000000000000000000
1332;27808;0,500000000000000000000
1333;1329;1,000000000000000000000
1335;4281;0,500000000000000000000
1335;5367;0,500000000000000000000
1340;349;0,166666666666666666666
1340;1510;0,166666666666666666666
1340;4278;0,333333333333333333333
1340;434991;0,333333333333333333333
1348;119;0,166666666666666666666
1348;132;0,166666666666666666666
1348;2882;0,166666666666666666666
1348;3458;0,166666666666666666666
1348;5149;0,333333333333333333333
1352;6622;1,000000000000000000000
1364;237;0,500000000000000000000
1364;261;0,250000000000000000000
1364;4825;0,250000000000000000000
1370;281;0,083333333333333333333
1370;452;0,500000000000000000000
1370;675;0,083333333333333333333
1370;1129;0,166666666666666666666
1370;1174;0,083333333333333333333
1370;23720;0,083333333333333333333
1374;484;0,333333333333333333333
1374;658;0,333333333333333333333
1374;6567;0,333333333333333333333
1397;904;1,000000000000000000000
1401;911;0,100000000000000000000
1401;2150;0,100000000000000000000
1401;2280;0,200000000000000000000
1401;2644;0,100000000000000000000
1401;3142;0,100000000000000000000
1401;4281;0,100000000000000000000
1401;6581;0,100000000000000000000
1401;8500;0,100000000000000000000
1401;9409;0,100000000000000000000
1402;1705;0,500000000000000000000
1402;2463;0,500000000000000000000
1406;17634;1,000000000000000000000
1432;1482;0,200000000000000000000
1432;17549;0,200000000000000000000
1432;17710;0,600000000000000000000
1434;13642;1,000000000000000000000
1437;845;0,045454545454545454545
1437;846;0,318181818181818181818
1437;192866;0,636363636363636363636
1439;747;0,047619047619047619047
1439;748;0,047619047619047619047
1439;1073;0,047619047619047619047
1439;1164;0,047619047619047619047
1439;1637;0,047619047619047619047
1439;2075;0,047619047619047619047
1439;2080;0,047619047619047619047
1439;3091;0,047619047619047619047
1439;4476;0,047619047619047619047
1439;5679;0,047619047619047619047
1439;12938;0,047619047619047619047
1439;22298;0,095238095238095238095
1439;25264;0,047619047619047619047
1439;25488;0,047619047619047619047
1439;42210;0,095238095238095238095
1439;47352;0,047619047619047619047
1439;50332;0,047619047619047619047
1439;55041;0,047619047619047619047
1439;76428;0,047619047619047619047
1443;65;0,100000000000000000000
1443;77;0,050000000000000000000
1443;497;0,050000000000000000000
1443;528;0,050000000000000000000
1443;622;0,050000000000000000000
1443;1335;0,050000000000000000000
1443;1401;0,050000000000000000000
1443;2146;0,100000000000000000000
1443;2147;0,050000000000000000000
1443;3085;0,050000000000000000000
1443;3269;0,050000000000000000000
1443;4765;0,050000000000000000000
1443;5442;0,050000000000000000000
1443;5444;0,050000000000000000000
1443;5691;0,050000000000000000000
1443;9433;0,050000000000000000000
1443;9437;0,050000000000000000000
1443;151929;0,050000000000000000000
1445;1632;1,000000000000000000000
1447;398786;1,000000000000000000000
1451;389;0,500000000000000000000
1451;1218;0,500000000000000000000
1453;25861;1,000000000000000000000
1454;712;0,153846153846153846153
1454;812;0,153846153846153846153
1454;1560;0,076923076923076923076
1454;3418;0,076923076923076923076
1454;3427;0,076923076923076923076
1454;3648;0,076923076923076923076
1454;4697;0,076923076923076923076
1454;8899;0,076923076923076923076
1454;13291;0,076923076923076923076
1454;21750;0,076923076923076923076
1454;28467;0,076923076923076923076
1455;149;0,052631578947368421052
1455;289;0,052631578947368421052
1455;791;0,052631578947368421052
1455;1566;0,052631578947368421052
1455;1629;0,052631578947368421052
1455;1685;0,052631578947368421052
1455;1686;0,052631578947368421052
1455;1689;0,052631578947368421052
1455;1690;0,052631578947368421052
1455;1694;0,052631578947368421052
1455;1699;0,052631578947368421052
1455;1763;0,052631578947368421052
1455;2254;0,052631578947368421052
1455;3971;0,052631578947368421052
1455;5478;0,052631578947368421052
1455;9955;0,052631578947368421052
1455;11229;0,052631578947368421052
1455;11230;0,052631578947368421052
1455;11231;0,052631578947368421052
1457;2882;0,714285714285714285714
1457;4780;0,142857142857142857142
1457;7111;0,142857142857142857142
1462;2021;0,166666666666666666666
1462;4041;0,166666666666666666666
1462;12706;0,500000000000000000000
1462;28532;0,166666666666666666666
1466;14151;1,000000000000000000000
1476;1598;0,500000000000000000000
1476;3395;0,500000000000000000000
1479;303;0,250000000000000000000
1479;1613;0,250000000000000000000
1479;3143;0,250000000000000000000
1479;8049;0,250000000000000000000
1485;5679;1,000000000000000000000
1487;232;0,187500000000000000000
1487;550;0,125000000000000000000
1487;909;0,062500000000000000000
1487;1089;0,562500000000000000000
1487;1228;0,062500000000000000000
1497;288;0,666666666666666666666
1497;5915;0,333333333333333333333
1498;839;0,125000000000000000000
1498;1476;0,062500000000000000000
1498;1598;0,125000000000000000000
1498;1717;0,062500000000000000000
1498;4099;0,062500000000000000000
1498;4299;0,125000000000000000000
1498;4432;0,062500000000000000000
1498;4453;0,062500000000000000000
1498;4472;0,125000000000000000000
1498;4876;0,062500000000000000000
1498;9090;0,125000000000000000000
1499;3234;1,000000000000000000000
1500;1096;1,000000000000000000000
1501;3260;0,500000000000000000000
1501;4486;0,500000000000000000000
1504;5239;0,666666666666666666666
1504;7886;0,333333333333333333333
1508;1443;1,000000000000000000000
1510;108;0,034482758620689655172
1510;219;0,017241379310344827586
1510;324;0,017241379310344827586
1510;349;0,060344827586206896551
1510;351;0,017241379310344827586
1510;502;0,017241379310344827586
1510;538;0,017241379310344827586
1510;817;0,017241379310344827586
1510;869;0,017241379310344827586
1510;918;0,017241379310344827586
1510;1131;0,017241379310344827586
1510;1248;0,017241379310344827586
1510;1521;0,017241379310344827586
1510;1765;0,017241379310344827586
1510;1850;0,017241379310344827586
1510;1893;0,017241379310344827586
1510;1894;0,017241379310344827586
1510;2516;0,017241379310344827586
1510;2517;0,017241379310344827586
1510;2518;0,017241379310344827586
1510;2592;0,034482758620689655172
1510;2594;0,034482758620689655172
1510;2664;0,017241379310344827586
1510;3053;0,017241379310344827586
1510;3223;0,043103448275862068965
1510;3362;0,025862068965517241379
1510;3408;0,017241379310344827586
1510;3443;0,017241379310344827586
1510;3515;0,017241379310344827586
1510;3625;0,043103448275862068965
1510;3671;0,017241379310344827586
1510;4278;0,025862068965517241379
1510;4954;0,008620689655172413793
1510;5360;0,017241379310344827586
1510;7565;0,017241379310344827586
1510;10435;0,017241379310344827586
1510;10602;0,017241379310344827586
1510;10633;0,017241379310344827586
1510;10926;0,017241379310344827586
1510;12333;0,017241379310344827586
1510;12534;0,017241379310344827586
1510;17207;0,017241379310344827586
1510;17208;0,017241379310344827586
1510;17209;0,017241379310344827586
1510;17276;0,017241379310344827586
1510;28580;0,017241379310344827586
1510;54879;0,017241379310344827586
1510;276780;0,017241379310344827586
1510;434991;0,017241379310344827586
1513;669;0,500000000000000000000
1513;1160;0,250000000000000000000
1513;6008;0,250000000000000000000
1515;1448;0,666666666666666666666
1515;4592;0,333333333333333333333
1516;853;1,000000000000000000000
1517;390;0,500000000000000000000
1517;3697;0,500000000000000000000
1521;17269;0,500000000000000000000
1521;440509;0,500000000000000000000
1523;17209;1,000000000000000000000
1526;615;1,000000000000000000000
1544;479;0,142857142857142857142
1544;943;0,142857142857142857142
1544;1065;0,428571428571428571428
1544;1313;0,071428571428571428571
1544;4219;0,071428571428571428571
1544;5679;0,071428571428571428571
1544;113459;0,071428571428571428571
1547;285;0,500000000000000000000
1547;472;0,500000000000000000000
1552;251;1,000000000000000000000
1554;1845;1,000000000000000000000
1556;66;0,090909090909090909090
1556;240;0,030303030303030303030
1556;520;0,090909090909090909090
1556;975;0,090909090909090909090
1556;1016;0,030303030303030303030
1556;1986;0,030303030303030303030
1556;2728;0,030303030303030303030
1556;2815;0,090909090909090909090
1556;3188;0,060606060606060606060
1556;3519;0,030303030303030303030
1556;3683;0,121212121212121212121
1556;4976;0,030303030303030303030
1556;5003;0,060606060606060606060
1556;5006;0,030303030303030303030
1556;5012;0,151515151515151515151
1556;7914;0,030303030303030303030
1565;812;0,166666666666666666666
1565;1036;0,083333333333333333333
1565;1562;0,083333333333333333333
1565;1688;0,041666666666666666666
1565;1887;0,083333333333333333333
1565;2470;0,083333333333333333333
1565;2890;0,208333333333333333333
1565;3395;0,250000000000000000000
1567;4085;0,500000000000000000000
1567;10176;0,500000000000000000000
1569;1913;1,000000000000000000000
1570;267;0,041666666666666666666
1570;1448;0,083333333333333333333
1570;1583;0,041666666666666666666
1570;2379;0,083333333333333333333
1570;3045;0,125000000000000000000
1570;3234;0,083333333333333333333
1570;3500;0,041666666666666666666
1570;4187;0,041666666666666666666
1570;4376;0,083333333333333333333
1570;8095;0,041666666666666666666
1570;8630;0,083333333333333333333
1570;10018;0,041666666666666666666
1570;10020;0,041666666666666666666
1570;12907;0,041666666666666666666
1570;17388;0,083333333333333333333
1570;23646;0,041666666666666666666
1574;442;0,250000000000000000000
1574;12418;0,500000000000000000000
1574;28752;0,250000000000000000000
1581;891;0,500000000000000000000
1581;1082;0,500000000000000000000
1588;527;1,000000000000000000000
1589;39;0,500000000000000000000
1589;273;0,045454545454545454545
1589;738;0,363636363636363636363
1589;3256;0,045454545454545454545
1589;3877;0,045454545454545454545
1591;113;0,190476190476190476190
1591;861;0,047619047619047619047
1591;992;0,285714285714285714285
1591;1278;0,190476190476190476190
1591;3234;0,095238095238095238095
1591;4313;0,047619047619047619047
1591;6105;0,095238095238095238095
1591;8630;0,047619047619047619047
1596;794;0,166666666666666666666
1596;5380;0,166666666666666666666
1596;5440;0,166666666666666666666
1596;7132;0,500000000000000000000
1598;839;0,500000000000000000000
1598;6634;0,500000000000000000000
1608;1064;1,000000000000000000000
1609;1610;1,000000000000000000000
1610;1609;1,000000000000000000000
1612;1613;0,500000000000000000000
1612;6027;0,500000000000000000000
1616;113;1,000000000000000000000
1625;151;0,750000000000000000000
1625;9413;0,250000000000000000000
1629;1763;1,000000000000000000000
1632;1445;1,000000000000000000000
1637;247;0,043478260869565217391
1637;411;0,086956521739130434782
1637;635;0,086956521739130434782
1637;747;0,043478260869565217391
1637;1085;0,043478260869565217391
1637;1154;0,043478260869565217391
1637;1165;0,043478260869565217391
1637;1762;0,173913043478260869565
1637;2712;0,130434782608695652173
1637;3518;0,086956521739130434782
1637;5029;0,043478260869565217391
1637;7259;0,043478260869565217391
1637;14826;0,043478260869565217391
1637;40961;0,043478260869565217391
1637;336640;0,043478260869565217391
1639;937;0,200000000000000000000
1639;1235;0,100000000000000000000
1639;1917;0,100000000000000000000
1639;2278;0,100000000000000000000
1639;4598;0,500000000000000000000
1644;1527;0,057142857142857142857
1644;2605;0,057142857142857142857
1644;3355;0,057142857142857142857
1644;4307;0,057142857142857142857
1644;4625;0,057142857142857142857
1644;13372;0,057142857142857142857
1644;44336;0,057142857142857142857
1644;248834;0,057142857142857142857
1644;248836;0,085714285714285714285
1644;248837;0,057142857142857142857
1644;256951;0,057142857142857142857
1644;276780;0,057142857142857142857
1644;276963;0,057142857142857142857
1644;318787;0,057142857142857142857
1644;353446;0,057142857142857142857
1644;388810;0,057142857142857142857
1644;418454;0,057142857142857142857
1663;7111;1,000000000000000000000
1667;524;0,125000000000000000000
1667;2271;0,125000000000000000000
1667;2272;0,125000000000000000000
1667;3591;0,125000000000000000000
1667;5564;0,125000000000000000000
1667;7747;0,125000000000000000000
1667;8623;0,125000000000000000000
1667;9371;0,125000000000000000000
1676;547;0,500000000000000000000
1676;18258;0,500000000000000000000
1678;400;0,111111111111111111111
1678;846;0,333333333333333333333
1678;1681;0,111111111111111111111
1678;3269;0,111111111111111111111
1678;5612;0,111111111111111111111
1678;7713;0,111111111111111111111
1678;10338;0,111111111111111111111
1681;733;0,166666666666666666666
1681;846;0,041666666666666666666
1681;1171;0,041666666666666666666
1681;2435;0,083333333333333333333
1681;2512;0,041666666666666666666
1681;2786;0,125000000000000000000
1681;2923;0,166666666666666666666
1681;3105;0,041666666666666666666
1681;3427;0,041666666666666666666
1681;8715;0,041666666666666666666
1681;9898;0,041666666666666666666
1681;282900;0,166666666666666666666
1689;398786;1,000000000000000000000
1694;3971;1,000000000000000000000
1695;437;0,250000000000000000000
1695;1169;0,250000000000000000000
1695;1563;0,250000000000000000000
1695;359918;0,250000000000000000000
1698;5753;1,000000000000000000000
1700;1561;0,500000000000000000000
1700;1608;0,250000000000000000000
1700;2195;0,250000000000000000000
1702;689;1,000000000000000000000
1708;7994;0,500000000000000000000
1708;8902;0,500000000000000000000
1710;3045;0,333333333333333333333
1710;4376;0,666666666666666666666
1717;172;0,125000000000000000000
1717;772;0,125000000000000000000
1717;839;0,125000000000000000000
1717;940;0,125000000000000000000
1717;1262;0,125000000000000000000
1717;1476;0,125000000000000000000
1717;2073;0,125000000000000000000
1717;4772;0,125000000000000000000
1727;402;0,250000000000000000000
1727;411;0,250000000000000000000
1727;419;0,250000000000000000000
1727;6000;0,250000000000000000000
1728;5168;1,000000000000000000000
1729;4334;1,000000000000000000000
1744;960;0,250000000000000000000
1744;1401;0,250000000000000000000
1744;8723;0,250000000000000000000
1744;219255;0,250000000000000000000
1745;502;1,000000000000000000000
1749;303;0,333333333333333333333
1749;1613;0,333333333333333333333
1749;28381;0,333333333333333333333
1751;956;1,000000000000000000000
1754;65;0,073170731707317073170
1754;71;0,048780487804878048780
1754;194;0,024390243902439024390
1754;379;0,024390243902439024390
1754;628;0,024390243902439024390
1754;700;0,073170731707317073170
1754;748;0,048780487804878048780
1754;837;0,048780487804878048780
1754;995;0,024390243902439024390
1754;1286;0,048780487804878048780
1754;1762;0,121951219512195121951
1754;1940;0,024390243902439024390
1754;2021;0,024390243902439024390
1754;2844;0,048780487804878048780
1754;3809;0,024390243902439024390
1754;4640;0,024390243902439024390
1754;7215;0,073170731707317073170
1754;7630;0,048780487804878048780
1754;7660;0,048780487804878048780
1754;8910;0,048780487804878048780
1754;257158;0,048780487804878048780
1754;408414;0,024390243902439024390
1762;407;0,200000000000000000000
1762;411;0,200000000000000000000
1762;1397;0,200000000000000000000
1762;1637;0,200000000000000000000
1762;1754;0,200000000000000000000
1769;313;0,062500000000000000000
1769;380;0,125000000000000000000
1769;492;0,125000000000000000000
1769;1064;0,062500000000000000000
1769;1282;0,125000000000000000000
1769;1321;0,062500000000000000000
1769;1453;0,062500000000000000000
1769;1455;0,062500000000000000000
1769;1692;0,062500000000000000000
1769;1705;0,062500000000000000000
1769;2008;0,125000000000000000000
1769;2826;0,062500000000000000000
1771;1042;0,045454545454545454545
1771;1220;0,045454545454545454545
1771;1444;0,045454545454545454545
1771;2275;0,045454545454545454545
1771;2419;0,045454545454545454545
1771;2420;0,045454545454545454545
1771;6918;0,045454545454545454545
1771;7954;0,045454545454545454545
1771;8820;0,045454545454545454545
1771;9065;0,045454545454545454545
1771;9066;0,045454545454545454545
1771;9067;0,045454545454545454545
1771;9068;0,045454545454545454545
1771;9069;0,045454545454545454545
1771;20307;0,045454545454545454545
1771;27810;0,090909090909090909090
1771;28202;0,045454545454545454545
1771;41565;0,045454545454545454545
1771;259342;0,045454545454545454545
1771;278351;0,045454545454545454545
1771;287409;0,045454545454545454545
1778;520;0,333333333333333333333
1778;5935;0,666666666666666666666
1779;798;1,000000000000000000000
1780;3271;0,142857142857142857142
1780;6548;0,571428571428571428571
1780;7759;0,142857142857142857142
1780;9208;0,142857142857142857142
1785;826;0,333333333333333333333
1785;4621;0,666666666666666666666
1787;40;1,000000000000000000000
1799;310;1,000000000000000000000
1814;992;0,200000000000000000000
1814;1931;0,200000000000000000000
1814;2684;0,200000000000000000000
1814;3392;0,200000000000000000000
1814;115105;0,200000000000000000000
1815;135;0,111111111111111111111
1815;1236;0,222222222222222222222
1815;1277;0,555555555555555555555
1815;21154;0,111111111111111111111
1822;17269;1,000000000000000000000
1824;2678;0,083333333333333333333
1824;5915;0,083333333333333333333
1824;9114;0,333333333333333333333
1824;10085;0,500000000000000000000
1831;74;0,200000000000000000000
1831;652;0,200000000000000000000
1831;1162;0,400000000000000000000
1831;1623;0,200000000000000000000
1844;527;0,750000000000000000000
1844;1897;0,250000000000000000000
1850;538;0,200000000000000000000
1850;918;0,200000000000000000000
1850;4278;0,400000000000000000000
1850;319757;0,200000000000000000000
1853;7005;1,000000000000000000000
1864;1210;0,400000000000000000000
1864;2704;0,200000000000000000000
1864;8513;0,400000000000000000000
1866;2149;0,083333333333333333333
1866;3033;0,833333333333333333333
1866;18251;0,083333333333333333333
1868;251;0,100000000000000000000
1868;285;0,100000000000000000000
1868;678;0,200000000000000000000
1868;1310;0,200000000000000000000
1868;2991;0,100000000000000000000
1868;3005;0,300000000000000000000
1889;678;0,076923076923076923076
1889;992;0,076923076923076923076
1889;1931;0,076923076923076923076
1889;2661;0,384615384615384615384
1889;2684;0,076923076923076923076
1889;3429;0,153846153846153846153
1889;115105;0,076923076923076923076
1889;283638;0,076923076923076923076
1891;2310;1,000000000000000000000
1893;324;0,166666666666666666666
1893;349;0,166666666666666666666
1893;2516;0,666666666666666666666
1894;5360;0,500000000000000000000
1894;17269;0,500000000000000000000
1897;528;0,083333333333333333333
1897;567;0,083333333333333333333
1897;571;0,083333333333333333333
1897;1004;0,083333333333333333333
1897;1844;0,166666666666666666666
1897;3401;0,083333333333333333333
1897;3548;0,083333333333333333333
1897;5918;0,083333333333333333333
1897;6788;0,166666666666666666666
1897;9720;0,083333333333333333333
1898;11;0,333333333333333333333
1898;615;0,166666666666666666666
1898;1342;0,166666666666666666666
1898;3234;0,166666666666666666666
1898;4747;0,166666666666666666666
1902;3575;0,500000000000000000000
1902;5610;0,500000000000000000000
1903;1913;1,000000000000000000000
1910;2367;0,111111111111111111111
1910;3418;0,222222222222222222222
1910;6234;0,222222222222222222222
1910;8580;0,111111111111111111111
1910;8899;0,111111111111111111111
1910;324897;0,222222222222222222222
1913;739;0,047619047619047619047
1913;740;0,047619047619047619047
1913;1569;0,047619047619047619047
1913;1903;0,047619047619047619047
1913;1912;0,047619047619047619047
1913;5960;0,047619047619047619047
1913;7630;0,047619047619047619047
1913;8873;0,095238095238095238095
1913;13579;0,047619047619047619047
1913;13809;0,047619047619047619047
1913;14266;0,047619047619047619047
1913;16873;0,047619047619047619047
1913;19707;0,047619047619047619047
1913;23228;0,047619047619047619047
1913;284852;0,142857142857142857142
1913;334473;0,142857142857142857142
1917;85;0,250000000000000000000
1917;261;0,250000000000000000000
1917;984;0,250000000000000000000
1917;2796;0,250000000000000000000
1931;1278;1,000000000000000000000
1942;520;0,083333333333333333333
1942;522;0,083333333333333333333
1942;891;0,083333333333333333333
1942;1064;0,083333333333333333333
1942;1122;0,083333333333333333333
1942;1169;0,083333333333333333333
1942;2825;0,083333333333333333333
1942;2851;0,083333333333333333333
1942;3096;0,083333333333333333333
1942;3235;0,083333333333333333333
1942;5679;0,083333333333333333333
1942;98841;0,083333333333333333333
1945;119;0,050000000000000000000
1945;240;0,050000000000000000000
1945;276;0,050000000000000000000
1945;354;0,050000000000000000000
1945;479;0,050000000000000000000
1945;645;0,100000000000000000000
1945;1065;0,050000000000000000000
1945;1066;0,050000000000000000000
1945;1406;0,050000000000000000000
1945;1563;0,050000000000000000000
1945;1771;0,050000000000000000000
1945;3465;0,050000000000000000000
1945;4313;0,050000000000000000000
1945;4831;0,050000000000000000000
1945;6496;0,050000000000000000000
1945;8268;0,050000000000000000000
1945;9721;0,050000000000000000000
1945;12430;0,050000000000000000000
1945;13502;0,050000000000000000000
1946;1169;0,500000000000000000000
1946;1316;0,500000000000000000000
1948;57;0,250000000000000000000
1948;309;0,125000000000000000000
1948;2355;0,125000000000000000000
1948;2479;0,250000000000000000000
1948;3574;0,250000000000000000000
1949;652;0,111111111111111111111
1949;749;0,111111111111111111111
1949;793;0,111111111111111111111
1949;1053;0,111111111111111111111
1949;3164;0,111111111111111111111
1949;3815;0,111111111111111111111
1949;3891;0,111111111111111111111
1949;4101;0,111111111111111111111
1949;7920;0,111111111111111111111
1951;246;0,012820512820512820512
1951;271;0,012820512820512820512
1951;288;0,012820512820512820512
1951;290;0,012820512820512820512
1951;294;0,012820512820512820512
1951;317;0,012820512820512820512
1951;545;0,012820512820512820512
1951;1030;0,012820512820512820512
1951;1197;0,012820512820512820512
1951;1288;0,012820512820512820512
1951;1497;0,012820512820512820512
1951;1696;0,012820512820512820512
1951;1824;0,012820512820512820512
1951;1901;0,012820512820512820512
1951;2322;0,012820512820512820512
1951;2323;0,012820512820512820512
1951;2337;0,012820512820512820512
1951;2343;0,012820512820512820512
1951;2371;0,012820512820512820512
1951;2372;0,012820512820512820512
1951;2438;0,012820512820512820512
1951;2678;0,012820512820512820512
1951;2679;0,012820512820512820512
1951;3071;0,012820512820512820512
1951;3304;0,012820512820512820512
1951;3360;0,012820512820512820512
1951;3618;0,012820512820512820512
1951;3731;0,012820512820512820512
1951;3844;0,012820512820512820512
1951;3916;0,012820512820512820512
1951;3978;0,012820512820512820512
1951;4204;0,012820512820512820512
1951;4657;0,012820512820512820512
1951;4728;0,012820512820512820512
1951;4750;0,012820512820512820512
1951;4794;0,012820512820512820512
1951;5506;0,012820512820512820512
1951;5915;0,012820512820512820512
1951;6694;0,012820512820512820512
1951;7859;0,012820512820512820512
1951;7968;0,012820512820512820512
1951;8348;0,012820512820512820512
1951;8635;0,012820512820512820512
1951;9114;0,012820512820512820512
1951;9159;0,012820512820512820512
1951;9376;0,012820512820512820512
1951;9462;0,012820512820512820512
1951;9992;0,012820512820512820512
1951;10085;0,012820512820512820512
1951;10860;0,012820512820512820512
1951;11014;0,012820512820512820512
1951;11458;0,012820512820512820512
1951;12385;0,012820512820512820512
1951;13206;0,012820512820512820512
1951;14652;0,012820512820512820512
1951;15867;0,012820512820512820512
1951;17677;0,012820512820512820512
1951;17773;0,012820512820512820512
1951;17789;0,012820512820512820512
1951;23561;0,012820512820512820512
1951;23562;0,012820512820512820512
1951;23563;0,012820512820512820512
1951;23564;0,012820512820512820512
1951;26101;0,012820512820512820512
1951;27527;0,012820512820512820512
1951;27528;0,012820512820512820512
1951;27531;0,012820512820512820512
1951;27535;0,012820512820512820512
1951;27537;0,012820512820512820512
1951;27539;0,012820512820512820512
1951;76695;0,012820512820512820512
1951;113392;0,012820512820512820512
1951;119483;0,012820512820512820512
1951;135123;0,012820512820512820512
1951;331627;0,012820512820512820512
1951;365535;0,012820512820512820512
1951;365536;0,012820512820512820512
1951;455165;0,012820512820512820512
1967;96;0,428571428571428571428
1967;249;0,028571428571428571428
1967;1545;0,028571428571428571428
1967;2009;0,028571428571428571428
1967;3189;0,057142857142857142857
1967;6723;0,171428571428571428571
1967;95328;0,257142857142857142857
1974;7367;1,000000000000000000000
1976;1162;1,000000000000000000000
1983;1156;1,000000000000000000000
1985;1073;0,125000000000000000000
1985;1984;0,875000000000000000000
1988;42;0,029411764705882352941
1988;96;0,088235294117647058823
1988;237;0,176470588235294117647
1988;261;0,088235294117647058823
1988;615;0,029411764705882352941
1988;747;0,029411764705882352941
1988;4881;0,529411764705882352941
1988;42210;0,029411764705882352941
1991;839;0,142857142857142857142
1991;2239;0,285714285714285714285
1991;3985;0,142857142857142857142
1991;4427;0,142857142857142857142
1991;4432;0,285714285714285714285
1996;1122;0,333333333333333333333
1996;2203;0,333333333333333333333
1996;12816;0,333333333333333333333
2004;488062;1,000000000000000000000
2007;600;0,500000000000000000000
2007;1079;0,500000000000000000000
2015;3532;1,000000000000000000000
2017;3714;1,000000000000000000000
2021;4821;0,333333333333333333333
2021;5657;0,333333333333333333333
2021;8749;0,333333333333333333333
2023;4280;1,000000000000000000000
2037;28;0,500000000000000000000
2037;192;0,166666666666666666666
2037;3296;0,333333333333333333333
2043;22;0,142857142857142857142
2043;190;0,142857142857142857142
2043;4086;0,214285714285714285714
2043;4625;0,142857142857142857142
2043;5167;0,071428571428571428571
2043;9407;0,142857142857142857142
2043;9433;0,142857142857142857142
2046;2149;0,125000000000000000000
2046;4070;0,250000000000000000000
2046;5219;0,125000000000000000000
2046;6548;0,250000000000000000000
2046;9391;0,125000000000000000000
2046;9417;0,125000000000000000000
2050;9436;1,000000000000000000000
2059;7739;1,000000000000000000000
2071;65;0,125000000000000000000
2071;749;0,125000000000000000000
2071;1109;0,125000000000000000000
2071;1122;0,125000000000000000000
2071;4048;0,250000000000000000000
2071;4206;0,250000000000000000000
2073;649;0,500000000000000000000
2073;1717;0,500000000000000000000
2075;1094;0,500000000000000000000
2075;1439;0,500000000000000000000
2078;6930;0,500000000000000000000
2078;13416;0,500000000000000000000
2080;40;0,076923076923076923076
2080;1192;0,153846153846153846153
2080;1429;0,076923076923076923076
2080;1785;0,076923076923076923076
2080;2083;0,076923076923076923076
2080;4621;0,076923076923076923076
2080;8003;0,076923076923076923076
2080;10338;0,076923076923076923076
2080;25488;0,076923076923076923076
2080;40961;0,076923076923076923076
2080;90666;0,076923076923076923076
2080;357817;0,076923076923076923076
2083;9668;1,000000000000000000000
2086;5679;1,000000000000000000000
2087;698;0,400000000000000000000
2087;1814;0,400000000000000000000
2087;3234;0,200000000000000000000
2098;7755;0,200000000000000000000
2098;8353;0,200000000000000000000
2098;20664;0,200000000000000000000
2098;24668;0,200000000000000000000
2098;27349;0,200000000000000000000
2105;770;0,333333333333333333333
2105;3842;0,333333333333333333333
2105;8165;0,333333333333333333333
2111;135;1,000000000000000000000
2117;23;0,333333333333333333333
2117;1162;0,333333333333333333333
2117;12391;0,333333333333333333333
2119;9615;1,000000000000000000000
2127;2140;0,500000000000000000000
2127;4078;0,500000000000000000000
2129;2804;0,750000000000000000000
2129;3096;0,250000000000000000000
2130;4821;0,500000000000000000000
2130;373782;0,500000000000000000000
2131;54;1,000000000000000000000
2139;615;0,666666666666666666666
2139;912;0,333333333333333333333
2140;392;1,000000000000000000000
2145;96;0,333333333333333333333
2145;2293;0,666666666666666666666
2146;965;0,200000000000000000000
2146;966;0,200000000000000000000
2146;1443;0,200000000000000000000
2146;5367;0,200000000000000000000
2146;6316;0,200000000000000000000
2147;497;0,500000000000000000000
2147;1263;0,375000000000000000000
2147;5444;0,125000000000000000000
2149;1866;0,250000000000000000000
2149;2046;0,166666666666666666666
2149;2150;0,166666666666666666666
2149;4493;0,083333333333333333333
2149;8623;0,333333333333333333333
2150;1122;0,636363636363636363636
2150;1401;0,090909090909090909090
2150;19031;0,090909090909090909090
2150;309580;0,090909090909090909090
2150;355594;0,090909090909090909090
2153;5127;1,000000000000000000000
2156;970;0,500000000000000000000
2156;2421;0,500000000000000000000
2164;1111;1,000000000000000000000
2175;4145;0,444444444444444444444
2175;7095;0,111111111111111111111
2175;65998;0,277777777777777777777
2175;66075;0,166666666666666666666
2191;721;1,000000000000000000000
2195;174;0,052631578947368421052
2195;812;0,052631578947368421052
2195;1688;0,052631578947368421052
2195;4414;0,105263157894736842105
2195;5367;0,263157894736842105263
2195;8491;0,315789473684210526315
2195;11427;0,157894736842105263157
2198;885;0,052631578947368421052
2198;3763;0,894736842105263157894
2198;8910;0,052631578947368421052
2199;360;0,166666666666666666666
2199;652;0,083333333333333333333
2199;1210;0,083333333333333333333
2199;1307;0,083333333333333333333
2199;1843;0,083333333333333333333
2199;2838;0,166666666666666666666
2199;4486;0,083333333333333333333
2199;6406;0,083333333333333333333
2199;7920;0,083333333333333333333
2199;13907;0,083333333333333333333
2200;1340;0,333333333333333333333
2200;31885;0,666666666666666666666
2203;113;0,166666666666666666666
2203;518;0,333333333333333333333
2203;1996;0,166666666666666666666
2203;4989;0,166666666666666666666
2203;8253;0,166666666666666666666
2204;135;0,500000000000000000000
2204;98068;0,500000000000000000000
2210;2015;1,000000000000000000000
2216;5082;1,000000000000000000000
2223;71;0,250000000000000000000
2223;127;0,250000000000000000000
2223;3158;0,250000000000000000000
2223;9433;0,250000000000000000000
2237;3619;1,000000000000000000000
2239;2578;1,000000000000000000000
2249;12430;1,000000000000000000000
2252;937;1,000000000000000000000
2264;2005;1,000000000000000000000
2269;237;0,363636363636363636363
2269;2742;0,272727272727272727272
2269;2847;0,090909090909090909090
2269;3246;0,090909090909090909090
2269;4451;0,090909090909090909090
2269;144425;0,090909090909090909090
2271;192;0,333333333333333333333
2271;841;0,500000000000000000000
2271;5367;0,166666666666666666666
2272;3296;0,166666666666666666666
2272;4364;0,166666666666666666666
2272;4561;0,500000000000000000000
2272;9442;0,166666666666666666666
2274;1643;0,333333333333333333333
2274;1763;0,333333333333333333333
2274;3829;0,333333333333333333333
2275;1220;0,090909090909090909090
2275;1771;0,272727272727272727272
2275;6918;0,272727272727272727272
2275;8205;0,181818181818181818181
2275;189452;0,181818181818181818181
2277;1117;1,000000000000000000000
2280;1744;0,500000000000000000000
2280;4240;0,500000000000000000000
2287;1041;0,250000000000000000000
2287;2422;0,050000000000000000000
2287;6734;0,050000000000000000000
2287;6765;0,100000000000000000000
2287;6918;0,100000000000000000000
2287;10298;0,100000000000000000000
2287;16994;0,050000000000000000000
2287;25205;0,100000000000000000000
2287;25226;0,050000000000000000000
2287;25227;0,050000000000000000000
2287;25229;0,100000000000000000000
2293;96;0,250000000000000000000
2293;182;0,035714285714285714285
2293;249;0,035714285714285714285
2293;472;0,107142857142857142857
2293;615;0,035714285714285714285
2293;1141;0,035714285714285714285
2293;1981;0,035714285714285714285
2293;1988;0,071428571428571428571
2293;2145;0,035714285714285714285
2293;2461;0,035714285714285714285
2293;3246;0,035714285714285714285
2293;5628;0,250000000000000000000
2293;137801;0,035714285714285714285
2310;119;0,333333333333333333333
2310;648;0,333333333333333333333
2310;1891;0,333333333333333333333
2322;545;1,000000000000000000000
2323;288;0,444444444444444444444
2323;1391;0,111111111111111111111
2323;2343;0,444444444444444444444
2326;565;0,666666666666666666666
2326;14653;0,333333333333333333333
2330;3393;0,666666666666666666666
2330;6723;0,333333333333333333333
2335;5061;1,000000000000000000000
2337;689;0,200000000000000000000
2337;2438;0,400000000000000000000
2337;3071;0,200000000000000000000
2337;8348;0,200000000000000000000
2343;54;0,166666666666666666666
2343;1198;0,166666666666666666666
2343;2323;0,666666666666666666666
2350;37;1,000000000000000000000
2355;827;0,600000000000000000000
2355;1143;0,100000000000000000000
2355;1948;0,100000000000000000000
2355;3399;0,100000000000000000000
2355;6509;0,100000000000000000000
2359;3296;1,000000000000000000000
2364;2972;0,285714285714285714285
2364;4989;0,285714285714285714285
2364;5679;0,142857142857142857142
2364;125861;0,285714285714285714285
2371;2372;0,666666666666666666666
2371;2678;0,333333333333333333333
2372;288;0,083333333333333333333
2372;294;0,083333333333333333333
2372;545;0,250000000000000000000
2372;1030;0,083333333333333333333
2372;2371;0,166666666666666666666
2372;3836;0,083333333333333333333
2372;9376;0,250000000000000000000
2374;183;0,100000000000000000000
2374;643;0,100000000000000000000
2374;1845;0,300000000000000000000
2374;4225;0,100000000000000000000
2374;6048;0,200000000000000000000
2374;17634;0,200000000000000000000
2379;861;0,035714285714285714285
2379;873;0,035714285714285714285
2379;1448;0,035714285714285714285
2379;1591;0,035714285714285714285
2379;2714;0,035714285714285714285
2379;3045;0,035714285714285714285
2379;3234;0,714285714285714285714
2379;3500;0,035714285714285714285
2379;4187;0,035714285714285714285
2380;6986;1,000000000000000000000
2385;621;0,500000000000000000000
2385;2779;0,500000000000000000000
2388;1162;1,000000000000000000000
2398;2291;1,000000000000000000000
2414;1965;1,000000000000000000000
2418;526;0,500000000000000000000
2418;3394;0,500000000000000000000
2421;2156;0,333333333333333333333
2421;5831;0,333333333333333333333
2421;281170;0,333333333333333333333
2422;1041;0,439024390243902439024
2422;1042;0,024390243902439024390
2422;1220;0,024390243902439024390
2422;2287;0,024390243902439024390
2422;2424;0,024390243902439024390
2422;5782;0,024390243902439024390
2422;6068;0,024390243902439024390
2422;6630;0,024390243902439024390
2422;6881;0,024390243902439024390
2422;13850;0,048780487804878048780
2422;15686;0,024390243902439024390
2422;16497;0,048780487804878048780
2422;20307;0,024390243902439024390
2422;27063;0,024390243902439024390
2422;27066;0,024390243902439024390
2422;27067;0,073170731707317073170
2422;377520;0,048780487804878048780
2422;387438;0,048780487804878048780
2423;405;1,000000000000000000000
2424;27067;1,000000000000000000000
2425;1042;0,428571428571428571428
2425;2421;0,285714285714285714285
2425;28185;0,285714285714285714285
2428;447;0,125000000000000000000
2428;1065;0,125000000000000000000
2428;2164;0,125000000000000000000
2428;2296;0,375000000000000000000
2428;2798;0,250000000000000000000
2433;568;0,200000000000000000000
2433;1083;0,200000000000000000000
2433;4629;0,200000000000000000000
2433;7648;0,200000000000000000000
2433;13642;0,200000000000000000000
2434;242;0,111111111111111111111
2434;419;0,222222222222222222222
2434;621;0,111111111111111111111
2434;1066;0,111111111111111111111
2434;1122;0,111111111111111111111
2434;1286;0,111111111111111111111
2434;1671;0,111111111111111111111
2434;5444;0,111111111111111111111
2436;502;0,166666666666666666666
2436;530;0,166666666666666666666
2436;718;0,166666666666666666666
2436;3671;0,166666666666666666666
2436;8109;0,166666666666666666666
2436;17282;0,166666666666666666666
2438;2337;0,636363636363636363636
2438;2679;0,090909090909090909090
2438;3071;0,181818181818181818181
2438;6694;0,090909090909090909090
2440;360;0,166666666666666666666
2440;1210;0,166666666666666666666
2440;1956;0,166666666666666666666
2440;3164;0,166666666666666666666
2440;3508;0,166666666666666666666
2440;7920;0,166666666666666666666
2445;2099;0,333333333333333333333
2445;2972;0,333333333333333333333
2445;5611;0,333333333333333333333
2450;846;1,000000000000000000000
2461;96;0,625000000000000000000
2461;2293;0,125000000000000000000
2461;3633;0,250000000000000000000
2463;1402;1,000000000000000000000
2467;1391;0,125000000000000000000
2467;2569;0,125000000000000000000
2467;3176;0,375000000000000000000
2467;184987;0,375000000000000000000
2474;248;0,052631578947368421052
2474;2523;0,315789473684210526315
2474;2716;0,263157894736842105263
2474;3869;0,105263157894736842105
2474;10018;0,210526315789473684210
2474;10197;0,052631578947368421052
2479;57;0,266666666666666666666
2479;1910;0,133333333333333333333
2479;1948;0,200000000000000000000
2479;3574;0,400000000000000000000
2484;706;0,400000000000000000000
2484;891;0,200000000000000000000
2484;5635;0,200000000000000000000
2484;6567;0,200000000000000000000
2487;9968;1,000000000000000000000
2489;8909;1,000000000000000000000
2492;524;0,500000000000000000000
2492;528;0,500000000000000000000
2494;3417;0,066666666666666666666
2494;3825;0,933333333333333333333
2498;2554;0,250000000000000000000
2498;2555;0,250000000000000000000
2498;2895;0,250000000000000000000
2498;10306;0,250000000000000000000
2503;497;0,500000000000000000000
2503;7759;0,250000000000000000000
2503;8633;0,250000000000000000000
2504;4206;0,200000000000000000000
2504;9686;0,400000000000000000000
2504;14151;0,400000000000000000000
2506;1708;0,190476190476190476190
2506;3359;0,333333333333333333333
2506;3418;0,047619047619047619047
2506;5753;0,333333333333333333333
2506;8491;0,047619047619047619047
2506;11229;0,047619047619047619047
2509;550;0,125000000000000000000
2509;691;0,062500000000000000000
2509;1228;0,062500000000000000000
2509;1319;0,062500000000000000000
2509;1457;0,125000000000000000000
2509;2131;0,125000000000000000000
2509;2882;0,062500000000000000000
2509;3230;0,062500000000000000000
2509;12706;0,187500000000000000000
2509;21396;0,062500000000000000000
2509;256804;0,062500000000000000000
2511;27474;0,500000000000000000000
2511;27810;0,500000000000000000000
2515;285;0,166666666666666666666
2515;689;0,166666666666666666666
2515;3601;0,166666666666666666666
2515;216172;0,500000000000000000000
2516;219;0,333333333333333333333
2516;668;0,666666666666666666666
2517;1893;1,000000000000000000000
2518;219;0,333333333333333333333
2518;502;0,166666666666666666666
2518;1893;0,166666666666666666666
2518;2516;0,333333333333333333333
2520;1459;0,500000000000000000000
2520;11382;0,500000000000000000000
2523;2474;1,000000000000000000000
2543;1282;0,250000000000000000000
2543;4100;0,250000000000000000000
2543;7648;0,250000000000000000000
2543;13899;0,250000000000000000000
2547;1058;0,166666666666666666666
2547;1340;0,166666666666666666666
2547;3188;0,166666666666666666666
2547;4004;0,333333333333333333333
2547;440509;0,166666666666666666666
2549;1284;1,000000000000000000000
2551;458;1,000000000000000000000
2555;13;0,200000000000000000000
2555;3876;0,600000000000000000000
2555;5679;0,200000000000000000000
2578;17;0,142857142857142857142
2578;1246;0,142857142857142857142
2578;4090;0,285714285714285714285
2578;8062;0,142857142857142857142
2578;17584;0,142857142857142857142
2578;17585;0,142857142857142857142
2585;458;1,000000000000000000000
2586;242;0,500000000000000000000
2586;1180;0,500000000000000000000
2591;464;0,333333333333333333333
2591;1085;0,333333333333333333333
2591;4179;0,333333333333333333333
2592;4278;1,000000000000000000000
2594;1510;0,100000000000000000000
2594;2517;0,100000000000000000000
2594;2592;0,100000000000000000000
2594;3728;0,200000000000000000000
2594;10926;0,200000000000000000000
2594;12333;0,100000000000000000000
2594;31885;0,100000000000000000000
2594;276780;0,100000000000000000000
2596;527;1,000000000000000000000
2600;266;0,500000000000000000000
2600;9722;0,500000000000000000000
2607;5643;1,000000000000000000000
2614;1162;1,000000000000000000000
2630;1085;1,000000000000000000000
2642;1077;1,000000000000000000000
2647;484;1,000000000000000000000
2655;1448;0,250000000000000000000
2655;4359;0,250000000000000000000
2655;4787;0,250000000000000000000
2655;17388;0,250000000000000000000
2657;232;0,200000000000000000000
2657;827;0,200000000000000000000
2657;1196;0,200000000000000000000
2657;1274;0,200000000000000000000
2657;374246;0,200000000000000000000
2659;669;0,600000000000000000000
2659;854;0,200000000000000000000
2659;8975;0,200000000000000000000
2661;678;0,235294117647058823529
2661;1889;0,294117647058823529411
2661;2714;0,058823529411764705882
2661;7160;0,411764705882352941176
2678;545;0,041666666666666666666
2678;891;0,041666666666666666666
2678;2227;0,041666666666666666666
2678;2337;0,083333333333333333333
2678;2371;0,041666666666666666666
2678;2679;0,083333333333333333333
2678;3685;0,041666666666666666666
2678;3978;0,041666666666666666666
2678;4794;0,083333333333333333333
2678;5915;0,125000000000000000000
2678;7859;0,250000000000000000000
2678;9376;0,041666666666666666666
2678;10860;0,041666666666666666666
2678;135123;0,041666666666666666666
2679;2678;0,500000000000000000000
2679;7859;0,500000000000000000000
2684;108;0,022727272727272727272
2684;113;0,022727272727272727272
2684;281;0,022727272727272727272
2684;649;0,022727272727272727272
2684;675;0,022727272727272727272
2684;678;0,022727272727272727272
2684;763;0,045454545454545454545
2684;992;0,090909090909090909090
2684;1234;0,022727272727272727272
2684;1235;0,045454545454545454545
2684;1236;0,159090909090909090909
2684;1237;0,022727272727272727272
2684;1278;0,045454545454545454545
2684;1889;0,022727272727272727272
2684;1931;0,068181818181818181818
2684;2661;0,022727272727272727272
2684;3871;0,022727272727272727272
2684;4621;0,022727272727272727272
2684;7160;0,022727272727272727272
2684;21154;0,068181818181818181818
2684;59745;0,045454545454545454545
2684;115105;0,113636363636363636363
2684;366089;0,022727272727272727272
2697;966;0,333333333333333333333
2697;2146;0,333333333333333333333
2697;2786;0,333333333333333333333
2704;1069;0,333333333333333333333
2704;1210;0,333333333333333333333
2704;9468;0,333333333333333333333
2706;267;0,500000000000000000000
2706;3045;0,500000000000000000000
2712;635;0,071428571428571428571
2712;1085;0,071428571428571428571
2712;1464;0,142857142857142857142
2712;1637;0,285714285714285714285
2712;2655;0,071428571428571428571
2712;5029;0,071428571428571428571
2712;14826;0,071428571428571428571
2712;47352;0,071428571428571428571
2712;336640;0,142857142857142857142
2713;4513;1,000000000000000000000
2714;861;0,250000000000000000000
2714;2661;0,250000000000000000000
2714;3045;0,250000000000000000000
2714;3381;0,250000000000000000000
2716;2474;0,666666666666666666666
2716;4206;0,333333333333333333333
2734;4667;1,000000000000000000000
2739;3141;1,000000000000000000000
2741;11;0,333333333333333333333
2741;798;0,333333333333333333333
2741;6570;0,333333333333333333333
2756;3503;0,250000000000000000000
2756;3528;0,250000000000000000000
2756;8489;0,500000000000000000000
2772;5918;1,000000000000000000000
2778;6461;1,000000000000000000000
2779;524;0,200000000000000000000
2779;866;0,200000000000000000000
2779;977;0,200000000000000000000
2779;3116;0,400000000000000000000
2780;524;0,500000000000000000000
2780;1443;0,500000000000000000000
2786;194;0,062500000000000000000
2786;965;0,437500000000000000000
2786;1066;0,062500000000000000000
2786;1162;0,187500000000000000000
2786;1443;0,062500000000000000000
2786;1681;0,125000000000000000000
2786;2147;0,062500000000000000000
2792;119;0,125000000000000000000
2792;320;0,125000000000000000000
2792;967;0,250000000000000000000
2792;4244;0,125000000000000000000
2792;5790;0,125000000000000000000
2792;6567;0,125000000000000000000
2792;14733;0,125000000000000000000
2796;1917;1,000000000000000000000
2803;16;0,011848341232227488151
2803;57;0,011848341232227488151
2803;71;0,011848341232227488151
2803;82;0,011848341232227488151
2803;89;0,011848341232227488151
2803;129;0,011848341232227488151
2803;234;0,011848341232227488151
2803;309;0,011848341232227488151
2803;369;0,011848341232227488151
2803;644;0,011848341232227488151
2803;645;0,011848341232227488151
2803;827;0,011848341232227488151
2803;835;0,011848341232227488151
2803;890;0,011848341232227488151
2803;1022;0,011848341232227488151
2803;1040;0,011848341232227488151
2803;1143;0,011848341232227488151
2803;1152;0,011848341232227488151
2803;1231;0,011848341232227488151
2803;1276;0,011848341232227488151
2803;1612;0,011848341232227488151
2803;1657;0,021327014218009478672
2803;1948;0,011848341232227488151
2803;2109;0,011848341232227488151
2803;2355;0,011848341232227488151
2803;2414;0,011848341232227488151
2803;2479;0,011848341232227488151
2803;2487;0,011848341232227488151
2803;2736;0,011848341232227488151
2803;2739;0,011848341232227488151
2803;2802;0,011848341232227488151
2803;3098;0,011848341232227488151
2803;3123;0,011848341232227488151
2803;3128;0,011848341232227488151
2803;3141;0,011848341232227488151
2803;3145;0,011848341232227488151
2803;3237;0,011848341232227488151
2803;3399;0,011848341232227488151
2803;3574;0,011848341232227488151
2803;3852;0,011848341232227488151
2803;3953;0,011848341232227488151
2803;3967;0,011848341232227488151
2803;3996;0,011848341232227488151
2803;4024;0,011848341232227488151
2803;4159;0,011848341232227488151
2803;4160;0,011848341232227488151
2803;4306;0,011848341232227488151
2803;4501;0,011848341232227488151
2803;4695;0,011848341232227488151
2803;4853;0,011848341232227488151
2803;5136;0,011848341232227488151
2803;5306;0,011848341232227488151
2803;5338;0,011848341232227488151
2803;5607;0,011848341232227488151
2803;6045;0,011848341232227488151
2803;6495;0,011848341232227488151
2803;6496;0,011848341232227488151
2803;6497;0,011848341232227488151
2803;6498;0,011848341232227488151
2803;6499;0,011848341232227488151
2803;6501;0,011848341232227488151
2803;6502;0,011848341232227488151
2803;6503;0,011848341232227488151
2803;6504;0,011848341232227488151
2803;6505;0,011848341232227488151
2803;6506;0,011848341232227488151
2803;6509;0,023696682464454976303
2803;6511;0,011848341232227488151
2803;6512;0,011848341232227488151
2803;6513;0,011848341232227488151
2803;6514;0,011848341232227488151
2803;6515;0,011848341232227488151
2803;6517;0,011848341232227488151
2803;6518;0,011848341232227488151
2803;6520;0,011848341232227488151
2803;6522;0,011848341232227488151
2803;6523;0,014218009478672985781
2803;6524;0,011848341232227488151
2803;6527;0,011848341232227488151
2803;7686;0,016587677725118483412
2803;8238;0,011848341232227488151
2803;140271;0,011848341232227488151
2804;2129;1,000000000000000000000
2823;242;0,500000000000000000000
2823;841;0,500000000000000000000
2825;127;0,222222222222222222222
2825;520;0,111111111111111111111
2825;1763;0,111111111111111111111
2825;1942;0,111111111111111111111
2825;1946;0,111111111111111111111
2825;2826;0,111111111111111111111
2825;7873;0,111111111111111111111
2825;156500;0,111111111111111111111
2826;2825;0,750000000000000000000
2826;3268;0,250000000000000000000
2828;7793;1,000000000000000000000
2834;468;0,222222222222222222222
2834;846;0,333333333333333333333
2834;2838;0,111111111111111111111
2834;7080;0,222222222222222222222
2834;14376;0,111111111111111111111
2838;2199;0,333333333333333333333
2838;2554;0,166666666666666666666
2838;2834;0,333333333333333333333
2838;10658;0,166666666666666666666
2850;748;0,428571428571428571428
2850;1719;0,285714285714285714285
2850;30696;0,285714285714285714285
2877;1727;1,000000000000000000000
2882;658;0,181818181818181818181
2882;1457;0,545454545454545454545
2882;2509;0,090909090909090909090
2882;12706;0,181818181818181818181
2884;5061;1,000000000000000000000
2890;3768;0,666666666666666666666
2890;114536;0,333333333333333333333
2897;1206;1,000000000000000000000
2932;733;0,500000000000000000000
2932;2948;0,250000000000000000000
2932;3457;0,250000000000000000000
2939;733;0,750000000000000000000
2939;2948;0,250000000000000000000
2948;1329;0,250000000000000000000
2948;2925;0,250000000000000000000
2948;2935;0,250000000000000000000
2948;2938;0,250000000000000000000
2950;3145;1,000000000000000000000
2972;352;0,200000000000000000000
2972;830;0,200000000000000000000
2972;1316;0,200000000000000000000
2972;2445;0,200000000000000000000
2972;4530;0,200000000000000000000
2990;285;0,500000000000000000000
2990;3161;0,500000000000000000000
2991;1310;0,555555555555555555555
2991;1868;0,444444444444444444444
2993;12563;1,000000000000000000000
2998;297;1,000000000000000000000
3005;1868;0,500000000000000000000
3005;7116;0,500000000000000000000
3007;6721;1,000000000000000000000
3033;61;0,235294117647058823529
3033;66;0,058823529411764705882
3033;975;0,176470588235294117647
3033;1866;0,529411764705882352941
3045;96;0,190476190476190476190
3045;249;0,047619047619047619047
3045;267;0,047619047619047619047
3045;268;0,095238095238095238095
3045;861;0,190476190476190476190
3045;1048;0,047619047619047619047
3045;1520;0,047619047619047619047
3045;1570;0,047619047619047619047
3045;3234;0,047619047619047619047
3045;7116;0,047619047619047619047
3045;28914;0,047619047619047619047
3045;281170;0,047619047619047619047
3045;321112;0,095238095238095238095
3049;393;1,000000000000000000000
3069;89;1,000000000000000000000
3071;7859;1,000000000000000000000
3085;524;0,038461538461538461538
3085;960;0,038461538461538461538
3085;964;0,019230769230769230769
3085;1122;0,019230769230769230769
3085;1314;0,019230769230769230769
3085;1330;0,019230769230769230769
3085;1401;0,057692307692307692307
3085;1657;0,019230769230769230769
3085;1689;0,019230769230769230769
3085;2139;0,019230769230769230769
3085;2146;0,038461538461538461538
3085;2147;0,038461538461538461538
3085;2191;0,019230769230769230769
3085;2385;0,019230769230769230769
3085;2697;0,057692307692307692307
3085;3748;0,019230769230769230769
3085;4146;0,057692307692307692307
3085;4147;0,057692307692307692307
3085;5367;0,076923076923076923076
3085;5679;0,019230769230769230769
3085;5691;0,038461538461538461538
3085;7711;0,019230769230769230769
3085;8081;0,019230769230769230769
3085;9356;0,038461538461538461538
3085;10658;0,038461538461538461538
3085;14899;0,038461538461538461538
3085;15643;0,019230769230769230769
3085;17323;0,038461538461538461538
3085;17773;0,019230769230769230769
3085;26479;0,019230769230769230769
3085;151009;0,038461538461538461538
3087;1892;1,000000000000000000000
3095;249;0,047619047619047619047
3095;276;0,047619047619047619047
3095;396;0,047619047619047619047
3095;522;0,047619047619047619047
3095;891;0,047619047619047619047
3095;990;0,095238095238095238095
3095;1064;0,047619047619047619047
3095;1314;0,047619047619047619047
3095;2080;0,047619047619047619047
3095;2184;0,047619047619047619047
3095;2644;0,047619047619047619047
3095;3096;0,047619047619047619047
3095;3097;0,047619047619047619047
3095;3098;0,047619047619047619047
3095;3099;0,047619047619047619047
3095;3100;0,047619047619047619047
3095;5367;0,095238095238095238095
3095;41776;0,095238095238095238095
3101;1997;0,166666666666666666666
3101;3089;0,166666666666666666666
3101;5612;0,166666666666666666666
3101;8985;0,166666666666666666666
3101;9725;0,166666666666666666666
3101;16076;0,166666666666666666666
3103;540;0,200000000000000000000
3103;861;0,200000000000000000000
3103;1710;0,200000000000000000000
3103;2398;0,200000000000000000000
3103;8630;0,200000000000000000000
3105;119;0,428571428571428571428
3105;485;0,142857142857142857142
3105;550;0,142857142857142857142
3105;5627;0,142857142857142857142
3105;179346;0,142857142857142857142
3118;952;1,000000000000000000000
3122;835;1,000000000000000000000
3123;835;1,000000000000000000000
3141;242;0,055555555555555555555
3141;644;0,055555555555555555555
3141;1231;0,111111111111111111111
3141;2736;0,277777777777777777777
3141;2739;0,055555555555555555555
3141;3145;0,166666666666666666666
3141;4232;0,055555555555555555555
3141;5338;0,111111111111111111111
3141;333343;0,111111111111111111111
3142;9807;1,000000000000000000000
3143;365;0,125000000000000000000
3143;703;0,125000000000000000000
3143;1280;0,250000000000000000000
3143;2362;0,250000000000000000000
3143;7416;0,250000000000000000000
3145;2950;0,142857142857142857142
3145;3141;0,357142857142857142857
3145;4262;0,428571428571428571428
3145;333343;0,071428571428571428571
3147;27902;1,000000000000000000000
3158;749;0,500000000000000000000
3158;283638;0,500000000000000000000
3161;2990;1,000000000000000000000
3164;1949;0,500000000000000000000
3164;2440;0,500000000000000000000
3169;35;0,166666666666666666666
3169;4222;0,166666666666666666666
3169;4991;0,333333333333333333333
3169;6929;0,333333333333333333333
3176;396;0,111111111111111111111
3176;1340;0,111111111111111111111
3176;1606;0,111111111111111111111
3176;2467;0,111111111111111111111
3176;3986;0,111111111111111111111
3176;17280;0,111111111111111111111
3176;23947;0,222222222222222222222
3176;184987;0,111111111111111111111
3178;2877;0,250000000000000000000
3178;3197;0,250000000000000000000
3178;4145;0,500000000000000000000
3182;48;0,333333333333333333333
3182;4059;0,333333333333333333333
3182;366672;0,333333333333333333333
3188;1085;1,000000000000000000000
3189;568;0,333333333333333333333
3189;1967;0,333333333333333333333
3189;4274;0,333333333333333333333
3203;7135;1,000000000000000000000
3204;918;0,500000000000000000000
3204;10649;0,500000000000000000000
3212;4576;1,000000000000000000000
3222;1092;1,000000000000000000000
3223;219;0,019230769230769230769
3223;324;0,019230769230769230769
3223;349;0,019230769230769230769
3223;351;0,076923076923076923076
3223;502;0,019230769230769230769
3223;538;0,019230769230769230769
3223;817;0,019230769230769230769
3223;869;0,019230769230769230769
3223;918;0,019230769230769230769
3223;1131;0,019230769230769230769
3223;1248;0,019230769230769230769
3223;1510;0,057692307692307692307
3223;1521;0,019230769230769230769
3223;1765;0,019230769230769230769
3223;1850;0,019230769230769230769
3223;1893;0,019230769230769230769
3223;1894;0,019230769230769230769
3223;2516;0,019230769230769230769
3223;2517;0,019230769230769230769
3223;2518;0,019230769230769230769
3223;2592;0,019230769230769230769
3223;2594;0,019230769230769230769
3223;2664;0,019230769230769230769
3223;3053;0,019230769230769230769
3223;3362;0,019230769230769230769
3223;3408;0,019230769230769230769
3223;3443;0,019230769230769230769
3223;3515;0,019230769230769230769
3223;3625;0,019230769230769230769
3223;3671;0,019230769230769230769
3223;4278;0,019230769230769230769
3223;5360;0,019230769230769230769
3223;7565;0,019230769230769230769
3223;10435;0,019230769230769230769
3223;10602;0,019230769230769230769
3223;10633;0,019230769230769230769
3223;10926;0,019230769230769230769
3223;12333;0,019230769230769230769
3223;12534;0,019230769230769230769
3223;17207;0,019230769230769230769
3223;17208;0,019230769230769230769
3223;17209;0,019230769230769230769
3223;17276;0,019230769230769230769
3223;28580;0,019230769230769230769
3223;54879;0,019230769230769230769
3223;276780;0,019230769230769230769
3223;434991;0,019230769230769230769
3230;1319;1,000000000000000000000
3233;5682;0,500000000000000000000
3233;16649;0,500000000000000000000
3235;198;0,222222222222222222222
3235;1210;0,333333333333333333333
3235;1942;0,111111111111111111111
3235;2657;0,333333333333333333333
3241;960;0,500000000000000000000
3241;4906;0,500000000000000000000
3251;990;0,200000000000000000000
3251;1239;0,200000000000000000000
3251;10892;0,600000000000000000000
3256;1589;0,250000000000000000000
3256;3877;0,750000000000000000000
3265;1713;0,200000000000000000000
3265;3182;0,300000000000000000000
3265;239964;0,500000000000000000000
3268;2826;1,000000000000000000000
3269;2385;1,000000000000000000000
3271;1060;1,000000000000000000000
3284;10103;1,000000000000000000000
3292;180;1,000000000000000000000
3293;8928;1,000000000000000000000
3294;3394;0,666666666666666666666
3294;5643;0,333333333333333333333
3296;192;0,111111111111111111111
3296;2037;0,222222222222222222222
3296;2359;0,111111111111111111111
3296;4364;0,111111111111111111111
3296;4561;0,111111111111111111111
3296;5564;0,111111111111111111111
3296;7762;0,111111111111111111111
3296;10946;0,111111111111111111111
3301;1254;1,000000000000000000000
3304;5915;0,500000000000000000000
3304;8348;0,500000000000000000000
3306;219;0,166666666666666666666
3306;411;0,166666666666666666666
3306;502;0,166666666666666666666
3306;937;0,166666666666666666666
3306;2664;0,166666666666666666666
3306;17449;0,166666666666666666666
3317;411;1,000000000000000000000
3320;527;1,000000000000000000000
3323;4697;1,000000000000000000000
3331;9686;1,000000000000000000000
3340;371;0,027777777777777777777
3340;468;0,027777777777777777777
3340;588;0,027777777777777777777
3340;952;0,027777777777777777777
3340;1284;0,027777777777777777777
3340;2128;0,027777777777777777777
3340;2335;0,055555555555555555555
3340;2408;0,027777777777777777777
3340;2549;0,027777777777777777777
3340;2647;0,027777777777777777777
3340;2804;0,027777777777777777777
3340;3118;0,027777777777777777777
3340;3170;0,027777777777777777777
3340;3180;0,027777777777777777777
3340;3341;0,027777777777777777777
3340;3342;0,055555555555555555555
3340;3343;0,027777777777777777777
3340;3344;0,027777777777777777777
3340;3345;0,027777777777777777777
3340;3346;0,027777777777777777777
3340;3347;0,027777777777777777777
3340;3348;0,027777777777777777777
3340;3349;0,027777777777777777777
3340;3350;0,027777777777777777777
3340;3395;0,027777777777777777777
3340;3960;0,027777777777777777777
3340;5679;0,027777777777777777777
3340;7367;0,027777777777777777777
3340;9924;0,027777777777777777777
3340;9925;0,027777777777777777777
3340;26786;0,027777777777777777777
3340;28697;0,027777777777777777777
3340;28705;0,027777777777777777777
3340;28707;0,027777777777777777777
3345;588;1,000000000000000000000
3355;524;0,100000000000000000000
3355;3356;0,100000000000000000000
3355;3714;0,100000000000000000000
3355;4853;0,200000000000000000000
3355;9026;0,100000000000000000000
3355;9418;0,200000000000000000000
3355;11536;0,200000000000000000000
3356;524;1,000000000000000000000
3359;1708;0,200000000000000000000
3359;2195;0,333333333333333333333
3359;2506;0,066666666666666666666
3359;3450;0,066666666666666666666
3359;5753;0,066666666666666666666
3359;8071;0,066666666666666666666
3359;140271;0,200000000000000000000
3362;1510;1,000000000000000000000
3383;196;1,000000000000000000000
3390;431565;1,000000000000000000000
3392;1814;0,500000000000000000000
3392;1889;0,500000000000000000000
3393;1235;0,142857142857142857142
3393;2330;0,285714285714285714285
3393;6723;0,571428571428571428571
3394;2561;0,333333333333333333333
3394;3294;0,666666666666666666666
3395;72;0,062500000000000000000
3395;517;0,062500000000000000000
3395;829;0,062500000000000000000
3395;849;0,062500000000000000000
3395;982;0,125000000000000000000
3395;1169;0,062500000000000000000
3395;2203;0,062500000000000000000
3395;3340;0,062500000000000000000
3395;116140;0,125000000000000000000
3395;474028;0,312500000000000000000
3399;1143;0,400000000000000000000
3399;2355;0,400000000000000000000
3399;3574;0,200000000000000000000
3401;1080;0,333333333333333333333
3401;1897;0,333333333333333333333
3401;6812;0,333333333333333333333
3411;2578;1,000000000000000000000
3414;4262;0,937500000000000000000
3414;5097;0,062500000000000000000
3417;292;0,333333333333333333333
3417;4145;0,666666666666666666666
3418;979;0,250000000000000000000
3418;1910;0,500000000000000000000
3418;4697;0,250000000000000000000
3427;174;0,142857142857142857142
3427;934;0,142857142857142857142
3427;1064;0,142857142857142857142
3427;1454;0,142857142857142857142
3427;8212;0,142857142857142857142
3427;8213;0,142857142857142857142
3427;114536;0,142857142857142857142
3429;226;0,100000000000000000000
3429;284;0,200000000000000000000
3429;861;0,100000000000000000000
3429;1889;0,100000000000000000000
3429;4398;0,100000000000000000000
3429;4613;0,300000000000000000000
3429;9514;0,100000000000000000000
3433;5395;0,500000000000000000000
3433;6567;0,500000000000000000000
3436;360;0,500000000000000000000
3436;1724;0,500000000000000000000
3443;502;0,125000000000000000000
3443;2516;0,125000000000000000000
3443;3515;0,125000000000000000000
3443;3625;0,625000000000000000000
3450;140271;1,000000000000000000000
3458;576;0,583333333333333333333
3458;1278;0,166666666666666666666
3458;1348;0,083333333333333333333
3458;3694;0,083333333333333333333
3458;12572;0,083333333333333333333
3473;2379;1,000000000000000000000
3485;5042;1,000000000000000000000
3499;576;0,250000000000000000000
3499;4639;0,250000000000000000000
3499;12572;0,250000000000000000000
3499;13796;0,250000000000000000000
3515;502;0,500000000000000000000
3515;668;0,500000000000000000000
3518;37;0,200000000000000000000
3518;1637;0,800000000000000000000
3523;71;0,133333333333333333333
3523;194;0,033333333333333333333
3523;360;0,033333333333333333333
3523;529;0,033333333333333333333
3523;662;0,066666666666666666666
3523;695;0,066666666666666666666
3523;995;0,033333333333333333333
3523;1724;0,033333333333333333333
3523;1946;0,033333333333333333333
3523;3235;0,033333333333333333333
3523;4512;0,033333333333333333333
3523;12432;0,033333333333333333333
3523;12816;0,033333333333333333333
3523;41776;0,033333333333333333333
3523;59745;0,033333333333333333333
3523;78108;0,033333333333333333333
3523;98841;0,133333333333333333333
3523;366089;0,166666666666666666666
3528;42;1,000000000000000000000
3551;20436;1,000000000000000000000
3574;1948;0,250000000000000000000
3574;2479;0,750000000000000000000
3575;3975;0,500000000000000000000
3575;14048;0,500000000000000000000
3586;1756;0,333333333333333333333
3586;3585;0,166666666666666666666
3586;7699;0,500000000000000000000
3587;13496;1,000000000000000000000
3591;192;0,500000000000000000000
3591;2272;0,250000000000000000000
3591;10946;0,250000000000000000000
3615;392;1,000000000000000000000
3618;2678;0,500000000000000000000
3618;3978;0,500000000000000000000
3619;937;1,000000000000000000000
3625;502;0,150000000000000000000
3625;876;0,050000000000000000000
3625;1131;0,150000000000000000000
3625;1248;0,100000000000000000000
3625;1510;0,100000000000000000000
3625;3443;0,350000000000000000000
3625;3515;0,100000000000000000000
3633;168;0,125000000000000000000
3633;1141;0,125000000000000000000
3633;2461;0,250000000000000000000
3633;3245;0,125000000000000000000
3633;3857;0,125000000000000000000
3633;6113;0,250000000000000000000
3636;3246;0,333333333333333333333
3636;8787;0,333333333333333333333
3636;331627;0,333333333333333333333
3637;252837;1,000000000000000000000
3656;853;0,500000000000000000000
3656;283638;0,500000000000000000000
3675;822;0,333333333333333333333
3675;3208;0,666666666666666666666
3678;2278;1,000000000000000000000
3685;37;0,066666666666666666666
3685;609;0,066666666666666666666
3685;1030;0,066666666666666666666
3685;2678;0,066666666666666666666
3685;5627;0,200000000000000000000
3685;5800;0,066666666666666666666
3685;8267;0,200000000000000000000
3685;8268;0,066666666666666666666
3685;8306;0,200000000000000000000
3697;930;0,500000000000000000000
3697;1517;0,500000000000000000000
3714;2017;1,000000000000000000000
3738;5666;0,500000000000000000000
3738;248835;0,500000000000000000000
3748;4525;1,000000000000000000000
3753;96;0,333333333333333333333
3753;3857;0,333333333333333333333
3753;5578;0,333333333333333333333
3763;2198;1,000000000000000000000
3766;1446;0,500000000000000000000
3766;398786;0,500000000000000000000
3768;2890;1,000000000000000000000
3791;9940;1,000000000000000000000
3800;521;0,500000000000000000000
3800;8156;0,500000000000000000000
3811;527;0,333333333333333333333
3811;738;0,333333333333333333333
3811;3320;0,166666666666666666666
3811;6812;0,166666666666666666666
3829;5626;1,000000000000000000000
3836;937;0,333333333333333333333
3836;2372;0,666666666666666666666
3838;3393;1,000000000000000000000
3842;770;0,058823529411764705882
3842;2105;0,058823529411764705882
3842;4534;0,058823529411764705882
3842;5010;0,117647058823529411764
3842;5037;0,352941176470588235294
3842;5392;0,117647058823529411764
3842;8165;0,058823529411764705882
3842;8698;0,058823529411764705882
3842;12441;0,117647058823529411764
3844;3508;1,000000000000000000000
3857;283638;1,000000000000000000000
3859;74;0,066666666666666666666
3859;464;0,066666666666666666666
3859;1085;0,066666666666666666666
3859;1406;0,066666666666666666666
3859;1503;0,066666666666666666666
3859;2176;0,066666666666666666666
3859;2559;0,066666666666666666666
3859;2591;0,066666666666666666666
3859;3096;0,066666666666666666666
3859;3610;0,066666666666666666666
3859;4179;0,066666666666666666666
3859;5449;0,066666666666666666666
3859;8756;0,066666666666666666666
3859;9296;0,066666666666666666666
3859;12936;0,066666666666666666666
3869;2474;1,000000000000000000000
3871;4313;0,500000000000000000000
3871;8095;0,500000000000000000000
3872;187;0,500000000000000000000
3872;8095;0,500000000000000000000
3876;2555;0,250000000000000000000
3876;5092;0,250000000000000000000
3876;5611;0,250000000000000000000
3876;24049;0,250000000000000000000
3891;360;0,500000000000000000000
3891;689;0,250000000000000000000
3891;4860;0,250000000000000000000
3911;9419;1,000000000000000000000
3957;7209;1,000000000000000000000
3962;2467;1,000000000000000000000
3968;179;0,500000000000000000000
3968;1877;0,500000000000000000000
3971;2976;1,000000000000000000000
3975;89703;1,000000000000000000000
3978;288;0,166666666666666666666
3978;2678;0,166666666666666666666
3978;5915;0,333333333333333333333
3978;9376;0,166666666666666666666
3978;10860;0,166666666666666666666
3980;4374;0,500000000000000000000
3980;326192;0,500000000000000000000
3991;1282;0,857142857142857142857
3991;4720;0,142857142857142857142
3993;1220;0,500000000000000000000
3993;13179;0,500000000000000000000
3996;59745;1,000000000000000000000
3998;1066;0,200000000000000000000
3998;1122;0,400000000000000000000
3998;2740;0,200000000000000000000
3998;5444;0,200000000000000000000
4000;1293;1,000000000000000000000
4004;1307;0,166666666666666666666
4004;2547;0,666666666666666666666
4004;408414;0,166666666666666666666
4009;4463;1,000000000000000000000
4020;71;0,400000000000000000000
4020;695;0,400000000000000000000
4020;5679;0,200000000000000000000
4039;3842;0,333333333333333333333
4039;173893;0,666666666666666666666
4041;1228;0,166666666666666666666
4041;1462;0,500000000000000000000
4041;4150;0,166666666666666666666
4041;12706;0,166666666666666666666
4059;507;0,250000000000000000000
4059;1104;0,250000000000000000000
4059;1196;0,250000000000000000000
4059;14151;0,250000000000000000000
4070;2046;1,000000000000000000000
4078;337;0,250000000000000000000
4078;2127;0,500000000000000000000
4078;6000;0,250000000000000000000
4080;237;1,000000000000000000000
4086;2043;1,000000000000000000000
4089;6267;1,000000000000000000000
4090;2578;0,250000000000000000000
4090;4225;0,500000000000000000000
4090;9686;0,250000000000000000000
4091;37;0,111111111111111111111
4091;38;0,111111111111111111111
4091;609;0,111111111111111111111
4091;1010;0,222222222222222222222
4091;3551;0,111111111111111111111
4091;5800;0,111111111111111111111
4091;9376;0,111111111111111111111
4091;13899;0,111111111111111111111
4094;330;1,000000000000000000000
4099;1498;1,000000000000000000000
4100;7636;1,000000000000000000000
4101;4933;1,000000000000000000000
4102;1949;1,000000000000000000000
4108;1588;0,333333333333333333333
4108;3320;0,333333333333333333333
4108;6812;0,333333333333333333333
4117;11;0,333333333333333333333
4117;1520;0,333333333333333333333
4117;2302;0,333333333333333333333
4145;2175;0,260869565217391304347
4145;2594;0,021739130434782608695
4145;3178;0,021739130434782608695
4145;3417;0,043478260869565217391
4145;7095;0,130434782608695652173
4145;65998;0,260869565217391304347
4145;66075;0,260869565217391304347
4148;178;0,333333333333333333333
4148;2731;0,333333333333333333333
4148;239964;0,333333333333333333333
4159;71;0,083333333333333333333
4159;644;0,083333333333333333333
4159;1276;0,083333333333333333333
4159;1657;0,083333333333333333333
4159;3098;0,083333333333333333333
4159;3141;0,083333333333333333333
4159;3852;0,083333333333333333333
4159;4501;0,083333333333333333333
4159;5338;0,083333333333333333333
4159;6497;0,083333333333333333333
4159;6523;0,083333333333333333333
4159;7597;0,083333333333333333333
4173;668;1,000000000000000000000
4187;455;0,111111111111111111111
4187;1448;0,055555555555555555555
4187;1570;0,055555555555555555555
4187;2379;0,055555555555555555555
4187;2515;0,166666666666666666666
4187;3992;0,055555555555555555555
4187;4337;0,055555555555555555555
4187;4376;0,166666666666666666666
4187;6105;0,111111111111111111111
4187;8630;0,111111111111111111111
4187;281067;0,055555555555555555555
4217;1145;1,000000000000000000000
4225;2374;0,333333333333333333333
4225;4090;0,500000000000000000000
4225;160268;0,166666666666666666666
4228;6048;1,000000000000000000000
4232;151009;1,000000000000000000000
4237;878;0,500000000000000000000
4237;8156;0,250000000000000000000
4237;17323;0,250000000000000000000
4240;960;1,000000000000000000000
4244;119;0,142857142857142857142
4244;2792;0,285714285714285714285
4244;11330;0,571428571428571428571
4245;4085;1,000000000000000000000
4257;4355;1,000000000000000000000
4262;911;0,062500000000000000000
4262;3145;0,187500000000000000000
4262;3414;0,625000000000000000000
4262;9184;0,125000000000000000000
4268;1180;0,333333333333333333333
4268;3975;0,333333333333333333333
4268;8062;0,333333333333333333333
4278;108;0,055555555555555555555
4278;349;0,222222222222222222222
4278;538;0,166666666666666666666
4278;1140;0,055555555555555555555
4278;1340;0,055555555555555555555
4278;1510;0,055555555555555555555
4278;1850;0,166666666666666666666
4278;2592;0,166666666666666666666
4278;136664;0,055555555555555555555
4280;2023;0,111111111111111111111
4280;5097;0,111111111111111111111
4280;5351;0,222222222222222222222
4280;6581;0,111111111111111111111
4280;9384;0,111111111111111111111
4280;10080;0,111111111111111111111
4280;18247;0,111111111111111111111
4280;20969;0,111111111111111111111
4281;190;0,090909090909090909090
4281;911;0,090909090909090909090
4281;1401;0,090909090909090909090
4281;2150;0,090909090909090909090
4281;2280;0,090909090909090909090
4281;2644;0,090909090909090909090
4281;3142;0,090909090909090909090
4281;5679;0,090909090909090909090
4281;6581;0,090909090909090909090
4281;8500;0,090909090909090909090
4281;9409;0,090909090909090909090
4299;163;0,166666666666666666666
4299;172;0,166666666666666666666
4299;1498;0,166666666666666666666
4299;4430;0,166666666666666666666
4299;4440;0,166666666666666666666
4299;4475;0,166666666666666666666
4305;18398;1,000000000000000000000
4307;527;0,500000000000000000000
4307;613;0,500000000000000000000
4309;885;0,500000000000000000000
4309;1162;0,500000000000000000000
4313;249;0,071428571428571428571
4313;251;0,357142857142857142857
4313;1142;0,285714285714285714285
4313;1154;0,071428571428571428571
4313;2009;0,071428571428571428571
4313;3871;0,071428571428571428571
4313;27674;0,071428571428571428571
4317;5679;1,000000000000000000000
4334;1729;0,153846153846153846153
4334;4821;0,384615384615384615384
4334;24460;0,461538461538461538461
4337;3234;1,000000000000000000000
4345;612;1,000000000000000000000
4349;853;1,000000000000000000000
4355;23;0,142857142857142857142
4355;4257;0,857142857142857142857
4359;1342;1,000000000000000000000
4361;2498;1,000000000000000000000
4364;977;0,100000000000000000000
4364;2272;0,100000000000000000000
4364;3296;0,100000000000000000000
4364;4561;0,600000000000000000000
4364;10946;0,100000000000000000000
4376;277;0,062500000000000000000
4376;283;0,062500000000000000000
4376;452;0,062500000000000000000
4376;455;0,062500000000000000000
4376;615;0,062500000000000000000
4376;933;0,250000000000000000000
4376;1495;0,062500000000000000000
4376;1496;0,125000000000000000000
4376;4187;0,062500000000000000000
4376;7713;0,062500000000000000000
4376;14465;0,062500000000000000000
4376;23646;0,062500000000000000000
4377;547;0,500000000000000000000
4377;995;0,500000000000000000000
4380;2385;1,000000000000000000000
4384;380454;0,507936507936507936507
4384;494193;0,492063492063492063492
4398;226;0,200000000000000000000
4398;861;0,200000000000000000000
4398;3429;0,400000000000000000000
4398;9514;0,200000000000000000000
4421;216;0,238095238095238095238
4421;1010;0,047619047619047619047
4421;1018;0,047619047619047619047
4421;2001;0,047619047619047619047
4421;3809;0,047619047619047619047
4421;5470;0,047619047619047619047
4421;6372;0,095238095238095238095
4421;6991;0,095238095238095238095
4421;6992;0,095238095238095238095
4421;10523;0,047619047619047619047
4421;13504;0,047619047619047619047
4421;18149;0,047619047619047619047
4421;18300;0,047619047619047619047
4421;21512;0,047619047619047619047
4432;172;0,142857142857142857142
4432;777;0,142857142857142857142
4432;1498;0,142857142857142857142
4432;1717;0,142857142857142857142
4432;1991;0,142857142857142857142
4432;4458;0,142857142857142857142
4432;4463;0,142857142857142857142
4434;822;1,000000000000000000000
4435;119;0,250000000000000000000
4435;3401;0,125000000000000000000
4435;9098;0,125000000000000000000
4435;12660;0,250000000000000000000
4435;37812;0,250000000000000000000
4438;163;0,400000000000000000000
4438;4432;0,400000000000000000000
4438;8928;0,200000000000000000000
4440;839;0,333333333333333333333
4440;4475;0,666666666666666666666
4451;2269;1,000000000000000000000
4453;1498;1,000000000000000000000
4458;979;0,375000000000000000000
4458;4299;0,250000000000000000000
4458;4432;0,125000000000000000000
4458;4677;0,250000000000000000000
4463;4432;1,000000000000000000000
4471;163;0,200000000000000000000
4471;839;0,400000000000000000000
4471;1482;0,200000000000000000000
4471;4432;0,200000000000000000000
4472;1498;1,000000000000000000000
4475;4299;0,333333333333333333333
4475;4424;0,333333333333333333333
4475;4440;0,333333333333333333333
4483;313;0,142857142857142857142
4483;453;0,857142857142857142857
4486;334820;1,000000000000000000000
4497;5484;1,000000000000000000000
4500;497;1,000000000000000000000
4510;184646;1,000000000000000000000
4512;71;0,500000000000000000000
4512;3523;0,500000000000000000000
4513;2713;1,000000000000000000000
4518;1064;1,000000000000000000000
4530;59745;1,000000000000000000000
4552;41;0,458333333333333333333
4552;1261;0,458333333333333333333
4552;1262;0,041666666666666666666
4552;4638;0,041666666666666666666
4553;972;0,100000000000000000000
4553;984;0,100000000000000000000
4553;1154;0,100000000000000000000
4553;2302;0,100000000000000000000
4553;2756;0,100000000000000000000
4553;6543;0,200000000000000000000
4553;8787;0,100000000000000000000
4553;9657;0,100000000000000000000
4553;443599;0,100000000000000000000
4561;878;0,250000000000000000000
4561;3296;0,500000000000000000000
4561;4364;0,250000000000000000000
4572;8489;1,000000000000000000000
4576;189;0,200000000000000000000
4576;3212;0,400000000000000000000
4576;4629;0,200000000000000000000
4576;11734;0,200000000000000000000
4592;251;0,200000000000000000000
4592;284;0,066666666666666666666
4592;1515;0,200000000000000000000
4592;2009;0,133333333333333333333
4592;2510;0,066666666666666666666
4592;2655;0,066666666666666666666
4592;3383;0,066666666666666666666
4592;3459;0,066666666666666666666
4592;4313;0,066666666666666666666
4592;4787;0,066666666666666666666
4598;1639;1,000000000000000000000
4613;3429;0,500000000000000000000
4613;8630;0,500000000000000000000
4621;1785;0,125000000000000000000
4621;2080;0,125000000000000000000
4621;2551;0,125000000000000000000
4621;5177;0,125000000000000000000
4621;10338;0,500000000000000000000
4625;5831;0,500000000000000000000
4625;248836;0,500000000000000000000
4627;356;0,500000000000000000000
4627;1686;0,250000000000000000000
4627;6219;0,250000000000000000000
4629;4576;0,500000000000000000000
4629;11734;0,500000000000000000000
4636;853;0,200000000000000000000
4636;854;0,400000000000000000000
4636;2659;0,400000000000000000000
4639;749;0,625000000000000000000
4639;1089;0,375000000000000000000
4657;5915;1,000000000000000000000
4681;956;0,500000000000000000000
4681;276963;0,500000000000000000000
4697;979;0,250000000000000000000
4697;1127;0,125000000000000000000
4697;3323;0,125000000000000000000
4697;3418;0,125000000000000000000
4697;8590;0,125000000000000000000
4697;8899;0,250000000000000000000
4713;251;1,000000000000000000000
4719;1673;1,000000000000000000000
4720;3991;1,000000000000000000000
4729;138;0,500000000000000000000
4729;3225;0,500000000000000000000
4747;59841;1,000000000000000000000
4748;2503;0,250000000000000000000
4748;8633;0,250000000000000000000
4748;9385;0,250000000000000000000
4748;9396;0,250000000000000000000
4749;178;0,142857142857142857142
4749;805;0,142857142857142857142
4749;4748;0,142857142857142857142
4749;4750;0,142857142857142857142
4749;4752;0,142857142857142857142
4749;4754;0,142857142857142857142
4749;4755;0,142857142857142857142
4750;178;0,117647058823529411764
4750;290;0,058823529411764705882
4750;805;0,117647058823529411764
4750;1288;0,058823529411764705882
4750;4748;0,117647058823529411764
4750;4749;0,117647058823529411764
4750;4752;0,117647058823529411764
4750;4754;0,117647058823529411764
4750;4755;0,117647058823529411764
4750;13206;0,058823529411764705882
4755;178;0,142857142857142857142
4755;805;0,142857142857142857142
4755;4748;0,142857142857142857142
4755;4749;0,142857142857142857142
4755;4750;0,142857142857142857142
4755;4752;0,142857142857142857142
4755;4754;0,142857142857142857142
4758;960;1,000000000000000000000
4772;649;0,333333333333333333333
4772;839;0,333333333333333333333
4772;5603;0,333333333333333333333
4777;846;1,000000000000000000000
4780;1457;1,000000000000000000000
4786;1140;0,333333333333333333333
4786;1822;0,333333333333333333333
4786;3999;0,333333333333333333333
4787;187;1,000000000000000000000
4794;2678;0,333333333333333333333
4794;5915;0,333333333333333333333
4794;9992;0,333333333333333333333
4821;2021;0,142857142857142857142
4821;4334;0,142857142857142857142
4821;5682;0,285714285714285714285
4821;17521;0,428571428571428571428
4825;96;0,100000000000000000000
4825;237;0,100000000000000000000
4825;615;0,100000000000000000000
4825;1364;0,100000000000000000000
4825;2145;0,100000000000000000000
4825;2852;0,100000000000000000000
4825;4080;0,100000000000000000000
4825;4507;0,100000000000000000000
4825;5616;0,100000000000000000000
4825;5628;0,100000000000000000000
4829;1121;1,000000000000000000000
4853;3098;0,333333333333333333333
4853;3355;0,666666666666666666666
4885;442813;1,000000000000000000000
4918;1587;0,142857142857142857142
4918;7209;0,142857142857142857142
4918;8164;0,142857142857142857142
4918;8320;0,142857142857142857142
4918;9651;0,142857142857142857142
4918;20662;0,142857142857142857142
4918;24601;0,142857142857142857142
4933;1949;0,833333333333333333333
4933;136664;0,166666666666666666666
4976;61;0,045454545454545454545
4976;294;0,045454545454545454545
4976;1002;0,045454545454545454545
4976;1016;0,045454545454545454545
4976;1020;0,045454545454545454545
4976;1077;0,045454545454545454545
4976;1180;0,045454545454545454545
4976;2469;0,045454545454545454545
4976;2499;0,045454545454545454545
4976;3180;0,045454545454545454545
4976;3347;0,045454545454545454545
4976;3905;0,045454545454545454545
4976;4268;0,045454545454545454545
4976;4292;0,045454545454545454545
4976;5921;0,045454545454545454545
4976;9376;0,045454545454545454545
4976;9718;0,045454545454545454545
4976;12596;0,045454545454545454545
4976;13141;0,045454545454545454545
4976;17773;0,045454545454545454545
4976;23561;0,045454545454545454545
4976;70862;0,045454545454545454545
4979;2780;0,500000000000000000000
4979;9807;0,500000000000000000000
4989;830;0,333333333333333333333
4989;1485;0,333333333333333333333
4989;2203;0,333333333333333333333
5016;1853;1,000000000000000000000
5029;1637;1,000000000000000000000
5061;543;0,333333333333333333333
5061;886;0,166666666666666666666
5061;1949;0,166666666666666666666
5061;2335;0,166666666666666666666
5061;2884;0,166666666666666666666
5071;332;0,333333333333333333333
5071;452;0,666666666666666666666
5077;441;1,000000000000000000000
5082;27173;1,000000000000000000000
5083;1192;0,333333333333333333333
5083;7322;0,666666666666666666666
5089;2804;0,500000000000000000000
5089;5719;0,500000000000000000000
5092;3876;1,000000000000000000000
5093;527;0,333333333333333333333
5093;4307;0,333333333333333333333
5093;5856;0,333333333333333333333
5097;2737;0,111111111111111111111
5097;3414;0,111111111111111111111
5097;4262;0,111111111111111111111
5097;5519;0,222222222222222222222
5097;5530;0,111111111111111111111
5097;5564;0,111111111111111111111
5097;9184;0,111111111111111111111
5097;14465;0,111111111111111111111
5107;24601;1,000000000000000000000
5142;249;0,058823529411764705882
5142;798;0,117647058823529411764
5142;12876;0,823529411764705882352
5144;866;1,000000000000000000000
5148;136664;0,500000000000000000000
5148;415767;0,500000000000000000000
5149;119;0,333333333333333333333
5149;1348;0,333333333333333333333
5149;7111;0,333333333333333333333
5167;190;0,333333333333333333333
5167;2043;0,333333333333333333333
5167;423622;0,333333333333333333333
5168;1728;1,000000000000000000000
5174;285;0,400000000000000000000
5174;678;0,400000000000000000000
5174;14151;0,200000000000000000000
5177;3436;1,000000000000000000000
5214;192;1,000000000000000000000
5219;1667;0,333333333333333333333
5219;2046;0,333333333333333333333
5219;10946;0,333333333333333333333
5239;5591;0,666666666666666666666
5239;6930;0,333333333333333333333
5289;283638;1,000000000000000000000
5306;689;0,666666666666666666666
5306;1040;0,333333333333333333333
5309;8322;1,000000000000000000000
5329;2851;1,000000000000000000000
5338;33;0,250000000000000000000
5338;835;0,500000000000000000000
5338;3141;0,250000000000000000000
5351;4281;0,333333333333333333333
5351;4906;0,333333333333333333333
5351;18247;0,333333333333333333333
5360;3223;0,500000000000000000000
5360;17268;0,500000000000000000000
5367;524;0,125000000000000000000
5367;841;0,062500000000000000000
5367;883;0,187500000000000000000
5367;1109;0,250000000000000000000
5367;1121;0,062500000000000000000
5367;2147;0,062500000000000000000
5367;2195;0,187500000000000000000
5367;3095;0,062500000000000000000
5383;8489;0,333333333333333333333
5383;283638;0,666666666666666666666
5392;399;0,052631578947368421052
5392;2995;0,052631578947368421052
5392;3842;0,315789473684210526315
5392;4534;0,052631578947368421052
5392;4852;0,052631578947368421052
5392;5037;0,105263157894736842105
5392;5172;0,052631578947368421052
5392;6739;0,157894736842105263157
5392;7882;0,052631578947368421052
5392;8687;0,052631578947368421052
5392;12769;0,052631578947368421052
5395;1265;1,000000000000000000000
5415;320;1,000000000000000000000
5440;1596;1,000000000000000000000
5442;1443;1,000000000000000000000
5443;73;0,250000000000000000000
5443;596;0,250000000000000000000
5443;3957;0,500000000000000000000
5444;526;0,500000000000000000000
5444;4765;0,500000000000000000000
5445;866;1,000000000000000000000
5449;9668;1,000000000000000000000
5464;36;0,045454545454545454545
5464;196;0,090909090909090909090
5464;641;0,045454545454545454545
5464;1673;0,090909090909090909090
5464;1986;0,045454545454545454545
5464;2166;0,045454545454545454545
5464;3029;0,045454545454545454545
5464;3083;0,045454545454545454545
5464;3383;0,045454545454545454545
5464;3519;0,045454545454545454545
5464;3557;0,090909090909090909090
5464;4293;0,090909090909090909090
5464;4719;0,045454545454545454545
5464;5009;0,045454545454545454545
5464;7914;0,181818181818181818181
5469;4206;1,000000000000000000000
5470;216;0,333333333333333333333
5470;5635;0,333333333333333333333
5470;393418;0,333333333333333333333
5481;568;1,000000000000000000000
5506;5915;1,000000000000000000000
5513;1504;1,000000000000000000000
5519;1231;0,153846153846153846153
5519;5097;0,153846153846153846153
5519;5441;0,153846153846153846153
5519;5564;0,384615384615384615384
5519;5922;0,076923076923076923076
5519;276505;0,076923076923076923076
5523;76428;0,500000000000000000000
5523;99942;0,500000000000000000000
5528;543;1,000000000000000000000
5530;5097;1,000000000000000000000
5557;127;0,100000000000000000000
5557;2825;0,200000000000000000000
5557;3704;0,200000000000000000000
5557;3998;0,200000000000000000000
5557;5445;0,100000000000000000000
5557;5921;0,200000000000000000000
5564;192;0,125000000000000000000
5564;496;0,053571428571428571428
5564;1667;0,053571428571428571428
5564;2037;0,035714285714285714285
5564;2271;0,035714285714285714285
5564;2272;0,035714285714285714285
5564;2359;0,035714285714285714285
5564;3296;0,071428571428571428571
5564;3591;0,053571428571428571428
5564;4222;0,017857142857142857142
5564;4364;0,035714285714285714285
5564;4561;0,035714285714285714285
5564;5214;0,017857142857142857142
5564;5519;0,160714285714285714285
5564;7762;0,035714285714285714285
5564;9387;0,035714285714285714285
5564;9413;0,035714285714285714285
5564;9432;0,035714285714285714285
5564;10946;0,053571428571428571428
5564;13372;0,017857142857142857142
5564;29061;0,017857142857142857142
5591;454;0,333333333333333333333
5591;17269;0,666666666666666666666
5597;1963;0,500000000000000000000
5597;239968;0,500000000000000000000
5603;4772;0,333333333333333333333
5603;5918;0,333333333333333333333
5603;9401;0,333333333333333333333
5611;2554;0,333333333333333333333
5611;3876;0,666666666666666666666
5613;23;0,083333333333333333333
5613;1855;0,250000000000000000000
5613;2851;0,166666666666666666666
5613;3532;0,083333333333333333333
5613;5061;0,083333333333333333333
5613;5679;0,083333333333333333333
5613;8062;0,166666666666666666666
5613;17584;0,083333333333333333333
5617;5679;0,800000000000000000000
5617;11869;0,200000000000000000000
5621;5679;1,000000000000000000000
5626;407;0,600000000000000000000
5626;1085;0,200000000000000000000
5626;2630;0,200000000000000000000
5627;8267;0,333333333333333333333
5627;8306;0,333333333333333333333
5627;113392;0,333333333333333333333
5628;42;0,038461538461538461538
5628;96;0,038461538461538461538
5628;237;0,038461538461538461538
5628;249;0,038461538461538461538
5628;261;0,038461538461538461538
5628;1073;0,038461538461538461538
5628;1141;0,038461538461538461538
5628;1156;0,038461538461538461538
5628;1364;0,038461538461538461538
5628;1988;0,038461538461538461538
5628;2145;0,038461538461538461538
5628;2293;0,230769230769230769230
5628;3000;0,038461538461538461538
5628;3174;0,038461538461538461538
5628;3219;0,115384615384615384615
5628;4825;0,038461538461538461538
5628;4881;0,038461538461538461538
5628;5679;0,038461538461538461538
5628;6113;0,038461538461538461538
5629;5679;0,500000000000000000000
5629;151009;0,500000000000000000000
5632;2147;0,500000000000000000000
5632;27763;0,500000000000000000000
5635;216;0,043478260869565217391
5635;2001;0,130434782608695652173
5635;2484;0,086956521739130434782
5635;3809;0,043478260869565217391
5635;4000;0,043478260869565217391
5635;4090;0,043478260869565217391
5635;4091;0,043478260869565217391
5635;4877;0,043478260869565217391
5635;5470;0,043478260869565217391
5635;5679;0,043478260869565217391
5635;6991;0,043478260869565217391
5635;6992;0,043478260869565217391
5635;7748;0,043478260869565217391
5635;10523;0,043478260869565217391
5635;13504;0,086956521739130434782
5635;18149;0,043478260869565217391
5635;18300;0,043478260869565217391
5635;20436;0,043478260869565217391
5635;21512;0,043478260869565217391
5638;1065;1,000000000000000000000
5643;5679;1,000000000000000000000
5645;27615;1,000000000000000000000
5651;3588;1,000000000000000000000
5660;2893;0,016393442622950819672
5660;3793;0,016393442622950819672
5660;6192;0,016393442622950819672
5660;8762;0,016393442622950819672
5660;8826;0,016393442622950819672
5660;8827;0,016393442622950819672
5660;8828;0,016393442622950819672
5660;8830;0,016393442622950819672
5660;8831;0,016393442622950819672
5660;8832;0,032786885245901639344
5660;8833;0,032786885245901639344
5660;8835;0,016393442622950819672
5660;8836;0,016393442622950819672
5660;8837;0,016393442622950819672
5660;8839;0,016393442622950819672
5660;8841;0,016393442622950819672
5660;8842;0,016393442622950819672
5660;8843;0,016393442622950819672
5660;8844;0,016393442622950819672
5660;8845;0,016393442622950819672
5660;8847;0,016393442622950819672
5660;8848;0,016393442622950819672
5660;8850;0,032786885245901639344
5660;8851;0,016393442622950819672
5660;8852;0,016393442622950819672
5660;8853;0,016393442622950819672
5660;8854;0,016393442622950819672
5660;8855;0,016393442622950819672
5660;8856;0,016393442622950819672
5660;8857;0,016393442622950819672
5660;8858;0,016393442622950819672
5660;8862;0,032786885245901639344
5660;8863;0,016393442622950819672
5660;8864;0,016393442622950819672
5660;8865;0,016393442622950819672
5660;8866;0,016393442622950819672
5660;8867;0,016393442622950819672
5660;8868;0,016393442622950819672
5660;8869;0,016393442622950819672
5660;8870;0,016393442622950819672
5660;8871;0,016393442622950819672
5660;8872;0,032786885245901639344
5660;8873;0,016393442622950819672
5660;8874;0,016393442622950819672
5660;8875;0,016393442622950819672
5660;8876;0,016393442622950819672
5660;8877;0,016393442622950819672
5660;8878;0,016393442622950819672
5660;8879;0,016393442622950819672
5660;13035;0,016393442622950819672
5660;23096;0,016393442622950819672
5660;28523;0,016393442622950819672
5660;113365;0,016393442622950819672
5660;255726;0,016393442622950819672
5660;313473;0,016393442622950819672
5660;440566;0,016393442622950819672
5666;706;0,200000000000000000000
5666;4995;0,400000000000000000000
5666;4998;0,200000000000000000000
5666;5679;0,200000000000000000000
5691;977;0,166666666666666666666
5691;1443;0,166666666666666666666
5691;2697;0,333333333333333333333
5691;4147;0,166666666666666666666
5691;27763;0,166666666666666666666
5693;853;1,000000000000000000000
5698;622;0,500000000000000000000
5698;13396;0,500000000000000000000
5753;1321;0,250000000000000000000
5753;1698;0,250000000000000000000
5753;2506;0,250000000000000000000
5753;3359;0,250000000000000000000
5782;1041;1,000000000000000000000
5790;7111;1,000000000000000000000
5824;615;1,000000000000000000000
5831;2421;1,000000000000000000000
5852;925;0,500000000000000000000
5852;3197;0,500000000000000000000
5854;1162;0,500000000000000000000
5854;251782;0,500000000000000000000
5856;765;0,333333333333333333333
5856;2388;0,333333333333333333333
5856;5093;0,333333333333333333333
5861;251;0,500000000000000000000
5861;283638;0,500000000000000000000
5886;362;1,000000000000000000000
5915;545;0,653846153846153846153
5915;1497;0,038461538461538461538
5915;3304;0,038461538461538461538
5915;4657;0,076923076923076923076
5915;4794;0,038461538461538461538
5915;5506;0,038461538461538461538
5915;6694;0,038461538461538461538
5915;7859;0,038461538461538461538
5915;135123;0,038461538461538461538
5935;1182;0,400000000000000000000
5935;1778;0,600000000000000000000
5960;1913;1,000000000000000000000
5967;853;1,000000000000000000000
6000;120;0,076923076923076923076
6000;392;0,076923076923076923076
6000;410;0,076923076923076923076
6000;414;0,076923076923076923076
6000;415;0,076923076923076923076
6000;1727;0,153846153846153846153
6000;2140;0,076923076923076923076
6000;2822;0,076923076923076923076
6000;3513;0,076923076923076923076
6000;4078;0,076923076923076923076
6000;8566;0,076923076923076923076
6000;12333;0,076923076923076923076
6027;75555;1,000000000000000000000
6045;10080;1,000000000000000000000
6048;4228;1,000000000000000000000
6113;3633;1,000000000000000000000
6130;6567;1,000000000000000000000
6132;315;1,000000000000000000000
6151;761;0,333333333333333333333
6151;3766;0,333333333333333333333
6151;373924;0,333333333333333333333
6189;5469;1,000000000000000000000
6213;695;0,500000000000000000000
6213;151929;0,500000000000000000000
6234;2367;0,500000000000000000000
6234;9208;0,500000000000000000000
6262;391;0,200000000000000000000
6262;416;0,200000000000000000000
6262;6430;0,200000000000000000000
6262;10067;0,200000000000000000000
6262;12356;0,200000000000000000000
6267;4089;1,000000000000000000000
6297;3905;1,000000000000000000000
6316;965;0,200000000000000000000
6316;3269;0,400000000000000000000
6316;3998;0,200000000000000000000
6316;5691;0,200000000000000000000
6347;101;0,500000000000000000000
6347;3234;0,500000000000000000000
6349;527;0,500000000000000000000
6349;7572;0,500000000000000000000
6353;244;0,500000000000000000000
6353;557;0,250000000000000000000
6353;6250;0,250000000000000000000
6372;4421;1,000000000000000000000
6413;8049;1,000000000000000000000
6430;24;0,500000000000000000000
6430;391;0,500000000000000000000
6433;3842;1,000000000000000000000
6461;288;0,076923076923076923076
6461;1959;0,076923076923076923076
6461;2433;0,076923076923076923076
6461;2778;0,230769230769230769230
6461;3705;0,076923076923076923076
6461;6723;0,153846153846153846153
6461;11656;0,076923076923076923076
6461;11734;0,076923076923076923076
6461;13642;0,076923076923076923076
6461;393418;0,076923076923076923076
6465;2503;1,000000000000000000000
6468;115;1,000000000000000000000
6483;4292;1,000000000000000000000
6502;181;1,000000000000000000000
6505;1143;1,000000000000000000000
6511;1965;1,000000000000000000000
6535;4513;0,500000000000000000000
6535;283638;0,500000000000000000000
6543;4553;1,000000000000000000000
6548;1060;0,750000000000000000000
6548;2046;0,250000000000000000000
6567;1374;0,200000000000000000000
6567;2484;0,200000000000000000000
6567;2792;0,400000000000000000000
6567;14602;0,200000000000000000000
6570;2741;0,600000000000000000000
6570;3528;0,200000000000000000000
6570;4890;0,200000000000000000000
6581;1401;0,250000000000000000000
6581;2023;0,250000000000000000000
6581;18247;0,500000000000000000000
6622;2;0,500000000000000000000
6622;5909;0,500000000000000000000
6634;1064;0,571428571428571428571
6634;1597;0,142857142857142857142
6634;1598;0,285714285714285714285
6664;9686;1,000000000000000000000
6694;545;0,500000000000000000000
6694;5915;0,500000000000000000000
6723;435;0,066666666666666666666
6723;1156;0,133333333333333333333
6723;1545;0,066666666666666666666
6723;1967;0,133333333333333333333
6723;2330;0,133333333333333333333
6723;2510;0,066666666666666666666
6723;3393;0,133333333333333333333
6723;6461;0,066666666666666666666
6723;9288;0,200000000000000000000
6746;5042;1,000000000000000000000
6765;2275;0,400000000000000000000
6765;2287;0,400000000000000000000
6765;16994;0,200000000000000000000
6788;1124;1,000000000000000000000
6812;527;0,250000000000000000000
6812;1897;0,250000000000000000000
6812;3401;0,250000000000000000000
6812;3811;0,250000000000000000000
6856;885;0,500000000000000000000
6856;3015;0,500000000000000000000
6881;2422;1,000000000000000000000
6892;1004;1,000000000000000000000
6918;2287;0,250000000000000000000
6918;6765;0,250000000000000000000
6918;27063;0,500000000000000000000
6923;2659;0,333333333333333333333
6923;12443;0,333333333333333333333
6923;16660;0,333333333333333333333
6929;3169;1,000000000000000000000
6930;904;0,500000000000000000000
6930;13416;0,500000000000000000000
6940;1691;1,000000000000000000000
6955;1210;0,166666666666666666666
6955;1623;0,166666666666666666666
6955;3891;0,166666666666666666666
6955;5449;0,166666666666666666666
6955;7711;0,166666666666666666666
6955;38738;0,166666666666666666666
6980;248;1,000000000000000000000
6986;119;0,250000000000000000000
6986;485;0,250000000000000000000
6986;648;0,500000000000000000000
6992;669;0,500000000000000000000
6992;8448;0,500000000000000000000
7030;2379;1,000000000000000000000
7049;267;0,045454545454545454545
7049;861;0,045454545454545454545
7049;1271;0,136363636363636363636
7049;1448;0,045454545454545454545
7049;1570;0,045454545454545454545
7049;1583;0,227272727272727272727
7049;1591;0,045454545454545454545
7049;2379;0,045454545454545454545
7049;3045;0,045454545454545454545
7049;3234;0,045454545454545454545
7049;3381;0,045454545454545454545
7049;4376;0,045454545454545454545
7049;8095;0,045454545454545454545
7049;8630;0,045454545454545454545
7049;10020;0,045454545454545454545
7049;12907;0,045454545454545454545
7072;65998;1,000000000000000000000
7080;275;0,166666666666666666666
7080;826;0,166666666666666666666
7080;2834;0,333333333333333333333
7080;9150;0,166666666666666666666
7080;157662;0,166666666666666666666
7095;59;0,200000000000000000000
7095;778;0,200000000000000000000
7095;3465;0,200000000000000000000
7095;14151;0,200000000000000000000
7095;65998;0,200000000000000000000
7111;4825;0,500000000000000000000
7111;5149;0,500000000000000000000
7116;279;0,750000000000000000000
7116;3045;0,250000000000000000000
7126;2512;0,250000000000000000000
7126;11902;0,750000000000000000000
7130;263;1,000000000000000000000
7131;853;1,000000000000000000000
7135;513;0,500000000000000000000
7135;3203;0,500000000000000000000
7142;85;1,000000000000000000000
7151;853;1,000000000000000000000
7160;678;0,125000000000000000000
7160;2661;0,875000000000000000000
7209;320;0,818181818181818181818
7209;1457;0,090909090909090909090
7209;3957;0,090909090909090909090
7301;960;1,000000000000000000000
7322;5083;1,000000000000000000000
7328;621;1,000000000000000000000
7418;208;1,000000000000000000000
7521;568;0,166666666666666666666
7521;3212;0,166666666666666666666
7521;4576;0,166666666666666666666
7521;4629;0,166666666666666666666
7521;6461;0,166666666666666666666
7521;13141;0,166666666666666666666
7543;152027;1,000000000000000000000
7560;275;0,166666666666666666666
7560;282;0,166666666666666666666
7560;477;0,166666666666666666666
7560;731;0,166666666666666666666
7560;5138;0,166666666666666666666
7560;173893;0,166666666666666666666
7564;11999;1,000000000000000000000
7572;527;1,000000000000000000000
7574;407;0,400000000000000000000
7574;458;0,200000000000000000000
7574;713;0,200000000000000000000
7574;306994;0,200000000000000000000
7626;8172;1,000000000000000000000
7630;1754;0,500000000000000000000
7630;1913;0,500000000000000000000
7650;5441;0,500000000000000000000
7650;9398;0,500000000000000000000
7686;645;0,200000000000000000000
7686;2803;0,600000000000000000000
7686;4306;0,200000000000000000000
7701;558;0,500000000000000000000
7701;4538;0,500000000000000000000
7732;6907;0,333333333333333333333
7732;56738;0,666666666666666666666
7738;853;0,500000000000000000000
7738;8648;0,500000000000000000000
7741;5012;1,000000000000000000000
7748;296;0,200000000000000000000
7748;891;0,400000000000000000000
7748;281067;0,200000000000000000000
7748;393418;0,200000000000000000000
7755;352;0,333333333333333333333
7755;354;0,333333333333333333333
7755;7895;0,333333333333333333333
7756;189;0,200000000000000000000
7756;1082;0,200000000000000000000
7756;7648;0,400000000000000000000
7756;18622;0,200000000000000000000
7759;192;0,062500000000000000000
7759;497;0,187500000000000000000
7759;841;0,062500000000000000000
7759;2503;0,062500000000000000000
7759;2644;0,062500000000000000000
7759;7747;0,062500000000000000000
7759;8623;0,062500000000000000000
7759;9399;0,062500000000000000000
7759;9437;0,062500000000000000000
7759;19031;0,187500000000000000000
7759;284854;0,062500000000000000000
7759;308238;0,062500000000000000000
7774;283638;1,000000000000000000000
7780;9371;1,000000000000000000000
7788;911;0,500000000000000000000
7788;16644;0,500000000000000000000
7793;7168;1,000000000000000000000
7802;375;0,500000000000000000000
7802;1822;0,500000000000000000000
7859;2678;0,250000000000000000000
7859;3071;0,250000000000000000000
7859;3978;0,125000000000000000000
7859;5915;0,125000000000000000000
7859;135123;0,250000000000000000000
7874;2826;0,500000000000000000000
7874;27700;0,500000000000000000000
7886;398786;1,000000000000000000000
7906;5125;0,666666666666666666666
7906;14010;0,333333333333333333333
7920;579;1,000000000000000000000
7939;524;1,000000000000000000000
7954;1771;1,000000000000000000000
7968;689;0,250000000000000000000
7968;891;0,750000000000000000000
7994;1563;0,250000000000000000000
7994;1632;0,250000000000000000000
7994;1705;0,250000000000000000000
7994;1708;0,250000000000000000000
8003;1785;0,333333333333333333333
8003;28819;0,333333333333333333333
8003;90666;0,333333333333333333333
8050;1162;1,000000000000000000000
8051;615;0,142857142857142857142
8051;1620;0,285714285714285714285
8051;2482;0,142857142857142857142
8051;2863;0,142857142857142857142
8051;8345;0,285714285714285714285
8062;490;0,500000000000000000000
8062;4268;0,500000000000000000000
8090;1326;0,500000000000000000000
8090;1335;0,500000000000000000000
8095;241;0,500000000000000000000
8095;3871;0,500000000000000000000
8106;1713;0,666666666666666666666
8106;3728;0,166666666666666666666
8106;27326;0,166666666666666666666
8109;339;0,142857142857142857142
8109;918;0,142857142857142857142
8109;1073;0,142857142857142857142
8109;3515;0,142857142857142857142
8109;7998;0,285714285714285714285
8109;8931;0,142857142857142857142
8156;521;0,142857142857142857142
8156;612;0,285714285714285714285
8156;1866;0,142857142857142857142
8156;3800;0,142857142857142857142
8156;4237;0,285714285714285714285
8164;1073;1,000000000000000000000
8172;7626;1,000000000000000000000
8223;17269;1,000000000000000000000
8229;8636;1,000000000000000000000
8237;6000;1,000000000000000000000
8255;1459;0,285714285714285714285
8255;4534;0,285714285714285714285
8255;12441;0,285714285714285714285
8255;184717;0,142857142857142857142
8268;891;0,222222222222222222222
8268;1293;0,222222222222222222222
8268;3551;0,111111111111111111111
8268;7648;0,111111111111111111111
8268;9376;0,111111111111111111111
8268;13899;0,111111111111111111111
8268;113392;0,111111111111111111111
8276;288;0,142857142857142857142
8276;460;0,142857142857142857142
8276;2679;0,142857142857142857142
8276;3618;0,142857142857142857142
8276;4750;0,142857142857142857142
8276;5506;0,142857142857142857142
8276;28981;0,142857142857142857142
8281;59;0,750000000000000000000
8281;853;0,125000000000000000000
8281;1925;0,125000000000000000000
8306;288;0,125000000000000000000
8306;113392;0,500000000000000000000
8306;393418;0,375000000000000000000
8341;5682;0,500000000000000000000
8341;8975;0,500000000000000000000
8345;8051;1,000000000000000000000
8353;2245;0,200000000000000000000
8353;5616;0,200000000000000000000
8353;24670;0,200000000000000000000
8353;27290;0,200000000000000000000
8353;27577;0,200000000000000000000
8396;17280;1,000000000000000000000
8440;520;0,333333333333333333333
8440;1182;0,333333333333333333333
8440;4108;0,333333333333333333333
8441;35;0,500000000000000000000
8441;852;0,500000000000000000000
8442;643;1,000000000000000000000
8445;9481;1,000000000000000000000
8461;434663;1,000000000000000000000
8465;8460;1,000000000000000000000
8489;11;0,153846153846153846153
8489;182;0,076923076923076923076
8489;283;0,076923076923076923076
8489;469;0,076923076923076923076
8489;2756;0,153846153846153846153
8489;5223;0,230769230769230769230
8489;5383;0,153846153846153846153
8489;253384;0,076923076923076923076
8491;2506;1,000000000000000000000
8493;4629;1,000000000000000000000
8513;1864;0,666666666666666666666
8513;8199;0,333333333333333333333
8580;1282;1,000000000000000000000
8590;4697;0,250000000000000000000
8590;4852;0,500000000000000000000
8590;9686;0,250000000000000000000
8623;9;0,017391304347826086956
8623;77;0,017391304347826086956
8623;206;0,017391304347826086956
8623;497;0,017391304347826086956
8623;521;0,026086956521739130434
8623;524;0,008695652173913043478
8623;526;0,017391304347826086956
8623;528;0,026086956521739130434
8623;529;0,017391304347826086956
8623;877;0,008695652173913043478
8623;911;0,017391304347826086956
8623;1066;0,017391304347826086956
8623;1109;0,017391304347826086956
8623;1122;0,017391304347826086956
8623;1150;0,017391304347826086956
8623;1234;0,026086956521739130434
8623;1419;0,017391304347826086956
8623;1473;0,017391304347826086956
8623;1667;0,008695652173913043478
8623;1866;0,017391304347826086956
8623;1971;0,017391304347826086956
8623;2027;0,017391304347826086956
8623;2041;0,017391304347826086956
8623;2046;0,017391304347826086956
8623;2054;0,017391304347826086956
8623;2059;0,017391304347826086956
8623;2149;0,043478260869565217391
8623;2150;0,017391304347826086956
8623;2216;0,017391304347826086956
8623;2271;0,017391304347826086956
8623;2492;0,017391304347826086956
8623;2503;0,008695652173913043478
8623;3680;0,017391304347826086956
8623;3800;0,017391304347826086956
8623;4070;0,026086956521739130434
8623;4146;0,008695652173913043478
8623;4237;0,008695652173913043478
8623;4493;0,008695652173913043478
8623;5487;0,017391304347826086956
8623;5557;0,017391304347826086956
8623;5564;0,017391304347826086956
8623;5632;0,017391304347826086956
8623;6213;0,008695652173913043478
8623;6320;0,017391304347826086956
8623;6581;0,008695652173913043478
8623;7759;0,008695652173913043478
8623;8156;0,017391304347826086956
8623;8500;0,008695652173913043478
8623;9110;0,017391304347826086956
8623;9389;0,008695652173913043478
8623;9390;0,017391304347826086956
8623;9391;0,017391304347826086956
8623;9399;0,017391304347826086956
8623;9400;0,017391304347826086956
8623;9417;0,017391304347826086956
8623;9431;0,017391304347826086956
8623;9440;0,017391304347826086956
8623;11030;0,017391304347826086956
8623;18251;0,008695652173913043478
8623;25849;0,008695652173913043478
8623;352262;0,017391304347826086956
8630;101;0,010000000000000000000
8630;226;0,010000000000000000000
8630;241;0,010000000000000000000
8630;248;0,010000000000000000000
8630;250;0,010000000000000000000
8630;251;0,010000000000000000000
8630;274;0,010000000000000000000
8630;279;0,010000000000000000000
8630;284;0,010000000000000000000
8630;285;0,010000000000000000000
8630;455;0,010000000000000000000
8630;678;0,010000000000000000000
8630;698;0,010000000000000000000
8630;737;0,010000000000000000000
8630;781;0,010000000000000000000
8630;802;0,010000000000000000000
8630;861;0,010000000000000000000
8630;873;0,010000000000000000000
8630;912;0,010000000000000000000
8630;1149;0,010000000000000000000
8630;1271;0,010000000000000000000
8630;1499;0,010000000000000000000
8630;1513;0,010000000000000000000
8630;1515;0,010000000000000000000
8630;1520;0,010000000000000000000
8630;1583;0,010000000000000000000
8630;1591;0,010000000000000000000
8630;1710;0,010000000000000000000
8630;1741;0,010000000000000000000
8630;1814;0,010000000000000000000
8630;1827;0,010000000000000000000
8630;2009;0,010000000000000000000
8630;2087;0,010000000000000000000
8630;2139;0,010000000000000000000
8630;2252;0,010000000000000000000
8630;2398;0,010000000000000000000
8630;2455;0,010000000000000000000
8630;2472;0,010000000000000000000
8630;2474;0,010000000000000000000
8630;2510;0,010000000000000000000
8630;2515;0,010000000000000000000
8630;2523;0,010000000000000000000
8630;2655;0,010000000000000000000
8630;2661;0,010000000000000000000
8630;2706;0,010000000000000000000
8630;2713;0,010000000000000000000
8630;2714;0,010000000000000000000
8630;2990;0,010000000000000000000
8630;3045;0,010000000000000000000
8630;3103;0,010000000000000000000
8630;3383;0,010000000000000000000
8630;3392;0,010000000000000000000
8630;3429;0,010000000000000000000
8630;3459;0,010000000000000000000
8630;3473;0,010000000000000000000
8630;3601;0,010000000000000000000
8630;3619;0,010000000000000000000
8630;3701;0,010000000000000000000
8630;3838;0,010000000000000000000
8630;3866;0,010000000000000000000
8630;3867;0,010000000000000000000
8630;3868;0,010000000000000000000
8630;3869;0,010000000000000000000
8630;3870;0,010000000000000000000
8630;3871;0,010000000000000000000
8630;3872;0,010000000000000000000
8630;3873;0,010000000000000000000
8630;3992;0,010000000000000000000
8630;4187;0,010000000000000000000
8630;4313;0,010000000000000000000
8630;4337;0,010000000000000000000
8630;4398;0,010000000000000000000
8630;4592;0,010000000000000000000
8630;4613;0,020000000000000000000
8630;4787;0,010000000000000000000
8630;5430;0,010000000000000000000
8630;6007;0,010000000000000000000
8630;6008;0,010000000000000000000
8630;6105;0,010000000000000000000
8630;6347;0,010000000000000000000
8630;6609;0,010000000000000000000
8630;7160;0,010000000000000000000
8630;7334;0,010000000000000000000
8630;9212;0,010000000000000000000
8630;9258;0,010000000000000000000
8630;9330;0,010000000000000000000
8630;9514;0,010000000000000000000
8630;10019;0,010000000000000000000
8630;10021;0,010000000000000000000
8630;10197;0,010000000000000000000
8630;10595;0,010000000000000000000
8630;13294;0,010000000000000000000
8630;13670;0,010000000000000000000
8630;13671;0,010000000000000000000
8630;13672;0,010000000000000000000
8630;13673;0,010000000000000000000
8630;13674;0,010000000000000000000
8630;13675;0,010000000000000000000
8630;13676;0,010000000000000000000
8633;2503;0,500000000000000000000
8633;4748;0,500000000000000000000
8648;266;0,285714285714285714285
8648;273;0,142857142857142857142
8648;2383;0,142857142857142857142
8648;7738;0,142857142857142857142
8648;91818;0,142857142857142857142
8648;442813;0,142857142857142857142
8715;9898;1,000000000000000000000
8749;54;0,200000000000000000000
8749;658;0,200000000000000000000
8749;2021;0,400000000000000000000
8749;14733;0,200000000000000000000
8756;1085;0,500000000000000000000
8756;2591;0,500000000000000000000
8786;3246;0,333333333333333333333
8786;8787;0,666666666666666666666
8787;3636;0,333333333333333333333
8787;8786;0,666666666666666666666
8805;4172;1,000000000000000000000
8820;2275;1,000000000000000000000
8827;8865;0,333333333333333333333
8827;255726;0,666666666666666666666
8833;5660;1,000000000000000000000
8871;933;0,250000000000000000000
8871;941;0,250000000000000000000
8871;137801;0,250000000000000000000
8871;281170;0,250000000000000000000
8899;4697;1,000000000000000000000
8909;2851;1,000000000000000000000
8910;885;0,200000000000000000000
8910;2198;0,400000000000000000000
8910;157662;0,400000000000000000000
8928;163;0,200000000000000000000
8928;3293;0,200000000000000000000
8928;3463;0,400000000000000000000
8928;4471;0,200000000000000000000
8976;266;1,000000000000000000000
9090;163;0,041666666666666666666
9090;172;0,041666666666666666666
9090;768;0,041666666666666666666
9090;777;0,125000000000000000000
9090;822;0,041666666666666666666
9090;839;0,041666666666666666666
9090;1427;0,041666666666666666666
9090;1498;0,166666666666666666666
9090;1598;0,041666666666666666666
9090;1717;0,041666666666666666666
9090;1991;0,041666666666666666666
9090;2239;0,041666666666666666666
9090;4432;0,041666666666666666666
9090;4438;0,041666666666666666666
9090;4440;0,041666666666666666666
9090;4458;0,041666666666666666666
9090;4463;0,041666666666666666666
9090;4471;0,041666666666666666666
9090;4472;0,041666666666666666666
9098;4435;0,500000000000000000000
9098;9686;0,500000000000000000000
9114;1824;0,500000000000000000000
9114;5915;0,333333333333333333333
9114;10085;0,166666666666666666666
9158;977;0,750000000000000000000
9158;11680;0,250000000000000000000
9159;6694;1,000000000000000000000
9184;960;0,333333333333333333333
9184;2737;0,166666666666666666666
9184;4262;0,166666666666666666666
9184;4491;0,166666666666666666666
9184;5097;0,166666666666666666666
9226;7480;1,000000000000000000000
9230;1162;1,000000000000000000000
9254;4374;1,000000000000000000000
9288;2494;0,071428571428571428571
9288;3178;0,071428571428571428571
9288;3197;0,214285714285714285714
9288;6723;0,285714285714285714285
9288;7072;0,071428571428571428571
9288;7095;0,214285714285714285714
9288;65998;0,071428571428571428571
9338;844;0,200000000000000000000
9338;3508;0,200000000000000000000
9338;9686;0,200000000000000000000
9338;21005;0,400000000000000000000
9350;170;0,500000000000000000000
9350;3262;0,500000000000000000000
9356;1094;0,333333333333333333333
9356;1439;0,333333333333333333333
9356;1440;0,333333333333333333333
9371;887;0,076923076923076923076
9371;1044;0,076923076923076923076
9371;1667;0,076923076923076923076
9371;2070;0,076923076923076923076
9371;2215;0,076923076923076923076
9371;3403;0,076923076923076923076
9371;4748;0,076923076923076923076
9371;6465;0,076923076923076923076
9371;6624;0,076923076923076923076
9371;7780;0,076923076923076923076
9371;9385;0,076923076923076923076
9371;10740;0,076923076923076923076
9371;14073;0,076923076923076923076
9376;288;0,133333333333333333333
9376;689;0,066666666666666666666
9376;2323;0,066666666666666666666
9376;2372;0,133333333333333333333
9376;2678;0,066666666666666666666
9376;3978;0,066666666666666666666
9376;4091;0,066666666666666666666
9376;5915;0,066666666666666666666
9376;8635;0,066666666666666666666
9376;11014;0,066666666666666666666
9376;14652;0,066666666666666666666
9376;15867;0,066666666666666666666
9376;23563;0,066666666666666666666
9382;151009;1,000000000000000000000
9391;1109;0,333333333333333333333
9391;2046;0,666666666666666666666
9396;5530;1,000000000000000000000
9398;5441;1,000000000000000000000
9399;521;0,500000000000000000000
9399;7759;0,500000000000000000000
9402;5219;1,000000000000000000000
9405;8090;1,000000000000000000000
9407;2043;1,000000000000000000000
9409;960;0,666666666666666666666
9409;1401;0,333333333333333333333
9416;190;1,000000000000000000000
9418;524;0,500000000000000000000
9418;3355;0,500000000000000000000
9419;5632;1,000000000000000000000
9421;5264;1,000000000000000000000
9429;2825;0,500000000000000000000
9429;5167;0,500000000000000000000
9430;1498;1,000000000000000000000
9431;2059;1,000000000000000000000
9434;883;0,500000000000000000000
9434;9807;0,500000000000000000000
9437;497;1,000000000000000000000
9438;5519;1,000000000000000000000
9441;526;0,666666666666666666666
9441;9436;0,333333333333333333333
9482;61;0,500000000000000000000
9482;12596;0,500000000000000000000
9624;3991;1,000000000000000000000
9651;2743;0,200000000000000000000
9651;24875;0,200000000000000000000
9651;28676;0,200000000000000000000
9651;29027;0,200000000000000000000
9651;29028;0,200000000000000000000
9657;122;0,500000000000000000000
9657;285;0,500000000000000000000
9660;349;0,250000000000000000000
9660;8109;0,750000000000000000000
9668;282;0,066666666666666666666
9668;1810;0,066666666666666666666
9668;2083;0,066666666666666666666
9668;5449;0,066666666666666666666
9668;6102;0,066666666666666666666
9668;6349;0,133333333333333333333
9668;9296;0,066666666666666666666
9668;9720;0,066666666666666666666
9668;10338;0,066666666666666666666
9668;22211;0,066666666666666666666
9668;27369;0,066666666666666666666
9668;37811;0,066666666666666666666
9668;37813;0,133333333333333333333
9686;2;0,000565930956423316355
9686;4;0,000565930956423316355
9686;7;0,000565930956423316355
9686;22;0,000565930956423316355
9686;35;0,000565930956423316355
9686;36;0,000565930956423316355
9686;37;0,000565930956423316355
9686;38;0,000565930956423316355
9686;39;0,000565930956423316355
9686;40;0,000565930956423316355
9686;42;0,000565930956423316355
9686;54;0,000565930956423316355
9686;57;0,000565930956423316355
9686;59;0,000565930956423316355
9686;61;0,000565930956423316355
9686;65;0,001131861912846632710
9686;66;0,000565930956423316355
9686;71;0,000565930956423316355
9686;73;0,000565930956423316355
9686;74;0,000565930956423316355
9686;77;0,000565930956423316355
9686;82;0,000565930956423316355
9686;83;0,000565930956423316355
9686;85;0,000565930956423316355
9686;89;0,000565930956423316355
9686;90;0,000565930956423316355
9686;96;0,000565930956423316355
9686;101;0,000565930956423316355
9686;108;0,000565930956423316355
9686;109;0,000565930956423316355
9686;113;0,000565930956423316355
9686;115;0,000565930956423316355
9686;119;0,000565930956423316355
9686;120;0,000565930956423316355
9686;122;0,000565930956423316355
9686;127;0,000565930956423316355
9686;129;0,000565930956423316355
9686;132;0,000565930956423316355
9686;146;0,000565930956423316355
9686;149;0,000565930956423316355
9686;155;0,000565930956423316355
9686;176;0,000565930956423316355
9686;181;0,000565930956423316355
9686;182;0,000565930956423316355
9686;186;0,000565930956423316355
9686;189;0,000565930956423316355
9686;190;0,000565930956423316355
9686;192;0,000565930956423316355
9686;196;0,000565930956423316355
9686;201;0,000565930956423316355
9686;208;0,000565930956423316355
9686;210;0,000565930956423316355
9686;214;0,000565930956423316355
9686;216;0,000565930956423316355
9686;219;0,000565930956423316355
9686;220;0,000565930956423316355
9686;222;0,000565930956423316355
9686;226;0,000565930956423316355
9686;228;0,000565930956423316355
9686;232;0,000565930956423316355
9686;234;0,000565930956423316355
9686;237;0,000565930956423316355
9686;240;0,000565930956423316355
9686;241;0,000565930956423316355
9686;242;0,000565930956423316355
9686;246;0,000565930956423316355
9686;247;0,000565930956423316355
9686;248;0,000565930956423316355
9686;250;0,000565930956423316355
9686;251;0,000565930956423316355
9686;254;0,000565930956423316355
9686;256;0,000565930956423316355
9686;260;0,000565930956423316355
9686;261;0,000565930956423316355
9686;266;0,000565930956423316355
9686;271;0,000565930956423316355
9686;274;0,000565930956423316355
9686;279;0,000565930956423316355
9686;282;0,000565930956423316355
9686;284;0,000565930956423316355
9686;285;0,000565930956423316355
9686;289;0,000565930956423316355
9686;294;0,000565930956423316355
9686;309;0,000565930956423316355
9686;313;0,000565930956423316355
9686;320;0,000565930956423316355
9686;322;0,000565930956423316355
9686;334;0,000565930956423316355
9686;349;0,000565930956423316355
9686;351;0,000565930956423316355
9686;360;0,000565930956423316355
9686;362;0,000565930956423316355
9686;365;0,000565930956423316355
9686;371;0,000565930956423316355
9686;373;0,000565930956423316355
9686;375;0,000565930956423316355
9686;382;0,000565930956423316355
9686;391;0,000565930956423316355
9686;392;0,000565930956423316355
9686;393;0,001131861912846632710
9686;394;0,000565930956423316355
9686;395;0,000565930956423316355
9686;396;0,000565930956423316355
9686;398;0,000565930956423316355
9686;399;0,000565930956423316355
9686;400;0,000565930956423316355
9686;401;0,000565930956423316355
9686;403;0,000565930956423316355
9686;404;0,000565930956423316355
9686;405;0,000565930956423316355
9686;406;0,000565930956423316355
9686;407;0,000565930956423316355
9686;408;0,000565930956423316355
9686;409;0,000565930956423316355
9686;410;0,000565930956423316355
9686;411;0,000565930956423316355
9686;412;0,000565930956423316355
9686;413;0,000565930956423316355
9686;414;0,000565930956423316355
9686;415;0,000565930956423316355
9686;416;0,000565930956423316355
9686;417;0,000565930956423316355
9686;418;0,000565930956423316355
9686;419;0,000565930956423316355
9686;435;0,000565930956423316355
9686;447;0,000565930956423316355
9686;455;0,000565930956423316355
9686;458;0,000565930956423316355
9686;464;0,000565930956423316355
9686;466;0,000565930956423316355
9686;468;0,000565930956423316355
9686;472;0,000565930956423316355
9686;475;0,000565930956423316355
9686;479;0,000565930956423316355
9686;484;0,000565930956423316355
9686;486;0,000565930956423316355
9686;490;0,000565930956423316355
9686;492;0,000565930956423316355
9686;496;0,000565930956423316355
9686;497;0,000565930956423316355
9686;499;0,000565930956423316355
9686;502;0,000565930956423316355
9686;507;0,000565930956423316355
9686;510;0,000565930956423316355
9686;512;0,000565930956423316355
9686;518;0,000565930956423316355
9686;519;0,000565930956423316355
9686;520;0,000565930956423316355
9686;521;0,000565930956423316355
9686;522;0,000565930956423316355
9686;523;0,000565930956423316355
9686;524;0,000565930956423316355
9686;525;0,000565930956423316355
9686;526;0,000565930956423316355
9686;527;0,000565930956423316355
9686;528;0,000565930956423316355
9686;529;0,000565930956423316355
9686;533;0,000565930956423316355
9686;538;0,000565930956423316355
9686;543;0,000565930956423316355
9686;545;0,000565930956423316355
9686;550;0,000565930956423316355
9686;557;0,000565930956423316355
9686;560;0,000565930956423316355
9686;564;0,000565930956423316355
9686;565;0,000565930956423316355
9686;567;0,000565930956423316355
9686;573;0,000565930956423316355
9686;577;0,000565930956423316355
9686;579;0,000565930956423316355
9686;585;0,000565930956423316355
9686;588;0,000565930956423316355
9686;596;0,000565930956423316355
9686;609;0,000565930956423316355
9686;611;0,000565930956423316355
9686;613;0,000565930956423316355
9686;621;0,000565930956423316355
9686;625;0,000565930956423316355
9686;635;0,000565930956423316355
9686;638;0,000565930956423316355
9686;643;0,000565930956423316355
9686;644;0,000565930956423316355
9686;645;0,000565930956423316355
9686;652;0,000565930956423316355
9686;658;0,000565930956423316355
9686;678;0,000565930956423316355
9686;681;0,000565930956423316355
9686;685;0,000565930956423316355
9686;698;0,000565930956423316355
9686;703;0,000565930956423316355
9686;706;0,000565930956423316355
9686;721;0,000565930956423316355
9686;727;0,000565930956423316355
9686;731;0,000565930956423316355
9686;737;0,000565930956423316355
9686;739;0,000565930956423316355
9686;740;0,000565930956423316355
9686;742;0,000565930956423316355
9686;747;0,000565930956423316355
9686;748;0,000565930956423316355
9686;756;0,000565930956423316355
9686;758;0,000565930956423316355
9686;781;0,000565930956423316355
9686;783;0,000565930956423316355
9686;791;0,000565930956423316355
9686;793;0,000565930956423316355
9686;796;0,000565930956423316355
9686;798;0,000565930956423316355
9686;802;0,000565930956423316355
9686;808;0,000565930956423316355
9686;812;0,000565930956423316355
9686;815;0,000565930956423316355
9686;817;0,000565930956423316355
9686;827;0,000565930956423316355
9686;828;0,000565930956423316355
9686;841;0,000565930956423316355
9686;844;0,000565930956423316355
9686;854;0,000565930956423316355
9686;861;0,000565930956423316355
9686;869;0,000565930956423316355
9686;873;0,000565930956423316355
9686;875;0,000565930956423316355
9686;877;0,001131861912846632710
9686;878;0,000565930956423316355
9686;882;0,000565930956423316355
9686;883;0,000565930956423316355
9686;886;0,000565930956423316355
9686;887;0,000565930956423316355
9686;890;0,000565930956423316355
9686;891;0,000565930956423316355
9686;911;0,000565930956423316355
9686;912;0,000565930956423316355
9686;914;0,000565930956423316355
9686;918;0,000565930956423316355
9686;928;0,000565930956423316355
9686;930;0,000565930956423316355
9686;952;0,000565930956423316355
9686;955;0,000565930956423316355
9686;956;0,000565930956423316355
9686;964;0,000565930956423316355
9686;967;0,000565930956423316355
9686;970;0,000565930956423316355
9686;972;0,000565930956423316355
9686;975;0,000565930956423316355
9686;978;0,000565930956423316355
9686;984;0,000565930956423316355
9686;990;0,000565930956423316355
9686;997;0,000565930956423316355
9686;999;0,001131861912846632710
9686;1002;0,000565930956423316355
9686;1004;0,000565930956423316355
9686;1010;0,000565930956423316355
9686;1012;0,000565930956423316355
9686;1014;0,000565930956423316355
9686;1016;0,000565930956423316355
9686;1018;0,000565930956423316355
9686;1020;0,000565930956423316355
9686;1022;0,000565930956423316355
9686;1036;0,000565930956423316355
9686;1040;0,000565930956423316355
9686;1042;0,000565930956423316355
9686;1046;0,000565930956423316355
9686;1053;0,000565930956423316355
9686;1060;0,000565930956423316355
9686;1064;0,000565930956423316355
9686;1065;0,000565930956423316355
9686;1066;0,000565930956423316355
9686;1068;0,000565930956423316355
9686;1069;0,000565930956423316355
9686;1077;0,000565930956423316355
9686;1080;0,000565930956423316355
9686;1082;0,000565930956423316355
9686;1085;0,000565930956423316355
9686;1089;0,000565930956423316355
9686;1092;0,000565930956423316355
9686;1094;0,000565930956423316355
9686;1096;0,000565930956423316355
9686;1098;0,000565930956423316355
9686;1101;0,000565930956423316355
9686;1104;0,000565930956423316355
9686;1109;0,000565930956423316355
9686;1111;0,000565930956423316355
9686;1120;0,000565930956423316355
9686;1122;0,000565930956423316355
9686;1123;0,000565930956423316355
9686;1124;0,000565930956423316355
9686;1127;0,000565930956423316355
9686;1135;0,000565930956423316355
9686;1140;0,000565930956423316355
9686;1141;0,000565930956423316355
9686;1142;0,000565930956423316355
9686;1143;0,000565930956423316355
9686;1145;0,000565930956423316355
9686;1149;0,000565930956423316355
9686;1150;0,000565930956423316355
9686;1154;0,000565930956423316355
9686;1156;0,000565930956423316355
9686;1164;0,000565930956423316355
9686;1173;0,000565930956423316355
9686;1175;0,000565930956423316355
9686;1178;0,000565930956423316355
9686;1180;0,000565930956423316355
9686;1182;0,000565930956423316355
9686;1184;0,000565930956423316355
9686;1186;0,000565930956423316355
9686;1187;0,000565930956423316355
9686;1190;0,000565930956423316355
9686;1192;0,000565930956423316355
9686;1196;0,000565930956423316355
9686;1220;0,000565930956423316355
9686;1221;0,000565930956423316355
9686;1222;0,000565930956423316355
9686;1225;0,000565930956423316355
9686;1227;0,000565930956423316355
9686;1234;0,000565930956423316355
9686;1239;0,000565930956423316355
9686;1240;0,000565930956423316355
9686;1243;0,000565930956423316355
9686;1253;0,000565930956423316355
9686;1255;0,000565930956423316355
9686;1264;0,000565930956423316355
9686;1265;0,000565930956423316355
9686;1271;0,000565930956423316355
9686;1276;0,000565930956423316355
9686;1280;0,000565930956423316355
9686;1282;0,000565930956423316355
9686;1284;0,000565930956423316355
9686;1313;0,000565930956423316355
9686;1314;0,000565930956423316355
9686;1321;0,000565930956423316355
9686;1326;0,000565930956423316355
9686;1328;0,000565930956423316355
9686;1333;0,000565930956423316355
9686;1335;0,000565930956423316355
9686;1340;0,000565930956423316355
9686;1348;0,000565930956423316355
9686;1352;0,000565930956423316355
9686;1364;0,000565930956423316355
9686;1374;0,000565930956423316355
9686;1397;0,000565930956423316355
9686;1401;0,000565930956423316355
9686;1406;0,000565930956423316355
9686;1408;0,000565930956423316355
9686;1415;0,000565930956423316355
9686;1422;0,000565930956423316355
9686;1425;0,000565930956423316355
9686;1429;0,000565930956423316355
9686;1434;0,000565930956423316355
9686;1444;0,000565930956423316355
9686;1451;0,000565930956423316355
9686;1453;0,000565930956423316355
9686;1459;0,000565930956423316355
9686;1468;0,000565930956423316355
9686;1471;0,000565930956423316355
9686;1473;0,000565930956423316355
9686;1485;0,000565930956423316355
9686;1495;0,000565930956423316355
9686;1496;0,000565930956423316355
9686;1497;0,000565930956423316355
9686;1499;0,000565930956423316355
9686;1500;0,000565930956423316355
9686;1501;0,000565930956423316355
9686;1503;0,000565930956423316355
9686;1506;0,000565930956423316355
9686;1508;0,000565930956423316355
9686;1513;0,000565930956423316355
9686;1514;0,000565930956423316355
9686;1515;0,000565930956423316355
9686;1517;0,000565930956423316355
9686;1520;0,000565930956423316355
9686;1525;0,000565930956423316355
9686;1547;0,000565930956423316355
9686;1556;0,000565930956423316355
9686;1561;0,000565930956423316355
9686;1562;0,000565930956423316355
9686;1563;0,000565930956423316355
9686;1564;0,000565930956423316355
9686;1565;0,000565930956423316355
9686;1566;0,000565930956423316355
9686;1567;0,000565930956423316355
9686;1569;0,000565930956423316355
9686;1585;0,000565930956423316355
9686;1588;0,000565930956423316355
9686;1591;0,000565930956423316355
9686;1600;0,000565930956423316355
9686;1608;0,000565930956423316355
9686;1609;0,000565930956423316355
9686;1610;0,000565930956423316355
9686;1625;0,000565930956423316355
9686;1629;0,000565930956423316355
9686;1632;0,000565930956423316355
9686;1634;0,000565930956423316355
9686;1637;0,000565930956423316355
9686;1639;0,000565930956423316355
9686;1655;0,000565930956423316355
9686;1657;0,000565930956423316355
9686;1663;0,000565930956423316355
9686;1667;0,000565930956423316355
9686;1671;0,000565930956423316355
9686;1673;0,000565930956423316355
9686;1684;0,000565930956423316355
9686;1685;0,000565930956423316355
9686;1686;0,000565930956423316355
9686;1689;0,000565930956423316355
9686;1690;0,000565930956423316355
9686;1691;0,000565930956423316355
9686;1692;0,000565930956423316355
9686;1693;0,000565930956423316355
9686;1694;0,000565930956423316355
9686;1696;0,000565930956423316355
9686;1697;0,000565930956423316355
9686;1698;0,000565930956423316355
9686;1699;0,000565930956423316355
9686;1700;0,000565930956423316355
9686;1701;0,000565930956423316355
9686;1702;0,000565930956423316355
9686;1703;0,000565930956423316355
9686;1705;0,000565930956423316355
9686;1706;0,000565930956423316355
9686;1708;0,000565930956423316355
9686;1709;0,000565930956423316355
9686;1710;0,000565930956423316355
9686;1713;0,000565930956423316355
9686;1719;0,000565930956423316355
9686;1721;0,000565930956423316355
9686;1724;0,000565930956423316355
9686;1725;0,000565930956423316355
9686;1727;0,000565930956423316355
9686;1729;0,000565930956423316355
9686;1741;0,000565930956423316355
9686;1744;0,000565930956423316355
9686;1745;0,000565930956423316355
9686;1748;0,000565930956423316355
9686;1762;0,000565930956423316355
9686;1763;0,000565930956423316355
9686;1764;0,000565930956423316355
9686;1765;0,000565930956423316355
9686;1766;0,000565930956423316355
9686;1768;0,000565930956423316355
9686;1771;0,000565930956423316355
9686;1778;0,000565930956423316355
9686;1779;0,000565930956423316355
9686;1780;0,000565930956423316355
9686;1806;0,000565930956423316355
9686;1810;0,000565930956423316355
9686;1814;0,000565930956423316355
9686;1820;0,000565930956423316355
9686;1822;0,000565930956423316355
9686;1824;0,000565930956423316355
9686;1827;0,000565930956423316355
9686;1831;0,000565930956423316355
9686;1840;0,000565930956423316355
9686;1841;0,000565930956423316355
9686;1845;0,000565930956423316355
9686;1848;0,000565930956423316355
9686;1854;0,000565930956423316355
9686;1856;0,000565930956423316355
9686;1866;0,000565930956423316355
9686;1867;0,000565930956423316355
9686;1879;0,000565930956423316355
9686;1883;0,000565930956423316355
9686;1887;0,000565930956423316355
9686;1892;0,000565930956423316355
9686;1894;0,000565930956423316355
9686;1897;0,000565930956423316355
9686;1902;0,000565930956423316355
9686;1903;0,000565930956423316355
9686;1906;0,000565930956423316355
9686;1913;0,000565930956423316355
9686;1917;0,000565930956423316355
9686;1925;0,000565930956423316355
9686;1938;0,000565930956423316355
9686;1943;0,000565930956423316355
9686;1948;0,000565930956423316355
9686;1949;0,000565930956423316355
9686;1963;0,000565930956423316355
9686;1971;0,000565930956423316355
9686;1981;0,000565930956423316355
9686;1983;0,000565930956423316355
9686;1988;0,000565930956423316355
9686;1996;0,000565930956423316355
9686;1997;0,000565930956423316355
9686;2001;0,001131861912846632710
9686;2004;0,000565930956423316355
9686;2007;0,000565930956423316355
9686;2008;0,000565930956423316355
9686;2009;0,000565930956423316355
9686;2021;0,000565930956423316355
9686;2023;0,000565930956423316355
9686;2027;0,000565930956423316355
9686;2029;0,000565930956423316355
9686;2037;0,000565930956423316355
9686;2043;0,000565930956423316355
9686;2046;0,000565930956423316355
9686;2048;0,000565930956423316355
9686;2052;0,000565930956423316355
9686;2054;0,000565930956423316355
9686;2059;0,000565930956423316355
9686;2071;0,000565930956423316355
9686;2075;0,000565930956423316355
9686;2080;0,000565930956423316355
9686;2083;0,000565930956423316355
9686;2087;0,000565930956423316355
9686;2090;0,000565930956423316355
9686;2091;0,000565930956423316355
9686;2109;0,000565930956423316355
9686;2125;0,000565930956423316355
9686;2129;0,000565930956423316355
9686;2133;0,000565930956423316355
9686;2139;0,000565930956423316355
9686;2145;0,000565930956423316355
9686;2150;0,000565930956423316355
9686;2166;0,000565930956423316355
9686;2176;0,000565930956423316355
9686;2181;0,000565930956423316355
9686;2182;0,000565930956423316355
9686;2184;0,000565930956423316355
9686;2188;0,000565930956423316355
9686;2191;0,000565930956423316355
9686;2196;0,000565930956423316355
9686;2206;0,000565930956423316355
9686;2210;0,000565930956423316355
9686;2212;0,000565930956423316355
9686;2216;0,000565930956423316355
9686;2223;0,000565930956423316355
9686;2230;0,000565930956423316355
9686;2235;0,000565930956423316355
9686;2244;0,000565930956423316355
9686;2249;0,000565930956423316355
9686;2252;0,000565930956423316355
9686;2254;0,000565930956423316355
9686;2264;0,000565930956423316355
9686;2267;0,000565930956423316355
9686;2269;0,000565930956423316355
9686;2271;0,000565930956423316355
9686;2272;0,000565930956423316355
9686;2274;0,000565930956423316355
9686;2277;0,000565930956423316355
9686;2278;0,000565930956423316355
9686;2280;0,000565930956423316355
9686;2287;0,000565930956423316355
9686;2293;0,000565930956423316355
9686;2296;0,000565930956423316355
9686;2302;0,000565930956423316355
9686;2306;0,000565930956423316355
9686;2310;0,000565930956423316355
9686;2323;0,000565930956423316355
9686;2326;0,000565930956423316355
9686;2337;0,000565930956423316355
9686;2343;0,000565930956423316355
9686;2352;0,000565930956423316355
9686;2355;0,000565930956423316355
9686;2359;0,000565930956423316355
9686;2362;0,000565930956423316355
9686;2367;0,000565930956423316355
9686;2372;0,000565930956423316355
9686;2375;0,000565930956423316355
9686;2385;0,000565930956423316355
9686;2393;0,000565930956423316355
9686;2398;0,000565930956423316355
9686;2408;0,000565930956423316355
9686;2414;0,000565930956423316355
9686;2418;0,000565930956423316355
9686;2420;0,000565930956423316355
9686;2421;0,000565930956423316355
9686;2422;0,000565930956423316355
9686;2423;0,000565930956423316355
9686;2425;0,000565930956423316355
9686;2429;0,000565930956423316355
9686;2433;0,000565930956423316355
9686;2434;0,000565930956423316355
9686;2455;0,000565930956423316355
9686;2458;0,000565930956423316355
9686;2464;0,000565930956423316355
9686;2467;0,000565930956423316355
9686;2470;0,000565930956423316355
9686;2472;0,000565930956423316355
9686;2474;0,000565930956423316355
9686;2482;0,000565930956423316355
9686;2484;0,000565930956423316355
9686;2487;0,000565930956423316355
9686;2491;0,000565930956423316355
9686;2492;0,000565930956423316355
9686;2494;0,000565930956423316355
9686;2503;0,000565930956423316355
9686;2504;0,001131861912846632710
9686;2506;0,000565930956423316355
9686;2510;0,000565930956423316355
9686;2517;0,000565930956423316355
9686;2523;0,000565930956423316355
9686;2543;0,000565930956423316355
9686;2549;0,000565930956423316355
9686;2559;0,000565930956423316355
9686;2569;0,000565930956423316355
9686;2578;0,000565930956423316355
9686;2585;0,000565930956423316355
9686;2586;0,000565930956423316355
9686;2591;0,000565930956423316355
9686;2592;0,000565930956423316355
9686;2594;0,000565930956423316355
9686;2596;0,000565930956423316355
9686;2600;0,000565930956423316355
9686;2630;0,000565930956423316355
9686;2644;0,000565930956423316355
9686;2647;0,000565930956423316355
9686;2648;0,000565930956423316355
9686;2655;0,000565930956423316355
9686;2661;0,000565930956423316355
9686;2664;0,000565930956423316355
9686;2678;0,000565930956423316355
9686;2683;0,000565930956423316355
9686;2694;0,000565930956423316355
9686;2706;0,000565930956423316355
9686;2709;0,001131861912846632710
9686;2712;0,000565930956423316355
9686;2713;0,000565930956423316355
9686;2714;0,000565930956423316355
9686;2716;0,000565930956423316355
9686;2726;0,000565930956423316355
9686;2728;0,000565930956423316355
9686;2731;0,000565930956423316355
9686;2734;0,000565930956423316355
9686;2736;0,000565930956423316355
9686;2737;0,000565930956423316355
9686;2738;0,000565930956423316355
9686;2739;0,000565930956423316355
9686;2742;0,000565930956423316355
9686;2778;0,000565930956423316355
9686;2779;0,000565930956423316355
9686;2780;0,000565930956423316355
9686;2791;0,000565930956423316355
9686;2792;0,000565930956423316355
9686;2794;0,000565930956423316355
9686;2796;0,000565930956423316355
9686;2798;0,000565930956423316355
9686;2802;0,000565930956423316355
9686;2804;0,000565930956423316355
9686;2815;0,000565930956423316355
9686;2822;0,000565930956423316355
9686;2825;0,000565930956423316355
9686;2826;0,000565930956423316355
9686;2828;0,000565930956423316355
9686;2830;0,000565930956423316355
9686;2844;0,000565930956423316355
9686;2853;0,000565930956423316355
9686;2865;0,000565930956423316355
9686;2877;0,000565930956423316355
9686;2884;0,000565930956423316355
9686;2890;0,000565930956423316355
9686;2912;0,000565930956423316355
9686;2913;0,000565930956423316355
9686;2914;0,000565930956423316355
9686;2916;0,000565930956423316355
9686;2919;0,000565930956423316355
9686;2920;0,000565930956423316355
9686;2924;0,000565930956423316355
9686;2925;0,000565930956423316355
9686;2927;0,000565930956423316355
9686;2929;0,000565930956423316355
9686;2931;0,000565930956423316355
9686;2932;0,000565930956423316355
9686;2933;0,000565930956423316355
9686;2935;0,000565930956423316355
9686;2938;0,000565930956423316355
9686;2939;0,000565930956423316355
9686;2940;0,000565930956423316355
9686;2941;0,000565930956423316355
9686;2942;0,000565930956423316355
9686;2943;0,000565930956423316355
9686;2948;0,000565930956423316355
9686;2950;0,000565930956423316355
9686;2961;0,000565930956423316355
9686;2968;0,000565930956423316355
9686;2976;0,000565930956423316355
9686;2990;0,000565930956423316355
9686;2995;0,000565930956423316355
9686;2998;0,000565930956423316355
9686;3015;0,000565930956423316355
9686;3033;0,000565930956423316355
9686;3038;0,000565930956423316355
9686;3045;0,000565930956423316355
9686;3049;0,000565930956423316355
9686;3082;0,000565930956423316355
9686;3083;0,000565930956423316355
9686;3091;0,000565930956423316355
9686;3096;0,000565930956423316355
9686;3098;0,000565930956423316355
9686;3100;0,000565930956423316355
9686;3103;0,000565930956423316355
9686;3104;0,000565930956423316355
9686;3108;0,000565930956423316355
9686;3116;0,000565930956423316355
9686;3118;0,000565930956423316355
9686;3128;0,000565930956423316355
9686;3129;0,000565930956423316355
9686;3135;0,000565930956423316355
9686;3141;0,000565930956423316355
9686;3142;0,000565930956423316355
9686;3143;0,000565930956423316355
9686;3153;0,000565930956423316355
9686;3155;0,000565930956423316355
9686;3161;0,000565930956423316355
9686;3169;0,000565930956423316355
9686;3174;0,000565930956423316355
9686;3176;0,000565930956423316355
9686;3178;0,000565930956423316355
9686;3180;0,000565930956423316355
9686;3188;0,000565930956423316355
9686;3189;0,000565930956423316355
9686;3197;0,000565930956423316355
9686;3207;0,000565930956423316355
9686;3208;0,000565930956423316355
9686;3219;0,000565930956423316355
9686;3233;0,000565930956423316355
9686;3237;0,000565930956423316355
9686;3246;0,000565930956423316355
9686;3249;0,000565930956423316355
9686;3250;0,000565930956423316355
9686;3251;0,000565930956423316355
9686;3260;0,000565930956423316355
9686;3268;0,000565930956423316355
9686;3269;0,000565930956423316355
9686;3271;0,000565930956423316355
9686;3273;0,000565930956423316355
9686;3278;0,000565930956423316355
9686;3284;0,000565930956423316355
9686;3292;0,000565930956423316355
9686;3296;0,000565930956423316355
9686;3299;0,000565930956423316355
9686;3317;0,000565930956423316355
9686;3320;0,000565930956423316355
9686;3331;0,001131861912846632710
9686;3341;0,000565930956423316355
9686;3342;0,000565930956423316355
9686;3343;0,000565930956423316355
9686;3345;0,000565930956423316355
9686;3346;0,000565930956423316355
9686;3347;0,000565930956423316355
9686;3348;0,000565930956423316355
9686;3349;0,000565930956423316355
9686;3350;0,000565930956423316355
9686;3360;0,000565930956423316355
9686;3362;0,000565930956423316355
9686;3372;0,000565930956423316355
9686;3378;0,000565930956423316355
9686;3383;0,000565930956423316355
9686;3392;0,000565930956423316355
9686;3393;0,000565930956423316355
9686;3399;0,000565930956423316355
9686;3401;0,000565930956423316355
9686;3408;0,000565930956423316355
9686;3414;0,000565930956423316355
9686;3429;0,000565930956423316355
9686;3431;0,000565930956423316355
9686;3433;0,000565930956423316355
9686;3436;0,000565930956423316355
9686;3441;0,000565930956423316355
9686;3443;0,000565930956423316355
9686;3449;0,000565930956423316355
9686;3459;0,000565930956423316355
9686;3465;0,000565930956423316355
9686;3471;0,000565930956423316355
9686;3473;0,000565930956423316355
9686;3480;0,000565930956423316355
9686;3481;0,000565930956423316355
9686;3508;0,000565930956423316355
9686;3513;0,000565930956423316355
9686;3518;0,000565930956423316355
9686;3528;0,000565930956423316355
9686;3532;0,000565930956423316355
9686;3548;0,000565930956423316355
9686;3551;0,000565930956423316355
9686;3560;0,000565930956423316355
9686;3563;0,000565930956423316355
9686;3567;0,000565930956423316355
9686;3574;0,000565930956423316355
9686;3579;0,000565930956423316355
9686;3586;0,000565930956423316355
9686;3587;0,000565930956423316355
9686;3588;0,000565930956423316355
9686;3590;0,000565930956423316355
9686;3599;0,000565930956423316355
9686;3601;0,000565930956423316355
9686;3610;0,000565930956423316355
9686;3619;0,000565930956423316355
9686;3636;0,000565930956423316355
9686;3642;0,000565930956423316355
9686;3650;0,000565930956423316355
9686;3667;0,000565930956423316355
9686;3671;0,000565930956423316355
9686;3678;0,000565930956423316355
9686;3680;0,000565930956423316355
9686;3694;0,000565930956423316355
9686;3697;0,000565930956423316355
9686;3701;0,000565930956423316355
9686;3704;0,000565930956423316355
9686;3708;0,000565930956423316355
9686;3728;0,000565930956423316355
9686;3731;0,000565930956423316355
9686;3738;0,000565930956423316355
9686;3741;0,000565930956423316355
9686;3776;0,000565930956423316355
9686;3779;0,000565930956423316355
9686;3797;0,000565930956423316355
9686;3798;0,000565930956423316355
9686;3815;0,000565930956423316355
9686;3826;0,000565930956423316355
9686;3829;0,000565930956423316355
9686;3838;0,000565930956423316355
9686;3842;0,000565930956423316355
9686;3852;0,000565930956423316355
9686;3859;0,000565930956423316355
9686;3866;0,000565930956423316355
9686;3867;0,000565930956423316355
9686;3869;0,000565930956423316355
9686;3870;0,000565930956423316355
9686;3871;0,000565930956423316355
9686;3872;0,000565930956423316355
9686;3873;0,000565930956423316355
9686;3879;0,000565930956423316355
9686;3891;0,000565930956423316355
9686;3905;0,000565930956423316355
9686;3940;0,000565930956423316355
9686;3953;0,000565930956423316355
9686;3966;0,000565930956423316355
9686;3971;0,000565930956423316355
9686;3976;0,000565930956423316355
9686;3978;0,000565930956423316355
9686;3980;0,000565930956423316355
9686;3986;0,000565930956423316355
9686;3991;0,000565930956423316355
9686;3992;0,000565930956423316355
9686;3993;0,000565930956423316355
9686;3996;0,000565930956423316355
9686;3998;0,000565930956423316355
9686;4000;0,000565930956423316355
9686;4001;0,000565930956423316355
9686;4004;0,000565930956423316355
9686;4031;0,000565930956423316355
9686;4048;0,000565930956423316355
9686;4058;0,000565930956423316355
9686;4081;0,000565930956423316355
9686;4086;0,000565930956423316355
9686;4089;0,000565930956423316355
9686;4090;0,000565930956423316355
9686;4091;0,000565930956423316355
9686;4098;0,000565930956423316355
9686;4100;0,000565930956423316355
9686;4117;0,000565930956423316355
9686;4131;0,000565930956423316355
9686;4132;0,000565930956423316355
9686;4137;0,000565930956423316355
9686;4145;0,000565930956423316355
9686;4150;0,000565930956423316355
9686;4160;0,000565930956423316355
9686;4172;0,000565930956423316355
9686;4179;0,000565930956423316355
9686;4187;0,000565930956423316355
9686;4197;0,000565930956423316355
9686;4215;0,000565930956423316355
9686;4219;0,000565930956423316355
9686;4222;0,000565930956423316355
9686;4232;0,000565930956423316355
9686;4237;0,000565930956423316355
9686;4240;0,000565930956423316355
9686;4242;0,000565930956423316355
9686;4245;0,000565930956423316355
9686;4247;0,000565930956423316355
9686;4250;0,000565930956423316355
9686;4262;0,000565930956423316355
9686;4268;0,000565930956423316355
9686;4278;0,000565930956423316355
9686;4280;0,000565930956423316355
9686;4281;0,000565930956423316355
9686;4305;0,000565930956423316355
9686;4313;0,000565930956423316355
9686;4334;0,000565930956423316355
9686;4336;0,000565930956423316355
9686;4337;0,000565930956423316355
9686;4345;0,000565930956423316355
9686;4364;0,000565930956423316355
9686;4372;0,000565930956423316355
9686;4374;0,000565930956423316355
9686;4379;0,000565930956423316355
9686;4380;0,000565930956423316355
9686;4386;0,000565930956423316355
9686;4398;0,000565930956423316355
9686;4421;0,000565930956423316355
9686;4440;0,000565930956423316355
9686;4476;0,000565930956423316355
9686;4486;0,000565930956423316355
9686;4491;0,000565930956423316355
9686;4493;0,000565930956423316355
9686;4500;0,000565930956423316355
9686;4501;0,000565930956423316355
9686;4518;0,000565930956423316355
9686;4522;0,000565930956423316355
9686;4525;0,000565930956423316355
9686;4533;0,000565930956423316355
9686;4534;0,000565930956423316355
9686;4553;0,000565930956423316355
9686;4561;0,000565930956423316355
9686;4576;0,000565930956423316355
9686;4592;0,000565930956423316355
9686;4603;0,000565930956423316355
9686;4613;0,000565930956423316355
9686;4627;0,000565930956423316355
9686;4647;0,000565930956423316355
9686;4657;0,000565930956423316355
9686;4667;0,000565930956423316355
9686;4692;0,000565930956423316355
9686;4695;0,000565930956423316355
9686;4699;0,000565930956423316355
9686;4728;0,000565930956423316355
9686;4744;0,000565930956423316355
9686;4758;0,000565930956423316355
9686;4765;0,000565930956423316355
9686;4786;0,000565930956423316355
9686;4787;0,000565930956423316355
9686;4794;0,000565930956423316355
9686;4814;0,000565930956423316355
9686;4829;0,000565930956423316355
9686;4831;0,000565930956423316355
9686;4841;0,000565930956423316355
9686;4853;0,000565930956423316355
9686;4860;0,000565930956423316355
9686;4874;0,000565930956423316355
9686;4877;0,000565930956423316355
9686;4881;0,000565930956423316355
9686;4931;0,000565930956423316355
9686;4933;0,000565930956423316355
9686;4938;0,000565930956423316355
9686;4976;0,000565930956423316355
9686;4991;0,000565930956423316355
9686;4992;0,000565930956423316355
9686;4993;0,000565930956423316355
9686;4994;0,000565930956423316355
9686;4997;0,000565930956423316355
9686;4999;0,000565930956423316355
9686;5000;0,000565930956423316355
9686;5001;0,000565930956423316355
9686;5003;0,000565930956423316355
9686;5004;0,000565930956423316355
9686;5005;0,000565930956423316355
9686;5006;0,000565930956423316355
9686;5007;0,000565930956423316355
9686;5008;0,000565930956423316355
9686;5009;0,000565930956423316355
9686;5010;0,000565930956423316355
9686;5011;0,000565930956423316355
9686;5012;0,000565930956423316355
9686;5013;0,000565930956423316355
9686;5014;0,000565930956423316355
9686;5016;0,000565930956423316355
9686;5017;0,000565930956423316355
9686;5018;0,000565930956423316355
9686;5019;0,000565930956423316355
9686;5037;0,000565930956423316355
9686;5042;0,000565930956423316355
9686;5054;0,000565930956423316355
9686;5083;0,000565930956423316355
9686;5088;0,000565930956423316355
9686;5119;0,000565930956423316355
9686;5155;0,000565930956423316355
9686;5158;0,000565930956423316355
9686;5163;0,000565930956423316355
9686;5167;0,000565930956423316355
9686;5172;0,000565930956423316355
9686;5175;0,000565930956423316355
9686;5177;0,000565930956423316355
9686;5212;0,000565930956423316355
9686;5218;0,000565930956423316355
9686;5219;0,000565930956423316355
9686;5223;0,000565930956423316355
9686;5227;0,000565930956423316355
9686;5245;0,000565930956423316355
9686;5257;0,000565930956423316355
9686;5262;0,000565930956423316355
9686;5306;0,000565930956423316355
9686;5332;0,000565930956423316355
9686;5338;0,000565930956423316355
9686;5349;0,000565930956423316355
9686;5354;0,000565930956423316355
9686;5363;0,000565930956423316355
9686;5373;0,000565930956423316355
9686;5380;0,000565930956423316355
9686;5392;0,000565930956423316355
9686;5396;0,000565930956423316355
9686;5415;0,000565930956423316355
9686;5430;0,000565930956423316355
9686;5437;0,000565930956423316355
9686;5438;0,000565930956423316355
9686;5439;0,000565930956423316355
9686;5442;0,000565930956423316355
9686;5443;0,000565930956423316355
9686;5444;0,000565930956423316355
9686;5445;0,000565930956423316355
9686;5449;0,000565930956423316355
9686;5457;0,000565930956423316355
9686;5459;0,000565930956423316355
9686;5470;0,000565930956423316355
9686;5478;0,000565930956423316355
9686;5481;0,000565930956423316355
9686;5484;0,000565930956423316355
9686;5487;0,000565930956423316355
9686;5511;0,000565930956423316355
9686;5513;0,000565930956423316355
9686;5519;0,000565930956423316355
9686;5522;0,000565930956423316355
9686;5536;0,000565930956423316355
9686;5557;0,000565930956423316355
9686;5571;0,000565930956423316355
9686;5576;0,000565930956423316355
9686;5591;0,000565930956423316355
9686;5597;0,000565930956423316355
9686;5612;0,000565930956423316355
9686;5626;0,000565930956423316355
9686;5629;0,000565930956423316355
9686;5632;0,000565930956423316355
9686;5654;0,000565930956423316355
9686;5659;0,000565930956423316355
9686;5682;0,000565930956423316355
9686;5698;0,000565930956423316355
9686;5783;0,000565930956423316355
9686;5789;0,000565930956423316355
9686;5790;0,000565930956423316355
9686;5800;0,000565930956423316355
9686;5851;0,000565930956423316355
9686;5869;0,000565930956423316355
9686;5909;0,000565930956423316355
9686;5915;0,000565930956423316355
9686;5918;0,000565930956423316355
9686;5921;0,000565930956423316355
9686;5933;0,000565930956423316355
9686;5960;0,000565930956423316355
9686;5991;0,000565930956423316355
9686;6000;0,000565930956423316355
9686;6006;0,000565930956423316355
9686;6007;0,000565930956423316355
9686;6008;0,000565930956423316355
9686;6105;0,000565930956423316355
9686;6113;0,000565930956423316355
9686;6130;0,000565930956423316355
9686;6144;0,000565930956423316355
9686;6201;0,000565930956423316355
9686;6203;0,000565930956423316355
9686;6221;0,000565930956423316355
9686;6250;0,000565930956423316355
9686;6262;0,000565930956423316355
9686;6297;0,000565930956423316355
9686;6300;0,000565930956423316355
9686;6320;0,000565930956423316355
9686;6342;0,000565930956423316355
9686;6347;0,000565930956423316355
9686;6349;0,000565930956423316355
9686;6372;0,000565930956423316355
9686;6419;0,000565930956423316355
9686;6461;0,000565930956423316355
9686;6472;0,000565930956423316355
9686;6496;0,000565930956423316355
9686;6497;0,000565930956423316355
9686;6499;0,000565930956423316355
9686;6501;0,000565930956423316355
9686;6502;0,000565930956423316355
9686;6506;0,000565930956423316355
9686;6513;0,000565930956423316355
9686;6514;0,000565930956423316355
9686;6515;0,000565930956423316355
9686;6522;0,000565930956423316355
9686;6523;0,000565930956423316355
9686;6524;0,000565930956423316355
9686;6527;0,000565930956423316355
9686;6532;0,000565930956423316355
9686;6543;0,000565930956423316355
9686;6557;0,000565930956423316355
9686;6567;0,000565930956423316355
9686;6581;0,000565930956423316355
9686;6641;0,000565930956423316355
9686;6643;0,000565930956423316355
9686;6664;0,001697792869269949066
9686;6673;0,000565930956423316355
9686;6701;0,000565930956423316355
9686;6734;0,000565930956423316355
9686;6739;0,000565930956423316355
9686;6800;0,000565930956423316355
9686;6856;0,000565930956423316355
9686;6892;0,000565930956423316355
9686;6915;0,000565930956423316355
9686;6918;0,000565930956423316355
9686;6923;0,000565930956423316355
9686;6940;0,000565930956423316355
9686;6955;0,000565930956423316355
9686;6960;0,000565930956423316355
9686;6991;0,000565930956423316355
9686;6992;0,000565930956423316355
9686;6994;0,000565930956423316355
9686;6997;0,000565930956423316355
9686;7005;0,000565930956423316355
9686;7015;0,000565930956423316355
9686;7037;0,000565930956423316355
9686;7057;0,000565930956423316355
9686;7072;0,000565930956423316355
9686;7095;0,000565930956423316355
9686;7139;0,000565930956423316355
9686;7160;0,000565930956423316355
9686;7168;0,000565930956423316355
9686;7215;0,000565930956423316355
9686;7221;0,000565930956423316355
9686;7281;0,000565930956423316355
9686;7301;0,000565930956423316355
9686;7322;0,000565930956423316355
9686;7334;0,000565930956423316355
9686;7416;0,000565930956423316355
9686;7478;0,000565930956423316355
9686;7480;0,000565930956423316355
9686;7521;0,000565930956423316355
9686;7532;0,000565930956423316355
9686;7560;0,000565930956423316355
9686;7571;0,000565930956423316355
9686;7572;0,000565930956423316355
9686;7585;0,000565930956423316355
9686;7624;0,000565930956423316355
9686;7630;0,000565930956423316355
9686;7648;0,000565930956423316355
9686;7650;0,000565930956423316355
9686;7660;0,000565930956423316355
9686;7694;0,000565930956423316355
9686;7699;0,000565930956423316355
9686;7701;0,000565930956423316355
9686;7711;0,000565930956423316355
9686;7716;0,000565930956423316355
9686;7748;0,000565930956423316355
9686;7756;0,000565930956423316355
9686;7759;0,000565930956423316355
9686;7762;0,000565930956423316355
9686;7765;0,000565930956423316355
9686;7767;0,000565930956423316355
9686;7780;0,000565930956423316355
9686;7793;0,000565930956423316355
9686;7802;0,000565930956423316355
9686;7873;0,000565930956423316355
9686;7874;0,000565930956423316355
9686;7882;0,000565930956423316355
9686;7906;0,000565930956423316355
9686;7914;0,000565930956423316355
9686;7920;0,000565930956423316355
9686;7939;0,000565930956423316355
9686;7941;0,000565930956423316355
9686;7954;0,000565930956423316355
9686;7968;0,000565930956423316355
9686;7983;0,000565930956423316355
9686;7994;0,000565930956423316355
9686;8000;0,000565930956423316355
9686;8003;0,000565930956423316355
9686;8013;0,000565930956423316355
9686;8022;0,000565930956423316355
9686;8056;0,000565930956423316355
9686;8081;0,000565930956423316355
9686;8143;0,000565930956423316355
9686;8156;0,000565930956423316355
9686;8200;0,000565930956423316355
9686;8202;0,000565930956423316355
9686;8223;0,000565930956423316355
9686;8268;0,000565930956423316355
9686;8293;0,000565930956423316355
9686;8361;0,000565930956423316355
9686;8372;0,000565930956423316355
9686;8381;0,000565930956423316355
9686;8396;0,000565930956423316355
9686;8435;0,000565930956423316355
9686;8438;0,000565930956423316355
9686;8439;0,000565930956423316355
9686;8442;0,000565930956423316355
9686;8446;0,000565930956423316355
9686;8448;0,000565930956423316355
9686;8449;0,000565930956423316355
9686;8450;0,000565930956423316355
9686;8455;0,000565930956423316355
9686;8457;0,000565930956423316355
9686;8460;0,000565930956423316355
9686;8461;0,000565930956423316355
9686;8467;0,000565930956423316355
9686;8468;0,000565930956423316355
9686;8470;0,000565930956423316355
9686;8473;0,000565930956423316355
9686;8475;0,000565930956423316355
9686;8476;0,000565930956423316355
9686;8477;0,000565930956423316355
9686;8480;0,000565930956423316355
9686;8500;0,000565930956423316355
9686;8512;0,000565930956423316355
9686;8516;0,000565930956423316355
9686;8525;0,000565930956423316355
9686;8566;0,000565930956423316355
9686;8568;0,000565930956423316355
9686;8580;0,000565930956423316355
9686;8590;0,001131861912846632710
9686;8623;0,000565930956423316355
9686;8635;0,000565930956423316355
9686;8666;0,000565930956423316355
9686;8671;0,000565930956423316355
9686;8687;0,000565930956423316355
9686;8698;0,000565930956423316355
9686;8702;0,000565930956423316355
9686;8723;0,000565930956423316355
9686;8738;0,000565930956423316355
9686;8756;0,000565930956423316355
9686;8786;0,000565930956423316355
9686;8787;0,000565930956423316355
9686;8805;0,000565930956423316355
9686;8820;0,000565930956423316355
9686;8824;0,000565930956423316355
9686;8889;0,000565930956423316355
9686;8957;0,000565930956423316355
9686;8985;0,000565930956423316355
9686;9015;0,000565930956423316355
9686;9019;0,000565930956423316355
9686;9026;0,000565930956423316355
9686;9065;0,000565930956423316355
9686;9066;0,000565930956423316355
9686;9067;0,000565930956423316355
9686;9068;0,000565930956423316355
9686;9069;0,000565930956423316355
9686;9098;0,000565930956423316355
9686;9106;0,000565930956423316355
9686;9110;0,000565930956423316355
9686;9112;0,000565930956423316355
9686;9184;0,000565930956423316355
9686;9194;0,000565930956423316355
9686;9196;0,000565930956423316355
9686;9212;0,000565930956423316355
9686;9217;0,000565930956423316355
9686;9226;0,000565930956423316355
9686;9258;0,000565930956423316355
9686;9261;0,000565930956423316355
9686;9288;0,000565930956423316355
9686;9296;0,000565930956423316355
9686;9300;0,000565930956423316355
9686;9309;0,000565930956423316355
9686;9330;0,000565930956423316355
9686;9338;0,000565930956423316355
9686;9350;0,000565930956423316355
9686;9376;0,000565930956423316355
9686;9380;0,000565930956423316355
9686;9381;0,000565930956423316355
9686;9382;0,000565930956423316355
9686;9384;0,000565930956423316355
9686;9386;0,000565930956423316355
9686;9387;0,000565930956423316355
9686;9389;0,000565930956423316355
9686;9390;0,000565930956423316355
9686;9391;0,000565930956423316355
9686;9392;0,000565930956423316355
9686;9393;0,000565930956423316355
9686;9395;0,000565930956423316355
9686;9398;0,000565930956423316355
9686;9399;0,000565930956423316355
9686;9400;0,000565930956423316355
9686;9401;0,000565930956423316355
9686;9402;0,000565930956423316355
9686;9403;0,000565930956423316355
9686;9404;0,000565930956423316355
9686;9406;0,000565930956423316355
9686;9407;0,000565930956423316355
9686;9408;0,000565930956423316355
9686;9409;0,000565930956423316355
9686;9410;0,000565930956423316355
9686;9411;0,000565930956423316355
9686;9412;0,000565930956423316355
9686;9413;0,000565930956423316355
9686;9414;0,000565930956423316355
9686;9415;0,000565930956423316355
9686;9417;0,000565930956423316355
9686;9418;0,000565930956423316355
9686;9422;0,000565930956423316355
9686;9423;0,000565930956423316355
9686;9424;0,000565930956423316355
9686;9430;0,000565930956423316355
9686;9431;0,000565930956423316355
9686;9432;0,000565930956423316355
9686;9433;0,000565930956423316355
9686;9434;0,000565930956423316355
9686;9436;0,000565930956423316355
9686;9437;0,000565930956423316355
9686;9438;0,000565930956423316355
9686;9441;0,000565930956423316355
9686;9442;0,000565930956423316355
9686;9481;0,000565930956423316355
9686;9482;0,000565930956423316355
9686;9483;0,000565930956423316355
9686;9506;0,000565930956423316355
9686;9514;0,000565930956423316355
9686;9615;0,000565930956423316355
9686;9618;0,000565930956423316355
9686;9622;0,000565930956423316355
9686;9627;0,000565930956423316355
9686;9643;0,000565930956423316355
9686;9718;0,000565930956423316355
9686;9719;0,000565930956423316355
9686;9720;0,000565930956423316355
9686;9721;0,000565930956423316355
9686;9722;0,000565930956423316355
9686;9723;0,000565930956423316355
9686;9725;0,000565930956423316355
9686;9726;0,000565930956423316355
9686;9727;0,000565930956423316355
9686;9729;0,000565930956423316355
9686;9730;0,000565930956423316355
9686;9824;0,000565930956423316355
9686;9905;0,000565930956423316355
9686;9955;0,000565930956423316355
9686;9960;0,000565930956423316355
9686;9992;0,000565930956423316355
9686;10019;0,000565930956423316355
9686;10021;0,000565930956423316355
9686;10067;0,000565930956423316355
9686;10093;0,000565930956423316355
9686;10103;0,000565930956423316355
9686;10175;0,000565930956423316355
9686;10176;0,000565930956423316355
9686;10177;0,000565930956423316355
9686;10178;0,000565930956423316355
9686;10179;0,000565930956423316355
9686;10197;0,000565930956423316355
9686;10255;0,000565930956423316355
9686;10298;0,000565930956423316355
9686;10338;0,000565930956423316355
9686;10341;0,000565930956423316355
9686;10381;0,000565930956423316355
9686;10409;0,000565930956423316355
9686;10435;0,000565930956423316355
9686;10480;0,000565930956423316355
9686;10523;0,000565930956423316355
9686;10592;0,000565930956423316355
9686;10595;0,000565930956423316355
9686;10602;0,000565930956423316355
9686;10606;0,000565930956423316355
9686;10640;0,000565930956423316355
9686;10724;0,000565930956423316355
9686;10744;0,000565930956423316355
9686;10763;0,000565930956423316355
9686;10860;0,000565930956423316355
9686;10941;0,000565930956423316355
9686;10946;0,000565930956423316355
9686;11004;0,000565930956423316355
9686;11014;0,000565930956423316355
9686;11138;0,000565930956423316355
9686;11229;0,000565930956423316355
9686;11230;0,000565930956423316355
9686;11235;0,000565930956423316355
9686;11369;0,000565930956423316355
9686;11465;0,000565930956423316355
9686;11527;0,000565930956423316355
9686;11534;0,000565930956423316355
9686;11552;0,000565930956423316355
9686;11656;0,000565930956423316355
9686;11675;0,000565930956423316355
9686;11695;0,000565930956423316355
9686;11734;0,000565930956423316355
9686;11826;0,000565930956423316355
9686;11890;0,000565930956423316355
9686;11921;0,000565930956423316355
9686;12119;0,000565930956423316355
9686;12165;0,000565930956423316355
9686;12247;0,000565930956423316355
9686;12339;0,000565930956423316355
9686;12356;0,000565930956423316355
9686;12385;0,000565930956423316355
9686;12428;0,000565930956423316355
9686;12429;0,000565930956423316355
9686;12430;0,000565930956423316355
9686;12431;0,000565930956423316355
9686;12432;0,000565930956423316355
9686;12433;0,000565930956423316355
9686;12435;0,000565930956423316355
9686;12436;0,000565930956423316355
9686;12439;0,000565930956423316355
9686;12441;0,000565930956423316355
9686;12442;0,000565930956423316355
9686;12443;0,000565930956423316355
9686;12489;0,000565930956423316355
9686;12497;0,000565930956423316355
9686;12572;0,000565930956423316355
9686;12577;0,000565930956423316355
9686;12596;0,000565930956423316355
9686;12670;0,000565930956423316355
9686;12698;0,000565930956423316355
9686;12755;0,000565930956423316355
9686;12761;0,000565930956423316355
9686;12762;0,000565930956423316355
9686;12763;0,000565930956423316355
9686;12764;0,000565930956423316355
9686;12765;0,000565930956423316355
9686;12766;0,000565930956423316355
9686;12767;0,000565930956423316355
9686;12769;0,000565930956423316355
9686;12770;0,000565930956423316355
9686;12771;0,000565930956423316355
9686;12772;0,000565930956423316355
9686;12805;0,000565930956423316355
9686;12820;0,000565930956423316355
9686;12826;0,000565930956423316355
9686;12865;0,000565930956423316355
9686;12936;0,000565930956423316355
9686;12938;0,000565930956423316355
9686;13048;0,000565930956423316355
9686;13095;0,000565930956423316355
9686;13141;0,000565930956423316355
9686;13158;0,000565930956423316355
9686;13178;0,000565930956423316355
9686;13179;0,000565930956423316355
9686;13200;0,000565930956423316355
9686;13201;0,000565930956423316355
9686;13239;0,000565930956423316355
9686;13294;0,000565930956423316355
9686;13329;0,000565930956423316355
9686;13360;0,000565930956423316355
9686;13472;0,000565930956423316355
9686;13476;0,000565930956423316355
9686;13502;0,000565930956423316355
9686;13504;0,000565930956423316355
9686;13579;0,000565930956423316355
9686;13580;0,000565930956423316355
9686;13581;0,000565930956423316355
9686;13599;0,000565930956423316355
9686;13622;0,000565930956423316355
9686;13642;0,000565930956423316355
9686;13644;0,000565930956423316355
9686;13670;0,000565930956423316355
9686;13671;0,000565930956423316355
9686;13673;0,000565930956423316355
9686;13675;0,000565930956423316355
9686;13676;0,000565930956423316355
9686;13692;0,000565930956423316355
9686;13720;0,000565930956423316355
9686;13721;0,000565930956423316355
9686;13809;0,000565930956423316355
9686;13850;0,000565930956423316355
9686;13899;0,000565930956423316355
9686;13907;0,000565930956423316355
9686;14013;0,000565930956423316355
9686;14048;0,001131861912846632710
9686;14050;0,000565930956423316355
9686;14069;0,000565930956423316355
9686;14072;0,000565930956423316355
9686;14125;0,000565930956423316355
9686;14179;0,000565930956423316355
9686;14184;0,000565930956423316355
9686;14266;0,001131861912846632710
9686;14323;0,000565930956423316355
9686;14526;0,000565930956423316355
9686;14602;0,000565930956423316355
9686;14652;0,000565930956423316355
9686;14653;0,000565930956423316355
9686;14683;0,000565930956423316355
9686;14733;0,000565930956423316355
9686;14803;0,000565930956423316355
9686;14881;0,000565930956423316355
9686;14907;0,000565930956423316355
9686;15331;0,000565930956423316355
9686;15471;0,000565930956423316355
9686;15586;0,000565930956423316355
9686;15682;0,000565930956423316355
9686;15686;0,000565930956423316355
9686;15721;0,000565930956423316355
9686;15726;0,000565930956423316355
9686;15762;0,000565930956423316355
9686;15860;0,000565930956423316355
9686;15863;0,000565930956423316355
9686;15866;0,000565930956423316355
9686;15867;0,000565930956423316355
9686;15888;0,000565930956423316355
9686;15895;0,000565930956423316355
9686;15944;0,000565930956423316355
9686;16112;0,000565930956423316355
9686;16280;0,000565930956423316355
9686;16647;0,000565930956423316355
9686;16648;0,000565930956423316355
9686;16649;0,000565930956423316355
9686;16651;0,000565930956423316355
9686;16652;0,000565930956423316355
9686;16653;0,000565930956423316355
9686;16654;0,000565930956423316355
9686;16655;0,000565930956423316355
9686;16656;0,000565930956423316355
9686;16657;0,000565930956423316355
9686;16658;0,000565930956423316355
9686;16659;0,000565930956423316355
9686;16660;0,000565930956423316355
9686;16661;0,000565930956423316355
9686;16662;0,000565930956423316355
9686;16663;0,000565930956423316355
9686;16664;0,000565930956423316355
9686;16665;0,000565930956423316355
9686;16666;0,000565930956423316355
9686;16748;0,000565930956423316355
9686;16815;0,000565930956423316355
9686;16873;0,000565930956423316355
9686;16880;0,000565930956423316355
9686;16937;0,000565930956423316355
9686;16994;0,000565930956423316355
9686;17260;0,000565930956423316355
9686;17262;0,000565930956423316355
9686;17266;0,000565930956423316355
9686;17267;0,000565930956423316355
9686;17270;0,000565930956423316355
9686;17272;0,000565930956423316355
9686;17281;0,000565930956423316355
9686;17352;0,000565930956423316355
9686;17596;0,000565930956423316355
9686;17677;0,000565930956423316355
9686;17762;0,000565930956423316355
9686;17773;0,000565930956423316355
9686;17888;0,000565930956423316355
9686;17954;0,000565930956423316355
9686;18145;0,000565930956423316355
9686;18149;0,000565930956423316355
9686;18251;0,000565930956423316355
9686;18276;0,000565930956423316355
9686;18300;0,000565930956423316355
9686;18396;0,000565930956423316355
9686;18517;0,000565930956423316355
9686;18525;0,000565930956423316355
9686;18592;0,000565930956423316355
9686;18622;0,000565930956423316355
9686;19187;0,000565930956423316355
9686;19188;0,000565930956423316355
9686;19189;0,000565930956423316355
9686;19190;0,000565930956423316355
9686;19192;0,000565930956423316355
9686;19200;0,000565930956423316355
9686;19328;0,000565930956423316355
9686;19391;0,000565930956423316355
9686;19402;0,000565930956423316355
9686;19627;0,000565930956423316355
9686;19707;0,000565930956423316355
9686;19726;0,000565930956423316355
9686;19734;0,000565930956423316355
9686;20307;0,000565930956423316355
9686;20403;0,000565930956423316355
9686;20436;0,000565930956423316355
9686;20474;0,000565930956423316355
9686;20853;0,000565930956423316355
9686;20969;0,000565930956423316355
9686;21159;0,000565930956423316355
9686;21161;0,000565930956423316355
9686;21206;0,000565930956423316355
9686;21331;0,000565930956423316355
9686;21374;0,000565930956423316355
9686;21502;0,000565930956423316355
9686;21507;0,000565930956423316355
9686;21512;0,000565930956423316355
9686;21592;0,000565930956423316355
9686;22211;0,000565930956423316355
9686;22298;0,000565930956423316355
9686;22534;0,000565930956423316355
9686;22702;0,000565930956423316355
9686;22708;0,000565930956423316355
9686;22864;0,000565930956423316355
9686;22880;0,000565930956423316355
9686;22893;0,000565930956423316355
9686;23071;0,000565930956423316355
9686;23180;0,000565930956423316355
9686;23228;0,000565930956423316355
9686;23561;0,000565930956423316355
9686;23562;0,000565930956423316355
9686;23563;0,000565930956423316355
9686;23564;0,000565930956423316355
9686;23930;0,000565930956423316355
9686;24099;0,000565930956423316355
9686;24769;0,000565930956423316355
9686;25205;0,000565930956423316355
9686;25221;0,000565930956423316355
9686;25223;0,000565930956423316355
9686;25224;0,000565930956423316355
9686;25225;0,000565930956423316355
9686;25226;0,000565930956423316355
9686;25229;0,000565930956423316355
9686;25264;0,000565930956423316355
9686;25272;0,000565930956423316355
9686;25488;0,000565930956423316355
9686;25861;0,000565930956423316355
9686;25905;0,000565930956423316355
9686;26149;0,000565930956423316355
9686;26386;0,000565930956423316355
9686;26479;0,000565930956423316355
9686;27063;0,000565930956423316355
9686;27064;0,000565930956423316355
9686;27065;0,000565930956423316355
9686;27066;0,000565930956423316355
9686;27067;0,000565930956423316355
9686;27170;0,000565930956423316355
9686;27239;0,000565930956423316355
9686;27309;0,000565930956423316355
9686;27357;0,000565930956423316355
9686;27369;0,000565930956423316355
9686;27453;0,000565930956423316355
9686;27474;0,000565930956423316355
9686;27517;0,000565930956423316355
9686;27522;0,000565930956423316355
9686;27630;0,000565930956423316355
9686;27708;0,000565930956423316355
9686;27710;0,000565930956423316355
9686;27715;0,000565930956423316355
9686;27719;0,000565930956423316355
9686;27731;0,000565930956423316355
9686;27751;0,000565930956423316355
9686;27795;0,000565930956423316355
9686;27810;0,000565930956423316355
9686;27811;0,000565930956423316355
9686;27815;0,000565930956423316355
9686;27823;0,000565930956423316355
9686;27831;0,000565930956423316355
9686;27848;0,000565930956423316355
9686;27929;0,000565930956423316355
9686;27930;0,000565930956423316355
9686;27931;0,000565930956423316355
9686;27936;0,000565930956423316355
9686;27944;0,000565930956423316355
9686;27946;0,000565930956423316355
9686;27947;0,000565930956423316355
9686;27949;0,000565930956423316355
9686;27950;0,000565930956423316355
9686;27951;0,000565930956423316355
9686;27952;0,000565930956423316355
9686;27953;0,000565930956423316355
9686;27957;0,000565930956423316355
9686;27959;0,000565930956423316355
9686;27962;0,000565930956423316355
9686;27963;0,000565930956423316355
9686;27965;0,000565930956423316355
9686;27966;0,000565930956423316355
9686;27967;0,000565930956423316355
9686;27968;0,000565930956423316355
9686;27971;0,000565930956423316355
9686;27973;0,000565930956423316355
9686;27976;0,000565930956423316355
9686;27978;0,000565930956423316355
9686;28009;0,000565930956423316355
9686;28010;0,000565930956423316355
9686;28013;0,000565930956423316355
9686;28014;0,000565930956423316355
9686;28017;0,000565930956423316355
9686;28018;0,000565930956423316355
9686;28019;0,000565930956423316355
9686;28021;0,000565930956423316355
9686;28023;0,000565930956423316355
9686;28027;0,000565930956423316355
9686;28028;0,000565930956423316355
9686;28029;0,000565930956423316355
9686;28030;0,000565930956423316355
9686;28031;0,000565930956423316355
9686;28032;0,000565930956423316355
9686;28048;0,000565930956423316355
9686;28049;0,000565930956423316355
9686;28078;0,000565930956423316355
9686;28112;0,000565930956423316355
9686;28157;0,000565930956423316355
9686;28183;0,000565930956423316355
9686;28184;0,000565930956423316355
9686;28185;0,000565930956423316355
9686;28187;0,000565930956423316355
9686;28189;0,000565930956423316355
9686;28194;0,000565930956423316355
9686;28195;0,000565930956423316355
9686;28200;0,000565930956423316355
9686;28202;0,000565930956423316355
9686;28210;0,000565930956423316355
9686;28212;0,000565930956423316355
9686;28232;0,000565930956423316355
9686;28337;0,000565930956423316355
9686;28339;0,000565930956423316355
9686;28344;0,000565930956423316355
9686;28346;0,000565930956423316355
9686;28357;0,000565930956423316355
9686;28366;0,000565930956423316355
9686;28385;0,000565930956423316355
9686;28408;0,000565930956423316355
9686;28420;0,000565930956423316355
9686;28422;0,000565930956423316355
9686;28447;0,000565930956423316355
9686;28460;0,000565930956423316355
9686;28464;0,000565930956423316355
9686;28465;0,000565930956423316355
9686;28475;0,000565930956423316355
9686;28532;0,000565930956423316355
9686;28538;0,000565930956423316355
9686;28549;0,000565930956423316355
9686;28550;0,000565930956423316355
9686;28600;0,000565930956423316355
9686;28607;0,000565930956423316355
9686;28632;0,000565930956423316355
9686;28647;0,000565930956423316355
9686;28651;0,000565930956423316355
9686;28657;0,000565930956423316355
9686;28716;0,000565930956423316355
9686;28720;0,000565930956423316355
9686;28731;0,000565930956423316355
9686;28777;0,000565930956423316355
9686;28834;0,000565930956423316355
9686;28835;0,000565930956423316355
9686;28836;0,000565930956423316355
9686;28838;0,000565930956423316355
9686;28839;0,000565930956423316355
9686;28840;0,000565930956423316355
9686;28848;0,000565930956423316355
9686;28851;0,000565930956423316355
9686;28853;0,000565930956423316355
9686;28859;0,000565930956423316355
9686;28867;0,000565930956423316355
9686;28894;0,000565930956423316355
9686;28931;0,000565930956423316355
9686;28932;0,000565930956423316355
9686;28934;0,000565930956423316355
9686;28936;0,000565930956423316355
9686;30063;0,000565930956423316355
9686;30811;0,000565930956423316355
9686;32097;0,000565930956423316355
9686;37183;0,000565930956423316355
9686;37811;0,000565930956423316355
9686;37815;0,000565930956423316355
9686;38738;0,000565930956423316355
9686;40468;0,000565930956423316355
9686;41556;0,000565930956423316355
9686;42210;0,000565930956423316355
9686;45718;0,000565930956423316355
9686;45724;0,000565930956423316355
9686;47352;0,000565930956423316355
9686;49933;0,000565930956423316355
9686;50332;0,000565930956423316355
9686;50905;0,000565930956423316355
9686;50959;0,000565930956423316355
9686;52792;0,000565930956423316355
9686;54774;0,000565930956423316355
9686;54879;0,000565930956423316355
9686;55041;0,000565930956423316355
9686;72209;0,000565930956423316355
9686;76428;0,000565930956423316355
9686;81648;0,000565930956423316355
9686;82193;0,000565930956423316355
9686;90666;0,000565930956423316355
9686;95154;0,000565930956423316355
9686;99942;0,000565930956423316355
9686;105800;0,000565930956423316355
9686;151929;0,000565930956423316355
9686;173893;0,000565930956423316355
9686;184987;0,000565930956423316355
9686;267368;0,000565930956423316355
9686;319841;0,000565930956423316355
9686;383066;0,000565930956423316355
9686;417794;0,000565930956423316355
9686;440497;0,000565930956423316355
9686;491898;0,000565930956423316355
9686;491902;0,000565930956423316355
9707;189;1,000000000000000000000
9720;738;0,666666666666666666666
9720;9668;0,333333333333333333333
9721;522;0,333333333333333333333
9721;1600;0,333333333333333333333
9721;9729;0,333333333333333333333
9722;1227;0,500000000000000000000
9722;9729;0,500000000000000000000
9726;273;1,000000000000000000000
9730;956;1,000000000000000000000
9762;612;0,400000000000000000000
9762;3791;0,100000000000000000000
9762;3811;0,100000000000000000000
9762;4307;0,100000000000000000000
9762;6788;0,100000000000000000000
9762;6913;0,100000000000000000000
9762;12159;0,100000000000000000000
9807;960;0,166666666666666666666
9807;1044;0,083333333333333333333
9807;2503;0,083333333333333333333
9807;2779;0,083333333333333333333
9807;2780;0,083333333333333333333
9807;3142;0,166666666666666666666
9807;5530;0,083333333333333333333
9807;9418;0,083333333333333333333
9807;9434;0,083333333333333333333
9807;12098;0,083333333333333333333
9831;1164;1,000000000000000000000
9832;1164;0,500000000000000000000
9832;3393;0,500000000000000000000
9846;754;0,500000000000000000000
9846;1100;0,500000000000000000000
9940;3791;1,000000000000000000000
9941;287;1,000000000000000000000
9951;174;1,000000000000000000000
9960;3197;1,000000000000000000000
9968;2487;1,000000000000000000000
9992;4794;1,000000000000000000000
10020;861;0,125000000000000000000
10020;1271;0,125000000000000000000
10020;1448;0,250000000000000000000
10020;1570;0,125000000000000000000
10020;2009;0,250000000000000000000
10020;3045;0,125000000000000000000
10080;6045;1,000000000000000000000
10084;2598;1,000000000000000000000
10085;1824;1,000000000000000000000
10093;3359;0,500000000000000000000
10093;7626;0,500000000000000000000
10103;3284;1,000000000000000000000
10165;882;1,000000000000000000000
10175;4081;1,000000000000000000000
10255;608;0,500000000000000000000
10255;2543;0,500000000000000000000
10298;2287;1,000000000000000000000
10338;40;0,052631578947368421052
10338;1192;0,052631578947368421052
10338;1429;0,052631578947368421052
10338;1785;0,052631578947368421052
10338;2080;0,052631578947368421052
10338;2083;0,105263157894736842105
10338;2125;0,052631578947368421052
10338;4621;0,263157894736842105263
10338;8003;0,052631578947368421052
10338;9668;0,052631578947368421052
10338;25488;0,052631578947368421052
10338;40961;0,052631578947368421052
10338;90666;0,052631578947368421052
10338;357817;0,052631578947368421052
10359;360;1,000000000000000000000
10595;529;0,500000000000000000000
10595;140014;0,500000000000000000000
10602;351;1,000000000000000000000
10630;65998;1,000000000000000000000
10649;90;1,000000000000000000000
10658;9356;1,000000000000000000000
10682;837;1,000000000000000000000
10823;8489;1,000000000000000000000
10860;288;0,250000000000000000000
10860;2678;0,250000000000000000000
10860;3618;0,250000000000000000000
10860;5915;0,250000000000000000000
10892;2865;0,333333333333333333333
10892;3251;0,666666666666666666666
10926;349;0,400000000000000000000
10926;2594;0,400000000000000000000
10926;276780;0,200000000000000000000
10941;27269;1,000000000000000000000
10946;192;0,222222222222222222222
10946;3296;0,222222222222222222222
10946;3591;0,111111111111111111111
10946;5219;0,111111111111111111111
10946;5564;0,333333333333333333333
11229;669;0,250000000000000000000
11229;1186;0,250000000000000000000
11229;2506;0,250000000000000000000
11229;4245;0,250000000000000000000
11249;4993;1,000000000000000000000
11330;4244;1,000000000000000000000
11382;853;0,500000000000000000000
11382;2520;0,500000000000000000000
11427;2195;0,333333333333333333333
11427;23886;0,500000000000000000000
11427;497739;0,166666666666666666666
11536;3355;1,000000000000000000000
11552;2075;1,000000000000000000000
11656;3968;0,750000000000000000000
11656;7648;0,250000000000000000000
11680;9158;0,500000000000000000000
11680;129892;0,500000000000000000000
11734;4576;0,500000000000000000000
11734;4629;0,500000000000000000000
11869;617;1,000000000000000000000
11902;4831;0,400000000000000000000
11902;7126;0,600000000000000000000
11999;621;0,250000000000000000000
11999;7564;0,750000000000000000000
12026;4876;1,000000000000000000000
12156;17554;1,000000000000000000000
12333;2594;0,333333333333333333333
12333;6000;0,333333333333333333333
12333;434991;0,333333333333333333333
12356;6151;0,400000000000000000000
12356;6262;0,400000000000000000000
12356;6430;0,200000000000000000000
12362;1600;1,000000000000000000000
12387;2921;1,000000000000000000000
12388;276;0,500000000000000000000
12388;9367;0,500000000000000000000
12389;51102;1,000000000000000000000
12391;2117;0,500000000000000000000
12391;251573;0,500000000000000000000
12418;426;0,500000000000000000000
12418;28752;0,500000000000000000000
12430;2249;0,250000000000000000000
12430;2865;0,750000000000000000000
12433;10306;1,000000000000000000000
12497;1891;0,333333333333333333333
12497;5657;0,333333333333333333333
12497;8928;0,333333333333333333333
12503;934;1,000000000000000000000
12528;28445;1,000000000000000000000
12563;1254;0,333333333333333333333
12563;2435;0,333333333333333333333
12563;14526;0,333333333333333333333
12591;7135;0,500000000000000000000
12591;27584;0,500000000000000000000
12596;4976;1,000000000000000000000
12660;389;0,333333333333333333333
12660;4435;0,666666666666666666666
12664;2664;1,000000000000000000000
12670;17269;1,000000000000000000000
12706;485;0,142857142857142857142
12706;1462;0,428571428571428571428
12706;2509;0,285714285714285714285
12706;2882;0,142857142857142857142
12745;3273;0,500000000000000000000
12745;5245;0,500000000000000000000
12768;853;1,000000000000000000000
12775;2421;1,000000000000000000000
12798;1044;1,000000000000000000000
12876;615;0,166666666666666666666
12876;5142;0,833333333333333333333
12936;385198;1,000000000000000000000
12964;2865;1,000000000000000000000
13026;1263;1,000000000000000000000
13035;5660;1,000000000000000000000
13054;853;1,000000000000000000000
13122;8199;1,000000000000000000000
13141;3212;0,500000000000000000000
13141;12755;0,500000000000000000000
13206;4750;1,000000000000000000000
13236;1206;1,000000000000000000000
13239;28029;1,000000000000000000000
13265;621;0,333333333333333333333
13265;4472;0,333333333333333333333
13265;5444;0,333333333333333333333
13291;1064;1,000000000000000000000
13372;7762;1,000000000000000000000
13396;3390;0,166666666666666666666
13396;5698;0,833333333333333333333
13416;638;1,000000000000000000000
13482;28752;1,000000000000000000000
13504;2001;1,000000000000000000000
13545;866;1,000000000000000000000
13644;5637;1,000000000000000000000
13704;5617;1,000000000000000000000
13713;9226;1,000000000000000000000
13796;576;0,333333333333333333333
13796;1446;0,333333333333333333333
13796;3499;0,333333333333333333333
13799;689;0,500000000000000000000
13799;1254;0,500000000000000000000
13809;739;0,100000000000000000000
13809;1569;0,100000000000000000000
13809;1903;0,100000000000000000000
13809;1913;0,100000000000000000000
13809;5960;0,100000000000000000000
13809;7630;0,100000000000000000000
13809;14266;0,100000000000000000000
13809;16873;0,100000000000000000000
13809;19707;0,100000000000000000000
13809;23228;0,100000000000000000000
13814;266;1,000000000000000000000
13850;1041;0,142857142857142857142
13850;2422;0,428571428571428571428
13850;6673;0,142857142857142857142
13850;16497;0,142857142857142857142
13850;373677;0,142857142857142857142
13886;115;0,666666666666666666666
13886;490;0,333333333333333333333
13899;37;0,111111111111111111111
13899;38;0,111111111111111111111
13899;609;0,111111111111111111111
13899;2543;0,111111111111111111111
13899;2678;0,111111111111111111111
13899;3978;0,111111111111111111111
13899;4091;0,111111111111111111111
13899;5800;0,111111111111111111111
13899;8268;0,111111111111111111111
13907;4206;1,000000000000000000000
14010;945;0,500000000000000000000
14010;7906;0,500000000000000000000
14048;3575;0,600000000000000000000
14048;9686;0,400000000000000000000
14050;573;0,333333333333333333333
14050;689;0,333333333333333333333
14050;2001;0,333333333333333333333
14151;9;0,005000000000000000000
14151;38;0,005000000000000000000
14151;46;0,005000000000000000000
14151;96;0,005000000000000000000
14151;115;0,005000000000000000000
14151;206;0,005000000000000000000
14151;229;0,005000000000000000000
14151;307;0,005000000000000000000
14151;378;0,005000000000000000000
14151;407;0,005000000000000000000
14151;433;0,005000000000000000000
14151;467;0,005000000000000000000
14151;615;0,005000000000000000000
14151;712;0,005000000000000000000
14151;752;0,005000000000000000000
14151;853;0,005000000000000000000
14151;904;0,005000000000000000000
14151;1044;0,005000000000000000000
14151;1121;0,005000000000000000000
14151;1162;0,005000000000000000000
14151;1254;0,005000000000000000000
14151;1274;0,005000000000000000000
14151;1326;0,005000000000000000000
14151;1327;0,005000000000000000000
14151;1329;0,005000000000000000000
14151;1332;0,005000000000000000000
14151;1337;0,005000000000000000000
14151;1419;0,005000000000000000000
14151;1445;0,005000000000000000000
14151;1454;0,005000000000000000000
14151;1549;0,005000000000000000000
14151;1560;0,005000000000000000000
14151;1606;0,005000000000000000000
14151;1676;0,005000000000000000000
14151;1689;0,005000000000000000000
14151;1838;0,005000000000000000000
14151;1910;0,005000000000000000000
14151;2017;0,005000000000000000000
14151;2039;0,005000000000000000000
14151;2041;0,005000000000000000000
14151;2050;0,005000000000000000000
14151;2064;0,005000000000000000000
14151;2066;0,005000000000000000000
14151;2080;0,005000000000000000000
14151;2152;0,005000000000000000000
14151;2156;0,005000000000000000000
14151;2349;0,005000000000000000000
14151;2504;0,005000000000000000000
14151;2607;0,005000000000000000000
14151;2614;0,010000000000000000000
14151;2799;0,005000000000000000000
14151;2830;0,005000000000000000000
14151;3123;0,005000000000000000000
14151;3141;0,005000000000000000000
14151;3158;0,005000000000000000000
14151;3204;0,005000000000000000000
14151;3256;0,005000000000000000000
14151;3323;0,005000000000000000000
14151;3355;0,005000000000000000000
14151;3403;0,005000000000000000000
14151;3418;0,005000000000000000000
14151;3481;0,005000000000000000000
14151;3647;0,005000000000000000000
14151;3648;0,005000000000000000000
14151;3714;0,005000000000000000000
14151;3736;0,005000000000000000000
14151;3766;0,005000000000000000000
14151;3768;0,005000000000000000000
14151;3864;0,005000000000000000000
14151;3983;0,005000000000000000000
14151;4070;0,005000000000000000000
14151;4293;0,010000000000000000000
14151;4526;0,005000000000000000000
14151;4625;0,005000000000000000000
14151;4697;0,005000000000000000000
14151;4720;0,005000000000000000000
14151;4748;0,005000000000000000000
14151;4755;0,005000000000000000000
14151;4979;0,005000000000000000000
14151;5005;0,005000000000000000000
14151;5097;0,005000000000000000000
14151;5144;0,005000000000000000000
14151;5174;0,005000000000000000000
14151;5214;0,005000000000000000000
14151;5250;0,005000000000000000000
14151;5351;0,005000000000000000000
14151;5367;0,005000000000000000000
14151;5601;0,005000000000000000000
14151;5657;0,005000000000000000000
14151;5660;0,005000000000000000000
14151;5831;0,005000000000000000000
14151;5854;0,005000000000000000000
14151;5892;0,005000000000000000000
14151;5922;0,005000000000000000000
14151;6234;0,005000000000000000000
14151;6465;0,005000000000000000000
14151;6604;0,005000000000000000000
14151;6624;0,005000000000000000000
14151;6634;0,005000000000000000000
14151;6828;0,005000000000000000000
14151;7146;0,005000000000000000000
14151;7278;0,005000000000000000000
14151;7328;0,005000000000000000000
14151;7546;0,005000000000000000000
14151;7564;0,005000000000000000000
14151;7586;0,005000000000000000000
14151;7788;0,005000000000000000000
14151;7979;0,005000000000000000000
14151;8044;0,005000000000000000000
14151;8276;0,005000000000000000000
14151;8618;0,005000000000000000000
14151;8730;0,005000000000000000000
14151;8899;0,005000000000000000000
14151;8902;0,005000000000000000000
14151;8933;0,005000000000000000000
14151;9208;0,005000000000000000000
14151;9230;0,005000000000000000000
14151;9371;0,005000000000000000000
14151;9385;0,005000000000000000000
14151;9396;0,005000000000000000000
14151;9405;0,005000000000000000000
14151;9416;0,005000000000000000000
14151;9421;0,005000000000000000000
14151;9681;0,005000000000000000000
14151;9729;0,005000000000000000000
14151;9951;0,005000000000000000000
14151;10000;0,005000000000000000000
14151;10080;0,005000000000000000000
14151;10169;0,005000000000000000000
14151;10649;0,005000000000000000000
14151;10740;0,005000000000000000000
14151;11030;0,005000000000000000000
14151;11213;0,005000000000000000000
14151;11476;0,005000000000000000000
14151;11536;0,005000000000000000000
14151;11999;0,005000000000000000000
14151;12372;0,005000000000000000000
14151;12436;0,005000000000000000000
14151;12798;0,005000000000000000000
14151;12820;0,005000000000000000000
14151;13006;0,005000000000000000000
14151;13291;0,005000000000000000000
14151;13369;0,005000000000000000000
14151;13372;0,005000000000000000000
14151;14073;0,005000000000000000000
14151;14465;0,005000000000000000000
14151;15437;0,005000000000000000000
14151;16644;0,005000000000000000000
14151;17603;0,005000000000000000000
14151;18247;0,005000000000000000000
14151;18258;0,005000000000000000000
14151;19031;0,005000000000000000000
14151;19176;0,005000000000000000000
14151;19177;0,005000000000000000000
14151;20801;0,005000000000000000000
14151;20915;0,005000000000000000000
14151;21396;0,005000000000000000000
14151;21750;0,005000000000000000000
14151;24209;0,005000000000000000000
14151;24536;0,005000000000000000000
14151;26502;0,005000000000000000000
14151;27173;0,005000000000000000000
14151;27286;0,005000000000000000000
14151;27500;0,005000000000000000000
14151;27512;0,005000000000000000000
14151;27837;0,005000000000000000000
14151;27865;0,005000000000000000000
14151;27892;0,005000000000000000000
14151;27893;0,005000000000000000000
14151;28434;0,005000000000000000000
14151;28457;0,005000000000000000000
14151;28463;0,005000000000000000000
14151;28467;0,005000000000000000000
14151;28598;0,005000000000000000000
14151;56195;0,005000000000000000000
14151;83231;0,005000000000000000000
14151;219255;0,005000000000000000000
14151;257158;0,005000000000000000000
14151;257324;0,005000000000000000000
14151;276505;0,005000000000000000000
14151;284854;0,005000000000000000000
14151;284855;0,005000000000000000000
14151;284856;0,005000000000000000000
14151;286660;0,005000000000000000000
14151;308238;0,005000000000000000000
14151;309580;0,005000000000000000000
14151;324897;0,005000000000000000000
14151;325535;0,005000000000000000000
14151;327858;0,005000000000000000000
14151;327859;0,005000000000000000000
14151;329359;0,005000000000000000000
14151;334818;0,005000000000000000000
14151;352262;0,005000000000000000000
14151;359941;0,005000000000000000000
14151;365524;0,005000000000000000000
14151;398786;0,005000000000000000000
14151;409930;0,005000000000000000000
14151;423622;0,005000000000000000000
14266;9686;1,000000000000000000000
14269;853;0,500000000000000000000
14269;2235;0,500000000000000000000
14465;3142;1,000000000000000000000
14841;1227;1,000000000000000000000
14899;4465;1,000000000000000000000
15207;1806;0,666666666666666666666
15207;4293;0,333333333333333333333
15222;383067;1,000000000000000000000
15471;237;0,058823529411764705882
15471;275;0,117647058823529411764
15471;282;0,117647058823529411764
15471;477;0,058823529411764705882
15471;731;0,235294117647058823529
15471;5138;0,058823529411764705882
15471;95154;0,294117647058823529411
15471;173893;0,058823529411764705882
15643;71;0,250000000000000000000
15643;443;0,250000000000000000000
15643;3085;0,250000000000000000000
15643;3607;0,250000000000000000000
15686;2422;1,000000000000000000000
15867;288;0,333333333333333333333
15867;2678;0,166666666666666666666
15867;5915;0,333333333333333333333
15867;9376;0,166666666666666666666
15895;119;0,250000000000000000000
15895;3120;0,750000000000000000000
15975;853;1,000000000000000000000
16076;527;1,000000000000000000000
16487;853;1,000000000000000000000
16497;13850;1,000000000000000000000
16644;911;1,000000000000000000000
16786;3141;1,000000000000000000000
16866;853;1,000000000000000000000
16921;292;0,500000000000000000000
16921;1250;0,500000000000000000000
17047;359941;1,000000000000000000000
17207;3223;1,000000000000000000000
17267;391;1,000000000000000000000
17268;25488;1,000000000000000000000
17269;502;0,200000000000000000000
17269;638;0,200000000000000000000
17269;1521;0,200000000000000000000
17269;3667;0,200000000000000000000
17269;5591;0,200000000000000000000
17270;8223;1,000000000000000000000
17323;960;0,500000000000000000000
17323;4237;0,500000000000000000000
17449;405;1,000000000000000000000
17521;2130;1,000000000000000000000
17549;689;0,500000000000000000000
17549;27674;0,500000000000000000000
17554;37;0,333333333333333333333
17554;609;0,333333333333333333333
17554;1724;0,333333333333333333333
17611;2993;1,000000000000000000000
17620;4355;1,000000000000000000000
17634;1406;0,500000000000000000000
17634;2374;0,500000000000000000000
17677;288;1,000000000000000000000
17762;864;0,250000000000000000000
17762;1020;0,500000000000000000000
17762;5667;0,250000000000000000000
17826;1162;1,000000000000000000000
17930;4039;1,000000000000000000000
18098;8000;1,000000000000000000000
18247;6581;1,000000000000000000000
18258;1676;0,100000000000000000000
18258;5922;0,100000000000000000000
18258;10649;0,100000000000000000000
18258;11213;0,100000000000000000000
18258;287409;0,100000000000000000000
18258;327859;0,100000000000000000000
18258;329359;0,100000000000000000000
18258;333184;0,100000000000000000000
18258;355594;0,100000000000000000000
18258;369262;0,100000000000000000000
18398;4583;0,333333333333333333333
18398;27826;0,333333333333333333333
18398;27831;0,333333333333333333333
18622;7756;1,000000000000000000000
18641;240;0,166666666666666666666
18641;277;0,166666666666666666666
18641;749;0,333333333333333333333
18641;891;0,166666666666666666666
18641;5470;0,166666666666666666666
19031;2150;0,250000000000000000000
19031;7759;0,750000000000000000000
19176;232;1,000000000000000000000
19402;1959;0,500000000000000000000
19402;11004;0,500000000000000000000
20307;1220;0,333333333333333333333
20307;1939;0,333333333333333333333
20307;2422;0,333333333333333333333
20436;3551;1,000000000000000000000
20474;228;1,000000000000000000000
20511;3763;1,000000000000000000000
20664;356;1,000000000000000000000
20666;853;1,000000000000000000000
20969;4280;0,500000000000000000000
20969;6581;0,500000000000000000000
21005;9338;1,000000000000000000000
21065;11120;1,000000000000000000000
21096;557;1,000000000000000000000
21154;763;0,125000000000000000000
21154;1235;0,125000000000000000000
21154;1236;0,375000000000000000000
21154;1277;0,125000000000000000000
21154;1815;0,125000000000000000000
21154;10188;0,125000000000000000000
21268;4242;1,000000000000000000000
21507;28932;1,000000000000000000000
21684;1162;1,000000000000000000000
21697;3891;0,200000000000000000000
21697;4334;0,200000000000000000000
21697;4821;0,200000000000000000000
21697;5682;0,200000000000000000000
21697;17521;0,200000000000000000000
21734;3111;1,000000000000000000000
22123;613;0,500000000000000000000
22123;8985;0,500000000000000000000
22211;1439;1,000000000000000000000
22298;1439;1,000000000000000000000
23561;288;1,000000000000000000000
23720;1370;0,500000000000000000000
23720;2237;0,500000000000000000000
23749;1442;1,000000000000000000000
23886;437;0,333333333333333333333
23886;1014;0,333333333333333333333
23886;1187;0,333333333333333333333
24076;2001;1,000000000000000000000
24113;1574;1,000000000000000000000
24460;427;1,000000000000000000000
25078;17710;1,000000000000000000000
25205;2287;1,000000000000000000000
25229;2287;0,500000000000000000000
25229;6734;0,500000000000000000000
25264;1094;1,000000000000000000000
25488;17268;1,000000000000000000000
25849;8623;1,000000000000000000000
26267;4471;0,500000000000000000000
26267;8928;0,500000000000000000000
26354;1606;1,000000000000000000000
27063;1041;0,666666666666666666666
27063;6918;0,333333333333333333333
27065;15686;1,000000000000000000000
27066;2422;1,000000000000000000000
27067;2422;1,000000000000000000000
27173;3158;1,000000000000000000000
27198;424;1,000000000000000000000
27326;8106;0,333333333333333333333
27326;239964;0,666666666666666666666
27474;2511;1,000000000000000000000
27557;853;1,000000000000000000000
27592;4587;1,000000000000000000000
27645;600;0,076923076923076923076
27645;4587;0,461538461538461538461
27645;27613;0,461538461538461538461
27674;4313;0,200000000000000000000
27674;4777;0,600000000000000000000
27674;17549;0,200000000000000000000
27700;2826;0,285714285714285714285
27700;8044;0,571428571428571428571
27700;27708;0,142857142857142857142
27708;127;1,000000000000000000000
27763;190;0,333333333333333333333
27763;5632;0,333333333333333333333
27763;5691;0,333333333333333333333
27790;977;1,000000000000000000000
27810;1771;1,000000000000000000000
27822;3575;1,000000000000000000000
27831;18398;1,000000000000000000000
27902;28;1,000000000000000000000
28029;3575;0,500000000000000000000
28029;13239;0,500000000000000000000
28034;853;1,000000000000000000000
28264;4237;1,000000000000000000000
28342;7906;1,000000000000000000000
28528;27557;1,000000000000000000000
28544;1162;1,000000000000000000000
28580;1850;1,000000000000000000000
28600;1089;1,000000000000000000000
28601;146;0,333333333333333333333
28601;4398;0,333333333333333333333
28601;4491;0,333333333333333333333
28602;2380;1,000000000000000000000
28754;1574;1,000000000000000000000
28821;1439;0,250000000000000000000
28821;1440;0,500000000000000000000
28821;38738;0,250000000000000000000
28826;611;0,055555555555555555555
28826;1976;0,055555555555555555555
28826;2009;0,166666666666666666666
28826;2396;0,055555555555555555555
28826;2847;0,055555555555555555555
28826;3222;0,055555555555555555555
28826;4098;0,055555555555555555555
28826;4927;0,055555555555555555555
28826;7802;0,055555555555555555555
28826;9088;0,055555555555555555555
28826;10020;0,055555555555555555555
28826;12442;0,055555555555555555555
28826;13416;0,055555555555555555555
28826;17267;0,055555555555555555555
28826;17634;0,055555555555555555555
28826;18396;0,055555555555555555555
28848;5624;1,000000000000000000000
28930;551;0,024096385542168674698
28930;1344;0,024096385542168674698
28930;1454;0,036144578313253012048
28930;1898;0,048192771084337349397
28930;2743;0,048192771084337349397
28930;2786;0,048192771084337349397
28930;3256;0,012048192771084337349
28930;3420;0,048192771084337349397
28930;3685;0,036144578313253012048
28930;5136;0,048192771084337349397
28930;7717;0,024096385542168674698
28930;7975;0,048192771084337349397
28930;8212;0,036144578313253012048
28930;12959;0,048192771084337349397
28930;15737;0,024096385542168674698
28930;23759;0,012048192771084337349
28930;152027;0,385542168674698795180
28930;329272;0,048192771084337349397
28932;27826;0,500000000000000000000
28932;28859;0,500000000000000000000
29028;8320;0,333333333333333333333
29028;27141;0,333333333333333333333
29028;159132;0,333333333333333333333
29061;5564;1,000000000000000000000
29081;1967;1,000000000000000000000
29082;8590;1,000000000000000000000
31885;2594;0,200000000000000000000
31885;3176;0,400000000000000000000
31885;184987;0,400000000000000000000
33843;179346;1,000000000000000000000
37812;4435;1,000000000000000000000
37814;37812;1,000000000000000000000
37815;2129;1,000000000000000000000
38738;748;1,000000000000000000000
41565;1771;0,333333333333333333333
41565;15682;0,666666666666666666666
47352;2712;1,000000000000000000000
48255;240;1,000000000000000000000
48826;5619;1,000000000000000000000
48862;747;1,000000000000000000000
49722;733;1,000000000000000000000
50332;366347;1,000000000000000000000
50905;1439;0,666666666666666666666
50905;1440;0,333333333333333333333
50959;1787;0,250000000000000000000
50959;6955;0,250000000000000000000
50959;136265;0,250000000000000000000
50959;366347;0,250000000000000000000
54879;918;1,000000000000000000000
55134;1024;1,000000000000000000000
56738;359;0,333333333333333333333
56738;366089;0,666666666666666666666
57838;911;0,375000000000000000000
57838;1286;0,125000000000000000000
57838;3142;0,125000000000000000000
57838;5437;0,125000000000000000000
57838;151009;0,250000000000000000000
59745;43;0,025000000000000000000
59745;65;0,025000000000000000000
59745;138;0,025000000000000000000
59745;194;0,025000000000000000000
59745;837;0,025000000000000000000
59745;983;0,025000000000000000000
59745;1065;0,025000000000000000000
59745;1169;0,200000000000000000000
59745;1489;0,025000000000000000000
59745;1655;0,025000000000000000000
59745;1695;0,025000000000000000000
59745;1942;0,025000000000000000000
59745;2518;0,025000000000000000000
59745;2684;0,050000000000000000000
59745;2731;0,025000000000000000000
59745;3523;0,025000000000000000000
59745;3996;0,050000000000000000000
59745;5001;0,025000000000000000000
59745;5380;0,050000000000000000000
59745;13482;0,025000000000000000000
59745;20648;0,025000000000000000000
59745;59841;0,050000000000000000000
59745;366089;0,025000000000000000000
59745;408414;0,100000000000000000000
59745;499117;0,050000000000000000000
59841;602;0,105263157894736842105
59841;695;0,105263157894736842105
59841;846;0,157894736842105263157
59841;943;0,105263157894736842105
59841;1118;0,105263157894736842105
59841;1169;0,105263157894736842105
59841;59745;0,263157894736842105263
59841;366089;0,052631578947368421052
65998;2175;0,238095238095238095238
65998;3197;0,047619047619047619047
65998;4145;0,190476190476190476190
65998;66075;0,523809523809523809523
66075;2175;0,200000000000000000000
66075;65998;0,800000000000000000000
67275;251;1,000000000000000000000
67356;3427;0,500000000000000000000
67356;67709;0,500000000000000000000
71411;748;1,000000000000000000000
73134;1024;1,000000000000000000000
75827;213;0,375000000000000000000
75827;71411;0,250000000000000000000
75827;75828;0,250000000000000000000
75827;284852;0,125000000000000000000
75828;213;0,250000000000000000000
75828;71411;0,250000000000000000000
75828;75827;0,500000000000000000000
76428;747;0,200000000000000000000
76428;748;0,200000000000000000000
76428;5523;0,200000000000000000000
76428;28517;0,200000000000000000000
76428;81648;0,200000000000000000000
83231;5856;1,000000000000000000000
84925;1967;1,000000000000000000000
90666;213;1,000000000000000000000
91818;8648;0,500000000000000000000
91818;13814;0,500000000000000000000
95154;1162;0,200000000000000000000
95154;15471;0,800000000000000000000
95328;1545;0,111111111111111111111
95328;1967;0,888888888888888888888
98068;833;0,133333333333333333333
98068;1058;0,133333333333333333333
98068;1512;0,133333333333333333333
98068;2204;0,133333333333333333333
98068;3188;0,066666666666666666666
98068;5618;0,133333333333333333333
98068;10682;0,133333333333333333333
98068;48255;0,133333333333333333333
98841;528;0,333333333333333333333
98841;529;0,333333333333333333333
98841;1118;0,333333333333333333333
99942;5523;1,000000000000000000000
105800;1094;1,000000000000000000000
112062;65;0,142857142857142857142
112062;240;0,142857142857142857142
112062;695;0,142857142857142857142
112062;749;0,142857142857142857142
112062;826;0,142857142857142857142
112062;3607;0,142857142857142857142
112062;151009;0,142857142857142857142
113392;37;0,012987012987012987012
113392;246;0,012987012987012987012
113392;271;0,012987012987012987012
113392;288;0,012987012987012987012
113392;290;0,012987012987012987012
113392;291;0,012987012987012987012
113392;294;0,012987012987012987012
113392;317;0,012987012987012987012
113392;545;0,012987012987012987012
113392;1030;0,012987012987012987012
113392;1288;0,012987012987012987012
113392;1497;0,012987012987012987012
113392;1696;0,012987012987012987012
113392;1824;0,012987012987012987012
113392;1901;0,012987012987012987012
113392;1951;0,012987012987012987012
113392;2323;0,012987012987012987012
113392;2337;0,012987012987012987012
113392;2343;0,012987012987012987012
113392;2371;0,012987012987012987012
113392;2372;0,012987012987012987012
113392;2438;0,012987012987012987012
113392;2678;0,012987012987012987012
113392;2679;0,012987012987012987012
113392;3071;0,012987012987012987012
113392;3304;0,012987012987012987012
113392;3360;0,012987012987012987012
113392;3618;0,012987012987012987012
113392;3731;0,012987012987012987012
113392;3916;0,012987012987012987012
113392;3978;0,012987012987012987012
113392;4091;0,012987012987012987012
113392;4657;0,012987012987012987012
113392;4728;0,012987012987012987012
113392;4750;0,012987012987012987012
113392;4794;0,012987012987012987012
113392;5506;0,012987012987012987012
113392;5915;0,012987012987012987012
113392;6694;0,012987012987012987012
113392;7859;0,012987012987012987012
113392;7968;0,012987012987012987012
113392;8268;0,012987012987012987012
113392;8306;0,012987012987012987012
113392;8348;0,012987012987012987012
113392;8635;0,012987012987012987012
113392;9114;0,012987012987012987012
113392;9159;0,012987012987012987012
113392;9376;0,012987012987012987012
113392;9992;0,012987012987012987012
113392;10085;0,012987012987012987012
113392;10860;0,012987012987012987012
113392;11014;0,012987012987012987012
113392;12385;0,012987012987012987012
113392;13206;0,012987012987012987012
113392;14652;0,012987012987012987012
113392;15867;0,012987012987012987012
113392;17677;0,012987012987012987012
113392;17773;0,012987012987012987012
113392;17789;0,012987012987012987012
113392;23561;0,012987012987012987012
113392;23562;0,012987012987012987012
113392;23563;0,012987012987012987012
113392;23564;0,012987012987012987012
113392;26101;0,012987012987012987012
113392;27527;0,012987012987012987012
113392;27531;0,012987012987012987012
113392;27535;0,012987012987012987012
113392;27537;0,012987012987012987012
113392;27539;0,012987012987012987012
113392;76695;0,012987012987012987012
113392;119483;0,012987012987012987012
113392;135123;0,012987012987012987012
113392;331627;0,012987012987012987012
113392;365535;0,012987012987012987012
113392;365536;0,012987012987012987012
113392;393418;0,012987012987012987012
113392;455165;0,012987012987012987012
114536;3427;1,000000000000000000000
115105;992;0,222222222222222222222
115105;1236;0,111111111111111111111
115105;1931;0,222222222222222222222
115105;2684;0,333333333333333333333
115105;21154;0,111111111111111111111
116140;517;0,115384615384615384615
116140;632;0,307692307692307692307
116140;1024;0,038461538461538461538
116140;1117;0,153846153846153846153
116140;3212;0,038461538461538461538
116140;3395;0,076923076923076923076
116140;8253;0,153846153846153846153
116140;17678;0,038461538461538461538
116140;125861;0,076923076923076923076
116409;38738;1,000000000000000000000
119973;519;0,250000000000000000000
119973;2494;0,250000000000000000000
119973;2594;0,250000000000000000000
119973;17260;0,250000000000000000000
122436;4425;1,000000000000000000000
125861;283;1,000000000000000000000
131383;568;0,500000000000000000000
131383;189452;0,500000000000000000000
135123;2678;1,000000000000000000000
135596;22;1,000000000000000000000
136265;366347;1,000000000000000000000
136664;3362;0,125000000000000000000
136664;4933;0,250000000000000000000
136664;237945;0,625000000000000000000
137801;615;0,153846153846153846153
137801;860;0,153846153846153846153
137801;933;0,153846153846153846153
137801;941;0,153846153846153846153
137801;2293;0,076923076923076923076
137801;8871;0,153846153846153846153
137801;281170;0,153846153846153846153
139869;689;0,500000000000000000000
139869;3449;0,500000000000000000000
140014;149;0,083333333333333333333
140014;322;0,083333333333333333333
140014;992;0,083333333333333333333
140014;1221;0,083333333333333333333
140014;1263;0,083333333333333333333
140014;3431;0,083333333333333333333
140014;7866;0,083333333333333333333
140014;10595;0,083333333333333333333
140014;10606;0,083333333333333333333
140014;28213;0,083333333333333333333
140014;28650;0,083333333333333333333
140014;28833;0,083333333333333333333
140271;295;0,166666666666666666666
140271;3123;0,166666666666666666666
140271;3359;0,166666666666666666666
140271;3450;0,166666666666666666666
140271;5679;0,166666666666666666666
140271;6513;0,166666666666666666666
144425;283;0,200000000000000000000
144425;615;0,200000000000000000000
144425;2269;0,200000000000000000000
144425;4098;0,200000000000000000000
144425;4667;0,200000000000000000000
146462;332;1,000000000000000000000
151009;90;0,111111111111111111111
151009;3991;0,111111111111111111111
151009;4232;0,111111111111111111111
151009;5437;0,111111111111111111111
151009;5629;0,111111111111111111111
151009;9382;0,111111111111111111111
151009;9393;0,111111111111111111111
151009;9411;0,111111111111111111111
151009;57838;0,111111111111111111111
151929;3991;0,333333333333333333333
151929;9686;0,333333333333333333333
151929;57838;0,333333333333333333333
157662;2863;0,500000000000000000000
157662;7080;0,500000000000000000000
160268;1182;0,500000000000000000000
160268;4225;0,500000000000000000000
163510;2853;1,000000000000000000000
173893;4039;1,000000000000000000000
179346;20843;0,500000000000000000000
179346;33843;0,500000000000000000000
184646;423;0,200000000000000000000
184646;1316;0,200000000000000000000
184646;2561;0,400000000000000000000
184646;12817;0,200000000000000000000
189452;978;0,111111111111111111111
189452;1171;0,333333333333333333333
189452;2275;0,111111111111111111111
189452;2435;0,111111111111111111111
189452;2512;0,111111111111111111111
189452;12563;0,111111111111111111111
189452;131383;0,111111111111111111111
190971;846;1,000000000000000000000
191488;89703;1,000000000000000000000
192866;744;0,029411764705882352941
192866;845;0,323529411764705882352
192866;846;0,264705882352941176470
192866;1437;0,382352941176470588235
216172;2515;1,000000000000000000000
219132;274;1,000000000000000000000
219255;1744;1,000000000000000000000
229072;140175;1,000000000000000000000
237945;2487;0,333333333333333333333
237945;136664;0,666666666666666666666
238453;796;0,500000000000000000000
238453;239969;0,500000000000000000000
239964;3182;0,166666666666666666666
239964;3265;0,500000000000000000000
239964;27326;0,333333333333333333333
239967;196;0,500000000000000000000
239967;2512;0,500000000000000000000
239968;5597;1,000000000000000000000
239969;507;0,125000000000000000000
239969;4293;0,125000000000000000000
239969;7914;0,125000000000000000000
239969;239963;0,625000000000000000000
245879;11;0,034482758620689655172
245879;96;0,034482758620689655172
245879;249;0,068965517241379310344
245879;283;0,034482758620689655172
245879;615;0,034482758620689655172
245879;749;0,034482758620689655172
245879;1142;0,034482758620689655172
245879;1316;0,034482758620689655172
245879;1342;0,068965517241379310344
245879;1898;0,103448275862068965517
245879;2139;0,034482758620689655172
245879;4080;0,034482758620689655172
245879;4313;0,034482758620689655172
245879;4359;0,034482758620689655172
245879;4507;0,034482758620689655172
245879;4747;0,068965517241379310344
245879;4777;0,034482758620689655172
245879;12391;0,068965517241379310344
245879;12396;0,034482758620689655172
245879;13646;0,034482758620689655172
245879;163510;0,034482758620689655172
245879;329272;0,068965517241379310344
248141;621;1,000000000000000000000
248831;240;0,500000000000000000000
248831;248834;0,500000000000000000000
248834;3585;0,500000000000000000000
248834;7699;0,500000000000000000000
248835;943;0,500000000000000000000
248835;3738;0,500000000000000000000
248836;1527;0,061224489795918367346
248836;2605;0,061224489795918367346
248836;3355;0,061224489795918367346
248836;4307;0,061224489795918367346
248836;4625;0,061224489795918367346
248836;13372;0,061224489795918367346
248836;44336;0,061224489795918367346
248836;248834;0,061224489795918367346
248836;248837;0,061224489795918367346
248836;256951;0,081632653061224489795
248836;276780;0,061224489795918367346
248836;276963;0,061224489795918367346
248836;318787;0,061224489795918367346
248836;353446;0,061224489795918367346
248836;388810;0,061224489795918367346
248836;418454;0,061224489795918367346
248837;248836;1,000000000000000000000
248838;943;1,000000000000000000000
248841;66;1,000000000000000000000
251573;277;0,250000000000000000000
251573;6203;0,250000000000000000000
251573;245879;0,250000000000000000000
251573;283633;0,250000000000000000000
253384;8489;1,000000000000000000000
256804;2509;1,000000000000000000000
256951;248836;1,000000000000000000000
257158;1754;0,500000000000000000000
257158;28467;0,500000000000000000000
259341;396;1,000000000000000000000
259342;1771;1,000000000000000000000
276695;615;1,000000000000000000000
276780;817;0,200000000000000000000
276780;1606;0,200000000000000000000
276780;2594;0,600000000000000000000
276963;4681;0,500000000000000000000
276963;248836;0,500000000000000000000
278351;8863;0,083333333333333333333
278351;9572;0,083333333333333333333
278351;48862;0,083333333333333333333
278351;81163;0,083333333333333333333
278351;219132;0,083333333333333333333
278351;255463;0,083333333333333333333
278351;256951;0,083333333333333333333
278351;259340;0,083333333333333333333
278351;283636;0,083333333333333333333
278351;329359;0,166666666666666666666
278351;409930;0,083333333333333333333
281067;3872;0,500000000000000000000
281067;4187;0,250000000000000000000
281067;7748;0,250000000000000000000
281170;274;0,300000000000000000000
281170;283;0,100000000000000000000
281170;933;0,100000000000000000000
281170;941;0,100000000000000000000
281170;2421;0,100000000000000000000
281170;3045;0,100000000000000000000
281170;8871;0,100000000000000000000
281170;137801;0,100000000000000000000
282773;282;1,000000000000000000000
282900;1301;1,000000000000000000000
283281;904;0,333333333333333333333
283281;324897;0,666666666666666666666
283638;85;0,041666666666666666666
283638;1160;0,041666666666666666666
283638;1250;0,125000000000000000000
283638;1889;0,083333333333333333333
283638;3158;0,041666666666666666666
283638;3636;0,041666666666666666666
283638;3656;0,041666666666666666666
283638;3857;0,041666666666666666666
283638;4513;0,041666666666666666666
283638;5289;0,041666666666666666666
283638;5383;0,083333333333333333333
283638;5578;0,041666666666666666666
283638;5856;0,041666666666666666666
283638;5861;0,041666666666666666666
283638;6503;0,041666666666666666666
283638;6535;0,041666666666666666666
283638;7774;0,041666666666666666666
283638;327099;0,041666666666666666666
283638;328526;0,041666666666666666666
283638;365536;0,041666666666666666666
284852;75827;1,000000000000000000000
287409;1771;0,200000000000000000000
287409;333184;0,200000000000000000000
287409;355594;0,400000000000000000000
287409;369262;0,200000000000000000000
309580;2150;1,000000000000000000000
318787;248836;1,000000000000000000000
321112;3045;1,000000000000000000000
321395;80;1,000000000000000000000
324897;1910;0,285714285714285714285
324897;283281;0,285714285714285714285
324897;327099;0,142857142857142857142
324897;367121;0,285714285714285714285
326192;4372;1,000000000000000000000
326597;5564;1,000000000000000000000
327099;904;1,000000000000000000000
327858;2150;1,000000000000000000000
327859;18258;1,000000000000000000000
329359;453;0,071428571428571428571
329359;1771;0,071428571428571428571
329359;8863;0,071428571428571428571
329359;9572;0,071428571428571428571
329359;48862;0,071428571428571428571
329359;81163;0,071428571428571428571
329359;219132;0,071428571428571428571
329359;255463;0,071428571428571428571
329359;256951;0,071428571428571428571
329359;259340;0,071428571428571428571
329359;278351;0,142857142857142857142
329359;283636;0,071428571428571428571
329359;409930;0,071428571428571428571
333184;689;1,000000000000000000000
333343;524;0,200000000000000000000
333343;3141;0,400000000000000000000
333343;3145;0,200000000000000000000
333343;6514;0,200000000000000000000
334818;9424;1,000000000000000000000
335189;343358;1,000000000000000000000
336640;222;0,500000000000000000000
336640;1637;0,500000000000000000000
343074;3103;1,000000000000000000000
343358;115;0,500000000000000000000
343358;335189;0,500000000000000000000
343424;3401;0,100000000000000000000
343424;3793;0,100000000000000000000
343424;24536;0,100000000000000000000
343424;248838;0,100000000000000000000
343424;276505;0,100000000000000000000
343424;284854;0,100000000000000000000
343424;326192;0,100000000000000000000
343424;328526;0,100000000000000000000
343424;352262;0,100000000000000000000
343424;367121;0,100000000000000000000
352262;1066;0,500000000000000000000
352262;2421;0,500000000000000000000
353446;248836;1,000000000000000000000
353698;904;1,000000000000000000000
355594;2150;0,285714285714285714285
355594;287409;0,428571428571428571428
355594;402245;0,285714285714285714285
359918;1695;1,000000000000000000000
365531;609;1,000000000000000000000
365536;365531;1,000000000000000000000
366089;71;0,090909090909090909090
366089;983;0,272727272727272727272
366089;1169;0,363636363636363636363
366089;3523;0,181818181818181818181
366089;59745;0,090909090909090909090
366867;521;0,333333333333333333333
366867;3800;0,333333333333333333333
366867;9391;0,333333333333333333333
367121;904;1,000000000000000000000
368482;329223;1,000000000000000000000
373924;6151;1,000000000000000000000
374078;3590;1,000000000000000000000
375658;530;1,000000000000000000000
377520;2422;1,000000000000000000000
380454;4384;0,333333333333333333333
380454;494193;0,666666666666666666666
382779;1121;1,000000000000000000000
383067;15222;1,000000000000000000000
383630;8818;1,000000000000000000000
385198;12936;1,000000000000000000000
386794;1406;1,000000000000000000000
387438;2422;1,000000000000000000000
388810;700;1,000000000000000000000
393418;37;0,250000000000000000000
393418;148;0,159090909090909090909
393418;296;0,045454545454545454545
393418;891;0,068181818181818181818
393418;1940;0,022727272727272727272
393418;2678;0,022727272727272727272
393418;4657;0,045454545454545454545
393418;5470;0,022727272727272727272
393418;5800;0,022727272727272727272
393418;6461;0,045454545454545454545
393418;7215;0,045454545454545454545
393418;7648;0,022727272727272727272
393418;7748;0,022727272727272727272
393418;7968;0,068181818181818181818
393418;8306;0,022727272727272727272
393418;8636;0,022727272727272727272
393418;113392;0,045454545454545454545
393418;366089;0,045454545454545454545
398786;135;0,230769230769230769230
398786;829;0,076923076923076923076
398786;1446;0,076923076923076923076
398786;1447;0,153846153846153846153
398786;1689;0,076923076923076923076
398786;4219;0,384615384615384615384
402245;355594;1,000000000000000000000
408414;43;0,055555555555555555555
408414;138;0,055555555555555555555
408414;1169;0,055555555555555555555
408414;4004;0,055555555555555555555
408414;8156;0,055555555555555555555
408414;59745;0,444444444444444444444
408414;366089;0,055555555555555555555
408414;499117;0,222222222222222222222
415767;5148;1,000000000000000000000
427048;8976;1,000000000000000000000
434991;219;0,020618556701030927835
434991;324;0,020618556701030927835
434991;349;0,020618556701030927835
434991;351;0,020618556701030927835
434991;502;0,020618556701030927835
434991;538;0,020618556701030927835
434991;817;0,020618556701030927835
434991;869;0,020618556701030927835
434991;918;0,030927835051546391752
434991;1131;0,020618556701030927835
434991;1248;0,020618556701030927835
434991;1510;0,020618556701030927835
434991;1521;0,020618556701030927835
434991;1765;0,020618556701030927835
434991;1850;0,020618556701030927835
434991;1893;0,020618556701030927835
434991;1894;0,020618556701030927835
434991;2516;0,020618556701030927835
434991;2517;0,020618556701030927835
434991;2518;0,020618556701030927835
434991;2592;0,020618556701030927835
434991;2594;0,020618556701030927835
434991;2664;0,020618556701030927835
434991;3053;0,020618556701030927835
434991;3223;0,020618556701030927835
434991;3362;0,020618556701030927835
434991;3408;0,020618556701030927835
434991;3443;0,020618556701030927835
434991;3515;0,020618556701030927835
434991;3625;0,020618556701030927835
434991;3671;0,020618556701030927835
434991;4278;0,020618556701030927835
434991;5360;0,020618556701030927835
434991;7565;0,020618556701030927835
434991;10435;0,020618556701030927835
434991;10602;0,020618556701030927835
434991;10633;0,020618556701030927835
434991;10926;0,020618556701030927835
434991;12333;0,030927835051546391752
434991;12534;0,020618556701030927835
434991;17207;0,020618556701030927835
434991;17208;0,020618556701030927835
434991;17209;0,020618556701030927835
434991;17276;0,020618556701030927835
434991;28580;0,020618556701030927835
434991;54879;0,030927835051546391752
434991;276780;0,020618556701030927835
440509;349;0,142857142857142857142
440509;1340;0,285714285714285714285
440509;1521;0,142857142857142857142
440509;2547;0,285714285714285714285
440509;434991;0,142857142857142857142
442813;266;0,500000000000000000000
442813;4885;0,500000000000000000000
461615;7748;1,000000000000000000000
468947;1092;1,000000000000000000000
471750;266;1,000000000000000000000
474028;12;0,142857142857142857142
474028;517;0,285714285714285714285
474028;982;0,142857142857142857142
474028;1262;0,142857142857142857142
474028;3395;0,285714285714285714285
488062;2004;1,000000000000000000000
494193;4384;0,526315789473684210526
494193;380454;0,473684210526315789473
499117;59745;0,166666666666666666666
499117;408414;0,833333333333333333333
